row_id,label,scaled_logit,polynomial_score,plaintext_decision,materialization_schema,source_data_sha256,source_model_sha256,source_feature_space,preprocessing_method,x_0,x_1,x_2,x_3,x_4,x_5,x_6,x_7,x_8,x_9,x_10,x_11,x_12,x_13,x_14,x_15
3,1,0.13543522179635858,0.52667080170368885,true,flipguard_tabular_validation_v2,sha256:dd422160bdac66e0421fd85c945656bfc9bcb2ac1d0dbe59f4c819fa46dfbe2c,sha256:afd5351d9b781a1fad2db90dc7bca0052521a41efd7694c0ade20974824dcb4e,model_input,identity_model_input_v1,-0.168445281626,-0.10294892002599999,0.23921104776800001,-0.381671547931,-0.39750401667099999,2.0601109565570002,1.4441986286970001,0.97499047267399996,-0.458476850524,1.127270963572,1.2409343487060001,-0.51093057202299996,-0.23359421067,2.1997610687629998,0.92767738849799997,-0.249781977539
6,0,-0.23739320266513808,0.45328705275652303,false,flipguard_tabular_validation_v2,sha256:dd422160bdac66e0421fd85c945656bfc9bcb2ac1d0dbe59f4c819fa46dfbe2c,sha256:afd5351d9b781a1fad2db90dc7bca0052521a41efd7694c0ade20974824dcb4e,model_input,identity_model_input_v1,-0.168445281626,-0.058226836889000003,-1.163779491778,-0.381671547931,-0.33829340852099998,-0.24511813893199999,-0.65893067480099998,-0.59421189454699996,-0.487975475682,-1.405797588362,-0.79230739903199998,-0.51093057202299996,-0.34888549929599999,-0.69270350359699995,0.48351869286299998,-0.249781977539
11,0,-0.16824209575390958,0.46687535577762174,false,flipguard_tabular_validation_v2,sha256:dd422160bdac66e0421fd85c945656bfc9bcb2ac1d0dbe59f4c819fa46dfbe2c,sha256:afd5351d9b781a1fad2db90dc7bca0052521a41efd7694c0ade20974824dcb4e,model_input,identity_model_input_v1,-0.035361706729999998,1.2045143340419999,-0.48201740388999997,-0.381671547931,-0.39750401667099999,-0.27791333649599997,0.67249379305900003,-0.59421189454699996,-0.487975475682,-0.55948816800300005,0.164790133709,-0.46193450046099999,0.43846964254100002,0.95976626097600004,1.175733068597,-0.249781977539
17,0,-0.34719357587534033,0.4317702730999497,false,flipguard_tabular_validation_v2,sha256:dd422160bdac66e0421fd85c945656bfc9bcb2ac1d0dbe59f4c819fa46dfbe2c,sha256:afd5351d9b781a1fad2db90dc7bca0052521a41efd7694c0ade20974824dcb4e,model_input,identity_model_input_v1,-0.168445281626,-0.73870402344700004,-1.1661010425880001,-0.381671547931,4.3089391879379999,0.016787952730999998,0.41820991796399998,-0.54608242379299998,-0.487975475682,-1.6925047856640001,-0.17345361428799999,-0.51093057202299996,-0.34888549929599999,-1.3814467336209999,1.567207371998,-0.249781977539
18,0,-0.18316184854347586,0.46394169488422676,false,flipguard_tabular_validation_v2,sha256:dd422160bdac66e0421fd85c945656bfc9bcb2ac1d0dbe59f4c819fa46dfbe2c,sha256:afd5351d9b781a1fad2db90dc7bca0052521a41efd7694c0ade20974824dcb4e,model_input,identity_model_input_v1,-0.168445281626,-0.66679792899099999,-0.71339863462599995,0.77232288215,-0.39750401667099999,-1.543716864724,0.50182357128300004,0.797910344429,-0.465851506814,0.060803899736999997,-2.2392914774060002,-0.51093057202299996,1.419851587188,0.68992283130300003,-1.2104308629760001,-0.249781977539
19,1,0.34791470225072657,0.56837074350379579,true,flipguard_tabular_validation_v2,sha256:dd422160bdac66e0421fd85c945656bfc9bcb2ac1d0dbe59f4c819fa46dfbe2c,sha256:afd5351d9b781a1fad2db90dc7bca0052521a41efd7694c0ade20974824dcb4e,model_input,identity_model_input_v1,-0.168445281626,-0.36163547934899998,1.680894100815,-0.381671547931,-0.39750401667099999,-0.020106644529,-2.0764280210780002,-0.59421189454699996,-0.487975475682,0.67816611290700002,0.38398719944999998,-0.145771170758,-0.34888549929599999,-0.19156570563100001,-0.29723473093000002,-0.249781977539
21,0,-0.30443216591839289,0.440139721120273,false,flipguard_tabular_validation_v2,sha256:dd422160bdac66e0421fd85c945656bfc9bcb2ac1d0dbe59f4c819fa46dfbe2c,sha256:afd5351d9b781a1fad2db90dc7bca0052521a41efd7694c0ade20974824dcb4e,model_input,identity_model_input_v1,-0.168445281626,-0.73870402344700004,-0.75286499839700005,-0.381671547931,-0.39750401667099999,-0.77029678882300001,0.85988674549900002,-0.59421189454699996,-0.487975475682,-0.97259766251099999,-1.0894516972029999,-0.51093057202299996,-0.34888549929599999,0.41044213628300003,-1.2104308629760001,-0.249781977539
23,0,0.0046506821446349583,0.5009161839801376,true,flipguard_tabular_validation_v2,sha256:dd422160bdac66e0421fd85c945656bfc9bcb2ac1d0dbe59f4c819fa46dfbe2c,sha256:afd5351d9b781a1fad2db90dc7bca0052521a41efd7694c0ade20974824dcb4e,model_input,identity_model_input_v1,-0.168445281626,-0.73870402344700004,-1.1661010425880001,-0.381671547931,0.152994610457,1.1372905361929999,2.2941068224399999,2.0165848680459999,0.58380790505400004,0.95482809453799999,0.69955538892299995,-0.48412140079100002,-0.34888549929599999,2.3398226584500001,-0.70041667704999999,-0.249781977539
25,0,-0.055864209679485924,0.48899544805946088,false,flipguard_tabular_validation_v2,sha256:dd422160bdac66e0421fd85c945656bfc9bcb2ac1d0dbe59f4c819fa46dfbe2c,sha256:afd5351d9b781a1fad2db90dc7bca0052521a41efd7694c0ade20974824dcb4e,model_input,identity_model_input_v1,-0.168445281626,-0.73870402344700004,-1.1661010425880001,-0.381671547931,3.8752614904030001,0.492773806275,0.63363803651700001,-0.56152017856299996,0.29250898162,-0.013698116496,0.82143651599400003,-0.51093057202299996,-0.34888549929599999,-1.3814467336209999,1.8672157166609999,-0.249781977539
26,0,-0.34309236143035715,0.43257234965609392,false,flipguard_tabular_validation_v2,sha256:dd422160bdac66e0421fd85c945656bfc9bcb2ac1d0dbe59f4c819fa46dfbe2c,sha256:afd5351d9b781a1fad2db90dc7bca0052521a41efd7694c0ade20974824dcb4e,model_input,identity_model_input_v1,-0.168445281626,-0.73870402344700004,-1.1661010425880001,-0.381671547931,-0.39750401667099999,1.5331103512449999,0.99219305575200001,0.459187842708,-0.487975475682,-1.5250845244660001,0.072198269731999998,-0.51093057202299996,-0.34888549929599999,1.084408226111,-0.72017332413699997,-0.249781977539
33,1,0.37797707736948555,0.57424548293473099,true,flipguard_tabular_validation_v2,sha256:dd422160bdac66e0421fd85c945656bfc9bcb2ac1d0dbe59f4c819fa46dfbe2c,sha256:afd5351d9b781a1fad2db90dc7bca0052521a41efd7694c0ade20974824dcb4e,model_input,identity_model_input_v1,-0.168445281626,-0.17397811089099999,0.61994538061799997,-0.11668023435700001,-0.17826473784399999,2.3270274256249999,1.802261802913,1.865839733232,1.4921197380410001,2.1510458608010001,0.90741467540200005,0.90903104909900001,0.075723880766000007,2.6128785099059999,0.73450128364199996,-0.249781977539
34,0,-0.16011024270316387,0.46847470007737513,false,flipguard_tabular_validation_v2,sha256:dd422160bdac66e0421fd85c945656bfc9bcb2ac1d0dbe59f4c819fa46dfbe2c,sha256:afd5351d9b781a1fad2db90dc7bca0052521a41efd7694c0ade20974824dcb4e,model_input,identity_model_input_v1,-0.168445281626,-0.73870402344700004,-1.1661010425880001,-0.381671547931,0.62347890224799996,0.33153075158200002,0.35869667060100002,-0.59421189454699996,-0.48060081939299998,-0.56158092126799997,0.161955688894,-0.51093057202299996,-0.34888549929599999,-1.3814467336209999,0.82816242538999996,-0.249781977539
35,1,0.2611160235163838,0.55136864342290459,true,flipguard_tabular_validation_v2,sha256:dd422160bdac66e0421fd85c945656bfc9bcb2ac1d0dbe59f4c819fa46dfbe2c,sha256:afd5351d9b781a1fad2db90dc7bca0052521a41efd7694c0ade20974824dcb4e,model_input,identity_model_input_v1,-0.168445281626,-0.73870402344700004,-1.1661010425880001,1.4675689091619999,-0.26628050671600001,0.49687320597099999,-2.0946262868000001,2.5160416400200001,1.602739582383,0.30774878500500003,0.58381555895199999,-0.45453886701700003,-0.34888549929599999,-1.3814467336209999,0.57059428558199998,-0.249781977539
36,1,-0.035917407307078889,0.49292445610296853,false,flipguard_tabular_validation_v2,sha256:dd422160bdac66e0421fd85c945656bfc9bcb2ac1d0dbe59f4c819fa46dfbe2c,sha256:afd5351d9b781a1fad2db90dc7bca0052521a41efd7694c0ade20974824dcb4e,model_input,identity_model_input_v1,-0.168445281626,-0.73870402344700004,-0.68244462382600002,-0.381671547931,-0.35109570217500002,-0.82131154059,-1.195041746085,-0.59421189454699996,-0.45233130361599999,-0.49335716482999997,-0.49658032326899998,-0.51093057202299996,-0.34888549929599999,-1.3814467336209999,-0.33747975277499997,-0.249781977539
37,1,-0.077416070890969552,0.48475088992933713,false,flipguard_tabular_validation_v2,sha256:dd422160bdac66e0421fd85c945656bfc9bcb2ac1d0dbe59f4c819fa46dfbe2c,sha256:afd5351d9b781a1fad2db90dc7bca0052521a41efd7694c0ade20974824dcb4e,model_input,identity_model_input_v1,-0.168445281626,-0.55455426935200003,-0.054078204570000003,-0.381671547931,-0.39750401667099999,-0.712449704229,-1.246193628116,-0.59421189454699996,-0.487975475682,-0.77964581147900003,-1.3176245048599999,-0.51093057202299996,-0.34888549929599999,-0.23910954800299999,-0.23576960665800001,-0.249781977539
38,1,0.47329289165595456,0.59281461756091647,true,flipguard_tabular_validation_v2,sha256:dd422160bdac66e0421fd85c945656bfc9bcb2ac1d0dbe59f4c819fa46dfbe2c,sha256:afd5351d9b781a1fad2db90dc7bca0052521a41efd7694c0ade20974824dcb4e,model_input,identity_model_input_v1,-0.168445281626,1.4772313508199999,0.53172644983499995,-0.381671547931,-0.28228337378399998,1.0147640341799999,-1.5614662856329999,2.0883250225659999,0.50268668586999998,0.917995637074,-0.48099087678300001,2.5397682233559999,-0.34888549929599999,0.150878456312,-0.23869651733700001,-0.249781977539
39,1,0.44221082523031424,0.58676963453066244,true,flipguard_tabular_validation_v2,sha256:dd422160bdac66e0421fd85c945656bfc9bcb2ac1d0dbe59f4c819fa46dfbe2c,sha256:afd5351d9b781a1fad2db90dc7bca0052521a41efd7694c0ade20974824dcb4e,model_input,identity_model_input_v1,-0.168445281626,-0.57910756989800005,2.135918059587,2.7725798942909998,-0.31268882121300001,1.603255634925,1.8381664893380001,3.6130303319200001,4.6288068798299999,2.2874933736780001,1.9301768463710001,-0.061645840340000001,1.973812169124,1.5951832894219999,-0.85407948773099995,-0.249781977539
42,1,-0.043735869760740301,0.49138436829362253,false,flipguard_tabular_validation_v2,sha256:dd422160bdac66e0421fd85c945656bfc9bcb2ac1d0dbe59f4c819fa46dfbe2c,sha256:afd5351d9b781a1fad2db90dc7bca0052521a41efd7694c0ade20974824dcb4e,model_input,identity_model_input_v1,-0.168445281626,-0.53350858317000005,-0.57642713683299995,0.35916438249100002,-0.39750401667099999,0.30738984226299998,0.097035120212000003,-0.46253692739000002,-0.487975475682,0.010577821378,0.39012849655100001,-0.51093057202299996,-0.34888549929599999,-0.186425830781,-0.36089503821199997,-0.249781977539
45,0,-0.34298133336160447,0.43259406540386197,false,flipguard_tabular_validation_v2,sha256:dd422160bdac66e0421fd85c945656bfc9bcb2ac1d0dbe59f4c819fa46dfbe2c,sha256:afd5351d9b781a1fad2db90dc7bca0052521a41efd7694c0ade20974824dcb4e,model_input,identity_model_input_v1,2.6193053925240002,-0.35812786498499999,-1.1661010425880001,-0.381671547931,0.43624535755600002,0.156167542381,0.56281235370500005,-0.59421189454699996,-0.487975475682,-1.4032862844439999,0.32446385832199998,-0.51093057202299996,-0.34888549929599999,0.143811128392,-0.17137757170599999,-0.249781977539
47,1,0.037431534659376806,0.50737380254364173,true,flipguard_tabular_validation_v2,sha256:dd422160bdac66e0421fd85c945656bfc9bcb2ac1d0dbe59f4c819fa46dfbe2c,sha256:afd5351d9b781a1fad2db90dc7bca0052521a41efd7694c0ade20974824dcb4e,model_input,identity_model_input_v1,-0.168445281626,-0.73870402344700004,1.202654633943,-0.381671547931,-0.39750401667099999,-0.23327542870000001,1.456494754185,-0.59421189454699996,-0.40931247526100001,0.81670637904900001,0.24604421842400001,-0.51093057202299996,-0.16891860973299999,1.6497944597130001,-0.69748976637000004,-0.249781977539
49,0,-0.055238582385898988,0.48911867346814103,false,flipguard_tabular_validation_v2,sha256:dd422160bdac66e0421fd85c945656bfc9bcb2ac1d0dbe59f4c819fa46dfbe2c,sha256:afd5351d9b781a1fad2db90dc7bca0052521a41efd7694c0ade20974824dcb4e,model_input,identity_model_input_v1,-0.168445281626,-0.35462025062199998,0.53714340172599995,-0.381671547931,-0.39750401667099999,-0.46739670020399998,2.6123305500740002,0.054173805797999998,2.5688195563040002,0.50823454779099997,1.354312141331,-0.45731222955900003,2.6627479182310001,0.139956222253,-0.80724891685599998,-0.249781977539
51,1,0.16060507842212451,0.53162262986523101,true,flipguard_tabular_validation_v2,sha256:dd422160bdac66e0421fd85c945656bfc9bcb2ac1d0dbe59f4c819fa46dfbe2c,sha256:afd5351d9b781a1fad2db90dc7bca0052521a41efd7694c0ade20974824dcb4e,model_input,identity_model_input_v1,-0.168445281626,-0.68872051876399998,-0.97031692427299998,0.62415569606499999,-0.39750401667099999,0.53331231437600002,-0.16610196523500001,2.2708537701420002,-0.487975475682,1.004635622244,0.37359423512599998,-0.51093057202299996,-0.34888549929599999,1.6427271317929999,-1.2104308629760001,-0.249781977539
53,0,-0.29117379064921506,0.44273750863278671,false,flipguard_tabular_validation_v2,sha256:dd422160bdac66e0421fd85c945656bfc9bcb2ac1d0dbe59f4c819fa46dfbe2c,sha256:afd5351d9b781a1fad2db90dc7bca0052521a41efd7694c0ade20974824dcb4e,model_input,identity_model_input_v1,-0.168445281626,-0.73870402344700004,-1.1661010425880001,-0.381671547931,0.96594025749599999,0.47455425207200003,0.64544231698499999,-0.59421189454699996,0.94639517261999995,-1.4593720719450001,-0.18101213379600001,-0.51093057202299996,-0.34888549929599999,-1.3814467336209999,1.63452631763,-0.249781977539
54,1,0.33422272093811567,0.56569253885966553,true,flipguard_tabular_validation_v2,sha256:dd422160bdac66e0421fd85c945656bfc9bcb2ac1d0dbe59f4c819fa46dfbe2c,sha256:afd5351d9b781a1fad2db90dc7bca0052521a41efd7694c0ade20974824dcb4e,model_input,identity_model_input_v1,-0.168445281626,-0.46774081385100003,1.512194741951,-0.33893101348400001,-0.39750401667099999,0.266395845307,-1.085360306731,1.678770469547,-0.39333405330100002,0.66393539070499996,-0.018503964368,0.74725156752599997,-0.32638963810100002,1.167288708082,-0.19040249112300001,-0.249781977539
56,0,-0.14362435754905117,0.47171785227059587,false,flipguard_tabular_validation_v2,sha256:dd422160bdac66e0421fd85c945656bfc9bcb2ac1d0dbe59f4c819fa46dfbe2c,sha256:afd5351d9b781a1fad2db90dc7bca0052521a41efd7694c0ade20974824dcb4e,model_input,identity_model_input_v1,-0.168445281626,0.59331253116799998,-1.1405639836770001,-0.381671547931,-0.39750401667099999,-0.373110507205,-1.3991574291890001,-0.59421189454699996,-0.487975475682,-1.354734408696,-0.161643427556,-0.51093057202299996,-0.34888549929599999,-1.3814467336209999,1.046217271023,-0.249781977539
62,0,-0.072440870535788238,0.48573066909039969,false,flipguard_tabular_validation_v2,sha256:dd422160bdac66e0421fd85c945656bfc9bcb2ac1d0dbe59f4c819fa46dfbe2c,sha256:afd5351d9b781a1fad2db90dc7bca0052521a41efd7694c0ade20974824dcb4e,model_input,identity_model_input_v1,-0.168445281626,-0.73870402344700004,-0.082710664559999994,-0.381671547931,-0.39750401667099999,-1.4895136909719999,0.52739951229899995,-0.59421189454699996,-0.487975475682,0.30858588631099998,-1.4550950784179999,-0.51093057202299996,-0.34888549929599999,-0.0078151797110000004,-1.2104308629760001,-0.249781977539
63,1,0.29998293695344375,0.5589886570068705,true,flipguard_tabular_validation_v2,sha256:dd422160bdac66e0421fd85c945656bfc9bcb2ac1d0dbe59f4c819fa46dfbe2c,sha256:afd5351d9b781a1fad2db90dc7bca0052521a41efd7694c0ade20974824dcb4e,model_input,identity_model_input_v1,-0.168445281626,-0.73870402344700004,-0.22432526397399999,-0.071090330945999994,-0.39750401667099999,-1.7291008287359999,0.52346475214199994,1.7123702887529999,4.3792976753690001,1.3721230955749999,0.50492351158399995,-0.28906156872299998,0.413161798696,-1.3377577973879999,-1.2104308629760001,-0.249781977539
64,1,0.33995599804491583,0.56681417664646117,true,flipguard_tabular_validation_v2,sha256:dd422160bdac66e0421fd85c945656bfc9bcb2ac1d0dbe59f4c819fa46dfbe2c,sha256:afd5351d9b781a1fad2db90dc7bca0052521a41efd7694c0ade20974824dcb4e,model_input,identity_model_input_v1,-0.168445281626,-0.43880299535,0.51315404335500003,-0.381671547931,-0.39750401667099999,-0.395884949958,-2.1295472831870002,-0.028463587382999998,-0.487975475682,0.71248726645299998,0.82946744297200004,0.022479490078,-0.34888549929599999,-1.3814467336209999,-1.2104308629760001,-0.249781977539
68,1,0.17776856277682671,0.53499793573895726,true,flipguard_tabular_validation_v2,sha256:dd422160bdac66e0421fd85c945656bfc9bcb2ac1d0dbe59f4c819fa46dfbe2c,sha256:afd5351d9b781a1fad2db90dc7bca0052521a41efd7694c0ade20974824dcb4e,model_input,identity_model_input_v1,-0.168445281626,0.152230024933,-1.0028186356140001,-0.381671547931,0.47785281193200002,1.155965579251,-0.017564769337000002,0.075060179899000004,1.7330251768310001,0.49944498407799998,1.0826778465010001,0.38209216626100001,-0.34888549929599999,-1.3814467336209999,1.0220702579159999,-0.249781977539
69,1,-0.080035428940633827,0.48423507122084297,false,flipguard_tabular_validation_v2,sha256:dd422160bdac66e0421fd85c945656bfc9bcb2ac1d0dbe59f4c819fa46dfbe2c,sha256:afd5351d9b781a1fad2db90dc7bca0052521a41efd7694c0ade20974824dcb4e,model_input,identity_model_input_v1,-0.168445281626,-0.34672811830299999,-0.31873499691599999,-0.381671547931,-0.39750401667099999,0.26275193446700001,0.14130117197,-0.59421189454699996,-0.487975475682,-0.202464460997,-0.438001797079,-0.51093057202299996,-0.34888549929599999,0.49653504003600002,-0.084301978986000004,-0.249781977539
70,1,0.10951571059039408,0.52156934099599639,true,flipguard_tabular_validation_v2,sha256:dd422160bdac66e0421fd85c945656bfc9bcb2ac1d0dbe59f4c819fa46dfbe2c,sha256:afd5351d9b781a1fad2db90dc7bca0052521a41efd7694c0ade20974824dcb4e,model_input,identity_model_input_v1,-0.168445281626,-0.33532837162099999,0.89930532809499997,-0.381671547931,-0.39750401667099999,-0.36946659636500001,-1.345054477041,0.69075416426000003,-0.487975475682,-0.24934213413299999,-1.16881615204,0.175938884027,-0.34888549929599999,0.61218222418199997,-0.18015830374399999,-0.249781977539
71,0,-0.10712761619579585,0.47890077733528152,false,flipguard_tabular_validation_v2,sha256:dd422160bdac66e0421fd85c945656bfc9bcb2ac1d0dbe59f4c819fa46dfbe2c,sha256:afd5351d9b781a1fad2db90dc7bca0052521a41efd7694c0ade20974824dcb4e,model_input,identity_model_input_v1,-0.168445281626,-0.73870402344700004,-0.87126408971000002,3.0318724699390001,-0.39750401667099999,-0.49153760952199999,-0.96977672714200003,0.58268988086899998,-0.487975475682,0.16460446168100001,-2.121662017557,-0.51093057202299996,1.6448101991420001,0.68414047209499995,-1.2075039522969999,-0.249781977539
73,1,0.58355342410491873,0.61416514402408129,true,flipguard_tabular_validation_v2,sha256:dd422160bdac66e0421fd85c945656bfc9bcb2ac1d0dbe59f4c819fa46dfbe2c,sha256:afd5351d9b781a1fad2db90dc7bca0052521a41efd7694c0ade20974824dcb4e,model_input,identity_model_input_v1,-0.168445281626,0.76255492421600002,1.5114208916809999,-0.381671547931,-0.39750401667099999,1.846942172386,-0.41497554511500001,-0.481607095047,-0.487975475682,2.1192360111739998,2.7705897342019998,1.567242425556,-0.34888549929599999,-0.98439140138699999,-0.33674802510500002,-0.249781977539
74,0,-0.048654275112305807,0.49041556850796614,false,flipguard_tabular_validation_v2,sha256:dd422160bdac66e0421fd85c945656bfc9bcb2ac1d0dbe59f4c819fa46dfbe2c,sha256:afd5351d9b781a1fad2db90dc7bca0052521a41efd7694c0ade20974824dcb4e,model_input,identity_model_input_v1,-0.168445281626,-0.36514309371300002,0.52398794713499997,-0.381671547931,-0.39750401667099999,0.044117284035000003,-2.1010202720539999,-0.59421189454699996,-0.487975475682,-1.3463633956359999,-0.65530923294300003,-0.51093057202299996,-0.34888549929599999,0.20163472046399999,-0.36089503821199997,-0.249781977539
75,0,-0.17029469578707956,0.46647169930771171,false,flipguard_tabular_validation_v2,sha256:dd422160bdac66e0421fd85c945656bfc9bcb2ac1d0dbe59f4c819fa46dfbe2c,sha256:afd5351d9b781a1fad2db90dc7bca0052521a41efd7694c0ade20974824dcb4e,model_input,identity_model_input_v1,-0.168445281626,-0.73870402344700004,-1.1661010425880001,-0.381671547931,-0.39750401667099999,0.95964988271700002,1.6552001420739999,1.4145124320110001,-0.28517242772200002,-0.145960122843,-0.011890259798,-0.51093057202299996,-0.34888549929599999,2.407283515869,-1.128477363946,-0.249781977539
77,0,-0.39533668416416623,0.42236582363088099,false,flipguard_tabular_validation_v2,sha256:dd422160bdac66e0421fd85c945656bfc9bcb2ac1d0dbe59f4c819fa46dfbe2c,sha256:afd5351d9b781a1fad2db90dc7bca0052521a41efd7694c0ade20974824dcb4e,model_input,identity_model_input_v1,-0.168445281626,-0.73870402344700004,-1.1661010425880001,-0.381671547931,2.516618076356,0.242254935989,1.0935131297739999,-0.57060121078100001,-0.487975475682,-1.687063627176,0.15014550216200001,-0.51093057202299996,-0.34888549929599999,-0.056643990795000002,0.55888664286400003,-0.249781977539
78,0,-0.055017512737783408,0.48916221612657146,false,flipguard_tabular_validation_v2,sha256:dd422160bdac66e0421fd85c945656bfc9bcb2ac1d0dbe59f4c819fa46dfbe2c,sha256:afd5351d9b781a1fad2db90dc7bca0052521a41efd7694c0ade20974824dcb4e,model_input,identity_model_input_v1,-0.168445281626,-0.73870402344700004,0.47678308066399999,-0.381671547931,-0.39750401667099999,-1.707692852548,-0.091341522265999994,-0.59421189454699996,-0.487975475682,0.054525639942,-1.910968286263,-0.51093057202299996,-0.34888549929599999,0.18557261155499999,-1.2104308629760001,-0.249781977539
80,0,-0.18125166272146337,0.46431724048216622,false,flipguard_tabular_validation_v2,sha256:dd422160bdac66e0421fd85c945656bfc9bcb2ac1d0dbe59f4c819fa46dfbe2c,sha256:afd5351d9b781a1fad2db90dc7bca0052521a41efd7694c0ade20974824dcb4e,model_input,identity_model_input_v1,-0.168445281626,-0.73870402344700004,-0.516066815771,-0.381671547931,-0.39750401667099999,-1.78968084646,-0.20594141181600001,-0.59421189454699996,-0.487975475682,-0.77253045037800006,-1.07150021337,-0.51093057202299996,-0.34888549929599999,-0.119607457719,-1.1943328542380001,-0.249781977539
81,0,-0.3650039778671178,0.42828873121966327,false,flipguard_tabular_validation_v2,sha256:dd422160bdac66e0421fd85c945656bfc9bcb2ac1d0dbe59f4c819fa46dfbe2c,sha256:afd5351d9b781a1fad2db90dc7bca0052521a41efd7694c0ade20974824dcb4e,model_input,identity_model_input_v1,0.36388901796000001,0.28551937075299999,-0.67238457031499999,-0.381671547931,2.8974863125670001,0.307845331118,1.2287705101440001,-0.59421189454699996,-0.487975475682,-1.6071204524530001,0.78317151098399995,-0.51093057202299996,-0.34888549929599999,1.6151003044700001,0.053994550625999997,-0.249781977539
82,1,-0.0024633088174374424,0.49951472822275317,false,flipguard_tabular_validation_v2,sha256:dd422160bdac66e0421fd85c945656bfc9bcb2ac1d0dbe59f4c819fa46dfbe2c,sha256:afd5351d9b781a1fad2db90dc7bca0052521a41efd7694c0ade20974824dcb4e,model_input,identity_model_input_v1,-0.168445281626,-0.39495781580400002,-0.58261793899299996,-0.381671547931,-0.39750401667099999,0.335174662422,-0.71401731698799997,-0.59421189454699996,-0.487975475682,-0.245156627603,0.26163366491000001,-0.51093057202299996,-0.34888549929599999,-1.3814467336209999,0.14107014334599999,-0.249781977539
83,0,-0.28300274647169399,0.44433912233264794,false,flipguard_tabular_validation_v2,sha256:dd422160bdac66e0421fd85c945656bfc9bcb2ac1d0dbe59f4c819fa46dfbe2c,sha256:afd5351d9b781a1fad2db90dc7bca0052521a41efd7694c0ade20974824dcb4e,model_input,identity_model_input_v1,-0.168445281626,0.58542039884899999,-0.45957574606000001,-0.381671547931,-0.39750401667099999,0.46453349726100002,0.68970836874300001,-0.59421189454699996,-0.487975475682,-1.1956851605579999,-0.77955239736100002,-0.51093057202299996,-0.34888549929599999,1.306065329058,0.83401624674899999,-0.249781977539
84,0,-0.13625442107651631,0.47316799744689841,false,flipguard_tabular_validation_v2,sha256:dd422160bdac66e0421fd85c945656bfc9bcb2ac1d0dbe59f4c819fa46dfbe2c,sha256:afd5351d9b781a1fad2db90dc7bca0052521a41efd7694c0ade20974824dcb4e,model_input,identity_model_input_v1,-0.168445281626,0.38373257293700003,-1.1661010425880001,-0.381671547931,-0.39750401667099999,-0.59128966878199996,-1.936744035532,-0.59421189454699996,-0.487975475682,-1.4698358382700001,-0.54334866272600002,-0.51093057202299996,-0.34888549929599999,-1.3814467336209999,0.32327033315300002,-0.249781977539
90,0,-0.018695422214876706,0.4963170279612763,false,flipguard_tabular_validation_v2,sha256:dd422160bdac66e0421fd85c945656bfc9bcb2ac1d0dbe59f4c819fa46dfbe2c,sha256:afd5351d9b781a1fad2db90dc7bca0052521a41efd7694c0ade20974824dcb4e,model_input,identity_model_input_v1,-0.168445281626,0.112769363341,1.6491662397439999,-0.381671547931,-0.39750401667099999,-0.78806085417000005,0.17917323847300001,-0.59421189454699996,0.30602918481800001,-0.29538270596299998,-0.67467793918399999,-0.51093057202299996,-0.28983386365800001,1.534147275567,-0.35138257850299998,-0.249781977539
91,0,-0.13080458385027033,0.47424044916305907,false,flipguard_tabular_validation_v2,sha256:dd422160bdac66e0421fd85c945656bfc9bcb2ac1d0dbe59f4c819fa46dfbe2c,sha256:afd5351d9b781a1fad2db90dc7bca0052521a41efd7694c0ade20974824dcb4e,model_input,identity_model_input_v1,-0.168445281626,-0.73870402344700004,-1.1661010425880001,-0.381671547931,-0.325491114867,0.38209001449399999,0.87218287098699998,-0.53700139157500004,-0.46462239743200001,-0.22464764560600001,0.77986465869900001,-0.51093057202299996,-0.34888549929599999,-0.30528543670800001,0.44034676033800002,-0.249781977539
92,0,-0.11436805143080588,0.47747547762799925,false,flipguard_tabular_validation_v2,sha256:dd422160bdac66e0421fd85c945656bfc9bcb2ac1d0dbe59f4c819fa46dfbe2c,sha256:afd5351d9b781a1fad2db90dc7bca0052521a41efd7694c0ade20974824dcb4e,model_input,identity_model_input_v1,-0.168445281626,-0.73870402344700004,-0.052530504029000002,-0.381671547931,-0.39750401667099999,-1.6384585465779999,0.92431844305699995,-0.59421189454699996,-0.487975475682,0.18929895020699999,-1.204246712235,-0.51093057202299996,-0.34888549929599999,0.52287689864700004,-1.2104308629760001,-0.249781977539
94,0,-0.21980826072183504,0.45674025337265434,false,flipguard_tabular_validation_v2,sha256:dd422160bdac66e0421fd85c945656bfc9bcb2ac1d0dbe59f4c819fa46dfbe2c,sha256:afd5351d9b781a1fad2db90dc7bca0052521a41efd7694c0ade20974824dcb4e,model_input,identity_model_input_v1,0.770144141329,1.8078240045980001,0.63310083520799998,-0.381671547931,0.25861353310399998,-0.223254673889,0.88743006659300006,-0.59421189454699996,-0.487975475682,-0.72063016940699998,0.441148503232,-0.51093057202299996,3.1211010900859999,1.2874332827229999,0.94011675888599999,-0.249781977539
96,1,-0.066315651229951075,0.48693698327045803,false,flipguard_tabular_validation_v2,sha256:dd422160bdac66e0421fd85c945656bfc9bcb2ac1d0dbe59f4c819fa46dfbe2c,sha256:afd5351d9b781a1fad2db90dc7bca0052521a41efd7694c0ade20974824dcb4e,model_input,identity_model_input_v1,-0.168445281626,-0.73870402344700004,0.72286746653,3.245575142176,-0.39750401667099999,0.50325004994099998,1.700449883871,-0.45254779195,-0.487975475682,0.75392378109900005,0.82285373840200005,-0.51093057202299996,-0.34888549929599999,0.82805696792100003,-0.27894153918199999,-0.249781977539
98,0,-0.14245735997563766,0.4719474642601002,false,flipguard_tabular_validation_v2,sha256:dd422160bdac66e0421fd85c945656bfc9bcb2ac1d0dbe59f4c819fa46dfbe2c,sha256:afd5351d9b781a1fad2db90dc7bca0052521a41efd7694c0ade20974824dcb4e,model_input,identity_model_input_v1,-0.168445281626,-0.102072016435,-0.52303146820199997,-0.381671547931,-0.39750401667099999,-0.96479052993600001,-1.0209286091730001,-0.59421189454699996,-0.487975475682,-1.0140341771570001,-1.190074488157,-0.51093057202299996,-0.34888549929599999,-1.055707164944,0.115459674899,-0.249781977539
99,0,-0.031643542660970844,0.49376634883625153,false,flipguard_tabular_validation_v2,sha256:dd422160bdac66e0421fd85c945656bfc9bcb2ac1d0dbe59f4c819fa46dfbe2c,sha256:afd5351d9b781a1fad2db90dc7bca0052521a41efd7694c0ade20974824dcb4e,model_input,identity_model_input_v1,-0.168445281626,1.9981120838290001,1.1887253290819999,-0.381671547931,-0.39750401667099999,-1.3355584579590001,0.12605397636499999,-0.59057948165999996,-0.48182992877399999,-0.34519023366899998,-0.075192860680000001,-0.51093057202299996,-0.073311199652999995,0.41558201113400001,1.0220702579159999,-0.249781977539
100,1,0.046136583075017515,0.50908851404335331,true,flipguard_tabular_validation_v2,sha256:dd422160bdac66e0421fd85c945656bfc9bcb2ac1d0dbe59f4c819fa46dfbe2c,sha256:afd5351d9b781a1fad2db90dc7bca0052521a41efd7694c0ade20974824dcb4e,model_input,identity_model_input_v1,-0.168445281626,-0.042442572253000001,0.36921789313100001,-0.381671547931,-0.39750401667099999,1.4370022028260001,0.81119408856599995,-0.105652361234,0.66124179609400002,0.34876674899900001,-0.25659732887999998,-0.19384278814,-0.34888549929599999,1.022087243544,1.424520476366,-0.249781977539
101,1,0.31230325190341712,0.56140190073151752,true,flipguard_tabular_validation_v2,sha256:dd422160bdac66e0421fd85c945656bfc9bcb2ac1d0dbe59f4c819fa46dfbe2c,sha256:afd5351d9b781a1fad2db90dc7bca0052521a41efd7694c0ade20974824dcb4e,model_input,identity_model_input_v1,-0.168445281626,-0.58699970221700004,1.4278450625179999,-0.381671547931,-0.39750401667099999,1.125903314816,0.535760877631,-0.19737078663300001,1.1332197986200001,1.398073236061,0.54744018381799997,0.46436858831799999,-0.34888549929599999,-1.101966038602,-0.83724975132299995,-0.249781977539
105,1,0.022165504398756808,0.50436656080605602,true,flipguard_tabular_validation_v2,sha256:dd422160bdac66e0421fd85c945656bfc9bcb2ac1d0dbe59f4c819fa46dfbe2c,sha256:afd5351d9b781a1fad2db90dc7bca0052521a41efd7694c0ade20974824dcb4e,model_input,identity_model_input_v1,-0.168445281626,-0.73870402344700004,1.433262014409,2.3565720256690001,-0.39750401667099999,0.618488730273,1.5848663042819999,1.0567197626339999,2.8724095735540001,0.73006639387899996,1.1379495204050001,-0.51093057202299996,4.546776293342,1.36388892113,-0.83944493433199996,-0.249781977539
106,1,0.1926696400614292,0.53792731027841101,true,flipguard_tabular_validation_v2,sha256:dd422160bdac66e0421fd85c945656bfc9bcb2ac1d0dbe59f4c819fa46dfbe2c,sha256:afd5351d9b781a1fad2db90dc7bca0052521a41efd7694c0ade20974824dcb4e,model_input,identity_model_input_v1,-0.168445281626,0.624881060441,-0.534639222252,-0.381671547931,-0.39750401667099999,-0.36764464094400001,-2.4640018964650001,-0.59421189454699996,-0.487975475682,0.127772004217,0.27391625911099998,-0.51093057202299996,-0.34888549929599999,-1.1141732413729999,-0.76334525666200004,-0.249781977539
112,1,0.12549308586479674,0.52471423259658523,true,flipguard_tabular_validation_v2,sha256:dd422160bdac66e0421fd85c945656bfc9bcb2ac1d0dbe59f4c819fa46dfbe2c,sha256:afd5351d9b781a1fad2db90dc7bca0052521a41efd7694c0ade20974824dcb4e,model_input,identity_model_input_v1,-0.168445281626,-0.70099716903700005,-1.1219915771969999,2.8495128562960002,-0.186266171378,1.01112012334,-0.547281855368,0.49460386835699999,0.44491854493600003,0.65849423221600001,1.6949179266750001,-0.31679519413500001,-0.34888549929599999,-1.2323903629440001,-0.041861774131999999,-0.249781977539
118,1,0.055527142123881781,0.51093816217915966,true,flipguard_tabular_validation_v2,sha256:dd422160bdac66e0421fd85c945656bfc9bcb2ac1d0dbe59f4c819fa46dfbe2c,sha256:afd5351d9b781a1fad2db90dc7bca0052521a41efd7694c0ade20974824dcb4e,model_input,identity_model_input_v1,-0.168445281626,0.37408663343699999,1.6112475765130001,-0.381671547931,-0.39750401667099999,0.53331231437600002,-0.33431296191299997,-0.59421189454699996,-0.487975475682,-0.129636647376,-0.169201947065,-0.51093057202299996,-0.34888549929599999,0.90387012197200001,0.40815074286199998,-0.249781977539
119,1,0.36086824642191545,0.57090306698902393,true,flipguard_tabular_validation_v2,sha256:dd422160bdac66e0421fd85c945656bfc9bcb2ac1d0dbe59f4c819fa46dfbe2c,sha256:afd5351d9b781a1fad2db90dc7bca0052521a41efd7694c0ade20974824dcb4e,model_input,identity_model_input_v1,-0.168445281626,0.17766022907000001,1.209619286373,-0.36172596518900002,0.15139432375100001,2.401727597856,-0.61318908798500005,2.1636975899730002,2.3488089770010001,0.027319847498,0.62680463865500002,2.5443904942579998,0.14039948170300001,1.613815335757,-0.158206473647,-0.249781977539
120,1,-0.18273582031583652,0.46402545133360595,false,flipguard_tabular_validation_v2,sha256:dd422160bdac66e0421fd85c945656bfc9bcb2ac1d0dbe59f4c819fa46dfbe2c,sha256:afd5351d9b781a1fad2db90dc7bca0052521a41efd7694c0ade20974824dcb4e,model_input,identity_model_input_v1,-0.168445281626,-0.356374057804,-0.774532805958,-0.381671547931,-0.39750401667099999,1.270748770727,0.77479755712099996,-0.024831174495999999,-0.487975475682,-0.69886553545100005,0.096291050665000003,-0.51093057202299996,-0.34888549929599999,0.56335341309800002,-0.86505540277899995,2.486795106917
121,1,0.089998005284578339,0.51772669123494397,true,flipguard_tabular_validation_v2,sha256:dd422160bdac66e0421fd85c945656bfc9bcb2ac1d0dbe59f4c819fa46dfbe2c,sha256:afd5351d9b781a1fad2db90dc7bca0052521a41efd7694c0ade20974824dcb4e,model_input,identity_model_input_v1,1.4355620158119999,2.9144763363449999,-0.054078204570000003,-0.381671547931,1.737278450159,-1.6926617203309999,-0.43120643075999998,-0.59421189454699996,-0.487975475682,0.15748910058000001,1.1464528548520001,0.087191282706999995,-0.34888549929599999,0.093054864239000001,0.74620892636000002,0.31280361985299998
122,1,0.27835343573604482,0.55474935883597265,true,flipguard_tabular_validation_v2,sha256:dd422160bdac66e0421fd85c945656bfc9bcb2ac1d0dbe59f4c819fa46dfbe2c,sha256:afd5351d9b781a1fad2db90dc7bca0052521a41efd7694c0ade20974824dcb4e,model_input,identity_model_input_v1,-0.168445281626,-0.60541467762599999,-1.1196700263870001,-0.381671547931,0.69069094393200003,2.4163032412179999,0.90070988212000003,2.1854920672949998,2.1128199757380002,0.64551916197299997,-0.28777622185099999,3.9292228565239999,-0.34888549929599999,0.014029288406,0.32180687781299999,-0.249781977539
125,0,-0.45664158174668062,0.41042248680868892,false,flipguard_tabular_validation_v2,sha256:dd422160bdac66e0421fd85c945656bfc9bcb2ac1d0dbe59f4c819fa46dfbe2c,sha256:afd5351d9b781a1fad2db90dc7bca0052521a41efd7694c0ade20974824dcb4e,model_input,identity_model_input_v1,3.9431367428119999,2.257675546742,0.061999335932999999,-0.381671547931,-0.33029197498700003,-0.51886694082600004,1.6448713966640001,-0.027555484161,-0.355231662472,-1.3091123875199999,0.98111024060800001,-0.51093057202299996,6.1046146811190001,1.392158232811,0.31083096276400002,-0.249781977539
130,0,0.051821172430343135,0.51020821431944241,true,flipguard_tabular_validation_v2,sha256:dd422160bdac66e0421fd85c945656bfc9bcb2ac1d0dbe59f4c819fa46dfbe2c,sha256:afd5351d9b781a1fad2db90dc7bca0052521a41efd7694c0ade20974824dcb4e,model_input,identity_model_input_v1,-0.168445281626,-0.73870402344700004,-1.1661010425880001,-0.381671547931,0.532262559962,0.82710262589299999,0.34197393993699998,0.62173831940500002,0.079873058607000003,0.357556312712,0.86111874341299999,-0.51093057202299996,-0.34888549929599999,-1.3814467336209999,1.9703893181180001,-0.249781977539
133,1,-0.018832617070977872,0.49629000115428362,false,flipguard_tabular_validation_v2,sha256:dd422160bdac66e0421fd85c945656bfc9bcb2ac1d0dbe59f4c819fa46dfbe2c,sha256:afd5351d9b781a1fad2db90dc7bca0052521a41efd7694c0ade20974824dcb4e,model_input,identity_model_input_v1,-0.168445281626,-0.73870402344700004,-0.431717136339,-0.381671547931,-0.39750401667099999,-0.735679635838,-0.67466971542599996,-0.59421189454699996,-0.487975475682,-0.12545114084600001,-0.493745878453,-0.51093057202299996,-0.34888549929599999,-0.224332407806,-1.1094524445289999,-0.249781977539
134,1,0.66436545587970464,0.62970704043148995,true,flipguard_tabular_validation_v2,sha256:dd422160bdac66e0421fd85c945656bfc9bcb2ac1d0dbe59f4c819fa46dfbe2c,sha256:afd5351d9b781a1fad2db90dc7bca0052521a41efd7694c0ade20974824dcb4e,model_input,identity_model_input_v1,-0.168445281626,0.082954641250000002,1.851141160219,-0.381671547931,-0.39750401667099999,0.64581806157699995,-2.056262375277,-0.59421189454699996,-0.487975475682,1.859316055663,0.56491926018100003,2.5601062153249998,-0.34888549929599999,-0.75887939230300006,0.67962170839900005,0.43737614498900002
135,0,-0.11059686536935108,0.47821782865818774,false,flipguard_tabular_validation_v2,sha256:dd422160bdac66e0421fd85c945656bfc9bcb2ac1d0dbe59f4c819fa46dfbe2c,sha256:afd5351d9b781a1fad2db90dc7bca0052521a41efd7694c0ade20974824dcb4e,model_input,identity_model_input_v1,-0.168445281626,-0.73870402344700004,-1.1661010425880001,-0.381671547931,-0.035839220940999998,0.31148924195900002,0.64445862694599998,-0.53972570123999997,-0.25075736503700002,-0.132147951294,0.012202521135,-0.51093057202299996,-0.34888549929599999,-1.3814467336209999,1.598671661804,-0.249781977539
137,0,0.12487411767995298,0.52459241226212416,true,flipguard_tabular_validation_v2,sha256:dd422160bdac66e0421fd85c945656bfc9bcb2ac1d0dbe59f4c819fa46dfbe2c,sha256:afd5351d9b781a1fad2db90dc7bca0052521a41efd7694c0ade20974824dcb4e,model_input,identity_model_input_v1,-0.168445281626,-0.720289048037,-0.210395959114,0.20529845848,-0.39750401667099999,0.52602449269499996,1.357142060241,0.63263555806600003,-0.487975475682,1.3059920924020001,1.4450143754310001,-0.46748122554299998,-0.34888549929599999,0.665508425761,-0.56577878578600005,-0.249781977539
139,1,0.32077873884929592,0.5630613803084169,true,flipguard_tabular_validation_v2,sha256:dd422160bdac66e0421fd85c945656bfc9bcb2ac1d0dbe59f4c819fa46dfbe2c,sha256:afd5351d9b781a1fad2db90dc7bca0052521a41efd7694c0ade20974824dcb4e,model_input,identity_model_input_v1,-0.168445281626,1.5500143488660001,-0.210395959114,-0.381671547931,-0.39750401667099999,-1.8019790455469999,-0.89944288934899996,-0.59421189454699996,0.42771101359399999,1.3871909190830001,-0.001024888005,0.64741051604099997,-0.21391033212400001,-0.99788357287100005,-1.2104308629760001,-0.249781977539
145,0,-0.2186906861731153,0.45695977089120654,false,flipguard_tabular_validation_v2,sha256:dd422160bdac66e0421fd85c945656bfc9bcb2ac1d0dbe59f4c819fa46dfbe2c,sha256:afd5351d9b781a1fad2db90dc7bca0052521a41efd7694c0ade20974824dcb4e,model_input,identity_model_input_v1,-0.168445281626,-0.73870402344700004,-0.70798168273600004,-0.381671547931,-0.39750401667099999,-1.786492424475,-1.213240011808,-0.59421189454699996,-0.487975475682,-1.4723471421879999,-1.4163576659370001,-0.51093057202299996,-0.34888549929599999,-1.30563357957,-0.51382612122299998,-0.249781977539
146,1,0.39906574313059767,0.57836174098356652,true,flipguard_tabular_validation_v2,sha256:dd422160bdac66e0421fd85c945656bfc9bcb2ac1d0dbe59f4c819fa46dfbe2c,sha256:afd5351d9b781a1fad2db90dc7bca0052521a41efd7694c0ade20974824dcb4e,model_input,identity_model_input_v1,-0.168445281626,-0.51509360776099999,1.266884206354,-0.381671547931,-0.39750401667099999,-1.540528442739,0.67544486317600005,-0.59421189454699996,1.7354833955939999,1.8295989592999999,0.99386524227799999,1.274190450364,-0.146422748538,-1.030650275045,-1.2104308629760001,-0.249781977539
147,0,-0.25508237269899336,0.44981516237448049,false,flipguard_tabular_validation_v2,sha256:dd422160bdac66e0421fd85c945656bfc9bcb2ac1d0dbe59f4c819fa46dfbe2c,sha256:afd5351d9b781a1fad2db90dc7bca0052521a41efd7694c0ade20974824dcb4e,model_input,identity_model_input_v1,-0.168445281626,-0.73870402344700004,-0.74822189677700002,-0.222106885994,-0.123854989814,0.72416214464799999,1.5056792561379999,-0.246408360608,-0.36752275628699999,-0.41927369924899999,-1.094648179365,-0.51093057202299996,-0.34888549929599999,0.80942492158699997,-0.23064751296800001,-0.249781977539
150,0,-0.30882525686814366,0.43927923881039105,false,flipguard_tabular_validation_v2,sha256:dd422160bdac66e0421fd85c945656bfc9bcb2ac1d0dbe59f4c819fa46dfbe2c,sha256:afd5351d9b781a1fad2db90dc7bca0052521a41efd7694c0ade20974824dcb4e,model_input,identity_model_input_v1,-0.168445281626,-0.73870402344700004,-1.1661010425880001,-0.381671547931,-0.39750401667099999,-0.62454035520200002,1.696515123715,0.402885442958,0.108142574384,-0.477033689363,-0.202270469914,-0.51093057202299996,3.1942126389709999,-0.055359022081999998,-1.1716492964709999,-0.249781977539
151,0,-0.22117301362955238,0.45647219324028726,false,flipguard_tabular_validation_v2,sha256:dd422160bdac66e0421fd85c945656bfc9bcb2ac1d0dbe59f4c819fa46dfbe2c,sha256:afd5351d9b781a1fad2db90dc7bca0052521a41efd7694c0ade20974824dcb4e,model_input,identity_model_input_v1,-0.168445281626,-0.73870402344700004,-1.1661010425880001,-0.381671547931,-0.39750401667099999,0.82573615932800004,0.13638272177499999,-0.59421189454699996,-0.487975475682,-0.93660230635300001,-0.62743719225700001,-0.51093057202299996,-0.34888549929599999,-1.3814467336209999,0.81938169335099997,-0.249781977539
154,1,0.57890391685367149,0.61326803993215373,true,flipguard_tabular_validation_v2,sha256:dd422160bdac66e0421fd85c945656bfc9bcb2ac1d0dbe59f4c819fa46dfbe2c,sha256:afd5351d9b781a1fad2db90dc7bca0052521a41efd7694c0ade20974824dcb4e,model_input,identity_model_input_v1,-0.168445281626,-0.73870402344700004,2.6164790772690001,4.4935987480420003,-0.39750401667099999,-1.19891180144,-1.704101341296,3.130827521159,3.2349968411200001,1.695662750341,2.4554939521989998,0.224010501409,2.772415241559,0.10333461394,-1.143111917345,-0.249781977539
155,1,0.064170310766295161,0.51264049425154912,true,flipguard_tabular_validation_v2,sha256:dd422160bdac66e0421fd85c945656bfc9bcb2ac1d0dbe59f4c819fa46dfbe2c,sha256:afd5351d9b781a1fad2db90dc7bca0052521a41efd7694c0ade20974824dcb4e,model_input,identity_model_input_v1,-0.168445281626,-0.73870402344700004,0.498450888225,-0.381671547931,-0.39750401667099999,-1.0832176322530001,-0.54433078525099998,-0.59421189454699996,-0.487975475682,0.120238092463,0.18179680260299999,-0.51093057202299996,-0.34888549929599999,-0.53979222678200001,-0.85554294307000001,-0.249781977539
166,0,-0.14602351026712118,0.47124582303608381,false,flipguard_tabular_validation_v2,sha256:dd422160bdac66e0421fd85c945656bfc9bcb2ac1d0dbe59f4c819fa46dfbe2c,sha256:afd5351d9b781a1fad2db90dc7bca0052521a41efd7694c0ade20974824dcb4e,model_input,identity_model_input_v1,-0.168445281626,-0.73870402344700004,-0.043244300788999997,-0.381671547931,-0.39750401667099999,-1.6926617203309999,-0.89550812919300005,-0.59421189454699996,-0.487975475682,-0.98431708079500002,-1.384233958027,-0.51093057202299996,-0.34888549929599999,-0.73574995547300004,-0.721636779477,-0.249781977539
168,1,-0.069427374222837915,0.48632414588239042,false,flipguard_tabular_validation_v2,sha256:dd422160bdac66e0421fd85c945656bfc9bcb2ac1d0dbe59f4c819fa46dfbe2c,sha256:afd5351d9b781a1fad2db90dc7bca0052521a41efd7694c0ade20974824dcb4e,model_input,identity_model_input_v1,-0.168445281626,0.15924525366,-0.33808125366699998,-0.381671547931,-0.39750401667099999,1.838287884139,1.2159825396370001,-0.59421189454699996,-0.487975475682,-0.058064485713999997,1.4558797472239999,-0.51093057202299996,-0.34888549929599999,-0.17036372187099999,1.4486674894730001,-0.249781977539
174,1,-0.042409967539313878,0.49164554150993262,false,flipguard_tabular_validation_v2,sha256:dd422160bdac66e0421fd85c945656bfc9bcb2ac1d0dbe59f4c819fa46dfbe2c,sha256:afd5351d9b781a1fad2db90dc7bca0052521a41efd7694c0ade20974824dcb4e,model_input,identity_model_input_v1,-0.168445281626,-0.73870402344700004,-0.82096382215899999,1.7866982330359999,-0.39750401667099999,0.038195928918999998,-0.413991855076,-0.43620193395899998,-0.45233130361599999,0.043643322965000002,0.21628254786000001,-0.51093057202299996,-0.34888549929599999,-1.1809916144349999,0.0035053414030000001,-0.249781977539
175,1,0.067839905914799908,0.51336321259961837,true,flipguard_tabular_validation_v2,sha256:dd422160bdac66e0421fd85c945656bfc9bcb2ac1d0dbe59f4c819fa46dfbe2c,sha256:afd5351d9b781a1fad2db90dc7bca0052521a41efd7694c0ade20974824dcb4e,model_input,identity_model_input_v1,-0.168445281626,-0.19414689348200001,-1.1413378339469999,0.55007210302300003,-0.335092835107,0.52602449269499996,-0.480882777732,0.033287431696999999,0.33306959121200003,0.099310559812999993,1.0094546887639999,-0.103246278459,-0.34888549929599999,-0.99531363544499996,0.82011342102100004,-0.249781977539
176,1,0.14387990504815157,0.52833242721703721,true,flipguard_tabular_validation_v2,sha256:dd422160bdac66e0421fd85c945656bfc9bcb2ac1d0dbe59f4c819fa46dfbe2c,sha256:afd5351d9b781a1fad2db90dc7bca0052521a41efd7694c0ade20974824dcb4e,model_input,identity_model_input_v1,-0.168445281626,0.49246861821100002,0.37773024610200001,-0.381671547931,-0.39750401667099999,0.24453238026400001,-1.0125672438410001,1.245605232762,-0.487975475682,0.0080665174600000004,-1.171178189386,0.550342827097,-0.34888549929599999,0.19263993947499999,1.406227284618,-0.249781977539
177,0,-0.09762942357463561,0.48077072577689778,false,flipguard_tabular_validation_v2,sha256:dd422160bdac66e0421fd85c945656bfc9bcb2ac1d0dbe59f4c819fa46dfbe2c,sha256:afd5351d9b781a1fad2db90dc7bca0052521a41efd7694c0ade20974824dcb4e,model_input,identity_model_input_v1,-0.168445281626,-0.61242990635299999,-0.82870232485899997,-0.381671547931,-0.39750401667099999,0.246354335684,-0.50940978886400001,-0.59421189454699996,-0.487975475682,-0.63692003880799997,-0.071886008395000006,-0.51093057202299996,-0.34888549929599999,-0.56099421054200005,0.35327116761900001,-0.249781977539
178,1,-0.10327372738402253,0.47965948155372479,false,flipguard_tabular_validation_v2,sha256:dd422160bdac66e0421fd85c945656bfc9bcb2ac1d0dbe59f4c819fa46dfbe2c,sha256:afd5351d9b781a1fad2db90dc7bca0052521a41efd7694c0ade20974824dcb4e,model_input,identity_model_input_v1,-0.168445281626,0.65644958971400003,-0.0076471883680000003,-0.381671547931,-0.39750401667099999,-1.5168430222760001,-0.040189640236000003,-0.59421189454699996,-0.487975475682,-0.21878793646399999,-1.792394011476,-0.51093057202299996,-0.34888549929599999,-0.35668418521799999,0.032774448199000002,-0.249781977539
179,0,-0.17746492630645833,0.46506176569726104,false,flipguard_tabular_validation_v2,sha256:dd422160bdac66e0421fd85c945656bfc9bcb2ac1d0dbe59f4c819fa46dfbe2c,sha256:afd5351d9b781a1fad2db90dc7bca0052521a41efd7694c0ade20974824dcb4e,model_input,identity_model_input_v1,-0.168445281626,0.48106887152900002,0.219090940747,-0.381671547931,-0.39750401667099999,-0.83087680654600005,-0.15774059990299999,-0.59421189454699996,-0.487975475682,-1.096488655798,-0.51453180710099999,-0.51093057202299996,-0.34888549929599999,0.24211123491600001,-0.27747808384200001,-0.249781977539
181,1,0.28059630577238481,0.55518910203709027,true,flipguard_tabular_validation_v2,sha256:dd422160bdac66e0421fd85c945656bfc9bcb2ac1d0dbe59f4c819fa46dfbe2c,sha256:afd5351d9b781a1fad2db90dc7bca0052521a41efd7694c0ade20974824dcb4e,model_input,identity_model_input_v1,-0.168445281626,-0.32743623930299998,1.933943139111,-0.099584020578000004,0.22820808567600001,1.4014740721309999,0.92579397811599995,2.8683856900669999,4.6779712550930004,0.23617662334299999,0.72601020720200005,0.94323585377399999,0.62687248005200003,1.787286111976,-0.20723222753100001,-0.249781977539
183,0,0.052315121112206341,0.51030550613996561,true,flipguard_tabular_validation_v2,sha256:dd422160bdac66e0421fd85c945656bfc9bcb2ac1d0dbe59f4c819fa46dfbe2c,sha256:afd5351d9b781a1fad2db90dc7bca0052521a41efd7694c0ade20974824dcb4e,model_input,identity_model_input_v1,-0.168445281626,-0.73870402344700004,0.92484238700599997,-0.381671547931,-0.39750401667099999,-1.0850395876729999,1.18155338827,-0.59421189454699996,-0.487975475682,1.083741695661,-0.779079989892,-0.51093057202299996,-0.34888549929599999,0.85375634217600005,-1.1694541134609999,-0.249781977539
184,0,-0.19501944741921065,0.46161083723315788,false,flipguard_tabular_validation_v2,sha256:dd422160bdac66e0421fd85c945656bfc9bcb2ac1d0dbe59f4c819fa46dfbe2c,sha256:afd5351d9b781a1fad2db90dc7bca0052521a41efd7694c0ade20974824dcb4e,model_input,identity_model_input_v1,-0.168445281626,0.030340425793999998,-0.25992237639499999,-0.381671547931,-0.39750401667099999,0.157989497802,-0.65794698476199998,-0.59421189454699996,-0.487975475682,-1.3589199152260001,-0.56224496149699998,-0.51093057202299996,-0.34888549929599999,-0.088768208612999999,-0.59797480326200003,-0.249781977539
185,0,-0.054724904193403881,0.48921984943778568,false,flipguard_tabular_validation_v2,sha256:dd422160bdac66e0421fd85c945656bfc9bcb2ac1d0dbe59f4c819fa46dfbe2c,sha256:afd5351d9b781a1fad2db90dc7bca0052521a41efd7694c0ade20974824dcb4e,model_input,identity_model_input_v1,-0.168445281626,-0.73870402344700004,-0.26456547801500002,0.13121486543800001,-0.39750401667099999,0.64490708386700002,1.4815788501810001,0.28846443701500002,-0.487975475682,0.45131165898300002,0.61452204445400005,-0.51093057202299996,-0.34888549929599999,1.3157025944030001,-1.2082356799659999,-0.249781977539
187,0,-0.21849921691414623,0.45699738054577943,false,flipguard_tabular_validation_v2,sha256:dd422160bdac66e0421fd85c945656bfc9bcb2ac1d0dbe59f4c819fa46dfbe2c,sha256:afd5351d9b781a1fad2db90dc7bca0052521a41efd7694c0ade20974824dcb4e,model_input,identity_model_input_v1,-0.168445281626,-0.73870402344700004,-0.47737430226999999,-0.381671547931,-0.39750401667099999,-1.704048941708,-0.735166652827,-0.59421189454699996,-0.487975475682,-1.3057639822960001,-1.365810066726,-0.51093057202299996,-0.34888549929599999,-1.1071059134529999,0.019603350140999998,-0.249781977539
188,0,0.1679568662086186,0.53306855072024495,true,flipguard_tabular_validation_v2,sha256:dd422160bdac66e0421fd85c945656bfc9bcb2ac1d0dbe59f4c819fa46dfbe2c,sha256:afd5351d9b781a1fad2db90dc7bca0052521a41efd7694c0ade20974824dcb4e,model_input,identity_model_input_v1,-0.168445281626,-0.18976237552799999,2.0476991288040001,-0.26484742044199999,-0.39750401667099999,-1.576967551144,0.55887759354800004,0.24396737914800001,1.7834186614750001,0.77485131374899996,-0.61373737564800002,-0.51093057202299996,-0.13236283529099999,0.31920935767899999,-1.1848203945289999,-0.249781977539
190,1,0.059271545808535421,0.51167566161298395,true,flipguard_tabular_validation_v2,sha256:dd422160bdac66e0421fd85c945656bfc9bcb2ac1d0dbe59f4c819fa46dfbe2c,sha256:afd5351d9b781a1fad2db90dc7bca0052521a41efd7694c0ade20974824dcb4e,model_input,identity_model_input_v1,-0.168445281626,-0.73870402344700004,1.393795650638,0.80366594074499997,-0.39750401667099999,-0.081597639962999999,1.7919330575029999,0.099578966887000006,1.0815972045940001,1.0238889522820001,0.29234015041200001,-0.51093057202299996,0.63812041065000003,0.82355957742700003,-0.72529541782700002,-0.249781977539
192,0,-0.029490649434183731,0.49419044465334877,false,flipguard_tabular_validation_v2,sha256:dd422160bdac66e0421fd85c945656bfc9bcb2ac1d0dbe59f4c819fa46dfbe2c,sha256:afd5351d9b781a1fad2db90dc7bca0052521a41efd7694c0ade20974824dcb4e,model_input,identity_model_input_v1,-0.168445281626,-0.73870402344700004,0.79560939191199997,-0.381671547931,-0.39750401667099999,-1.4681057147829999,1.0153097716699999,-0.59421189454699996,-0.487975475682,0.61496496430500003,-1.3379380260389999,-0.51093057202299996,-0.34888549929599999,0.70983984634999997,-1.2104308629760001,-0.249781977539
193,1,0.43281850924612592,0.58494092353259963,true,flipguard_tabular_validation_v2,sha256:dd422160bdac66e0421fd85c945656bfc9bcb2ac1d0dbe59f4c819fa46dfbe2c,sha256:afd5351d9b781a1fad2db90dc7bca0052521a41efd7694c0ade20974824dcb4e,model_input,identity_model_input_v1,-0.168445281626,0.92653589571899997,2.4880199324459999,0.111269282696,-0.39750401667099999,-1.7514197826340001,-0.38300561884599998,0.75613759622700005,3.175999590804,1.3737972981869999,1.487058640196,-0.51093057202299996,1.89507665494,-0.215337626817,0.53912999577599996,-0.249781977539
195,0,-0.15777919069253732,0.46893321062656723,false,flipguard_tabular_validation_v2,sha256:dd422160bdac66e0421fd85c945656bfc9bcb2ac1d0dbe59f4c819fa46dfbe2c,sha256:afd5351d9b781a1fad2db90dc7bca0052521a41efd7694c0ade20974824dcb4e,model_input,identity_model_input_v1,-0.168445281626,-0.73870402344700004,-0.64065670924499996,-0.381671547931,-0.39750401667099999,-1.454896537987,-0.26447096914000001,-0.59421189454699996,-0.487975475682,-0.57037048498099996,-1.510839159791,-0.51093057202299996,-0.34888549929599999,-0.59633085014200005,-0.371870953261,-0.249781977539
196,1,-0.003128196643455327,0.49938374538368457,false,flipguard_tabular_validation_v2,sha256:dd422160bdac66e0421fd85c945656bfc9bcb2ac1d0dbe59f4c819fa46dfbe2c,sha256:afd5351d9b781a1fad2db90dc7bca0052521a41efd7694c0ade20974824dcb4e,model_input,identity_model_input_v1,-0.168445281626,0.209228758343,0.346002385031,-0.381671547931,-0.39750401667099999,-0.46284181165299998,-0.17938178076200001,-0.41894797274500001,-0.487975475682,0.106007370261,-1.1919641180339999,-0.51093057202299996,-0.34888549929599999,0.032661334739999999,0.10521548752,-0.249781977539
197,1,0.0085763089117405159,0.5016895303323573,true,flipguard_tabular_validation_v2,sha256:dd422160bdac66e0421fd85c945656bfc9bcb2ac1d0dbe59f4c819fa46dfbe2c,sha256:afd5351d9b781a1fad2db90dc7bca0052521a41efd7694c0ade20974824dcb4e,model_input,identity_model_input_v1,-0.12641888955399999,-0.38969639425899999,-0.911504303751,-0.381671547931,1.6060549402040001,0.060970371672999998,0.035062647751999999,-0.59421189454699996,-0.102035129866,-0.13758910978300001,1.222982864874,0.050213115491,-0.34888549929599999,-1.3814467336209999,1.450130944813,-0.249781977539
203,1,0.16137996388363243,0.53177504129340247,true,flipguard_tabular_validation_v2,sha256:dd422160bdac66e0421fd85c945656bfc9bcb2ac1d0dbe59f4c819fa46dfbe2c,sha256:afd5351d9b781a1fad2db90dc7bca0052521a41efd7694c0ade20974824dcb4e,model_input,identity_model_input_v1,-0.168445281626,-0.13013293134500001,-1.1661010425880001,-0.381671547931,0.58987288140500005,0.56701848965099999,-0.25217484365199999,0.064162941237000004,0.325694934923,0.33035052026700001,1.4284801140059999,0.99685419623899996,-0.34888549929599999,-0.459481682236,0.38985755111499998,-0.249781977539
205,1,0.21244477374314821,0.54181326753285142,true,flipguard_tabular_validation_v2,sha256:dd422160bdac66e0421fd85c945656bfc9bcb2ac1d0dbe59f4c819fa46dfbe2c,sha256:afd5351d9b781a1fad2db90dc7bca0052521a41efd7694c0ade20974824dcb4e,model_input,identity_model_input_v1,-0.168445281626,1.1133163605859999,-0.314865745566,-0.381671547931,1.7084732894370001,-0.20913451938200001,0.24311309101199999,-0.59421189454699996,-0.487975475682,0.44294064592299998,0.88001504218399995,3.0491424767659998,-0.34888549929599999,-0.35796915393000001,-0.46480036733899999,2.8243464653519998
207,1,0.74443315336379057,0.64500312920948943,true,flipguard_tabular_validation_v2,sha256:dd422160bdac66e0421fd85c945656bfc9bcb2ac1d0dbe59f4c819fa46dfbe2c,sha256:afd5351d9b781a1fad2db90dc7bca0052521a41efd7694c0ade20974824dcb4e,model_input,identity_model_input_v1,-0.168445281626,-0.57296924476199995,2.5011753870360001,-0.210709410141,-0.39750401667099999,0.641263173026,-1.820668610924,-0.59421189454699996,-0.487975475682,2.452402330959,2.5296619248750001,1.140144594203,-0.34888549929599999,-0.74345976775,-0.68431866831199994,-0.249781977539
208,0,-0.22741200220777838,0.45524687912047618,false,flipguard_tabular_validation_v2,sha256:dd422160bdac66e0421fd85c945656bfc9bcb2ac1d0dbe59f4c819fa46dfbe2c,sha256:afd5351d9b781a1fad2db90dc7bca0052521a41efd7694c0ade20974824dcb4e,model_input,identity_model_input_v1,-0.168445281626,-0.73870402344700004,-0.88983649619100003,1.572995560799,-0.39750401667099999,-1.8019790455469999,-0.31611469618999999,-0.53518518513199997,-0.487975475682,-0.46991832826199997,-2.0427699701890001,-0.51093057202299996,0.34005024981199999,-0.324559967399,-1.2104308629760001,-0.249781977539
209,0,-0.046207685603286724,0.49089748057755078,false,flipguard_tabular_validation_v2,sha256:dd422160bdac66e0421fd85c945656bfc9bcb2ac1d0dbe59f4c819fa46dfbe2c,sha256:afd5351d9b781a1fad2db90dc7bca0052521a41efd7694c0ade20974824dcb4e,model_input,identity_model_input_v1,-0.168445281626,0.87216787308199994,1.324922976606,-0.381671547931,-0.39750401667099999,-0.169506988991,-0.086423072071000001,-0.59421189454699996,-0.21265497420900001,-0.72439712528400002,0.67451779305100001,-0.51093057202299996,0.28381059682300003,1.4152876696400001,0.14253359868500001,-0.249781977539
210,1,-0.013086318481588198,0.49742200422334593,false,flipguard_tabular_validation_v2,sha256:dd422160bdac66e0421fd85c945656bfc9bcb2ac1d0dbe59f4c819fa46dfbe2c,sha256:afd5351d9b781a1fad2db90dc7bca0052521a41efd7694c0ade20974824dcb4e,model_input,identity_model_input_v1,-0.168445281626,-0.062611354844000003,0.24927110127800001,-0.381671547931,-0.39750401667099999,-0.50064738662399999,0.029160507517999999,0.066887250903000003,-0.487975475682,0.080475780427999993,-0.96190168050000002,-0.51093057202299996,-0.34888549929599999,0.073780333547999996,-0.275282900833,-0.249781977539
211,1,0.033054555370260114,0.50651160294583242,true,flipguard_tabular_validation_v2,sha256:dd422160bdac66e0421fd85c945656bfc9bcb2ac1d0dbe59f4c819fa46dfbe2c,sha256:afd5351d9b781a1fad2db90dc7bca0052521a41efd7694c0ade20974824dcb4e,model_input,identity_model_input_v1,-0.168445281626,1.1501463114049999,0.25546190343800002,-0.381671547931,-0.39750401667099999,-0.18271616578800001,-0.41792661523199998,-0.54880673345800002,-0.487975475682,-0.28073343310799997,-2.0753660855690002,1.869538942553,-0.34888549929599999,-0.086840755544000003,0.38180854674600001,0.75483516066
213,0,-0.29310921910064436,0.44235821142332682,false,flipguard_tabular_validation_v2,sha256:dd422160bdac66e0421fd85c945656bfc9bcb2ac1d0dbe59f4c819fa46dfbe2c,sha256:afd5351d9b781a1fad2db90dc7bca0052521a41efd7694c0ade20974824dcb4e,model_input,identity_model_input_v1,-0.168445281626,-0.73870402344700004,-1.1661010425880001,-0.381671547931,-0.39750401667099999,-0.56714875946300003,-0.48383384784900002,-0.59421189454699996,-0.487975475682,-1.6803668167279999,-0.77010424797599997,-0.51093057202299996,-0.34888549929599999,-1.3069185482829999,0.78718567587499999,-0.249781977539
214,0,-0.038097047552700325,0.49249510280605641,false,flipguard_tabular_validation_v2,sha256:dd422160bdac66e0421fd85c945656bfc9bcb2ac1d0dbe59f4c819fa46dfbe2c,sha256:afd5351d9b781a1fad2db90dc7bca0052521a41efd7694c0ade20974824dcb4e,model_input,identity_model_input_v1,-0.168445281626,-0.036304247115999999,1.9223353850610001,1.695518426215,-0.39750401667099999,-0.41000510446600003,-0.040189640236000003,-0.39715349542200001,-0.487975475682,-0.238041266502,0.122273461475,-0.51093057202299996,1.276440472068,1.014377431267,0.73669646665099997,-0.249781977539
216,1,0.18091043141884269,0.53561567122036535,true,flipguard_tabular_validation_v2,sha256:dd422160bdac66e0421fd85c945656bfc9bcb2ac1d0dbe59f4c819fa46dfbe2c,sha256:afd5351d9b781a1fad2db90dc7bca0052521a41efd7694c0ade20974824dcb4e,model_input,identity_model_input_v1,-0.168445281626,-0.60979919558100004,1.09663714695,-0.381671547931,-0.39750401667099999,0.38482294762399999,-0.85763606269000003,0.22398910826900001,-0.20773853668200001,0.16293025906899999,-1.0270939112590001,0.96727166246499996,-0.34888549929599999,0.68799537823300005,0.52010507635799996,-0.249781977539
219,0,-0.13740426791477631,0.47294173595419037,false,flipguard_tabular_validation_v2,sha256:dd422160bdac66e0421fd85c945656bfc9bcb2ac1d0dbe59f4c819fa46dfbe2c,sha256:afd5351d9b781a1fad2db90dc7bca0052521a41efd7694c0ade20974824dcb4e,model_input,identity_model_input_v1,-0.168445281626,-0.70713549417300003,0.73137981950099995,0.38765807212300002,-0.39750401667099999,-0.088885461644000005,0.21556976991900001,0.75886190589299996,0.34044424750199997,-0.94664752202500002,0.448234615271,-0.51093057202299996,1.467655292228,1.3536091714289999,-0.59504789258299995,-0.249781977539
220,1,0.080259852659767345,0.51580912295239734,true,flipguard_tabular_validation_v2,sha256:dd422160bdac66e0421fd85c945656bfc9bcb2ac1d0dbe59f4c819fa46dfbe2c,sha256:afd5351d9b781a1fad2db90dc7bca0052521a41efd7694c0ade20974824dcb4e,model_input,identity_model_input_v1,-0.168445281626,1.3036044398169999,-1.1661010425880001,-0.381671547931,-0.39750401667099999,-0.32619515513300001,-2.144302633773,-0.59421189454699996,-0.487975475682,-0.44187543451099998,0.96174153436800003,-0.51093057202299996,-0.34888549929599999,-1.3814467336209999,-0.74139342656499996,-0.249781977539
222,0,-0.17281095879949249,0.46597688416489302,false,flipguard_tabular_validation_v2,sha256:dd422160bdac66e0421fd85c945656bfc9bcb2ac1d0dbe59f4c819fa46dfbe2c,sha256:afd5351d9b781a1fad2db90dc7bca0052521a41efd7694c0ade20974824dcb4e,model_input,identity_model_input_v1,-0.168445281626,-0.73870402344700004,-1.1661010425880001,-0.381671547931,-0.39750401667099999,0.30192397600199999,1.4923994406109999,0.076876386342000003,-0.487975475682,-0.159772294392,0.43878646588600001,-0.51093057202299996,-0.34888549929599999,0.055148287212999997,0.045945546257000001,-0.249781977539
223,0,-0.14444553817292191,0.47155628412345812,false,flipguard_tabular_validation_v2,sha256:dd422160bdac66e0421fd85c945656bfc9bcb2ac1d0dbe59f4c819fa46dfbe2c,sha256:afd5351d9b781a1fad2db90dc7bca0052521a41efd7694c0ade20974824dcb4e,model_input,identity_model_input_v1,-0.168445281626,-0.73870402344700004,0.014794469462,3.2142320835809999,-0.39750401667099999,-1.769639336837,0.45411460438899998,-0.53790949479700001,-0.26673578699799999,0.315282696759,-1.568000463573,-0.51093057202299996,-0.24203015861800001,1.036221899384,-1.0421334988969999,-0.249781977539
224,0,-0.17137207254674486,0.46625983339385213,false,flipguard_tabular_validation_v2,sha256:dd422160bdac66e0421fd85c945656bfc9bcb2ac1d0dbe59f4c819fa46dfbe2c,sha256:afd5351d9b781a1fad2db90dc7bca0052521a41efd7694c0ade20974824dcb4e,model_input,identity_model_input_v1,-0.168445281626,-0.73870402344700004,-1.1661010425880001,-0.381671547931,0.23300894579600001,0.78747509550299999,0.96514157967799996,2.882915341616,0.39575416967299998,-0.79387653368099997,-0.14463675866299999,-0.51093057202299996,-0.31514170750300002,1.496240698542,-1.2075039522969999,-0.249781977539
226,1,0.35572034324101115,0.56989686053141064,true,flipguard_tabular_validation_v2,sha256:dd422160bdac66e0421fd85c945656bfc9bcb2ac1d0dbe59f4c819fa46dfbe2c,sha256:afd5351d9b781a1fad2db90dc7bca0052521a41efd7694c0ade20974824dcb4e,model_input,identity_model_input_v1,-0.168445281626,-0.47475604257800003,0.381599497452,-0.381671547931,-0.39750401667099999,-0.037415221021999998,-1.0366676497980001,-0.51248260458700001,-0.487975475682,1.474668005559,1.1747973030079999,-0.18644715469600001,-0.34888549929599999,-0.73896237725500002,-1.0311575838489999,-0.249781977539
228,1,0.044172436400962523,0.50870162521322693,true,flipguard_tabular_validation_v2,sha256:dd422160bdac66e0421fd85c945656bfc9bcb2ac1d0dbe59f4c819fa46dfbe2c,sha256:afd5351d9b781a1fad2db90dc7bca0052521a41efd7694c0ade20974824dcb4e,model_input,identity_model_input_v1,-0.168445281626,-0.484401982078,-0.45957574606000001,-0.381671547931,1.1835792496169999,-0.47286256646500002,-0.70663964169500004,-0.59421189454699996,1.4675375504099999,-0.35481689868799998,0.62680463865500002,-0.43050305832699998,-0.34888549929599999,-1.3814467336209999,0.54937418315499997,-0.249781977539
230,0,-0.35288007554570117,0.43065839376241566,false,flipguard_tabular_validation_v2,sha256:dd422160bdac66e0421fd85c945656bfc9bcb2ac1d0dbe59f4c819fa46dfbe2c,sha256:afd5351d9b781a1fad2db90dc7bca0052521a41efd7694c0ade20974824dcb4e,model_input,identity_model_input_v1,-0.168445281626,-0.73870402344700004,-1.1661010425880001,-0.381671547931,2.777464809559,1.3504593203640001,1.5784723190279999,-0.34720781822500002,-0.487975475682,-1.506249745081,1.411473445113,-0.51093057202299996,-0.34888549929599999,0.76123859485900003,1.4450088511229999,-0.249781977539
236,1,0.31720804014446274,0.56236231282283045,true,flipguard_tabular_validation_v2,sha256:dd422160bdac66e0421fd85c945656bfc9bcb2ac1d0dbe59f4c819fa46dfbe2c,sha256:afd5351d9b781a1fad2db90dc7bca0052521a41efd7694c0ade20974824dcb4e,model_input,identity_model_input_v1,-0.168445281626,-0.73870402344700004,-1.1305039301669999,0.028637582764,-0.39750401667099999,0.33927406211799999,-1.767057503795,1.5253010250679999,1.308982440186,0.74890117326299999,0.88710115422299995,-0.39444934528999998,-0.34888549929599999,-1.3814467336209999,0.18790071421999999,-0.249781977539
240,0,0.053632845845257938,0.51056505353582016,true,flipguard_tabular_validation_v2,sha256:dd422160bdac66e0421fd85c945656bfc9bcb2ac1d0dbe59f4c819fa46dfbe2c,sha256:afd5351d9b781a1fad2db90dc7bca0052521a41efd7694c0ade20974824dcb4e,model_input,identity_model_input_v1,-0.168445281626,-0.71415072290100001,-0.76215120163799999,-0.381671547931,-0.39750401667099999,-0.92288555527000005,0.100478035349,1.141173362258,1.4687666597910001,0.072941868674000002,-0.039762300484999999,0.099209187052999998,-0.078935164951999995,-0.84625726476800001,-1.2009184032669999,-0.249781977539
241,1,0.30980911025511781,0.56091345071878718,true,flipguard_tabular_validation_v2,sha256:dd422160bdac66e0421fd85c945656bfc9bcb2ac1d0dbe59f4c819fa46dfbe2c,sha256:afd5351d9b781a1fad2db90dc7bca0052521a41efd7694c0ade20974824dcb4e,model_input,identity_model_input_v1,-0.168445281626,0.45651557098399997,-0.89602729835100003,-0.381671547931,0.111387156081,1.516712752463,-0.57777624657899995,2.0547252033599999,0.44614765431800002,0.58148091206499997,-1.8046766056770001,3.7997992712649999,-0.34888549929599999,0.28194526501,1.2474423802479999,0.32084055695800001
242,0,-0.31403265613226472,0.43825944195913047,false,flipguard_tabular_validation_v2,sha256:dd422160bdac66e0421fd85c945656bfc9bcb2ac1d0dbe59f4c819fa46dfbe2c,sha256:afd5351d9b781a1fad2db90dc7bca0052521a41efd7694c0ade20974824dcb4e,model_input,identity_model_input_v1,-0.168445281626,-0.73870402344700004,-1.1661010425880001,-0.381671547931,-0.304687387679,-0.175883832962,0.28393622763300003,-0.080225471024000003,-0.487975475682,-1.158434152441,-1.3549446949320001,-0.51093057202299996,0.691548080989,0.43935393231999997,-1.2104308629760001,-0.249781977539
243,1,0.28083821500001388,0.55523652939922419,true,flipguard_tabular_validation_v2,sha256:dd422160bdac66e0421fd85c945656bfc9bcb2ac1d0dbe59f4c819fa46dfbe2c,sha256:afd5351d9b781a1fad2db90dc7bca0052521a41efd7694c0ade20974824dcb4e,model_input,identity_model_input_v1,-0.168445281626,-0.70625859058200002,0.819598750283,-0.381671547931,-0.38950258313800001,-0.92106359984899999,0.241145710934,-0.59421189454699996,2.2984154923569999,0.96905881674000005,0.33910848986999997,1.166953765435,-0.34888549929599999,-1.3814467336209999,-1.2104308629760001,-0.249781977539
244,0,-0.19021368352873969,0.46255543301668822,false,flipguard_tabular_validation_v2,sha256:dd422160bdac66e0421fd85c945656bfc9bcb2ac1d0dbe59f4c819fa46dfbe2c,sha256:afd5351d9b781a1fad2db90dc7bca0052521a41efd7694c0ade20974824dcb4e,model_input,identity_model_input_v1,-0.168445281626,-0.73870402344700004,-0.34581975636700002,-0.381671547931,-0.39750401667099999,-1.5519156641159999,0.32820227939000002,-0.59421189454699996,-0.487975475682,-0.63315308293100003,-0.97323945976199999,-0.51093057202299996,-0.34888549929599999,-0.492248384411,-0.70041667704999999,-0.249781977539
245,0,-0.16531996171769234,0.46745004077594227,false,flipguard_tabular_validation_v2,sha256:dd422160bdac66e0421fd85c945656bfc9bcb2ac1d0dbe59f4c819fa46dfbe2c,sha256:afd5351d9b781a1fad2db90dc7bca0052521a41efd7694c0ade20974824dcb4e,model_input,identity_model_input_v1,-0.168445281626,-0.73870402344700004,-1.1661010425880001,-0.381671547931,1.8364962259790001,0.72689507777899998,1.716188924496,2.7149162455879998,-0.487975475682,-0.12419548888699999,-0.16967435453400001,-0.51093057202299996,0.061663967519000003,1.7725089717789999,-1.2104308629760001,-0.249781977539
246,0,-0.065482128129174408,0.48710114388420611,false,flipguard_tabular_validation_v2,sha256:dd422160bdac66e0421fd85c945656bfc9bcb2ac1d0dbe59f4c819fa46dfbe2c,sha256:afd5351d9b781a1fad2db90dc7bca0052521a41efd7694c0ade20974824dcb4e,model_input,identity_model_input_v1,-0.168445281626,-0.73870402344700004,0.215995539667,0.108419913733,-0.39750401667099999,-1.715891651939,0.48116608046300002,-0.59421189454699996,-0.487975475682,0.34499979312200002,-1.4914704535509999,-0.51093057202299996,-0.34888549929599999,0.18364515848599999,-1.2104308629760001,-0.249781977539
247,1,0.01468555657604397,0.50289304197680473,true,flipguard_tabular_validation_v2,sha256:dd422160bdac66e0421fd85c945656bfc9bcb2ac1d0dbe59f4c819fa46dfbe2c,sha256:afd5351d9b781a1fad2db90dc7bca0052521a41efd7694c0ade20974824dcb4e,model_input,identity_model_input_v1,-0.168445281626,-0.73870402344700004,-0.068781359700000003,-0.381671547931,-0.39750401667099999,-0.30934206749600002,0.60560287040399996,-0.59421189454699996,-0.487975475682,0.56641308855700001,0.0093680763189999995,-0.51093057202299996,-0.34888549929599999,0.066070521270999993,-0.78090672074,-0.249781977539
251,0,-0.05808466185041633,0.48855810548608869,false,flipguard_tabular_validation_v2,sha256:dd422160bdac66e0421fd85c945656bfc9bcb2ac1d0dbe59f4c819fa46dfbe2c,sha256:afd5351d9b781a1fad2db90dc7bca0052521a41efd7694c0ade20974824dcb4e,model_input,identity_model_input_v1,-0.168445281626,0.21185946911600001,-0.651490613025,-0.381671547931,-0.39750401667099999,-0.72064850361999999,-0.35398676269399998,-0.59421189454699996,-0.487975475682,-0.17107316202299999,-0.69499146036199999,-0.51093057202299996,-0.34888549929599999,-0.21790756424300001,-0.114302813453,-0.249781977539
257,0,-0.10656248397946089,0.47901203096404377,false,flipguard_tabular_validation_v2,sha256:dd422160bdac66e0421fd85c945656bfc9bcb2ac1d0dbe59f4c819fa46dfbe2c,sha256:afd5351d9b781a1fad2db90dc7bca0052521a41efd7694c0ade20974824dcb4e,model_input,identity_model_input_v1,-0.168445281626,0.225013022979,-0.57874868764300003,-0.381671547931,-0.39750401667099999,-0.440522857755,-0.63089550868800004,-0.59421189454699996,-0.487975475682,-0.80601450261800001,-0.059603414193999997,-0.51093057202299996,-0.34888549929599999,-1.216328254035,0.070824287033999997,-0.249781977539
258,0,-0.0065180319467059806,0.49871594881416648,false,flipguard_tabular_validation_v2,sha256:dd422160bdac66e0421fd85c945656bfc9bcb2ac1d0dbe59f4c819fa46dfbe2c,sha256:afd5351d9b781a1fad2db90dc7bca0052521a41efd7694c0ade20974824dcb4e,model_input,identity_model_input_v1,-0.168445281626,-0.18362405039099999,1.0594923339889999,2.8495128562960002,-0.39750401667099999,1.455221757029,-0.37956270370900003,-0.59421189454699996,-0.48182992877399999,-0.36151370913600001,1.217313975243,0.147280804435,0.598752653558,1.9652542786889999,1.4442771234530001,-0.249781977539
259,1,0.091190430759631735,0.51796148161253419,true,flipguard_tabular_validation_v2,sha256:dd422160bdac66e0421fd85c945656bfc9bcb2ac1d0dbe59f4c819fa46dfbe2c,sha256:afd5351d9b781a1fad2db90dc7bca0052521a41efd7694c0ade20974824dcb4e,model_input,identity_model_input_v1,-0.168445281626,1.869207255963,0.50928479200499999,-0.381671547931,-0.39750401667099999,-1.6325371914619999,-0.68549030585500004,-0.59421189454699996,-0.487975475682,-0.15140128133200001,0.367925345495,0.19812578435799999,-0.34888549929599999,-0.29179326522499999,0.79011258655500005,1.104441924754
261,1,0.084472435275095251,0.51663865870575176,true,flipguard_tabular_validation_v2,sha256:dd422160bdac66e0421fd85c945656bfc9bcb2ac1d0dbe59f4c819fa46dfbe2c,sha256:afd5351d9b781a1fad2db90dc7bca0052521a41efd7694c0ade20974824dcb4e,model_input,identity_model_input_v1,-0.168445281626,-0.71152001212799998,-1.117348475577,1.407732160935,-0.39750401667099999,0.029541640673,-0.74156063808100003,1.004957878993,0.808734921883,0.454241513554,-0.192822320528,-0.51093057202299996,-0.34888549929599999,0.277447874516,-1.1892107605490001,-0.249781977539
265,1,0.40746602124653597,0.58000020220103454,true,flipguard_tabular_validation_v2,sha256:dd422160bdac66e0421fd85c945656bfc9bcb2ac1d0dbe59f4c819fa46dfbe2c,sha256:afd5351d9b781a1fad2db90dc7bca0052521a41efd7694c0ade20974824dcb4e,model_input,identity_model_input_v1,-0.168445281626,-0.73870402344700004,0.38701644934200002,3.0717636354229998,0.96273968408300004,2.3971727093049999,-0.82222322128400005,3.4722743325450001,2.8441400577780001,0.77485131374899996,-0.49516310086100002,2.9456036085589998,-0.34326153399699999,0.16180069037,-0.099668260053999994,-0.249781977539
267,1,0.33668924759501989,0.56617511387590036,true,flipguard_tabular_validation_v2,sha256:dd422160bdac66e0421fd85c945656bfc9bcb2ac1d0dbe59f4c819fa46dfbe2c,sha256:afd5351d9b781a1fad2db90dc7bca0052521a41efd7694c0ade20974824dcb4e,model_input,identity_model_input_v1,-0.168445281626,-0.73870402344700004,-0.55630702981199998,-0.381671547931,1.6748672685949999,1.2985335908860001,-0.0062523338879999996,3.950844730419,2.481552790212,0.65933133352200002,-0.010000629921000001,1.9277795559190001,-0.34888549929599999,0.60447241190599998,-0.34772394015399999,-0.249781977539
268,1,0.030798830984205758,0.50606725284474774,true,flipguard_tabular_validation_v2,sha256:dd422160bdac66e0421fd85c945656bfc9bcb2ac1d0dbe59f4c819fa46dfbe2c,sha256:afd5351d9b781a1fad2db90dc7bca0052521a41efd7694c0ade20974824dcb4e,model_input,identity_model_input_v1,-0.168445281626,-0.443187513305,-1.105740721526,0.040035058616999998,-0.00063291339299999998,-0.024206044225000001,-1.289475989834,0.102303276552,0.318320278633,-0.337237771262,0.127942351106,-0.51093057202299996,-0.34888549929599999,-1.3814467336209999,0.35692980596899998,-0.249781977539
270,0,0.04241438195516338,0.50835532803470229,true,flipguard_tabular_validation_v2,sha256:dd422160bdac66e0421fd85c945656bfc9bcb2ac1d0dbe59f4c819fa46dfbe2c,sha256:afd5351d9b781a1fad2db90dc7bca0052521a41efd7694c0ade20974824dcb4e,model_input,identity_model_input_v1,0.72811774925600004,2.0568646244209998,0.16569527211599999,-0.381671547931,-0.090248968971999993,-0.117581259513,0.202289954391,-0.59421189454699996,-0.487975475682,0.20269257110300001,1.028823395004,-0.51093057202299996,-0.34888549929599999,0.70791239328099997,1.4962297880169999,-0.249781977539
273,0,-0.062537145965274807,0.4876811605495931,false,flipguard_tabular_validation_v2,sha256:dd422160bdac66e0421fd85c945656bfc9bcb2ac1d0dbe59f4c819fa46dfbe2c,sha256:afd5351d9b781a1fad2db90dc7bca0052521a41efd7694c0ade20974824dcb4e,model_input,identity_model_input_v1,-0.168445281626,-0.47826365694200001,-0.80858221783899997,-0.381671547931,-0.39750401667099999,-0.31936282230700003,-0.87730986347100004,-0.59421189454699996,-0.487975475682,-0.48791600634100002,-0.52917643864800001,-0.51093057202299996,-0.34888549929599999,-1.3814467336209999,0.071556014703999998,-0.249781977539
275,1,0.13377068515764257,0.52634324988647441,true,flipguard_tabular_validation_v2,sha256:dd422160bdac66e0421fd85c945656bfc9bcb2ac1d0dbe59f4c819fa46dfbe2c,sha256:afd5351d9b781a1fad2db90dc7bca0052521a41efd7694c0ade20974824dcb4e,model_input,identity_model_input_v1,0.440937403427,-0.0064895250249999998,0.059677785123000003,-0.381671547931,0.15459489716399999,-0.010085889718,-0.15134661464900001,-0.59421189454699996,-0.487975475682,0.64677481393199998,1.111494702126,-0.49798821349700001,-0.34888549929599999,-1.3814467336209999,0.068629104024999998,0.83118606316400001
278,0,-0.12200387147145689,0.47597250140362068,false,flipguard_tabular_validation_v2,sha256:dd422160bdac66e0421fd85c945656bfc9bcb2ac1d0dbe59f4c819fa46dfbe2c,sha256:afd5351d9b781a1fad2db90dc7bca0052521a41efd7694c0ade20974824dcb4e,model_input,identity_model_input_v1,-0.168445281626,0.68012598666900004,0.21135243804699999,-0.381671547931,-0.39750401667099999,-1.0499669458330001,0.033095267673999999,-0.59421189454699996,-0.487975475682,-0.72021161875399997,0.051412341084000002,-0.51093057202299996,-0.205474384176,1.329194765887,-0.42455534549399998,-0.249781977539
279,1,0.20287514549947944,0.53993300365898067,true,flipguard_tabular_validation_v2,sha256:dd422160bdac66e0421fd85c945656bfc9bcb2ac1d0dbe59f4c819fa46dfbe2c,sha256:afd5351d9b781a1fad2db90dc7bca0052521a41efd7694c0ade20974824dcb4e,model_input,identity_model_input_v1,-0.168445281626,-0.73870402344700004,0.91942543511499997,-0.381671547931,-0.39750401667099999,-0.97390030703700003,-1.0366676497980001,-0.59421189454699996,-0.487975475682,0.83595970908700001,-0.58586533496100002,-0.51093057202299996,-0.34888549929599999,-0.42864243313099998,-1.0933544357909999,-0.249781977539
280,1,0.43687722152042008,0.58573128011108078,true,flipguard_tabular_validation_v2,sha256:dd422160bdac66e0421fd85c945656bfc9bcb2ac1d0dbe59f4c819fa46dfbe2c,sha256:afd5351d9b781a1fad2db90dc7bca0052521a41efd7694c0ade20974824dcb4e,model_input,identity_model_input_v1,-0.168445281626,-0.28271415616599999,1.450286720349,-0.381671547931,-0.39750401667099999,0.47409876321700001,-0.83353565673300001,-0.36900229554699998,-0.487975475682,1.451229168991,1.4931999372960001,0.92474677016600004,-0.34888549929599999,-1.0338626968269999,-1.0875006144320001,-0.249781977539
281,1,-0.030983287683942366,0.49389641129764084,false,flipguard_tabular_validation_v2,sha256:dd422160bdac66e0421fd85c945656bfc9bcb2ac1d0dbe59f4c819fa46dfbe2c,sha256:afd5351d9b781a1fad2db90dc7bca0052521a41efd7694c0ade20974824dcb4e,model_input,identity_model_input_v1,-0.168445281626,-0.70888930135499995,-0.89757499889100001,-0.381671547931,-0.39750401667099999,0.86718564513899998,0.54018748280600004,-0.35810505688599997,-0.487975475682,0.124842149646,1.0732296971149999,-0.51093057202299996,-0.34888549929599999,0.28901259292999998,-0.28699054355100001,-0.249781977539
282,1,0.13069717662707947,0.52573841364851304,true,flipguard_tabular_validation_v2,sha256:dd422160bdac66e0421fd85c945656bfc9bcb2ac1d0dbe59f4c819fa46dfbe2c,sha256:afd5351d9b781a1fad2db90dc7bca0052521a41efd7694c0ade20974824dcb4e,model_input,identity_model_input_v1,-0.168445281626,-0.49580172876099998,0.33284693044000002,-0.381671547931,-0.39750401667099999,1.53265486239,-0.45776606181399998,-0.59421189454699996,-0.487975475682,0.269660675583,-0.21597028652200001,0.44772841307,-0.34888549929599999,0.28066029629700001,1.5013518817060001,0.50970857893999999
288,1,0.0011104158273148547,0.50021875191250442,true,flipguard_tabular_validation_v2,sha256:dd422160bdac66e0421fd85c945656bfc9bcb2ac1d0dbe59f4c819fa46dfbe2c,sha256:afd5351d9b781a1fad2db90dc7bca0052521a41efd7694c0ade20974824dcb4e,model_input,identity_model_input_v1,-0.168445281626,0.43985440275600002,0.48452158336399997,-0.381671547931,-0.32389082815999998,1.558617727129,0.16294235282899999,-0.59421189454699996,-0.487975475682,-0.26357285633499999,0.76852687943599995,-0.50261048439900002,-0.34888549929599999,-1.060204555438,2.508209155501,-0.177449543589
290,0,-0.0085747960489218449,0.49831076770028288,false,flipguard_tabular_validation_v2,sha256:dd422160bdac66e0421fd85c945656bfc9bcb2ac1d0dbe59f4c819fa46dfbe2c,sha256:afd5351d9b781a1fad2db90dc7bca0052521a41efd7694c0ade20974824dcb4e,model_input,identity_model_input_v1,-0.168445281626,0.199582818843,1.5802935657120001,3.6387880590930002,-0.39750401667099999,0.65720528295400005,-1.917070234751,-0.47979088860399999,-0.487975475682,-0.91148926717300005,0.28667126078100003,-0.51093057202299996,-0.34888549929599999,0.97325843245999999,0.83621142975899998,-0.249781977539
292,1,0.020510092310346381,0.50404045367371764,true,flipguard_tabular_validation_v2,sha256:dd422160bdac66e0421fd85c945656bfc9bcb2ac1d0dbe59f4c819fa46dfbe2c,sha256:afd5351d9b781a1fad2db90dc7bca0052521a41efd7694c0ade20974824dcb4e,model_input,identity_model_input_v1,-0.168445281626,-0.431787766623,-0.30944879367599998,1.228221916256,-0.39750401667099999,0.33608564013199999,1.467315344615,2.4379447629480002,-0.487975475682,1.193820517399,-1.372423771295,-0.51093057202299996,-0.34888549929599999,1.8380423761289999,-0.194061129473,-0.249781977539
293,0,-0.088255521400716241,0.48261641198616584,false,flipguard_tabular_validation_v2,sha256:dd422160bdac66e0421fd85c945656bfc9bcb2ac1d0dbe59f4c819fa46dfbe2c,sha256:afd5351d9b781a1fad2db90dc7bca0052521a41efd7694c0ade20974824dcb4e,model_input,identity_model_input_v1,-0.168445281626,-0.43967989894100001,-0.70566013192599997,-0.381671547931,0.015369953675000001,0.74101523228599997,0.61789899589200004,-0.51611501747400002,-0.487975475682,-0.16144649700399999,0.38682164426600002,-0.51093057202299996,-0.34888549929599999,-1.3814467336209999,1.4054955569480001,-0.249781977539
294,1,0.3396313405562687,0.56675066893965376,true,flipguard_tabular_validation_v2,sha256:dd422160bdac66e0421fd85c945656bfc9bcb2ac1d0dbe59f4c819fa46dfbe2c,sha256:afd5351d9b781a1fad2db90dc7bca0052521a41efd7694c0ade20974824dcb4e,model_input,identity_model_input_v1,-0.168445281626,1.0992859031310001,0.32820382881999999,-0.381671547931,-0.39750401667099999,0.61120090859200005,-0.83796226190900003,0.75250518334000005,-0.487975475682,0.86400260283800001,0.69388649929199997,1.5968249593299999,-0.34888549929599999,-1.001738479009,-0.60090171394199998,-0.249781977539
295,0,-0.235268702521853,0.4537041553760407,false,flipguard_tabular_validation_v2,sha256:dd422160bdac66e0421fd85c945656bfc9bcb2ac1d0dbe59f4c819fa46dfbe2c,sha256:afd5351d9b781a1fad2db90dc7bca0052521a41efd7694c0ade20974824dcb4e,model_input,identity_model_input_v1,-0.168445281626,-0.73870402344700004,-0.52690071955200002,-0.381671547931,-0.39750401667099999,-1.8019790455469999,-0.80205757548300005,-0.59421189454699996,-0.487975475682,-1.52006191663,-0.92410908295799998,-0.51093057202299996,-0.34888549929599999,-1.089116351475,-0.22772060228900001,-0.249781977539
297,0,-0.37865047432091375,0.42562301439561334,false,flipguard_tabular_validation_v2,sha256:dd422160bdac66e0421fd85c945656bfc9bcb2ac1d0dbe59f4c819fa46dfbe2c,sha256:afd5351d9b781a1fad2db90dc7bca0052521a41efd7694c0ade20974824dcb4e,model_input,identity_model_input_v1,-0.168445281626,-0.44581822407799998,-1.0206171918239999,-0.381671547931,4.0032844269450001,0.66631506005499996,1.6906129834800001,-0.57514172688999998,-0.487975475682,-1.6925047856640001,-1.170233374448,1.8630677632899999,-0.34888549929599999,0.70020258100400001,1.025728896265,-0.249781977539
298,1,0.43644887687414363,0.58564787630926729,true,flipguard_tabular_validation_v2,sha256:dd422160bdac66e0421fd85c945656bfc9bcb2ac1d0dbe59f4c819fa46dfbe2c,sha256:afd5351d9b781a1fad2db90dc7bca0052521a41efd7694c0ade20974824dcb4e,model_input,identity_model_input_v1,-0.168445281626,1.5973671427759999,0.94186709294600002,-0.37882217896800002,-0.39750401667099999,-1.3847512543060001,-0.20790879189399999,0.68530554492899998,3.7585974376719999,1.1536396547109999,1.579650504173,0.98668520025399997,0.26412671827700002,-0.48903596262900001,-1.197991492588,-0.249781977539
300,1,0.43019055278880902,0.58442908791347836,true,flipguard_tabular_validation_v2,sha256:dd422160bdac66e0421fd85c945656bfc9bcb2ac1d0dbe59f4c819fa46dfbe2c,sha256:afd5351d9b781a1fad2db90dc7bca0052521a41efd7694c0ade20974824dcb4e,model_input,identity_model_input_v1,-0.168445281626,1.279051139271,0.74763067517100001,-0.381671547931,1.473231143542,2.4035495532760001,-0.19807189150400001,3.5494631063959998,3.5213793270270002,0.203948223062,-0.64916793584300003,4.1418473180199999,0.28662257947300002,1.89972087434,1.507205703066,-0.22567116622200001
301,1,0.086070941145284643,0.51695342488025742,true,flipguard_tabular_validation_v2,sha256:dd422160bdac66e0421fd85c945656bfc9bcb2ac1d0dbe59f4c819fa46dfbe2c,sha256:afd5351d9b781a1fad2db90dc7bca0052521a41efd7694c0ade20974824dcb4e,model_input,identity_model_input_v1,-0.168445281626,-0.47387913898700001,1.4851099825,-0.381671547931,-0.39750401667099999,0.44494747649299998,0.40591379247600001,-0.50067726270400004,0.33429870059400002,0.16460446168100001,0.223841067368,0.0021414981089999999,-0.34888549929599999,1.243101862134,-0.0052753906359999997,-0.249781977539
303,1,0.062444128407689994,0.51230051935045529,true,flipguard_tabular_validation_v2,sha256:dd422160bdac66e0421fd85c945656bfc9bcb2ac1d0dbe59f4c819fa46dfbe2c,sha256:afd5351d9b781a1fad2db90dc7bca0052521a41efd7694c0ade20974824dcb4e,model_input,identity_model_input_v1,-0.168445281626,-0.68082838644599997,-1.0477019512750001,0.29362889633799999,-0.24387649282099999,0.22266891522099999,-0.57089041630500004,-0.42167228240999999,-0.48305903815599999,0.013089125296000001,0.485554805343,0.94138694541300005,-0.34888549929599999,-1.1469399435480001,0.067897376354999997,-0.249781977539
304,0,0.016978904525072318,0.50334482461250762,true,flipguard_tabular_validation_v2,sha256:dd422160bdac66e0421fd85c945656bfc9bcb2ac1d0dbe59f4c819fa46dfbe2c,sha256:afd5351d9b781a1fad2db90dc7bca0052521a41efd7694c0ade20974824dcb4e,model_input,identity_model_input_v1,-0.168445281626,-0.64750604999000005,-0.17170344561299999,-0.34462975141000002,0.026571960623000001,1.094474583817,2.186884608183,-0.289089212032,-0.37981385010300001,0.88785999005799998,2.0303272298559998,-0.26595021421199999,-0.34888549929599999,1.4981681516109999,-1.1035986231699999,-0.068950892663000002
306,1,0.24861518629337512,0.54891572456757054,true,flipguard_tabular_validation_v2,sha256:dd422160bdac66e0421fd85c945656bfc9bcb2ac1d0dbe59f4c819fa46dfbe2c,sha256:afd5351d9b781a1fad2db90dc7bca0052521a41efd7694c0ade20974824dcb4e,model_input,identity_model_input_v1,-0.168445281626,-0.18099333961899999,1.6042829240830001,-0.33893101348400001,-0.293485380731,1.5745598370559999,1.238115565515,0.17858394718100001,0.94639517261999995,1.3809126592880001,0.37784590234999998,0.132489537548,-0.18579050562999999,1.0786258669040001,0.213511182667,-0.249781977539
312,0,-0.29210522692507396,0.4425549663513863,false,flipguard_tabular_validation_v2,sha256:dd422160bdac66e0421fd85c945656bfc9bcb2ac1d0dbe59f4c819fa46dfbe2c,sha256:afd5351d9b781a1fad2db90dc7bca0052521a41efd7694c0ade20974824dcb4e,model_input,identity_model_input_v1,-0.049370504087,2.0603722387840002,0.92639008754600005,-0.16796887569400001,-0.39750401667099999,-0.69195270575099999,0.953829144229,-0.40169401153099998,0.58503701443599998,-1.4505825082329999,-0.84616185052899995,1.2177987453579999,4.9095220551169998,0.95783880790700004,0.43961503266800001,-0.249781977539
315,1,0.058432539635976201,0.51151041226898852,true,flipguard_tabular_validation_v2,sha256:dd422160bdac66e0421fd85c945656bfc9bcb2ac1d0dbe59f4c819fa46dfbe2c,sha256:afd5351d9b781a1fad2db90dc7bca0052521a41efd7694c0ade20974824dcb4e,model_input,identity_model_input_v1,-0.168445281626,-0.73870402344700004,-0.87435949079099995,3.5390601453819999,-0.39750401667099999,-1.291376039018,-0.45088023154099999,-0.35810505688599997,0.11674634005499999,1.068673872153,-0.32178955963900002,-0.51093057202299996,-0.34888549929599999,-0.61496289647699998,-1.2104308629760001,-0.249781977539
316,1,0.060401276914949675,0.51189817010088723,true,flipguard_tabular_validation_v2,sha256:dd422160bdac66e0421fd85c945656bfc9bcb2ac1d0dbe59f4c819fa46dfbe2c,sha256:afd5351d9b781a1fad2db90dc7bca0052521a41efd7694c0ade20974824dcb4e,model_input,identity_model_input_v1,-0.168445281626,-0.48790959644199999,-1.055440453975,1.0715066232820001,-0.39750401667099999,1.7239601815179999,1.243034015711,3.6039492997020002,-0.487975475682,0.98831214677699997,-0.20274287738300001,-0.51093057202299996,-0.34888549929599999,1.6228101167460001,1.237929920539,-0.249781977539
318,0,-0.29810861507360625,0.44137857298612754,false,flipguard_tabular_validation_v2,sha256:dd422160bdac66e0421fd85c945656bfc9bcb2ac1d0dbe59f4c819fa46dfbe2c,sha256:afd5351d9b781a1fad2db90dc7bca0052521a41efd7694c0ade20974824dcb4e,model_input,identity_model_input_v1,-0.168445281626,-0.73870402344700004,-1.1661010425880001,-0.381671547931,-0.19746817832499999,0.27277268927800002,1.771275566683,0.67985692559800004,-0.487975475682,-0.70053973806299996,-0.53106606852500005,-0.51093057202299996,-0.34888549929599999,1.263661361537,-0.27162426248299998,-0.249781977539
320,1,0.51379254692868592,0.60067460220279556,true,flipguard_tabular_validation_v2,sha256:dd422160bdac66e0421fd85c945656bfc9bcb2ac1d0dbe59f4c819fa46dfbe2c,sha256:afd5351d9b781a1fad2db90dc7bca0052521a41efd7694c0ade20974824dcb4e,model_input,identity_model_input_v1,-0.168445281626,-0.73870402344700004,1.7559575770069999,-0.23065499288399999,-0.39750401667099999,0.10925219031,-0.44645362636500002,-0.51066639814400006,-0.081140270380000004,2.583408685347,1.4001356658499999,0.11584936229999999,1.9147605334860001,-0.042509334954999999,-1.0757929717129999,-0.249781977539
321,0,0.1924739709101124,0.53788885052971269,true,flipguard_tabular_validation_v2,sha256:dd422160bdac66e0421fd85c945656bfc9bcb2ac1d0dbe59f4c819fa46dfbe2c,sha256:afd5351d9b781a1fad2db90dc7bca0052521a41efd7694c0ade20974824dcb4e,model_input,identity_model_input_v1,-0.112410092196,-0.37391212962199999,-1.1661010425880001,-0.381671547931,0.096984575719999994,2.1648733932219999,1.2081130193239999,-0.11291718700800001,-0.487975475682,1.1134587920229999,1.4034425181350001,2.2263782561940002,-0.34888549929599999,1.196842988475,0.190095897229,-0.249781977539
324,0,-0.23762078122383232,0.45324237383177907,false,flipguard_tabular_validation_v2,sha256:dd422160bdac66e0421fd85c945656bfc9bcb2ac1d0dbe59f4c819fa46dfbe2c,sha256:afd5351d9b781a1fad2db90dc7bca0052521a41efd7694c0ade20974824dcb4e,model_input,identity_model_input_v1,-0.168445281626,-0.73870402344700004,-1.1661010425880001,-0.381671547931,0.66508635662399995,-0.354890953003,-0.58023547167599998,-0.59421189454699996,-0.487975475682,-1.3543158580429999,-0.47532198715200003,-0.51093057202299996,-0.34888549929599999,-0.68370872260799997,-0.82700556394400004,-0.249781977539
328,1,0.13380816185495265,0.52635062474602534,true,flipguard_tabular_validation_v2,sha256:dd422160bdac66e0421fd85c945656bfc9bcb2ac1d0dbe59f4c819fa46dfbe2c,sha256:afd5351d9b781a1fad2db90dc7bca0052521a41efd7694c0ade20974824dcb4e,model_input,identity_model_input_v1,-0.168445281626,-0.47475604257800003,-1.076334411266,2.5588772220539999,-0.39750401667099999,0.20444936101799999,-0.55761060077799995,0.48189042325199999,0.078643949226000001,0.96487331021,0.92205930694899996,-0.51093057202299996,-0.34888549929599999,-0.47168888500700001,-0.55626632607799997,-0.249781977539
329,1,-0.064517803142132776,0.48729106701453145,false,flipguard_tabular_validation_v2,sha256:dd422160bdac66e0421fd85c945656bfc9bcb2ac1d0dbe59f4c819fa46dfbe2c,sha256:afd5351d9b781a1fad2db90dc7bca0052521a41efd7694c0ade20974824dcb4e,model_input,identity_model_input_v1,-0.168445281626,-0.029289018388999999,-0.43636023795899997,-0.381671547931,-0.39750401667099999,1.1905827322360001,0.79004475272600005,0.62355452584899995,-0.487975475682,-0.12545114084600001,0.048105488799,-0.51093057202299996,-0.34888549929599999,-0.96897177683400004,2.2967398588969998,-0.249781977539
330,1,0.31491201013889319,0.56191274723762674,true,flipguard_tabular_validation_v2,sha256:dd422160bdac66e0421fd85c945656bfc9bcb2ac1d0dbe59f4c819fa46dfbe2c,sha256:afd5351d9b781a1fad2db90dc7bca0052521a41efd7694c0ade20974824dcb4e,model_input,identity_model_input_v1,-0.168445281626,0.64855745739600001,1.945550893162,-0.381671547931,-0.39750401667099999,-0.89282329083500001,-0.081504621875999994,-0.59421189454699996,-0.487975475682,1.3775642540640001,0.44162091070100001,0.13064062918700001,-0.34888549929599999,0.143811128392,-0.010397484326,-0.22567116622200001
331,1,0.018493838619402809,0.50364326090681866,true,flipguard_tabular_validation_v2,sha256:dd422160bdac66e0421fd85c945656bfc9bcb2ac1d0dbe59f4c819fa46dfbe2c,sha256:afd5351d9b781a1fad2db90dc7bca0052521a41efd7694c0ade20974824dcb4e,model_input,identity_model_input_v1,-0.168445281626,-0.147671003163,-0.046339701869000001,-0.381671547931,-0.39750401667099999,0.96739319325399997,1.5450268576999999,-0.59421189454699996,-0.487975475682,0.85646869108400003,0.59798778303,-0.51093057202299996,-0.34888549929599999,0.85182888910700005,0.90353037539100001,-0.249781977539
332,0,-0.054713867560853252,0.48922202325784603,false,flipguard_tabular_validation_v2,sha256:dd422160bdac66e0421fd85c945656bfc9bcb2ac1d0dbe59f4c819fa46dfbe2c,sha256:afd5351d9b781a1fad2db90dc7bca0052521a41efd7694c0ade20974824dcb4e,model_input,identity_model_input_v1,-0.168445281626,-0.73870402344700004,0.35219318719100001,-0.381671547931,-0.39750401667099999,-1.7072373636930001,-0.23938687314400001,-0.59421189454699996,-0.487975475682,-0.0032343501710000002,-1.8613655019899999,-0.51093057202299996,-0.34888549929599999,-0.018737413769,-1.2104308629760001,-0.249781977539
333,1,-0.15285923511544725,0.46990101748464341,false,flipguard_tabular_validation_v2,sha256:dd422160bdac66e0421fd85c945656bfc9bcb2ac1d0dbe59f4c819fa46dfbe2c,sha256:afd5351d9b781a1fad2db90dc7bca0052521a41efd7694c0ade20974824dcb4e,model_input,identity_model_input_v1,-0.168445281626,-0.57384614835299996,-0.68631387517599995,0.0086920000220000009,-0.39750401667099999,-0.082964106528000001,-0.15478952978499999,-0.32359713445900001,-0.487975475682,-0.69593568088000002,-0.48477013653700002,-0.38150698676400002,-0.34888549929599999,-0.041866850598000001,-1.2104308629760001,-0.249781977539
334,1,0.27006428772537605,0.55312387642960514,true,flipguard_tabular_validation_v2,sha256:dd422160bdac66e0421fd85c945656bfc9bcb2ac1d0dbe59f4c819fa46dfbe2c,sha256:afd5351d9b781a1fad2db90dc7bca0052521a41efd7694c0ade20974824dcb4e,model_input,identity_model_input_v1,-0.168445281626,0.28990388870799999,-0.92620745888199996,-0.381671547931,-0.39750401667099999,0.63306437363500001,-1.3086579455959999,1.473539141427,0.28882165347599997,0.85437593781900001,0.39626979365100001,-0.51093057202299996,-0.34888549929599999,-1.230462909875,0.22082845936600001,-0.249781977539
335,0,-0.29852140078618794,0.44129769501555999,false,flipguard_tabular_validation_v2,sha256:dd422160bdac66e0421fd85c945656bfc9bcb2ac1d0dbe59f4c819fa46dfbe2c,sha256:afd5351d9b781a1fad2db90dc7bca0052521a41efd7694c0ade20974824dcb4e,model_input,identity_model_input_v1,-0.168445281626,-0.73870402344700004,-1.1661010425880001,-0.381671547931,0.98034283785700005,0.58888195469399995,-0.33775587704999999,-0.59421189454699996,-0.487975475682,-1.6925047856640001,-0.522562734079,-0.51093057202299996,-0.34888549929599999,-0.90343837248500003,0.48059178218300003,-0.249781977539
336,1,0.1025596647336507,0.52019993886341842,true,flipguard_tabular_validation_v2,sha256:dd422160bdac66e0421fd85c945656bfc9bcb2ac1d0dbe59f4c819fa46dfbe2c,sha256:afd5351d9b781a1fad2db90dc7bca0052521a41efd7694c0ade20974824dcb4e,model_input,identity_model_input_v1,-0.168445281626,-0.53526239035199996,-1.0299033950650001,1.735409591699,3.6720250786430002,-0.62135193321600002,-0.70909886679199996,0.58450608731200004,0.202783996765,0.41406065086600002,0.938121160904,-0.20123842158300001,-0.34888549929599999,-1.3814467336209999,0.73157437296200001,-0.249781977539
339,0,-0.26196542362247771,0.44846472198060017,false,flipguard_tabular_validation_v2,sha256:dd422160bdac66e0421fd85c945656bfc9bcb2ac1d0dbe59f4c819fa46dfbe2c,sha256:afd5351d9b781a1fad2db90dc7bca0052521a41efd7694c0ade20974824dcb4e,model_input,identity_model_input_v1,-0.168445281626,-0.017012368116000001,-0.612798099524,-0.381671547931,-0.39750401667099999,-1.085495076528,-0.36136443798700002,-0.59421189454699996,-0.487975475682,-1.5162949607530001,-0.61184774577099998,-0.51093057202299996,-0.34888549929599999,-0.140166957122,-0.53358276830999996,-0.249781977539
341,0,-0.44290139299479148,0.41309594664139754,false,flipguard_tabular_validation_v2,sha256:dd422160bdac66e0421fd85c945656bfc9bcb2ac1d0dbe59f4c819fa46dfbe2c,sha256:afd5351d9b781a1fad2db90dc7bca0052521a41efd7694c0ade20974824dcb4e,model_input,identity_model_input_v1,9.3435281241439991,2.590898911294,0.40713655636200002,-0.381671547931,-0.122254703107,-0.97845519558799998,0.92136737294000004,-0.34266730211599999,-0.14874128636600001,-1.650231169712,-1.07197262084,1.3823515894730001,3.098605228891,1.447411887458,0.84279697878799997,-0.249781977539
347,1,-0.024584359385317126,0.49515694063532784,false,flipguard_tabular_validation_v2,sha256:dd422160bdac66e0421fd85c945656bfc9bcb2ac1d0dbe59f4c819fa46dfbe2c,sha256:afd5351d9b781a1fad2db90dc7bca0052521a41efd7694c0ade20974824dcb4e,model_input,identity_model_input_v1,-0.168445281626,1.134362046768,0.29647596774899998,-0.381671547931,1.07315946685,1.7121174712859999,0.85349276024499998,-0.59421189454699996,-0.487975475682,0.059548247778000003,0.39532497871299999,-0.42218297070299998,-0.34888549929599999,1.3092777508390001,2.1101493030710001,-0.249781977539
348,1,0.048991198055638709,0.50965079567451699,true,flipguard_tabular_validation_v2,sha256:dd422160bdac66e0421fd85c945656bfc9bcb2ac1d0dbe59f4c819fa46dfbe2c,sha256:afd5351d9b781a1fad2db90dc7bca0052521a41efd7694c0ade20974824dcb4e,model_input,identity_model_input_v1,-0.168445281626,0.68012598666900004,-0.097413819691000006,-0.381671547931,-0.39750401667099999,0.36387046029100001,-0.042157020314000003,0.2294377276,-0.487975475682,0.045317525577000001,-0.77152147038399999,0.79070091400499998,-0.34888549929599999,0.50874224280699998,0.56547219189300002,-0.249781977539
349,1,0.093985487625408176,0.51851182026474396,true,flipguard_tabular_validation_v2,sha256:dd422160bdac66e0421fd85c945656bfc9bcb2ac1d0dbe59f4c819fa46dfbe2c,sha256:afd5351d9b781a1fad2db90dc7bca0052521a41efd7694c0ade20974824dcb4e,model_input,identity_model_input_v1,-0.168445281626,1.152777022178,-0.0068733380980000001,-0.381671547931,-0.39750401667099999,0.39074430273999999,-0.76812026913599996,-0.57968224299799997,-0.487975475682,0.117726788545,-0.16778472465700001,-0.01727203968,-0.34888549929599999,-0.55778178875999995,0.74474547101999999,-0.012692332924
350,1,0.038700913027863222,0.50762384800766747,true,flipguard_tabular_validation_v2,sha256:dd422160bdac66e0421fd85c945656bfc9bcb2ac1d0dbe59f4c819fa46dfbe2c,sha256:afd5351d9b781a1fad2db90dc7bca0052521a41efd7694c0ade20974824dcb4e,model_input,identity_model_input_v1,-0.168445281626,0.068047280203999999,0.21522168939700001,-0.381671547931,-0.39750401667099999,1.145033846729,0.60511102538399997,2.0202172809330001,0.25563570017300002,-0.259387349805,-0.69688109023900002,1.1105620604299999,-0.34888549929599999,1.766726612572,1.120853493354,-0.249781977539
352,0,-0.21756216261510117,0.45718144570057406,false,flipguard_tabular_validation_v2,sha256:dd422160bdac66e0421fd85c945656bfc9bcb2ac1d0dbe59f4c819fa46dfbe2c,sha256:afd5351d9b781a1fad2db90dc7bca0052521a41efd7694c0ade20974824dcb4e,model_input,identity_model_input_v1,1.638689577496,2.0708950818759999,-0.059495156459999997,-0.381671547931,-0.272681653543,-0.025117021935000001,0.326234899312,-0.59421189454699996,-0.487975475682,-1.2584677585070001,0.57956389172800005,-0.42218297070299998,-0.34888549929599999,1.1518690835300001,1.8174582351070001,-0.22165269767000001
353,0,-0.092487676138640923,0.48178309234800387,false,flipguard_tabular_validation_v2,sha256:dd422160bdac66e0421fd85c945656bfc9bcb2ac1d0dbe59f4c819fa46dfbe2c,sha256:afd5351d9b781a1fad2db90dc7bca0052521a41efd7694c0ade20974824dcb4e,model_input,identity_model_input_v1,-0.168445281626,-0.41863421275899998,0.29492826720900001,-0.381671547931,-0.39750401667099999,1.7312480031990001,-1.039618719915,-0.59421189454699996,-0.487975475682,-1.2028005216590001,-0.19187750559,-0.51093057202299996,-0.34888549929599999,0.36482574698100001,0.96206858898299996,-0.249781977539
354,0,-0.35053518251713078,0.43111685696600394,false,flipguard_tabular_validation_v2,sha256:dd422160bdac66e0421fd85c945656bfc9bcb2ac1d0dbe59f4c819fa46dfbe2c,sha256:afd5351d9b781a1fad2db90dc7bca0052521a41efd7694c0ade20974824dcb4e,model_input,identity_model_input_v1,-0.168445281626,-0.73870402344700004,-1.1661010425880001,-0.381671547931,4.7106111513369999,0.194428606207,0.67692039823500005,-0.073868748472000006,-0.487975475682,-1.6899934817460001,0.20352754618900001,-0.51093057202299996,-0.34888549929599999,0.35775841906099998,0.82523551471000001,-0.249781977539
357,1,0.29243546201804088,0.55750975144996806,true,flipguard_tabular_validation_v2,sha256:dd422160bdac66e0421fd85c945656bfc9bcb2ac1d0dbe59f4c819fa46dfbe2c,sha256:afd5351d9b781a1fad2db90dc7bca0052521a41efd7694c0ade20974824dcb4e,model_input,identity_model_input_v1,-0.168445281626,0.040863268884999998,1.321053725256,0.17395539988600001,-0.39750401667099999,-0.19911376456999999,-2.4640018964650001,-0.59421189454699996,-0.45601863176099999,0.15121084078499999,-0.114402680629,0.61967689062800002,-0.34888549929599999,-0.36053909135599999,-0.0096657566560000002,-0.249781977539
358,0,-0.086511425978044371,0.48295983896686506,false,flipguard_tabular_validation_v2,sha256:dd422160bdac66e0421fd85c945656bfc9bcb2ac1d0dbe59f4c819fa46dfbe2c,sha256:afd5351d9b781a1fad2db90dc7bca0052521a41efd7694c0ade20974824dcb4e,model_input,identity_model_input_v1,-0.168445281626,-0.658905796672,0.81186024758300002,-0.381671547931,-0.39750401667099999,-1.1488080273820001,0.23229250058199999,-0.59421189454699996,-0.487975475682,-0.38244124178599997,-0.49988717555399997,-0.51093057202299996,-0.34888549929599999,1.8020632521719999,-0.98213182996500004,-0.249781977539
360,0,-0.15821042654580628,0.46884838633952652,false,flipguard_tabular_validation_v2,sha256:dd422160bdac66e0421fd85c945656bfc9bcb2ac1d0dbe59f4c819fa46dfbe2c,sha256:afd5351d9b781a1fad2db90dc7bca0052521a41efd7694c0ade20974824dcb4e,model_input,identity_model_input_v1,-0.168445281626,-0.043319475842999999,-1.0941329674760001,-0.381671547931,-0.39750401667099999,-0.89054584656000002,-2.2180793867020001,-0.59421189454699996,-0.487975475682,-1.5903784263330001,-1.2401496799,-0.51093057202299996,-0.34888549929599999,-1.3814467336209999,-0.46041000131999998,-0.249781977539
361,0,-0.11077653096210832,0.4781824609505938,false,flipguard_tabular_validation_v2,sha256:dd422160bdac66e0421fd85c945656bfc9bcb2ac1d0dbe59f4c819fa46dfbe2c,sha256:afd5351d9b781a1fad2db90dc7bca0052521a41efd7694c0ade20974824dcb4e,model_input,identity_model_input_v1,-0.168445281626,-0.73870402344700004,-0.17866809804299999,1.436225850567,-0.39750401667099999,-1.7728277588229999,0.35820482558099997,-0.59421189454699996,-0.487975475682,0.30942298761699999,-1.622327322539,-0.51093057202299996,-0.34888549929599999,0.135458831759,-1.2104308629760001,-0.249781977539
362,0,-0.0085662971844408069,0.4983124419690943,false,flipguard_tabular_validation_v2,sha256:dd422160bdac66e0421fd85c945656bfc9bcb2ac1d0dbe59f4c819fa46dfbe2c,sha256:afd5351d9b781a1fad2db90dc7bca0052521a41efd7694c0ade20974824dcb4e,model_input,identity_model_input_v1,-0.168445281626,0.99931889376600003,-0.58184408872299997,-0.381671547931,-0.39750401667099999,0.27140622271300002,-0.67712894052299999,-0.59421189454699996,-0.487975475682,-0.30500937098100001,0.20258273125099999,-0.51093057202299996,-0.34888549929599999,-1.1077483978089999,0.96353204432299999,-0.249781977539
370,1,-0.057107264189497263,0.48875061391656005,false,flipguard_tabular_validation_v2,sha256:dd422160bdac66e0421fd85c945656bfc9bcb2ac1d0dbe59f4c819fa46dfbe2c,sha256:afd5351d9b781a1fad2db90dc7bca0052521a41efd7694c0ade20974824dcb4e,model_input,identity_model_input_v1,9.2384621439619998,2.0016196981930001,-0.114438525631,-0.381671547931,-0.35109570217500002,-1.7997016012710001,-0.330378201757,-0.59421189454699996,-0.487975475682,-0.143867369578,0.82852262803300003,0.63261924915400003,-0.34888549929599999,0.46248336914900001,0.67084097635999995,0.43335767643700002
372,0,-0.12109282815444775,0.47615181541925311,false,flipguard_tabular_validation_v2,sha256:dd422160bdac66e0421fd85c945656bfc9bcb2ac1d0dbe59f4c819fa46dfbe2c,sha256:afd5351d9b781a1fad2db90dc7bca0052521a41efd7694c0ade20974824dcb4e,model_input,identity_model_input_v1,-0.168445281626,-0.73870402344700004,-0.24599307153399999,-0.381671547931,-0.39750401667099999,-1.783759491344,0.25934397665600001,-0.59421189454699996,-0.487975475682,-0.066854049425999998,-1.659647512611,-0.51093057202299996,-0.34888549929599999,0.33655643530099999,-1.2104308629760001,-0.249781977539
377,1,0.3741289100053099,0.57349392432346602,true,flipguard_tabular_validation_v2,sha256:dd422160bdac66e0421fd85c945656bfc9bcb2ac1d0dbe59f4c819fa46dfbe2c,sha256:afd5351d9b781a1fad2db90dc7bca0052521a41efd7694c0ade20974824dcb4e,model_input,identity_model_input_v1,3.116617698717,2.6443900303399999,0.96663030158700003,-0.381671547931,-0.39750401667099999,-1.8019790455469999,-0.198563736523,-0.59421189454699996,1.0127670792250001,1.489735829067,0.73356872670999995,1.15493586109,-0.34888549929599999,-1.3692395308500001,-0.46333691199900001,5.2796307511120002
378,0,-0.29238924694574153,0.44249930549984595,false,flipguard_tabular_validation_v2,sha256:dd422160bdac66e0421fd85c945656bfc9bcb2ac1d0dbe59f4c819fa46dfbe2c,sha256:afd5351d9b781a1fad2db90dc7bca0052521a41efd7694c0ade20974824dcb4e,model_input,identity_model_input_v1,-0.168445281626,-0.110841052345,-1.1661010425880001,-0.381671547931,-0.39750401667099999,1.328595855321,0.65183630223900002,-0.37081850199100003,-0.487975475682,-1.419609759911,0.54177129418699999,-0.46748122554299998,-0.34888549929599999,0.87945571643099996,0.388394095775,-0.249781977539
381,1,0.069128052450918687,0.51361690496735279,true,flipguard_tabular_validation_v2,sha256:dd422160bdac66e0421fd85c945656bfc9bcb2ac1d0dbe59f4c819fa46dfbe2c,sha256:afd5351d9b781a1fad2db90dc7bca0052521a41efd7694c0ade20974824dcb4e,model_input,identity_model_input_v1,-0.168445281626,-0.027535211207000001,-0.820189971889,-0.381671547931,-0.39750401667099999,0.045028261744999999,-0.32201683642500001,0.086865521781999994,-0.487975475682,0.2650566184,0.86962207786000001,-0.49244148841500002,-0.34888549929599999,-1.3814467336209999,0.24570720014299999,-0.249781977539
382,1,0.14520446879651577,0.52859303419265702,true,flipguard_tabular_validation_v2,sha256:dd422160bdac66e0421fd85c945656bfc9bcb2ac1d0dbe59f4c819fa46dfbe2c,sha256:afd5351d9b781a1fad2db90dc7bca0052521a41efd7694c0ade20974824dcb4e,model_input,identity_model_input_v1,-0.168445281626,1.7762554753249999,-1.1661010425880001,-0.381671547931,-0.39750401667099999,-0.24557362778700001,-1.7242669870959999,-0.59421189454699996,-0.487975475682,0.0034624602769999999,2.0170998207170001,-0.51093057202299996,-0.34888549929599999,-1.3814467336209999,-1.2104308629760001,-0.249781977539
383,0,-0.11340456360536132,0.47766513477041961,false,flipguard_tabular_validation_v2,sha256:dd422160bdac66e0421fd85c945656bfc9bcb2ac1d0dbe59f4c819fa46dfbe2c,sha256:afd5351d9b781a1fad2db90dc7bca0052521a41efd7694c0ade20974824dcb4e,model_input,identity_model_input_v1,-0.168445281626,-0.73870402344700004,-0.50987601361099999,-0.381671547931,-0.39750401667099999,1.2324877069019999,2.4751057896259998,-0.59421189454699996,-0.487975475682,0.65598292829799998,0.50870277133800001,-0.51093057202299996,-0.34888549929599999,0.68157053466999995,0.10594721519,-0.249781977539
384,0,-0.27159584054833169,0.44657575572087777,false,flipguard_tabular_validation_v2,sha256:dd422160bdac66e0421fd85c945656bfc9bcb2ac1d0dbe59f4c819fa46dfbe2c,sha256:afd5351d9b781a1fad2db90dc7bca0052521a41efd7694c0ade20974824dcb4e,model_input,identity_model_input_v1,-0.168445281626,1.2930815967260001,-1.090263716126,-0.381671547931,0.36423245575099999,1.143667380164,0.13048058154,-0.59421189454699996,-0.487975475682,-1.4200283105639999,-0.55137958970400003,-0.42495633324400001,-0.34888549929599999,-0.64194723944400001,1.9001434618069999,0.224397311691
387,0,-0.310761758957532,0.43889997810619352,false,flipguard_tabular_validation_v2,sha256:dd422160bdac66e0421fd85c945656bfc9bcb2ac1d0dbe59f4c819fa46dfbe2c,sha256:afd5351d9b781a1fad2db90dc7bca0052521a41efd7694c0ade20974824dcb4e,model_input,identity_model_input_v1,-0.168445281626,-0.73870402344700004,-0.516066815771,-0.381671547931,-0.28868452061099997,-0.47286256646500002,0.913989697647,-0.59421189454699996,-0.487975475682,-1.078072427066,-0.952453531114,-0.51093057202299996,-0.34888549929599999,0.54022397626899998,-1.2104308629760001,-0.249781977539
388,0,-0.1587323637037438,0.4687457220095958,false,flipguard_tabular_validation_v2,sha256:dd422160bdac66e0421fd85c945656bfc9bcb2ac1d0dbe59f4c819fa46dfbe2c,sha256:afd5351d9b781a1fad2db90dc7bca0052521a41efd7694c0ade20974824dcb4e,model_input,identity_model_input_v1,-0.168445281626,-0.73870402344700004,-0.77066355460799996,1.800945077852,-0.39750401667099999,-1.7728277588229999,0.13835010185300001,-0.42076417918800002,-0.487975475682,0.095125053283,-1.8330210538330001,-0.51093057202299996,-0.34888549929599999,0.29800737391900001,-1.2104308629760001,-0.249781977539
392,1,0.058241220096472555,0.51147273013287786,true,flipguard_tabular_validation_v2,sha256:dd422160bdac66e0421fd85c945656bfc9bcb2ac1d0dbe59f4c819fa46dfbe2c,sha256:afd5351d9b781a1fad2db90dc7bca0052521a41efd7694c0ade20974824dcb4e,model_input,identity_model_input_v1,-0.168445281626,-0.606291581217,0.36147939043100002,-0.381671547931,-0.39750401667099999,0.36068203830599999,1.685694533285,1.97753642951,-0.487975475682,1.1448500909979999,-1.037486875583,-0.51093057202299996,-0.34888549929599999,2.0622694165,-0.19332940180300001,-0.249781977539
394,1,0.3871204080889451,0.5760306615133971,true,flipguard_tabular_validation_v2,sha256:dd422160bdac66e0421fd85c945656bfc9bcb2ac1d0dbe59f4c819fa46dfbe2c,sha256:afd5351d9b781a1fad2db90dc7bca0052521a41efd7694c0ade20974824dcb4e,model_input,identity_model_input_v1,-0.168445281626,2.9846286236189998,2.521295494056,-0.381671547931,-0.39750401667099999,-1.54781626442,0.66954272294200001,-0.39987780508800003,0.973435579015,2.0125055946599999,-0.56224496149699998,0.41814587929699998,1.94288035998,0.89423285662700003,1.2335395545200001,4.9661902039930004
397,1,0.36640744261090491,0.57198549892837547,true,flipguard_tabular_validation_v2,sha256:dd422160bdac66e0421fd85c945656bfc9bcb2ac1d0dbe59f4c819fa46dfbe2c,sha256:afd5351d9b781a1fad2db90dc7bca0052521a41efd7694c0ade20974824dcb4e,model_input,identity_model_input_v1,-0.168445281626,-0.26780679512,1.223548591233,-0.381671547931,-0.39750401667099999,0.34337346181299999,-2.3193994607240001,-0.59421189454699996,-0.487975475682,0.86023564696099997,0.32021219109900001,-0.51093057202299996,-0.34888549929599999,-1.0627744928639999,0.286683949657,-0.249781977539
399,0,0.0063936762438546336,0.5012595531745685,true,flipguard_tabular_validation_v2,sha256:dd422160bdac66e0421fd85c945656bfc9bcb2ac1d0dbe59f4c819fa46dfbe2c,sha256:afd5351d9b781a1fad2db90dc7bca0052521a41efd7694c0ade20974824dcb4e,model_input,identity_model_input_v1,-0.168445281626,-0.68872051876399998,-0.541603874682,-0.381671547931,1.0363528725940001,1.283502458669,0.84660692997200004,-0.59421189454699996,0.228595293778,0.23617662334299999,1.268333981924,-0.51093057202299996,-0.34888549929599999,-1.3814467336209999,1.8818502700590001,-0.249781977539
400,1,0.13759287217480581,0.52709537629632719,true,flipguard_tabular_validation_v2,sha256:dd422160bdac66e0421fd85c945656bfc9bcb2ac1d0dbe59f4c819fa46dfbe2c,sha256:afd5351d9b781a1fad2db90dc7bca0052521a41efd7694c0ade20974824dcb4e,model_input,identity_model_input_v1,-0.168445281626,-0.70976620494599996,-0.84031007890999998,1.3735397333770001,-0.39750401667099999,0.87675091109500003,1.7737347917799999,2.8502236256320002,-0.487975475682,2.1962493313250002,-1.0885068822640001,-0.51093057202299996,-0.34888549929599999,1.687058552383,-1.1226235425869999,-0.249781977539
403,1,-0.06757129648098946,0.486689688682999,false,flipguard_tabular_validation_v2,sha256:dd422160bdac66e0421fd85c945656bfc9bcb2ac1d0dbe59f4c819fa46dfbe2c,sha256:afd5351d9b781a1fad2db90dc7bca0052521a41efd7694c0ade20974824dcb4e,model_input,identity_model_input_v1,-0.168445281626,-0.73870402344700004,-0.94632756590199996,-0.381671547931,-0.39750401667099999,-0.34350373162600001,-0.094784437402999994,-0.59421189454699996,-0.487975475682,-0.113313171909,-0.39028864268300001,-0.51093057202299996,-0.34888549929599999,-1.3814467336209999,0.57644810694100002,-0.249781977539
404,0,0.21398919472347588,0.5421166759222863,true,flipguard_tabular_validation_v2,sha256:dd422160bdac66e0421fd85c945656bfc9bcb2ac1d0dbe59f4c819fa46dfbe2c,sha256:afd5351d9b781a1fad2db90dc7bca0052521a41efd7694c0ade20974824dcb4e,model_input,identity_model_input_v1,-0.168445281626,-0.47212533180600003,-0.55862858062200005,-0.381671547931,0.072980275119000002,1.006565234789,-0.46219266699,-0.59421189454699996,0.34536068502799999,0.42326876523200002,0.76144076739699995,1.314866434302,-0.34888549929599999,-1.1315203189950001,-1.1094524445289999,5.548868144149
405,0,-0.28063359545807826,0.44480358713123214,false,flipguard_tabular_validation_v2,sha256:dd422160bdac66e0421fd85c945656bfc9bcb2ac1d0dbe59f4c819fa46dfbe2c,sha256:afd5351d9b781a1fad2db90dc7bca0052521a41efd7694c0ade20974824dcb4e,model_input,identity_model_input_v1,-0.168445281626,-0.697489554673,-0.73119719083699997,-0.381671547931,-0.39750401667099999,0.581594133013,0.046375083200999999,-0.52610415291400003,-0.487975475682,-1.471928591535,-0.306200113153,-0.51093057202299996,-0.34888549929599999,0.61218222418199997,-1.0955496188010001,-0.249781977539
406,1,0.49701157835188553,0.59742019272303648,true,flipguard_tabular_validation_v2,sha256:dd422160bdac66e0421fd85c945656bfc9bcb2ac1d0dbe59f4c819fa46dfbe2c,sha256:afd5351d9b781a1fad2db90dc7bca0052521a41efd7694c0ade20974824dcb4e,model_input,identity_model_input_v1,-0.168445281626,0.90987472749099996,0.22915099425800001,-0.381671547931,1.3292053399329999,1.116793537715,-0.60384403261399999,1.0449144207509999,1.87314364633,0.82340318949699998,1.902304805684,3.485484849923,-0.34888549929599999,-0.149161738111,0.36571053800800002,-0.249781977539
407,1,0.019500409714336149,0.50384155105235462,true,flipguard_tabular_validation_v2,sha256:dd422160bdac66e0421fd85c945656bfc9bcb2ac1d0dbe59f4c819fa46dfbe2c,sha256:afd5351d9b781a1fad2db90dc7bca0052521a41efd7694c0ade20974824dcb4e,model_input,identity_model_input_v1,-0.168445281626,-0.73870402344700004,0.80799099623299997,-0.381671547931,-0.39750401667099999,-0.38404223972700002,0.78758552762900003,-0.54154190768400001,-0.458476850524,0.55846062615000003,-0.30667252062200001,-0.51093057202299996,-0.28139791571,1.029154571464,-1.070670878024,-0.249781977539
408,1,0.16868494324927202,0.5332117343629611,true,flipguard_tabular_validation_v2,sha256:dd422160bdac66e0421fd85c945656bfc9bcb2ac1d0dbe59f4c819fa46dfbe2c,sha256:afd5351d9b781a1fad2db90dc7bca0052521a41efd7694c0ade20974824dcb4e,model_input,identity_model_input_v1,-0.168445281626,-0.30551364952999999,1.948646294242,-0.29334111007300001,-0.39750401667099999,-0.23509738412,0.36164774071799999,2.4315880403949999,0.244573715739,0.90167216160700003,-0.31895511482299999,-0.51093057202299996,3.1885886736720002,1.1814233639230001,-1.0479873202559999,-0.249781977539
409,1,0.43130433213146629,0.58464602259027276,true,flipguard_tabular_validation_v2,sha256:dd422160bdac66e0421fd85c945656bfc9bcb2ac1d0dbe59f4c819fa46dfbe2c,sha256:afd5351d9b781a1fad2db90dc7bca0052521a41efd7694c0ade20974824dcb4e,model_input,identity_model_input_v1,-0.168445281626,1.7595943070969999,-1.1661010425880001,-0.381671547931,0.87792448862399997,1.658369786388,1.716188924496,1.585235837705,0.39083773214700002,2.6662817146400002,1.258413425069,2.1579686468429999,-0.34888549929599999,-1.0248679158380001,-0.80578546151700003,-0.249781977539
410,1,0.22673999599080552,0.54462115146707002,true,flipguard_tabular_validation_v2,sha256:dd422160bdac66e0421fd85c945656bfc9bcb2ac1d0dbe59f4c819fa46dfbe2c,sha256:afd5351d9b781a1fad2db90dc7bca0052521a41efd7694c0ade20974824dcb4e,model_input,identity_model_input_v1,-0.168445281626,-0.58524589503500002,-0.86507328755000001,-0.381671547931,1.2155849837520001,2.0532786237309999,1.3118923184439999,3.204383882123,3.5348995302250001,0.28933255627299997,-0.16117102008699999,3.3810215275359998,0.219134995887,1.1056102098709999,0.54717900014499998,-0.249781977539
412,0,-0.25875696968276757,0.44909417743940694,false,flipguard_tabular_validation_v2,sha256:dd422160bdac66e0421fd85c945656bfc9bcb2ac1d0dbe59f4c819fa46dfbe2c,sha256:afd5351d9b781a1fad2db90dc7bca0052521a41efd7694c0ade20974824dcb4e,model_input,identity_model_input_v1,-0.168445281626,1.0773633133580001,-0.266113178555,-0.381671547931,-0.39750401667099999,1.174640622309,1.657167522153,-0.59421189454699996,-0.487975475682,-1.0244979434820001,1.349588066638,-0.51093057202299996,-0.34888549929599999,2.366807001418,0.63718150354400005,-0.249781977539
415,0,-0.1098847035692508,0.47835802067335681,false,flipguard_tabular_validation_v2,sha256:dd422160bdac66e0421fd85c945656bfc9bcb2ac1d0dbe59f4c819fa46dfbe2c,sha256:afd5351d9b781a1fad2db90dc7bca0052521a41efd7694c0ade20974824dcb4e,model_input,identity_model_input_v1,-0.168445281626,-0.40986517685000001,0.141705913745,2.8238685356280002,-0.39750401667099999,1.130002714512,0.044899548142999998,0.26303754680500002,-0.26673578699799999,-0.23929691846100001,-0.155502130456,-0.51093057202299996,0.31193042331699999,2.504941138036,0.076678108393999994,-0.249781977539
416,0,0.12305376860889811,0.52423413918210171,true,flipguard_tabular_validation_v2,sha256:dd422160bdac66e0421fd85c945656bfc9bcb2ac1d0dbe59f4c819fa46dfbe2c,sha256:afd5351d9b781a1fad2db90dc7bca0052521a41efd7694c0ade20974824dcb4e,model_input,identity_model_input_v1,-0.168445281626,-0.048580897388999997,-0.89215804700099999,-0.381671547931,2.8046696835740001,1.160064978946,0.051293533395999999,-0.072052542028000002,-0.17823991152400001,0.17213837343400001,1.71050737316,1.0319834550939999,-0.34888549929599999,-0.843044842987,1.1823186176260001,-0.249781977539
418,1,-0.085254041561585558,0.48320743240366448,false,flipguard_tabular_validation_v2,sha256:dd422160bdac66e0421fd85c945656bfc9bcb2ac1d0dbe59f4c819fa46dfbe2c,sha256:afd5351d9b781a1fad2db90dc7bca0052521a41efd7694c0ade20974824dcb4e,model_input,identity_model_input_v1,-0.168445281626,-0.73870402344700004,-0.70875553300600003,-0.18506508947299999,-0.39750401667099999,0.087388725266,0.57560032421200003,-0.55062293990199995,-0.487975475682,0.28556560039599999,-0.96379131037700005,-0.51093057202299996,-0.34888549929599999,0.381530340247,-1.2104308629760001,-0.249781977539
419,1,0.42736062705241251,0.58387783589751374,true,flipguard_tabular_validation_v2,sha256:dd422160bdac66e0421fd85c945656bfc9bcb2ac1d0dbe59f4c819fa46dfbe2c,sha256:afd5351d9b781a1fad2db90dc7bca0052521a41efd7694c0ade20974824dcb4e,model_input,identity_model_input_v1,-0.168445281626,0.098738905885999997,1.8689397164299999,0.30502637219099998,-0.39750401667099999,-0.238285806106,0.96612526971699997,-0.42530469529699999,1.694922786002,2.3515316235869999,0.88048744965299997,0.90533323237700003,1.26800452412,-0.87131415466700002,-1.0070105707420001,-0.249781977539
420,0,-0.29062165126583228,0.44284571941689649,false,flipguard_tabular_validation_v2,sha256:dd422160bdac66e0421fd85c945656bfc9bcb2ac1d0dbe59f4c819fa46dfbe2c,sha256:afd5351d9b781a1fad2db90dc7bca0052521a41efd7694c0ade20974824dcb4e,model_input,identity_model_input_v1,-0.168445281626,1.5771983601849999,0.51934484551500004,-0.381671547931,-0.39750401667099999,0.049127661441000003,-0.24479716835900001,-0.58785517199399995,-0.487975475682,-1.6925047856640001,-0.155502130456,0.17316552148600001,4.9910695519499999,0.767663438423,0.397906555484,-0.249781977539
421,0,0.08318946071621941,0.51638602091497776,true,flipguard_tabular_validation_v2,sha256:dd422160bdac66e0421fd85c945656bfc9bcb2ac1d0dbe59f4c819fa46dfbe2c,sha256:afd5351d9b781a1fad2db90dc7bca0052521a41efd7694c0ade20974824dcb4e,model_input,identity_model_input_v1,-0.168445281626,-0.73870402344700004,-1.1661010425880001,-0.381671547931,-0.37990086289699998,1.0279732109769999,1.28484084237,1.0521792465249999,-0.19298922410300001,1.059047207134,0.89985615589300005,-0.51093057202299996,-0.34888549929599999,-0.60275569370600002,1.4018369185990001,-0.249781977539
422,0,-0.21089854473833566,0.45849050823392956,false,flipguard_tabular_validation_v2,sha256:dd422160bdac66e0421fd85c945656bfc9bcb2ac1d0dbe59f4c819fa46dfbe2c,sha256:afd5351d9b781a1fad2db90dc7bca0052521a41efd7694c0ade20974824dcb4e,model_input,identity_model_input_v1,-0.168445281626,-0.340589793167,-0.33189045150699997,-0.381671547931,-0.39750401667099999,-0.16085270074499999,0.362631430757,-0.59421189454699996,-0.487975475682,-0.96506375075700002,-0.341158265879,-0.51093057202299996,-0.34888549929599999,0.116184301068,0.193022807909,-0.249781977539
427,0,0.10262195429669177,0.52021220204025953,true,flipguard_tabular_validation_v2,sha256:dd422160bdac66e0421fd85c945656bfc9bcb2ac1d0dbe59f4c819fa46dfbe2c,sha256:afd5351d9b781a1fad2db90dc7bca0052521a41efd7694c0ade20974824dcb4e,model_input,identity_model_input_v1,-0.168445281626,-0.51158599339699995,0.50773709146500001,-0.381671547931,-0.39750401667099999,-0.144910590817,-0.89747550927099995,-0.59421189454699996,-0.487975475682,0.14744388490800001,0.0013371493420000001,-0.51093057202299996,-0.34888549929599999,-1.3814467336209999,0.20985254431700001,-0.249781977539
432,0,-0.31040447082277817,0.43896995029250974,false,flipguard_tabular_validation_v2,sha256:dd422160bdac66e0421fd85c945656bfc9bcb2ac1d0dbe59f4c819fa46dfbe2c,sha256:afd5351d9b781a1fad2db90dc7bca0052521a41efd7694c0ade20974824dcb4e,model_input,identity_model_input_v1,-0.168445281626,0.89672117362799997,-0.98115082805300002,-0.381671547931,-0.39750401667099999,-1.1674830704400001,0.80234087821400002,-0.59421189454699996,-0.487975475682,-1.1412735756679999,-0.69735349770900001,-0.51093057202299996,-0.34888549929599999,0.54279391369499996,0.17838825451099999,-0.249781977539
433,0,-0.40002822187739412,0.42145049447998112,false,flipguard_tabular_validation_v2,sha256:dd422160bdac66e0421fd85c945656bfc9bcb2ac1d0dbe59f4c819fa46dfbe2c,sha256:afd5351d9b781a1fad2db90dc7bca0052521a41efd7694c0ade20974824dcb4e,model_input,identity_model_input_v1,2.8364417515659999,-0.70538168699100001,-1.1661010425880001,-0.381671547931,1.537242611813,0.37480219281299998,1.132860731337,-0.22370578006399999,-0.487975475682,-1.649394068406,0.88615633928399995,-0.51093057202299996,-0.34888549929599999,-0.16136894088199999,0.60937585208699996,-0.249781977539
434,0,-0.24372228534960336,0.45204461873963259,false,flipguard_tabular_validation_v2,sha256:dd422160bdac66e0421fd85c945656bfc9bcb2ac1d0dbe59f4c819fa46dfbe2c,sha256:afd5351d9b781a1fad2db90dc7bca0052521a41efd7694c0ade20974824dcb4e,model_input,identity_model_input_v1,-0.168445281626,1.154530829359,0.73447522058100001,-0.381671547931,-0.39750401667099999,0.062336838238,1.859315825178,-0.55334724956699999,0.014730261384,-0.47284818283300001,0.84694651933499998,-0.51093057202299996,4.0884231214859996,1.6054630391239999,-0.31113755665800003,-0.249781977539
435,0,-0.20329169679201259,0.45998514189374201,false,flipguard_tabular_validation_v2,sha256:dd422160bdac66e0421fd85c945656bfc9bcb2ac1d0dbe59f4c819fa46dfbe2c,sha256:afd5351d9b781a1fad2db90dc7bca0052521a41efd7694c0ade20974824dcb4e,model_input,identity_model_input_v1,-0.168445281626,0.26622749175299998,-1.0887160155860001,-0.381671547931,-0.39750401667099999,-0.31116402291599998,-1.6716395700069999,-0.59421189454699996,-0.487975475682,-1.649394068406,-1.2250326408829999,-0.51093057202299996,-0.34888549929599999,-1.1919138484930001,0.31595305645400001,-0.249781977539
436,1,0.51020298415557852,0.59997875007230939,true,flipguard_tabular_validation_v2,sha256:dd422160bdac66e0421fd85c945656bfc9bcb2ac1d0dbe59f4c819fa46dfbe2c,sha256:afd5351d9b781a1fad2db90dc7bca0052521a41efd7694c0ade20974824dcb4e,model_input,identity_model_input_v1,-0.168445281626,1.7815168968699999,2.1924091292979999,-0.26769678940500002,-0.32869168828000001,0.070991126483999994,1.75356914598,0.057806218685000001,2.9498434645930001,2.5444834746180001,2.7960997375429999,-0.033912214927000001,0.99805418977500004,-0.11575255158,0.55303282150400002,2.0728928459780001
437,0,-0.20131958917829393,0.46037267852303038,false,flipguard_tabular_validation_v2,sha256:dd422160bdac66e0421fd85c945656bfc9bcb2ac1d0dbe59f4c819fa46dfbe2c,sha256:afd5351d9b781a1fad2db90dc7bca0052521a41efd7694c0ade20974824dcb4e,model_input,identity_model_input_v1,-0.168445281626,-0.73870402344700004,-0.20265745641300001,-0.381671547931,-0.39750401667099999,-1.7213575182,0.60461918036399998,-0.59421189454699996,-0.487975475682,-0.545257445801,-1.0823655851639999,-0.51093057202299996,-0.34888549929599999,0.283872718079,-1.164332019772,-0.249781977539
438,1,0.0047324436384298492,0.50093229097281899,true,flipguard_tabular_validation_v2,sha256:dd422160bdac66e0421fd85c945656bfc9bcb2ac1d0dbe59f4c819fa46dfbe2c,sha256:afd5351d9b781a1fad2db90dc7bca0052521a41efd7694c0ade20974824dcb4e,model_input,identity_model_input_v1,-0.168445281626,-0.110841052345,0.60059912386699998,-0.381671547931,-0.39750401667099999,-0.64959224223000001,-0.70663964169500004,-0.59421189454699996,-0.487975475682,-0.26985111613000001,-0.61137533830099999,-0.51093057202299996,-0.34888549929599999,0.084702567606000007,-0.071862608598000005,-0.249781977539
439,1,0.065272491312331246,0.51285756841522256,true,flipguard_tabular_validation_v2,sha256:dd422160bdac66e0421fd85c945656bfc9bcb2ac1d0dbe59f4c819fa46dfbe2c,sha256:afd5351d9b781a1fad2db90dc7bca0052521a41efd7694c0ade20974824dcb4e,model_input,identity_model_input_v1,-0.168445281626,2.2664445826519999,-0.256053125045,-0.381671547931,-0.39750401667099999,0.401220546407,0.099494345309999996,-0.59421189454699996,-0.487975475682,0.33035052026700001,0.42839350156200001,-0.111566366082,-0.34888549929599999,-0.111255161086,1.267199027335,-0.249781977539
441,0,-0.093684148365234379,0.4815475117300741,false,flipguard_tabular_validation_v2,sha256:dd422160bdac66e0421fd85c945656bfc9bcb2ac1d0dbe59f4c819fa46dfbe2c,sha256:afd5351d9b781a1fad2db90dc7bca0052521a41efd7694c0ade20974824dcb4e,model_input,identity_model_input_v1,-0.168445281626,-0.119610088254,0.89001912485500001,-0.381671547931,-0.39750401667099999,0.94006386195000002,0.26819718700799999,-0.59421189454699996,-0.487975475682,-0.786342621927,0.58050870666700005,-0.51093057202299996,-0.34888549929599999,1.476966167851,0.68108516373799999,-0.249781977539
442,0,-0.036266680573638535,0.49285565472920856,false,flipguard_tabular_validation_v2,sha256:dd422160bdac66e0421fd85c945656bfc9bcb2ac1d0dbe59f4c819fa46dfbe2c,sha256:afd5351d9b781a1fad2db90dc7bca0052521a41efd7694c0ade20974824dcb4e,model_input,identity_model_input_v1,-0.168445281626,-0.73870402344700004,-1.1661010425880001,-0.381671547931,2.268573636807,-0.181349699222,0.46345965975999998,0.40470164940199999,2.738436650962,-0.36402501305399998,-0.59720311422299999,0.28225111477600001,-0.34888549929599999,-1.3814467336209999,0.519373348688,-0.0086738643709999997
445,0,-0.20634512015928894,0.45938515463344826,false,flipguard_tabular_validation_v2,sha256:dd422160bdac66e0421fd85c945656bfc9bcb2ac1d0dbe59f4c819fa46dfbe2c,sha256:afd5351d9b781a1fad2db90dc7bca0052521a41efd7694c0ade20974824dcb4e,model_input,identity_model_input_v1,-0.168445281626,1.5947364320040001,0.82965880379300005,-0.381671547931,-0.39750401667099999,-0.715638126215,0.92333475301800005,-0.57514172688999998,0.27161412213300001,-1.216194142555,-0.43327772238700002,0.40335461240999998,0.30630645801900003,1.126169709275,0.34449043557999998,-0.249781977539
446,1,-0.039375388284158874,0.49224329270176809,false,flipguard_tabular_validation_v2,sha256:dd422160bdac66e0421fd85c945656bfc9bcb2ac1d0dbe59f4c819fa46dfbe2c,sha256:afd5351d9b781a1fad2db90dc7bca0052521a41efd7694c0ade20974824dcb4e,model_input,identity_model_input_v1,-0.168445281626,-0.73870402344700004,-0.20962210884400001,-0.34462975141000002,-0.39750401667099999,-0.423214281262,0.48313346054099998,-0.59421189454699996,-0.487975475682,0.478098900775,-1.4087991464289999,-0.51093057202299996,-0.34888549929599999,0.59226520913500003,-0.62358527170900002,-0.249781977539
447,1,0.046987708189160982,0.50925616354701075,true,flipguard_tabular_validation_v2,sha256:dd422160bdac66e0421fd85c945656bfc9bcb2ac1d0dbe59f4c819fa46dfbe2c,sha256:afd5351d9b781a1fad2db90dc7bca0052521a41efd7694c0ade20974824dcb4e,model_input,identity_model_input_v1,-0.168445281626,-0.24851491612000001,0.489938535254,-0.381671547931,-0.39750401667099999,-0.014185289413000001,0.468869954975,-0.59421189454699996,-0.487975475682,0.64635626327899998,-0.73325646537300004,-0.51093057202299996,-0.34888549929599999,0.27166551530799998,0.72645227927300005,-0.249781977539
448,1,0.35431167443365252,0.56962148330113371,true,flipguard_tabular_validation_v2,sha256:dd422160bdac66e0421fd85c945656bfc9bcb2ac1d0dbe59f4c819fa46dfbe2c,sha256:afd5351d9b781a1fad2db90dc7bca0052521a41efd7694c0ade20974824dcb4e,model_input,identity_model_input_v1,-0.168445281626,-0.73870402344700004,1.5377318008609999,1.3307991989300001,-0.39750401667099999,-0.43596796920399999,0.14769515722400001,-0.59421189454699996,-0.487975475682,2.1401635438239999,1.3514776965149999,-0.51093057202299996,-0.34888549929599999,0.063500583846000005,-0.54236350034900005,-0.249781977539
451,0,-0.15031039311479727,0.47040243653606456,false,flipguard_tabular_validation_v2,sha256:dd422160bdac66e0421fd85c945656bfc9bcb2ac1d0dbe59f4c819fa46dfbe2c,sha256:afd5351d9b781a1fad2db90dc7bca0052521a41efd7694c0ade20974824dcb4e,model_input,identity_model_input_v1,-0.168445281626,-0.73870402344700004,-1.1661010425880001,-0.381671547931,-0.39750401667099999,0.32105450791500001,2.2670553463659999,-0.25821370249100001,1.8116881772519999,0.29895922129199998,1.401080480789,-0.51093057202299996,2.8567747210409999,0.237613844421,-1.089695797441,-0.249781977539
452,0,-0.22047547447078439,0.45660920028209862,false,flipguard_tabular_validation_v2,sha256:dd422160bdac66e0421fd85c945656bfc9bcb2ac1d0dbe59f4c819fa46dfbe2c,sha256:afd5351d9b781a1fad2db90dc7bca0052521a41efd7694c0ade20974824dcb4e,model_input,identity_model_input_v1,-0.168445281626,-0.66241341103600004,1.666964795955,-0.14802329295200001,-0.39750401667099999,0.57066240049100003,2.737751030054,-0.098387535459999995,1.7158176454880001,-0.100756652319,0.76663724955900003,-0.51093057202299996,5.9583915833500001,1.6896284898080001,-1.0238403071490001,-0.249781977539
453,0,-0.19542335245108844,0.46153145266255435,false,flipguard_tabular_validation_v2,sha256:dd422160bdac66e0421fd85c945656bfc9bcb2ac1d0dbe59f4c819fa46dfbe2c,sha256:afd5351d9b781a1fad2db90dc7bca0052521a41efd7694c0ade20974824dcb4e,model_input,identity_model_input_v1,-0.168445281626,0.97915011117499995,0.76388153084099997,-0.381671547931,-0.39750401667099999,-0.38768615056700001,0.65331183729800002,-0.59421189454699996,1.702297442291,-1.409145993586,-0.105426938713,-0.47765022152800002,-0.19141447092899999,0.42393430776699997,1.0813401991789999,-0.249781977539
457,0,-0.28791309569729273,0.44337658516344586,false,flipguard_tabular_validation_v2,sha256:dd422160bdac66e0421fd85c945656bfc9bcb2ac1d0dbe59f4c819fa46dfbe2c,sha256:afd5351d9b781a1fad2db90dc7bca0052521a41efd7694c0ade20974824dcb4e,model_input,identity_model_input_v1,10.135025174845,1.333419161908,-1.0755605609959999,-0.381671547931,0.053776834638000003,0.27322817813299999,0.12703766640399999,-0.59421189454699996,-0.487975475682,-0.95250723116699998,-0.17156398441099999,0.47083976758099999,-0.34888549929599999,0.15923075294399999,1.976974867147,0.64633650973500001
460,0,-0.12224772090274351,0.47592450670899461,false,flipguard_tabular_validation_v2,sha256:dd422160bdac66e0421fd85c945656bfc9bcb2ac1d0dbe59f4c819fa46dfbe2c,sha256:afd5351d9b781a1fad2db90dc7bca0052521a41efd7694c0ade20974824dcb4e,model_input,identity_model_input_v1,-0.168445281626,-0.73870402344700004,-0.17557269696300001,-0.381671547931,-0.39750401667099999,-1.5573815303759999,-0.99486082313799995,-0.59421189454699996,-0.487975475682,-0.85665913163100005,-1.3695893264800001,-0.51093057202299996,-0.34888549929599999,-0.56420663232400003,-0.68870903433099995,-0.249781977539
461,0,-0.10218988936317693,0.47987286037892374,false,flipguard_tabular_validation_v2,sha256:dd422160bdac66e0421fd85c945656bfc9bcb2ac1d0dbe59f4c819fa46dfbe2c,sha256:afd5351d9b781a1fad2db90dc7bca0052521a41efd7694c0ade20974824dcb4e,model_input,identity_model_input_v1,-0.168445281626,0.579282073713,1.372901693347,-0.381671547931,-0.39750401667099999,0.601635642636,-0.93928233593099997,-0.59421189454699996,-0.487975475682,-1.5485233610339999,0.343360157093,-0.51093057202299996,-0.34888549929599999,1.1313095841259999,0.385467185095,-0.249781977539
462,0,-0.10205815970763479,0.47989879463486018,false,flipguard_tabular_validation_v2,sha256:dd422160bdac66e0421fd85c945656bfc9bcb2ac1d0dbe59f4c819fa46dfbe2c,sha256:afd5351d9b781a1fad2db90dc7bca0052521a41efd7694c0ade20974824dcb4e,model_input,identity_model_input_v1,-0.168445281626,-0.73870402344700004,-1.1661010425880001,0.974628078535,-0.39750401667099999,-0.35580193071299998,-1.2432425579990001,1.0449144207509999,-0.487975475682,-0.70974785242899996,-1.0951205868339999,-0.51093057202299996,-0.34888549929599999,0.55885602260400002,-1.035547949868,-0.249781977539
463,0,0.063475016059121606,0.51250355518056934,true,flipguard_tabular_validation_v2,sha256:dd422160bdac66e0421fd85c945656bfc9bcb2ac1d0dbe59f4c819fa46dfbe2c,sha256:afd5351d9b781a1fad2db90dc7bca0052521a41efd7694c0ade20974824dcb4e,model_input,identity_model_input_v1,-0.168445281626,1.643843033095,2.0670453855550002,-0.381671547931,-0.39750401667099999,-0.32072928887300001,1.575029403891,-0.494320540152,1.971472396857,0.042806221658999999,1.3406123247220001,1.036605725996,3.1857766910229999,1.3857333892470001,1.5313527161730001,-0.145301795166
466,0,-0.12446497149549184,0.47548811322631412,false,flipguard_tabular_validation_v2,sha256:dd422160bdac66e0421fd85c945656bfc9bcb2ac1d0dbe59f4c819fa46dfbe2c,sha256:afd5351d9b781a1fad2db90dc7bca0052521a41efd7694c0ade20974824dcb4e,model_input,identity_model_input_v1,-0.168445281626,-0.73870402344700004,0.096048747813999996,-0.381671547931,-0.39750401667099999,-1.559658974652,0.089657444919999996,-0.59421189454699996,-0.487975475682,-0.51344759617400004,-0.744121837166,-0.51093057202299996,-0.34888549929599999,-0.82826770278999995,-0.027958948402999999,-0.249781977539
468,1,0.06008864368683936,0.51183659497123979,true,flipguard_tabular_validation_v2,sha256:dd422160bdac66e0421fd85c945656bfc9bcb2ac1d0dbe59f4c819fa46dfbe2c,sha256:afd5351d9b781a1fad2db90dc7bca0052521a41efd7694c0ade20974824dcb4e,model_input,identity_model_input_v1,-0.168445281626,-0.18362405039099999,0.356062438541,-0.381671547931,-0.39750401667099999,0.71596334525700001,0.66167320262999996,-0.59421189454699996,-0.487975475682,0.66560959331699998,0.17990717272599999,-0.51093057202299996,-0.34888549929599999,0.68092805031299997,0.56839910257199999,-0.249781977539
471,1,0.15302947382686566,0.53013247175486378,true,flipguard_tabular_validation_v2,sha256:dd422160bdac66e0421fd85c945656bfc9bcb2ac1d0dbe59f4c819fa46dfbe2c,sha256:afd5351d9b781a1fad2db90dc7bca0052521a41efd7694c0ade20974824dcb4e,model_input,identity_model_input_v1,-0.168445281626,-0.159070749846,1.1833083771920001,1.4846651229409999,-0.39750401667099999,-0.78532792104000004,-1.7842720794789999,0.56180350676799995,0.97835201654100001,0.023552891621000001,0.19927587896599999,-0.50168603021900005,2.0047439782669998,0.38924015252299998,-1.2075039522969999,-0.249781977539
474,1,0.43274989277884296,0.58492756031269943,true,flipguard_tabular_validation_v2,sha256:dd422160bdac66e0421fd85c945656bfc9bcb2ac1d0dbe59f4c819fa46dfbe2c,sha256:afd5351d9b781a1fad2db90dc7bca0052521a41efd7694c0ade20974824dcb4e,model_input,identity_model_input_v1,-0.168445281626,-0.39408091221300001,2.360334637892,4.7870837512469997,-0.39750401667099999,-0.54209687243500004,0.23229250058199999,1.903980068546,3.5594817178559999,2.3958979928040001,1.0968500705790001,-0.51093057202299996,2.5896363693460001,-0.88866123228899996,0.193022807909,-0.249781977539
479,1,0.20561772797925762,0.54047191945204476,true,flipguard_tabular_validation_v2,sha256:dd422160bdac66e0421fd85c945656bfc9bcb2ac1d0dbe59f4c819fa46dfbe2c,sha256:afd5351d9b781a1fad2db90dc7bca0052521a41efd7694c0ade20974824dcb4e,model_input,identity_model_input_v1,-0.168445281626,-0.56156949808000001,1.191046879892,-0.381671547931,-0.39750401667099999,0.029086151817999999,-0.964366431927,-0.59421189454699996,-0.487975475682,0.62668438258900006,0.037712524476000001,-0.51093057202299996,-0.34888549929599999,-0.33548220145699997,-0.123083545492,-0.249781977539
480,1,0.41921092266211241,0.58228986694718932,true,flipguard_tabular_validation_v2,sha256:dd422160bdac66e0421fd85c945656bfc9bcb2ac1d0dbe59f4c819fa46dfbe2c,sha256:afd5351d9b781a1fad2db90dc7bca0052521a41efd7694c0ade20974824dcb4e,model_input,identity_model_input_v1,-0.168445281626,1.817469944098,-1.1661010425880001,-0.381671547931,-0.39750401667099999,0.23177869232199999,-1.786731304576,-0.52519604969199996,-0.487975475682,1.2892500662819999,0.48886165762799999,2.1487241050389998,-0.34888549929599999,-1.1283078972130001,-0.075521246947000006,-0.249781977539
481,1,0.053338884663529117,0.51050715327439533,true,flipguard_tabular_validation_v2,sha256:dd422160bdac66e0421fd85c945656bfc9bcb2ac1d0dbe59f4c819fa46dfbe2c,sha256:afd5351d9b781a1fad2db90dc7bca0052521a41efd7694c0ade20974824dcb4e,model_input,identity_model_input_v1,-0.168445281626,-0.70976620494599996,-1.134373181517,-0.381671547931,0.73549897172099998,-0.161763678455,-1.120773148137,1.518944302515,2.1460059290409998,-0.852892175754,-1.033235208359,1.419329756689,-0.34888549929599999,-1.304991095214,-1.18262521152,-0.249781977539
482,1,0.0015809069570237469,0.50031143865472916,true,flipguard_tabular_validation_v2,sha256:dd422160bdac66e0421fd85c945656bfc9bcb2ac1d0dbe59f4c819fa46dfbe2c,sha256:afd5351d9b781a1fad2db90dc7bca0052521a41efd7694c0ade20974824dcb4e,model_input,identity_model_input_v1,-0.168445281626,-0.36514309371300002,-0.71958943678700005,-0.381671547931,-0.39750401667099999,-0.107105015847,-0.377103478612,-0.59421189454699996,-0.487975475682,-0.02123202825,0.62727704612400004,-0.48689476333199999,-0.34888549929599999,-0.32327499868699999,-1.136526368315,-0.249781977539
483,0,-0.048558252824612583,0.49043448217632951,false,flipguard_tabular_validation_v2,sha256:dd422160bdac66e0421fd85c945656bfc9bcb2ac1d0dbe59f4c819fa46dfbe2c,sha256:afd5351d9b781a1fad2db90dc7bca0052521a41efd7694c0ade20974824dcb4e,model_input,identity_model_input_v1,-0.168445281626,-0.73870402344700004,0.71125971247999997,1.6299829400620001,-0.39750401667099999,-0.52706574021700003,-1.2948862850489999,-0.59421189454699996,-0.487975475682,-0.59673917612000005,-0.83387925632799997,-0.51093057202299996,-0.34888549929599999,-0.15173167553700001,-0.24601379403599999,-0.249781977539
484,0,-0.038935229411992664,0.49232999590160692,false,flipguard_tabular_validation_v2,sha256:dd422160bdac66e0421fd85c945656bfc9bcb2ac1d0dbe59f4c819fa46dfbe2c,sha256:afd5351d9b781a1fad2db90dc7bca0052521a41efd7694c0ade20974824dcb4e,model_input,identity_model_input_v1,-0.168445281626,0.156614542887,1.9424554920820001,5.6134007505649999,-0.39750401667099999,0.75376892022800002,-1.6480310090700001,-0.41985607596699998,0.13887030892300001,-0.62478206987100005,1.18046619264,-0.51093057202299996,3.05642548915,1.117817412642,-0.090155800346000001,-0.249781977539
485,1,-0.034477588195019518,0.49320807906018127,false,flipguard_tabular_validation_v2,sha256:dd422160bdac66e0421fd85c945656bfc9bcb2ac1d0dbe59f4c819fa46dfbe2c,sha256:afd5351d9b781a1fad2db90dc7bca0052521a41efd7694c0ade20974824dcb4e,model_input,identity_model_input_v1,-0.168445281626,-0.53964690830700002,-0.85810863512000002,-0.381671547931,-0.39750401667099999,-0.38130930659599999,-0.73467480780799999,-0.59421189454699996,-0.487975475682,-0.32761110624299999,0.038184931945,-0.51093057202299996,-0.34888549929599999,-1.3814467336209999,-0.0082023013160000009,-0.249781977539
486,1,0.54761653683245504,0.60722357228753465,true,flipguard_tabular_validation_v2,sha256:dd422160bdac66e0421fd85c945656bfc9bcb2ac1d0dbe59f4c819fa46dfbe2c,sha256:afd5351d9b781a1fad2db90dc7bca0052521a41efd7694c0ade20974824dcb4e,model_input,identity_model_input_v1,-0.168445281626,-0.553677365762,1.986564957473,-0.381671547931,-0.39750401667099999,0.42353950030499998,-0.42825536064300002,-0.465261237055,-0.487975475682,2.270332796905,0.89749411854700001,1.282510537988,-0.34888549929599999,-0.19670558048199999,-0.117229724132,-0.249781977539
487,0,-0.035256999952156684,0.4930545463151329,false,flipguard_tabular_validation_v2,sha256:dd422160bdac66e0421fd85c945656bfc9bcb2ac1d0dbe59f4c819fa46dfbe2c,sha256:afd5351d9b781a1fad2db90dc7bca0052521a41efd7694c0ade20974824dcb4e,model_input,identity_model_input_v1,-0.168445281626,-0.73870402344700004,0.92252083619500003,-0.381671547931,-0.11585355628000001,1.961725363862,-0.23889502812499999,-0.59421189454699996,-0.27165222452400001,-0.65240641296799995,0.12085623906699999,-0.478574675708,-0.34888549929599999,0.17465037749699999,0.90206692005099998,-0.249781977539
488,0,-0.10225248170958488,0.47986053753513896,false,flipguard_tabular_validation_v2,sha256:dd422160bdac66e0421fd85c945656bfc9bcb2ac1d0dbe59f4c819fa46dfbe2c,sha256:afd5351d9b781a1fad2db90dc7bca0052521a41efd7694c0ade20974824dcb4e,model_input,identity_model_input_v1,-0.168445281626,1.078240216949,-0.132237081842,-0.381671547931,-0.39750401667099999,-0.70698383796800002,-0.41054893994000002,-0.59421189454699996,-0.487975475682,-0.91190781782599994,0.43122794637700002,-0.51093057202299996,-0.34888549929599999,0.44063890103300002,0.89401791568199995,-0.249781977539
492,0,-0.0036888053613735811,0.49927330554458793,false,flipguard_tabular_validation_v2,sha256:dd422160bdac66e0421fd85c945656bfc9bcb2ac1d0dbe59f4c819fa46dfbe2c,sha256:afd5351d9b781a1fad2db90dc7bca0052521a41efd7694c0ade20974824dcb4e,model_input,identity_model_input_v1,-0.168445281626,-0.73870402344700004,0.51934484551500004,-0.16227013776800001,-0.39750401667099999,-1.5942761276370001,1.236640030457,-0.53700139157500004,-0.487975475682,0.98956779873599998,-1.2850283894800001,-0.51093057202299996,-0.34888549929599999,0.18107522106099999,-1.2104308629760001,-0.249781977539
495,1,0.23101972244487884,0.54546156712765037,true,flipguard_tabular_validation_v2,sha256:dd422160bdac66e0421fd85c945656bfc9bcb2ac1d0dbe59f4c819fa46dfbe2c,sha256:afd5351d9b781a1fad2db90dc7bca0052521a41efd7694c0ade20974824dcb4e,model_input,identity_model_input_v1,-0.168445281626,-0.73870402344700004,0.33362078071000001,2.268241587811,-0.39750401667099999,-0.382220284307,-0.23348473290999999,-0.59421189454699996,-0.487975475682,1.670549711162,0.74868576572699996,-0.51093057202299996,-0.34888549929599999,-0.16972123751500001,-0.203573589182,-0.249781977539
496,1,0.031502357510780489,0.50620583937805075,true,flipguard_tabular_validation_v2,sha256:dd422160bdac66e0421fd85c945656bfc9bcb2ac1d0dbe59f4c819fa46dfbe2c,sha256:afd5351d9b781a1fad2db90dc7bca0052521a41efd7694c0ade20974824dcb4e,model_input,identity_model_input_v1,-0.168445281626,1.407079063546,0.18504152886700001,-0.381671547931,-0.39750401667099999,-0.74160099095300003,-1.21078078671,-0.17557630931000001,-0.487975475682,-0.52684121706999998,-1.778221787398,0.91550222836200001,-0.34888549929599999,-0.15879900345699999,0.78864913121500002,-0.23772657188099999
498,0,-0.26982438665984854,0.44692317430135997,false,flipguard_tabular_validation_v2,sha256:dd422160bdac66e0421fd85c945656bfc9bcb2ac1d0dbe59f4c819fa46dfbe2c,sha256:afd5351d9b781a1fad2db90dc7bca0052521a41efd7694c0ade20974824dcb4e,model_input,identity_model_input_v1,-0.168445281626,-0.73870402344700004,-1.1661010425880001,-0.381671547931,0.74830126537599995,0.055049016557000001,-0.699261966402,-0.59421189454699996,-0.487975475682,-1.6925047856640001,-0.43847420454899999,-0.51093057202299996,-0.34888549929599999,-0.73767740854300001,0.195217990919,-0.249781977539
