row_id,label,scaled_logit,polynomial_score,plaintext_decision,materialization_schema,source_data_sha256,source_model_sha256,source_feature_space,preprocessing_method,x_0,x_1,x_2,x_3,x_4,x_5,x_6,x_7
0,1,0.025083852422744635,0.50494151892728067,true,flipguard_tabular_validation_v2,sha256:c1dbe7648a9865cc186ae5e19948dba62555fac8ed85b7c7688b292d18fec26a,sha256:025eb7dea28322d4b60adcfff3b1ff48c3fb44aa57280d39eea813405a6561d5,model_input,identity_model_input_v1,-0.92609762836499998,-0.66259599847100004,-0.402342990831,0.38457111409,-0.67504030634300005,1.110114593399,1.1922563794909999,-0.083129335880000002
2,0,-0.053606118011139431,0.48943959475180554,false,flipguard_tabular_validation_v2,sha256:c1dbe7648a9865cc186ae5e19948dba62555fac8ed85b7c7688b292d18fec26a,sha256:025eb7dea28322d4b60adcfff3b1ff48c3fb44aa57280d39eea813405a6561d5,model_input,identity_model_input_v1,-1.875999479736,1.635256550557,4.639353103625,-1.543443677253,-0.67504030634300005,-1.0566774002379999,-0.98807488584000003,-0.083129335880000002
3,0,-0.016076234684129428,0.49683298176722651,false,flipguard_tabular_validation_v2,sha256:c1dbe7648a9865cc186ae5e19948dba62555fac8ed85b7c7688b292d18fec26a,sha256:025eb7dea28322d4b60adcfff3b1ff48c3fb44aa57280d39eea813405a6561d5,model_input,identity_model_input_v1,0.26127968584799999,-0.66259599847100004,-0.402342990831,-1.7187177491929999,-0.67504030634300005,0.02671859658,-1.143812833363,-0.083129335880000002
4,0,-0.065045088999441336,0.48718611746711005,false,flipguard_tabular_validation_v2,sha256:c1dbe7648a9865cc186ae5e19948dba62555fac8ed85b7c7688b292d18fec26a,sha256:025eb7dea28322d4b60adcfff3b1ff48c3fb44aa57280d39eea813405a6561d5,model_input,identity_model_input_v1,0.73623061153400005,1.635256550557,3.0638230741079999,1.085667401851,-0.38991743501499998,-1.0566774002379999,1.1922563794909999,-0.083129335880000002
6,0,-0.014727783097590917,0.49709862672977456,false,flipguard_tabular_validation_v2,sha256:c1dbe7648a9865cc186ae5e19948dba62555fac8ed85b7c7688b292d18fec26a,sha256:025eb7dea28322d4b60adcfff3b1ff48c3fb44aa57280d39eea813405a6561d5,model_input,identity_model_input_v1,0.26127968584799999,1.812014438944,0.85808103278299996,0.73511925797099997,-0.67504030634300005,-1.0566774002379999,0.88078048444299994,-0.083129335880000002
8,0,0.0034657097702660428,0.5006827448247424,true,flipguard_tabular_validation_v2,sha256:c1dbe7648a9865cc186ae5e19948dba62555fac8ed85b7c7688b292d18fec26a,sha256:025eb7dea28322d4b60adcfff3b1ff48c3fb44aa57280d39eea813405a6561d5,model_input,identity_model_input_v1,0.49875514869100002,-0.13232233331099999,-0.402342990831,0.20929704215,-0.67504030634300005,0.95534373671100004,1.347994327014,-0.083129335880000002
15,1,0.098889337893398085,0.51948119956499939,true,flipguard_tabular_validation_v2,sha256:c1dbe7648a9865cc186ae5e19948dba62555fac8ed85b7c7688b292d18fec26a,sha256:025eb7dea28322d4b60adcfff3b1ff48c3fb44aa57280d39eea813405a6561d5,model_input,identity_model_input_v1,-2.350950405421,-0.66259599847100004,-0.402342990831,-0.84234738949200005,0.75057405029900004,0.95534373671100004,-0.053647200697999997,-0.083129335880000002
16,0,-0.048668850659719383,0.49041223642003529,false,flipguard_tabular_validation_v2,sha256:c1dbe7648a9865cc186ae5e19948dba62555fac8ed85b7c7688b292d18fec26a,sha256:025eb7dea28322d4b60adcfff3b1ff48c3fb44aa57280d39eea813405a6561d5,model_input,identity_model_input_v1,0.73623061153400005,0.75146710862300004,-0.402342990831,0.034022970210000003,-0.67504030634300005,-1.0566774002379999,-1.143812833363,-0.083129335880000002
18,1,0.087828126332530648,0.51730214088750859,true,flipguard_tabular_validation_v2,sha256:c1dbe7648a9865cc186ae5e19948dba62555fac8ed85b7c7688b292d18fec26a,sha256:025eb7dea28322d4b60adcfff3b1ff48c3fb44aa57280d39eea813405a6561d5,model_input,identity_model_input_v1,0.26127968584799999,-1.016111775245,-0.402342990831,0.73511925797099997,-0.67504030634300005,0.800572880022,1.347994327014,2.9902111112240002
19,0,-0.025263465923073838,0.49502309721315446,false,flipguard_tabular_validation_v2,sha256:c1dbe7648a9865cc186ae5e19948dba62555fac8ed85b7c7688b292d18fec26a,sha256:025eb7dea28322d4b60adcfff3b1ff48c3fb44aa57280d39eea813405a6561d5,model_input,identity_model_input_v1,-0.45114670268000001,-1.016111775245,-0.402342990831,0.20929704215,-0.67504030634300005,-1.0566774002379999,-0.83233693831599997,-0.083129335880000002
20,1,0.00042634970831865668,0.50008399089253874,true,flipguard_tabular_validation_v2,sha256:c1dbe7648a9865cc186ae5e19948dba62555fac8ed85b7c7688b292d18fec26a,sha256:025eb7dea28322d4b60adcfff3b1ff48c3fb44aa57280d39eea813405a6561d5,model_input,identity_model_input_v1,0.49875514869100002,0.397951331849,-0.087236984928,1.085667401851,0.180328307642,-0.59236483017300001,0.56930458939600004,-0.083129335880000002
23,0,0.012051816111719066,0.50237420777400865,true,flipguard_tabular_validation_v2,sha256:c1dbe7648a9865cc186ae5e19948dba62555fac8ed85b7c7688b292d18fec26a,sha256:025eb7dea28322d4b60adcfff3b1ff48c3fb44aa57280d39eea813405a6561d5,model_input,identity_model_input_v1,-0.45114670268000001,-1.016111775245,-0.402342990831,0.38457111409,-0.67504030634300005,-1.0566774002379999,0.41356664187300002,-0.083129335880000002
24,1,0.040924970504845622,0.5080622191894546,true,flipguard_tabular_validation_v2,sha256:c1dbe7648a9865cc186ae5e19948dba62555fac8ed85b7c7688b292d18fec26a,sha256:025eb7dea28322d4b60adcfff3b1ff48c3fb44aa57280d39eea813405a6561d5,model_input,identity_model_input_v1,0.49875514869100002,-0.83935388685800005,-0.402342990831,0.91039332991099997,-0.67504030634300005,1.419656306776,-0.20938514822199999,-0.083129335880000002
25,1,0.044542735155792351,0.50877491882569115,true,flipguard_tabular_validation_v2,sha256:c1dbe7648a9865cc186ae5e19948dba62555fac8ed85b7c7688b292d18fec26a,sha256:025eb7dea28322d4b60adcfff3b1ff48c3fb44aa57280d39eea813405a6561d5,model_input,identity_model_input_v1,0.97370607437599999,-1.016111775245,-0.402342990831,0.55984518603,-0.38991743501499998,1.419656306776,-0.83233693831599997,-0.083129335880000002
26,0,0.0029258630357456008,0.50057639501804185,true,flipguard_tabular_validation_v2,sha256:c1dbe7648a9865cc186ae5e19948dba62555fac8ed85b7c7688b292d18fec26a,sha256:025eb7dea28322d4b60adcfff3b1ff48c3fb44aa57280d39eea813405a6561d5,model_input,identity_model_input_v1,0.49875514869100002,-1.016111775245,-0.402342990831,-0.66707331755199994,-0.67504030634300005,-1.0566774002379999,0.10209074682499999,-0.083129335880000002
30,1,0.011442779728050766,0.50225422760642602,true,flipguard_tabular_validation_v2,sha256:c1dbe7648a9865cc186ae5e19948dba62555fac8ed85b7c7688b292d18fec26a,sha256:025eb7dea28322d4b60adcfff3b1ff48c3fb44aa57280d39eea813405a6561d5,model_input,identity_model_input_v1,0.26127968584799999,-1.016111775245,-0.402342990831,0.55984518603,-0.67504030634300005,0.800572880022,1.347994327014,-0.083129335880000002
31,0,-0.042521591597312745,0.4916232464553294,false,flipguard_tabular_validation_v2,sha256:c1dbe7648a9865cc186ae5e19948dba62555fac8ed85b7c7688b292d18fec26a,sha256:025eb7dea28322d4b60adcfff3b1ff48c3fb44aa57280d39eea813405a6561d5,model_input,identity_model_input_v1,0.73623061153400005,-1.016111775245,-0.402342990831,-1.7187177491929999,-0.67504030634300005,-1.0566774002379999,-1.143812833363,-0.083129335880000002
33,0,0.00012504235516845033,0.50002463334396818,true,flipguard_tabular_validation_v2,sha256:c1dbe7648a9865cc186ae5e19948dba62555fac8ed85b7c7688b292d18fec26a,sha256:025eb7dea28322d4b60adcfff3b1ff48c3fb44aa57280d39eea813405a6561d5,model_input,identity_model_input_v1,0.26127968584799999,0.57470922023600002,-0.402342990831,1.085667401851,-0.67504030634300005,-1.0566774002379999,0.10209074682499999,-0.083129335880000002
34,0,-0.11272086667496253,0.47779398926503236,false,flipguard_tabular_validation_v2,sha256:c1dbe7648a9865cc186ae5e19948dba62555fac8ed85b7c7688b292d18fec26a,sha256:025eb7dea28322d4b60adcfff3b1ff48c3fb44aa57280d39eea813405a6561d5,model_input,identity_model_input_v1,0.023804223005999998,1.635256550557,4.639353103625,1.085667401851,-0.38991743501499998,-0.90190654354999999,1.347994327014,-0.083129335880000002
35,0,-0.0056787022613416852,0.49888129565451567,false,flipguard_tabular_validation_v2,sha256:c1dbe7648a9865cc186ae5e19948dba62555fac8ed85b7c7688b292d18fec26a,sha256:025eb7dea28322d4b60adcfff3b1ff48c3fb44aa57280d39eea813405a6561d5,model_input,identity_model_input_v1,0.49875514869100002,-1.016111775245,-0.402342990831,0.38457111409,-0.67504030634300005,-0.128052260108,-1.143812833363,-0.083129335880000002
40,1,0.011236568619108572,0.50221360401796444,true,flipguard_tabular_validation_v2,sha256:c1dbe7648a9865cc186ae5e19948dba62555fac8ed85b7c7688b292d18fec26a,sha256:025eb7dea28322d4b60adcfff3b1ff48c3fb44aa57280d39eea813405a6561d5,model_input,identity_model_input_v1,-0.21367123983700001,0.22119344346299999,-0.402342990831,0.73511925797099997,-0.67504030634300005,0.95534373671100004,-1.143812833363,-0.083129335880000002
53,1,0.050367160714904158,0.50992233066083614,true,flipguard_tabular_validation_v2,sha256:c1dbe7648a9865cc186ae5e19948dba62555fac8ed85b7c7688b292d18fec26a,sha256:025eb7dea28322d4b60adcfff3b1ff48c3fb44aa57280d39eea813405a6561d5,model_input,identity_model_input_v1,0.73623061153400005,-1.016111775245,-0.402342990831,1.085667401851,2.1761884069409998,1.419656306776,1.347994327014,-0.083129335880000002
54,0,-0.038697239125701055,0.4923766438922369,false,flipguard_tabular_validation_v2,sha256:c1dbe7648a9865cc186ae5e19948dba62555fac8ed85b7c7688b292d18fec26a,sha256:025eb7dea28322d4b60adcfff3b1ff48c3fb44aa57280d39eea813405a6561d5,model_input,identity_model_input_v1,-0.92609762836499998,1.45849866217,0.54297502687900001,1.085667401851,-0.67504030634300005,-1.0566774002379999,-0.67659899079300001,-0.083129335880000002
55,1,0.19199103707797927,0.53782223430436193,true,flipguard_tabular_validation_v2,sha256:c1dbe7648a9865cc186ae5e19948dba62555fac8ed85b7c7688b292d18fec26a,sha256:025eb7dea28322d4b60adcfff3b1ff48c3fb44aa57280d39eea813405a6561d5,model_input,identity_model_input_v1,0.49875514869100002,-0.83935388685800005,-0.402342990831,0.38457111409,0.46545117896999999,1.2648854500869999,0.10209074682499999,6.0635515583290003
57,1,0.024307274128349959,0.50478853300328497,true,flipguard_tabular_validation_v2,sha256:c1dbe7648a9865cc186ae5e19948dba62555fac8ed85b7c7688b292d18fec26a,sha256:025eb7dea28322d4b60adcfff3b1ff48c3fb44aa57280d39eea813405a6561d5,model_input,identity_model_input_v1,0.023804223005999998,0.22119344346299999,-0.402342990831,0.55984518603,-0.67504030634300005,0.49103116664500002,-0.053647200697999997,-0.083129335880000002
58,0,-0.041696416746653669,0.4917858059009092,false,flipguard_tabular_validation_v2,sha256:c1dbe7648a9865cc186ae5e19948dba62555fac8ed85b7c7688b292d18fec26a,sha256:025eb7dea28322d4b60adcfff3b1ff48c3fb44aa57280d39eea813405a6561d5,model_input,identity_model_input_v1,0.97370607437599999,0.75146710862300004,-0.402342990831,0.73511925797099997,-0.67504030634300005,-1.0566774002379999,-1.143812833363,-0.083129335880000002
59,0,0.013556495173401115,0.50267062954915998,true,flipguard_tabular_validation_v2,sha256:c1dbe7648a9865cc186ae5e19948dba62555fac8ed85b7c7688b292d18fec26a,sha256:025eb7dea28322d4b60adcfff3b1ff48c3fb44aa57280d39eea813405a6561d5,model_input,identity_model_input_v1,0.49875514869100002,-0.66259599847100004,-0.402342990831,-1.0176214614320001,-0.67504030634300005,-0.128052260108,0.41356664187300002,-0.083129335880000002
60,1,-0.007248807067123355,0.49857198500777672,false,flipguard_tabular_validation_v2,sha256:c1dbe7648a9865cc186ae5e19948dba62555fac8ed85b7c7688b292d18fec26a,sha256:025eb7dea28322d4b60adcfff3b1ff48c3fb44aa57280d39eea813405a6561d5,model_input,identity_model_input_v1,-2.1134749425789998,0.75146710862300004,-0.087236984928,-1.7187177491929999,-0.67504030634300005,1.2648854500869999,1.347994327014,-0.083129335880000002
61,0,-0.039014807506255238,0.49231408292126771,false,flipguard_tabular_validation_v2,sha256:c1dbe7648a9865cc186ae5e19948dba62555fac8ed85b7c7688b292d18fec26a,sha256:025eb7dea28322d4b60adcfff3b1ff48c3fb44aa57280d39eea813405a6561d5,model_input,identity_model_input_v1,0.023804223005999998,1.45849866217,1.803399050493,1.085667401851,-0.67504030634300005,-0.59236483017300001,-1.143812833363,-0.083129335880000002
62,1,0.0062541711931533642,0.50123207172505124,true,flipguard_tabular_validation_v2,sha256:c1dbe7648a9865cc186ae5e19948dba62555fac8ed85b7c7688b292d18fec26a,sha256:025eb7dea28322d4b60adcfff3b1ff48c3fb44aa57280d39eea813405a6561d5,model_input,identity_model_input_v1,-0.92609762836499998,-0.13232233331099999,-0.402342990831,-0.84234738949200005,-0.67504030634300005,0.18148945326900001,1.1922563794909999,-0.083129335880000002
65,0,-0.070972738954706821,0.48601837042592277,false,flipguard_tabular_validation_v2,sha256:c1dbe7648a9865cc186ae5e19948dba62555fac8ed85b7c7688b292d18fec26a,sha256:025eb7dea28322d4b60adcfff3b1ff48c3fb44aa57280d39eea813405a6561d5,model_input,identity_model_input_v1,-0.68862216552199995,1.635256550557,-0.087236984928,0.20929704215,-0.67504030634300005,-1.0566774002379999,-1.143812833363,-0.083129335880000002
66,0,-0.013680215887673337,0.49730499747012835,false,flipguard_tabular_validation_v2,sha256:c1dbe7648a9865cc186ae5e19948dba62555fac8ed85b7c7688b292d18fec26a,sha256:025eb7dea28322d4b60adcfff3b1ff48c3fb44aa57280d39eea813405a6561d5,model_input,identity_model_input_v1,0.97370607437599999,0.57470922023600002,-0.402342990831,-1.543443677253,-0.67504030634300005,-0.28282311679599997,1.1922563794909999,-0.083129335880000002
67,0,-0.043679704735052491,0.49139509816719468,false,flipguard_tabular_validation_v2,sha256:c1dbe7648a9865cc186ae5e19948dba62555fac8ed85b7c7688b292d18fec26a,sha256:025eb7dea28322d4b60adcfff3b1ff48c3fb44aa57280d39eea813405a6561d5,model_input,identity_model_input_v1,0.97370607437599999,0.75146710862300004,-0.087236984928,-0.141251101731,-0.67504030634300005,-1.0566774002379999,-1.143812833363,-0.083129335880000002
68,0,-0.040093554699771279,0.49210156972414504,false,flipguard_tabular_validation_v2,sha256:c1dbe7648a9865cc186ae5e19948dba62555fac8ed85b7c7688b292d18fec26a,sha256:025eb7dea28322d4b60adcfff3b1ff48c3fb44aa57280d39eea813405a6561d5,model_input,identity_model_input_v1,-2.825901331107,0.92822499701000005,4.0091410918179999,0.20929704215,-0.67504030634300005,-0.74713568686200005,-0.67659899079300001,-0.083129335880000002
75,0,-0.048433568729010723,0.49045858696038491,false,flipguard_tabular_validation_v2,sha256:c1dbe7648a9865cc186ae5e19948dba62555fac8ed85b7c7688b292d18fec26a,sha256:025eb7dea28322d4b60adcfff3b1ff48c3fb44aa57280d39eea813405a6561d5,model_input,identity_model_input_v1,-2.350950405421,1.812014438944,2.7487170682039999,0.91039332991099997,-0.38991743501499998,-1.0566774002379999,-1.143812833363,-0.083129335880000002
77,0,-0.059368036566489722,0.48830449679640153,false,flipguard_tabular_validation_v2,sha256:c1dbe7648a9865cc186ae5e19948dba62555fac8ed85b7c7688b292d18fec26a,sha256:025eb7dea28322d4b60adcfff3b1ff48c3fb44aa57280d39eea813405a6561d5,model_input,identity_model_input_v1,-0.45114670268000001,1.104982885396,-0.087236984928,0.73511925797099997,-0.67504030634300005,-1.0566774002379999,-1.143812833363,-0.083129335880000002
79,0,-0.011902143583284527,0.49765527771409296,false,flipguard_tabular_validation_v2,sha256:c1dbe7648a9865cc186ae5e19948dba62555fac8ed85b7c7688b292d18fec26a,sha256:025eb7dea28322d4b60adcfff3b1ff48c3fb44aa57280d39eea813405a6561d5,model_input,identity_model_input_v1,0.97370607437599999,0.044435555076,-0.402342990831,-1.543443677253,-0.67504030634300005,-1.0566774002379999,0.10209074682499999,-0.083129335880000002
80,0,-0.033345248223571752,0.49343098609995639,false,flipguard_tabular_validation_v2,sha256:c1dbe7648a9865cc186ae5e19948dba62555fac8ed85b7c7688b292d18fec26a,sha256:025eb7dea28322d4b60adcfff3b1ff48c3fb44aa57280d39eea813405a6561d5,model_input,identity_model_input_v1,0.023804223005999998,0.397951331849,-0.087236984928,-0.84234738949200005,0.180328307642,1.110114593399,1.347994327014,-0.083129335880000002
82,0,-0.10523059405852091,0.4792695729704714,false,flipguard_tabular_validation_v2,sha256:c1dbe7648a9865cc186ae5e19948dba62555fac8ed85b7c7688b292d18fec26a,sha256:025eb7dea28322d4b60adcfff3b1ff48c3fb44aa57280d39eea813405a6561d5,model_input,identity_model_input_v1,0.49875514869100002,1.812014438944,4.324247097722,0.91039332991099997,-0.67504030634300005,-0.74713568686200005,1.347994327014,-0.083129335880000002
84,1,0.0033798367567456833,0.50066582784107894,true,flipguard_tabular_validation_v2,sha256:c1dbe7648a9865cc186ae5e19948dba62555fac8ed85b7c7688b292d18fec26a,sha256:025eb7dea28322d4b60adcfff3b1ff48c3fb44aa57280d39eea813405a6561d5,model_input,identity_model_input_v1,0.26127968584799999,-0.83935388685800005,-0.402342990831,-0.66707331755199994,-0.67504030634300005,0.18148945326900001,1.347994327014,-0.083129335880000002
85,1,0.01142636264845859,0.5022509934417464,true,flipguard_tabular_validation_v2,sha256:c1dbe7648a9865cc186ae5e19948dba62555fac8ed85b7c7688b292d18fec26a,sha256:025eb7dea28322d4b60adcfff3b1ff48c3fb44aa57280d39eea813405a6561d5,model_input,identity_model_input_v1,0.97370607437599999,-0.83935388685800005,-0.402342990831,-0.49179924561100002,-0.67504030634300005,0.95534373671100004,1.036518431967,-0.083129335880000002
86,0,-0.046105500906618899,0.49091721632139607,false,flipguard_tabular_validation_v2,sha256:c1dbe7648a9865cc186ae5e19948dba62555fac8ed85b7c7688b292d18fec26a,sha256:025eb7dea28322d4b60adcfff3b1ff48c3fb44aa57280d39eea813405a6561d5,model_input,identity_model_input_v1,0.73623061153400005,1.104982885396,-0.402342990831,-1.7187177491929999,-0.104794563686,0.18148945326900001,0.88078048444299994,-0.083129335880000002
87,0,-0.048038804208678225,0.49053635557089037,false,flipguard_tabular_validation_v2,sha256:c1dbe7648a9865cc186ae5e19948dba62555fac8ed85b7c7688b292d18fec26a,sha256:025eb7dea28322d4b60adcfff3b1ff48c3fb44aa57280d39eea813405a6561d5,model_input,identity_model_input_v1,-0.45114670268000001,0.75146710862300004,-0.402342990831,-0.141251101731,-0.104794563686,-0.90190654354999999,-0.83233693831599997,-0.083129335880000002
89,1,0.13027762756376077,0.52566469263006088,true,flipguard_tabular_validation_v2,sha256:c1dbe7648a9865cc186ae5e19948dba62555fac8ed85b7c7688b292d18fec26a,sha256:025eb7dea28322d4b60adcfff3b1ff48c3fb44aa57280d39eea813405a6561d5,model_input,identity_model_input_v1,-1.638524016893,-0.30908022169799998,-0.402342990831,0.38457111409,2.7464341495969999,0.800572880022,1.036518431967,-0.083129335880000002
90,1,0.063840805514163795,0.51257663868629022,true,flipguard_tabular_validation_v2,sha256:c1dbe7648a9865cc186ae5e19948dba62555fac8ed85b7c7688b292d18fec26a,sha256:025eb7dea28322d4b60adcfff3b1ff48c3fb44aa57280d39eea813405a6561d5,model_input,identity_model_input_v1,-2.350950405421,-1.016111775245,-0.402342990831,-0.84234738949200005,0.46545117896999999,0.49103116664500002,1.036518431967,-0.083129335880000002
93,0,-0.054938538950513913,0.48917710782674878,false,flipguard_tabular_validation_v2,sha256:c1dbe7648a9865cc186ae5e19948dba62555fac8ed85b7c7688b292d18fec26a,sha256:025eb7dea28322d4b60adcfff3b1ff48c3fb44aa57280d39eea813405a6561d5,model_input,identity_model_input_v1,-2.5884258682639998,1.104982885396,4.0091410918179999,0.034022970210000003,-0.67504030634300005,-1.0566774002379999,-1.143812833363,-0.083129335880000002
105,1,0.10525027084089034,0.5207343033556554,true,flipguard_tabular_validation_v2,sha256:c1dbe7648a9865cc186ae5e19948dba62555fac8ed85b7c7688b292d18fec26a,sha256:025eb7dea28322d4b60adcfff3b1ff48c3fb44aa57280d39eea813405a6561d5,model_input,identity_model_input_v1,0.26127968584799999,-0.83935388685800005,-0.402342990831,1.085667401851,1.3208197929550001,0.95534373671100004,-1.143812833363,-0.083129335880000002
106,0,-0.060327193537719287,0.4881155428730693,false,flipguard_tabular_validation_v2,sha256:c1dbe7648a9865cc186ae5e19948dba62555fac8ed85b7c7688b292d18fec26a,sha256:025eb7dea28322d4b60adcfff3b1ff48c3fb44aa57280d39eea813405a6561d5,model_input,identity_model_input_v1,-2.5884258682639998,1.104982885396,-0.402342990831,0.20929704215,0.180328307642,-1.0566774002379999,-1.143812833363,-0.083129335880000002
107,1,0.10134330691954338,0.51996463146315008,true,flipguard_tabular_validation_v2,sha256:c1dbe7648a9865cc186ae5e19948dba62555fac8ed85b7c7688b292d18fec26a,sha256:025eb7dea28322d4b60adcfff3b1ff48c3fb44aa57280d39eea813405a6561d5,model_input,identity_model_input_v1,-1.638524016893,-1.016111775245,-0.402342990831,-0.141251101731,1.605942664284,1.419656306776,1.347994327014,-0.083129335880000002
109,1,-0.0078579728908876149,0.49845197934049512,false,flipguard_tabular_validation_v2,sha256:c1dbe7648a9865cc186ae5e19948dba62555fac8ed85b7c7688b292d18fec26a,sha256:025eb7dea28322d4b60adcfff3b1ff48c3fb44aa57280d39eea813405a6561d5,model_input,identity_model_input_v1,0.023804223005999998,-1.016111775245,-0.087236984928,-1.3681696053129999,-0.67504030634300005,0.18148945326900001,1.347994327014,-0.083129335880000002
110,1,0.010391445617660519,0.50204711478667907,true,flipguard_tabular_validation_v2,sha256:c1dbe7648a9865cc186ae5e19948dba62555fac8ed85b7c7688b292d18fec26a,sha256:025eb7dea28322d4b60adcfff3b1ff48c3fb44aa57280d39eea813405a6561d5,model_input,identity_model_input_v1,0.49875514869100002,-1.016111775245,-0.402342990831,0.91039332991099997,-0.38991743501499998,1.419656306776,1.347994327014,-0.083129335880000002
112,0,-0.051233876590369085,0.4899069263116973,false,flipguard_tabular_validation_v2,sha256:c1dbe7648a9865cc186ae5e19948dba62555fac8ed85b7c7688b292d18fec26a,sha256:025eb7dea28322d4b60adcfff3b1ff48c3fb44aa57280d39eea813405a6561d5,model_input,identity_model_input_v1,-0.21367123983700001,-0.30908022169799998,-0.402342990831,-0.49179924561100002,-0.67504030634300005,-1.0566774002379999,-1.143812833363,-0.083129335880000002
113,1,0.023185119336195111,0.5045674685092304,true,flipguard_tabular_validation_v2,sha256:c1dbe7648a9865cc186ae5e19948dba62555fac8ed85b7c7688b292d18fec26a,sha256:025eb7dea28322d4b60adcfff3b1ff48c3fb44aa57280d39eea813405a6561d5,model_input,identity_model_input_v1,0.26127968584799999,-0.83935388685800005,-0.402342990831,-1.543443677253,0.180328307642,1.110114593399,-1.143812833363,-0.083129335880000002
117,1,0.11454831802723003,0.52256601865136432,true,flipguard_tabular_validation_v2,sha256:c1dbe7648a9865cc186ae5e19948dba62555fac8ed85b7c7688b292d18fec26a,sha256:025eb7dea28322d4b60adcfff3b1ff48c3fb44aa57280d39eea813405a6561d5,model_input,identity_model_input_v1,-0.45114670268000001,-1.016111775245,-0.402342990831,0.73511925797099997,2.7464341495969999,1.419656306776,1.347994327014,-0.083129335880000002
118,0,0.0033002913064254166,0.50065015738736585,true,flipguard_tabular_validation_v2,sha256:c1dbe7648a9865cc186ae5e19948dba62555fac8ed85b7c7688b292d18fec26a,sha256:025eb7dea28322d4b60adcfff3b1ff48c3fb44aa57280d39eea813405a6561d5,model_input,identity_model_input_v1,-0.68862216552199995,1.281740773783,-0.402342990831,-0.141251101731,-0.104794563686,0.64580202333400005,-0.67659899079300001,-0.083129335880000002
119,1,0.10330998518981654,0.5203520670823939,true,flipguard_tabular_validation_v2,sha256:c1dbe7648a9865cc186ae5e19948dba62555fac8ed85b7c7688b292d18fec26a,sha256:025eb7dea28322d4b60adcfff3b1ff48c3fb44aa57280d39eea813405a6561d5,model_input,identity_model_input_v1,0.97370607437599999,-0.83935388685800005,-0.402342990831,0.73511925797099997,1.8910655356120001,1.110114593399,-1.143812833363,-0.083129335880000002
120,0,-0.012965111642327143,0.49744587300646154,false,flipguard_tabular_validation_v2,sha256:c1dbe7648a9865cc186ae5e19948dba62555fac8ed85b7c7688b292d18fec26a,sha256:025eb7dea28322d4b60adcfff3b1ff48c3fb44aa57280d39eea813405a6561d5,model_input,identity_model_input_v1,0.97370607437599999,-0.83935388685800005,-0.402342990831,-1.7187177491929999,-0.67504030634300005,-0.128052260108,-1.143812833363,-0.083129335880000002
121,0,-0.058079759961720955,0.48855828728754097,false,flipguard_tabular_validation_v2,sha256:c1dbe7648a9865cc186ae5e19948dba62555fac8ed85b7c7688b292d18fec26a,sha256:025eb7dea28322d4b60adcfff3b1ff48c3fb44aa57280d39eea813405a6561d5,model_input,identity_model_input_v1,0.023804223005999998,1.281740773783,-0.402342990831,0.91039332991099997,-0.67504030634300005,-1.0566774002379999,-1.143812833363,-0.083129335880000002
123,1,0.078245115492540041,0.51541428775203035,true,flipguard_tabular_validation_v2,sha256:c1dbe7648a9865cc186ae5e19948dba62555fac8ed85b7c7688b292d18fec26a,sha256:025eb7dea28322d4b60adcfff3b1ff48c3fb44aa57280d39eea813405a6561d5,model_input,identity_model_input_v1,-0.21367123983700001,-1.016111775245,-0.402342990831,1.085667401851,1.3208197929550001,0.33626030995700001,0.72504253691999998,-0.083129335880000002
124,1,0.045218074417650161,0.5089079606602771,true,flipguard_tabular_validation_v2,sha256:c1dbe7648a9865cc186ae5e19948dba62555fac8ed85b7c7688b292d18fec26a,sha256:025eb7dea28322d4b60adcfff3b1ff48c3fb44aa57280d39eea813405a6561d5,model_input,identity_model_input_v1,-2.825901331107,0.044435555076,-0.402342990831,-1.543443677253,0.75057405029900004,0.64580202333400005,0.72504253691999998,-0.083129335880000002
127,0,-0.033926561071509966,0.49331646746891256,false,flipguard_tabular_validation_v2,sha256:c1dbe7648a9865cc186ae5e19948dba62555fac8ed85b7c7688b292d18fec26a,sha256:025eb7dea28322d4b60adcfff3b1ff48c3fb44aa57280d39eea813405a6561d5,model_input,identity_model_input_v1,-0.21367123983700001,1.635256550557,0.22786902097600001,-0.66707331755199994,-0.67504030634300005,-1.0566774002379999,-0.20938514822199999,-0.083129335880000002
128,0,-0.05965278009081261,0.48824840232210992,false,flipguard_tabular_validation_v2,sha256:c1dbe7648a9865cc186ae5e19948dba62555fac8ed85b7c7688b292d18fec26a,sha256:025eb7dea28322d4b60adcfff3b1ff48c3fb44aa57280d39eea813405a6561d5,model_input,identity_model_input_v1,-1.638524016893,1.812014438944,2.1185050563969998,1.085667401851,-0.67504030634300005,-1.0566774002379999,-1.143812833363,-0.083129335880000002
129,0,-0.10281940837963813,0.47974457654921127,false,flipguard_tabular_validation_v2,sha256:c1dbe7648a9865cc186ae5e19948dba62555fac8ed85b7c7688b292d18fec26a,sha256:025eb7dea28322d4b60adcfff3b1ff48c3fb44aa57280d39eea813405a6561d5,model_input,identity_model_input_v1,-0.21367123983700001,1.812014438944,0.22786902097600001,-1.7187177491929999,0.180328307642,-1.0566774002379999,1.1922563794909999,-0.083129335880000002
138,1,0.012023826562429781,0.5023686938327987,true,flipguard_tabular_validation_v2,sha256:c1dbe7648a9865cc186ae5e19948dba62555fac8ed85b7c7688b292d18fec26a,sha256:025eb7dea28322d4b60adcfff3b1ff48c3fb44aa57280d39eea813405a6561d5,model_input,identity_model_input_v1,0.73623061153400005,-1.016111775245,-0.402342990831,-0.141251101731,-0.67504030634300005,-1.0566774002379999,0.56930458939600004,-0.083129335880000002
139,1,0.032473403969395277,0.50639726058197088,true,flipguard_tabular_validation_v2,sha256:c1dbe7648a9865cc186ae5e19948dba62555fac8ed85b7c7688b292d18fec26a,sha256:025eb7dea28322d4b60adcfff3b1ff48c3fb44aa57280d39eea813405a6561d5,model_input,identity_model_input_v1,-1.163573091208,1.281740773783,-0.087236984928,0.38457111409,-0.38991743501499998,1.419656306776,-0.053647200697999997,-0.083129335880000002
140,1,0.077445259294914109,0.51525671608109813,true,flipguard_tabular_validation_v2,sha256:c1dbe7648a9865cc186ae5e19948dba62555fac8ed85b7c7688b292d18fec26a,sha256:025eb7dea28322d4b60adcfff3b1ff48c3fb44aa57280d39eea813405a6561d5,model_input,identity_model_input_v1,-1.638524016893,-0.485838110085,-0.402342990831,-0.31652517367100003,1.8910655356120001,1.2648854500869999,1.347994327014,-0.083129335880000002
143,0,-0.052045463222420589,0.48974704374518313,false,flipguard_tabular_validation_v2,sha256:c1dbe7648a9865cc186ae5e19948dba62555fac8ed85b7c7688b292d18fec26a,sha256:025eb7dea28322d4b60adcfff3b1ff48c3fb44aa57280d39eea813405a6561d5,model_input,identity_model_input_v1,0.023804223005999998,1.635256550557,1.48829304459,0.38457111409,-0.38991743501499998,-1.0566774002379999,-1.143812833363,-0.083129335880000002
144,0,-0.049344926470675191,0.49027904948527701,false,flipguard_tabular_validation_v2,sha256:c1dbe7648a9865cc186ae5e19948dba62555fac8ed85b7c7688b292d18fec26a,sha256:025eb7dea28322d4b60adcfff3b1ff48c3fb44aa57280d39eea813405a6561d5,model_input,identity_model_input_v1,0.97370607437599999,0.92822499701000005,-0.402342990831,-0.31652517367100003,-0.67504030634300005,-1.0566774002379999,-1.143812833363,-0.083129335880000002
146,0,-0.038704613633800032,0.49237519111414141,false,flipguard_tabular_validation_v2,sha256:c1dbe7648a9865cc186ae5e19948dba62555fac8ed85b7c7688b292d18fec26a,sha256:025eb7dea28322d4b60adcfff3b1ff48c3fb44aa57280d39eea813405a6561d5,model_input,identity_model_input_v1,0.26127968584799999,1.812014438944,0.85808103278299996,-1.7187177491929999,-0.67504030634300005,-1.0566774002379999,0.88078048444299994,-0.083129335880000002
147,0,-0.038675883435748001,0.49238085096315765,false,flipguard_tabular_validation_v2,sha256:c1dbe7648a9865cc186ae5e19948dba62555fac8ed85b7c7688b292d18fec26a,sha256:025eb7dea28322d4b60adcfff3b1ff48c3fb44aa57280d39eea813405a6561d5,model_input,identity_model_input_v1,0.73623061153400005,-0.13232233331099999,-0.402342990831,-1.7187177491929999,-0.104794563686,0.95534373671100004,1.347994327014,-0.083129335880000002
148,0,0.0062155932344736958,0.50122447186719132,true,flipguard_tabular_validation_v2,sha256:c1dbe7648a9865cc186ae5e19948dba62555fac8ed85b7c7688b292d18fec26a,sha256:025eb7dea28322d4b60adcfff3b1ff48c3fb44aa57280d39eea813405a6561d5,model_input,identity_model_input_v1,-2.825901331107,0.92822499701000005,-0.402342990831,-1.7187177491929999,-0.67504030634300005,1.2648854500869999,1.347994327014,-0.083129335880000002
150,0,-0.025983441340783738,0.49488126205586558,false,flipguard_tabular_validation_v2,sha256:c1dbe7648a9865cc186ae5e19948dba62555fac8ed85b7c7688b292d18fec26a,sha256:025eb7dea28322d4b60adcfff3b1ff48c3fb44aa57280d39eea813405a6561d5,model_input,identity_model_input_v1,-1.163573091208,1.812014438944,1.803399050493,0.55984518603,-0.67504030634300005,-1.0566774002379999,0.56930458939600004,-0.083129335880000002
151,0,-0.036456617243365186,0.49281804640305704,false,flipguard_tabular_validation_v2,sha256:c1dbe7648a9865cc186ae5e19948dba62555fac8ed85b7c7688b292d18fec26a,sha256:025eb7dea28322d4b60adcfff3b1ff48c3fb44aa57280d39eea813405a6561d5,model_input,identity_model_input_v1,-0.21367123983700001,1.812014438944,1.1731870386859999,-1.0176214614320001,-0.67504030634300005,-0.90190654354999999,1.036518431967,-0.083129335880000002
152,1,0.088000621351598418,0.51733612240626492,true,flipguard_tabular_validation_v2,sha256:c1dbe7648a9865cc186ae5e19948dba62555fac8ed85b7c7688b292d18fec26a,sha256:025eb7dea28322d4b60adcfff3b1ff48c3fb44aa57280d39eea813405a6561d5,model_input,identity_model_input_v1,-1.40104855405,-1.016111775245,-0.402342990831,0.38457111409,1.035696921627,1.419656306776,1.347994327014,-0.083129335880000002
153,1,-0.011771161033897207,0.49768108127632227,false,flipguard_tabular_validation_v2,sha256:c1dbe7648a9865cc186ae5e19948dba62555fac8ed85b7c7688b292d18fec26a,sha256:025eb7dea28322d4b60adcfff3b1ff48c3fb44aa57280d39eea813405a6561d5,model_input,identity_model_input_v1,-0.68862216552199995,1.104982885396,0.22786902097600001,0.55984518603,-0.67504030634300005,-1.0566774002379999,0.25782869434900002,-0.083129335880000002
155,0,-0.11422241212306528,0.47749818481175615,false,flipguard_tabular_validation_v2,sha256:c1dbe7648a9865cc186ae5e19948dba62555fac8ed85b7c7688b292d18fec26a,sha256:025eb7dea28322d4b60adcfff3b1ff48c3fb44aa57280d39eea813405a6561d5,model_input,identity_model_input_v1,0.49875514869100002,1.635256550557,3.0638230741079999,-1.0176214614320001,-0.67504030634300005,1.110114593399,1.347994327014,-0.083129335880000002
161,0,-0.020867817720905558,0.49588903990898159,false,flipguard_tabular_validation_v2,sha256:c1dbe7648a9865cc186ae5e19948dba62555fac8ed85b7c7688b292d18fec26a,sha256:025eb7dea28322d4b60adcfff3b1ff48c3fb44aa57280d39eea813405a6561d5,model_input,identity_model_input_v1,0.023804223005999998,1.812014438944,1.803399050493,0.91039332991099997,0.75057405029900004,-0.43759397348500001,-0.52086104326899996,-0.083129335880000002
163,0,0.010368212174847107,0.50204253779844488,true,flipguard_tabular_validation_v2,sha256:c1dbe7648a9865cc186ae5e19948dba62555fac8ed85b7c7688b292d18fec26a,sha256:025eb7dea28322d4b60adcfff3b1ff48c3fb44aa57280d39eea813405a6561d5,model_input,identity_model_input_v1,0.023804223005999998,0.044435555076,-0.402342990831,1.085667401851,-0.67504030634300005,-0.59236483017300001,1.347994327014,-0.083129335880000002
164,1,0.10578736704479255,0.52084011130782415,true,flipguard_tabular_validation_v2,sha256:c1dbe7648a9865cc186ae5e19948dba62555fac8ed85b7c7688b292d18fec26a,sha256:025eb7dea28322d4b60adcfff3b1ff48c3fb44aa57280d39eea813405a6561d5,model_input,identity_model_input_v1,-1.40104855405,-0.83935388685800005,-0.402342990831,0.55984518603,0.75057405029900004,1.419656306776,0.72504253691999998,-0.083129335880000002
168,0,-0.037081688796573781,0.49269490730707499,false,flipguard_tabular_validation_v2,sha256:c1dbe7648a9865cc186ae5e19948dba62555fac8ed85b7c7688b292d18fec26a,sha256:025eb7dea28322d4b60adcfff3b1ff48c3fb44aa57280d39eea813405a6561d5,model_input,identity_model_input_v1,0.97370607437599999,1.812014438944,2.7487170682039999,0.034022970210000003,-0.67504030634300005,-1.0566774002379999,-1.143812833363,-0.083129335880000002
170,1,0.075768932457433796,0.51492647969411443,true,flipguard_tabular_validation_v2,sha256:c1dbe7648a9865cc186ae5e19948dba62555fac8ed85b7c7688b292d18fec26a,sha256:025eb7dea28322d4b60adcfff3b1ff48c3fb44aa57280d39eea813405a6561d5,model_input,identity_model_input_v1,0.49875514869100002,-0.30908022169799998,-0.402342990831,0.91039332991099997,1.035696921627,1.110114593399,-0.98807488584000003,-0.083129335880000002
171,0,-0.050784854988215292,0.48999538356732159,false,flipguard_tabular_validation_v2,sha256:c1dbe7648a9865cc186ae5e19948dba62555fac8ed85b7c7688b292d18fec26a,sha256:025eb7dea28322d4b60adcfff3b1ff48c3fb44aa57280d39eea813405a6561d5,model_input,identity_model_input_v1,0.73623061153400005,-0.30908022169799998,-0.402342990831,-1.7187177491929999,-0.67504030634300005,-1.0566774002379999,-1.143812833363,-0.083129335880000002
172,0,-0.037684917460404879,0.49257607126030023,false,flipguard_tabular_validation_v2,sha256:c1dbe7648a9865cc186ae5e19948dba62555fac8ed85b7c7688b292d18fec26a,sha256:025eb7dea28322d4b60adcfff3b1ff48c3fb44aa57280d39eea813405a6561d5,model_input,identity_model_input_v1,0.97370607437599999,0.397951331849,-0.402342990831,1.085667401851,-0.67504030634300005,-1.0566774002379999,-1.143812833363,-0.083129335880000002
173,1,0.082698785223654037,0.51629166068905985,true,flipguard_tabular_validation_v2,sha256:c1dbe7648a9865cc186ae5e19948dba62555fac8ed85b7c7688b292d18fec26a,sha256:025eb7dea28322d4b60adcfff3b1ff48c3fb44aa57280d39eea813405a6561d5,model_input,identity_model_input_v1,-2.350950405421,-0.66259599847100004,-0.402342990831,0.034022970210000003,0.46545117896999999,1.419656306776,1.347994327014,-0.083129335880000002
174,1,0.028033889897524533,0.50552267630981229,true,flipguard_tabular_validation_v2,sha256:c1dbe7648a9865cc186ae5e19948dba62555fac8ed85b7c7688b292d18fec26a,sha256:025eb7dea28322d4b60adcfff3b1ff48c3fb44aa57280d39eea813405a6561d5,model_input,identity_model_input_v1,0.26127968584799999,-1.016111775245,-0.402342990831,0.73511925797099997,1.3208197929550001,0.18148945326900001,1.1922563794909999,-0.083129335880000002
175,0,-0.057150506809649435,0.48874135015849907,false,flipguard_tabular_validation_v2,sha256:c1dbe7648a9865cc186ae5e19948dba62555fac8ed85b7c7688b292d18fec26a,sha256:025eb7dea28322d4b60adcfff3b1ff48c3fb44aa57280d39eea813405a6561d5,model_input,identity_model_input_v1,-0.21367123983700001,1.45849866217,0.22786902097600001,0.91039332991099997,-0.67504030634300005,-1.0566774002379999,-1.143812833363,-0.083129335880000002
178,0,-0.0021716352857319441,0.49957218784871082,false,flipguard_tabular_validation_v2,sha256:c1dbe7648a9865cc186ae5e19948dba62555fac8ed85b7c7688b292d18fec26a,sha256:025eb7dea28322d4b60adcfff3b1ff48c3fb44aa57280d39eea813405a6561d5,model_input,identity_model_input_v1,0.26127968584799999,-1.016111775245,-0.402342990831,-1.3681696053129999,-0.67504030634300005,0.18148945326900001,1.347994327014,-0.083129335880000002
183,1,0.057997673110922729,0.51142554160285181,true,flipguard_tabular_validation_v2,sha256:c1dbe7648a9865cc186ae5e19948dba62555fac8ed85b7c7688b292d18fec26a,sha256:025eb7dea28322d4b60adcfff3b1ff48c3fb44aa57280d39eea813405a6561d5,model_input,identity_model_input_v1,-1.40104855405,-0.485838110085,-0.402342990831,0.20929704215,0.180328307642,1.419656306776,1.036518431967,-0.083129335880000002
185,0,-0.060529994941460226,0.48807559099653236,false,flipguard_tabular_validation_v2,sha256:c1dbe7648a9865cc186ae5e19948dba62555fac8ed85b7c7688b292d18fec26a,sha256:025eb7dea28322d4b60adcfff3b1ff48c3fb44aa57280d39eea813405a6561d5,model_input,identity_model_input_v1,0.49875514869100002,1.45849866217,0.54297502687900001,0.20929704215,-0.104794563686,-1.0566774002379999,-1.143812833363,-0.083129335880000002
187,1,0.17558945626449229,0.53459112288410493,true,flipguard_tabular_validation_v2,sha256:c1dbe7648a9865cc186ae5e19948dba62555fac8ed85b7c7688b292d18fec26a,sha256:025eb7dea28322d4b60adcfff3b1ff48c3fb44aa57280d39eea813405a6561d5,model_input,identity_model_input_v1,-2.5884258682639998,-0.66259599847100004,-0.402342990831,-0.66707331755199994,1.8910655356120001,1.110114593399,-0.20938514822199999,-0.083129335880000002
189,1,-0.018888872276356709,0.49627889216155774,false,flipguard_tabular_validation_v2,sha256:c1dbe7648a9865cc186ae5e19948dba62555fac8ed85b7c7688b292d18fec26a,sha256:025eb7dea28322d4b60adcfff3b1ff48c3fb44aa57280d39eea813405a6561d5,model_input,identity_model_input_v1,0.97370607437599999,0.397951331849,-0.402342990831,-1.7187177491929999,-0.67504030634300005,-0.28282311679599997,1.347994327014,-0.083129335880000002
192,0,-0.04438062755777699,0.49125701637111796,false,flipguard_tabular_validation_v2,sha256:c1dbe7648a9865cc186ae5e19948dba62555fac8ed85b7c7688b292d18fec26a,sha256:025eb7dea28322d4b60adcfff3b1ff48c3fb44aa57280d39eea813405a6561d5,model_input,identity_model_input_v1,0.26127968584799999,-0.83935388685800005,-0.402342990831,-1.7187177491929999,-0.67504030634300005,-0.90190654354999999,-1.143812833363,-0.083129335880000002
194,0,-0.0094106283424993387,0.49814610621652761,false,flipguard_tabular_validation_v2,sha256:c1dbe7648a9865cc186ae5e19948dba62555fac8ed85b7c7688b292d18fec26a,sha256:025eb7dea28322d4b60adcfff3b1ff48c3fb44aa57280d39eea813405a6561d5,model_input,identity_model_input_v1,0.73623061153400005,0.75146710862300004,-0.402342990831,-0.66707331755199994,-0.67504030634300005,-1.0566774002379999,0.25782869434900002,-0.083129335880000002
198,0,-0.010374292514278485,0.49795626437468715,false,flipguard_tabular_validation_v2,sha256:c1dbe7648a9865cc186ae5e19948dba62555fac8ed85b7c7688b292d18fec26a,sha256:025eb7dea28322d4b60adcfff3b1ff48c3fb44aa57280d39eea813405a6561d5,model_input,identity_model_input_v1,0.73623061153400005,-0.66259599847100004,-0.402342990831,-1.7187177491929999,-0.67504030634300005,-0.128052260108,1.347994327014,-0.083129335880000002
199,1,-0.010478262843659734,0.49793578221979901,false,flipguard_tabular_validation_v2,sha256:c1dbe7648a9865cc186ae5e19948dba62555fac8ed85b7c7688b292d18fec26a,sha256:025eb7dea28322d4b60adcfff3b1ff48c3fb44aa57280d39eea813405a6561d5,model_input,identity_model_input_v1,0.97370607437599999,0.75146710862300004,-0.402342990831,0.20929704215,1.605942664284,1.110114593399,0.41356664187300002,-0.083129335880000002
200,1,0.064997283454496596,0.51280446484053588,true,flipguard_tabular_validation_v2,sha256:c1dbe7648a9865cc186ae5e19948dba62555fac8ed85b7c7688b292d18fec26a,sha256:025eb7dea28322d4b60adcfff3b1ff48c3fb44aa57280d39eea813405a6561d5,model_input,identity_model_input_v1,0.49875514869100002,-0.83935388685800005,-0.402342990831,0.55984518603,0.46545117896999999,1.110114593399,-0.52086104326899996,-0.083129335880000002
201,0,-0.14431625963668201,0.47156969685157363,false,flipguard_tabular_validation_v2,sha256:c1dbe7648a9865cc186ae5e19948dba62555fac8ed85b7c7688b292d18fec26a,sha256:025eb7dea28322d4b60adcfff3b1ff48c3fb44aa57280d39eea813405a6561d5,model_input,identity_model_input_v1,0.023804223005999998,1.812014438944,1.48829304459,-1.7187177491929999,1.8910655356120001,-0.43759397348500001,0.25782869434900002,-0.083129335880000002
207,1,0.01631016116949062,0.50321310175038969,true,flipguard_tabular_validation_v2,sha256:c1dbe7648a9865cc186ae5e19948dba62555fac8ed85b7c7688b292d18fec26a,sha256:025eb7dea28322d4b60adcfff3b1ff48c3fb44aa57280d39eea813405a6561d5,model_input,identity_model_input_v1,0.73623061153400005,-0.83935388685800005,-0.402342990831,0.20929704215,-0.67504030634300005,-0.128052260108,1.036518431967,-0.083129335880000002
209,1,0.076589655543917876,0.51508816214215181,true,flipguard_tabular_validation_v2,sha256:c1dbe7648a9865cc186ae5e19948dba62555fac8ed85b7c7688b292d18fec26a,sha256:025eb7dea28322d4b60adcfff3b1ff48c3fb44aa57280d39eea813405a6561d5,model_input,identity_model_input_v1,0.73623061153400005,-1.016111775245,-0.402342990831,1.085667401851,1.035696921627,1.110114593399,0.25782869434900002,-0.083129335880000002
211,0,-0.034895150786646623,0.49312565529503061,false,flipguard_tabular_validation_v2,sha256:c1dbe7648a9865cc186ae5e19948dba62555fac8ed85b7c7688b292d18fec26a,sha256:025eb7dea28322d4b60adcfff3b1ff48c3fb44aa57280d39eea813405a6561d5,model_input,identity_model_input_v1,0.023804223005999998,1.812014438944,1.803399050493,-1.7187177491929999,-0.67504030634300005,-0.59236483017300001,-0.52086104326899996,-0.083129335880000002
220,1,0.0084493499958755089,0.50166452194918743,true,flipguard_tabular_validation_v2,sha256:c1dbe7648a9865cc186ae5e19948dba62555fac8ed85b7c7688b292d18fec26a,sha256:025eb7dea28322d4b60adcfff3b1ff48c3fb44aa57280d39eea813405a6561d5,model_input,identity_model_input_v1,0.97370607437599999,0.397951331849,-0.402342990831,-0.141251101731,-0.67504030634300005,0.64580202333400005,1.036518431967,-0.083129335880000002
227,1,0.032130042900134125,0.5063296184513264,true,flipguard_tabular_validation_v2,sha256:c1dbe7648a9865cc186ae5e19948dba62555fac8ed85b7c7688b292d18fec26a,sha256:025eb7dea28322d4b60adcfff3b1ff48c3fb44aa57280d39eea813405a6561d5,model_input,identity_model_input_v1,-1.638524016893,-1.016111775245,-0.402342990831,-1.7187177491929999,-0.104794563686,1.419656306776,1.036518431967,-0.083129335880000002
228,0,-0.0559094541469898,0.48898583753304303,false,flipguard_tabular_validation_v2,sha256:c1dbe7648a9865cc186ae5e19948dba62555fac8ed85b7c7688b292d18fec26a,sha256:025eb7dea28322d4b60adcfff3b1ff48c3fb44aa57280d39eea813405a6561d5,model_input,identity_model_input_v1,-0.68862216552199995,0.044435555076,-0.402342990831,0.034022970210000003,-0.67504030634300005,-1.0566774002379999,-1.143812833363,-0.083129335880000002
229,0,-0.047577548159311561,0.49062722301261563,false,flipguard_tabular_validation_v2,sha256:c1dbe7648a9865cc186ae5e19948dba62555fac8ed85b7c7688b292d18fec26a,sha256:025eb7dea28322d4b60adcfff3b1ff48c3fb44aa57280d39eea813405a6561d5,model_input,identity_model_input_v1,0.97370607437599999,-0.30908022169799998,-0.402342990831,-1.7187177491929999,-0.67504030634300005,-1.0566774002379999,-1.143812833363,-0.083129335880000002
230,1,0.059698787648369667,0.5117606611667288,true,flipguard_tabular_validation_v2,sha256:c1dbe7648a9865cc186ae5e19948dba62555fac8ed85b7c7688b292d18fec26a,sha256:025eb7dea28322d4b60adcfff3b1ff48c3fb44aa57280d39eea813405a6561d5,model_input,identity_model_input_v1,0.97370607437599999,-1.016111775245,-0.402342990831,1.085667401851,3.3166798922540002,1.419656306776,1.347994327014,-0.083129335880000002
232,0,-0.018029500701945898,0.49644818836171667,false,flipguard_tabular_validation_v2,sha256:c1dbe7648a9865cc186ae5e19948dba62555fac8ed85b7c7688b292d18fec26a,sha256:025eb7dea28322d4b60adcfff3b1ff48c3fb44aa57280d39eea813405a6561d5,model_input,identity_model_input_v1,0.73623061153400005,0.92822499701000005,-0.402342990831,-1.7187177491929999,-0.67504030634300005,-0.59236483017300001,-0.053647200697999997,-0.083129335880000002
233,0,-0.011198254069803917,0.49779394394824861,false,flipguard_tabular_validation_v2,sha256:c1dbe7648a9865cc186ae5e19948dba62555fac8ed85b7c7688b292d18fec26a,sha256:025eb7dea28322d4b60adcfff3b1ff48c3fb44aa57280d39eea813405a6561d5,model_input,identity_model_input_v1,0.97370607437599999,0.397951331849,-0.402342990831,1.085667401851,1.035696921627,1.419656306776,1.347994327014,-0.083129335880000002
234,1,0.029042736442323684,0.50572141907913781,true,flipguard_tabular_validation_v2,sha256:c1dbe7648a9865cc186ae5e19948dba62555fac8ed85b7c7688b292d18fec26a,sha256:025eb7dea28322d4b60adcfff3b1ff48c3fb44aa57280d39eea813405a6561d5,model_input,identity_model_input_v1,0.26127968584799999,-0.485838110085,-0.402342990831,1.085667401851,-0.67504030634300005,1.419656306776,0.72504253691999998,-0.083129335880000002
236,0,-0.037405369683192406,0.49263114217241111,false,flipguard_tabular_validation_v2,sha256:c1dbe7648a9865cc186ae5e19948dba62555fac8ed85b7c7688b292d18fec26a,sha256:025eb7dea28322d4b60adcfff3b1ff48c3fb44aa57280d39eea813405a6561d5,model_input,identity_model_input_v1,0.73623061153400005,-1.016111775245,-0.402342990831,-1.7187177491929999,0.75057405029900004,0.02671859658,0.72504253691999998,-0.083129335880000002
239,1,0.026879952819396195,0.50529535070542109,true,flipguard_tabular_validation_v2,sha256:c1dbe7648a9865cc186ae5e19948dba62555fac8ed85b7c7688b292d18fec26a,sha256:025eb7dea28322d4b60adcfff3b1ff48c3fb44aa57280d39eea813405a6561d5,model_input,identity_model_input_v1,-1.40104855405,-1.016111775245,-0.402342990831,-1.0176214614320001,-0.67504030634300005,0.95534373671100004,1.036518431967,-0.083129335880000002
240,1,-0.036992846956369091,0.4927124091495953,false,flipguard_tabular_validation_v2,sha256:c1dbe7648a9865cc186ae5e19948dba62555fac8ed85b7c7688b292d18fec26a,sha256:025eb7dea28322d4b60adcfff3b1ff48c3fb44aa57280d39eea813405a6561d5,model_input,identity_model_input_v1,0.97370607437599999,-1.016111775245,-0.402342990831,-1.3681696053129999,-0.67504030634300005,-1.0566774002379999,-1.143812833363,-0.083129335880000002
241,0,-0.11105770502314435,0.47812163211044056,false,flipguard_tabular_validation_v2,sha256:c1dbe7648a9865cc186ae5e19948dba62555fac8ed85b7c7688b292d18fec26a,sha256:025eb7dea28322d4b60adcfff3b1ff48c3fb44aa57280d39eea813405a6561d5,model_input,identity_model_input_v1,-0.45114670268000001,1.281740773783,3.3789290800109999,-0.66707331755199994,-0.67504030634300005,1.2648854500869999,1.1922563794909999,-0.083129335880000002
242,0,-0.059376205798819817,0.48830288745763251,false,flipguard_tabular_validation_v2,sha256:c1dbe7648a9865cc186ae5e19948dba62555fac8ed85b7c7688b292d18fec26a,sha256:025eb7dea28322d4b60adcfff3b1ff48c3fb44aa57280d39eea813405a6561d5,model_input,identity_model_input_v1,-2.350950405421,1.281740773783,1.48829304459,1.085667401851,-0.67504030634300005,-1.0566774002379999,-1.143812833363,-0.083129335880000002
243,0,-0.060720434229595603,0.48803807445676967,false,flipguard_tabular_validation_v2,sha256:c1dbe7648a9865cc186ae5e19948dba62555fac8ed85b7c7688b292d18fec26a,sha256:025eb7dea28322d4b60adcfff3b1ff48c3fb44aa57280d39eea813405a6561d5,model_input,identity_model_input_v1,-2.5884258682639998,1.812014438944,4.0091410918179999,1.085667401851,-0.67504030634300005,-1.0566774002379999,-1.143812833363,-0.083129335880000002
244,1,0.11529729340846326,0.5227135668014673,true,flipguard_tabular_validation_v2,sha256:c1dbe7648a9865cc186ae5e19948dba62555fac8ed85b7c7688b292d18fec26a,sha256:025eb7dea28322d4b60adcfff3b1ff48c3fb44aa57280d39eea813405a6561d5,model_input,identity_model_input_v1,-0.45114670268000001,-1.016111775245,-0.402342990831,0.20929704215,1.035696921627,1.419656306776,-0.83233693831599997,-0.083129335880000002
246,1,0.0041226422319487199,0.50081216051969391,true,flipguard_tabular_validation_v2,sha256:c1dbe7648a9865cc186ae5e19948dba62555fac8ed85b7c7688b292d18fec26a,sha256:025eb7dea28322d4b60adcfff3b1ff48c3fb44aa57280d39eea813405a6561d5,model_input,identity_model_input_v1,-2.5884258682639998,0.92822499701000005,-0.402342990831,-1.7187177491929999,-0.67504030634300005,1.419656306776,1.347994327014,-0.083129335880000002
252,0,-0.065532199536152955,0.4870901566913779,false,flipguard_tabular_validation_v2,sha256:c1dbe7648a9865cc186ae5e19948dba62555fac8ed85b7c7688b292d18fec26a,sha256:025eb7dea28322d4b60adcfff3b1ff48c3fb44aa57280d39eea813405a6561d5,model_input,identity_model_input_v1,0.73623061153400005,1.635256550557,0.22786902097600001,-1.7187177491929999,-0.67504030634300005,-1.0566774002379999,-1.143812833363,-0.083129335880000002
253,1,0.052167842060906383,0.51027706488599855,true,flipguard_tabular_validation_v2,sha256:c1dbe7648a9865cc186ae5e19948dba62555fac8ed85b7c7688b292d18fec26a,sha256:025eb7dea28322d4b60adcfff3b1ff48c3fb44aa57280d39eea813405a6561d5,model_input,identity_model_input_v1,0.26127968584799999,-1.016111775245,-0.402342990831,0.55984518603,0.180328307642,1.419656306776,0.56930458939600004,-0.083129335880000002
255,1,0.1416251121275067,0.52790014708911881,true,flipguard_tabular_validation_v2,sha256:c1dbe7648a9865cc186ae5e19948dba62555fac8ed85b7c7688b292d18fec26a,sha256:025eb7dea28322d4b60adcfff3b1ff48c3fb44aa57280d39eea813405a6561d5,model_input,identity_model_input_v1,-0.21367123983700001,-1.016111775245,-0.402342990831,0.55984518603,2.1761884069409998,1.419656306776,0.25782869434900002,-0.083129335880000002
260,1,-0.001502565281159926,0.49970399463961152,false,flipguard_tabular_validation_v2,sha256:c1dbe7648a9865cc186ae5e19948dba62555fac8ed85b7c7688b292d18fec26a,sha256:025eb7dea28322d4b60adcfff3b1ff48c3fb44aa57280d39eea813405a6561d5,model_input,identity_model_input_v1,-1.163573091208,0.57470922023600002,-0.402342990831,-1.0176214614320001,-0.67504030634300005,0.800572880022,-0.98807488584000003,-0.083129335880000002
261,1,0.081798960081223809,0.5161143951360011,true,flipguard_tabular_validation_v2,sha256:c1dbe7648a9865cc186ae5e19948dba62555fac8ed85b7c7688b292d18fec26a,sha256:025eb7dea28322d4b60adcfff3b1ff48c3fb44aa57280d39eea813405a6561d5,model_input,identity_model_input_v1,-1.163573091208,-1.016111775245,-0.402342990831,0.91039332991099997,0.75057405029900004,1.419656306776,1.347994327014,-0.083129335880000002
262,1,0.11047898149612735,0.52176435935473708,true,flipguard_tabular_validation_v2,sha256:c1dbe7648a9865cc186ae5e19948dba62555fac8ed85b7c7688b292d18fec26a,sha256:025eb7dea28322d4b60adcfff3b1ff48c3fb44aa57280d39eea813405a6561d5,model_input,identity_model_input_v1,-2.5884258682639998,1.104982885396,-0.402342990831,-0.31652517367100003,2.7464341495969999,1.419656306776,0.88078048444299994,-0.083129335880000002
263,1,0.062981703092012939,0.51240739550912651,true,flipguard_tabular_validation_v2,sha256:c1dbe7648a9865cc186ae5e19948dba62555fac8ed85b7c7688b292d18fec26a,sha256:025eb7dea28322d4b60adcfff3b1ff48c3fb44aa57280d39eea813405a6561d5,model_input,identity_model_input_v1,-2.825901331107,-0.66259599847100004,-0.402342990831,-1.0176214614320001,1.035696921627,-0.28282311679599997,0.41356664187300002,-0.083129335880000002
264,1,0.044555312992547724,0.50877739665953192,true,flipguard_tabular_validation_v2,sha256:c1dbe7648a9865cc186ae5e19948dba62555fac8ed85b7c7688b292d18fec26a,sha256:025eb7dea28322d4b60adcfff3b1ff48c3fb44aa57280d39eea813405a6561d5,model_input,identity_model_input_v1,0.023804223005999998,-1.016111775245,-0.402342990831,0.73511925797099997,-0.104794563686,0.95534373671100004,-1.143812833363,-0.083129335880000002
266,0,0.020637502199643457,0.50406558793332978,true,flipguard_tabular_validation_v2,sha256:c1dbe7648a9865cc186ae5e19948dba62555fac8ed85b7c7688b292d18fec26a,sha256:025eb7dea28322d4b60adcfff3b1ff48c3fb44aa57280d39eea813405a6561d5,model_input,identity_model_input_v1,-2.825901331107,1.45849866217,2.7487170682039999,-0.141251101731,0.75057405029900004,-0.43759397348500001,-1.143812833363,-0.083129335880000002
267,0,-2.2939996676778142e-05,0.49999548082065465,false,flipguard_tabular_validation_v2,sha256:c1dbe7648a9865cc186ae5e19948dba62555fac8ed85b7c7688b292d18fec26a,sha256:025eb7dea28322d4b60adcfff3b1ff48c3fb44aa57280d39eea813405a6561d5,model_input,identity_model_input_v1,0.73623061153400005,1.812014438944,-0.087236984928,1.085667401851,-0.67504030634300005,-1.0566774002379999,0.72504253691999998,-0.083129335880000002
269,1,0.039658027883070997,0.50781263149296496,true,flipguard_tabular_validation_v2,sha256:c1dbe7648a9865cc186ae5e19948dba62555fac8ed85b7c7688b292d18fec26a,sha256:025eb7dea28322d4b60adcfff3b1ff48c3fb44aa57280d39eea813405a6561d5,model_input,identity_model_input_v1,0.49875514869100002,-0.83935388685800005,-0.402342990831,0.55984518603,0.180328307642,1.419656306776,0.72504253691999998,-0.083129335880000002
271,1,0.012362700410101256,0.50243545198078998,true,flipguard_tabular_validation_v2,sha256:c1dbe7648a9865cc186ae5e19948dba62555fac8ed85b7c7688b292d18fec26a,sha256:025eb7dea28322d4b60adcfff3b1ff48c3fb44aa57280d39eea813405a6561d5,model_input,identity_model_input_v1,0.49875514869100002,-0.30908022169799998,-0.402342990831,0.20929704215,-0.67504030634300005,-0.74713568686200005,0.72504253691999998,-0.083129335880000002
272,1,0.11624849149828013,0.52290095282516114,true,flipguard_tabular_validation_v2,sha256:c1dbe7648a9865cc186ae5e19948dba62555fac8ed85b7c7688b292d18fec26a,sha256:025eb7dea28322d4b60adcfff3b1ff48c3fb44aa57280d39eea813405a6561d5,model_input,identity_model_input_v1,0.73623061153400005,-0.66259599847100004,-0.402342990831,0.73511925797099997,1.8910655356120001,1.419656306776,-0.83233693831599997,-0.083129335880000002
274,1,0.046744839853701592,0.50920873345117923,true,flipguard_tabular_validation_v2,sha256:c1dbe7648a9865cc186ae5e19948dba62555fac8ed85b7c7688b292d18fec26a,sha256:025eb7dea28322d4b60adcfff3b1ff48c3fb44aa57280d39eea813405a6561d5,model_input,identity_model_input_v1,0.26127968584799999,0.22119344346299999,-0.087236984928,0.73511925797099997,0.75057405029900004,0.95534373671100004,-1.143812833363,-0.083129335880000002
277,0,0.024971083256273514,0.50491930340148583,true,flipguard_tabular_validation_v2,sha256:c1dbe7648a9865cc186ae5e19948dba62555fac8ed85b7c7688b292d18fec26a,sha256:025eb7dea28322d4b60adcfff3b1ff48c3fb44aa57280d39eea813405a6561d5,model_input,identity_model_input_v1,0.26127968584799999,-0.83935388685800005,-0.402342990831,-0.84234738949200005,-0.104794563686,0.95534373671100004,-1.143812833363,-0.083129335880000002
280,0,-0.062943210972144781,0.48760018743848749,false,flipguard_tabular_validation_v2,sha256:c1dbe7648a9865cc186ae5e19948dba62555fac8ed85b7c7688b292d18fec26a,sha256:025eb7dea28322d4b60adcfff3b1ff48c3fb44aa57280d39eea813405a6561d5,model_input,identity_model_input_v1,-1.875999479736,1.635256550557,4.324247097722,1.085667401851,-0.67504030634300005,-1.0566774002379999,-1.143812833363,-0.083129335880000002
281,0,-0.023921774741507792,0.49528741037592294,false,flipguard_tabular_validation_v2,sha256:c1dbe7648a9865cc186ae5e19948dba62555fac8ed85b7c7688b292d18fec26a,sha256:025eb7dea28322d4b60adcfff3b1ff48c3fb44aa57280d39eea813405a6561d5,model_input,identity_model_input_v1,-2.825901331107,0.22119344346299999,-0.402342990831,0.034022970210000003,-0.38991743501499998,-1.0566774002379999,-0.52086104326899996,-0.083129335880000002
284,0,-0.043846780805335051,0.49136218418134897,false,flipguard_tabular_validation_v2,sha256:c1dbe7648a9865cc186ae5e19948dba62555fac8ed85b7c7688b292d18fec26a,sha256:025eb7dea28322d4b60adcfff3b1ff48c3fb44aa57280d39eea813405a6561d5,model_input,identity_model_input_v1,0.97370607437599999,0.57470922023600002,-0.402342990831,-1.0176214614320001,-0.67504030634300005,-1.0566774002379999,-0.98807488584000003,-0.083129335880000002
285,0,-0.030418275041828001,0.4940075998167599,false,flipguard_tabular_validation_v2,sha256:c1dbe7648a9865cc186ae5e19948dba62555fac8ed85b7c7688b292d18fec26a,sha256:025eb7dea28322d4b60adcfff3b1ff48c3fb44aa57280d39eea813405a6561d5,model_input,identity_model_input_v1,0.73623061153400005,1.812014438944,1.48829304459,-1.7187177491929999,-0.67504030634300005,-1.0566774002379999,0.10209074682499999,-0.083129335880000002
286,0,-0.014962104566672324,0.49705246540036557,false,flipguard_tabular_validation_v2,sha256:c1dbe7648a9865cc186ae5e19948dba62555fac8ed85b7c7688b292d18fec26a,sha256:025eb7dea28322d4b60adcfff3b1ff48c3fb44aa57280d39eea813405a6561d5,model_input,identity_model_input_v1,0.023804223005999998,0.22119344346299999,1.48829304459,0.55984518603,-0.67504030634300005,-1.0566774002379999,0.10209074682499999,-0.083129335880000002
287,1,0.060078785588773422,0.51183552076098837,true,flipguard_tabular_validation_v2,sha256:c1dbe7648a9865cc186ae5e19948dba62555fac8ed85b7c7688b292d18fec26a,sha256:025eb7dea28322d4b60adcfff3b1ff48c3fb44aa57280d39eea813405a6561d5,model_input,identity_model_input_v1,0.023804223005999998,-1.016111775245,-0.402342990831,0.91039332991099997,0.75057405029900004,0.64580202333400005,0.72504253691999998,-0.083129335880000002
288,1,0.012756777364689534,0.50251308514084381,true,flipguard_tabular_validation_v2,sha256:c1dbe7648a9865cc186ae5e19948dba62555fac8ed85b7c7688b292d18fec26a,sha256:025eb7dea28322d4b60adcfff3b1ff48c3fb44aa57280d39eea813405a6561d5,model_input,identity_model_input_v1,0.97370607437599999,-0.13232233331099999,-0.402342990831,0.38457111409,-0.67504030634300005,-0.90190654354999999,0.56930458939600004,-0.083129335880000002
290,0,-0.032096261950939356,0.49367703639566496,false,flipguard_tabular_validation_v2,sha256:c1dbe7648a9865cc186ae5e19948dba62555fac8ed85b7c7688b292d18fec26a,sha256:025eb7dea28322d4b60adcfff3b1ff48c3fb44aa57280d39eea813405a6561d5,model_input,identity_model_input_v1,0.97370607437599999,1.635256550557,2.1185050563969998,-1.7187177491929999,-0.67504030634300005,-1.0566774002379999,-0.67659899079300001,-0.083129335880000002
291,0,-0.046177300335225831,0.49090307183396054,false,flipguard_tabular_validation_v2,sha256:c1dbe7648a9865cc186ae5e19948dba62555fac8ed85b7c7688b292d18fec26a,sha256:025eb7dea28322d4b60adcfff3b1ff48c3fb44aa57280d39eea813405a6561d5,model_input,identity_model_input_v1,0.26127968584799999,-1.016111775245,-0.402342990831,-1.543443677253,-0.67504030634300005,-1.0566774002379999,-1.143812833363,-0.083129335880000002
292,1,0.0093723937147332428,0.5018463615618024,true,flipguard_tabular_validation_v2,sha256:c1dbe7648a9865cc186ae5e19948dba62555fac8ed85b7c7688b292d18fec26a,sha256:025eb7dea28322d4b60adcfff3b1ff48c3fb44aa57280d39eea813405a6561d5,model_input,identity_model_input_v1,0.97370607437599999,-1.016111775245,-0.402342990831,-0.141251101731,-0.67504030634300005,-1.0566774002379999,0.10209074682499999,-0.083129335880000002
293,0,-0.053646169207384783,0.48943170466614522,false,flipguard_tabular_validation_v2,sha256:c1dbe7648a9865cc186ae5e19948dba62555fac8ed85b7c7688b292d18fec26a,sha256:025eb7dea28322d4b60adcfff3b1ff48c3fb44aa57280d39eea813405a6561d5,model_input,identity_model_input_v1,0.49875514869100002,0.57470922023600002,-0.402342990831,0.73511925797099997,0.46545117896999999,-1.0566774002379999,-1.143812833363,-0.083129335880000002
294,0,-0.042493614176998921,0.49162875800713124,false,flipguard_tabular_validation_v2,sha256:c1dbe7648a9865cc186ae5e19948dba62555fac8ed85b7c7688b292d18fec26a,sha256:025eb7dea28322d4b60adcfff3b1ff48c3fb44aa57280d39eea813405a6561d5,model_input,identity_model_input_v1,-0.92609762836499998,0.57470922023600002,3.3789290800109999,0.20929704215,-0.67504030634300005,-1.0566774002379999,-0.67659899079300001,-0.083129335880000002
296,1,0.02411947261774882,0.50475153610569656,true,flipguard_tabular_validation_v2,sha256:c1dbe7648a9865cc186ae5e19948dba62555fac8ed85b7c7688b292d18fec26a,sha256:025eb7dea28322d4b60adcfff3b1ff48c3fb44aa57280d39eea813405a6561d5,model_input,identity_model_input_v1,0.49875514869100002,-1.016111775245,-0.402342990831,0.55984518603,-0.67504030634300005,0.49103116664500002,0.88078048444299994,-0.083129335880000002
297,0,-0.051151542712014095,0.48992314608573323,false,flipguard_tabular_validation_v2,sha256:c1dbe7648a9865cc186ae5e19948dba62555fac8ed85b7c7688b292d18fec26a,sha256:025eb7dea28322d4b60adcfff3b1ff48c3fb44aa57280d39eea813405a6561d5,model_input,identity_model_input_v1,0.26127968584799999,-0.13232233331099999,-0.402342990831,-0.84234738949200005,-0.67504030634300005,-1.0566774002379999,-1.143812833363,-0.083129335880000002
299,0,-0.060287435462157979,0.48812337521395488,false,flipguard_tabular_validation_v2,sha256:c1dbe7648a9865cc186ae5e19948dba62555fac8ed85b7c7688b292d18fec26a,sha256:025eb7dea28322d4b60adcfff3b1ff48c3fb44aa57280d39eea813405a6561d5,model_input,identity_model_input_v1,-2.825901331107,1.812014438944,1.48829304459,0.20929704215,-0.38991743501499998,-1.0566774002379999,-1.143812833363,-0.083129335880000002
301,1,0.035689374521101061,0.50703080678065693,true,flipguard_tabular_validation_v2,sha256:c1dbe7648a9865cc186ae5e19948dba62555fac8ed85b7c7688b292d18fec26a,sha256:025eb7dea28322d4b60adcfff3b1ff48c3fb44aa57280d39eea813405a6561d5,model_input,identity_model_input_v1,0.49875514869100002,-0.30908022169799998,-0.402342990831,0.91039332991099997,-0.67504030634300005,1.110114593399,-0.053647200697999997,-0.083129335880000002
303,1,0.032821202177298267,0.50646577682892779,true,flipguard_tabular_validation_v2,sha256:c1dbe7648a9865cc186ae5e19948dba62555fac8ed85b7c7688b292d18fec26a,sha256:025eb7dea28322d4b60adcfff3b1ff48c3fb44aa57280d39eea813405a6561d5,model_input,identity_model_input_v1,0.26127968584799999,-0.83935388685800005,-0.402342990831,0.55984518603,-0.67504030634300005,1.419656306776,0.56930458939600004,-0.083129335880000002
304,0,-0.045000001222998243,0.49113499975906932,false,flipguard_tabular_validation_v2,sha256:c1dbe7648a9865cc186ae5e19948dba62555fac8ed85b7c7688b292d18fec26a,sha256:025eb7dea28322d4b60adcfff3b1ff48c3fb44aa57280d39eea813405a6561d5,model_input,identity_model_input_v1,-1.40104855405,1.45849866217,1.48829304459,1.085667401851,-0.67504030634300005,-1.0566774002379999,-0.83233693831599997,-0.083129335880000002
309,1,0.060605755884061301,0.51193933390916002,true,flipguard_tabular_validation_v2,sha256:c1dbe7648a9865cc186ae5e19948dba62555fac8ed85b7c7688b292d18fec26a,sha256:025eb7dea28322d4b60adcfff3b1ff48c3fb44aa57280d39eea813405a6561d5,model_input,identity_model_input_v1,0.023804223005999998,-1.016111775245,-0.402342990831,0.73511925797099997,-0.104794563686,1.2648854500869999,-0.67659899079300001,-0.083129335880000002
310,1,0.029068842778356408,0.50572656202733623,true,flipguard_tabular_validation_v2,sha256:c1dbe7648a9865cc186ae5e19948dba62555fac8ed85b7c7688b292d18fec26a,sha256:025eb7dea28322d4b60adcfff3b1ff48c3fb44aa57280d39eea813405a6561d5,model_input,identity_model_input_v1,0.97370607437599999,0.044435555076,-0.402342990831,0.55984518603,-0.67504030634300005,0.800572880022,0.25782869434900002,-0.083129335880000002
313,0,-0.042963302413413784,0.49153622942455749,false,flipguard_tabular_validation_v2,sha256:c1dbe7648a9865cc186ae5e19948dba62555fac8ed85b7c7688b292d18fec26a,sha256:025eb7dea28322d4b60adcfff3b1ff48c3fb44aa57280d39eea813405a6561d5,model_input,identity_model_input_v1,0.023804223005999998,-0.30908022169799998,-0.402342990831,0.73511925797099997,-0.67504030634300005,-1.0566774002379999,-1.143812833363,-0.083129335880000002
314,1,0.0016734396735179967,0.50032966761568309,true,flipguard_tabular_validation_v2,sha256:c1dbe7648a9865cc186ae5e19948dba62555fac8ed85b7c7688b292d18fec26a,sha256:025eb7dea28322d4b60adcfff3b1ff48c3fb44aa57280d39eea813405a6561d5,model_input,identity_model_input_v1,0.97370607437599999,0.22119344346299999,-0.402342990831,-0.141251101731,-0.67504030634300005,-0.90190654354999999,1.1922563794909999,-0.083129335880000002
317,1,0.010238153979799382,0.50201691633402046,true,flipguard_tabular_validation_v2,sha256:c1dbe7648a9865cc186ae5e19948dba62555fac8ed85b7c7688b292d18fec26a,sha256:025eb7dea28322d4b60adcfff3b1ff48c3fb44aa57280d39eea813405a6561d5,model_input,identity_model_input_v1,0.73623061153400005,-1.016111775245,-0.402342990831,0.034022970210000003,-0.67504030634300005,-0.90190654354999999,1.1922563794909999,-0.083129335880000002
321,1,0.050886208293547397,0.5100245830338288,true,flipguard_tabular_validation_v2,sha256:c1dbe7648a9865cc186ae5e19948dba62555fac8ed85b7c7688b292d18fec26a,sha256:025eb7dea28322d4b60adcfff3b1ff48c3fb44aa57280d39eea813405a6561d5,model_input,identity_model_input_v1,-0.21367123983700001,0.75146710862300004,-0.402342990831,0.91039332991099997,0.46545117896999999,1.2648854500869999,-0.98807488584000003,-0.083129335880000002
322,0,-0.032914262001569036,0.49351589038569088,false,flipguard_tabular_validation_v2,sha256:c1dbe7648a9865cc186ae5e19948dba62555fac8ed85b7c7688b292d18fec26a,sha256:025eb7dea28322d4b60adcfff3b1ff48c3fb44aa57280d39eea813405a6561d5,model_input,identity_model_input_v1,0.49875514869100002,-1.016111775245,-0.402342990831,0.55984518603,-0.67504030634300005,-1.0566774002379999,-1.143812833363,-0.083129335880000002
323,1,0.012432468934166037,0.50244919638003072,true,flipguard_tabular_validation_v2,sha256:c1dbe7648a9865cc186ae5e19948dba62555fac8ed85b7c7688b292d18fec26a,sha256:025eb7dea28322d4b60adcfff3b1ff48c3fb44aa57280d39eea813405a6561d5,model_input,identity_model_input_v1,0.73623061153400005,-1.016111775245,-0.402342990831,-0.66707331755199994,-0.67504030634300005,0.64580202333400005,1.036518431967,-0.083129335880000002
324,1,0.085816849880998913,0.51690591942655684,true,flipguard_tabular_validation_v2,sha256:c1dbe7648a9865cc186ae5e19948dba62555fac8ed85b7c7688b292d18fec26a,sha256:025eb7dea28322d4b60adcfff3b1ff48c3fb44aa57280d39eea813405a6561d5,model_input,identity_model_input_v1,0.023804223005999998,-1.016111775245,-0.402342990831,0.73511925797099997,0.46545117896999999,1.419656306776,-0.20938514822199999,-0.083129335880000002
326,0,-0.022624890704911225,0.49554289653113248,false,flipguard_tabular_validation_v2,sha256:c1dbe7648a9865cc186ae5e19948dba62555fac8ed85b7c7688b292d18fec26a,sha256:025eb7dea28322d4b60adcfff3b1ff48c3fb44aa57280d39eea813405a6561d5,model_input,identity_model_input_v1,0.73623061153400005,1.45849866217,-0.087236984928,-1.7187177491929999,-0.67504030634300005,0.02671859658,1.036518431967,-0.083129335880000002
327,0,-0.10631908649196956,0.47905513996108201,false,flipguard_tabular_validation_v2,sha256:c1dbe7648a9865cc186ae5e19948dba62555fac8ed85b7c7688b292d18fec26a,sha256:025eb7dea28322d4b60adcfff3b1ff48c3fb44aa57280d39eea813405a6561d5,model_input,identity_model_input_v1,0.73623061153400005,1.281740773783,3.694035085915,1.085667401851,-0.67504030634300005,0.18148945326900001,1.1922563794909999,-0.083129335880000002
332,0,-0.038136482726046909,0.49248711290296876,false,flipguard_tabular_validation_v2,sha256:c1dbe7648a9865cc186ae5e19948dba62555fac8ed85b7c7688b292d18fec26a,sha256:025eb7dea28322d4b60adcfff3b1ff48c3fb44aa57280d39eea813405a6561d5,model_input,identity_model_input_v1,0.26127968584799999,-0.66259599847100004,-0.402342990831,0.55984518603,-0.67504030634300005,-1.0566774002379999,-1.143812833363,-0.083129335880000002
333,1,0.070715745561319515,0.51393100187557994,true,flipguard_tabular_validation_v2,sha256:c1dbe7648a9865cc186ae5e19948dba62555fac8ed85b7c7688b292d18fec26a,sha256:025eb7dea28322d4b60adcfff3b1ff48c3fb44aa57280d39eea813405a6561d5,model_input,identity_model_input_v1,0.023804223005999998,-1.016111775245,-0.402342990831,1.085667401851,0.180328307642,1.110114593399,-0.83233693831599997,-0.083129335880000002
335,1,0.020351714752642164,0.50400928780627052,true,flipguard_tabular_validation_v2,sha256:c1dbe7648a9865cc186ae5e19948dba62555fac8ed85b7c7688b292d18fec26a,sha256:025eb7dea28322d4b60adcfff3b1ff48c3fb44aa57280d39eea813405a6561d5,model_input,identity_model_input_v1,0.49875514869100002,0.044435555076,-0.402342990831,0.73511925797099997,-0.67504030634300005,0.64580202333400005,0.88078048444299994,-0.083129335880000002
338,1,0.074456401603385208,0.51466791111586685,true,flipguard_tabular_validation_v2,sha256:c1dbe7648a9865cc186ae5e19948dba62555fac8ed85b7c7688b292d18fec26a,sha256:025eb7dea28322d4b60adcfff3b1ff48c3fb44aa57280d39eea813405a6561d5,model_input,identity_model_input_v1,0.26127968584799999,-1.016111775245,-0.402342990831,0.91039332991099997,0.46545117896999999,1.419656306776,0.25782869434900002,-0.083129335880000002
347,1,0.01282114054150825,0.50252576468667709,true,flipguard_tabular_validation_v2,sha256:c1dbe7648a9865cc186ae5e19948dba62555fac8ed85b7c7688b292d18fec26a,sha256:025eb7dea28322d4b60adcfff3b1ff48c3fb44aa57280d39eea813405a6561d5,model_input,identity_model_input_v1,0.023804223005999998,-1.016111775245,-0.402342990831,0.55984518603,-0.67504030634300005,0.95534373671100004,1.347994327014,-0.083129335880000002
354,1,0.09029164348314192,0.51778745376617896,true,flipguard_tabular_validation_v2,sha256:c1dbe7648a9865cc186ae5e19948dba62555fac8ed85b7c7688b292d18fec26a,sha256:025eb7dea28322d4b60adcfff3b1ff48c3fb44aa57280d39eea813405a6561d5,model_input,identity_model_input_v1,0.49875514869100002,-1.016111775245,-0.402342990831,1.085667401851,1.035696921627,1.419656306776,0.25782869434900002,-0.083129335880000002
355,1,0.042905628513934466,0.50845240881724507,true,flipguard_tabular_validation_v2,sha256:c1dbe7648a9865cc186ae5e19948dba62555fac8ed85b7c7688b292d18fec26a,sha256:025eb7dea28322d4b60adcfff3b1ff48c3fb44aa57280d39eea813405a6561d5,model_input,identity_model_input_v1,-0.68862216552199995,-1.016111775245,-0.402342990831,0.38457111409,-0.67504030634300005,1.2648854500869999,-0.52086104326899996,-0.083129335880000002
357,1,0.0044641456006897454,0.5008794366833359,true,flipguard_tabular_validation_v2,sha256:c1dbe7648a9865cc186ae5e19948dba62555fac8ed85b7c7688b292d18fec26a,sha256:025eb7dea28322d4b60adcfff3b1ff48c3fb44aa57280d39eea813405a6561d5,model_input,identity_model_input_v1,0.73623061153400005,-1.016111775245,-0.402342990831,-0.31652517367100003,-0.67504030634300005,-0.90190654354999999,1.347994327014,-0.083129335880000002
358,1,0.036567075392490142,0.50720371385232055,true,flipguard_tabular_validation_v2,sha256:c1dbe7648a9865cc186ae5e19948dba62555fac8ed85b7c7688b292d18fec26a,sha256:025eb7dea28322d4b60adcfff3b1ff48c3fb44aa57280d39eea813405a6561d5,model_input,identity_model_input_v1,0.49875514869100002,-1.016111775245,-0.402342990831,1.085667401851,0.180328307642,1.419656306776,1.036518431967,-0.083129335880000002
359,1,0.037380481495075391,0.5073639548545299,true,flipguard_tabular_validation_v2,sha256:c1dbe7648a9865cc186ae5e19948dba62555fac8ed85b7c7688b292d18fec26a,sha256:025eb7dea28322d4b60adcfff3b1ff48c3fb44aa57280d39eea813405a6561d5,model_input,identity_model_input_v1,-0.68862216552199995,-1.016111775245,-0.402342990831,0.034022970210000003,-0.67504030634300005,0.800572880022,0.41356664187300002,-0.083129335880000002
361,0,-0.055948415551940252,0.48897816213626777,false,flipguard_tabular_validation_v2,sha256:c1dbe7648a9865cc186ae5e19948dba62555fac8ed85b7c7688b292d18fec26a,sha256:025eb7dea28322d4b60adcfff3b1ff48c3fb44aa57280d39eea813405a6561d5,model_input,identity_model_input_v1,0.97370607437599999,1.104982885396,0.22786902097600001,-1.7187177491929999,-0.67504030634300005,-1.0566774002379999,-1.143812833363,-0.083129335880000002
366,1,0.20078132974066476,0.53955392195891094,true,flipguard_tabular_validation_v2,sha256:c1dbe7648a9865cc186ae5e19948dba62555fac8ed85b7c7688b292d18fec26a,sha256:025eb7dea28322d4b60adcfff3b1ff48c3fb44aa57280d39eea813405a6561d5,model_input,identity_model_input_v1,-1.40104855405,-1.016111775245,-0.402342990831,0.73511925797099997,3.3166798922540002,1.419656306776,1.347994327014,-0.083129335880000002
368,1,-0.0025423924553043889,0.49949914868630502,false,flipguard_tabular_validation_v2,sha256:c1dbe7648a9865cc186ae5e19948dba62555fac8ed85b7c7688b292d18fec26a,sha256:025eb7dea28322d4b60adcfff3b1ff48c3fb44aa57280d39eea813405a6561d5,model_input,identity_model_input_v1,0.023804223005999998,-1.016111775245,-0.402342990831,0.73511925797099997,-0.67504030634300005,-1.0566774002379999,-0.36512309574500001,-0.083129335880000002
372,0,-0.073512584631795261,0.48551802082753631,false,flipguard_tabular_validation_v2,sha256:c1dbe7648a9865cc186ae5e19948dba62555fac8ed85b7c7688b292d18fec26a,sha256:025eb7dea28322d4b60adcfff3b1ff48c3fb44aa57280d39eea813405a6561d5,model_input,identity_model_input_v1,0.97370607437599999,1.281740773783,0.22786902097600001,-0.141251101731,1.035696921627,-0.59236483017300001,-1.143812833363,-0.083129335880000002
373,0,0.0082735942164328634,0.50162989806063729,true,flipguard_tabular_validation_v2,sha256:c1dbe7648a9865cc186ae5e19948dba62555fac8ed85b7c7688b292d18fec26a,sha256:025eb7dea28322d4b60adcfff3b1ff48c3fb44aa57280d39eea813405a6561d5,model_input,identity_model_input_v1,0.023804223005999998,0.044435555076,-0.402342990831,1.085667401851,-0.67504030634300005,-1.0566774002379999,0.41356664187300002,-0.083129335880000002
376,1,0.082913223784134904,0.51633390508547461,true,flipguard_tabular_validation_v2,sha256:c1dbe7648a9865cc186ae5e19948dba62555fac8ed85b7c7688b292d18fec26a,sha256:025eb7dea28322d4b60adcfff3b1ff48c3fb44aa57280d39eea813405a6561d5,model_input,identity_model_input_v1,-0.21367123983700001,-0.83935388685800005,-0.402342990831,1.085667401851,0.75057405029900004,0.800572880022,-1.143812833363,-0.083129335880000002
379,1,-0.015991820215210922,0.49684961141760342,false,flipguard_tabular_validation_v2,sha256:c1dbe7648a9865cc186ae5e19948dba62555fac8ed85b7c7688b292d18fec26a,sha256:025eb7dea28322d4b60adcfff3b1ff48c3fb44aa57280d39eea813405a6561d5,model_input,identity_model_input_v1,0.26127968584799999,0.397951331849,-0.402342990831,0.55984518603,1.605942664284,-0.43759397348500001,-1.143812833363,-0.083129335880000002
380,0,-0.046142308096715143,0.49090996530494713,false,flipguard_tabular_validation_v2,sha256:c1dbe7648a9865cc186ae5e19948dba62555fac8ed85b7c7688b292d18fec26a,sha256:025eb7dea28322d4b60adcfff3b1ff48c3fb44aa57280d39eea813405a6561d5,model_input,identity_model_input_v1,-0.68862216552199995,1.104982885396,2.1185050563969998,0.73511925797099997,-0.38991743501499998,-1.0566774002379999,-1.143812833363,-0.083129335880000002
381,1,-0.027308385676106741,0.49462024802180699,false,flipguard_tabular_validation_v2,sha256:c1dbe7648a9865cc186ae5e19948dba62555fac8ed85b7c7688b292d18fec26a,sha256:025eb7dea28322d4b60adcfff3b1ff48c3fb44aa57280d39eea813405a6561d5,model_input,identity_model_input_v1,-2.825901331107,1.635256550557,0.85808103278299996,-1.7187177491929999,-0.38991743501499998,1.419656306776,1.347994327014,-0.083129335880000002
383,0,-0.056811991690000049,0.48880803763706998,false,flipguard_tabular_validation_v2,sha256:c1dbe7648a9865cc186ae5e19948dba62555fac8ed85b7c7688b292d18fec26a,sha256:025eb7dea28322d4b60adcfff3b1ff48c3fb44aa57280d39eea813405a6561d5,model_input,identity_model_input_v1,0.73623061153400005,1.812014438944,4.0091410918179999,-1.7187177491929999,-0.67504030634300005,-1.0566774002379999,0.56930458939600004,-0.083129335880000002
384,1,-0.0013882235568439894,0.49972651995930173,false,flipguard_tabular_validation_v2,sha256:c1dbe7648a9865cc186ae5e19948dba62555fac8ed85b7c7688b292d18fec26a,sha256:025eb7dea28322d4b60adcfff3b1ff48c3fb44aa57280d39eea813405a6561d5,model_input,identity_model_input_v1,0.49875514869100002,-1.016111775245,-0.402342990831,-1.7187177491929999,-0.67504030634300005,0.33626030995700001,1.1922563794909999,-0.083129335880000002
385,1,0.075338298202553861,0.5148416447459031,true,flipguard_tabular_validation_v2,sha256:c1dbe7648a9865cc186ae5e19948dba62555fac8ed85b7c7688b292d18fec26a,sha256:025eb7dea28322d4b60adcfff3b1ff48c3fb44aa57280d39eea813405a6561d5,model_input,identity_model_input_v1,-1.163573091208,0.57470922023600002,-0.087236984928,0.91039332991099997,0.75057405029900004,1.110114593399,-1.143812833363,-0.083129335880000002
386,1,0.043367977738331787,0.50854349161445134,true,flipguard_tabular_validation_v2,sha256:c1dbe7648a9865cc186ae5e19948dba62555fac8ed85b7c7688b292d18fec26a,sha256:025eb7dea28322d4b60adcfff3b1ff48c3fb44aa57280d39eea813405a6561d5,model_input,identity_model_input_v1,0.023804223005999998,-1.016111775245,-0.402342990831,-0.31652517367100003,0.180328307642,0.95534373671100004,-1.143812833363,-0.083129335880000002
387,0,-0.013794511148894878,0.4972824813036677,false,flipguard_tabular_validation_v2,sha256:c1dbe7648a9865cc186ae5e19948dba62555fac8ed85b7c7688b292d18fec26a,sha256:025eb7dea28322d4b60adcfff3b1ff48c3fb44aa57280d39eea813405a6561d5,model_input,identity_model_input_v1,0.26127968584799999,1.281740773783,-0.402342990831,-0.84234738949200005,-0.67504030634300005,1.110114593399,1.347994327014,-0.083129335880000002
388,1,0.090485802996908837,0.51782570319039101,true,flipguard_tabular_validation_v2,sha256:c1dbe7648a9865cc186ae5e19948dba62555fac8ed85b7c7688b292d18fec26a,sha256:025eb7dea28322d4b60adcfff3b1ff48c3fb44aa57280d39eea813405a6561d5,model_input,identity_model_input_v1,-0.45114670268000001,0.044435555076,-0.402342990831,1.085667401851,1.035696921627,1.110114593399,-1.143812833363,-0.083129335880000002
389,1,0.10134511791250686,0.5199649882287638,true,flipguard_tabular_validation_v2,sha256:c1dbe7648a9865cc186ae5e19948dba62555fac8ed85b7c7688b292d18fec26a,sha256:025eb7dea28322d4b60adcfff3b1ff48c3fb44aa57280d39eea813405a6561d5,model_input,identity_model_input_v1,-0.45114670268000001,-0.485838110085,-0.402342990831,1.085667401851,1.035696921627,0.95534373671100004,-0.98807488584000003,-0.083129335880000002
390,0,-0.022467178942184765,0.49557396574838958,false,flipguard_tabular_validation_v2,sha256:c1dbe7648a9865cc186ae5e19948dba62555fac8ed85b7c7688b292d18fec26a,sha256:025eb7dea28322d4b60adcfff3b1ff48c3fb44aa57280d39eea813405a6561d5,model_input,identity_model_input_v1,0.97370607437599999,0.92822499701000005,-0.402342990831,-1.7187177491929999,-0.67504030634300005,-1.0566774002379999,1.036518431967,-0.083129335880000002
391,1,0.032180513434272598,0.50633956114655165,true,flipguard_tabular_validation_v2,sha256:c1dbe7648a9865cc186ae5e19948dba62555fac8ed85b7c7688b292d18fec26a,sha256:025eb7dea28322d4b60adcfff3b1ff48c3fb44aa57280d39eea813405a6561d5,model_input,identity_model_input_v1,0.73623061153400005,-1.016111775245,-0.402342990831,1.085667401851,2.1761884069409998,0.64580202333400005,1.347994327014,-0.083129335880000002
392,1,0.0025267716336611033,0.50049777401183126,true,flipguard_tabular_validation_v2,sha256:c1dbe7648a9865cc186ae5e19948dba62555fac8ed85b7c7688b292d18fec26a,sha256:025eb7dea28322d4b60adcfff3b1ff48c3fb44aa57280d39eea813405a6561d5,model_input,identity_model_input_v1,0.49875514869100002,-1.016111775245,-0.402342990831,-0.31652517367100003,-0.38991743501499998,-1.0566774002379999,0.25782869434900002,-0.083129335880000002
395,1,0.11280555201308332,0.52222269374657737,true,flipguard_tabular_validation_v2,sha256:c1dbe7648a9865cc186ae5e19948dba62555fac8ed85b7c7688b292d18fec26a,sha256:025eb7dea28322d4b60adcfff3b1ff48c3fb44aa57280d39eea813405a6561d5,model_input,identity_model_input_v1,-0.45114670268000001,0.22119344346299999,-0.402342990831,1.085667401851,1.3208197929550001,1.419656306776,-0.98807488584000003,-0.083129335880000002
396,1,0.085438952238946694,0.51683147359107251,true,flipguard_tabular_validation_v2,sha256:c1dbe7648a9865cc186ae5e19948dba62555fac8ed85b7c7688b292d18fec26a,sha256:025eb7dea28322d4b60adcfff3b1ff48c3fb44aa57280d39eea813405a6561d5,model_input,identity_model_input_v1,0.49875514869100002,-0.83935388685800005,-0.402342990831,0.73511925797099997,0.75057405029900004,1.419656306776,-1.143812833363,-0.083129335880000002
397,0,0.00033434739005352851,0.5000658664358405,true,flipguard_tabular_validation_v2,sha256:c1dbe7648a9865cc186ae5e19948dba62555fac8ed85b7c7688b292d18fec26a,sha256:025eb7dea28322d4b60adcfff3b1ff48c3fb44aa57280d39eea813405a6561d5,model_input,identity_model_input_v1,0.97370607437599999,0.22119344346299999,-0.402342990831,-0.141251101731,-0.67504030634300005,-0.90190654354999999,-0.053647200697999997,-0.083129335880000002
404,1,0.10941944139433531,0.52155562995468407,true,flipguard_tabular_validation_v2,sha256:c1dbe7648a9865cc186ae5e19948dba62555fac8ed85b7c7688b292d18fec26a,sha256:025eb7dea28322d4b60adcfff3b1ff48c3fb44aa57280d39eea813405a6561d5,model_input,identity_model_input_v1,-0.68862216552199995,-0.83935388685800005,-0.402342990831,1.085667401851,0.75057405029900004,1.2648854500869999,0.10209074682499999,-0.083129335880000002
406,1,0.020446949423181173,0.50402804903636667,true,flipguard_tabular_validation_v2,sha256:c1dbe7648a9865cc186ae5e19948dba62555fac8ed85b7c7688b292d18fec26a,sha256:025eb7dea28322d4b60adcfff3b1ff48c3fb44aa57280d39eea813405a6561d5,model_input,identity_model_input_v1,-1.40104855405,0.75146710862300004,-0.402342990831,-1.0176214614320001,-0.67504030634300005,1.2648854500869999,-0.52086104326899996,-0.083129335880000002
407,0,0.0079930813972047769,0.50157463703524929,true,flipguard_tabular_validation_v2,sha256:c1dbe7648a9865cc186ae5e19948dba62555fac8ed85b7c7688b292d18fec26a,sha256:025eb7dea28322d4b60adcfff3b1ff48c3fb44aa57280d39eea813405a6561d5,model_input,identity_model_input_v1,0.97370607437599999,-0.30908022169799998,-0.402342990831,-1.1928955333719999,-0.67504030634300005,0.64580202333400005,0.88078048444299994,-0.083129335880000002
408,1,0.059980464379932652,0.51181615148284676,true,flipguard_tabular_validation_v2,sha256:c1dbe7648a9865cc186ae5e19948dba62555fac8ed85b7c7688b292d18fec26a,sha256:025eb7dea28322d4b60adcfff3b1ff48c3fb44aa57280d39eea813405a6561d5,model_input,identity_model_input_v1,-1.40104855405,-1.016111775245,-0.402342990831,0.38457111409,-0.38991743501499998,0.95534373671100004,0.10209074682499999,-0.083129335880000002
409,0,-0.03935915856036426,0.49224624576360826,false,flipguard_tabular_validation_v2,sha256:c1dbe7648a9865cc186ae5e19948dba62555fac8ed85b7c7688b292d18fec26a,sha256:025eb7dea28322d4b60adcfff3b1ff48c3fb44aa57280d39eea813405a6561d5,model_input,identity_model_input_v1,0.023804223005999998,-1.016111775245,-0.402342990831,-0.49179924561100002,-0.104794563686,-1.0566774002379999,-1.143812833363,-0.083129335880000002
411,1,0.22629549010709216,0.54458021155109715,true,flipguard_tabular_validation_v2,sha256:c1dbe7648a9865cc186ae5e19948dba62555fac8ed85b7c7688b292d18fec26a,sha256:025eb7dea28322d4b60adcfff3b1ff48c3fb44aa57280d39eea813405a6561d5,model_input,identity_model_input_v1,-2.5884258682639998,-0.30908022169799998,-0.402342990831,-0.141251101731,3.3166798922540002,1.419656306776,0.88078048444299994,-0.083129335880000002
412,0,-0.088910667897106832,0.48248459842426994,false,flipguard_tabular_validation_v2,sha256:c1dbe7648a9865cc186ae5e19948dba62555fac8ed85b7c7688b292d18fec26a,sha256:025eb7dea28322d4b60adcfff3b1ff48c3fb44aa57280d39eea813405a6561d5,model_input,identity_model_input_v1,0.97370607437599999,1.812014438944,0.22786902097600001,0.38457111409,1.035696921627,0.33626030995700001,1.347994327014,-0.083129335880000002
420,0,-0.042521591597312745,0.4916232464553294,false,flipguard_tabular_validation_v2,sha256:c1dbe7648a9865cc186ae5e19948dba62555fac8ed85b7c7688b292d18fec26a,sha256:025eb7dea28322d4b60adcfff3b1ff48c3fb44aa57280d39eea813405a6561d5,model_input,identity_model_input_v1,0.73623061153400005,-1.016111775245,-0.402342990831,-1.7187177491929999,-0.67504030634300005,-1.0566774002379999,-1.143812833363,-0.083129335880000002
424,1,0.13330188937138171,0.52626047220616223,true,flipguard_tabular_validation_v2,sha256:c1dbe7648a9865cc186ae5e19948dba62555fac8ed85b7c7688b292d18fec26a,sha256:025eb7dea28322d4b60adcfff3b1ff48c3fb44aa57280d39eea813405a6561d5,model_input,identity_model_input_v1,0.023804223005999998,-0.83935388685800005,-0.402342990831,1.085667401851,1.605942664284,1.110114593399,-1.143812833363,-0.083129335880000002
426,1,0.044927075674120617,0.50885063390780172,true,flipguard_tabular_validation_v2,sha256:c1dbe7648a9865cc186ae5e19948dba62555fac8ed85b7c7688b292d18fec26a,sha256:025eb7dea28322d4b60adcfff3b1ff48c3fb44aa57280d39eea813405a6561d5,model_input,identity_model_input_v1,-0.21367123983700001,-1.016111775245,-0.402342990831,-0.31652517367100003,-0.38991743501499998,1.2648854500869999,-0.67659899079300001,-0.083129335880000002
427,0,-0.051658028299269999,0.48982336842504381,false,flipguard_tabular_validation_v2,sha256:c1dbe7648a9865cc186ae5e19948dba62555fac8ed85b7c7688b292d18fec26a,sha256:025eb7dea28322d4b60adcfff3b1ff48c3fb44aa57280d39eea813405a6561d5,model_input,identity_model_input_v1,0.97370607437599999,0.044435555076,-0.402342990831,-1.7187177491929999,-0.67504030634300005,-1.0566774002379999,-1.143812833363,-0.083129335880000002
428,1,0.046483302276891354,0.50915721054854757,true,flipguard_tabular_validation_v2,sha256:c1dbe7648a9865cc186ae5e19948dba62555fac8ed85b7c7688b292d18fec26a,sha256:025eb7dea28322d4b60adcfff3b1ff48c3fb44aa57280d39eea813405a6561d5,model_input,identity_model_input_v1,0.49875514869100002,-0.66259599847100004,-0.402342990831,0.55984518603,-0.38991743501499998,1.419656306776,-0.36512309574500001,-0.083129335880000002
432,0,-0.0045909289600780355,0.49909558699486462,false,flipguard_tabular_validation_v2,sha256:c1dbe7648a9865cc186ae5e19948dba62555fac8ed85b7c7688b292d18fec26a,sha256:025eb7dea28322d4b60adcfff3b1ff48c3fb44aa57280d39eea813405a6561d5,model_input,identity_model_input_v1,-1.163573091208,1.812014438944,1.48829304459,-0.31652517367100003,-0.104794563686,0.800572880022,-0.20938514822199999,-0.083129335880000002
433,1,0.31401403605513684,0.56186076510286198,true,flipguard_tabular_validation_v2,sha256:c1dbe7648a9865cc186ae5e19948dba62555fac8ed85b7c7688b292d18fec26a,sha256:025eb7dea28322d4b60adcfff3b1ff48c3fb44aa57280d39eea813405a6561d5,model_input,identity_model_input_v1,0.97370607437599999,-0.83935388685800005,-0.402342990831,0.91039332991099997,0.46545117896999999,1.419656306776,-0.36512309574500001,9.1368920054329994
436,0,-0.062805126217329865,0.48762739013518602,false,flipguard_tabular_validation_v2,sha256:c1dbe7648a9865cc186ae5e19948dba62555fac8ed85b7c7688b292d18fec26a,sha256:025eb7dea28322d4b60adcfff3b1ff48c3fb44aa57280d39eea813405a6561d5,model_input,identity_model_input_v1,-0.92609762836499998,1.812014438944,0.85808103278299996,0.73511925797099997,-0.67504030634300005,-1.0566774002379999,-1.143812833363,-0.083129335880000002
437,0,-0.040746006060094736,0.49197303680616133,false,flipguard_tabular_validation_v2,sha256:c1dbe7648a9865cc186ae5e19948dba62555fac8ed85b7c7688b292d18fec26a,sha256:025eb7dea28322d4b60adcfff3b1ff48c3fb44aa57280d39eea813405a6561d5,model_input,identity_model_input_v1,0.023804223005999998,-0.66259599847100004,-0.402342990831,0.38457111409,-0.67504030634300005,-1.0566774002379999,-1.143812833363,-0.083129335880000002
440,0,-0.028939284244619244,0.49429896100380999,false,flipguard_tabular_validation_v2,sha256:c1dbe7648a9865cc186ae5e19948dba62555fac8ed85b7c7688b292d18fec26a,sha256:025eb7dea28322d4b60adcfff3b1ff48c3fb44aa57280d39eea813405a6561d5,model_input,identity_model_input_v1,0.26127968584799999,0.044435555076,-0.402342990831,0.73511925797099997,-0.67504030634300005,-0.59236483017300001,-1.143812833363,-0.083129335880000002
441,0,-0.013357543039054634,0.49736856402130625,false,flipguard_tabular_validation_v2,sha256:c1dbe7648a9865cc186ae5e19948dba62555fac8ed85b7c7688b292d18fec26a,sha256:025eb7dea28322d4b60adcfff3b1ff48c3fb44aa57280d39eea813405a6561d5,model_input,identity_model_input_v1,0.023804223005999998,0.397951331849,-0.087236984928,0.20929704215,0.180328307642,0.95534373671100004,1.347994327014,-0.083129335880000002
445,0,-0.050396023720680458,0.49007198332702595,false,flipguard_tabular_validation_v2,sha256:c1dbe7648a9865cc186ae5e19948dba62555fac8ed85b7c7688b292d18fec26a,sha256:025eb7dea28322d4b60adcfff3b1ff48c3fb44aa57280d39eea813405a6561d5,model_input,identity_model_input_v1,-0.68862216552199995,0.397951331849,-0.087236984928,0.38457111409,-0.104794563686,-1.0566774002379999,-1.143812833363,-0.083129335880000002
446,0,-0.11050461112992536,0.47823059160740472,false,flipguard_tabular_validation_v2,sha256:c1dbe7648a9865cc186ae5e19948dba62555fac8ed85b7c7688b292d18fec26a,sha256:025eb7dea28322d4b60adcfff3b1ff48c3fb44aa57280d39eea813405a6561d5,model_input,identity_model_input_v1,-0.92609762836499998,1.281740773783,4.639353103625,0.55984518603,0.75057405029900004,1.2648854500869999,1.1922563794909999,-0.083129335880000002
447,1,0.078834791858944847,0.51553045399621211,true,flipguard_tabular_validation_v2,sha256:c1dbe7648a9865cc186ae5e19948dba62555fac8ed85b7c7688b292d18fec26a,sha256:025eb7dea28322d4b60adcfff3b1ff48c3fb44aa57280d39eea813405a6561d5,model_input,identity_model_input_v1,0.73623061153400005,-1.016111775245,-0.402342990831,1.085667401851,0.46545117896999999,1.419656306776,-0.36512309574500001,-0.083129335880000002
448,0,-0.0058464955115911897,0.49884824038421655,false,flipguard_tabular_validation_v2,sha256:c1dbe7648a9865cc186ae5e19948dba62555fac8ed85b7c7688b292d18fec26a,sha256:025eb7dea28322d4b60adcfff3b1ff48c3fb44aa57280d39eea813405a6561d5,model_input,identity_model_input_v1,0.97370607437599999,-1.016111775245,-0.402342990831,-1.543443677253,-0.67504030634300005,-0.128052260108,1.347994327014,-0.083129335880000002
449,1,0.0056558669805110897,0.50111420579516064,true,flipguard_tabular_validation_v2,sha256:c1dbe7648a9865cc186ae5e19948dba62555fac8ed85b7c7688b292d18fec26a,sha256:025eb7dea28322d4b60adcfff3b1ff48c3fb44aa57280d39eea813405a6561d5,model_input,identity_model_input_v1,-0.21367123983700001,-1.016111775245,-0.402342990831,-0.66707331755199994,-0.67504030634300005,-0.28282311679599997,1.347994327014,-0.083129335880000002
450,1,0.086320199522979424,0.5170050793060269,true,flipguard_tabular_validation_v2,sha256:c1dbe7648a9865cc186ae5e19948dba62555fac8ed85b7c7688b292d18fec26a,sha256:025eb7dea28322d4b60adcfff3b1ff48c3fb44aa57280d39eea813405a6561d5,model_input,identity_model_input_v1,0.49875514869100002,-0.83935388685800005,-0.402342990831,1.085667401851,0.75057405029900004,1.2648854500869999,-1.143812833363,-0.083129335880000002
451,1,0.025256844618581607,0.50497559838986061,true,flipguard_tabular_validation_v2,sha256:c1dbe7648a9865cc186ae5e19948dba62555fac8ed85b7c7688b292d18fec26a,sha256:025eb7dea28322d4b60adcfff3b1ff48c3fb44aa57280d39eea813405a6561d5,model_input,identity_model_input_v1,0.97370607437599999,-0.30908022169799998,-0.402342990831,0.034022970210000003,-0.67504030634300005,1.419656306776,0.56930458939600004,-0.083129335880000002
453,0,0.0094995136102204759,0.50187140418121345,true,flipguard_tabular_validation_v2,sha256:c1dbe7648a9865cc186ae5e19948dba62555fac8ed85b7c7688b292d18fec26a,sha256:025eb7dea28322d4b60adcfff3b1ff48c3fb44aa57280d39eea813405a6561d5,model_input,identity_model_input_v1,0.97370607437599999,0.22119344346299999,-0.402342990831,1.085667401851,-0.67504030634300005,-0.43759397348500001,1.347994327014,-0.083129335880000002
454,1,0.010578145625085411,0.50208389468814185,true,flipguard_tabular_validation_v2,sha256:c1dbe7648a9865cc186ae5e19948dba62555fac8ed85b7c7688b292d18fec26a,sha256:025eb7dea28322d4b60adcfff3b1ff48c3fb44aa57280d39eea813405a6561d5,model_input,identity_model_input_v1,0.49875514869100002,-1.016111775245,-0.402342990831,-0.84234738949200005,-0.67504030634300005,0.02671859658,1.036518431967,-0.083129335880000002
455,1,0.045218778073153922,0.50890809928041136,true,flipguard_tabular_validation_v2,sha256:c1dbe7648a9865cc186ae5e19948dba62555fac8ed85b7c7688b292d18fec26a,sha256:025eb7dea28322d4b60adcfff3b1ff48c3fb44aa57280d39eea813405a6561d5,model_input,identity_model_input_v1,0.023804223005999998,-0.83935388685800005,-0.402342990831,0.034022970210000003,-0.38991743501499998,1.2648854500869999,-0.053647200697999997,-0.083129335880000002
457,0,0.003989649590013372,0.50078596096923267,true,flipguard_tabular_validation_v2,sha256:c1dbe7648a9865cc186ae5e19948dba62555fac8ed85b7c7688b292d18fec26a,sha256:025eb7dea28322d4b60adcfff3b1ff48c3fb44aa57280d39eea813405a6561d5,model_input,identity_model_input_v1,0.97370607437599999,-0.66259599847100004,-0.402342990831,-0.141251101731,-0.67504030634300005,0.33626030995700001,1.347994327014,-0.083129335880000002
458,0,-0.040527491998394283,0.49201608407631631,false,flipguard_tabular_validation_v2,sha256:c1dbe7648a9865cc186ae5e19948dba62555fac8ed85b7c7688b292d18fec26a,sha256:025eb7dea28322d4b60adcfff3b1ff48c3fb44aa57280d39eea813405a6561d5,model_input,identity_model_input_v1,0.49875514869100002,0.044435555076,-0.402342990831,1.085667401851,-0.67504030634300005,-1.0566774002379999,-1.143812833363,-0.083129335880000002
461,0,-0.046111979149324765,0.49091594010758299,false,flipguard_tabular_validation_v2,sha256:c1dbe7648a9865cc186ae5e19948dba62555fac8ed85b7c7688b292d18fec26a,sha256:025eb7dea28322d4b60adcfff3b1ff48c3fb44aa57280d39eea813405a6561d5,model_input,identity_model_input_v1,0.97370607437599999,1.812014438944,0.22786902097600001,0.55984518603,-0.67504030634300005,-1.0566774002379999,-1.143812833363,-0.083129335880000002
464,0,-0.046820102813377042,0.49077643974576474,false,flipguard_tabular_validation_v2,sha256:c1dbe7648a9865cc186ae5e19948dba62555fac8ed85b7c7688b292d18fec26a,sha256:025eb7dea28322d4b60adcfff3b1ff48c3fb44aa57280d39eea813405a6561d5,model_input,identity_model_input_v1,0.023804223005999998,1.104982885396,1.48829304459,0.91039332991099997,-0.67504030634300005,-1.0566774002379999,-1.143812833363,-0.083129335880000002
466,0,-0.044971110555991088,0.49114069122046977,false,flipguard_tabular_validation_v2,sha256:c1dbe7648a9865cc186ae5e19948dba62555fac8ed85b7c7688b292d18fec26a,sha256:025eb7dea28322d4b60adcfff3b1ff48c3fb44aa57280d39eea813405a6561d5,model_input,identity_model_input_v1,-0.21367123983700001,1.812014438944,2.1185050563969998,-1.7187177491929999,-0.38991743501499998,-0.59236483017300001,-0.36512309574500001,-0.083129335880000002
469,0,-0.008941226095232211,0.49823857845923925,false,flipguard_tabular_validation_v2,sha256:c1dbe7648a9865cc186ae5e19948dba62555fac8ed85b7c7688b292d18fec26a,sha256:025eb7dea28322d4b60adcfff3b1ff48c3fb44aa57280d39eea813405a6561d5,model_input,identity_model_input_v1,0.49875514869100002,-1.016111775245,-0.402342990831,-1.7187177491929999,-0.67504030634300005,-0.59236483017300001,1.347994327014,-0.083129335880000002
470,1,0.063641857920926789,0.51253744601042261,true,flipguard_tabular_validation_v2,sha256:c1dbe7648a9865cc186ae5e19948dba62555fac8ed85b7c7688b292d18fec26a,sha256:025eb7dea28322d4b60adcfff3b1ff48c3fb44aa57280d39eea813405a6561d5,model_input,identity_model_input_v1,0.26127968584799999,-1.016111775245,-0.402342990831,1.085667401851,0.75057405029900004,1.419656306776,0.88078048444299994,-0.083129335880000002
471,0,-0.032914262001569036,0.49351589038569088,false,flipguard_tabular_validation_v2,sha256:c1dbe7648a9865cc186ae5e19948dba62555fac8ed85b7c7688b292d18fec26a,sha256:025eb7dea28322d4b60adcfff3b1ff48c3fb44aa57280d39eea813405a6561d5,model_input,identity_model_input_v1,0.49875514869100002,-1.016111775245,-0.402342990831,0.55984518603,-0.67504030634300005,-1.0566774002379999,-1.143812833363,-0.083129335880000002
472,0,-0.025956833282176177,0.49488650384341132,false,flipguard_tabular_validation_v2,sha256:c1dbe7648a9865cc186ae5e19948dba62555fac8ed85b7c7688b292d18fec26a,sha256:025eb7dea28322d4b60adcfff3b1ff48c3fb44aa57280d39eea813405a6561d5,model_input,identity_model_input_v1,0.97370607437599999,-0.66259599847100004,-0.402342990831,-1.3681696053129999,-0.67504030634300005,-0.59236483017300001,-1.143812833363,-0.083129335880000002
474,0,-0.036562276718037634,0.49279723148654658,false,flipguard_tabular_validation_v2,sha256:c1dbe7648a9865cc186ae5e19948dba62555fac8ed85b7c7688b292d18fec26a,sha256:025eb7dea28322d4b60adcfff3b1ff48c3fb44aa57280d39eea813405a6561d5,model_input,identity_model_input_v1,0.97370607437599999,1.281740773783,-0.402342990831,1.085667401851,-0.67504030634300005,-1.0566774002379999,-0.98807488584000003,-0.083129335880000002
475,1,0.066828873683912923,0.51316528811573081,true,flipguard_tabular_validation_v2,sha256:c1dbe7648a9865cc186ae5e19948dba62555fac8ed85b7c7688b292d18fec26a,sha256:025eb7dea28322d4b60adcfff3b1ff48c3fb44aa57280d39eea813405a6561d5,model_input,identity_model_input_v1,-0.92609762836499998,-0.66259599847100004,-0.402342990831,0.91039332991099997,0.180328307642,1.419656306776,0.88078048444299994,-0.083129335880000002
477,1,0.041448180046130177,0.50816529146908762,true,flipguard_tabular_validation_v2,sha256:c1dbe7648a9865cc186ae5e19948dba62555fac8ed85b7c7688b292d18fec26a,sha256:025eb7dea28322d4b60adcfff3b1ff48c3fb44aa57280d39eea813405a6561d5,model_input,identity_model_input_v1,-0.68862216552199995,0.57470922023600002,-0.402342990831,0.91039332991099997,0.46545117896999999,0.800572880022,-1.143812833363,-0.083129335880000002
478,1,-0.028489049148107889,0.49438765731782275,false,flipguard_tabular_validation_v2,sha256:c1dbe7648a9865cc186ae5e19948dba62555fac8ed85b7c7688b292d18fec26a,sha256:025eb7dea28322d4b60adcfff3b1ff48c3fb44aa57280d39eea813405a6561d5,model_input,identity_model_input_v1,-0.45114670268000001,-1.016111775245,2.7487170682039999,0.91039332991099997,-0.104794563686,-0.28282311679599997,0.72504253691999998,-0.083129335880000002
479,1,0.034842585224808792,0.50686398928928733,true,flipguard_tabular_validation_v2,sha256:c1dbe7648a9865cc186ae5e19948dba62555fac8ed85b7c7688b292d18fec26a,sha256:025eb7dea28322d4b60adcfff3b1ff48c3fb44aa57280d39eea813405a6561d5,model_input,identity_model_input_v1,-1.40104855405,-0.30908022169799998,-0.402342990831,-0.31652517367100003,-0.67504030634300005,0.95534373671100004,0.56930458939600004,-0.083129335880000002
481,0,-0.034134762982052612,0.49327545169253562,false,flipguard_tabular_validation_v2,sha256:c1dbe7648a9865cc186ae5e19948dba62555fac8ed85b7c7688b292d18fec26a,sha256:025eb7dea28322d4b60adcfff3b1ff48c3fb44aa57280d39eea813405a6561d5,model_input,identity_model_input_v1,0.73623061153400005,-0.485838110085,-0.402342990831,0.91039332991099997,-0.67504030634300005,-1.0566774002379999,-1.143812833363,-0.083129335880000002
482,0,-0.01722237653405408,0.49660719182279134,false,flipguard_tabular_validation_v2,sha256:c1dbe7648a9865cc186ae5e19948dba62555fac8ed85b7c7688b292d18fec26a,sha256:025eb7dea28322d4b60adcfff3b1ff48c3fb44aa57280d39eea813405a6561d5,model_input,identity_model_input_v1,-0.21367123983700001,0.57470922023600002,1.1731870386859999,0.38457111409,-0.67504030634300005,-0.59236483017300001,-0.52086104326899996,-0.083129335880000002
483,1,0.010582084108960305,0.50208467056946515,true,flipguard_tabular_validation_v2,sha256:c1dbe7648a9865cc186ae5e19948dba62555fac8ed85b7c7688b292d18fec26a,sha256:025eb7dea28322d4b60adcfff3b1ff48c3fb44aa57280d39eea813405a6561d5,model_input,identity_model_input_v1,0.26127968584799999,-1.016111775245,-0.402342990831,0.20929704215,-0.67504030634300005,-0.43759397348500001,1.347994327014,-0.083129335880000002
485,1,0.016438262779816085,0.50323833776762372,true,flipguard_tabular_validation_v2,sha256:c1dbe7648a9865cc186ae5e19948dba62555fac8ed85b7c7688b292d18fec26a,sha256:025eb7dea28322d4b60adcfff3b1ff48c3fb44aa57280d39eea813405a6561d5,model_input,identity_model_input_v1,0.49875514869100002,-1.016111775245,-0.402342990831,0.73511925797099997,-0.67504030634300005,-1.0566774002379999,0.56930458939600004,-0.083129335880000002
486,1,0.011252404208445128,0.50221672362906367,true,flipguard_tabular_validation_v2,sha256:c1dbe7648a9865cc186ae5e19948dba62555fac8ed85b7c7688b292d18fec26a,sha256:025eb7dea28322d4b60adcfff3b1ff48c3fb44aa57280d39eea813405a6561d5,model_input,identity_model_input_v1,0.73623061153400005,-0.66259599847100004,-0.402342990831,0.91039332991099997,-0.67504030634300005,0.18148945326900001,1.347994327014,-0.083129335880000002
490,1,0.027316053434524666,0.50538126252660132,true,flipguard_tabular_validation_v2,sha256:c1dbe7648a9865cc186ae5e19948dba62555fac8ed85b7c7688b292d18fec26a,sha256:025eb7dea28322d4b60adcfff3b1ff48c3fb44aa57280d39eea813405a6561d5,model_input,identity_model_input_v1,-2.350950405421,1.281740773783,-0.402342990831,-0.49179924561100002,-0.67504030634300005,1.110114593399,0.25782869434900002,-0.083129335880000002
491,0,0.017548598866110689,0.50345707397662376,true,flipguard_tabular_validation_v2,sha256:c1dbe7648a9865cc186ae5e19948dba62555fac8ed85b7c7688b292d18fec26a,sha256:025eb7dea28322d4b60adcfff3b1ff48c3fb44aa57280d39eea813405a6561d5,model_input,identity_model_input_v1,0.73623061153400005,-1.016111775245,-0.402342990831,1.085667401851,-0.67504030634300005,-1.0566774002379999,0.41356664187300002,-0.083129335880000002
492,1,0.0073265395507746186,0.50144332829150262,true,flipguard_tabular_validation_v2,sha256:c1dbe7648a9865cc186ae5e19948dba62555fac8ed85b7c7688b292d18fec26a,sha256:025eb7dea28322d4b60adcfff3b1ff48c3fb44aa57280d39eea813405a6561d5,model_input,identity_model_input_v1,0.97370607437599999,-0.13232233331099999,-0.402342990831,0.034022970210000003,-0.67504030634300005,0.64580202333400005,1.1922563794909999,-0.083129335880000002
493,0,-0.04493909515665178,0.4911469982541396,false,flipguard_tabular_validation_v2,sha256:c1dbe7648a9865cc186ae5e19948dba62555fac8ed85b7c7688b292d18fec26a,sha256:025eb7dea28322d4b60adcfff3b1ff48c3fb44aa57280d39eea813405a6561d5,model_input,identity_model_input_v1,-0.45114670268000001,-0.83935388685800005,-0.402342990831,-0.66707331755199994,-0.104794563686,-1.0566774002379999,-1.143812833363,-0.083129335880000002
495,1,0.00044624679882085145,0.50008791061936775,true,flipguard_tabular_validation_v2,sha256:c1dbe7648a9865cc186ae5e19948dba62555fac8ed85b7c7688b292d18fec26a,sha256:025eb7dea28322d4b60adcfff3b1ff48c3fb44aa57280d39eea813405a6561d5,model_input,identity_model_input_v1,0.97370607437599999,-1.016111775245,-0.402342990831,0.034022970210000003,-0.67504030634300005,-1.0566774002379999,-0.36512309574500001,-0.083129335880000002
496,1,0.093700471142918684,0.51845899281515495,true,flipguard_tabular_validation_v2,sha256:c1dbe7648a9865cc186ae5e19948dba62555fac8ed85b7c7688b292d18fec26a,sha256:025eb7dea28322d4b60adcfff3b1ff48c3fb44aa57280d39eea813405a6561d5,model_input,identity_model_input_v1,0.023804223005999998,-0.83935388685800005,-0.402342990831,1.085667401851,0.75057405029900004,1.419656306776,0.10209074682499999,-0.083129335880000002
499,0,0.41926555883112576,0.58259531508973184,true,flipguard_tabular_validation_v2,sha256:c1dbe7648a9865cc186ae5e19948dba62555fac8ed85b7c7688b292d18fec26a,sha256:025eb7dea28322d4b60adcfff3b1ff48c3fb44aa57280d39eea813405a6561d5,model_input,identity_model_input_v1,0.97370607437599999,-0.66259599847100004,-0.402342990831,0.034022970210000003,-0.67504030634300005,-1.0566774002379999,-1.143812833363,12.210232452536999
500,1,0.0082957671952307212,0.50163426613746043,true,flipguard_tabular_validation_v2,sha256:c1dbe7648a9865cc186ae5e19948dba62555fac8ed85b7c7688b292d18fec26a,sha256:025eb7dea28322d4b60adcfff3b1ff48c3fb44aa57280d39eea813405a6561d5,model_input,identity_model_input_v1,0.73623061153400005,-1.016111775245,-0.402342990831,0.034022970210000003,-0.67504030634300005,-0.43759397348500001,1.347994327014,-0.083129335880000002
501,1,0.033812663562488937,0.50666109472181031,true,flipguard_tabular_validation_v2,sha256:c1dbe7648a9865cc186ae5e19948dba62555fac8ed85b7c7688b292d18fec26a,sha256:025eb7dea28322d4b60adcfff3b1ff48c3fb44aa57280d39eea813405a6561d5,model_input,identity_model_input_v1,0.73623061153400005,-0.485838110085,-0.402342990831,1.085667401851,1.605942664284,1.419656306776,1.1922563794909999,-0.083129335880000002
504,0,-0.0058266736029254848,0.4988521453002237,false,flipguard_tabular_validation_v2,sha256:c1dbe7648a9865cc186ae5e19948dba62555fac8ed85b7c7688b292d18fec26a,sha256:025eb7dea28322d4b60adcfff3b1ff48c3fb44aa57280d39eea813405a6561d5,model_input,identity_model_input_v1,-1.638524016893,0.57470922023600002,-0.402342990831,0.55984518603,-0.67504030634300005,-1.0566774002379999,0.25782869434900002,-0.083129335880000002
506,0,-0.036418153413045495,0.49282562377763006,false,flipguard_tabular_validation_v2,sha256:c1dbe7648a9865cc186ae5e19948dba62555fac8ed85b7c7688b292d18fec26a,sha256:025eb7dea28322d4b60adcfff3b1ff48c3fb44aa57280d39eea813405a6561d5,model_input,identity_model_input_v1,0.97370607437599999,-0.83935388685800005,-0.402342990831,-1.0176214614320001,-0.67504030634300005,-1.0566774002379999,-1.143812833363,-0.083129335880000002
509,1,0.0056679747102398991,0.50111659101791728,true,flipguard_tabular_validation_v2,sha256:c1dbe7648a9865cc186ae5e19948dba62555fac8ed85b7c7688b292d18fec26a,sha256:025eb7dea28322d4b60adcfff3b1ff48c3fb44aa57280d39eea813405a6561d5,model_input,identity_model_input_v1,0.73623061153400005,-0.83935388685800005,-0.402342990831,-1.3681696053129999,-0.67504030634300005,-0.28282311679599997,0.88078048444299994,-0.083129335880000002
510,1,0.0054913538471512945,0.50108179670788877,true,flipguard_tabular_validation_v2,sha256:c1dbe7648a9865cc186ae5e19948dba62555fac8ed85b7c7688b292d18fec26a,sha256:025eb7dea28322d4b60adcfff3b1ff48c3fb44aa57280d39eea813405a6561d5,model_input,identity_model_input_v1,0.97370607437599999,-1.016111775245,-0.402342990831,-0.31652517367100003,-0.67504030634300005,-0.43759397348500001,1.347994327014,-0.083129335880000002
514,0,-0.056693456263427054,0.48883138911610485,false,flipguard_tabular_validation_v2,sha256:c1dbe7648a9865cc186ae5e19948dba62555fac8ed85b7c7688b292d18fec26a,sha256:025eb7dea28322d4b60adcfff3b1ff48c3fb44aa57280d39eea813405a6561d5,model_input,identity_model_input_v1,-0.21367123983700001,1.281740773783,1.1731870386859999,-1.7187177491929999,-0.67504030634300005,0.95534373671100004,1.347994327014,-0.083129335880000002
515,0,-0.018361140200971543,0.49638285538040861,false,flipguard_tabular_validation_v2,sha256:c1dbe7648a9865cc186ae5e19948dba62555fac8ed85b7c7688b292d18fec26a,sha256:025eb7dea28322d4b60adcfff3b1ff48c3fb44aa57280d39eea813405a6561d5,model_input,identity_model_input_v1,0.49875514869100002,0.57470922023600002,-0.402342990831,0.55984518603,1.3208197929550001,1.419656306776,1.347994327014,-0.083129335880000002
516,1,0.11906673327947989,0.52345614645605754,true,flipguard_tabular_validation_v2,sha256:c1dbe7648a9865cc186ae5e19948dba62555fac8ed85b7c7688b292d18fec26a,sha256:025eb7dea28322d4b60adcfff3b1ff48c3fb44aa57280d39eea813405a6561d5,model_input,identity_model_input_v1,-2.5884258682639998,0.57470922023600002,-0.402342990831,-0.141251101731,2.7464341495969999,1.419656306776,1.347994327014,-0.083129335880000002
517,0,-0.07539470039484486,0.48514724402221554,false,flipguard_tabular_validation_v2,sha256:c1dbe7648a9865cc186ae5e19948dba62555fac8ed85b7c7688b292d18fec26a,sha256:025eb7dea28322d4b60adcfff3b1ff48c3fb44aa57280d39eea813405a6561d5,model_input,identity_model_input_v1,-2.5884258682639998,1.281740773783,-0.402342990831,1.085667401851,-0.67504030634300005,-1.0566774002379999,-1.143812833363,-0.083129335880000002
518,0,-0.03719491482129661,0.49267260178020456,false,flipguard_tabular_validation_v2,sha256:c1dbe7648a9865cc186ae5e19948dba62555fac8ed85b7c7688b292d18fec26a,sha256:025eb7dea28322d4b60adcfff3b1ff48c3fb44aa57280d39eea813405a6561d5,model_input,identity_model_input_v1,-0.92609762836499998,0.92822499701000005,4.0091410918179999,1.085667401851,-0.104794563686,-1.0566774002379999,-1.143812833363,-0.083129335880000002
519,0,-0.0052394178966733646,0.49896783467435535,false,flipguard_tabular_validation_v2,sha256:c1dbe7648a9865cc186ae5e19948dba62555fac8ed85b7c7688b292d18fec26a,sha256:025eb7dea28322d4b60adcfff3b1ff48c3fb44aa57280d39eea813405a6561d5,model_input,identity_model_input_v1,0.023804223005999998,-1.016111775245,-0.402342990831,-1.7187177491929999,-0.67504030634300005,-1.0566774002379999,0.56930458939600004,-0.083129335880000002
520,1,0.093232223495477343,0.51836674802860905,true,flipguard_tabular_validation_v2,sha256:c1dbe7648a9865cc186ae5e19948dba62555fac8ed85b7c7688b292d18fec26a,sha256:025eb7dea28322d4b60adcfff3b1ff48c3fb44aa57280d39eea813405a6561d5,model_input,identity_model_input_v1,0.26127968584799999,0.397951331849,-0.402342990831,1.085667401851,1.8910655356120001,1.419656306776,-0.20938514822199999,-0.083129335880000002
521,0,-0.081184710820985717,0.48400661196826583,false,flipguard_tabular_validation_v2,sha256:c1dbe7648a9865cc186ae5e19948dba62555fac8ed85b7c7688b292d18fec26a,sha256:025eb7dea28322d4b60adcfff3b1ff48c3fb44aa57280d39eea813405a6561d5,model_input,identity_model_input_v1,-2.825901331107,0.92822499701000005,-0.087236984928,-1.543443677253,0.75057405029900004,-1.0566774002379999,-1.143812833363,-0.083129335880000002
524,1,0.10285868917078481,0.52026316176664456,true,flipguard_tabular_validation_v2,sha256:c1dbe7648a9865cc186ae5e19948dba62555fac8ed85b7c7688b292d18fec26a,sha256:025eb7dea28322d4b60adcfff3b1ff48c3fb44aa57280d39eea813405a6561d5,model_input,identity_model_input_v1,0.49875514869100002,-1.016111775245,-0.402342990831,1.085667401851,1.605942664284,1.419656306776,0.41356664187300002,-0.083129335880000002
525,0,-0.036820684067487404,0.49274632523870499,false,flipguard_tabular_validation_v2,sha256:c1dbe7648a9865cc186ae5e19948dba62555fac8ed85b7c7688b292d18fec26a,sha256:025eb7dea28322d4b60adcfff3b1ff48c3fb44aa57280d39eea813405a6561d5,model_input,identity_model_input_v1,0.97370607437599999,0.22119344346299999,-0.402342990831,0.91039332991099997,-0.67504030634300005,-1.0566774002379999,-1.143812833363,-0.083129335880000002
529,0,-0.061424402188178975,0.48789939276892874,false,flipguard_tabular_validation_v2,sha256:c1dbe7648a9865cc186ae5e19948dba62555fac8ed85b7c7688b292d18fec26a,sha256:025eb7dea28322d4b60adcfff3b1ff48c3fb44aa57280d39eea813405a6561d5,model_input,identity_model_input_v1,-2.5884258682639998,1.812014438944,2.1185050563969998,1.085667401851,-0.67504030634300005,-1.0566774002379999,-1.143812833363,-0.083129335880000002
530,1,0.07027856037890684,0.5138448763946446,true,flipguard_tabular_validation_v2,sha256:c1dbe7648a9865cc186ae5e19948dba62555fac8ed85b7c7688b292d18fec26a,sha256:025eb7dea28322d4b60adcfff3b1ff48c3fb44aa57280d39eea813405a6561d5,model_input,identity_model_input_v1,0.73623061153400005,-0.83935388685800005,-0.402342990831,0.38457111409,0.75057405029900004,1.2648854500869999,-0.83233693831599997,-0.083129335880000002
532,1,0.014611083547178183,0.5028783834587941,true,flipguard_tabular_validation_v2,sha256:c1dbe7648a9865cc186ae5e19948dba62555fac8ed85b7c7688b292d18fec26a,sha256:025eb7dea28322d4b60adcfff3b1ff48c3fb44aa57280d39eea813405a6561d5,model_input,identity_model_input_v1,0.49875514869100002,-1.016111775245,-0.402342990831,0.38457111409,-0.67504030634300005,-0.90190654354999999,1.036518431967,-0.083129335880000002
533,0,-0.062211722033728101,0.48774429075935555,false,flipguard_tabular_validation_v2,sha256:c1dbe7648a9865cc186ae5e19948dba62555fac8ed85b7c7688b292d18fec26a,sha256:025eb7dea28322d4b60adcfff3b1ff48c3fb44aa57280d39eea813405a6561d5,model_input,identity_model_input_v1,0.97370607437599999,0.92822499701000005,-0.402342990831,-1.7187177491929999,-0.67504030634300005,-1.0566774002379999,-1.143812833363,-0.083129335880000002
534,0,-0.05215352945789202,0.48972575469679525,false,flipguard_tabular_validation_v2,sha256:c1dbe7648a9865cc186ae5e19948dba62555fac8ed85b7c7688b292d18fec26a,sha256:025eb7dea28322d4b60adcfff3b1ff48c3fb44aa57280d39eea813405a6561d5,model_input,identity_model_input_v1,0.023804223005999998,-0.485838110085,-0.402342990831,-1.1928955333719999,-0.67504030634300005,-1.0566774002379999,-1.143812833363,-0.083129335880000002
535,1,0.013856927254918144,0.50272981466921884,true,flipguard_tabular_validation_v2,sha256:c1dbe7648a9865cc186ae5e19948dba62555fac8ed85b7c7688b292d18fec26a,sha256:025eb7dea28322d4b60adcfff3b1ff48c3fb44aa57280d39eea813405a6561d5,model_input,identity_model_input_v1,0.73623061153400005,-1.016111775245,-0.402342990831,0.20929704215,-0.67504030634300005,-1.0566774002379999,0.88078048444299994,-0.083129335880000002
536,0,-0.060234453247811098,0.48813381271018119,false,flipguard_tabular_validation_v2,sha256:c1dbe7648a9865cc186ae5e19948dba62555fac8ed85b7c7688b292d18fec26a,sha256:025eb7dea28322d4b60adcfff3b1ff48c3fb44aa57280d39eea813405a6561d5,model_input,identity_model_input_v1,0.023804223005999998,0.92822499701000005,-0.402342990831,0.38457111409,-0.38991743501499998,-1.0566774002379999,-1.143812833363,-0.083129335880000002
538,1,0.070434441200446923,0.51387558491648799,true,flipguard_tabular_validation_v2,sha256:c1dbe7648a9865cc186ae5e19948dba62555fac8ed85b7c7688b292d18fec26a,sha256:025eb7dea28322d4b60adcfff3b1ff48c3fb44aa57280d39eea813405a6561d5,model_input,identity_model_input_v1,0.26127968584799999,0.22119344346299999,-0.402342990831,1.085667401851,1.035696921627,1.110114593399,-0.98807488584000003,-0.083129335880000002
