row_id,label,scaled_logit,polynomial_score,plaintext_decision,materialization_schema,source_data_sha256,source_model_sha256,source_feature_space,preprocessing_method,x_0,x_1,x_2,x_3,x_4,x_5,x_6,x_7,x_8,x_9,x_10,x_11,x_12,x_13,x_14,x_15
0,0,-0.20452740929575303,0.45974232309024354,false,flipguard_tabular_validation_v2,sha256:5476d1e1799d9bf7cd21b0b910158574f2b183d7ce0f11c5aaf560cf0f1f54e0,sha256:afd5351d9b781a1fad2db90dc7bca0052521a41efd7694c0ade20974824dcb4e,model_input,identity_model_input_v1,-0.168445281626,-0.73870402344700004,-0.68786157571600004,-0.381671547931,-0.39750401667099999,0.11107414573,0.16736895800500001,-0.59421189454699996,-0.487975475682,-0.852892175754,-0.51169736228499996,-0.51093057202299996,-0.34888549929599999,0.177220314923,-1.045792137247,-0.249781977539
3,1,0.13543522179635858,0.52667080170368885,true,flipguard_tabular_validation_v2,sha256:5476d1e1799d9bf7cd21b0b910158574f2b183d7ce0f11c5aaf560cf0f1f54e0,sha256:afd5351d9b781a1fad2db90dc7bca0052521a41efd7694c0ade20974824dcb4e,model_input,identity_model_input_v1,-0.168445281626,-0.10294892002599999,0.23921104776800001,-0.381671547931,-0.39750401667099999,2.0601109565570002,1.4441986286970001,0.97499047267399996,-0.458476850524,1.127270963572,1.2409343487060001,-0.51093057202299996,-0.23359421067,2.1997610687629998,0.92767738849799997,-0.249781977539
4,1,0.32547399352646783,0.56398046256128098,true,flipguard_tabular_validation_v2,sha256:5476d1e1799d9bf7cd21b0b910158574f2b183d7ce0f11c5aaf560cf0f1f54e0,sha256:afd5351d9b781a1fad2db90dc7bca0052521a41efd7694c0ade20974824dcb4e,model_input,identity_model_input_v1,-0.168445281626,0.17415261470599999,0.30189291963999998,-0.381671547931,-0.082247535437999994,0.358404594031,-0.155773219824,-0.59421189454699996,3.3320964822639998,0.77568841505499997,1.40674937042,0.90810659491800005,-0.34888549929599999,-1.3814467336209999,-0.170645844036,-0.249781977539
6,0,-0.23739320266513808,0.45328705275652303,false,flipguard_tabular_validation_v2,sha256:5476d1e1799d9bf7cd21b0b910158574f2b183d7ce0f11c5aaf560cf0f1f54e0,sha256:afd5351d9b781a1fad2db90dc7bca0052521a41efd7694c0ade20974824dcb4e,model_input,identity_model_input_v1,-0.168445281626,-0.058226836889000003,-1.163779491778,-0.381671547931,-0.33829340852099998,-0.24511813893199999,-0.65893067480099998,-0.59421189454699996,-0.487975475682,-1.405797588362,-0.79230739903199998,-0.51093057202299996,-0.34888549929599999,-0.69270350359699995,0.48351869286299998,-0.249781977539
12,0,-0.086387233925502654,0.48298429366344209,false,flipguard_tabular_validation_v2,sha256:5476d1e1799d9bf7cd21b0b910158574f2b183d7ce0f11c5aaf560cf0f1f54e0,sha256:afd5351d9b781a1fad2db90dc7bca0052521a41efd7694c0ade20974824dcb4e,model_input,identity_model_input_v1,-0.168445281626,-0.73870402344700004,-0.19259740290300001,-0.381671547931,-0.39750401667099999,-1.6129511706940001,0.346400545113,-0.59421189454699996,-0.487975475682,0.183020690412,-1.6180756553160001,-0.51093057202299996,-0.34888549929599999,0.31856687332299999,-1.2104308629760001,-0.249781977539
14,0,-0.38291125562101763,0.4247910540129623,false,flipguard_tabular_validation_v2,sha256:5476d1e1799d9bf7cd21b0b910158574f2b183d7ce0f11c5aaf560cf0f1f54e0,sha256:afd5351d9b781a1fad2db90dc7bca0052521a41efd7694c0ade20974824dcb4e,model_input,identity_model_input_v1,-0.168445281626,-0.73870402344700004,-1.1661010425880001,-0.381671547931,0.28741869382599999,0.80387269428499997,1.938994718342,-0.52247174002700003,-0.487975475682,-1.1948480592520001,0.47374461861200001,-0.51093057202299996,-0.34888549929599999,1.9613993725509999,-0.85700639841000004,-0.249781977539
20,1,0.77802669875494446,0.65138742191611887,true,flipguard_tabular_validation_v2,sha256:5476d1e1799d9bf7cd21b0b910158574f2b183d7ce0f11c5aaf560cf0f1f54e0,sha256:afd5351d9b781a1fad2db90dc7bca0052521a41efd7694c0ade20974824dcb4e,model_input,identity_model_input_v1,-0.168445281626,1.987589240738,2.689994852921,-0.10813212746799999,-0.39750401667099999,-1.568768751753,-1.593436211902,1.705105462978,4.5439983325010003,2.1121206500729999,1.4790277132180001,0.51151575151899997,-0.13236283529099999,-0.41193783986499999,-1.1372580959850001,-0.249781977539
21,0,-0.30443216591839289,0.440139721120273,false,flipguard_tabular_validation_v2,sha256:5476d1e1799d9bf7cd21b0b910158574f2b183d7ce0f11c5aaf560cf0f1f54e0,sha256:afd5351d9b781a1fad2db90dc7bca0052521a41efd7694c0ade20974824dcb4e,model_input,identity_model_input_v1,-0.168445281626,-0.73870402344700004,-0.75286499839700005,-0.381671547931,-0.39750401667099999,-0.77029678882300001,0.85988674549900002,-0.59421189454699996,-0.487975475682,-0.97259766251099999,-1.0894516972029999,-0.51093057202299996,-0.34888549929599999,0.41044213628300003,-1.2104308629760001,-0.249781977539
24,1,0.051919553307605171,0.51022759217589619,true,flipguard_tabular_validation_v2,sha256:5476d1e1799d9bf7cd21b0b910158574f2b183d7ce0f11c5aaf560cf0f1f54e0,sha256:afd5351d9b781a1fad2db90dc7bca0052521a41efd7694c0ade20974824dcb4e,model_input,identity_model_input_v1,-0.168445281626,0.82744578994499995,0.66482869627899999,-0.381671547931,-0.39750401667099999,0.448591387334,1.9134187773260001,1.0939519947259999,-0.487975475682,0.89623100311799997,0.486499620282,-0.51093057202299996,-0.34888549929599999,1.72111022327,0.71328118121399997,-0.249781977539
25,0,-0.055864209679485924,0.48899544805946088,false,flipguard_tabular_validation_v2,sha256:5476d1e1799d9bf7cd21b0b910158574f2b183d7ce0f11c5aaf560cf0f1f54e0,sha256:afd5351d9b781a1fad2db90dc7bca0052521a41efd7694c0ade20974824dcb4e,model_input,identity_model_input_v1,-0.168445281626,-0.73870402344700004,-1.1661010425880001,-0.381671547931,3.8752614904030001,0.492773806275,0.63363803651700001,-0.56152017856299996,0.29250898162,-0.013698116496,0.82143651599400003,-0.51093057202299996,-0.34888549929599999,-1.3814467336209999,1.8672157166609999,-0.249781977539
26,0,-0.34309236143035715,0.43257234965609392,false,flipguard_tabular_validation_v2,sha256:5476d1e1799d9bf7cd21b0b910158574f2b183d7ce0f11c5aaf560cf0f1f54e0,sha256:afd5351d9b781a1fad2db90dc7bca0052521a41efd7694c0ade20974824dcb4e,model_input,identity_model_input_v1,-0.168445281626,-0.73870402344700004,-1.1661010425880001,-0.381671547931,-0.39750401667099999,1.5331103512449999,0.99219305575200001,0.459187842708,-0.487975475682,-1.5250845244660001,0.072198269731999998,-0.51093057202299996,-0.34888549929599999,1.084408226111,-0.72017332413699997,-0.249781977539
27,0,-0.1198457681487088,0.47639726905767976,false,flipguard_tabular_validation_v2,sha256:5476d1e1799d9bf7cd21b0b910158574f2b183d7ce0f11c5aaf560cf0f1f54e0,sha256:afd5351d9b781a1fad2db90dc7bca0052521a41efd7694c0ade20974824dcb4e,model_input,identity_model_input_v1,-0.168445281626,-0.66942863976400002,0.75072607625099996,-0.381671547931,-0.39750401667099999,0.33426368471200002,1.1028581851449999,0.090497934668999996,-0.487975475682,-0.26189865372299997,0.24982347817799999,-0.51093057202299996,0.854643074655,0.88652304435100004,-1.2104308629760001,-0.249781977539
30,0,-0.25130590480485931,0.4505562213071167,false,flipguard_tabular_validation_v2,sha256:5476d1e1799d9bf7cd21b0b910158574f2b183d7ce0f11c5aaf560cf0f1f54e0,sha256:afd5351d9b781a1fad2db90dc7bca0052521a41efd7694c0ade20974824dcb4e,model_input,identity_model_input_v1,-0.168445281626,-0.73870402344700004,-1.1661010425880001,-0.381671547931,-0.39750401667099999,-0.39269652797299998,0.306561098531,0.105935689439,-0.487975475682,-0.94246201549499997,-1.018590576812,-0.51093057202299996,-0.34888549929599999,0.96105122968900003,-1.2104308629760001,-0.249781977539
31,1,0.097301424387234131,0.5191646957731938,true,flipguard_tabular_validation_v2,sha256:5476d1e1799d9bf7cd21b0b910158574f2b183d7ce0f11c5aaf560cf0f1f54e0,sha256:afd5351d9b781a1fad2db90dc7bca0052521a41efd7694c0ade20974824dcb4e,model_input,identity_model_input_v1,-0.168445281626,-0.57998447348899995,-0.30325799151600003,-0.381671547931,-0.39750401667099999,0.073268570759000007,-0.46612742714599997,-0.39987780508800003,-0.487975475682,0.056199842553999999,0.93717634596599997,0.395958978967,-0.34888549929599999,-1.3814467336209999,0.21131599965699999,-0.052877018451999998
32,0,-0.39168106608982645,0.4230791875067354,false,flipguard_tabular_validation_v2,sha256:5476d1e1799d9bf7cd21b0b910158574f2b183d7ce0f11c5aaf560cf0f1f54e0,sha256:afd5351d9b781a1fad2db90dc7bca0052521a41efd7694c0ade20974824dcb4e,model_input,identity_model_input_v1,-0.168445281626,-0.73870402344700004,-1.1661010425880001,-0.381671547931,-0.39750401667099999,0.84122278039999998,1.0738393289929999,-0.59421189454699996,-0.487975475682,-1.635581896857,-0.12196120013800001,-0.51093057202299996,-0.34888549929599999,0.22733409471900001,0.196681446259,-0.249781977539
34,0,-0.16011024270316387,0.46847470007737513,false,flipguard_tabular_validation_v2,sha256:5476d1e1799d9bf7cd21b0b910158574f2b183d7ce0f11c5aaf560cf0f1f54e0,sha256:afd5351d9b781a1fad2db90dc7bca0052521a41efd7694c0ade20974824dcb4e,model_input,identity_model_input_v1,-0.168445281626,-0.73870402344700004,-1.1661010425880001,-0.381671547931,0.62347890224799996,0.33153075158200002,0.35869667060100002,-0.59421189454699996,-0.48060081939299998,-0.56158092126799997,0.161955688894,-0.51093057202299996,-0.34888549929599999,-1.3814467336209999,0.82816242538999996,-0.249781977539
35,1,0.2611160235163838,0.55136864342290459,true,flipguard_tabular_validation_v2,sha256:5476d1e1799d9bf7cd21b0b910158574f2b183d7ce0f11c5aaf560cf0f1f54e0,sha256:afd5351d9b781a1fad2db90dc7bca0052521a41efd7694c0ade20974824dcb4e,model_input,identity_model_input_v1,-0.168445281626,-0.73870402344700004,-1.1661010425880001,1.4675689091619999,-0.26628050671600001,0.49687320597099999,-2.0946262868000001,2.5160416400200001,1.602739582383,0.30774878500500003,0.58381555895199999,-0.45453886701700003,-0.34888549929599999,-1.3814467336209999,0.57059428558199998,-0.249781977539
37,1,-0.077416070890969552,0.48475088992933713,false,flipguard_tabular_validation_v2,sha256:5476d1e1799d9bf7cd21b0b910158574f2b183d7ce0f11c5aaf560cf0f1f54e0,sha256:afd5351d9b781a1fad2db90dc7bca0052521a41efd7694c0ade20974824dcb4e,model_input,identity_model_input_v1,-0.168445281626,-0.55455426935200003,-0.054078204570000003,-0.381671547931,-0.39750401667099999,-0.712449704229,-1.246193628116,-0.59421189454699996,-0.487975475682,-0.77964581147900003,-1.3176245048599999,-0.51093057202299996,-0.34888549929599999,-0.23910954800299999,-0.23576960665800001,-0.249781977539
40,1,0.060265808104182784,0.51187148866266796,true,flipguard_tabular_validation_v2,sha256:5476d1e1799d9bf7cd21b0b910158574f2b183d7ce0f11c5aaf560cf0f1f54e0,sha256:afd5351d9b781a1fad2db90dc7bca0052521a41efd7694c0ade20974824dcb4e,model_input,identity_model_input_v1,-0.168445281626,0.267981298935,0.56113276009599999,-0.381671547931,-0.39750401667099999,0.26092997904600002,-0.64466716923400003,-0.014842039057,-0.487975475682,-0.35732820260600001,-0.89859907961800001,1.02273891329,-0.34888549929599999,0.66872084754299999,0.46961586713499998,-0.249781977539
41,0,-0.13885011804935632,0.47265723450730429,false,flipguard_tabular_validation_v2,sha256:5476d1e1799d9bf7cd21b0b910158574f2b183d7ce0f11c5aaf560cf0f1f54e0,sha256:afd5351d9b781a1fad2db90dc7bca0052521a41efd7694c0ade20974824dcb4e,model_input,identity_model_input_v1,-0.168445281626,-0.73870402344700004,-1.1661010425880001,-0.381671547931,1.161175235722,0.084200303281000005,-0.23791133808600001,-0.59421189454699996,-0.47937171001099999,-0.61096989832199999,-0.49280106351500003,-0.51093057202299996,-0.34888549929599999,-1.3814467336209999,1.191831077335,-0.249781977539
42,1,-0.043735869760740301,0.49138436829362253,false,flipguard_tabular_validation_v2,sha256:5476d1e1799d9bf7cd21b0b910158574f2b183d7ce0f11c5aaf560cf0f1f54e0,sha256:afd5351d9b781a1fad2db90dc7bca0052521a41efd7694c0ade20974824dcb4e,model_input,identity_model_input_v1,-0.168445281626,-0.53350858317000005,-0.57642713683299995,0.35916438249100002,-0.39750401667099999,0.30738984226299998,0.097035120212000003,-0.46253692739000002,-0.487975475682,0.010577821378,0.39012849655100001,-0.51093057202299996,-0.34888549929599999,-0.186425830781,-0.36089503821199997,-0.249781977539
46,1,0.35414984739176486,0.56958984704546967,true,flipguard_tabular_validation_v2,sha256:5476d1e1799d9bf7cd21b0b910158574f2b183d7ce0f11c5aaf560cf0f1f54e0,sha256:afd5351d9b781a1fad2db90dc7bca0052521a41efd7694c0ade20974824dcb4e,model_input,identity_model_input_v1,-0.168445281626,-0.73870402344700004,1.6530354910939999,1.228221916256,-0.39750401667099999,0.39712114671100002,0.084738994723999997,3.0845142568489998,2.7372075415800001,1.168288927566,0.27202662923299997,0.63539261169500005,1.7488535571699999,1.469898839931,-0.70553877073899995,-0.249781977539
48,0,-0.17885743253344588,0.46478797237450831,false,flipguard_tabular_validation_v2,sha256:5476d1e1799d9bf7cd21b0b910158574f2b183d7ce0f11c5aaf560cf0f1f54e0,sha256:afd5351d9b781a1fad2db90dc7bca0052521a41efd7694c0ade20974824dcb4e,model_input,identity_model_input_v1,-0.168445281626,-0.73870402344700004,-0.333438152047,-0.381671547931,-0.39750401667099999,-1.762807004011,-0.55121661552400003,-0.59421189454699996,-0.487975475682,-1.0303576526239999,-1.0067803900800001,-0.51093057202299996,-0.34888549929599999,-0.70169828458600003,-0.53504622364999999,-0.249781977539
49,0,-0.055238582385898988,0.48911867346814103,false,flipguard_tabular_validation_v2,sha256:5476d1e1799d9bf7cd21b0b910158574f2b183d7ce0f11c5aaf560cf0f1f54e0,sha256:afd5351d9b781a1fad2db90dc7bca0052521a41efd7694c0ade20974824dcb4e,model_input,identity_model_input_v1,-0.168445281626,-0.35462025062199998,0.53714340172599995,-0.381671547931,-0.39750401667099999,-0.46739670020399998,2.6123305500740002,0.054173805797999998,2.5688195563040002,0.50823454779099997,1.354312141331,-0.45731222955900003,2.6627479182310001,0.139956222253,-0.80724891685599998,-0.249781977539
50,1,-0.03693100285102955,0.49272479391897439,false,flipguard_tabular_validation_v2,sha256:5476d1e1799d9bf7cd21b0b910158574f2b183d7ce0f11c5aaf560cf0f1f54e0,sha256:afd5351d9b781a1fad2db90dc7bca0052521a41efd7694c0ade20974824dcb4e,model_input,identity_model_input_v1,-0.168445281626,0.34602571852699998,-0.69250467733599996,-0.381671547931,-0.39750401667099999,0.59662526523000003,1.5740457138520001,-0.59421189454699996,-0.487975475682,0.90334636421900005,-0.80742443804800001,-0.51093057202299996,-0.34888549929599999,0.12132417591899999,2.269665935111,-0.249781977539
51,1,0.16060507842212451,0.53162262986523101,true,flipguard_tabular_validation_v2,sha256:5476d1e1799d9bf7cd21b0b910158574f2b183d7ce0f11c5aaf560cf0f1f54e0,sha256:afd5351d9b781a1fad2db90dc7bca0052521a41efd7694c0ade20974824dcb4e,model_input,identity_model_input_v1,-0.168445281626,-0.68872051876399998,-0.97031692427299998,0.62415569606499999,-0.39750401667099999,0.53331231437600002,-0.16610196523500001,2.2708537701420002,-0.487975475682,1.004635622244,0.37359423512599998,-0.51093057202299996,-0.34888549929599999,1.6427271317929999,-1.2104308629760001,-0.249781977539
52,0,-0.11812692838886844,0.47673558846642466,false,flipguard_tabular_validation_v2,sha256:5476d1e1799d9bf7cd21b0b910158574f2b183d7ce0f11c5aaf560cf0f1f54e0,sha256:afd5351d9b781a1fad2db90dc7bca0052521a41efd7694c0ade20974824dcb4e,model_input,identity_model_input_v1,-0.168445281626,-0.73870402344700004,-0.42320478336900003,-0.381671547931,-0.39750401667099999,-1.7987906235610001,-0.94616816620499999,-0.59421189454699996,-0.487975475682,-0.58711251110100005,-1.9728536647370001,-0.51093057202299996,-0.34888549929599999,-0.76723168893500004,-1.2104308629760001,-0.249781977539
53,0,-0.29117379064921506,0.44273750863278671,false,flipguard_tabular_validation_v2,sha256:5476d1e1799d9bf7cd21b0b910158574f2b183d7ce0f11c5aaf560cf0f1f54e0,sha256:afd5351d9b781a1fad2db90dc7bca0052521a41efd7694c0ade20974824dcb4e,model_input,identity_model_input_v1,-0.168445281626,-0.73870402344700004,-1.1661010425880001,-0.381671547931,0.96594025749599999,0.47455425207200003,0.64544231698499999,-0.59421189454699996,0.94639517261999995,-1.4593720719450001,-0.18101213379600001,-0.51093057202299996,-0.34888549929599999,-1.3814467336209999,1.63452631763,-0.249781977539
54,1,0.33422272093811567,0.56569253885966553,true,flipguard_tabular_validation_v2,sha256:5476d1e1799d9bf7cd21b0b910158574f2b183d7ce0f11c5aaf560cf0f1f54e0,sha256:afd5351d9b781a1fad2db90dc7bca0052521a41efd7694c0ade20974824dcb4e,model_input,identity_model_input_v1,-0.168445281626,-0.46774081385100003,1.512194741951,-0.33893101348400001,-0.39750401667099999,0.266395845307,-1.085360306731,1.678770469547,-0.39333405330100002,0.66393539070499996,-0.018503964368,0.74725156752599997,-0.32638963810100002,1.167288708082,-0.19040249112300001,-0.249781977539
55,1,0.33372358551718723,0.56559487725306778,true,flipguard_tabular_validation_v2,sha256:5476d1e1799d9bf7cd21b0b910158574f2b183d7ce0f11c5aaf560cf0f1f54e0,sha256:afd5351d9b781a1fad2db90dc7bca0052521a41efd7694c0ade20974824dcb4e,model_input,identity_model_input_v1,-0.168445281626,-0.42564944148700001,0.65399479249900005,-0.381671547931,-0.39750401667099999,-0.026027999645000001,-2.061180825473,-0.59421189454699996,-0.487975475682,0.79661594770499999,1.2149519378960001,-0.51093057202299996,-0.34888549929599999,-0.87966645129900001,-0.88261686685700003,-0.249781977539
56,0,-0.14362435754905117,0.47171785227059587,false,flipguard_tabular_validation_v2,sha256:5476d1e1799d9bf7cd21b0b910158574f2b183d7ce0f11c5aaf560cf0f1f54e0,sha256:afd5351d9b781a1fad2db90dc7bca0052521a41efd7694c0ade20974824dcb4e,model_input,identity_model_input_v1,-0.168445281626,0.59331253116799998,-1.1405639836770001,-0.381671547931,-0.39750401667099999,-0.373110507205,-1.3991574291890001,-0.59421189454699996,-0.487975475682,-1.354734408696,-0.161643427556,-0.51093057202299996,-0.34888549929599999,-1.3814467336209999,1.046217271023,-0.249781977539
59,1,0.14149454982295034,0.52786309503106854,true,flipguard_tabular_validation_v2,sha256:5476d1e1799d9bf7cd21b0b910158574f2b183d7ce0f11c5aaf560cf0f1f54e0,sha256:afd5351d9b781a1fad2db90dc7bca0052521a41efd7694c0ade20974824dcb4e,model_input,identity_model_input_v1,-0.168445281626,-0.73870402344700004,1.164735970712,-0.381671547931,-0.39750401667099999,-0.55393958266599996,0.220980065133,-0.59148758488099995,-0.487975475682,0.88827854071099999,0.083063641524999995,-0.50815720948200005,-0.34888549929599999,0.01145935098,-0.89212932656599997,-0.249781977539
60,1,0.099293035429089641,0.51955681221693384,true,flipguard_tabular_validation_v2,sha256:5476d1e1799d9bf7cd21b0b910158574f2b183d7ce0f11c5aaf560cf0f1f54e0,sha256:afd5351d9b781a1fad2db90dc7bca0052521a41efd7694c0ade20974824dcb4e,model_input,identity_model_input_v1,-0.168445281626,-0.73870402344700004,1.4704068273699999,1.803794446815,-0.39750401667099999,-0.51157911914499998,-0.95993982675099998,2.2881077313559999,1.3753543467910001,-0.21627663254599999,-0.550434774766,0.21661486796599999,2.4687211154209998,1.2649463302499999,-0.87676304549799999,-0.249781977539
67,1,-0.017899722405287973,0.49647377762644695,false,flipguard_tabular_validation_v2,sha256:5476d1e1799d9bf7cd21b0b910158574f2b183d7ce0f11c5aaf560cf0f1f54e0,sha256:afd5351d9b781a1fad2db90dc7bca0052521a41efd7694c0ade20974824dcb4e,model_input,identity_model_input_v1,-0.168445281626,-0.27482202384799997,-0.83953622863999999,-0.381671547931,2.900686885981,-0.25468340488800001,0.077853164451000004,1.053995452968,2.5479246968170002,-0.85917043554899997,-2.1117414607030001,2.2069647184050001,-0.34888549929599999,-0.023877288619999999,1.383543726851,0.46148695630600001
68,1,0.17776856277682671,0.53499793573895726,true,flipguard_tabular_validation_v2,sha256:5476d1e1799d9bf7cd21b0b910158574f2b183d7ce0f11c5aaf560cf0f1f54e0,sha256:afd5351d9b781a1fad2db90dc7bca0052521a41efd7694c0ade20974824dcb4e,model_input,identity_model_input_v1,-0.168445281626,0.152230024933,-1.0028186356140001,-0.381671547931,0.47785281193200002,1.155965579251,-0.017564769337000002,0.075060179899000004,1.7330251768310001,0.49944498407799998,1.0826778465010001,0.38209216626100001,-0.34888549929599999,-1.3814467336209999,1.0220702579159999,-0.249781977539
69,1,-0.080035428940633827,0.48423507122084297,false,flipguard_tabular_validation_v2,sha256:5476d1e1799d9bf7cd21b0b910158574f2b183d7ce0f11c5aaf560cf0f1f54e0,sha256:afd5351d9b781a1fad2db90dc7bca0052521a41efd7694c0ade20974824dcb4e,model_input,identity_model_input_v1,-0.168445281626,-0.34672811830299999,-0.31873499691599999,-0.381671547931,-0.39750401667099999,0.26275193446700001,0.14130117197,-0.59421189454699996,-0.487975475682,-0.202464460997,-0.438001797079,-0.51093057202299996,-0.34888549929599999,0.49653504003600002,-0.084301978986000004,-0.249781977539
71,0,-0.10712761619579585,0.47890077733528152,false,flipguard_tabular_validation_v2,sha256:5476d1e1799d9bf7cd21b0b910158574f2b183d7ce0f11c5aaf560cf0f1f54e0,sha256:afd5351d9b781a1fad2db90dc7bca0052521a41efd7694c0ade20974824dcb4e,model_input,identity_model_input_v1,-0.168445281626,-0.73870402344700004,-0.87126408971000002,3.0318724699390001,-0.39750401667099999,-0.49153760952199999,-0.96977672714200003,0.58268988086899998,-0.487975475682,0.16460446168100001,-2.121662017557,-0.51093057202299996,1.6448101991420001,0.68414047209499995,-1.2075039522969999,-0.249781977539
72,0,-0.16864692266584633,0.46679574271256913,false,flipguard_tabular_validation_v2,sha256:5476d1e1799d9bf7cd21b0b910158574f2b183d7ce0f11c5aaf560cf0f1f54e0,sha256:afd5351d9b781a1fad2db90dc7bca0052521a41efd7694c0ade20974824dcb4e,model_input,identity_model_input_v1,-0.168445281626,-0.70187407262799995,-0.41856168174899999,-0.381671547931,-0.39750401667099999,1.196048598497,2.481991619899,-0.59421189454699996,-0.487975475682,0.376391092097,0.195969026681,-0.51093057202299996,-0.34888549929599999,1.007310103347,-0.73992997122500004,-0.249781977539
77,0,-0.39533668416416623,0.42236582363088099,false,flipguard_tabular_validation_v2,sha256:5476d1e1799d9bf7cd21b0b910158574f2b183d7ce0f11c5aaf560cf0f1f54e0,sha256:afd5351d9b781a1fad2db90dc7bca0052521a41efd7694c0ade20974824dcb4e,model_input,identity_model_input_v1,-0.168445281626,-0.73870402344700004,-1.1661010425880001,-0.381671547931,2.516618076356,0.242254935989,1.0935131297739999,-0.57060121078100001,-0.487975475682,-1.687063627176,0.15014550216200001,-0.51093057202299996,-0.34888549929599999,-0.056643990795000002,0.55888664286400003,-0.249781977539
79,0,-0.13087325899900437,0.47422693426641166,false,flipguard_tabular_validation_v2,sha256:5476d1e1799d9bf7cd21b0b910158574f2b183d7ce0f11c5aaf560cf0f1f54e0,sha256:afd5351d9b781a1fad2db90dc7bca0052521a41efd7694c0ade20974824dcb4e,model_input,identity_model_input_v1,-0.168445281626,-0.73870402344700004,-0.106700022931,-0.381671547931,-0.39750401667099999,-1.590176727941,-0.83747041688900004,-0.59421189454699996,-0.487975475682,-0.81857102220800004,-1.4867463788590001,-0.51093057202299996,-0.34888549929599999,-0.83790496813600002,-0.72017332413699997,-0.249781977539
85,1,0.11756587197870881,0.52315397692284626,true,flipguard_tabular_validation_v2,sha256:5476d1e1799d9bf7cd21b0b910158574f2b183d7ce0f11c5aaf560cf0f1f54e0,sha256:afd5351d9b781a1fad2db90dc7bca0052521a41efd7694c0ade20974824dcb4e,model_input,identity_model_input_v1,0.97327170301300003,1.8499153769629999,0.70119965897000003,-0.27624489629400001,0.38343589623199997,-1.4990789569280001,-1.9254316000830001,1.406339503016,0.10937168376500001,-0.68337916128999998,0.114242534497,-0.155015712562,-0.056439303756000002,0.24082626620299999,-0.035276225102,-0.249781977539
87,1,-0.039892454390670455,0.49214144042570895,false,flipguard_tabular_validation_v2,sha256:5476d1e1799d9bf7cd21b0b910158574f2b183d7ce0f11c5aaf560cf0f1f54e0,sha256:afd5351d9b781a1fad2db90dc7bca0052521a41efd7694c0ade20974824dcb4e,model_input,identity_model_input_v1,-0.168445281626,-0.41249588762299999,0.60756377629699998,-0.381671547931,-0.39750401667099999,1.098118494657,1.2617241264529999,-0.58694706877299996,-0.487975475682,0.18218358910599999,0.55121944357200003,-0.51093057202299996,-0.34888549929599999,1.470541324287,0.57864328995100001,-0.249781977539
91,0,-0.13080458385027033,0.47424044916305907,false,flipguard_tabular_validation_v2,sha256:5476d1e1799d9bf7cd21b0b910158574f2b183d7ce0f11c5aaf560cf0f1f54e0,sha256:afd5351d9b781a1fad2db90dc7bca0052521a41efd7694c0ade20974824dcb4e,model_input,identity_model_input_v1,-0.168445281626,-0.73870402344700004,-1.1661010425880001,-0.381671547931,-0.325491114867,0.38209001449399999,0.87218287098699998,-0.53700139157500004,-0.46462239743200001,-0.22464764560600001,0.77986465869900001,-0.51093057202299996,-0.34888549929599999,-0.30528543670800001,0.44034676033800002,-0.249781977539
94,0,-0.21980826072183504,0.45674025337265434,false,flipguard_tabular_validation_v2,sha256:5476d1e1799d9bf7cd21b0b910158574f2b183d7ce0f11c5aaf560cf0f1f54e0,sha256:afd5351d9b781a1fad2db90dc7bca0052521a41efd7694c0ade20974824dcb4e,model_input,identity_model_input_v1,0.770144141329,1.8078240045980001,0.63310083520799998,-0.381671547931,0.25861353310399998,-0.223254673889,0.88743006659300006,-0.59421189454699996,-0.487975475682,-0.72063016940699998,0.441148503232,-0.51093057202299996,3.1211010900859999,1.2874332827229999,0.94011675888599999,-0.249781977539
95,0,-0.13054931746103579,0.47429068433314953,false,flipguard_tabular_validation_v2,sha256:5476d1e1799d9bf7cd21b0b910158574f2b183d7ce0f11c5aaf560cf0f1f54e0,sha256:afd5351d9b781a1fad2db90dc7bca0052521a41efd7694c0ade20974824dcb4e,model_input,identity_model_input_v1,-0.168445281626,-0.73870402344700004,-0.050208953218999999,-0.381671547931,-0.39750401667099999,-1.7810265582139999,0.13638272177499999,-0.59421189454699996,-0.487975475682,-0.33640066995599999,-1.217001713905,-0.51093057202299996,-0.34888549929599999,0.159873237301,-1.2104308629760001,-0.249781977539
97,1,-0.052611191578008566,0.48963617775708829,false,flipguard_tabular_validation_v2,sha256:5476d1e1799d9bf7cd21b0b910158574f2b183d7ce0f11c5aaf560cf0f1f54e0,sha256:afd5351d9b781a1fad2db90dc7bca0052521a41efd7694c0ade20974824dcb4e,model_input,identity_model_input_v1,-0.168445281626,-0.247638012529,0.083667143493999993,2.570274697906,-0.39750401667099999,0.24179944713400001,0.97792955018600003,-0.023923071274,-0.487975475682,0.714161469065,-0.36005456465000002,-0.51093057202299996,-0.34888549929599999,1.333049672025,-0.70041667704999999,-0.249781977539
99,0,-0.031643542660970844,0.49376634883625153,false,flipguard_tabular_validation_v2,sha256:5476d1e1799d9bf7cd21b0b910158574f2b183d7ce0f11c5aaf560cf0f1f54e0,sha256:afd5351d9b781a1fad2db90dc7bca0052521a41efd7694c0ade20974824dcb4e,model_input,identity_model_input_v1,-0.168445281626,1.9981120838290001,1.1887253290819999,-0.381671547931,-0.39750401667099999,-1.3355584579590001,0.12605397636499999,-0.59057948165999996,-0.48182992877399999,-0.34519023366899998,-0.075192860680000001,-0.51093057202299996,-0.073311199652999995,0.41558201113400001,1.0220702579159999,-0.249781977539
100,1,0.046136583075017515,0.50908851404335331,true,flipguard_tabular_validation_v2,sha256:5476d1e1799d9bf7cd21b0b910158574f2b183d7ce0f11c5aaf560cf0f1f54e0,sha256:afd5351d9b781a1fad2db90dc7bca0052521a41efd7694c0ade20974824dcb4e,model_input,identity_model_input_v1,-0.168445281626,-0.042442572253000001,0.36921789313100001,-0.381671547931,-0.39750401667099999,1.4370022028260001,0.81119408856599995,-0.105652361234,0.66124179609400002,0.34876674899900001,-0.25659732887999998,-0.19384278814,-0.34888549929599999,1.022087243544,1.424520476366,-0.249781977539
104,1,0.044678842532916194,0.50880137522754665,true,flipguard_tabular_validation_v2,sha256:5476d1e1799d9bf7cd21b0b910158574f2b183d7ce0f11c5aaf560cf0f1f54e0,sha256:afd5351d9b781a1fad2db90dc7bca0052521a41efd7694c0ade20974824dcb4e,model_input,identity_model_input_v1,-0.168445281626,1.158038443723,0.45124602175299999,-0.381671547931,-0.39750401667099999,-1.2695125739749999,-1.1291345134690001,-0.59421189454699996,-0.487975475682,-0.36276936109500002,0.178489950318,-0.51093057202299996,-0.34888549929599999,0.172722924428,-0.115766268792,-0.249781977539
105,1,0.022165504398756808,0.50436656080605602,true,flipguard_tabular_validation_v2,sha256:5476d1e1799d9bf7cd21b0b910158574f2b183d7ce0f11c5aaf560cf0f1f54e0,sha256:afd5351d9b781a1fad2db90dc7bca0052521a41efd7694c0ade20974824dcb4e,model_input,identity_model_input_v1,-0.168445281626,-0.73870402344700004,1.433262014409,2.3565720256690001,-0.39750401667099999,0.618488730273,1.5848663042819999,1.0567197626339999,2.8724095735540001,0.73006639387899996,1.1379495204050001,-0.51093057202299996,4.546776293342,1.36388892113,-0.83944493433199996,-0.249781977539
107,0,-0.2175781220889649,0.45717831074986165,false,flipguard_tabular_validation_v2,sha256:5476d1e1799d9bf7cd21b0b910158574f2b183d7ce0f11c5aaf560cf0f1f54e0,sha256:afd5351d9b781a1fad2db90dc7bca0052521a41efd7694c0ade20974824dcb4e,model_input,identity_model_input_v1,-0.168445281626,-0.67556696490000001,0.0062821164919999997,-0.381671547931,-0.39750401667099999,-1.8019790455469999,-0.52072222431399995,-0.59421189454699996,-0.487975475682,-1.4367703366839999,-0.59814792916199999,-0.51093057202299996,-0.34888549929599999,-0.73767740854300001,-0.56138841976700005,-0.249781977539
111,1,0.3351312822466635,0.56587030423549722,true,flipguard_tabular_validation_v2,sha256:5476d1e1799d9bf7cd21b0b910158574f2b183d7ce0f11c5aaf560cf0f1f54e0,sha256:afd5351d9b781a1fad2db90dc7bca0052521a41efd7694c0ade20974824dcb4e,model_input,identity_model_input_v1,-0.168445281626,3.1301946197119999,0.65244709195899997,-0.381671547931,-0.39750401667099999,-1.8019790455469999,0.34295762997599999,-0.59421189454699996,-0.487975475682,1.5675862505239999,2.2655861495530001,0.55866291471999996,-0.34888549929599999,0.24018378184600001,-0.52846067462099999,-0.249781977539
113,1,0.051103208187227217,0.51006679818102652,true,flipguard_tabular_validation_v2,sha256:5476d1e1799d9bf7cd21b0b910158574f2b183d7ce0f11c5aaf560cf0f1f54e0,sha256:afd5351d9b781a1fad2db90dc7bca0052521a41efd7694c0ade20974824dcb4e,model_input,identity_model_input_v1,5.0498317340570003,3.1661476669400002,-0.40231082607800001,-0.381671547931,0.65868520979699996,-1.607940793289,-0.24086240820300001,-0.59421189454699996,-0.487975475682,0.53585889088799998,1.505482531497,-0.51093057202299996,-0.34888549929599999,-0.056643990795000002,-0.026495493064000002,-0.249781977539
117,0,0.049898355011174664,0.50982947898035624,true,flipguard_tabular_validation_v2,sha256:5476d1e1799d9bf7cd21b0b910158574f2b183d7ce0f11c5aaf560cf0f1f54e0,sha256:afd5351d9b781a1fad2db90dc7bca0052521a41efd7694c0ade20974824dcb4e,model_input,identity_model_input_v1,-0.168445281626,-0.73870402344700004,-0.40385852661799998,-0.27339552733099998,-0.39750401667099999,-0.394518483393,-0.74795462333499996,0.37110183019600002,-0.487975475682,0.19599576065499999,-0.67373312424499998,-0.51093057202299996,-0.34888549929599999,0.56335341309800002,-1.2104308629760001,-0.249781977539
121,1,0.089998005284578339,0.51772669123494397,true,flipguard_tabular_validation_v2,sha256:5476d1e1799d9bf7cd21b0b910158574f2b183d7ce0f11c5aaf560cf0f1f54e0,sha256:afd5351d9b781a1fad2db90dc7bca0052521a41efd7694c0ade20974824dcb4e,model_input,identity_model_input_v1,1.4355620158119999,2.9144763363449999,-0.054078204570000003,-0.381671547931,1.737278450159,-1.6926617203309999,-0.43120643075999998,-0.59421189454699996,-0.487975475682,0.15748910058000001,1.1464528548520001,0.087191282706999995,-0.34888549929599999,0.093054864239000001,0.74620892636000002,0.31280361985299998
124,1,0.24355981923050396,0.54792349116465133,true,flipguard_tabular_validation_v2,sha256:5476d1e1799d9bf7cd21b0b910158574f2b183d7ce0f11c5aaf560cf0f1f54e0,sha256:afd5351d9b781a1fad2db90dc7bca0052521a41efd7694c0ade20974824dcb4e,model_input,identity_model_input_v1,-0.168445281626,-0.73870402344700004,1.673929448385,-0.26769678940500002,-0.39750401667099999,0.110618656875,-0.25512591376900001,1.4581013866570001,0.28636343471199999,0.39815572605299998,-0.071886008395000006,0.81658563105699999,-0.23359421067,1.513587776164,0.277903217619,-0.249781977539
125,0,-0.45664158174668062,0.41042248680868892,false,flipguard_tabular_validation_v2,sha256:5476d1e1799d9bf7cd21b0b910158574f2b183d7ce0f11c5aaf560cf0f1f54e0,sha256:afd5351d9b781a1fad2db90dc7bca0052521a41efd7694c0ade20974824dcb4e,model_input,identity_model_input_v1,3.9431367428119999,2.257675546742,0.061999335932999999,-0.381671547931,-0.33029197498700003,-0.51886694082600004,1.6448713966640001,-0.027555484161,-0.355231662472,-1.3091123875199999,0.98111024060800001,-0.51093057202299996,6.1046146811190001,1.392158232811,0.31083096276400002,-0.249781977539
127,1,-0.02824589390936762,0.49443564904159981,false,flipguard_tabular_validation_v2,sha256:5476d1e1799d9bf7cd21b0b910158574f2b183d7ce0f11c5aaf560cf0f1f54e0,sha256:afd5351d9b781a1fad2db90dc7bca0052521a41efd7694c0ade20974824dcb4e,model_input,identity_model_input_v1,-0.168445281626,-0.73870402344700004,-0.64297826005500003,-0.381671547931,-0.39750401667099999,-0.80354747524199999,-1.266359273917,-0.59421189454699996,-0.487975475682,-0.60552873983300004,-0.129047312177,-0.32511528175900001,-0.34888549929599999,-1.3814467336209999,-0.55114423238800003,-0.249781977539
130,0,0.051821172430343135,0.51020821431944241,true,flipguard_tabular_validation_v2,sha256:5476d1e1799d9bf7cd21b0b910158574f2b183d7ce0f11c5aaf560cf0f1f54e0,sha256:afd5351d9b781a1fad2db90dc7bca0052521a41efd7694c0ade20974824dcb4e,model_input,identity_model_input_v1,-0.168445281626,-0.73870402344700004,-1.1661010425880001,-0.381671547931,0.532262559962,0.82710262589299999,0.34197393993699998,0.62173831940500002,0.079873058607000003,0.357556312712,0.86111874341299999,-0.51093057202299996,-0.34888549929599999,-1.3814467336209999,1.9703893181180001,-0.249781977539
132,0,-0.014395467116602933,0.49716410491068952,false,flipguard_tabular_validation_v2,sha256:5476d1e1799d9bf7cd21b0b910158574f2b183d7ce0f11c5aaf560cf0f1f54e0,sha256:afd5351d9b781a1fad2db90dc7bca0052521a41efd7694c0ade20974824dcb4e,model_input,identity_model_input_v1,-0.168445281626,-0.73870402344700004,-0.350462857987,-0.381671547931,-0.39750401667099999,-0.27244747023600002,-0.48580122792699998,-0.59421189454699996,-0.487975475682,-0.13926331239500001,-0.30383807580700001,-0.51093057202299996,-0.34888549929599999,-1.119313116224,0.58522883898,-0.249781977539
133,1,-0.018832617070977872,0.49629000115428362,false,flipguard_tabular_validation_v2,sha256:5476d1e1799d9bf7cd21b0b910158574f2b183d7ce0f11c5aaf560cf0f1f54e0,sha256:afd5351d9b781a1fad2db90dc7bca0052521a41efd7694c0ade20974824dcb4e,model_input,identity_model_input_v1,-0.168445281626,-0.73870402344700004,-0.431717136339,-0.381671547931,-0.39750401667099999,-0.735679635838,-0.67466971542599996,-0.59421189454699996,-0.487975475682,-0.12545114084600001,-0.493745878453,-0.51093057202299996,-0.34888549929599999,-0.224332407806,-1.1094524445289999,-0.249781977539
135,0,-0.11059686536935108,0.47821782865818774,false,flipguard_tabular_validation_v2,sha256:5476d1e1799d9bf7cd21b0b910158574f2b183d7ce0f11c5aaf560cf0f1f54e0,sha256:afd5351d9b781a1fad2db90dc7bca0052521a41efd7694c0ade20974824dcb4e,model_input,identity_model_input_v1,-0.168445281626,-0.73870402344700004,-1.1661010425880001,-0.381671547931,-0.035839220940999998,0.31148924195900002,0.64445862694599998,-0.53972570123999997,-0.25075736503700002,-0.132147951294,0.012202521135,-0.51093057202299996,-0.34888549929599999,-1.3814467336209999,1.598671661804,-0.249781977539
137,0,0.12487411767995298,0.52459241226212416,true,flipguard_tabular_validation_v2,sha256:5476d1e1799d9bf7cd21b0b910158574f2b183d7ce0f11c5aaf560cf0f1f54e0,sha256:afd5351d9b781a1fad2db90dc7bca0052521a41efd7694c0ade20974824dcb4e,model_input,identity_model_input_v1,-0.168445281626,-0.720289048037,-0.210395959114,0.20529845848,-0.39750401667099999,0.52602449269499996,1.357142060241,0.63263555806600003,-0.487975475682,1.3059920924020001,1.4450143754310001,-0.46748122554299998,-0.34888549929599999,0.665508425761,-0.56577878578600005,-0.249781977539
139,1,0.32077873884929592,0.5630613803084169,true,flipguard_tabular_validation_v2,sha256:5476d1e1799d9bf7cd21b0b910158574f2b183d7ce0f11c5aaf560cf0f1f54e0,sha256:afd5351d9b781a1fad2db90dc7bca0052521a41efd7694c0ade20974824dcb4e,model_input,identity_model_input_v1,-0.168445281626,1.5500143488660001,-0.210395959114,-0.381671547931,-0.39750401667099999,-1.8019790455469999,-0.89944288934899996,-0.59421189454699996,0.42771101359399999,1.3871909190830001,-0.001024888005,0.64741051604099997,-0.21391033212400001,-0.99788357287100005,-1.2104308629760001,-0.249781977539
142,1,-0.035060863310425225,0.4930931823240936,false,flipguard_tabular_validation_v2,sha256:5476d1e1799d9bf7cd21b0b910158574f2b183d7ce0f11c5aaf560cf0f1f54e0,sha256:afd5351d9b781a1fad2db90dc7bca0052521a41efd7694c0ade20974824dcb4e,model_input,identity_model_input_v1,-0.168445281626,-0.60366087044399996,0.493033936334,-0.381671547931,-0.39750401667099999,0.035462995789000001,0.25098261132400002,-0.22824629617299999,-0.487975475682,-0.15349403459700001,-0.493745878453,-0.31032401487200001,-0.34888549929599999,0.78629548475699995,0.41034592587199997,-0.249781977539
144,0,-0.078845236773358959,0.48446944894381205,false,flipguard_tabular_validation_v2,sha256:5476d1e1799d9bf7cd21b0b910158574f2b183d7ce0f11c5aaf560cf0f1f54e0,sha256:afd5351d9b781a1fad2db90dc7bca0052521a41efd7694c0ade20974824dcb4e,model_input,identity_model_input_v1,-0.168445281626,-0.73870402344700004,0.57738361576700004,-0.381671547931,-0.39750401667099999,-1.58197792855,0.99711150594700004,-0.59421189454699996,-0.487975475682,0.28054299256100002,-1.094175771895,-0.51093057202299996,-0.34888549929599999,0.25688837511200002,-1.117501448898,-0.249781977539
151,0,-0.22117301362955238,0.45647219324028726,false,flipguard_tabular_validation_v2,sha256:5476d1e1799d9bf7cd21b0b910158574f2b183d7ce0f11c5aaf560cf0f1f54e0,sha256:afd5351d9b781a1fad2db90dc7bca0052521a41efd7694c0ade20974824dcb4e,model_input,identity_model_input_v1,-0.168445281626,-0.73870402344700004,-1.1661010425880001,-0.381671547931,-0.39750401667099999,0.82573615932800004,0.13638272177499999,-0.59421189454699996,-0.487975475682,-0.93660230635300001,-0.62743719225700001,-0.51093057202299996,-0.34888549929599999,-1.3814467336209999,0.81938169335099997,-0.249781977539
152,0,-0.21198022825488086,0.45827799688332721,false,flipguard_tabular_validation_v2,sha256:5476d1e1799d9bf7cd21b0b910158574f2b183d7ce0f11c5aaf560cf0f1f54e0,sha256:afd5351d9b781a1fad2db90dc7bca0052521a41efd7694c0ade20974824dcb4e,model_input,identity_model_input_v1,-0.168445281626,-0.73870402344700004,-1.1661010425880001,-0.381671547931,-0.39750401667099999,-0.51613400769600004,0.106380175583,-0.59421189454699996,-0.487975475682,-0.58794961240700006,-1.499973787998,-0.51093057202299996,-0.34888549929599999,0.150878456312,-1.2104308629760001,-0.249781977539
153,1,-0.036494447971770774,0.4928107881693144,false,flipguard_tabular_validation_v2,sha256:5476d1e1799d9bf7cd21b0b910158574f2b183d7ce0f11c5aaf560cf0f1f54e0,sha256:afd5351d9b781a1fad2db90dc7bca0052521a41efd7694c0ade20974824dcb4e,model_input,identity_model_input_v1,-0.168445281626,-0.58436899144400001,-1.1661010425880001,2.3451745498159999,-0.39750401667099999,0.34883932807399998,-0.78582668983899995,0.82606154430400003,-0.487975475682,-0.027510288045000001,-0.043541560239,-0.51093057202299996,-0.34888549929599999,-0.12153491078799999,-1.0757929717129999,-0.249781977539
154,1,0.57890391685367149,0.61326803993215373,true,flipguard_tabular_validation_v2,sha256:5476d1e1799d9bf7cd21b0b910158574f2b183d7ce0f11c5aaf560cf0f1f54e0,sha256:afd5351d9b781a1fad2db90dc7bca0052521a41efd7694c0ade20974824dcb4e,model_input,identity_model_input_v1,-0.168445281626,-0.73870402344700004,2.6164790772690001,4.4935987480420003,-0.39750401667099999,-1.19891180144,-1.704101341296,3.130827521159,3.2349968411200001,1.695662750341,2.4554939521989998,0.224010501409,2.772415241559,0.10333461394,-1.143111917345,-0.249781977539
156,1,0.24169411904986907,0.54755726619257483,true,flipguard_tabular_validation_v2,sha256:5476d1e1799d9bf7cd21b0b910158574f2b183d7ce0f11c5aaf560cf0f1f54e0,sha256:afd5351d9b781a1fad2db90dc7bca0052521a41efd7694c0ade20974824dcb4e,model_input,identity_model_input_v1,-0.168445281626,-0.674690061309,-0.47040964984,0.43039860657000001,-0.23587505928800001,1.006109745934,-0.58023547167599998,3.6429977382379999,1.25735984616,0.75852783828199999,0.93292467874200002,-0.34452881954800002,2.3899856012380001,0.95462638612499995,0.44254194334800001,-0.249781977539
158,1,0.34700348850949458,0.56819255450374451,true,flipguard_tabular_validation_v2,sha256:5476d1e1799d9bf7cd21b0b910158574f2b183d7ce0f11c5aaf560cf0f1f54e0,sha256:afd5351d9b781a1fad2db90dc7bca0052521a41efd7694c0ade20974824dcb4e,model_input,identity_model_input_v1,-0.042366105409000002,1.4719699292740001,-0.126820129951,-0.381671547931,0.74190011854899995,2.3529902903640001,1.2307378902220001,-0.59421189454699996,-0.487975475682,1.8773137337420001,1.396828813565,1.8233162335319999,-0.34888549929599999,0.74324903288099997,2.609919301618,1.976449600711
160,1,-0.032574268816098914,0.4935830072992386,false,flipguard_tabular_validation_v2,sha256:5476d1e1799d9bf7cd21b0b910158574f2b183d7ce0f11c5aaf560cf0f1f54e0,sha256:afd5351d9b781a1fad2db90dc7bca0052521a41efd7694c0ade20974824dcb4e,model_input,identity_model_input_v1,-0.168445281626,-0.73870402344700004,1.0610400345290001,1.4105815298990001,-0.39750401667099999,-1.1907130020479999,2.2345935750770001,-0.243684050943,-0.487975475682,0.98538229220600004,0.58712241123700004,-0.51093057202299996,-0.34888549929599999,1.1615063488749999,-0.84822566637100005,-0.249781977539
162,1,0.15868505074389422,0.53124497163819751,true,flipguard_tabular_validation_v2,sha256:5476d1e1799d9bf7cd21b0b910158574f2b183d7ce0f11c5aaf560cf0f1f54e0,sha256:afd5351d9b781a1fad2db90dc7bca0052521a41efd7694c0ade20974824dcb4e,model_input,identity_model_input_v1,-0.168445281626,1.8876222313719999,-0.46886194930000002,2.8609103321489999,-0.39750401667099999,1.100395938933,-0.66827573017200004,2.1500760416459999,-0.487975475682,0.77903682027900001,0.33154997036099998,-0.51093057202299996,-0.34888549929599999,-0.14337937890399999,2.098441660352,-0.249781977539
164,0,-0.19035711402636052,0.46252723952955471,false,flipguard_tabular_validation_v2,sha256:5476d1e1799d9bf7cd21b0b910158574f2b183d7ce0f11c5aaf560cf0f1f54e0,sha256:afd5351d9b781a1fad2db90dc7bca0052521a41efd7694c0ade20974824dcb4e,model_input,identity_model_input_v1,-0.168445281626,-0.560692594489,2.0492468293439998,-0.381671547931,-0.39750401667099999,-0.89373426854500004,0.55149991825599998,-0.59421189454699996,0.60224454577800002,-1.230843415409,-0.103064901367,-0.51093057202299996,1.8697688110949999,1.5534218062580001,-0.498459840155,-0.249781977539
167,1,0.32195749469054746,0.56329213434050307,true,flipguard_tabular_validation_v2,sha256:5476d1e1799d9bf7cd21b0b910158574f2b183d7ce0f11c5aaf560cf0f1f54e0,sha256:afd5351d9b781a1fad2db90dc7bca0052521a41efd7694c0ade20974824dcb4e,model_input,identity_model_input_v1,-0.168445281626,-0.61155300276299995,1.807805545098,-0.381671547931,-0.39750401667099999,0.35567166090000002,-1.7862394595569999,-0.59421189454699996,-0.487975475682,0.76313189546500004,0.19549661921200001,-0.51093057202299996,-0.34888549929599999,-0.92592532495799995,-0.19332940180300001,-0.249781977539
168,1,-0.069427374222837915,0.48632414588239042,false,flipguard_tabular_validation_v2,sha256:5476d1e1799d9bf7cd21b0b910158574f2b183d7ce0f11c5aaf560cf0f1f54e0,sha256:afd5351d9b781a1fad2db90dc7bca0052521a41efd7694c0ade20974824dcb4e,model_input,identity_model_input_v1,-0.168445281626,0.15924525366,-0.33808125366699998,-0.381671547931,-0.39750401667099999,1.838287884139,1.2159825396370001,-0.59421189454699996,-0.487975475682,-0.058064485713999997,1.4558797472239999,-0.51093057202299996,-0.34888549929599999,-0.17036372187099999,1.4486674894730001,-0.249781977539
171,0,-0.058668607365857398,0.48844309209960074,false,flipguard_tabular_validation_v2,sha256:5476d1e1799d9bf7cd21b0b910158574f2b183d7ce0f11c5aaf560cf0f1f54e0,sha256:afd5351d9b781a1fad2db90dc7bca0052521a41efd7694c0ade20974824dcb4e,model_input,identity_model_input_v1,-0.168445281626,-0.73870402344700004,0.73447522058100001,-0.381671547931,-0.39750401667099999,-1.4271117178279999,1.631099736118,-0.59421189454699996,-0.487975475682,0.60031569144999997,-0.53862458803400004,-0.51093057202299996,-0.34888549929599999,0.47854547805800002,-1.2104308629760001,-0.249781977539
172,0,-0.0038634187681378116,0.49923890673333843,false,flipguard_tabular_validation_v2,sha256:5476d1e1799d9bf7cd21b0b910158574f2b183d7ce0f11c5aaf560cf0f1f54e0,sha256:afd5351d9b781a1fad2db90dc7bca0052521a41efd7694c0ade20974824dcb4e,model_input,identity_model_input_v1,1.036311291122,0.062785858658000002,-0.49749440929099997,-0.381671547931,1.6700664084750001,0.490040873145,0.65872213251199996,-0.51429881103099995,-0.487975475682,-0.053878979184000003,1.7634170097190001,0.30628692346600001,-0.34888549929599999,-0.88544881050699997,1.932339479283,-0.249781977539
175,1,0.067839905914799908,0.51336321259961837,true,flipguard_tabular_validation_v2,sha256:5476d1e1799d9bf7cd21b0b910158574f2b183d7ce0f11c5aaf560cf0f1f54e0,sha256:afd5351d9b781a1fad2db90dc7bca0052521a41efd7694c0ade20974824dcb4e,model_input,identity_model_input_v1,-0.168445281626,-0.19414689348200001,-1.1413378339469999,0.55007210302300003,-0.335092835107,0.52602449269499996,-0.480882777732,0.033287431696999999,0.33306959121200003,0.099310559812999993,1.0094546887639999,-0.103246278459,-0.34888549929599999,-0.99531363544499996,0.82011342102100004,-0.249781977539
180,0,-0.1101051338919105,0.47831462790332951,false,flipguard_tabular_validation_v2,sha256:5476d1e1799d9bf7cd21b0b910158574f2b183d7ce0f11c5aaf560cf0f1f54e0,sha256:afd5351d9b781a1fad2db90dc7bca0052521a41efd7694c0ade20974824dcb4e,model_input,identity_model_input_v1,-0.168445281626,-0.62119894226299999,-0.044792001328999999,-0.381671547931,-0.39750401667099999,-1.298663860699,-0.85665237265100003,-0.59421189454699996,-0.487975475682,-0.88093506950400002,-0.81876221731099996,-0.51093057202299996,-0.34888549929599999,-1.1540072714680001,-0.15088919694799999,-0.249781977539
187,0,-0.21849921691414623,0.45699738054577943,false,flipguard_tabular_validation_v2,sha256:5476d1e1799d9bf7cd21b0b910158574f2b183d7ce0f11c5aaf560cf0f1f54e0,sha256:afd5351d9b781a1fad2db90dc7bca0052521a41efd7694c0ade20974824dcb4e,model_input,identity_model_input_v1,-0.168445281626,-0.73870402344700004,-0.47737430226999999,-0.381671547931,-0.39750401667099999,-1.704048941708,-0.735166652827,-0.59421189454699996,-0.487975475682,-1.3057639822960001,-1.365810066726,-0.51093057202299996,-0.34888549929599999,-1.1071059134529999,0.019603350140999998,-0.249781977539
189,0,-0.29936514663584624,0.44113238192102117,false,flipguard_tabular_validation_v2,sha256:5476d1e1799d9bf7cd21b0b910158574f2b183d7ce0f11c5aaf560cf0f1f54e0,sha256:afd5351d9b781a1fad2db90dc7bca0052521a41efd7694c0ade20974824dcb4e,model_input,identity_model_input_v1,-0.168445281626,0.68714121539700002,-1.1661010425880001,-0.381671547931,-0.39750401667099999,-0.063833574614999999,-0.16315089511700001,-0.59421189454699996,-0.487975475682,-1.6539981255889999,-0.141329906378,-0.51093057202299996,-0.34888549929599999,0.222194219868,-0.51821648724199998,-0.249781977539
192,0,-0.029490649434183731,0.49419044465334877,false,flipguard_tabular_validation_v2,sha256:5476d1e1799d9bf7cd21b0b910158574f2b183d7ce0f11c5aaf560cf0f1f54e0,sha256:afd5351d9b781a1fad2db90dc7bca0052521a41efd7694c0ade20974824dcb4e,model_input,identity_model_input_v1,-0.168445281626,-0.73870402344700004,0.79560939191199997,-0.381671547931,-0.39750401667099999,-1.4681057147829999,1.0153097716699999,-0.59421189454699996,-0.487975475682,0.61496496430500003,-1.3379380260389999,-0.51093057202299996,-0.34888549929599999,0.70983984634999997,-1.2104308629760001,-0.249781977539
193,1,0.43281850924612592,0.58494092353259963,true,flipguard_tabular_validation_v2,sha256:5476d1e1799d9bf7cd21b0b910158574f2b183d7ce0f11c5aaf560cf0f1f54e0,sha256:afd5351d9b781a1fad2db90dc7bca0052521a41efd7694c0ade20974824dcb4e,model_input,identity_model_input_v1,-0.168445281626,0.92653589571899997,2.4880199324459999,0.111269282696,-0.39750401667099999,-1.7514197826340001,-0.38300561884599998,0.75613759622700005,3.175999590804,1.3737972981869999,1.487058640196,-0.51093057202299996,1.89507665494,-0.215337626817,0.53912999577599996,-0.249781977539
194,0,0.017775178856655919,0.5035016877699936,true,flipguard_tabular_validation_v2,sha256:5476d1e1799d9bf7cd21b0b910158574f2b183d7ce0f11c5aaf560cf0f1f54e0,sha256:afd5351d9b781a1fad2db90dc7bca0052521a41efd7694c0ade20974824dcb4e,model_input,identity_model_input_v1,-0.168445281626,-0.73870402344700004,-1.1661010425880001,-0.381671547931,0.94353624360099997,-0.12942396974500001,-0.94616816620499999,1.3118967679510001,0.950082500765,-0.57664874477600003,-1.3861235879039999,0.78053191802099997,-0.34888549929599999,-1.3814467336209999,0.20838908897700001,-0.249781977539
195,0,-0.15777919069253732,0.46893321062656723,false,flipguard_tabular_validation_v2,sha256:5476d1e1799d9bf7cd21b0b910158574f2b183d7ce0f11c5aaf560cf0f1f54e0,sha256:afd5351d9b781a1fad2db90dc7bca0052521a41efd7694c0ade20974824dcb4e,model_input,identity_model_input_v1,-0.168445281626,-0.73870402344700004,-0.64065670924499996,-0.381671547931,-0.39750401667099999,-1.454896537987,-0.26447096914000001,-0.59421189454699996,-0.487975475682,-0.57037048498099996,-1.510839159791,-0.51093057202299996,-0.34888549929599999,-0.59633085014200005,-0.371870953261,-0.249781977539
197,1,0.0085763089117405159,0.5016895303323573,true,flipguard_tabular_validation_v2,sha256:5476d1e1799d9bf7cd21b0b910158574f2b183d7ce0f11c5aaf560cf0f1f54e0,sha256:afd5351d9b781a1fad2db90dc7bca0052521a41efd7694c0ade20974824dcb4e,model_input,identity_model_input_v1,-0.12641888955399999,-0.38969639425899999,-0.911504303751,-0.381671547931,1.6060549402040001,0.060970371672999998,0.035062647751999999,-0.59421189454699996,-0.102035129866,-0.13758910978300001,1.222982864874,0.050213115491,-0.34888549929599999,-1.3814467336209999,1.450130944813,-0.249781977539
198,1,0.36798872687260653,0.57229445338516638,true,flipguard_tabular_validation_v2,sha256:5476d1e1799d9bf7cd21b0b910158574f2b183d7ce0f11c5aaf560cf0f1f54e0,sha256:afd5351d9b781a1fad2db90dc7bca0052521a41efd7694c0ade20974824dcb4e,model_input,identity_model_input_v1,-0.168445281626,-0.73870402344700004,1.316410623636,1.55589934702,-0.39750401667099999,-1.0358467913260001,0.118676301072,-0.59421189454699996,-0.487975475682,2.2962829373910001,1.5300477198989999,-0.51093057202299996,-0.34888549929599999,0.080205177111000003,-0.91115424598299999,-0.249781977539
199,1,0.32536645927707852,0.56395941496651358,true,flipguard_tabular_validation_v2,sha256:5476d1e1799d9bf7cd21b0b910158574f2b183d7ce0f11c5aaf560cf0f1f54e0,sha256:afd5351d9b781a1fad2db90dc7bca0052521a41efd7694c0ade20974824dcb4e,model_input,identity_model_input_v1,-0.168445281626,-0.73870402344700004,-0.52690071955200002,1.117096526693,-0.10785212274600001,0.38436745876900003,0.13441534169700001,2.7149162455879998,5.5100783064219998,0.825495942762,0.26021644250199999,1.007023192223,-0.34888549929599999,-1.211830863541,-1.2104308629760001,-0.249781977539
200,0,-0.082875094670634225,0.48367588318774241,false,flipguard_tabular_validation_v2,sha256:5476d1e1799d9bf7cd21b0b910158574f2b183d7ce0f11c5aaf560cf0f1f54e0,sha256:afd5351d9b781a1fad2db90dc7bca0052521a41efd7694c0ade20974824dcb4e,model_input,identity_model_input_v1,0.034682280058000003,1.402694545591,-1.125860828547,-0.381671547931,0.063378554877999996,-0.052901842094,1.8184926885570001,-0.32632144412399999,-0.487975475682,0.72127683016599997,-0.087003047412000004,-0.51093057202299996,-0.34888549929599999,0.38217282460300001,1.165488881218,-0.249781977539
201,0,-0.11484804306011813,0.47738099493344177,false,flipguard_tabular_validation_v2,sha256:5476d1e1799d9bf7cd21b0b910158574f2b183d7ce0f11c5aaf560cf0f1f54e0,sha256:afd5351d9b781a1fad2db90dc7bca0052521a41efd7694c0ade20974824dcb4e,model_input,identity_model_input_v1,-0.168445281626,-0.73870402344700004,-1.1661010425880001,-0.381671547931,-0.27908280036999999,0.62031068569299996,1.8116068582839999,-0.234603018725,-0.157345052037,0.31611979806500001,0.84647411186599997,-0.51093057202299996,-0.34888549929599999,1.029154571464,-0.47138591636799998,-0.249781977539
203,1,0.16137996388363243,0.53177504129340247,true,flipguard_tabular_validation_v2,sha256:5476d1e1799d9bf7cd21b0b910158574f2b183d7ce0f11c5aaf560cf0f1f54e0,sha256:afd5351d9b781a1fad2db90dc7bca0052521a41efd7694c0ade20974824dcb4e,model_input,identity_model_input_v1,-0.168445281626,-0.13013293134500001,-1.1661010425880001,-0.381671547931,0.58987288140500005,0.56701848965099999,-0.25217484365199999,0.064162941237000004,0.325694934923,0.33035052026700001,1.4284801140059999,0.99685419623899996,-0.34888549929599999,-0.459481682236,0.38985755111499998,-0.249781977539
204,0,-0.05958045710067203,0.48826349595335072,false,flipguard_tabular_validation_v2,sha256:5476d1e1799d9bf7cd21b0b910158574f2b183d7ce0f11c5aaf560cf0f1f54e0,sha256:afd5351d9b781a1fad2db90dc7bca0052521a41efd7694c0ade20974824dcb4e,model_input,identity_model_input_v1,7.8936175976380003,3.0854725365750002,0.61530227899800005,-0.287642372147,2.3965965733479999,2.4349782842760002,0.34197393993699998,-0.19646268341100001,-0.48060081939299998,-0.92823129329300003,-0.28069010981199999,3.0916673690650001,-0.30951774220400002,1.10047033502,2.4723544996750002,5.8100686000810002
207,1,0.74443315336379057,0.64500312920948943,true,flipguard_tabular_validation_v2,sha256:5476d1e1799d9bf7cd21b0b910158574f2b183d7ce0f11c5aaf560cf0f1f54e0,sha256:afd5351d9b781a1fad2db90dc7bca0052521a41efd7694c0ade20974824dcb4e,model_input,identity_model_input_v1,-0.168445281626,-0.57296924476199995,2.5011753870360001,-0.210709410141,-0.39750401667099999,0.641263173026,-1.820668610924,-0.59421189454699996,-0.487975475682,2.452402330959,2.5296619248750001,1.140144594203,-0.34888549929599999,-0.74345976775,-0.68431866831199994,-0.249781977539
208,0,-0.22741200220777838,0.45524687912047618,false,flipguard_tabular_validation_v2,sha256:5476d1e1799d9bf7cd21b0b910158574f2b183d7ce0f11c5aaf560cf0f1f54e0,sha256:afd5351d9b781a1fad2db90dc7bca0052521a41efd7694c0ade20974824dcb4e,model_input,identity_model_input_v1,-0.168445281626,-0.73870402344700004,-0.88983649619100003,1.572995560799,-0.39750401667099999,-1.8019790455469999,-0.31611469618999999,-0.53518518513199997,-0.487975475682,-0.46991832826199997,-2.0427699701890001,-0.51093057202299996,0.34005024981199999,-0.324559967399,-1.2104308629760001,-0.249781977539
209,0,-0.046207685603286724,0.49089748057755078,false,flipguard_tabular_validation_v2,sha256:5476d1e1799d9bf7cd21b0b910158574f2b183d7ce0f11c5aaf560cf0f1f54e0,sha256:afd5351d9b781a1fad2db90dc7bca0052521a41efd7694c0ade20974824dcb4e,model_input,identity_model_input_v1,-0.168445281626,0.87216787308199994,1.324922976606,-0.381671547931,-0.39750401667099999,-0.169506988991,-0.086423072071000001,-0.59421189454699996,-0.21265497420900001,-0.72439712528400002,0.67451779305100001,-0.51093057202299996,0.28381059682300003,1.4152876696400001,0.14253359868500001,-0.249781977539
212,0,-0.12454257983340114,0.47547283882000574,false,flipguard_tabular_validation_v2,sha256:5476d1e1799d9bf7cd21b0b910158574f2b183d7ce0f11c5aaf560cf0f1f54e0,sha256:afd5351d9b781a1fad2db90dc7bca0052521a41efd7694c0ade20974824dcb4e,model_input,identity_model_input_v1,-0.168445281626,-0.73870402344700004,-0.28855483638599999,2.2311997912899999,-0.39750401667099999,-1.6575890784909999,-0.058387905958000003,-0.56969310755900004,-0.487975475682,0.24580328836199999,-2.0191495967259998,-0.51093057202299996,-0.123926887343,-0.046364241092999997,-1.2104308629760001,-0.249781977539
217,1,-0.0337834246644566,0.49334481957186554,false,flipguard_tabular_validation_v2,sha256:5476d1e1799d9bf7cd21b0b910158574f2b183d7ce0f11c5aaf560cf0f1f54e0,sha256:afd5351d9b781a1fad2db90dc7bca0052521a41efd7694c0ade20974824dcb4e,model_input,identity_model_input_v1,0.25181863910000002,0.259212263025,-1.0732390101860001,-0.381671547931,1.18677982303,-0.73932354667800004,-0.138558644141,-0.29998645069300001,-0.487975475682,-0.035881301104999999,-0.247149179494,-0.23451877207800001,-0.34888549929599999,-1.3692395308500001,1.535743082192,0.051603163920999999
218,0,-0.047843388176956769,0.49057529058124816,false,flipguard_tabular_validation_v2,sha256:5476d1e1799d9bf7cd21b0b910158574f2b183d7ce0f11c5aaf560cf0f1f54e0,sha256:afd5351d9b781a1fad2db90dc7bca0052521a41efd7694c0ade20974824dcb4e,model_input,identity_model_input_v1,-0.168445281626,0.94056635317399995,0.97978575617700003,0.079926224101000004,-0.39590372996500001,-0.026938977355000001,1.2071293292850001,-0.140160283661,-0.47814260063000003,0.28472849908999998,0.26871977694900001,-0.51093057202299996,1.656058129739,1.9607568881940001,1.1830503452959999,-0.249781977539
219,0,-0.13740426791477631,0.47294173595419037,false,flipguard_tabular_validation_v2,sha256:5476d1e1799d9bf7cd21b0b910158574f2b183d7ce0f11c5aaf560cf0f1f54e0,sha256:afd5351d9b781a1fad2db90dc7bca0052521a41efd7694c0ade20974824dcb4e,model_input,identity_model_input_v1,-0.168445281626,-0.70713549417300003,0.73137981950099995,0.38765807212300002,-0.39750401667099999,-0.088885461644000005,0.21556976991900001,0.75886190589299996,0.34044424750199997,-0.94664752202500002,0.448234615271,-0.51093057202299996,1.467655292228,1.3536091714289999,-0.59504789258299995,-0.249781977539
220,1,0.080259852659767345,0.51580912295239734,true,flipguard_tabular_validation_v2,sha256:5476d1e1799d9bf7cd21b0b910158574f2b183d7ce0f11c5aaf560cf0f1f54e0,sha256:afd5351d9b781a1fad2db90dc7bca0052521a41efd7694c0ade20974824dcb4e,model_input,identity_model_input_v1,-0.168445281626,1.3036044398169999,-1.1661010425880001,-0.381671547931,-0.39750401667099999,-0.32619515513300001,-2.144302633773,-0.59421189454699996,-0.487975475682,-0.44187543451099998,0.96174153436800003,-0.51093057202299996,-0.34888549929599999,-1.3814467336209999,-0.74139342656499996,-0.249781977539
225,0,0.054987062206000775,0.51083178622411352,true,flipguard_tabular_validation_v2,sha256:5476d1e1799d9bf7cd21b0b910158574f2b183d7ce0f11c5aaf560cf0f1f54e0,sha256:afd5351d9b781a1fad2db90dc7bca0052521a41efd7694c0ade20974824dcb4e,model_input,identity_model_input_v1,-0.168445281626,-0.67732077208200003,-0.0099687391779999992,-0.381671547931,0.58827259469899995,0.77016651900999999,1.772751101741,0.54364144233300005,1.1491982205810001,0.69993074686300005,1.030240617412,-0.51093057202299996,-0.34888549929599999,0.38731269945399999,1.404032101608,-0.249781977539
227,0,-0.058461573882413416,0.48848386917465553,false,flipguard_tabular_validation_v2,sha256:5476d1e1799d9bf7cd21b0b910158574f2b183d7ce0f11c5aaf560cf0f1f54e0,sha256:afd5351d9b781a1fad2db90dc7bca0052521a41efd7694c0ade20974824dcb4e,model_input,identity_model_input_v1,-0.168445281626,-0.73870402344700004,-1.1661010425880001,-0.31328669281499999,-0.39750401667099999,-0.88143606945899999,-0.53400203984100003,0.88962876982799999,0.35642266946200002,-0.39918326790600001,-0.222583991092,-0.51093057202299996,0.691548080989,0.35583096599199998,-1.1189649042380001,-0.249781977539
228,1,0.044172436400962523,0.50870162521322693,true,flipguard_tabular_validation_v2,sha256:5476d1e1799d9bf7cd21b0b910158574f2b183d7ce0f11c5aaf560cf0f1f54e0,sha256:afd5351d9b781a1fad2db90dc7bca0052521a41efd7694c0ade20974824dcb4e,model_input,identity_model_input_v1,-0.168445281626,-0.484401982078,-0.45957574606000001,-0.381671547931,1.1835792496169999,-0.47286256646500002,-0.70663964169500004,-0.59421189454699996,1.4675375504099999,-0.35481689868799998,0.62680463865500002,-0.43050305832699998,-0.34888549929599999,-1.3814467336209999,0.54937418315499997,-0.249781977539
229,0,-0.12882835084594871,0.4746293674079744,false,flipguard_tabular_validation_v2,sha256:5476d1e1799d9bf7cd21b0b910158574f2b183d7ce0f11c5aaf560cf0f1f54e0,sha256:afd5351d9b781a1fad2db90dc7bca0052521a41efd7694c0ade20974824dcb4e,model_input,identity_model_input_v1,0.41992420739000003,1.953390000692,-0.61047654871400003,-0.381671547931,-0.29028480731799999,-1.37609696606,-0.17397148554700001,-0.59421189454699996,-0.487975475682,-0.63692003880799997,-0.120071570261,-0.51093057202299996,-0.34888549929599999,0.37574798104000001,0.16741233946199999,-0.249781977539
231,0,0.26328115083482101,0.5517933873138372,true,flipguard_tabular_validation_v2,sha256:5476d1e1799d9bf7cd21b0b910158574f2b183d7ce0f11c5aaf560cf0f1f54e0,sha256:afd5351d9b781a1fad2db90dc7bca0052521a41efd7694c0ade20974824dcb4e,model_input,identity_model_input_v1,-0.168445281626,0.21887469784300001,1.019252119948,3.4991689798980001,-0.39750401667099999,1.470708378101,-1.35636691249,0.45464732659899998,0.27775966904100002,0.98789359612399996,0.220534215083,-0.51093057202299996,-0.34888549929599999,-0.28793835908600002,2.053806272488,-0.249781977539
233,0,-0.36947809585358454,0.42741457094152818,false,flipguard_tabular_validation_v2,sha256:5476d1e1799d9bf7cd21b0b910158574f2b183d7ce0f11c5aaf560cf0f1f54e0,sha256:afd5351d9b781a1fad2db90dc7bca0052521a41efd7694c0ade20974824dcb4e,model_input,identity_model_input_v1,-0.168445281626,-0.73870402344700004,-1.1661010425880001,-0.381671547931,0.53546313337499996,1.0266067444119999,1.5917521345550001,0.047817083246000001,-0.487975475682,-1.2530266000179999,-0.060548229133000002,-0.51093057202299996,-0.34888549929599999,1.503308026462,-1.116037993558,-0.249781977539
236,1,0.31720804014446274,0.56236231282283045,true,flipguard_tabular_validation_v2,sha256:5476d1e1799d9bf7cd21b0b910158574f2b183d7ce0f11c5aaf560cf0f1f54e0,sha256:afd5351d9b781a1fad2db90dc7bca0052521a41efd7694c0ade20974824dcb4e,model_input,identity_model_input_v1,-0.168445281626,-0.73870402344700004,-1.1305039301669999,0.028637582764,-0.39750401667099999,0.33927406211799999,-1.767057503795,1.5253010250679999,1.308982440186,0.74890117326299999,0.88710115422299995,-0.39444934528999998,-0.34888549929599999,-1.3814467336209999,0.18790071421999999,-0.249781977539
238,1,0.21697281293427068,0.54270278625666757,true,flipguard_tabular_validation_v2,sha256:5476d1e1799d9bf7cd21b0b910158574f2b183d7ce0f11c5aaf560cf0f1f54e0,sha256:afd5351d9b781a1fad2db90dc7bca0052521a41efd7694c0ade20974824dcb4e,model_input,identity_model_input_v1,-0.168445281626,-0.73870402344700004,-0.38296456932799999,0.040035058616999998,-0.38790229643099999,0.67314739288100001,-0.034287500000999997,3.8064563181570001,2.3512671957650002,0.139491422501,0.015981780889,1.748435444918,1.166773148741,1.0863356791800001,-0.54602213869899996,-0.249781977539
240,0,0.053632845845257938,0.51056505353582016,true,flipguard_tabular_validation_v2,sha256:5476d1e1799d9bf7cd21b0b910158574f2b183d7ce0f11c5aaf560cf0f1f54e0,sha256:afd5351d9b781a1fad2db90dc7bca0052521a41efd7694c0ade20974824dcb4e,model_input,identity_model_input_v1,-0.168445281626,-0.71415072290100001,-0.76215120163799999,-0.381671547931,-0.39750401667099999,-0.92288555527000005,0.100478035349,1.141173362258,1.4687666597910001,0.072941868674000002,-0.039762300484999999,0.099209187052999998,-0.078935164951999995,-0.84625726476800001,-1.2009184032669999,-0.249781977539
241,1,0.30980911025511781,0.56091345071878718,true,flipguard_tabular_validation_v2,sha256:5476d1e1799d9bf7cd21b0b910158574f2b183d7ce0f11c5aaf560cf0f1f54e0,sha256:afd5351d9b781a1fad2db90dc7bca0052521a41efd7694c0ade20974824dcb4e,model_input,identity_model_input_v1,-0.168445281626,0.45651557098399997,-0.89602729835100003,-0.381671547931,0.111387156081,1.516712752463,-0.57777624657899995,2.0547252033599999,0.44614765431800002,0.58148091206499997,-1.8046766056770001,3.7997992712649999,-0.34888549929599999,0.28194526501,1.2474423802479999,0.32084055695800001
243,1,0.28083821500001388,0.55523652939922419,true,flipguard_tabular_validation_v2,sha256:5476d1e1799d9bf7cd21b0b910158574f2b183d7ce0f11c5aaf560cf0f1f54e0,sha256:afd5351d9b781a1fad2db90dc7bca0052521a41efd7694c0ade20974824dcb4e,model_input,identity_model_input_v1,-0.168445281626,-0.70625859058200002,0.819598750283,-0.381671547931,-0.38950258313800001,-0.92106359984899999,0.241145710934,-0.59421189454699996,2.2984154923569999,0.96905881674000005,0.33910848986999997,1.166953765435,-0.34888549929599999,-1.3814467336209999,-1.2104308629760001,-0.249781977539
246,0,-0.065482128129174408,0.48710114388420611,false,flipguard_tabular_validation_v2,sha256:5476d1e1799d9bf7cd21b0b910158574f2b183d7ce0f11c5aaf560cf0f1f54e0,sha256:afd5351d9b781a1fad2db90dc7bca0052521a41efd7694c0ade20974824dcb4e,model_input,identity_model_input_v1,-0.168445281626,-0.73870402344700004,0.215995539667,0.108419913733,-0.39750401667099999,-1.715891651939,0.48116608046300002,-0.59421189454699996,-0.487975475682,0.34499979312200002,-1.4914704535509999,-0.51093057202299996,-0.34888549929599999,0.18364515848599999,-1.2104308629760001,-0.249781977539
249,0,-0.31053122552512524,0.43894512623121162,false,flipguard_tabular_validation_v2,sha256:5476d1e1799d9bf7cd21b0b910158574f2b183d7ce0f11c5aaf560cf0f1f54e0,sha256:afd5351d9b781a1fad2db90dc7bca0052521a41efd7694c0ade20974824dcb4e,model_input,identity_model_input_v1,3.2146792802199999,-0.34672811830299999,-1.1661010425880001,-0.381671547931,1.3292053399329999,0.309211797683,-0.48235831279000002,-0.59421189454699996,-0.487975475682,-1.6925047856640001,0.077394751893999997,-0.51093057202299996,-0.34888549929599999,-0.64001978637500001,0.92694566082800001,-0.249781977539
251,0,-0.05808466185041633,0.48855810548608869,false,flipguard_tabular_validation_v2,sha256:5476d1e1799d9bf7cd21b0b910158574f2b183d7ce0f11c5aaf560cf0f1f54e0,sha256:afd5351d9b781a1fad2db90dc7bca0052521a41efd7694c0ade20974824dcb4e,model_input,identity_model_input_v1,-0.168445281626,0.21185946911600001,-0.651490613025,-0.381671547931,-0.39750401667099999,-0.72064850361999999,-0.35398676269399998,-0.59421189454699996,-0.487975475682,-0.17107316202299999,-0.69499146036199999,-0.51093057202299996,-0.34888549929599999,-0.21790756424300001,-0.114302813453,-0.249781977539
253,1,0.33996368435620461,0.56681568018985273,true,flipguard_tabular_validation_v2,sha256:5476d1e1799d9bf7cd21b0b910158574f2b183d7ce0f11c5aaf560cf0f1f54e0,sha256:afd5351d9b781a1fad2db90dc7bca0052521a41efd7694c0ade20974824dcb4e,model_input,identity_model_input_v1,-0.168445281626,-0.60015325608100001,1.2452163987939999,2.3280783360370001,-0.38630200972399997,1.475263266652,-0.47989908769299999,3.8682073372380001,1.655591285791,0.68486292335499999,-1.170233374448,2.0498075077340001,0.0082362971799999993,2.080901462835,1.618428308892,-0.249781977539
254,0,0.037961369264987457,0.50747817092591563,true,flipguard_tabular_validation_v2,sha256:5476d1e1799d9bf7cd21b0b910158574f2b183d7ce0f11c5aaf560cf0f1f54e0,sha256:afd5351d9b781a1fad2db90dc7bca0052521a41efd7694c0ade20974824dcb4e,model_input,identity_model_input_v1,-0.168445281626,-0.73870402344700004,-1.1661010425880001,-0.381671547931,-0.39750401667099999,-0.53435356189899996,-1.7449244779169999,-0.59421189454699996,-0.487975475682,-0.39164935615200003,-1.367227289133,0.94600921631599999,-0.34888549929599999,-0.96768680812200003,-0.68870903433099995,-0.249781977539
256,0,-0.40196027493598974,0.4210736080404715,false,flipguard_tabular_validation_v2,sha256:5476d1e1799d9bf7cd21b0b910158574f2b183d7ce0f11c5aaf560cf0f1f54e0,sha256:afd5351d9b781a1fad2db90dc7bca0052521a41efd7694c0ade20974824dcb4e,model_input,identity_model_input_v1,-0.168445281626,-0.73870402344700004,-1.1661010425880001,-0.381671547931,4.011285860479,2.4026385755659998,2.2252485197060001,-0.59421189454699996,-0.39579227206399997,-1.6611134866899999,1.78231330849,-0.51093057202299996,-0.34888549929599999,-1.3814467336209999,3.9050772773569999,-0.249781977539
257,0,-0.10656248397946089,0.47901203096404377,false,flipguard_tabular_validation_v2,sha256:5476d1e1799d9bf7cd21b0b910158574f2b183d7ce0f11c5aaf560cf0f1f54e0,sha256:afd5351d9b781a1fad2db90dc7bca0052521a41efd7694c0ade20974824dcb4e,model_input,identity_model_input_v1,-0.168445281626,0.225013022979,-0.57874868764300003,-0.381671547931,-0.39750401667099999,-0.440522857755,-0.63089550868800004,-0.59421189454699996,-0.487975475682,-0.80601450261800001,-0.059603414193999997,-0.51093057202299996,-0.34888549929599999,-1.216328254035,0.070824287033999997,-0.249781977539
260,1,0.17105441928312046,0.53367770065340614,true,flipguard_tabular_validation_v2,sha256:5476d1e1799d9bf7cd21b0b910158574f2b183d7ce0f11c5aaf560cf0f1f54e0,sha256:afd5351d9b781a1fad2db90dc7bca0052521a41efd7694c0ade20974824dcb4e,model_input,identity_model_input_v1,-0.168445281626,-0.73870402344700004,0.70661661086000005,-0.025500427536,-0.39750401667099999,-0.076131773702,0.59379858993500001,-0.59057948165999996,0.180660027897,0.84977188063599995,1.977417593298,-0.43142751250700001,-0.34888549929599999,-1.260659674624,0.58376538363999997,-0.249781977539
268,1,0.030798830984205758,0.50606725284474774,true,flipguard_tabular_validation_v2,sha256:5476d1e1799d9bf7cd21b0b910158574f2b183d7ce0f11c5aaf560cf0f1f54e0,sha256:afd5351d9b781a1fad2db90dc7bca0052521a41efd7694c0ade20974824dcb4e,model_input,identity_model_input_v1,-0.168445281626,-0.443187513305,-1.105740721526,0.040035058616999998,-0.00063291339299999998,-0.024206044225000001,-1.289475989834,0.102303276552,0.318320278633,-0.337237771262,0.127942351106,-0.51093057202299996,-0.34888549929599999,-1.3814467336209999,0.35692980596899998,-0.249781977539
270,0,0.04241438195516338,0.50835532803470229,true,flipguard_tabular_validation_v2,sha256:5476d1e1799d9bf7cd21b0b910158574f2b183d7ce0f11c5aaf560cf0f1f54e0,sha256:afd5351d9b781a1fad2db90dc7bca0052521a41efd7694c0ade20974824dcb4e,model_input,identity_model_input_v1,0.72811774925600004,2.0568646244209998,0.16569527211599999,-0.381671547931,-0.090248968971999993,-0.117581259513,0.202289954391,-0.59421189454699996,-0.487975475682,0.20269257110300001,1.028823395004,-0.51093057202299996,-0.34888549929599999,0.70791239328099997,1.4962297880169999,-0.249781977539
272,1,-0.028725688442266358,0.49434113419062459,false,flipguard_tabular_validation_v2,sha256:5476d1e1799d9bf7cd21b0b910158574f2b183d7ce0f11c5aaf560cf0f1f54e0,sha256:afd5351d9b781a1fad2db90dc7bca0052521a41efd7694c0ade20974824dcb4e,model_input,identity_model_input_v1,-0.168445281626,0.438100595574,0.43576901635300003,-0.32183479970500001,-0.39750401667099999,-0.222799185033,-0.062322666114000003,0.087773625004000003,-0.487975475682,-0.39206790680499998,0.23139958687600001,-0.51093057202299996,-0.34888549929599999,0.48175789984,0.10741067053,-0.249781977539
273,0,-0.062537145965274807,0.4876811605495931,false,flipguard_tabular_validation_v2,sha256:5476d1e1799d9bf7cd21b0b910158574f2b183d7ce0f11c5aaf560cf0f1f54e0,sha256:afd5351d9b781a1fad2db90dc7bca0052521a41efd7694c0ade20974824dcb4e,model_input,identity_model_input_v1,-0.168445281626,-0.47826365694200001,-0.80858221783899997,-0.381671547931,-0.39750401667099999,-0.31936282230700003,-0.87730986347100004,-0.59421189454699996,-0.487975475682,-0.48791600634100002,-0.52917643864800001,-0.51093057202299996,-0.34888549929599999,-1.3814467336209999,0.071556014703999998,-0.249781977539
274,1,0.028015956241666994,0.50551905542140652,true,flipguard_tabular_validation_v2,sha256:5476d1e1799d9bf7cd21b0b910158574f2b183d7ce0f11c5aaf560cf0f1f54e0,sha256:afd5351d9b781a1fad2db90dc7bca0052521a41efd7694c0ade20974824dcb4e,model_input,identity_model_input_v1,-0.168445281626,-0.73870402344700004,-0.26456547801500002,-0.099584020578000004,-0.39750401667099999,-0.72019301476499997,-0.81976399618600004,-0.59421189454699996,-0.487975475682,0.28849545496700002,-1.3327415438770001,-0.51093057202299996,-0.34888549929599999,-0.42543001134899999,-1.2104308629760001,-0.249781977539
275,1,0.13377068515764257,0.52634324988647441,true,flipguard_tabular_validation_v2,sha256:5476d1e1799d9bf7cd21b0b910158574f2b183d7ce0f11c5aaf560cf0f1f54e0,sha256:afd5351d9b781a1fad2db90dc7bca0052521a41efd7694c0ade20974824dcb4e,model_input,identity_model_input_v1,0.440937403427,-0.0064895250249999998,0.059677785123000003,-0.381671547931,0.15459489716399999,-0.010085889718,-0.15134661464900001,-0.59421189454699996,-0.487975475682,0.64677481393199998,1.111494702126,-0.49798821349700001,-0.34888549929599999,-1.3814467336209999,0.068629104024999998,0.83118606316400001
277,0,-0.15055012925564421,0.47035527361695906,false,flipguard_tabular_validation_v2,sha256:5476d1e1799d9bf7cd21b0b910158574f2b183d7ce0f11c5aaf560cf0f1f54e0,sha256:afd5351d9b781a1fad2db90dc7bca0052521a41efd7694c0ade20974824dcb4e,model_input,identity_model_input_v1,-0.168445281626,-0.091549173344000007,-0.76369890217799996,-0.381671547931,-0.39750401667099999,-1.4271117178279999,-1.003714033489,-0.59421189454699996,-0.487975475682,-0.93032404655800005,-1.2354256052070001,-0.51093057202299996,-0.34888549929599999,-0.58412364737099998,-0.99603465569299998,-0.249781977539
279,1,0.20287514549947944,0.53993300365898067,true,flipguard_tabular_validation_v2,sha256:5476d1e1799d9bf7cd21b0b910158574f2b183d7ce0f11c5aaf560cf0f1f54e0,sha256:afd5351d9b781a1fad2db90dc7bca0052521a41efd7694c0ade20974824dcb4e,model_input,identity_model_input_v1,-0.168445281626,-0.73870402344700004,0.91942543511499997,-0.381671547931,-0.39750401667099999,-0.97390030703700003,-1.0366676497980001,-0.59421189454699996,-0.487975475682,0.83595970908700001,-0.58586533496100002,-0.51093057202299996,-0.34888549929599999,-0.42864243313099998,-1.0933544357909999,-0.249781977539
280,1,0.43687722152042008,0.58573128011108078,true,flipguard_tabular_validation_v2,sha256:5476d1e1799d9bf7cd21b0b910158574f2b183d7ce0f11c5aaf560cf0f1f54e0,sha256:afd5351d9b781a1fad2db90dc7bca0052521a41efd7694c0ade20974824dcb4e,model_input,identity_model_input_v1,-0.168445281626,-0.28271415616599999,1.450286720349,-0.381671547931,-0.39750401667099999,0.47409876321700001,-0.83353565673300001,-0.36900229554699998,-0.487975475682,1.451229168991,1.4931999372960001,0.92474677016600004,-0.34888549929599999,-1.0338626968269999,-1.0875006144320001,-0.249781977539
281,1,-0.030983287683942366,0.49389641129764084,false,flipguard_tabular_validation_v2,sha256:5476d1e1799d9bf7cd21b0b910158574f2b183d7ce0f11c5aaf560cf0f1f54e0,sha256:afd5351d9b781a1fad2db90dc7bca0052521a41efd7694c0ade20974824dcb4e,model_input,identity_model_input_v1,-0.168445281626,-0.70888930135499995,-0.89757499889100001,-0.381671547931,-0.39750401667099999,0.86718564513899998,0.54018748280600004,-0.35810505688599997,-0.487975475682,0.124842149646,1.0732296971149999,-0.51093057202299996,-0.34888549929599999,0.28901259292999998,-0.28699054355100001,-0.249781977539
282,1,0.13069717662707947,0.52573841364851304,true,flipguard_tabular_validation_v2,sha256:5476d1e1799d9bf7cd21b0b910158574f2b183d7ce0f11c5aaf560cf0f1f54e0,sha256:afd5351d9b781a1fad2db90dc7bca0052521a41efd7694c0ade20974824dcb4e,model_input,identity_model_input_v1,-0.168445281626,-0.49580172876099998,0.33284693044000002,-0.381671547931,-0.39750401667099999,1.53265486239,-0.45776606181399998,-0.59421189454699996,-0.487975475682,0.269660675583,-0.21597028652200001,0.44772841307,-0.34888549929599999,0.28066029629700001,1.5013518817060001,0.50970857893999999
283,0,-0.22430788851607128,0.45585648929663075,false,flipguard_tabular_validation_v2,sha256:5476d1e1799d9bf7cd21b0b910158574f2b183d7ce0f11c5aaf560cf0f1f54e0,sha256:afd5351d9b781a1fad2db90dc7bca0052521a41efd7694c0ade20974824dcb4e,model_input,identity_model_input_v1,-0.168445281626,-0.73870402344700004,-1.1661010425880001,-0.381671547931,-0.013435207047,0.792940961763,0.19933888427400001,1.7477863144020001,-0.28763064648499997,-1.2069860281889999,-0.56224496149699998,-0.51093057202299996,-0.34888549929599999,0.71947711169499995,-1.1892107605490001,-0.249781977539
284,0,-0.10251738880163885,0.47980838416124222,false,flipguard_tabular_validation_v2,sha256:5476d1e1799d9bf7cd21b0b910158574f2b183d7ce0f11c5aaf560cf0f1f54e0,sha256:afd5351d9b781a1fad2db90dc7bca0052521a41efd7694c0ade20974824dcb4e,model_input,identity_model_input_v1,-0.168445281626,0.72046355185199995,-1.094906817746,-0.381671547931,-0.39750401667099999,-1.545538820145,-0.32988635673700001,-0.59421189454699996,-0.487975475682,-0.43517862406300001,-0.31281381772299999,-0.51093057202299996,-0.34888549929599999,-0.87709651387400001,0.472542777814,-0.249781977539
285,1,0.057344517794100359,0.51129611572002875,true,flipguard_tabular_validation_v2,sha256:5476d1e1799d9bf7cd21b0b910158574f2b183d7ce0f11c5aaf560cf0f1f54e0,sha256:afd5351d9b781a1fad2db90dc7bca0052521a41efd7694c0ade20974824dcb4e,model_input,identity_model_input_v1,-0.168445281626,-0.73870402344700004,0.64703014006799997,-0.381671547931,-0.39750401667099999,-0.72474790331600003,-0.16708565527399999,0.73434311890500004,-0.47199705372200002,0.342907039857,-1.298728206089,-0.51093057202299996,-0.199850418877,0.32434923252999998,-0.18747558044400001,-0.249781977539
288,1,0.0011104158273148547,0.50021875191250442,true,flipguard_tabular_validation_v2,sha256:5476d1e1799d9bf7cd21b0b910158574f2b183d7ce0f11c5aaf560cf0f1f54e0,sha256:afd5351d9b781a1fad2db90dc7bca0052521a41efd7694c0ade20974824dcb4e,model_input,identity_model_input_v1,-0.168445281626,0.43985440275600002,0.48452158336399997,-0.381671547931,-0.32389082815999998,1.558617727129,0.16294235282899999,-0.59421189454699996,-0.487975475682,-0.26357285633499999,0.76852687943599995,-0.50261048439900002,-0.34888549929599999,-1.060204555438,2.508209155501,-0.177449543589
289,1,0.17468828228836555,0.53439226846313559,true,flipguard_tabular_validation_v2,sha256:5476d1e1799d9bf7cd21b0b910158574f2b183d7ce0f11c5aaf560cf0f1f54e0,sha256:afd5351d9b781a1fad2db90dc7bca0052521a41efd7694c0ade20974824dcb4e,model_input,identity_model_input_v1,-0.168445281626,1.8262389800079999,1.4889792338500001,-0.381671547931,-0.19426760491200001,-1.1292220066150001,-0.22610705761700001,-0.59421189454699996,-0.093431364195000005,0.69825654425100003,-0.26557307079600001,0.022479490078,2.1959587984279998,-0.86617427981600004,-0.93676471442999998,6.6579654647210003
290,0,-0.0085747960489218449,0.49831076770028288,false,flipguard_tabular_validation_v2,sha256:5476d1e1799d9bf7cd21b0b910158574f2b183d7ce0f11c5aaf560cf0f1f54e0,sha256:afd5351d9b781a1fad2db90dc7bca0052521a41efd7694c0ade20974824dcb4e,model_input,identity_model_input_v1,-0.168445281626,0.199582818843,1.5802935657120001,3.6387880590930002,-0.39750401667099999,0.65720528295400005,-1.917070234751,-0.47979088860399999,-0.487975475682,-0.91148926717300005,0.28667126078100003,-0.51093057202299996,-0.34888549929599999,0.97325843245999999,0.83621142975899998,-0.249781977539
293,0,-0.088255521400716241,0.48261641198616584,false,flipguard_tabular_validation_v2,sha256:5476d1e1799d9bf7cd21b0b910158574f2b183d7ce0f11c5aaf560cf0f1f54e0,sha256:afd5351d9b781a1fad2db90dc7bca0052521a41efd7694c0ade20974824dcb4e,model_input,identity_model_input_v1,-0.168445281626,-0.43967989894100001,-0.70566013192599997,-0.381671547931,0.015369953675000001,0.74101523228599997,0.61789899589200004,-0.51611501747400002,-0.487975475682,-0.16144649700399999,0.38682164426600002,-0.51093057202299996,-0.34888549929599999,-1.3814467336209999,1.4054955569480001,-0.249781977539
294,1,0.3396313405562687,0.56675066893965376,true,flipguard_tabular_validation_v2,sha256:5476d1e1799d9bf7cd21b0b910158574f2b183d7ce0f11c5aaf560cf0f1f54e0,sha256:afd5351d9b781a1fad2db90dc7bca0052521a41efd7694c0ade20974824dcb4e,model_input,identity_model_input_v1,-0.168445281626,1.0992859031310001,0.32820382881999999,-0.381671547931,-0.39750401667099999,0.61120090859200005,-0.83796226190900003,0.75250518334000005,-0.487975475682,0.86400260283800001,0.69388649929199997,1.5968249593299999,-0.34888549929599999,-1.001738479009,-0.60090171394199998,-0.249781977539
296,1,0.31092356758575601,0.5611317105800282,true,flipguard_tabular_validation_v2,sha256:5476d1e1799d9bf7cd21b0b910158574f2b183d7ce0f11c5aaf560cf0f1f54e0,sha256:afd5351d9b781a1fad2db90dc7bca0052521a41efd7694c0ade20974824dcb4e,model_input,identity_model_input_v1,-0.168445281626,-0.38005045475799998,-0.68708772544600005,-0.381671547931,1.0987640541579999,2.2327412326260001,1.122531985927,2.7739429550030001,3.2472879349350001,0.77987392158500002,-0.55232440464300003,3.6269263395269999,-0.205474384176,1.0651336954199999,0.16960752247200001,-0.249781977539
298,1,0.43644887687414363,0.58564787630926729,true,flipguard_tabular_validation_v2,sha256:5476d1e1799d9bf7cd21b0b910158574f2b183d7ce0f11c5aaf560cf0f1f54e0,sha256:afd5351d9b781a1fad2db90dc7bca0052521a41efd7694c0ade20974824dcb4e,model_input,identity_model_input_v1,-0.168445281626,1.5973671427759999,0.94186709294600002,-0.37882217896800002,-0.39750401667099999,-1.3847512543060001,-0.20790879189399999,0.68530554492899998,3.7585974376719999,1.1536396547109999,1.579650504173,0.98668520025399997,0.26412671827700002,-0.48903596262900001,-1.197991492588,-0.249781977539
302,1,0.028534407524992117,0.50562118535014822,true,flipguard_tabular_validation_v2,sha256:5476d1e1799d9bf7cd21b0b910158574f2b183d7ce0f11c5aaf560cf0f1f54e0,sha256:afd5351d9b781a1fad2db90dc7bca0052521a41efd7694c0ade20974824dcb4e,model_input,identity_model_input_v1,-0.168445281626,-0.73870402344700004,0.011699068381999999,-0.381671547931,-0.39750401667099999,-0.61952997779600005,-0.480882777732,-0.59421189454699996,-0.487975475682,0.080475780427999993,-0.209356581953,-0.51093057202299996,-0.34888549929599999,-1.26322961205,-0.18820730811299999,-0.249781977539
303,1,0.062444128407689994,0.51230051935045529,true,flipguard_tabular_validation_v2,sha256:5476d1e1799d9bf7cd21b0b910158574f2b183d7ce0f11c5aaf560cf0f1f54e0,sha256:afd5351d9b781a1fad2db90dc7bca0052521a41efd7694c0ade20974824dcb4e,model_input,identity_model_input_v1,-0.168445281626,-0.68082838644599997,-1.0477019512750001,0.29362889633799999,-0.24387649282099999,0.22266891522099999,-0.57089041630500004,-0.42167228240999999,-0.48305903815599999,0.013089125296000001,0.485554805343,0.94138694541300005,-0.34888549929599999,-1.1469399435480001,0.067897376354999997,-0.249781977539
306,1,0.24861518629337512,0.54891572456757054,true,flipguard_tabular_validation_v2,sha256:5476d1e1799d9bf7cd21b0b910158574f2b183d7ce0f11c5aaf560cf0f1f54e0,sha256:afd5351d9b781a1fad2db90dc7bca0052521a41efd7694c0ade20974824dcb4e,model_input,identity_model_input_v1,-0.168445281626,-0.18099333961899999,1.6042829240830001,-0.33893101348400001,-0.293485380731,1.5745598370559999,1.238115565515,0.17858394718100001,0.94639517261999995,1.3809126592880001,0.37784590234999998,0.132489537548,-0.18579050562999999,1.0786258669040001,0.213511182667,-0.249781977539
308,1,0.12865365107482962,0.52533625148332286,true,flipguard_tabular_validation_v2,sha256:5476d1e1799d9bf7cd21b0b910158574f2b183d7ce0f11c5aaf560cf0f1f54e0,sha256:afd5351d9b781a1fad2db90dc7bca0052521a41efd7694c0ade20974824dcb4e,model_input,identity_model_input_v1,-0.168445281626,-0.26166846998400001,1.365937040917,-0.110981496431,-0.39750401667099999,1.301722012872,0.875133941104,0.93594203413800003,-0.487975475682,0.89413824985299994,-0.096451196796999997,-0.51093057202299996,-0.34888549929599999,2.3468899863699999,-0.279673266852,-0.249781977539
310,0,0.028651741734116033,0.50564429903820551,true,flipguard_tabular_validation_v2,sha256:5476d1e1799d9bf7cd21b0b910158574f2b183d7ce0f11c5aaf560cf0f1f54e0,sha256:afd5351d9b781a1fad2db90dc7bca0052521a41efd7694c0ade20974824dcb4e,model_input,identity_model_input_v1,-0.168445281626,-0.416003501986,-1.108836122607,-0.381671547931,-0.39750401667099999,0.87538444452999997,-0.017564769337000002,-0.59421189454699996,-0.487975475682,0.28556560039599999,0.84458448198900005,-0.51093057202299996,-0.34888549929599999,-1.3814467336209999,1.1179265826739999,-0.249781977539
311,0,-0.36676594454095751,0.42794445432229117,false,flipguard_tabular_validation_v2,sha256:5476d1e1799d9bf7cd21b0b910158574f2b183d7ce0f11c5aaf560cf0f1f54e0,sha256:afd5351d9b781a1fad2db90dc7bca0052521a41efd7694c0ade20974824dcb4e,model_input,identity_model_input_v1,-0.168445281626,-0.73870402344700004,-1.1661010425880001,-0.381671547931,-0.016635780459999999,1.126358803672,1.251887226062,-0.023923071274,-0.487975475682,-1.421283962523,-0.052517302155000001,-0.51093057202299996,-0.34888549929599999,1.23667701857,-1.0128643921010001,-0.249781977539
312,0,-0.29210522692507396,0.4425549663513863,false,flipguard_tabular_validation_v2,sha256:5476d1e1799d9bf7cd21b0b910158574f2b183d7ce0f11c5aaf560cf0f1f54e0,sha256:afd5351d9b781a1fad2db90dc7bca0052521a41efd7694c0ade20974824dcb4e,model_input,identity_model_input_v1,-0.049370504087,2.0603722387840002,0.92639008754600005,-0.16796887569400001,-0.39750401667099999,-0.69195270575099999,0.953829144229,-0.40169401153099998,0.58503701443599998,-1.4505825082329999,-0.84616185052899995,1.2177987453579999,4.9095220551169998,0.95783880790700004,0.43961503266800001,-0.249781977539
313,1,0.27625593364810158,0.55433808645564731,true,flipguard_tabular_validation_v2,sha256:5476d1e1799d9bf7cd21b0b910158574f2b183d7ce0f11c5aaf560cf0f1f54e0,sha256:afd5351d9b781a1fad2db90dc7bca0052521a41efd7694c0ade20974824dcb4e,model_input,identity_model_input_v1,-0.168445281626,-0.056473029707000001,1.3411738322760001,-0.381671547931,-0.39750401667099999,0.80022878344399995,-2.0218332239099999,-0.59421189454699996,-0.487975475682,0.28096154321400002,0.77844743629099999,-0.51093057202299996,-0.34888549929599999,-0.78457876655699998,0.43449293897899999,-0.249781977539
314,1,-0.082597543344210766,0.4837305379999664,false,flipguard_tabular_validation_v2,sha256:5476d1e1799d9bf7cd21b0b910158574f2b183d7ce0f11c5aaf560cf0f1f54e0,sha256:afd5351d9b781a1fad2db90dc7bca0052521a41efd7694c0ade20974824dcb4e,model_input,identity_model_input_v1,-0.168445281626,0.53280618339399999,-0.99198473183400004,-0.381671547931,-0.39750401667099999,0.776087874126,0.073918404295000004,-0.59421189454699996,-0.487975475682,-0.69593568088000002,1.479972528157,-0.000631864432,-0.34888549929599999,-1.123810506718,0.76011175208899995,-0.249781977539
315,1,0.058432539635976201,0.51151041226898852,true,flipguard_tabular_validation_v2,sha256:5476d1e1799d9bf7cd21b0b910158574f2b183d7ce0f11c5aaf560cf0f1f54e0,sha256:afd5351d9b781a1fad2db90dc7bca0052521a41efd7694c0ade20974824dcb4e,model_input,identity_model_input_v1,-0.168445281626,-0.73870402344700004,-0.87435949079099995,3.5390601453819999,-0.39750401667099999,-1.291376039018,-0.45088023154099999,-0.35810505688599997,0.11674634005499999,1.068673872153,-0.32178955963900002,-0.51093057202299996,-0.34888549929599999,-0.61496289647699998,-1.2104308629760001,-0.249781977539
317,0,-0.15755406624310275,0.46897749298730307,false,flipguard_tabular_validation_v2,sha256:5476d1e1799d9bf7cd21b0b910158574f2b183d7ce0f11c5aaf560cf0f1f54e0,sha256:afd5351d9b781a1fad2db90dc7bca0052521a41efd7694c0ade20974824dcb4e,model_input,identity_model_input_v1,-0.168445281626,-0.73695021626500001,0.11926425591500001,1.6556272607310001,-0.39750401667099999,0.018154419296,-0.52957543466500001,-0.472526062829,-0.487975475682,-0.83280174440999999,-0.76632498822200001,-0.51093057202299996,-0.34888549929599999,0.83191187405900002,0.51790989334899995,-0.249781977539
319,0,-0.059392625768861257,0.48830049074968179,false,flipguard_tabular_validation_v2,sha256:5476d1e1799d9bf7cd21b0b910158574f2b183d7ce0f11c5aaf560cf0f1f54e0,sha256:afd5351d9b781a1fad2db90dc7bca0052521a41efd7694c0ade20974824dcb4e,model_input,identity_model_input_v1,-0.168445281626,-0.45546416357800001,-0.74125724434700002,-0.381671547931,1.2747955919030001,0.53923366949200002,0.059163053708999998,-0.59421189454699996,-0.19790566163000001,-0.247667931521,0.30462274461299998,-0.51093057202299996,-0.34888549929599999,-1.3814467336209999,0.99792324480899997,-0.249781977539
320,1,0.51379254692868592,0.60067460220279556,true,flipguard_tabular_validation_v2,sha256:5476d1e1799d9bf7cd21b0b910158574f2b183d7ce0f11c5aaf560cf0f1f54e0,sha256:afd5351d9b781a1fad2db90dc7bca0052521a41efd7694c0ade20974824dcb4e,model_input,identity_model_input_v1,-0.168445281626,-0.73870402344700004,1.7559575770069999,-0.23065499288399999,-0.39750401667099999,0.10925219031,-0.44645362636500002,-0.51066639814400006,-0.081140270380000004,2.583408685347,1.4001356658499999,0.11584936229999999,1.9147605334860001,-0.042509334954999999,-1.0757929717129999,-0.249781977539
321,0,0.1924739709101124,0.53788885052971269,true,flipguard_tabular_validation_v2,sha256:5476d1e1799d9bf7cd21b0b910158574f2b183d7ce0f11c5aaf560cf0f1f54e0,sha256:afd5351d9b781a1fad2db90dc7bca0052521a41efd7694c0ade20974824dcb4e,model_input,identity_model_input_v1,-0.112410092196,-0.37391212962199999,-1.1661010425880001,-0.381671547931,0.096984575719999994,2.1648733932219999,1.2081130193239999,-0.11291718700800001,-0.487975475682,1.1134587920229999,1.4034425181350001,2.2263782561940002,-0.34888549929599999,1.196842988475,0.190095897229,-0.249781977539
325,1,-0.041127646632518763,0.49189813188030646,false,flipguard_tabular_validation_v2,sha256:5476d1e1799d9bf7cd21b0b910158574f2b183d7ce0f11c5aaf560cf0f1f54e0,sha256:afd5351d9b781a1fad2db90dc7bca0052521a41efd7694c0ade20974824dcb4e,model_input,identity_model_input_v1,-0.168445281626,-0.23536136225599999,0.56809741252599999,-0.381671547931,-0.39750401667099999,1.163708889787,0.87956054628000002,-0.55607155923200002,-0.487975475682,0.00388101093,0.34808423178600001,-0.51093057202299996,-0.34888549929599999,1.2867907983669999,0.77328285014700004,-0.249781977539
326,0,-0.30497953024344304,0.44003250019318602,false,flipguard_tabular_validation_v2,sha256:5476d1e1799d9bf7cd21b0b910158574f2b183d7ce0f11c5aaf560cf0f1f54e0,sha256:afd5351d9b781a1fad2db90dc7bca0052521a41efd7694c0ade20974824dcb4e,model_input,identity_model_input_v1,-0.168445281626,-0.73870402344700004,-1.1661010425880001,-0.381671547931,0.16419661740499999,0.82710262589299999,1.115646155653,1.0984925108350001,-0.487975475682,-1.327947166905,0.36461849321000001,-0.51093057202299996,-0.34888549929599999,1.5906858989279999,-0.93603298676000002,-0.249781977539
328,1,0.13380816185495265,0.52635062474602534,true,flipguard_tabular_validation_v2,sha256:5476d1e1799d9bf7cd21b0b910158574f2b183d7ce0f11c5aaf560cf0f1f54e0,sha256:afd5351d9b781a1fad2db90dc7bca0052521a41efd7694c0ade20974824dcb4e,model_input,identity_model_input_v1,-0.168445281626,-0.47475604257800003,-1.076334411266,2.5588772220539999,-0.39750401667099999,0.20444936101799999,-0.55761060077799995,0.48189042325199999,0.078643949226000001,0.96487331021,0.92205930694899996,-0.51093057202299996,-0.34888549929599999,-0.47168888500700001,-0.55626632607799997,-0.249781977539
331,1,0.018493838619402809,0.50364326090681866,true,flipguard_tabular_validation_v2,sha256:5476d1e1799d9bf7cd21b0b910158574f2b183d7ce0f11c5aaf560cf0f1f54e0,sha256:afd5351d9b781a1fad2db90dc7bca0052521a41efd7694c0ade20974824dcb4e,model_input,identity_model_input_v1,-0.168445281626,-0.147671003163,-0.046339701869000001,-0.381671547931,-0.39750401667099999,0.96739319325399997,1.5450268576999999,-0.59421189454699996,-0.487975475682,0.85646869108400003,0.59798778303,-0.51093057202299996,-0.34888549929599999,0.85182888910700005,0.90353037539100001,-0.249781977539
332,0,-0.054713867560853252,0.48922202325784603,false,flipguard_tabular_validation_v2,sha256:5476d1e1799d9bf7cd21b0b910158574f2b183d7ce0f11c5aaf560cf0f1f54e0,sha256:afd5351d9b781a1fad2db90dc7bca0052521a41efd7694c0ade20974824dcb4e,model_input,identity_model_input_v1,-0.168445281626,-0.73870402344700004,0.35219318719100001,-0.381671547931,-0.39750401667099999,-1.7072373636930001,-0.23938687314400001,-0.59421189454699996,-0.487975475682,-0.0032343501710000002,-1.8613655019899999,-0.51093057202299996,-0.34888549929599999,-0.018737413769,-1.2104308629760001,-0.249781977539
333,1,-0.15285923511544725,0.46990101748464341,false,flipguard_tabular_validation_v2,sha256:5476d1e1799d9bf7cd21b0b910158574f2b183d7ce0f11c5aaf560cf0f1f54e0,sha256:afd5351d9b781a1fad2db90dc7bca0052521a41efd7694c0ade20974824dcb4e,model_input,identity_model_input_v1,-0.168445281626,-0.57384614835299996,-0.68631387517599995,0.0086920000220000009,-0.39750401667099999,-0.082964106528000001,-0.15478952978499999,-0.32359713445900001,-0.487975475682,-0.69593568088000002,-0.48477013653700002,-0.38150698676400002,-0.34888549929599999,-0.041866850598000001,-1.2104308629760001,-0.249781977539
334,1,0.27006428772537605,0.55312387642960514,true,flipguard_tabular_validation_v2,sha256:5476d1e1799d9bf7cd21b0b910158574f2b183d7ce0f11c5aaf560cf0f1f54e0,sha256:afd5351d9b781a1fad2db90dc7bca0052521a41efd7694c0ade20974824dcb4e,model_input,identity_model_input_v1,-0.168445281626,0.28990388870799999,-0.92620745888199996,-0.381671547931,-0.39750401667099999,0.63306437363500001,-1.3086579455959999,1.473539141427,0.28882165347599997,0.85437593781900001,0.39626979365100001,-0.51093057202299996,-0.34888549929599999,-1.230462909875,0.22082845936600001,-0.249781977539
337,1,0.24248492502409313,0.5477124988046187,true,flipguard_tabular_validation_v2,sha256:5476d1e1799d9bf7cd21b0b910158574f2b183d7ce0f11c5aaf560cf0f1f54e0,sha256:afd5351d9b781a1fad2db90dc7bca0052521a41efd7694c0ade20974824dcb4e,model_input,identity_model_input_v1,0.41291980871200001,1.547383638094,-1.1661010425880001,-0.381671547931,2.5518243839050001,-1.13605433944,-1.358826137588,1.1747731814639999,0.099538808711999993,0.32867631765499999,-0.12526805242299999,1.9813978983830001,-0.34888549929599999,-1.1546497558240001,-0.493337746465,-0.249781977539
339,0,-0.26196542362247771,0.44846472198060017,false,flipguard_tabular_validation_v2,sha256:5476d1e1799d9bf7cd21b0b910158574f2b183d7ce0f11c5aaf560cf0f1f54e0,sha256:afd5351d9b781a1fad2db90dc7bca0052521a41efd7694c0ade20974824dcb4e,model_input,identity_model_input_v1,-0.168445281626,-0.017012368116000001,-0.612798099524,-0.381671547931,-0.39750401667099999,-1.085495076528,-0.36136443798700002,-0.59421189454699996,-0.487975475682,-1.5162949607530001,-0.61184774577099998,-0.51093057202299996,-0.34888549929599999,-0.140166957122,-0.53358276830999996,-0.249781977539
349,1,0.093985487625408176,0.51851182026474396,true,flipguard_tabular_validation_v2,sha256:5476d1e1799d9bf7cd21b0b910158574f2b183d7ce0f11c5aaf560cf0f1f54e0,sha256:afd5351d9b781a1fad2db90dc7bca0052521a41efd7694c0ade20974824dcb4e,model_input,identity_model_input_v1,-0.168445281626,1.152777022178,-0.0068733380980000001,-0.381671547931,-0.39750401667099999,0.39074430273999999,-0.76812026913599996,-0.57968224299799997,-0.487975475682,0.117726788545,-0.16778472465700001,-0.01727203968,-0.34888549929599999,-0.55778178875999995,0.74474547101999999,-0.012692332924
353,0,-0.092487676138640923,0.48178309234800387,false,flipguard_tabular_validation_v2,sha256:5476d1e1799d9bf7cd21b0b910158574f2b183d7ce0f11c5aaf560cf0f1f54e0,sha256:afd5351d9b781a1fad2db90dc7bca0052521a41efd7694c0ade20974824dcb4e,model_input,identity_model_input_v1,-0.168445281626,-0.41863421275899998,0.29492826720900001,-0.381671547931,-0.39750401667099999,1.7312480031990001,-1.039618719915,-0.59421189454699996,-0.487975475682,-1.2028005216590001,-0.19187750559,-0.51093057202299996,-0.34888549929599999,0.36482574698100001,0.96206858898299996,-0.249781977539
356,1,0.16981808591428632,0.53343457394543425,true,flipguard_tabular_validation_v2,sha256:5476d1e1799d9bf7cd21b0b910158574f2b183d7ce0f11c5aaf560cf0f1f54e0,sha256:afd5351d9b781a1fad2db90dc7bca0052521a41efd7694c0ade20974824dcb4e,model_input,identity_model_input_v1,-0.168445281626,-0.21168496530100001,0.486069283904,-0.381671547931,-0.39750401667099999,0.15070167612099999,-1.2516039233309999,0.85875326028700005,-0.487975475682,0.14325837837800001,-1.254321903978,0.60950789464300004,-0.34888549929599999,-0.253244203843,0.201071812278,-0.249781977539
357,1,0.29243546201804088,0.55750975144996806,true,flipguard_tabular_validation_v2,sha256:5476d1e1799d9bf7cd21b0b910158574f2b183d7ce0f11c5aaf560cf0f1f54e0,sha256:afd5351d9b781a1fad2db90dc7bca0052521a41efd7694c0ade20974824dcb4e,model_input,identity_model_input_v1,-0.168445281626,0.040863268884999998,1.321053725256,0.17395539988600001,-0.39750401667099999,-0.19911376456999999,-2.4640018964650001,-0.59421189454699996,-0.45601863176099999,0.15121084078499999,-0.114402680629,0.61967689062800002,-0.34888549929599999,-0.36053909135599999,-0.0096657566560000002,-0.249781977539
360,0,-0.15821042654580628,0.46884838633952652,false,flipguard_tabular_validation_v2,sha256:5476d1e1799d9bf7cd21b0b910158574f2b183d7ce0f11c5aaf560cf0f1f54e0,sha256:afd5351d9b781a1fad2db90dc7bca0052521a41efd7694c0ade20974824dcb4e,model_input,identity_model_input_v1,-0.168445281626,-0.043319475842999999,-1.0941329674760001,-0.381671547931,-0.39750401667099999,-0.89054584656000002,-2.2180793867020001,-0.59421189454699996,-0.487975475682,-1.5903784263330001,-1.2401496799,-0.51093057202299996,-0.34888549929599999,-1.3814467336209999,-0.46041000131999998,-0.249781977539
362,0,-0.0085662971844408069,0.4983124419690943,false,flipguard_tabular_validation_v2,sha256:5476d1e1799d9bf7cd21b0b910158574f2b183d7ce0f11c5aaf560cf0f1f54e0,sha256:afd5351d9b781a1fad2db90dc7bca0052521a41efd7694c0ade20974824dcb4e,model_input,identity_model_input_v1,-0.168445281626,0.99931889376600003,-0.58184408872299997,-0.381671547931,-0.39750401667099999,0.27140622271300002,-0.67712894052299999,-0.59421189454699996,-0.487975475682,-0.30500937098100001,0.20258273125099999,-0.51093057202299996,-0.34888549929599999,-1.1077483978089999,0.96353204432299999,-0.249781977539
364,1,0.017565183649049923,0.50346031950091952,true,flipguard_tabular_validation_v2,sha256:5476d1e1799d9bf7cd21b0b910158574f2b183d7ce0f11c5aaf560cf0f1f54e0,sha256:afd5351d9b781a1fad2db90dc7bca0052521a41efd7694c0ade20974824dcb4e,model_input,identity_model_input_v1,-0.168445281626,-0.73870402344700004,-0.690183126526,0.82931026141300002,-0.39750401667099999,-0.26515964855500002,0.012437776854,1.7160027016399999,1.945661099844,0.049503032107000002,-0.060075821662999997,-0.35007554463000001,1.138653322246,0.51837950815300005,-1.1870155775390001,-0.249781977539
365,1,0.18891580647867179,0.53718944487394527,true,flipguard_tabular_validation_v2,sha256:5476d1e1799d9bf7cd21b0b910158574f2b183d7ce0f11c5aaf560cf0f1f54e0,sha256:afd5351d9b781a1fad2db90dc7bca0052521a41efd7694c0ade20974824dcb4e,model_input,identity_model_input_v1,-0.168445281626,0.883567619764,1.005322815088,-0.381671547931,-0.39750401667099999,0.086933236410999995,-0.70811517675299995,-0.013025832613000001,-0.487975475682,0.33621022940900003,-1.5018634178750001,1.140144594203,-0.34888549929599999,-0.48004118163999998,1.8694108996700001,1.0321094908040001
367,0,-0.15514155068446553,0.46945205086150205,false,flipguard_tabular_validation_v2,sha256:5476d1e1799d9bf7cd21b0b910158574f2b183d7ce0f11c5aaf560cf0f1f54e0,sha256:afd5351d9b781a1fad2db90dc7bca0052521a41efd7694c0ade20974824dcb4e,model_input,identity_model_input_v1,-0.168445281626,-0.73870402344700004,-0.72113713732700002,-0.381671547931,-0.39750401667099999,-1.716802629649,0.56182866366600004,-0.59421189454699996,-0.487975475682,0.040294917740999997,-1.9171095833639999,-0.51093057202299996,-0.34888549929599999,0.137386284828,-1.2104308629760001,-0.249781977539
368,0,-0.14303356294135369,0.47183409316642955,false,flipguard_tabular_validation_v2,sha256:5476d1e1799d9bf7cd21b0b910158574f2b183d7ce0f11c5aaf560cf0f1f54e0,sha256:afd5351d9b781a1fad2db90dc7bca0052521a41efd7694c0ade20974824dcb4e,model_input,identity_model_input_v1,-0.168445281626,0.63365009635000002,-0.58648719034300001,-0.381671547931,0.13379116997599999,-0.71518263735999998,-0.460717131931,-0.59421189454699996,-0.487975475682,-1.0743054711890001,0.38351479198100002,-0.51093057202299996,-0.34888549929599999,-1.197053723344,0.84938252781699997,-0.249781977539
371,1,0.12576216752657493,0.5247671907232041,true,flipguard_tabular_validation_v2,sha256:5476d1e1799d9bf7cd21b0b910158574f2b183d7ce0f11c5aaf560cf0f1f54e0,sha256:afd5351d9b781a1fad2db90dc7bca0052521a41efd7694c0ade20974824dcb4e,model_input,identity_model_input_v1,-0.168445281626,-0.73870402344700004,-0.35433210933699999,-0.381671547931,-0.39750401667099999,0.69911025762000001,1.159420362391,-0.59421189454699996,0.14870318397599999,0.85939854565499996,1.1048809975560001,1.0005520129600001,-0.34888549929599999,-0.38174107511599997,-0.0074705736460000003,-0.249781977539
373,1,0.38889910802331251,0.57637785196197777,true,flipguard_tabular_validation_v2,sha256:5476d1e1799d9bf7cd21b0b910158574f2b183d7ce0f11c5aaf560cf0f1f54e0,sha256:afd5351d9b781a1fad2db90dc7bca0052521a41efd7694c0ade20974824dcb4e,model_input,identity_model_input_v1,-0.168445281626,-0.31954410698500002,1.7814946359170001,-0.381671547931,-0.39750401667099999,0.76424516389399999,-0.60679510273100001,-0.59421189454699996,-0.487975475682,1.4043514958559999,2.3775467197700002,-0.51093057202299996,-0.34888549929599999,-0.710693065575,-0.88627550520700005,-0.249781977539
375,0,-0.098457599089714368,0.48060767073134025,false,flipguard_tabular_validation_v2,sha256:5476d1e1799d9bf7cd21b0b910158574f2b183d7ce0f11c5aaf560cf0f1f54e0,sha256:afd5351d9b781a1fad2db90dc7bca0052521a41efd7694c0ade20974824dcb4e,model_input,identity_model_input_v1,-0.168445281626,0.799384875035,0.32820382881999999,-0.222106885994,-0.39750401667099999,-1.048144990413,0.32967781444900002,1.0031416725490001,-0.487975475682,-0.013279565843,0.462879246819,-0.51093057202299996,5.9358957221540001,1.0792683512600001,-0.83066420229299998,-0.249781977539
379,1,0.042806525573592567,0.50843257178352219,true,flipguard_tabular_validation_v2,sha256:5476d1e1799d9bf7cd21b0b910158574f2b183d7ce0f11c5aaf560cf0f1f54e0,sha256:afd5351d9b781a1fad2db90dc7bca0052521a41efd7694c0ade20974824dcb4e,model_input,identity_model_input_v1,-0.168445281626,-0.73870402344700004,-1.003592485884,2.7896761080700001,0.73549897172099998,-0.46147534508799998,-0.45137207656,0.0024119221570000002,1.100033845317,0.32490936177800001,0.67451779305100001,-0.071814836324,-0.34888549929599999,-0.33419723274500002,-0.99676638336300005,-0.249781977539
381,1,0.069128052450918687,0.51361690496735279,true,flipguard_tabular_validation_v2,sha256:5476d1e1799d9bf7cd21b0b910158574f2b183d7ce0f11c5aaf560cf0f1f54e0,sha256:afd5351d9b781a1fad2db90dc7bca0052521a41efd7694c0ade20974824dcb4e,model_input,identity_model_input_v1,-0.168445281626,-0.027535211207000001,-0.820189971889,-0.381671547931,-0.39750401667099999,0.045028261744999999,-0.32201683642500001,0.086865521781999994,-0.487975475682,0.2650566184,0.86962207786000001,-0.49244148841500002,-0.34888549929599999,-1.3814467336209999,0.24570720014299999,-0.249781977539
382,1,0.14520446879651577,0.52859303419265702,true,flipguard_tabular_validation_v2,sha256:5476d1e1799d9bf7cd21b0b910158574f2b183d7ce0f11c5aaf560cf0f1f54e0,sha256:afd5351d9b781a1fad2db90dc7bca0052521a41efd7694c0ade20974824dcb4e,model_input,identity_model_input_v1,-0.168445281626,1.7762554753249999,-1.1661010425880001,-0.381671547931,-0.39750401667099999,-0.24557362778700001,-1.7242669870959999,-0.59421189454699996,-0.487975475682,0.0034624602769999999,2.0170998207170001,-0.51093057202299996,-0.34888549929599999,-1.3814467336209999,-1.2104308629760001,-0.249781977539
383,0,-0.11340456360536132,0.47766513477041961,false,flipguard_tabular_validation_v2,sha256:5476d1e1799d9bf7cd21b0b910158574f2b183d7ce0f11c5aaf560cf0f1f54e0,sha256:afd5351d9b781a1fad2db90dc7bca0052521a41efd7694c0ade20974824dcb4e,model_input,identity_model_input_v1,-0.168445281626,-0.73870402344700004,-0.50987601361099999,-0.381671547931,-0.39750401667099999,1.2324877069019999,2.4751057896259998,-0.59421189454699996,-0.487975475682,0.65598292829799998,0.50870277133800001,-0.51093057202299996,-0.34888549929599999,0.68157053466999995,0.10594721519,-0.249781977539
384,0,-0.27159584054833169,0.44657575572087777,false,flipguard_tabular_validation_v2,sha256:5476d1e1799d9bf7cd21b0b910158574f2b183d7ce0f11c5aaf560cf0f1f54e0,sha256:afd5351d9b781a1fad2db90dc7bca0052521a41efd7694c0ade20974824dcb4e,model_input,identity_model_input_v1,-0.168445281626,1.2930815967260001,-1.090263716126,-0.381671547931,0.36423245575099999,1.143667380164,0.13048058154,-0.59421189454699996,-0.487975475682,-1.4200283105639999,-0.55137958970400003,-0.42495633324400001,-0.34888549929599999,-0.64194723944400001,1.9001434618069999,0.224397311691
385,1,0.22214754510442949,0.54371921487621055,true,flipguard_tabular_validation_v2,sha256:5476d1e1799d9bf7cd21b0b910158574f2b183d7ce0f11c5aaf560cf0f1f54e0,sha256:afd5351d9b781a1fad2db90dc7bca0052521a41efd7694c0ade20974824dcb4e,model_input,identity_model_input_v1,-0.168445281626,0.56437471266700001,1.1244957566710001,-0.381671547931,-0.39750401667099999,-0.47104061104400002,0.410340397651,-0.59421189454699996,-0.487975475682,1.4700639483760001,-0.075192860680000001,-0.51093057202299996,-0.34888549929599999,-0.48903596262900001,0.89914000937100003,-0.249781977539
388,0,-0.1587323637037438,0.4687457220095958,false,flipguard_tabular_validation_v2,sha256:5476d1e1799d9bf7cd21b0b910158574f2b183d7ce0f11c5aaf560cf0f1f54e0,sha256:afd5351d9b781a1fad2db90dc7bca0052521a41efd7694c0ade20974824dcb4e,model_input,identity_model_input_v1,-0.168445281626,-0.73870402344700004,-0.77066355460799996,1.800945077852,-0.39750401667099999,-1.7728277588229999,0.13835010185300001,-0.42076417918800002,-0.487975475682,0.095125053283,-1.8330210538330001,-0.51093057202299996,-0.34888549929599999,0.29800737391900001,-1.2104308629760001,-0.249781977539
389,0,-0.059477835636151638,0.48828370801792015,false,flipguard_tabular_validation_v2,sha256:5476d1e1799d9bf7cd21b0b910158574f2b183d7ce0f11c5aaf560cf0f1f54e0,sha256:afd5351d9b781a1fad2db90dc7bca0052521a41efd7694c0ade20974824dcb4e,model_input,identity_model_input_v1,-0.168445281626,0.18555236138799999,-1.1661010425880001,-0.381671547931,0.0057682334349999998,1.1878497991050001,-0.46120897695099999,-0.59421189454699996,-0.487975475682,-0.57916004869399995,1.0321302472889999,-0.51093057202299996,-0.34888549929599999,-1.3814467336209999,1.289150857433,-0.249781977539
391,0,-0.036012926615133049,0.49290564028192574,false,flipguard_tabular_validation_v2,sha256:5476d1e1799d9bf7cd21b0b910158574f2b183d7ce0f11c5aaf560cf0f1f54e0,sha256:afd5351d9b781a1fad2db90dc7bca0052521a41efd7694c0ade20974824dcb4e,model_input,identity_model_input_v1,-0.168445281626,-0.50807837903300002,-0.94323216482200001,-0.381671547931,-0.39750401667099999,0.28097148866900001,-0.384972998924,-0.59421189454699996,-0.487975475682,-0.10536070950199999,-0.28163492475099999,-0.51093057202299996,-0.34888549929599999,-1.3814467336209999,0.62840077150499996,-0.249781977539
392,1,0.058241220096472555,0.51147273013287786,true,flipguard_tabular_validation_v2,sha256:5476d1e1799d9bf7cd21b0b910158574f2b183d7ce0f11c5aaf560cf0f1f54e0,sha256:afd5351d9b781a1fad2db90dc7bca0052521a41efd7694c0ade20974824dcb4e,model_input,identity_model_input_v1,-0.168445281626,-0.606291581217,0.36147939043100002,-0.381671547931,-0.39750401667099999,0.36068203830599999,1.685694533285,1.97753642951,-0.487975475682,1.1448500909979999,-1.037486875583,-0.51093057202299996,-0.34888549929599999,2.0622694165,-0.19332940180300001,-0.249781977539
395,1,-0.06896591673003058,0.48641502649390028,false,flipguard_tabular_validation_v2,sha256:5476d1e1799d9bf7cd21b0b910158574f2b183d7ce0f11c5aaf560cf0f1f54e0,sha256:afd5351d9b781a1fad2db90dc7bca0052521a41efd7694c0ade20974824dcb4e,model_input,identity_model_input_v1,-0.168445281626,-0.15556313548199999,0.36070554016099998,-0.381671547931,-0.39750401667099999,-0.469218655624,-1.301772115323,-0.59421189454699996,-0.487975475682,-0.90562955803099998,-1.1853504134640001,-0.51093057202299996,-0.34888549929599999,0.230546516501,0.032774448199000002,-0.249781977539
397,1,0.36640744261090491,0.57198549892837547,true,flipguard_tabular_validation_v2,sha256:5476d1e1799d9bf7cd21b0b910158574f2b183d7ce0f11c5aaf560cf0f1f54e0,sha256:afd5351d9b781a1fad2db90dc7bca0052521a41efd7694c0ade20974824dcb4e,model_input,identity_model_input_v1,-0.168445281626,-0.26780679512,1.223548591233,-0.381671547931,-0.39750401667099999,0.34337346181299999,-2.3193994607240001,-0.59421189454699996,-0.487975475682,0.86023564696099997,0.32021219109900001,-0.51093057202299996,-0.34888549929599999,-1.0627744928639999,0.286683949657,-0.249781977539
398,0,-0.022041637924624293,0.49565784016314007,false,flipguard_tabular_validation_v2,sha256:5476d1e1799d9bf7cd21b0b910158574f2b183d7ce0f11c5aaf560cf0f1f54e0,sha256:afd5351d9b781a1fad2db90dc7bca0052521a41efd7694c0ade20974824dcb4e,model_input,identity_model_input_v1,-0.168445281626,-0.73870402344700004,-1.1661010425880001,-0.381671547931,-0.39750401667099999,0.25910802362599999,-0.386448533983,1.1793136975730001,1.457704675357,-0.46615137238499998,-0.19234991305900001,-0.51093057202299996,-0.31232972485400001,-0.22047750166800001,-0.76041834598199998,-0.249781977539
399,0,0.0063936762438546336,0.5012595531745685,true,flipguard_tabular_validation_v2,sha256:5476d1e1799d9bf7cd21b0b910158574f2b183d7ce0f11c5aaf560cf0f1f54e0,sha256:afd5351d9b781a1fad2db90dc7bca0052521a41efd7694c0ade20974824dcb4e,model_input,identity_model_input_v1,-0.168445281626,-0.68872051876399998,-0.541603874682,-0.381671547931,1.0363528725940001,1.283502458669,0.84660692997200004,-0.59421189454699996,0.228595293778,0.23617662334299999,1.268333981924,-0.51093057202299996,-0.34888549929599999,-1.3814467336209999,1.8818502700590001,-0.249781977539
402,1,0.16568160543738827,0.53262108416952225,true,flipguard_tabular_validation_v2,sha256:5476d1e1799d9bf7cd21b0b910158574f2b183d7ce0f11c5aaf560cf0f1f54e0,sha256:afd5351d9b781a1fad2db90dc7bca0052521a41efd7694c0ade20974824dcb4e,model_input,identity_model_input_v1,-0.168445281626,1.1098087462220001,0.30730987153,-0.381671547931,-0.39750401667099999,-1.283177239627,-0.57285779638300005,-0.20009509629800001,0.48670826390999999,0.38476210515699999,0.80017817987700002,-0.31587073995499998,-0.34888549929599999,0.54536385111999997,-0.29064918190099998,-0.249781977539
404,0,0.21398919472347588,0.5421166759222863,true,flipguard_tabular_validation_v2,sha256:5476d1e1799d9bf7cd21b0b910158574f2b183d7ce0f11c5aaf560cf0f1f54e0,sha256:afd5351d9b781a1fad2db90dc7bca0052521a41efd7694c0ade20974824dcb4e,model_input,identity_model_input_v1,-0.168445281626,-0.47212533180600003,-0.55862858062200005,-0.381671547931,0.072980275119000002,1.006565234789,-0.46219266699,-0.59421189454699996,0.34536068502799999,0.42326876523200002,0.76144076739699995,1.314866434302,-0.34888549929599999,-1.1315203189950001,-1.1094524445289999,5.548868144149
407,1,0.019500409714336149,0.50384155105235462,true,flipguard_tabular_validation_v2,sha256:5476d1e1799d9bf7cd21b0b910158574f2b183d7ce0f11c5aaf560cf0f1f54e0,sha256:afd5351d9b781a1fad2db90dc7bca0052521a41efd7694c0ade20974824dcb4e,model_input,identity_model_input_v1,-0.168445281626,-0.73870402344700004,0.80799099623299997,-0.381671547931,-0.39750401667099999,-0.38404223972700002,0.78758552762900003,-0.54154190768400001,-0.458476850524,0.55846062615000003,-0.30667252062200001,-0.51093057202299996,-0.28139791571,1.029154571464,-1.070670878024,-0.249781977539
408,1,0.16868494324927202,0.5332117343629611,true,flipguard_tabular_validation_v2,sha256:5476d1e1799d9bf7cd21b0b910158574f2b183d7ce0f11c5aaf560cf0f1f54e0,sha256:afd5351d9b781a1fad2db90dc7bca0052521a41efd7694c0ade20974824dcb4e,model_input,identity_model_input_v1,-0.168445281626,-0.30551364952999999,1.948646294242,-0.29334111007300001,-0.39750401667099999,-0.23509738412,0.36164774071799999,2.4315880403949999,0.244573715739,0.90167216160700003,-0.31895511482299999,-0.51093057202299996,3.1885886736720002,1.1814233639230001,-1.0479873202559999,-0.249781977539
409,1,0.43130433213146629,0.58464602259027276,true,flipguard_tabular_validation_v2,sha256:5476d1e1799d9bf7cd21b0b910158574f2b183d7ce0f11c5aaf560cf0f1f54e0,sha256:afd5351d9b781a1fad2db90dc7bca0052521a41efd7694c0ade20974824dcb4e,model_input,identity_model_input_v1,-0.168445281626,1.7595943070969999,-1.1661010425880001,-0.381671547931,0.87792448862399997,1.658369786388,1.716188924496,1.585235837705,0.39083773214700002,2.6662817146400002,1.258413425069,2.1579686468429999,-0.34888549929599999,-1.0248679158380001,-0.80578546151700003,-0.249781977539
410,1,0.22673999599080552,0.54462115146707002,true,flipguard_tabular_validation_v2,sha256:5476d1e1799d9bf7cd21b0b910158574f2b183d7ce0f11c5aaf560cf0f1f54e0,sha256:afd5351d9b781a1fad2db90dc7bca0052521a41efd7694c0ade20974824dcb4e,model_input,identity_model_input_v1,-0.168445281626,-0.58524589503500002,-0.86507328755000001,-0.381671547931,1.2155849837520001,2.0532786237309999,1.3118923184439999,3.204383882123,3.5348995302250001,0.28933255627299997,-0.16117102008699999,3.3810215275359998,0.219134995887,1.1056102098709999,0.54717900014499998,-0.249781977539
411,1,0.20694565345948387,0.54073284269652133,true,flipguard_tabular_validation_v2,sha256:5476d1e1799d9bf7cd21b0b910158574f2b183d7ce0f11c5aaf560cf0f1f54e0,sha256:afd5351d9b781a1fad2db90dc7bca0052521a41efd7694c0ade20974824dcb4e,model_input,identity_model_input_v1,-0.168445281626,1.318511800862,0.65863789411899998,-0.381671547931,-0.39750401667099999,1.036172010369,0.20966762968399999,0.034195534919000001,-0.487975475682,0.94729418278400002,1.215896752835,-0.252083401506,-0.34888549929599999,0.53958149191299998,-0.232842695978,-0.249781977539
412,0,-0.25875696968276757,0.44909417743940694,false,flipguard_tabular_validation_v2,sha256:5476d1e1799d9bf7cd21b0b910158574f2b183d7ce0f11c5aaf560cf0f1f54e0,sha256:afd5351d9b781a1fad2db90dc7bca0052521a41efd7694c0ade20974824dcb4e,model_input,identity_model_input_v1,-0.168445281626,1.0773633133580001,-0.266113178555,-0.381671547931,-0.39750401667099999,1.174640622309,1.657167522153,-0.59421189454699996,-0.487975475682,-1.0244979434820001,1.349588066638,-0.51093057202299996,-0.34888549929599999,2.366807001418,0.63718150354400005,-0.249781977539
413,1,0.16521410034466216,0.53252913923051548,true,flipguard_tabular_validation_v2,sha256:5476d1e1799d9bf7cd21b0b910158574f2b183d7ce0f11c5aaf560cf0f1f54e0,sha256:afd5351d9b781a1fad2db90dc7bca0052521a41efd7694c0ade20974824dcb4e,model_input,identity_model_input_v1,-0.168445281626,-0.47650984975999999,0.98907195941699999,-0.381671547931,-0.39750401667099999,0.00039035394900000002,-0.25119115361299998,-0.59421189454699996,-0.487975475682,0.78531508007399997,0.24793384830099999,-0.51093057202299996,-0.34888549929599999,-0.139524472766,-0.94408199112900004,-0.249781977539
414,1,-0.10356844590744374,0.47960145983206948,false,flipguard_tabular_validation_v2,sha256:5476d1e1799d9bf7cd21b0b910158574f2b183d7ce0f11c5aaf560cf0f1f54e0,sha256:afd5351d9b781a1fad2db90dc7bca0052521a41efd7694c0ade20974824dcb4e,model_input,identity_model_input_v1,-0.168445281626,-0.47914056053300003,-0.21426521046399999,-0.381671547931,-0.39750401667099999,0.021342841282000001,-0.42579613554500001,-0.59421189454699996,-0.487975475682,-0.65617336884499999,-0.63924737898799999,-0.51093057202299996,-0.34888549929599999,-0.088125724256999993,0.31229441810399999,-0.249781977539
415,0,-0.1098847035692508,0.47835802067335681,false,flipguard_tabular_validation_v2,sha256:5476d1e1799d9bf7cd21b0b910158574f2b183d7ce0f11c5aaf560cf0f1f54e0,sha256:afd5351d9b781a1fad2db90dc7bca0052521a41efd7694c0ade20974824dcb4e,model_input,identity_model_input_v1,-0.168445281626,-0.40986517685000001,0.141705913745,2.8238685356280002,-0.39750401667099999,1.130002714512,0.044899548142999998,0.26303754680500002,-0.26673578699799999,-0.23929691846100001,-0.155502130456,-0.51093057202299996,0.31193042331699999,2.504941138036,0.076678108393999994,-0.249781977539
418,1,-0.085254041561585558,0.48320743240366448,false,flipguard_tabular_validation_v2,sha256:5476d1e1799d9bf7cd21b0b910158574f2b183d7ce0f11c5aaf560cf0f1f54e0,sha256:afd5351d9b781a1fad2db90dc7bca0052521a41efd7694c0ade20974824dcb4e,model_input,identity_model_input_v1,-0.168445281626,-0.73870402344700004,-0.70875553300600003,-0.18506508947299999,-0.39750401667099999,0.087388725266,0.57560032421200003,-0.55062293990199995,-0.487975475682,0.28556560039599999,-0.96379131037700005,-0.51093057202299996,-0.34888549929599999,0.381530340247,-1.2104308629760001,-0.249781977539
423,0,0.074072610104401401,0.51459067851852869,true,flipguard_tabular_validation_v2,sha256:5476d1e1799d9bf7cd21b0b910158574f2b183d7ce0f11c5aaf560cf0f1f54e0,sha256:afd5351d9b781a1fad2db90dc7bca0052521a41efd7694c0ade20974824dcb4e,model_input,identity_model_input_v1,-0.168445281626,-0.49404792157900002,1.330339928496,-0.381671547931,-0.39750401667099999,-1.3369249245249999,0.62429298114599996,-0.59421189454699996,-0.487975475682,0.63254409173000004,0.13786290796100001,-0.51093057202299996,-0.34888549929599999,-0.051504115943999999,-1.037743132878,-0.249781977539
426,1,0.010069745533916107,0.50198373578590183,true,flipguard_tabular_validation_v2,sha256:5476d1e1799d9bf7cd21b0b910158574f2b183d7ce0f11c5aaf560cf0f1f54e0,sha256:afd5351d9b781a1fad2db90dc7bca0052521a41efd7694c0ade20974824dcb4e,model_input,identity_model_input_v1,-0.168445281626,0.18467545779700001,0.508510941735,-0.381671547931,-0.39750401667099999,-1.769639336837,-1.2884922997949999,-0.59421189454699996,0.325694934923,-0.53856063535300003,-0.13424379433899999,-0.51093057202299996,1.1695851313900001,-1.220183160173,-0.55187596005799999,-0.249781977539
428,0,-0.25253660351829088,0.45031471092789327,false,flipguard_tabular_validation_v2,sha256:5476d1e1799d9bf7cd21b0b910158574f2b183d7ce0f11c5aaf560cf0f1f54e0,sha256:afd5351d9b781a1fad2db90dc7bca0052521a41efd7694c0ade20974824dcb4e,model_input,identity_model_input_v1,-0.168445281626,-0.73870402344700004,-1.1661010425880001,-0.381671547931,2.913489179635,0.025442240977,0.59576597001300002,0.805175170203,-0.487975475682,-1.1140677832229999,0.112825312089,-0.51093057202299996,-0.34888549929599999,1.221899878374,-1.2104308629760001,-0.249781977539
429,1,0.1323553161296073,0.52606472291303508,true,flipguard_tabular_validation_v2,sha256:5476d1e1799d9bf7cd21b0b910158574f2b183d7ce0f11c5aaf560cf0f1f54e0,sha256:afd5351d9b781a1fad2db90dc7bca0052521a41efd7694c0ade20974824dcb4e,model_input,identity_model_input_v1,-0.168445281626,0.76430873139800004,0.391659550962,-0.381671547931,0.044175114396999997,1.4843730437530001,0.61691530585300003,0.24305927592599999,0.87633593786999997,0.38936616233999999,-0.48240809919099997,0.98298738353199999,-0.34888549929599999,1.6350173195169999,2.4606468569570001,-0.15735720082499999
430,1,0.72434628031273152,0.64117602434171295,true,flipguard_tabular_validation_v2,sha256:5476d1e1799d9bf7cd21b0b910158574f2b183d7ce0f11c5aaf560cf0f1f54e0,sha256:afd5351d9b781a1fad2db90dc7bca0052521a41efd7694c0ade20974824dcb4e,model_input,identity_model_input_v1,-0.168445281626,0.83972244021800002,2.3982533011229998,1.8636311950419999,1.8556996664600001,0.55517577941899998,-1.5221186840709999,-0.13380356110899999,2.619213040949,1.975254586543,0.305095152082,3.5927215348520001,-0.34888549929599999,0.31663942025399999,0.96645895500300005,0.20832343748000001
432,0,-0.31040447082277817,0.43896995029250974,false,flipguard_tabular_validation_v2,sha256:5476d1e1799d9bf7cd21b0b910158574f2b183d7ce0f11c5aaf560cf0f1f54e0,sha256:afd5351d9b781a1fad2db90dc7bca0052521a41efd7694c0ade20974824dcb4e,model_input,identity_model_input_v1,-0.168445281626,0.89672117362799997,-0.98115082805300002,-0.381671547931,-0.39750401667099999,-1.1674830704400001,0.80234087821400002,-0.59421189454699996,-0.487975475682,-1.1412735756679999,-0.69735349770900001,-0.51093057202299996,-0.34888549929599999,0.54279391369499996,0.17838825451099999,-0.249781977539
434,0,-0.24372228534960336,0.45204461873963259,false,flipguard_tabular_validation_v2,sha256:5476d1e1799d9bf7cd21b0b910158574f2b183d7ce0f11c5aaf560cf0f1f54e0,sha256:afd5351d9b781a1fad2db90dc7bca0052521a41efd7694c0ade20974824dcb4e,model_input,identity_model_input_v1,-0.168445281626,1.154530829359,0.73447522058100001,-0.381671547931,-0.39750401667099999,0.062336838238,1.859315825178,-0.55334724956699999,0.014730261384,-0.47284818283300001,0.84694651933499998,-0.51093057202299996,4.0884231214859996,1.6054630391239999,-0.31113755665800003,-0.249781977539
435,0,-0.20329169679201259,0.45998514189374201,false,flipguard_tabular_validation_v2,sha256:5476d1e1799d9bf7cd21b0b910158574f2b183d7ce0f11c5aaf560cf0f1f54e0,sha256:afd5351d9b781a1fad2db90dc7bca0052521a41efd7694c0ade20974824dcb4e,model_input,identity_model_input_v1,-0.168445281626,0.26622749175299998,-1.0887160155860001,-0.381671547931,-0.39750401667099999,-0.31116402291599998,-1.6716395700069999,-0.59421189454699996,-0.487975475682,-1.649394068406,-1.2250326408829999,-0.51093057202299996,-0.34888549929599999,-1.1919138484930001,0.31595305645400001,-0.249781977539
437,0,-0.20131958917829393,0.46037267852303038,false,flipguard_tabular_validation_v2,sha256:5476d1e1799d9bf7cd21b0b910158574f2b183d7ce0f11c5aaf560cf0f1f54e0,sha256:afd5351d9b781a1fad2db90dc7bca0052521a41efd7694c0ade20974824dcb4e,model_input,identity_model_input_v1,-0.168445281626,-0.73870402344700004,-0.20265745641300001,-0.381671547931,-0.39750401667099999,-1.7213575182,0.60461918036399998,-0.59421189454699996,-0.487975475682,-0.545257445801,-1.0823655851639999,-0.51093057202299996,-0.34888549929599999,0.283872718079,-1.164332019772,-0.249781977539
439,1,0.065272491312331246,0.51285756841522256,true,flipguard_tabular_validation_v2,sha256:5476d1e1799d9bf7cd21b0b910158574f2b183d7ce0f11c5aaf560cf0f1f54e0,sha256:afd5351d9b781a1fad2db90dc7bca0052521a41efd7694c0ade20974824dcb4e,model_input,identity_model_input_v1,-0.168445281626,2.2664445826519999,-0.256053125045,-0.381671547931,-0.39750401667099999,0.401220546407,0.099494345309999996,-0.59421189454699996,-0.487975475682,0.33035052026700001,0.42839350156200001,-0.111566366082,-0.34888549929599999,-0.111255161086,1.267199027335,-0.249781977539
440,0,-0.30384031802402017,0.44025565821223572,false,flipguard_tabular_validation_v2,sha256:5476d1e1799d9bf7cd21b0b910158574f2b183d7ce0f11c5aaf560cf0f1f54e0,sha256:afd5351d9b781a1fad2db90dc7bca0052521a41efd7694c0ade20974824dcb4e,model_input,identity_model_input_v1,-0.168445281626,0.29516531025300002,1.2250962917729999,0.017240106912000001,-0.39750401667099999,-0.121225170354,1.929649662971,0.84967222806999998,0.32077849739699998,-0.78257566604999995,1.1672387835,-0.51093057202299996,7.6849489300930003,2.4162782968580001,-0.33308938675499999,-0.249781977539
441,0,-0.093684148365234379,0.4815475117300741,false,flipguard_tabular_validation_v2,sha256:5476d1e1799d9bf7cd21b0b910158574f2b183d7ce0f11c5aaf560cf0f1f54e0,sha256:afd5351d9b781a1fad2db90dc7bca0052521a41efd7694c0ade20974824dcb4e,model_input,identity_model_input_v1,-0.168445281626,-0.119610088254,0.89001912485500001,-0.381671547931,-0.39750401667099999,0.94006386195000002,0.26819718700799999,-0.59421189454699996,-0.487975475682,-0.786342621927,0.58050870666700005,-0.51093057202299996,-0.34888549929599999,1.476966167851,0.68108516373799999,-0.249781977539
442,0,-0.036266680573638535,0.49285565472920856,false,flipguard_tabular_validation_v2,sha256:5476d1e1799d9bf7cd21b0b910158574f2b183d7ce0f11c5aaf560cf0f1f54e0,sha256:afd5351d9b781a1fad2db90dc7bca0052521a41efd7694c0ade20974824dcb4e,model_input,identity_model_input_v1,-0.168445281626,-0.73870402344700004,-1.1661010425880001,-0.381671547931,2.268573636807,-0.181349699222,0.46345965975999998,0.40470164940199999,2.738436650962,-0.36402501305399998,-0.59720311422299999,0.28225111477600001,-0.34888549929599999,-1.3814467336209999,0.519373348688,-0.0086738643709999997
444,0,-0.053772515033926757,0.489407436467649,false,flipguard_tabular_validation_v2,sha256:5476d1e1799d9bf7cd21b0b910158574f2b183d7ce0f11c5aaf560cf0f1f54e0,sha256:afd5351d9b781a1fad2db90dc7bca0052521a41efd7694c0ade20974824dcb4e,model_input,identity_model_input_v1,-0.168445281626,-0.061734451252999999,-0.360522911497,-0.381671547931,-0.39750401667099999,-0.781228521344,-0.62548521347300001,-0.59421189454699996,-0.487975475682,-0.19702330250799999,-1.3554171024020001,-0.51093057202299996,-0.34888549929599999,-0.64965705171999999,-0.54748559403899999,-0.249781977539
445,0,-0.20634512015928894,0.45938515463344826,false,flipguard_tabular_validation_v2,sha256:5476d1e1799d9bf7cd21b0b910158574f2b183d7ce0f11c5aaf560cf0f1f54e0,sha256:afd5351d9b781a1fad2db90dc7bca0052521a41efd7694c0ade20974824dcb4e,model_input,identity_model_input_v1,-0.168445281626,1.5947364320040001,0.82965880379300005,-0.381671547931,-0.39750401667099999,-0.715638126215,0.92333475301800005,-0.57514172688999998,0.27161412213300001,-1.216194142555,-0.43327772238700002,0.40335461240999998,0.30630645801900003,1.126169709275,0.34449043557999998,-0.249781977539
446,1,-0.039375388284158874,0.49224329270176809,false,flipguard_tabular_validation_v2,sha256:5476d1e1799d9bf7cd21b0b910158574f2b183d7ce0f11c5aaf560cf0f1f54e0,sha256:afd5351d9b781a1fad2db90dc7bca0052521a41efd7694c0ade20974824dcb4e,model_input,identity_model_input_v1,-0.168445281626,-0.73870402344700004,-0.20962210884400001,-0.34462975141000002,-0.39750401667099999,-0.423214281262,0.48313346054099998,-0.59421189454699996,-0.487975475682,0.478098900775,-1.4087991464289999,-0.51093057202299996,-0.34888549929599999,0.59226520913500003,-0.62358527170900002,-0.249781977539
448,1,0.35431167443365252,0.56962148330113371,true,flipguard_tabular_validation_v2,sha256:5476d1e1799d9bf7cd21b0b910158574f2b183d7ce0f11c5aaf560cf0f1f54e0,sha256:afd5351d9b781a1fad2db90dc7bca0052521a41efd7694c0ade20974824dcb4e,model_input,identity_model_input_v1,-0.168445281626,-0.73870402344700004,1.5377318008609999,1.3307991989300001,-0.39750401667099999,-0.43596796920399999,0.14769515722400001,-0.59421189454699996,-0.487975475682,2.1401635438239999,1.3514776965149999,-0.51093057202299996,-0.34888549929599999,0.063500583846000005,-0.54236350034900005,-0.249781977539
451,0,-0.15031039311479727,0.47040243653606456,false,flipguard_tabular_validation_v2,sha256:5476d1e1799d9bf7cd21b0b910158574f2b183d7ce0f11c5aaf560cf0f1f54e0,sha256:afd5351d9b781a1fad2db90dc7bca0052521a41efd7694c0ade20974824dcb4e,model_input,identity_model_input_v1,-0.168445281626,-0.73870402344700004,-1.1661010425880001,-0.381671547931,-0.39750401667099999,0.32105450791500001,2.2670553463659999,-0.25821370249100001,1.8116881772519999,0.29895922129199998,1.401080480789,-0.51093057202299996,2.8567747210409999,0.237613844421,-1.089695797441,-0.249781977539
452,0,-0.22047547447078439,0.45660920028209862,false,flipguard_tabular_validation_v2,sha256:5476d1e1799d9bf7cd21b0b910158574f2b183d7ce0f11c5aaf560cf0f1f54e0,sha256:afd5351d9b781a1fad2db90dc7bca0052521a41efd7694c0ade20974824dcb4e,model_input,identity_model_input_v1,-0.168445281626,-0.66241341103600004,1.666964795955,-0.14802329295200001,-0.39750401667099999,0.57066240049100003,2.737751030054,-0.098387535459999995,1.7158176454880001,-0.100756652319,0.76663724955900003,-0.51093057202299996,5.9583915833500001,1.6896284898080001,-1.0238403071490001,-0.249781977539
453,0,-0.19542335245108844,0.46153145266255435,false,flipguard_tabular_validation_v2,sha256:5476d1e1799d9bf7cd21b0b910158574f2b183d7ce0f11c5aaf560cf0f1f54e0,sha256:afd5351d9b781a1fad2db90dc7bca0052521a41efd7694c0ade20974824dcb4e,model_input,identity_model_input_v1,-0.168445281626,0.97915011117499995,0.76388153084099997,-0.381671547931,-0.39750401667099999,-0.38768615056700001,0.65331183729800002,-0.59421189454699996,1.702297442291,-1.409145993586,-0.105426938713,-0.47765022152800002,-0.19141447092899999,0.42393430776699997,1.0813401991789999,-0.249781977539
455,0,-0.20340134646698058,0.45996359531569053,false,flipguard_tabular_validation_v2,sha256:5476d1e1799d9bf7cd21b0b910158574f2b183d7ce0f11c5aaf560cf0f1f54e0,sha256:afd5351d9b781a1fad2db90dc7bca0052521a41efd7694c0ade20974824dcb4e,model_input,identity_model_input_v1,-0.168445281626,-0.095056787707999996,-0.52535301901200004,-0.381671547931,-0.39750401667099999,-1.173859914411,-0.90190211444699997,-0.59421189454699996,-0.487975475682,-1.5284329296900001,-0.29391751895200002,-0.51093057202299996,-0.34888549929599999,-1.3814467336209999,-0.026495493064000002,-0.249781977539
458,1,-0.016523796893967341,0.49674483005824505,false,flipguard_tabular_validation_v2,sha256:5476d1e1799d9bf7cd21b0b910158574f2b183d7ce0f11c5aaf560cf0f1f54e0,sha256:afd5351d9b781a1fad2db90dc7bca0052521a41efd7694c0ade20974824dcb4e,model_input,identity_model_input_v1,-0.168445281626,-0.73870402344700004,0.95347484699600005,-0.381671547931,-0.39750401667099999,-1.037668746746,-0.12577067363300001,-0.59421189454699996,-0.487975475682,-0.068528252038000004,-0.88489926300900001,-0.51093057202299996,-0.34888549929599999,0.23375893828300001,-0.98359528530399998,-0.249781977539
460,0,-0.12224772090274351,0.47592450670899461,false,flipguard_tabular_validation_v2,sha256:5476d1e1799d9bf7cd21b0b910158574f2b183d7ce0f11c5aaf560cf0f1f54e0,sha256:afd5351d9b781a1fad2db90dc7bca0052521a41efd7694c0ade20974824dcb4e,model_input,identity_model_input_v1,-0.168445281626,-0.73870402344700004,-0.17557269696300001,-0.381671547931,-0.39750401667099999,-1.5573815303759999,-0.99486082313799995,-0.59421189454699996,-0.487975475682,-0.85665913163100005,-1.3695893264800001,-0.51093057202299996,-0.34888549929599999,-0.56420663232400003,-0.68870903433099995,-0.249781977539
461,0,-0.10218988936317693,0.47987286037892374,false,flipguard_tabular_validation_v2,sha256:5476d1e1799d9bf7cd21b0b910158574f2b183d7ce0f11c5aaf560cf0f1f54e0,sha256:afd5351d9b781a1fad2db90dc7bca0052521a41efd7694c0ade20974824dcb4e,model_input,identity_model_input_v1,-0.168445281626,0.579282073713,1.372901693347,-0.381671547931,-0.39750401667099999,0.601635642636,-0.93928233593099997,-0.59421189454699996,-0.487975475682,-1.5485233610339999,0.343360157093,-0.51093057202299996,-0.34888549929599999,1.1313095841259999,0.385467185095,-0.249781977539
462,0,-0.10205815970763479,0.47989879463486018,false,flipguard_tabular_validation_v2,sha256:5476d1e1799d9bf7cd21b0b910158574f2b183d7ce0f11c5aaf560cf0f1f54e0,sha256:afd5351d9b781a1fad2db90dc7bca0052521a41efd7694c0ade20974824dcb4e,model_input,identity_model_input_v1,-0.168445281626,-0.73870402344700004,-1.1661010425880001,0.974628078535,-0.39750401667099999,-0.35580193071299998,-1.2432425579990001,1.0449144207509999,-0.487975475682,-0.70974785242899996,-1.0951205868339999,-0.51093057202299996,-0.34888549929599999,0.55885602260400002,-1.035547949868,-0.249781977539
463,0,0.063475016059121606,0.51250355518056934,true,flipguard_tabular_validation_v2,sha256:5476d1e1799d9bf7cd21b0b910158574f2b183d7ce0f11c5aaf560cf0f1f54e0,sha256:afd5351d9b781a1fad2db90dc7bca0052521a41efd7694c0ade20974824dcb4e,model_input,identity_model_input_v1,-0.168445281626,1.643843033095,2.0670453855550002,-0.381671547931,-0.39750401667099999,-0.32072928887300001,1.575029403891,-0.494320540152,1.971472396857,0.042806221658999999,1.3406123247220001,1.036605725996,3.1857766910229999,1.3857333892470001,1.5313527161730001,-0.145301795166
465,0,0.060801264100644896,0.51197694994890275,true,flipguard_tabular_validation_v2,sha256:5476d1e1799d9bf7cd21b0b910158574f2b183d7ce0f11c5aaf560cf0f1f54e0,sha256:afd5351d9b781a1fad2db90dc7bca0052521a41efd7694c0ade20974824dcb4e,model_input,identity_model_input_v1,-0.168445281626,1.500030844184,2.2690203060299998,-0.381671547931,-0.39750401667099999,-0.077953729122999998,1.934076268146,-0.59421189454699996,0.83700443765999999,0.79201189052200005,1.634922178077,-0.51093057202299996,2.834278859846,0.734254251892,-0.81822483190499995,-0.249781977539
466,0,-0.12446497149549184,0.47548811322631412,false,flipguard_tabular_validation_v2,sha256:5476d1e1799d9bf7cd21b0b910158574f2b183d7ce0f11c5aaf560cf0f1f54e0,sha256:afd5351d9b781a1fad2db90dc7bca0052521a41efd7694c0ade20974824dcb4e,model_input,identity_model_input_v1,-0.168445281626,-0.73870402344700004,0.096048747813999996,-0.381671547931,-0.39750401667099999,-1.559658974652,0.089657444919999996,-0.59421189454699996,-0.487975475682,-0.51344759617400004,-0.744121837166,-0.51093057202299996,-0.34888549929599999,-0.82826770278999995,-0.027958948402999999,-0.249781977539
467,1,-0.17098262922018886,0.46633641679297427,false,flipguard_tabular_validation_v2,sha256:5476d1e1799d9bf7cd21b0b910158574f2b183d7ce0f11c5aaf560cf0f1f54e0,sha256:afd5351d9b781a1fad2db90dc7bca0052521a41efd7694c0ade20974824dcb4e,model_input,identity_model_input_v1,-0.168445281626,-0.73870402344700004,-0.87049023944000004,-0.381671547931,-0.39750401667099999,-0.73932354667800004,-0.507442408786,-0.59421189454699996,-0.487975475682,-0.646965254479,-1.823572904448,-0.51093057202299996,-0.34888549929599999,-0.37852865333399999,-1.2104308629760001,-0.249781977539
468,1,0.06008864368683936,0.51183659497123979,true,flipguard_tabular_validation_v2,sha256:5476d1e1799d9bf7cd21b0b910158574f2b183d7ce0f11c5aaf560cf0f1f54e0,sha256:afd5351d9b781a1fad2db90dc7bca0052521a41efd7694c0ade20974824dcb4e,model_input,identity_model_input_v1,-0.168445281626,-0.18362405039099999,0.356062438541,-0.381671547931,-0.39750401667099999,0.71596334525700001,0.66167320262999996,-0.59421189454699996,-0.487975475682,0.66560959331699998,0.17990717272599999,-0.51093057202299996,-0.34888549929599999,0.68092805031299997,0.56839910257199999,-0.249781977539
469,1,0.077611717466990943,0.51528763833984803,true,flipguard_tabular_validation_v2,sha256:5476d1e1799d9bf7cd21b0b910158574f2b183d7ce0f11c5aaf560cf0f1f54e0,sha256:afd5351d9b781a1fad2db90dc7bca0052521a41efd7694c0ade20974824dcb4e,model_input,identity_model_input_v1,-0.168445281626,-0.57559995553499999,-0.317961146646,-0.381671547931,-0.39750401667099999,-0.47377354417500001,-1.255046838468,-0.59421189454699996,-0.487975475682,0.10307751569,-0.35958215717999997,-0.51093057202299996,-0.34888549929599999,-1.3814467336209999,-0.409189064426,-0.249781977539
470,1,0.033454423786554034,0.50659037171739141,true,flipguard_tabular_validation_v2,sha256:5476d1e1799d9bf7cd21b0b910158574f2b183d7ce0f11c5aaf560cf0f1f54e0,sha256:afd5351d9b781a1fad2db90dc7bca0052521a41efd7694c0ade20974824dcb4e,model_input,identity_model_input_v1,-0.168445281626,-0.73870402344700004,-0.91459970483200004,1.4960625987939999,-0.39750401667099999,-0.85319576044500001,-0.642207944137,-0.177392515754,-0.44987308485299998,0.64133365544300003,-0.75734924630599998,-0.51093057202299996,-0.34888549929599999,-0.26737885968300001,-1.2104308629760001,-0.249781977539
471,1,0.15302947382686566,0.53013247175486378,true,flipguard_tabular_validation_v2,sha256:5476d1e1799d9bf7cd21b0b910158574f2b183d7ce0f11c5aaf560cf0f1f54e0,sha256:afd5351d9b781a1fad2db90dc7bca0052521a41efd7694c0ade20974824dcb4e,model_input,identity_model_input_v1,-0.168445281626,-0.159070749846,1.1833083771920001,1.4846651229409999,-0.39750401667099999,-0.78532792104000004,-1.7842720794789999,0.56180350676799995,0.97835201654100001,0.023552891621000001,0.19927587896599999,-0.50168603021900005,2.0047439782669998,0.38924015252299998,-1.2075039522969999,-0.249781977539
472,0,-0.032308575606175331,0.4936353455060421,false,flipguard_tabular_validation_v2,sha256:5476d1e1799d9bf7cd21b0b910158574f2b183d7ce0f11c5aaf560cf0f1f54e0,sha256:afd5351d9b781a1fad2db90dc7bca0052521a41efd7694c0ade20974824dcb4e,model_input,identity_model_input_v1,-0.168445281626,-0.73870402344700004,-0.51916221685099995,-0.381671547931,-0.39750401667099999,0.61028993088200001,0.21261869980100001,-0.59421189454699996,-0.487975475682,-0.065598397466999997,0.521457773008,-0.51093057202299996,-0.34888549929599999,-1.3814467336209999,1.2942729511219999,-0.249781977539
474,1,0.43274989277884296,0.58492756031269943,true,flipguard_tabular_validation_v2,sha256:5476d1e1799d9bf7cd21b0b910158574f2b183d7ce0f11c5aaf560cf0f1f54e0,sha256:afd5351d9b781a1fad2db90dc7bca0052521a41efd7694c0ade20974824dcb4e,model_input,identity_model_input_v1,-0.168445281626,-0.39408091221300001,2.360334637892,4.7870837512469997,-0.39750401667099999,-0.54209687243500004,0.23229250058199999,1.903980068546,3.5594817178559999,2.3958979928040001,1.0968500705790001,-0.51093057202299996,2.5896363693460001,-0.88866123228899996,0.193022807909,-0.249781977539
476,0,-0.071455274201366339,0.48592477034375325,false,flipguard_tabular_validation_v2,sha256:5476d1e1799d9bf7cd21b0b910158574f2b183d7ce0f11c5aaf560cf0f1f54e0,sha256:afd5351d9b781a1fad2db90dc7bca0052521a41efd7694c0ade20974824dcb4e,model_input,identity_model_input_v1,-0.168445281626,0.64943436098700003,0.33903773260100001,-0.381671547931,-0.39750401667099999,-0.26925904825000002,-1.327348056338,-0.59421189454699996,-0.487975475682,-1.1981964644759999,0.14589383493800001,-0.51093057202299996,-0.34888549929599999,0.36289829391200001,-0.587730615884,-0.249781977539
478,0,0.23535793514367073,0.54631336415820853,true,flipguard_tabular_validation_v2,sha256:5476d1e1799d9bf7cd21b0b910158574f2b183d7ce0f11c5aaf560cf0f1f54e0,sha256:afd5351d9b781a1fad2db90dc7bca0052521a41efd7694c0ade20974824dcb4e,model_input,identity_model_input_v1,-0.168445281626,-0.73870402344700004,-1.1661010425880001,-0.381671547931,2.4158000138290001,1.29079028035,-0.22069676240200001,-0.54245001090599998,-0.487975475682,0.56683163921000002,2.4786419181929999,1.9111393806720001,-0.34888549929599999,-0.99659860415799995,0.67523134237899995,-0.249781977539
484,0,-0.038935229411992664,0.49232999590160692,false,flipguard_tabular_validation_v2,sha256:5476d1e1799d9bf7cd21b0b910158574f2b183d7ce0f11c5aaf560cf0f1f54e0,sha256:afd5351d9b781a1fad2db90dc7bca0052521a41efd7694c0ade20974824dcb4e,model_input,identity_model_input_v1,-0.168445281626,0.156614542887,1.9424554920820001,5.6134007505649999,-0.39750401667099999,0.75376892022800002,-1.6480310090700001,-0.41985607596699998,0.13887030892300001,-0.62478206987100005,1.18046619264,-0.51093057202299996,3.05642548915,1.117817412642,-0.090155800346000001,-0.249781977539
487,0,-0.035256999952156684,0.4930545463151329,false,flipguard_tabular_validation_v2,sha256:5476d1e1799d9bf7cd21b0b910158574f2b183d7ce0f11c5aaf560cf0f1f54e0,sha256:afd5351d9b781a1fad2db90dc7bca0052521a41efd7694c0ade20974824dcb4e,model_input,identity_model_input_v1,-0.168445281626,-0.73870402344700004,0.92252083619500003,-0.381671547931,-0.11585355628000001,1.961725363862,-0.23889502812499999,-0.59421189454699996,-0.27165222452400001,-0.65240641296799995,0.12085623906699999,-0.478574675708,-0.34888549929599999,0.17465037749699999,0.90206692005099998,-0.249781977539
488,0,-0.10225248170958488,0.47986053753513896,false,flipguard_tabular_validation_v2,sha256:5476d1e1799d9bf7cd21b0b910158574f2b183d7ce0f11c5aaf560cf0f1f54e0,sha256:afd5351d9b781a1fad2db90dc7bca0052521a41efd7694c0ade20974824dcb4e,model_input,identity_model_input_v1,-0.168445281626,1.078240216949,-0.132237081842,-0.381671547931,-0.39750401667099999,-0.70698383796800002,-0.41054893994000002,-0.59421189454699996,-0.487975475682,-0.91190781782599994,0.43122794637700002,-0.51093057202299996,-0.34888549929599999,0.44063890103300002,0.89401791568199995,-0.249781977539
489,0,0.00784893428230048,0.50154623811945465,true,flipguard_tabular_validation_v2,sha256:5476d1e1799d9bf7cd21b0b910158574f2b183d7ce0f11c5aaf560cf0f1f54e0,sha256:afd5351d9b781a1fad2db90dc7bca0052521a41efd7694c0ade20974824dcb4e,model_input,identity_model_input_v1,-0.168445281626,2.0945714788309999,0.86293436540400004,-0.381671547931,-0.39750401667099999,-1.0522443901080001,-0.20544956679699999,-0.59421189454699996,-0.487975475682,-0.40462442639500001,0.48602721281299999,-0.19938951322199999,-0.34888549929599999,0.86403609187800001,0.53181271907700001,-0.249781977539
493,1,0.47484220257954785,0.5931156535027724,true,flipguard_tabular_validation_v2,sha256:5476d1e1799d9bf7cd21b0b910158574f2b183d7ce0f11c5aaf560cf0f1f54e0,sha256:afd5351d9b781a1fad2db90dc7bca0052521a41efd7694c0ade20974824dcb4e,model_input,identity_model_input_v1,-0.168445281626,1.2413442848609999,2.6938641042709999,-0.381671547931,-0.39750401667099999,-0.59994395702799996,0.18458353368800001,-0.59421189454699996,-0.487975475682,2.3251629324479999,1.0637815477300001,-0.227123138635,-0.34888549929599999,-0.58605110043999997,0.50693397829999998,-0.249781977539
494,1,0.0021871471484998005,0.50043086794640457,true,flipguard_tabular_validation_v2,sha256:5476d1e1799d9bf7cd21b0b910158574f2b183d7ce0f11c5aaf560cf0f1f54e0,sha256:afd5351d9b781a1fad2db90dc7bca0052521a41efd7694c0ade20974824dcb4e,model_input,identity_model_input_v1,-0.168445281626,1.0098417368570001,0.092179496464000005,-0.381671547931,-0.39750401667099999,0.020431863572000001,-0.81435370097100002,-0.59421189454699996,-0.487975475682,-0.32384415036600001,-0.46114976307400002,-0.51093057202299996,-0.34888549929599999,-0.76016436101499996,0.88889582199299999,-0.249781977539
495,1,0.23101972244487884,0.54546156712765037,true,flipguard_tabular_validation_v2,sha256:5476d1e1799d9bf7cd21b0b910158574f2b183d7ce0f11c5aaf560cf0f1f54e0,sha256:afd5351d9b781a1fad2db90dc7bca0052521a41efd7694c0ade20974824dcb4e,model_input,identity_model_input_v1,-0.168445281626,-0.73870402344700004,0.33362078071000001,2.268241587811,-0.39750401667099999,-0.382220284307,-0.23348473290999999,-0.59421189454699996,-0.487975475682,1.670549711162,0.74868576572699996,-0.51093057202299996,-0.34888549929599999,-0.16972123751500001,-0.203573589182,-0.249781977539
496,1,0.031502357510780489,0.50620583937805075,true,flipguard_tabular_validation_v2,sha256:5476d1e1799d9bf7cd21b0b910158574f2b183d7ce0f11c5aaf560cf0f1f54e0,sha256:afd5351d9b781a1fad2db90dc7bca0052521a41efd7694c0ade20974824dcb4e,model_input,identity_model_input_v1,-0.168445281626,1.407079063546,0.18504152886700001,-0.381671547931,-0.39750401667099999,-0.74160099095300003,-1.21078078671,-0.17557630931000001,-0.487975475682,-0.52684121706999998,-1.778221787398,0.91550222836200001,-0.34888549929599999,-0.15879900345699999,0.78864913121500002,-0.23772657188099999
497,0,-0.38792353221840542,0.42381257032700892,false,flipguard_tabular_validation_v2,sha256:5476d1e1799d9bf7cd21b0b910158574f2b183d7ce0f11c5aaf560cf0f1f54e0,sha256:afd5351d9b781a1fad2db90dc7bca0052521a41efd7694c0ade20974824dcb4e,model_input,identity_model_input_v1,-0.168445281626,-0.73870402344700004,-1.1661010425880001,-0.381671547931,-0.21347104539299999,0.71186394556199994,1.843576784553,-0.337218682785,-0.487975475682,-1.2480039921820001,0.20352754618900001,-0.51093057202299996,-0.34888549929599999,1.2161175191660001,-0.90603215229400003,-0.249781977539
498,0,-0.26982438665984854,0.44692317430135997,false,flipguard_tabular_validation_v2,sha256:5476d1e1799d9bf7cd21b0b910158574f2b183d7ce0f11c5aaf560cf0f1f54e0,sha256:afd5351d9b781a1fad2db90dc7bca0052521a41efd7694c0ade20974824dcb4e,model_input,identity_model_input_v1,-0.168445281626,-0.73870402344700004,-1.1661010425880001,-0.381671547931,0.74830126537599995,0.055049016557000001,-0.699261966402,-0.59421189454699996,-0.487975475682,-1.6925047856640001,-0.43847420454899999,-0.51093057202299996,-0.34888549929599999,-0.73767740854300001,0.195217990919,-0.249781977539
