row_id,label,scaled_logit,polynomial_score,plaintext_decision,materialization_schema,source_data_sha256,source_model_sha256,source_feature_space,preprocessing_method,x_0,x_1,x_2,x_3,x_4,x_5,x_6,x_7,x_8,x_9,x_10,x_11,x_12,x_13,x_14,x_15
1,1,-0.10552714303140456,0.47921585341455081,false,flipguard_tabular_validation_v2,sha256:665f1683d38698145d16caee520d2372462728639a8a1629d51f9f4adb499c9a,sha256:afd5351d9b781a1fad2db90dc7bca0052521a41efd7694c0ade20974824dcb4e,model_input,identity_model_input_v1,-0.168445281626,-0.63347559253600005,0.13009815969499999,-0.381671547931,-0.39750401667099999,0.25728606820599997,0.023258367283,-0.59421189454699996,-0.487975475682,-0.61055134766899999,-0.133771386869,-0.51093057202299996,-0.34888549929599999,0.111044426217,0.067165648684999996,-0.249781977539
2,1,0.33474087143722847,0.56579391887170571,true,flipguard_tabular_validation_v2,sha256:665f1683d38698145d16caee520d2372462728639a8a1629d51f9f4adb499c9a,sha256:afd5351d9b781a1fad2db90dc7bca0052521a41efd7694c0ade20974824dcb4e,model_input,identity_model_input_v1,-0.168445281626,-0.351989539849,-0.99508013291399999,-0.381671547931,1.103564914278,1.829178107038,1.238607410535,3.5821548223800002,2.303331929883,1.0711851760710001,-0.129047312177,3.2395800379319999,-0.34888549929599999,0.19135497076300001,1.31037095986,-0.249781977539
3,1,0.13543522179635858,0.52667080170368885,true,flipguard_tabular_validation_v2,sha256:665f1683d38698145d16caee520d2372462728639a8a1629d51f9f4adb499c9a,sha256:afd5351d9b781a1fad2db90dc7bca0052521a41efd7694c0ade20974824dcb4e,model_input,identity_model_input_v1,-0.168445281626,-0.10294892002599999,0.23921104776800001,-0.381671547931,-0.39750401667099999,2.0601109565570002,1.4441986286970001,0.97499047267399996,-0.458476850524,1.127270963572,1.2409343487060001,-0.51093057202299996,-0.23359421067,2.1997610687629998,0.92767738849799997,-0.249781977539
8,0,-0.011123792037709876,0.4978086184743476,false,flipguard_tabular_validation_v2,sha256:665f1683d38698145d16caee520d2372462728639a8a1629d51f9f4adb499c9a,sha256:afd5351d9b781a1fad2db90dc7bca0052521a41efd7694c0ade20974824dcb4e,model_input,identity_model_input_v1,-0.168445281626,-0.73870402344700004,-1.1661010425880001,-0.381671547931,-0.39750401667099999,-1.0745633440069999,-0.056420525880000003,1.6533435793369999,-0.22125873988,0.28598415104899999,-0.407295311577,-0.51093057202299996,1.5435788237629999,-0.23782457929,-1.1921376712280001,-0.249781977539
11,0,-0.16824209575390958,0.46687535577762174,false,flipguard_tabular_validation_v2,sha256:665f1683d38698145d16caee520d2372462728639a8a1629d51f9f4adb499c9a,sha256:afd5351d9b781a1fad2db90dc7bca0052521a41efd7694c0ade20974824dcb4e,model_input,identity_model_input_v1,-0.035361706729999998,1.2045143340419999,-0.48201740388999997,-0.381671547931,-0.39750401667099999,-0.27791333649599997,0.67249379305900003,-0.59421189454699996,-0.487975475682,-0.55948816800300005,0.164790133709,-0.46193450046099999,0.43846964254100002,0.95976626097600004,1.175733068597,-0.249781977539
14,0,-0.38291125562101763,0.4247910540129623,false,flipguard_tabular_validation_v2,sha256:665f1683d38698145d16caee520d2372462728639a8a1629d51f9f4adb499c9a,sha256:afd5351d9b781a1fad2db90dc7bca0052521a41efd7694c0ade20974824dcb4e,model_input,identity_model_input_v1,-0.168445281626,-0.73870402344700004,-1.1661010425880001,-0.381671547931,0.28741869382599999,0.80387269428499997,1.938994718342,-0.52247174002700003,-0.487975475682,-1.1948480592520001,0.47374461861200001,-0.51093057202299996,-0.34888549929599999,1.9613993725509999,-0.85700639841000004,-0.249781977539
15,1,0.012346516187558804,0.50243225616071208,true,flipguard_tabular_validation_v2,sha256:665f1683d38698145d16caee520d2372462728639a8a1629d51f9f4adb499c9a,sha256:afd5351d9b781a1fad2db90dc7bca0052521a41efd7694c0ade20974824dcb4e,model_input,identity_model_input_v1,-0.168445281626,-0.57296924476199995,0.14402746455599999,-0.37312344104200001,-0.39750401667099999,0.62942046279499997,0.43493264862800002,-0.038452722823000003,-0.487975475682,0.34248848920399999,-0.64586108355799998,-0.51093057202299996,-0.34888549929599999,-0.741532314681,1.5298892608329999,-0.249781977539
18,0,-0.18316184854347586,0.46394169488422676,false,flipguard_tabular_validation_v2,sha256:665f1683d38698145d16caee520d2372462728639a8a1629d51f9f4adb499c9a,sha256:afd5351d9b781a1fad2db90dc7bca0052521a41efd7694c0ade20974824dcb4e,model_input,identity_model_input_v1,-0.168445281626,-0.66679792899099999,-0.71339863462599995,0.77232288215,-0.39750401667099999,-1.543716864724,0.50182357128300004,0.797910344429,-0.465851506814,0.060803899736999997,-2.2392914774060002,-0.51093057202299996,1.419851587188,0.68992283130300003,-1.2104308629760001,-0.249781977539
25,0,-0.055864209679485924,0.48899544805946088,false,flipguard_tabular_validation_v2,sha256:665f1683d38698145d16caee520d2372462728639a8a1629d51f9f4adb499c9a,sha256:afd5351d9b781a1fad2db90dc7bca0052521a41efd7694c0ade20974824dcb4e,model_input,identity_model_input_v1,-0.168445281626,-0.73870402344700004,-1.1661010425880001,-0.381671547931,3.8752614904030001,0.492773806275,0.63363803651700001,-0.56152017856299996,0.29250898162,-0.013698116496,0.82143651599400003,-0.51093057202299996,-0.34888549929599999,-1.3814467336209999,1.8672157166609999,-0.249781977539
26,0,-0.34309236143035715,0.43257234965609392,false,flipguard_tabular_validation_v2,sha256:665f1683d38698145d16caee520d2372462728639a8a1629d51f9f4adb499c9a,sha256:afd5351d9b781a1fad2db90dc7bca0052521a41efd7694c0ade20974824dcb4e,model_input,identity_model_input_v1,-0.168445281626,-0.73870402344700004,-1.1661010425880001,-0.381671547931,-0.39750401667099999,1.5331103512449999,0.99219305575200001,0.459187842708,-0.487975475682,-1.5250845244660001,0.072198269731999998,-0.51093057202299996,-0.34888549929599999,1.084408226111,-0.72017332413699997,-0.249781977539
27,0,-0.1198457681487088,0.47639726905767976,false,flipguard_tabular_validation_v2,sha256:665f1683d38698145d16caee520d2372462728639a8a1629d51f9f4adb499c9a,sha256:afd5351d9b781a1fad2db90dc7bca0052521a41efd7694c0ade20974824dcb4e,model_input,identity_model_input_v1,-0.168445281626,-0.66942863976400002,0.75072607625099996,-0.381671547931,-0.39750401667099999,0.33426368471200002,1.1028581851449999,0.090497934668999996,-0.487975475682,-0.26189865372299997,0.24982347817799999,-0.51093057202299996,0.854643074655,0.88652304435100004,-1.2104308629760001,-0.249781977539
28,1,0.36863509796711114,0.57242073629921997,true,flipguard_tabular_validation_v2,sha256:665f1683d38698145d16caee520d2372462728639a8a1629d51f9f4adb499c9a,sha256:afd5351d9b781a1fad2db90dc7bca0052521a41efd7694c0ade20974824dcb4e,model_input,identity_model_input_v1,-0.168445281626,1.0335181338120001,0.97978575617700003,-0.381671547931,0.061778268171000003,0.066436237933000006,-1.8506711571150001,-0.051166167927000003,0.78292362487,-0.075225062485999999,0.76805447196700005,2.6876808922230002,-0.34888549929599999,-0.68949108181499996,0.059116644316,0.039547758262
29,1,0.117187965486443,0.52307959182248343,true,flipguard_tabular_validation_v2,sha256:665f1683d38698145d16caee520d2372462728639a8a1629d51f9f4adb499c9a,sha256:afd5351d9b781a1fad2db90dc7bca0052521a41efd7694c0ade20974824dcb4e,model_input,identity_model_input_v1,-0.168445281626,-0.19853141143700001,1.1562236177409999,-0.381671547931,-0.36869885595000002,0.94780717248599999,0.419685453022,0.083233108895000005,1.264734502449,-0.043415212858999998,-0.72522553839500004,1.48681491186,-0.34326153399699999,0.69634767486600002,1.015484708887,-0.20557882345799999
32,0,-0.39168106608982645,0.4230791875067354,false,flipguard_tabular_validation_v2,sha256:665f1683d38698145d16caee520d2372462728639a8a1629d51f9f4adb499c9a,sha256:afd5351d9b781a1fad2db90dc7bca0052521a41efd7694c0ade20974824dcb4e,model_input,identity_model_input_v1,-0.168445281626,-0.73870402344700004,-1.1661010425880001,-0.381671547931,-0.39750401667099999,0.84122278039999998,1.0738393289929999,-0.59421189454699996,-0.487975475682,-1.635581896857,-0.12196120013800001,-0.51093057202299996,-0.34888549929599999,0.22733409471900001,0.196681446259,-0.249781977539
33,1,0.37797707736948555,0.57424548293473099,true,flipguard_tabular_validation_v2,sha256:665f1683d38698145d16caee520d2372462728639a8a1629d51f9f4adb499c9a,sha256:afd5351d9b781a1fad2db90dc7bca0052521a41efd7694c0ade20974824dcb4e,model_input,identity_model_input_v1,-0.168445281626,-0.17397811089099999,0.61994538061799997,-0.11668023435700001,-0.17826473784399999,2.3270274256249999,1.802261802913,1.865839733232,1.4921197380410001,2.1510458608010001,0.90741467540200005,0.90903104909900001,0.075723880766000007,2.6128785099059999,0.73450128364199996,-0.249781977539
34,0,-0.16011024270316387,0.46847470007737513,false,flipguard_tabular_validation_v2,sha256:665f1683d38698145d16caee520d2372462728639a8a1629d51f9f4adb499c9a,sha256:afd5351d9b781a1fad2db90dc7bca0052521a41efd7694c0ade20974824dcb4e,model_input,identity_model_input_v1,-0.168445281626,-0.73870402344700004,-1.1661010425880001,-0.381671547931,0.62347890224799996,0.33153075158200002,0.35869667060100002,-0.59421189454699996,-0.48060081939299998,-0.56158092126799997,0.161955688894,-0.51093057202299996,-0.34888549929599999,-1.3814467336209999,0.82816242538999996,-0.249781977539
36,1,-0.035917407307078889,0.49292445610296853,false,flipguard_tabular_validation_v2,sha256:665f1683d38698145d16caee520d2372462728639a8a1629d51f9f4adb499c9a,sha256:afd5351d9b781a1fad2db90dc7bca0052521a41efd7694c0ade20974824dcb4e,model_input,identity_model_input_v1,-0.168445281626,-0.73870402344700004,-0.68244462382600002,-0.381671547931,-0.35109570217500002,-0.82131154059,-1.195041746085,-0.59421189454699996,-0.45233130361599999,-0.49335716482999997,-0.49658032326899998,-0.51093057202299996,-0.34888549929599999,-1.3814467336209999,-0.33747975277499997,-0.249781977539
37,1,-0.077416070890969552,0.48475088992933713,false,flipguard_tabular_validation_v2,sha256:665f1683d38698145d16caee520d2372462728639a8a1629d51f9f4adb499c9a,sha256:afd5351d9b781a1fad2db90dc7bca0052521a41efd7694c0ade20974824dcb4e,model_input,identity_model_input_v1,-0.168445281626,-0.55455426935200003,-0.054078204570000003,-0.381671547931,-0.39750401667099999,-0.712449704229,-1.246193628116,-0.59421189454699996,-0.487975475682,-0.77964581147900003,-1.3176245048599999,-0.51093057202299996,-0.34888549929599999,-0.23910954800299999,-0.23576960665800001,-0.249781977539
40,1,0.060265808104182784,0.51187148866266796,true,flipguard_tabular_validation_v2,sha256:665f1683d38698145d16caee520d2372462728639a8a1629d51f9f4adb499c9a,sha256:afd5351d9b781a1fad2db90dc7bca0052521a41efd7694c0ade20974824dcb4e,model_input,identity_model_input_v1,-0.168445281626,0.267981298935,0.56113276009599999,-0.381671547931,-0.39750401667099999,0.26092997904600002,-0.64466716923400003,-0.014842039057,-0.487975475682,-0.35732820260600001,-0.89859907961800001,1.02273891329,-0.34888549929599999,0.66872084754299999,0.46961586713499998,-0.249781977539
41,0,-0.13885011804935632,0.47265723450730429,false,flipguard_tabular_validation_v2,sha256:665f1683d38698145d16caee520d2372462728639a8a1629d51f9f4adb499c9a,sha256:afd5351d9b781a1fad2db90dc7bca0052521a41efd7694c0ade20974824dcb4e,model_input,identity_model_input_v1,-0.168445281626,-0.73870402344700004,-1.1661010425880001,-0.381671547931,1.161175235722,0.084200303281000005,-0.23791133808600001,-0.59421189454699996,-0.47937171001099999,-0.61096989832199999,-0.49280106351500003,-0.51093057202299996,-0.34888549929599999,-1.3814467336209999,1.191831077335,-0.249781977539
42,1,-0.043735869760740301,0.49138436829362253,false,flipguard_tabular_validation_v2,sha256:665f1683d38698145d16caee520d2372462728639a8a1629d51f9f4adb499c9a,sha256:afd5351d9b781a1fad2db90dc7bca0052521a41efd7694c0ade20974824dcb4e,model_input,identity_model_input_v1,-0.168445281626,-0.53350858317000005,-0.57642713683299995,0.35916438249100002,-0.39750401667099999,0.30738984226299998,0.097035120212000003,-0.46253692739000002,-0.487975475682,0.010577821378,0.39012849655100001,-0.51093057202299996,-0.34888549929599999,-0.186425830781,-0.36089503821199997,-0.249781977539
43,0,-0.026037830903581555,0.49487061792332548,false,flipguard_tabular_validation_v2,sha256:665f1683d38698145d16caee520d2372462728639a8a1629d51f9f4adb499c9a,sha256:afd5351d9b781a1fad2db90dc7bca0052521a41efd7694c0ade20974824dcb4e,model_input,identity_model_input_v1,-0.168445281626,-0.73870402344700004,-1.1661010425880001,-0.381671547931,2.5662269642659998,1.4087618938119999,1.3433703996940001,-0.59421189454699996,1.1578019862519999,-0.011605363231000001,0.25927162756299998,0.25821530608499998,-0.34888549929599999,-1.3814467336209999,-0.52041167025199997,12.669594419708
44,0,0.008504714572565979,0.50167542631020567,true,flipguard_tabular_validation_v2,sha256:665f1683d38698145d16caee520d2372462728639a8a1629d51f9f4adb499c9a,sha256:afd5351d9b781a1fad2db90dc7bca0052521a41efd7694c0ade20974824dcb4e,model_input,identity_model_input_v1,-0.168445281626,-0.73870402344700004,-1.1661010425880001,-0.031199165462000002,-0.37510000277700001,0.48730794001400002,-0.28660399501900002,1.7995481980429999,-0.31221283411599998,-0.042159560899999997,0.24179255120000001,-0.51093057202299996,0.10665568991,0.027521459889,-0.155279562968,-0.249781977539
45,0,-0.34298133336160447,0.43259406540386197,false,flipguard_tabular_validation_v2,sha256:665f1683d38698145d16caee520d2372462728639a8a1629d51f9f4adb499c9a,sha256:afd5351d9b781a1fad2db90dc7bca0052521a41efd7694c0ade20974824dcb4e,model_input,identity_model_input_v1,2.6193053925240002,-0.35812786498499999,-1.1661010425880001,-0.381671547931,0.43624535755600002,0.156167542381,0.56281235370500005,-0.59421189454699996,-0.487975475682,-1.4032862844439999,0.32446385832199998,-0.51093057202299996,-0.34888549929599999,0.143811128392,-0.17137757170599999,-0.249781977539
46,1,0.35414984739176486,0.56958984704546967,true,flipguard_tabular_validation_v2,sha256:665f1683d38698145d16caee520d2372462728639a8a1629d51f9f4adb499c9a,sha256:afd5351d9b781a1fad2db90dc7bca0052521a41efd7694c0ade20974824dcb4e,model_input,identity_model_input_v1,-0.168445281626,-0.73870402344700004,1.6530354910939999,1.228221916256,-0.39750401667099999,0.39712114671100002,0.084738994723999997,3.0845142568489998,2.7372075415800001,1.168288927566,0.27202662923299997,0.63539261169500005,1.7488535571699999,1.469898839931,-0.70553877073899995,-0.249781977539
48,0,-0.17885743253344588,0.46478797237450831,false,flipguard_tabular_validation_v2,sha256:665f1683d38698145d16caee520d2372462728639a8a1629d51f9f4adb499c9a,sha256:afd5351d9b781a1fad2db90dc7bca0052521a41efd7694c0ade20974824dcb4e,model_input,identity_model_input_v1,-0.168445281626,-0.73870402344700004,-0.333438152047,-0.381671547931,-0.39750401667099999,-1.762807004011,-0.55121661552400003,-0.59421189454699996,-0.487975475682,-1.0303576526239999,-1.0067803900800001,-0.51093057202299996,-0.34888549929599999,-0.70169828458600003,-0.53504622364999999,-0.249781977539
51,1,0.16060507842212451,0.53162262986523101,true,flipguard_tabular_validation_v2,sha256:665f1683d38698145d16caee520d2372462728639a8a1629d51f9f4adb499c9a,sha256:afd5351d9b781a1fad2db90dc7bca0052521a41efd7694c0ade20974824dcb4e,model_input,identity_model_input_v1,-0.168445281626,-0.68872051876399998,-0.97031692427299998,0.62415569606499999,-0.39750401667099999,0.53331231437600002,-0.16610196523500001,2.2708537701420002,-0.487975475682,1.004635622244,0.37359423512599998,-0.51093057202299996,-0.34888549929599999,1.6427271317929999,-1.2104308629760001,-0.249781977539
53,0,-0.29117379064921506,0.44273750863278671,false,flipguard_tabular_validation_v2,sha256:665f1683d38698145d16caee520d2372462728639a8a1629d51f9f4adb499c9a,sha256:afd5351d9b781a1fad2db90dc7bca0052521a41efd7694c0ade20974824dcb4e,model_input,identity_model_input_v1,-0.168445281626,-0.73870402344700004,-1.1661010425880001,-0.381671547931,0.96594025749599999,0.47455425207200003,0.64544231698499999,-0.59421189454699996,0.94639517261999995,-1.4593720719450001,-0.18101213379600001,-0.51093057202299996,-0.34888549929599999,-1.3814467336209999,1.63452631763,-0.249781977539
55,1,0.33372358551718723,0.56559487725306778,true,flipguard_tabular_validation_v2,sha256:665f1683d38698145d16caee520d2372462728639a8a1629d51f9f4adb499c9a,sha256:afd5351d9b781a1fad2db90dc7bca0052521a41efd7694c0ade20974824dcb4e,model_input,identity_model_input_v1,-0.168445281626,-0.42564944148700001,0.65399479249900005,-0.381671547931,-0.39750401667099999,-0.026027999645000001,-2.061180825473,-0.59421189454699996,-0.487975475682,0.79661594770499999,1.2149519378960001,-0.51093057202299996,-0.34888549929599999,-0.87966645129900001,-0.88261686685700003,-0.249781977539
57,1,0.51961780658291679,0.60180351512676955,true,flipguard_tabular_validation_v2,sha256:665f1683d38698145d16caee520d2372462728639a8a1629d51f9f4adb499c9a,sha256:afd5351d9b781a1fad2db90dc7bca0052521a41efd7694c0ade20974824dcb4e,model_input,identity_model_input_v1,-0.168445281626,-0.046827090207000002,2.2543171509,-0.381671547931,-0.39750401667099999,0.950540105616,-1.8811655483259999,-0.59421189454699996,-0.487975475682,1.219770657884,2.0596164929510001,0.46344413413699997,-0.34888549929599999,-0.91564557525599999,-0.12747391151099999,-0.249781977539
58,1,0.0010787080277326621,0.50021250547644258,true,flipguard_tabular_validation_v2,sha256:665f1683d38698145d16caee520d2372462728639a8a1629d51f9f4adb499c9a,sha256:afd5351d9b781a1fad2db90dc7bca0052521a41efd7694c0ade20974824dcb4e,model_input,identity_model_input_v1,-0.168445281626,-0.60979919558100004,-0.74976959731699999,1.253866236925,-0.39750401667099999,0.79248547290799998,0.58297799950499996,-0.172851999645,-0.487975475682,0.72964784322599996,-0.30572770568399998,0.030799577702000001,-0.34888549929599999,0.366110715694,-1.2104308629760001,-0.249781977539
59,1,0.14149454982295034,0.52786309503106854,true,flipguard_tabular_validation_v2,sha256:665f1683d38698145d16caee520d2372462728639a8a1629d51f9f4adb499c9a,sha256:afd5351d9b781a1fad2db90dc7bca0052521a41efd7694c0ade20974824dcb4e,model_input,identity_model_input_v1,-0.168445281626,-0.73870402344700004,1.164735970712,-0.381671547931,-0.39750401667099999,-0.55393958266599996,0.220980065133,-0.59148758488099995,-0.487975475682,0.88827854071099999,0.083063641524999995,-0.50815720948200005,-0.34888549929599999,0.01145935098,-0.89212932656599997,-0.249781977539
60,1,0.099293035429089641,0.51955681221693384,true,flipguard_tabular_validation_v2,sha256:665f1683d38698145d16caee520d2372462728639a8a1629d51f9f4adb499c9a,sha256:afd5351d9b781a1fad2db90dc7bca0052521a41efd7694c0ade20974824dcb4e,model_input,identity_model_input_v1,-0.168445281626,-0.73870402344700004,1.4704068273699999,1.803794446815,-0.39750401667099999,-0.51157911914499998,-0.95993982675099998,2.2881077313559999,1.3753543467910001,-0.21627663254599999,-0.550434774766,0.21661486796599999,2.4687211154209998,1.2649463302499999,-0.87676304549799999,-0.249781977539
61,1,0.084351727672660151,0.51661488962915247,true,flipguard_tabular_validation_v2,sha256:665f1683d38698145d16caee520d2372462728639a8a1629d51f9f4adb499c9a,sha256:afd5351d9b781a1fad2db90dc7bca0052521a41efd7694c0ade20974824dcb4e,model_input,identity_model_input_v1,1.2884696435580001,-0.13451744930000001,-1.143659384757,-0.381671547931,0.681089223691,0.57749473331699996,0.17917323847300001,-0.58967137843799999,1.485974191133,0.37555399079099999,0.49972702942199998,0.27208211879100003,-0.34888549929599999,-1.3814467336209999,-0.49553292947499999,4.2750136129119998
64,1,0.33995599804491583,0.56681417664646117,true,flipguard_tabular_validation_v2,sha256:665f1683d38698145d16caee520d2372462728639a8a1629d51f9f4adb499c9a,sha256:afd5351d9b781a1fad2db90dc7bca0052521a41efd7694c0ade20974824dcb4e,model_input,identity_model_input_v1,-0.168445281626,-0.43880299535,0.51315404335500003,-0.381671547931,-0.39750401667099999,-0.395884949958,-2.1295472831870002,-0.028463587382999998,-0.487975475682,0.71248726645299998,0.82946744297200004,0.022479490078,-0.34888549929599999,-1.3814467336209999,-1.2104308629760001,-0.249781977539
65,0,-0.042725808522395048,0.49158332770403862,false,flipguard_tabular_validation_v2,sha256:665f1683d38698145d16caee520d2372462728639a8a1629d51f9f4adb499c9a,sha256:afd5351d9b781a1fad2db90dc7bca0052521a41efd7694c0ade20974824dcb4e,model_input,identity_model_input_v1,-0.168445281626,-0.19677760425499999,1.223548591233,1.544501871167,-0.39750401667099999,-1.7099702968229999,-0.72287052733900004,-0.082041677467999993,-0.48182992877399999,-0.193674897284,-1.422971370507,-0.51093057202299996,0.78996747371800002,0.803642562379,-0.11064417510299999,-0.249781977539
66,0,-0.11898757647875753,0.47656618595875139,false,flipguard_tabular_validation_v2,sha256:665f1683d38698145d16caee520d2372462728639a8a1629d51f9f4adb499c9a,sha256:afd5351d9b781a1fad2db90dc7bca0052521a41efd7694c0ade20974824dcb4e,model_input,identity_model_input_v1,-0.168445281626,-0.73870402344700004,-0.36207061203699997,-0.381671547931,-0.39750401667099999,-1.7997016012710001,-0.75336491854999998,-0.59421189454699996,-0.487975475682,-0.51512179878599995,-1.9199440281789999,-0.51093057202299996,-0.34888549929599999,-0.20313042404600001,-1.2104308629760001,-0.249781977539
68,1,0.17776856277682671,0.53499793573895726,true,flipguard_tabular_validation_v2,sha256:665f1683d38698145d16caee520d2372462728639a8a1629d51f9f4adb499c9a,sha256:afd5351d9b781a1fad2db90dc7bca0052521a41efd7694c0ade20974824dcb4e,model_input,identity_model_input_v1,-0.168445281626,0.152230024933,-1.0028186356140001,-0.381671547931,0.47785281193200002,1.155965579251,-0.017564769337000002,0.075060179899000004,1.7330251768310001,0.49944498407799998,1.0826778465010001,0.38209216626100001,-0.34888549929599999,-1.3814467336209999,1.0220702579159999,-0.249781977539
72,0,-0.16864692266584633,0.46679574271256913,false,flipguard_tabular_validation_v2,sha256:665f1683d38698145d16caee520d2372462728639a8a1629d51f9f4adb499c9a,sha256:afd5351d9b781a1fad2db90dc7bca0052521a41efd7694c0ade20974824dcb4e,model_input,identity_model_input_v1,-0.168445281626,-0.70187407262799995,-0.41856168174899999,-0.381671547931,-0.39750401667099999,1.196048598497,2.481991619899,-0.59421189454699996,-0.487975475682,0.376391092097,0.195969026681,-0.51093057202299996,-0.34888549929599999,1.007310103347,-0.73992997122500004,-0.249781977539
73,1,0.58355342410491873,0.61416514402408129,true,flipguard_tabular_validation_v2,sha256:665f1683d38698145d16caee520d2372462728639a8a1629d51f9f4adb499c9a,sha256:afd5351d9b781a1fad2db90dc7bca0052521a41efd7694c0ade20974824dcb4e,model_input,identity_model_input_v1,-0.168445281626,0.76255492421600002,1.5114208916809999,-0.381671547931,-0.39750401667099999,1.846942172386,-0.41497554511500001,-0.481607095047,-0.487975475682,2.1192360111739998,2.7705897342019998,1.567242425556,-0.34888549929599999,-0.98439140138699999,-0.33674802510500002,-0.249781977539
74,0,-0.048654275112305807,0.49041556850796614,false,flipguard_tabular_validation_v2,sha256:665f1683d38698145d16caee520d2372462728639a8a1629d51f9f4adb499c9a,sha256:afd5351d9b781a1fad2db90dc7bca0052521a41efd7694c0ade20974824dcb4e,model_input,identity_model_input_v1,-0.168445281626,-0.36514309371300002,0.52398794713499997,-0.381671547931,-0.39750401667099999,0.044117284035000003,-2.1010202720539999,-0.59421189454699996,-0.487975475682,-1.3463633956359999,-0.65530923294300003,-0.51093057202299996,-0.34888549929599999,0.20163472046399999,-0.36089503821199997,-0.249781977539
75,0,-0.17029469578707956,0.46647169930771171,false,flipguard_tabular_validation_v2,sha256:665f1683d38698145d16caee520d2372462728639a8a1629d51f9f4adb499c9a,sha256:afd5351d9b781a1fad2db90dc7bca0052521a41efd7694c0ade20974824dcb4e,model_input,identity_model_input_v1,-0.168445281626,-0.73870402344700004,-1.1661010425880001,-0.381671547931,-0.39750401667099999,0.95964988271700002,1.6552001420739999,1.4145124320110001,-0.28517242772200002,-0.145960122843,-0.011890259798,-0.51093057202299996,-0.34888549929599999,2.407283515869,-1.128477363946,-0.249781977539
78,0,-0.055017512737783408,0.48916221612657146,false,flipguard_tabular_validation_v2,sha256:665f1683d38698145d16caee520d2372462728639a8a1629d51f9f4adb499c9a,sha256:afd5351d9b781a1fad2db90dc7bca0052521a41efd7694c0ade20974824dcb4e,model_input,identity_model_input_v1,-0.168445281626,-0.73870402344700004,0.47678308066399999,-0.381671547931,-0.39750401667099999,-1.707692852548,-0.091341522265999994,-0.59421189454699996,-0.487975475682,0.054525639942,-1.910968286263,-0.51093057202299996,-0.34888549929599999,0.18557261155499999,-1.2104308629760001,-0.249781977539
79,0,-0.13087325899900437,0.47422693426641166,false,flipguard_tabular_validation_v2,sha256:665f1683d38698145d16caee520d2372462728639a8a1629d51f9f4adb499c9a,sha256:afd5351d9b781a1fad2db90dc7bca0052521a41efd7694c0ade20974824dcb4e,model_input,identity_model_input_v1,-0.168445281626,-0.73870402344700004,-0.106700022931,-0.381671547931,-0.39750401667099999,-1.590176727941,-0.83747041688900004,-0.59421189454699996,-0.487975475682,-0.81857102220800004,-1.4867463788590001,-0.51093057202299996,-0.34888549929599999,-0.83790496813600002,-0.72017332413699997,-0.249781977539
82,1,-0.0024633088174374424,0.49951472822275317,false,flipguard_tabular_validation_v2,sha256:665f1683d38698145d16caee520d2372462728639a8a1629d51f9f4adb499c9a,sha256:afd5351d9b781a1fad2db90dc7bca0052521a41efd7694c0ade20974824dcb4e,model_input,identity_model_input_v1,-0.168445281626,-0.39495781580400002,-0.58261793899299996,-0.381671547931,-0.39750401667099999,0.335174662422,-0.71401731698799997,-0.59421189454699996,-0.487975475682,-0.245156627603,0.26163366491000001,-0.51093057202299996,-0.34888549929599999,-1.3814467336209999,0.14107014334599999,-0.249781977539
85,1,0.11756587197870881,0.52315397692284626,true,flipguard_tabular_validation_v2,sha256:665f1683d38698145d16caee520d2372462728639a8a1629d51f9f4adb499c9a,sha256:afd5351d9b781a1fad2db90dc7bca0052521a41efd7694c0ade20974824dcb4e,model_input,identity_model_input_v1,0.97327170301300003,1.8499153769629999,0.70119965897000003,-0.27624489629400001,0.38343589623199997,-1.4990789569280001,-1.9254316000830001,1.406339503016,0.10937168376500001,-0.68337916128999998,0.114242534497,-0.155015712562,-0.056439303756000002,0.24082626620299999,-0.035276225102,-0.249781977539
91,0,-0.13080458385027033,0.47424044916305907,false,flipguard_tabular_validation_v2,sha256:665f1683d38698145d16caee520d2372462728639a8a1629d51f9f4adb499c9a,sha256:afd5351d9b781a1fad2db90dc7bca0052521a41efd7694c0ade20974824dcb4e,model_input,identity_model_input_v1,-0.168445281626,-0.73870402344700004,-1.1661010425880001,-0.381671547931,-0.325491114867,0.38209001449399999,0.87218287098699998,-0.53700139157500004,-0.46462239743200001,-0.22464764560600001,0.77986465869900001,-0.51093057202299996,-0.34888549929599999,-0.30528543670800001,0.44034676033800002,-0.249781977539
92,0,-0.11436805143080588,0.47747547762799925,false,flipguard_tabular_validation_v2,sha256:665f1683d38698145d16caee520d2372462728639a8a1629d51f9f4adb499c9a,sha256:afd5351d9b781a1fad2db90dc7bca0052521a41efd7694c0ade20974824dcb4e,model_input,identity_model_input_v1,-0.168445281626,-0.73870402344700004,-0.052530504029000002,-0.381671547931,-0.39750401667099999,-1.6384585465779999,0.92431844305699995,-0.59421189454699996,-0.487975475682,0.18929895020699999,-1.204246712235,-0.51093057202299996,-0.34888549929599999,0.52287689864700004,-1.2104308629760001,-0.249781977539
93,1,0.084492925395187768,0.51664269350447456,true,flipguard_tabular_validation_v2,sha256:665f1683d38698145d16caee520d2372462728639a8a1629d51f9f4adb499c9a,sha256:afd5351d9b781a1fad2db90dc7bca0052521a41efd7694c0ade20974824dcb4e,model_input,identity_model_input_v1,-0.168445281626,1.2194216950879999,1.160092869092,-0.381671547931,-0.39750401667099999,-0.52342182937699999,-0.51236085898200001,-0.59421189454699996,-0.487975475682,-0.221299240382,0.65420427187300001,0.15467643787800001,-0.34888549929599999,0.33655643530099999,-0.63602464209800003,-0.249781977539
94,0,-0.21980826072183504,0.45674025337265434,false,flipguard_tabular_validation_v2,sha256:665f1683d38698145d16caee520d2372462728639a8a1629d51f9f4adb499c9a,sha256:afd5351d9b781a1fad2db90dc7bca0052521a41efd7694c0ade20974824dcb4e,model_input,identity_model_input_v1,0.770144141329,1.8078240045980001,0.63310083520799998,-0.381671547931,0.25861353310399998,-0.223254673889,0.88743006659300006,-0.59421189454699996,-0.487975475682,-0.72063016940699998,0.441148503232,-0.51093057202299996,3.1211010900859999,1.2874332827229999,0.94011675888599999,-0.249781977539
97,1,-0.052611191578008566,0.48963617775708829,false,flipguard_tabular_validation_v2,sha256:665f1683d38698145d16caee520d2372462728639a8a1629d51f9f4adb499c9a,sha256:afd5351d9b781a1fad2db90dc7bca0052521a41efd7694c0ade20974824dcb4e,model_input,identity_model_input_v1,-0.168445281626,-0.247638012529,0.083667143493999993,2.570274697906,-0.39750401667099999,0.24179944713400001,0.97792955018600003,-0.023923071274,-0.487975475682,0.714161469065,-0.36005456465000002,-0.51093057202299996,-0.34888549929599999,1.333049672025,-0.70041667704999999,-0.249781977539
99,0,-0.031643542660970844,0.49376634883625153,false,flipguard_tabular_validation_v2,sha256:665f1683d38698145d16caee520d2372462728639a8a1629d51f9f4adb499c9a,sha256:afd5351d9b781a1fad2db90dc7bca0052521a41efd7694c0ade20974824dcb4e,model_input,identity_model_input_v1,-0.168445281626,1.9981120838290001,1.1887253290819999,-0.381671547931,-0.39750401667099999,-1.3355584579590001,0.12605397636499999,-0.59057948165999996,-0.48182992877399999,-0.34519023366899998,-0.075192860680000001,-0.51093057202299996,-0.073311199652999995,0.41558201113400001,1.0220702579159999,-0.249781977539
100,1,0.046136583075017515,0.50908851404335331,true,flipguard_tabular_validation_v2,sha256:665f1683d38698145d16caee520d2372462728639a8a1629d51f9f4adb499c9a,sha256:afd5351d9b781a1fad2db90dc7bca0052521a41efd7694c0ade20974824dcb4e,model_input,identity_model_input_v1,-0.168445281626,-0.042442572253000001,0.36921789313100001,-0.381671547931,-0.39750401667099999,1.4370022028260001,0.81119408856599995,-0.105652361234,0.66124179609400002,0.34876674899900001,-0.25659732887999998,-0.19384278814,-0.34888549929599999,1.022087243544,1.424520476366,-0.249781977539
101,1,0.31230325190341712,0.56140190073151752,true,flipguard_tabular_validation_v2,sha256:665f1683d38698145d16caee520d2372462728639a8a1629d51f9f4adb499c9a,sha256:afd5351d9b781a1fad2db90dc7bca0052521a41efd7694c0ade20974824dcb4e,model_input,identity_model_input_v1,-0.168445281626,-0.58699970221700004,1.4278450625179999,-0.381671547931,-0.39750401667099999,1.125903314816,0.535760877631,-0.19737078663300001,1.1332197986200001,1.398073236061,0.54744018381799997,0.46436858831799999,-0.34888549929599999,-1.101966038602,-0.83724975132299995,-0.249781977539
103,1,0.67330940893169078,0.63142098623494147,true,flipguard_tabular_validation_v2,sha256:665f1683d38698145d16caee520d2372462728639a8a1629d51f9f4adb499c9a,sha256:afd5351d9b781a1fad2db90dc7bca0052521a41efd7694c0ade20974824dcb4e,model_input,identity_model_input_v1,-0.168445281626,-0.32655933571200002,2.2976527660210002,-0.381671547931,-0.37349971606999999,1.544953061477,-1.6480310090700001,-0.59421189454699996,-0.202822099156,2.3419049585680001,2.5830439689019999,-0.23729213461900001,-0.34888549929599999,-0.22947228265700001,0.57717983461099998,-0.137264858061
104,1,0.044678842532916194,0.50880137522754665,true,flipguard_tabular_validation_v2,sha256:665f1683d38698145d16caee520d2372462728639a8a1629d51f9f4adb499c9a,sha256:afd5351d9b781a1fad2db90dc7bca0052521a41efd7694c0ade20974824dcb4e,model_input,identity_model_input_v1,-0.168445281626,1.158038443723,0.45124602175299999,-0.381671547931,-0.39750401667099999,-1.2695125739749999,-1.1291345134690001,-0.59421189454699996,-0.487975475682,-0.36276936109500002,0.178489950318,-0.51093057202299996,-0.34888549929599999,0.172722924428,-0.115766268792,-0.249781977539
105,1,0.022165504398756808,0.50436656080605602,true,flipguard_tabular_validation_v2,sha256:665f1683d38698145d16caee520d2372462728639a8a1629d51f9f4adb499c9a,sha256:afd5351d9b781a1fad2db90dc7bca0052521a41efd7694c0ade20974824dcb4e,model_input,identity_model_input_v1,-0.168445281626,-0.73870402344700004,1.433262014409,2.3565720256690001,-0.39750401667099999,0.618488730273,1.5848663042819999,1.0567197626339999,2.8724095735540001,0.73006639387899996,1.1379495204050001,-0.51093057202299996,4.546776293342,1.36388892113,-0.83944493433199996,-0.249781977539
106,1,0.1926696400614292,0.53792731027841101,true,flipguard_tabular_validation_v2,sha256:665f1683d38698145d16caee520d2372462728639a8a1629d51f9f4adb499c9a,sha256:afd5351d9b781a1fad2db90dc7bca0052521a41efd7694c0ade20974824dcb4e,model_input,identity_model_input_v1,-0.168445281626,0.624881060441,-0.534639222252,-0.381671547931,-0.39750401667099999,-0.36764464094400001,-2.4640018964650001,-0.59421189454699996,-0.487975475682,0.127772004217,0.27391625911099998,-0.51093057202299996,-0.34888549929599999,-1.1141732413729999,-0.76334525666200004,-0.249781977539
107,0,-0.2175781220889649,0.45717831074986165,false,flipguard_tabular_validation_v2,sha256:665f1683d38698145d16caee520d2372462728639a8a1629d51f9f4adb499c9a,sha256:afd5351d9b781a1fad2db90dc7bca0052521a41efd7694c0ade20974824dcb4e,model_input,identity_model_input_v1,-0.168445281626,-0.67556696490000001,0.0062821164919999997,-0.381671547931,-0.39750401667099999,-1.8019790455469999,-0.52072222431399995,-0.59421189454699996,-0.487975475682,-1.4367703366839999,-0.59814792916199999,-0.51093057202299996,-0.34888549929599999,-0.73767740854300001,-0.56138841976700005,-0.249781977539
110,0,-0.0067229101810135257,0.49867558790977584,false,flipguard_tabular_validation_v2,sha256:665f1683d38698145d16caee520d2372462728639a8a1629d51f9f4adb499c9a,sha256:afd5351d9b781a1fad2db90dc7bca0052521a41efd7694c0ade20974824dcb4e,model_input,identity_model_input_v1,-0.168445281626,-0.73870402344700004,-1.1661010425880001,-0.381671547931,1.326004766519,-0.152653901353,-0.159707979981,-0.59421189454699996,0.68582398372499997,-0.25352764066299999,0.101959940296,0.23048168067200001,-0.34888549929599999,-1.3814467336209999,-1.151160921714,4.3875307323900001
112,1,0.12549308586479674,0.52471423259658523,true,flipguard_tabular_validation_v2,sha256:665f1683d38698145d16caee520d2372462728639a8a1629d51f9f4adb499c9a,sha256:afd5351d9b781a1fad2db90dc7bca0052521a41efd7694c0ade20974824dcb4e,model_input,identity_model_input_v1,-0.168445281626,-0.70099716903700005,-1.1219915771969999,2.8495128562960002,-0.186266171378,1.01112012334,-0.547281855368,0.49460386835699999,0.44491854493600003,0.65849423221600001,1.6949179266750001,-0.31679519413500001,-0.34888549929599999,-1.2323903629440001,-0.041861774131999999,-0.249781977539
113,1,0.051103208187227217,0.51006679818102652,true,flipguard_tabular_validation_v2,sha256:665f1683d38698145d16caee520d2372462728639a8a1629d51f9f4adb499c9a,sha256:afd5351d9b781a1fad2db90dc7bca0052521a41efd7694c0ade20974824dcb4e,model_input,identity_model_input_v1,5.0498317340570003,3.1661476669400002,-0.40231082607800001,-0.381671547931,0.65868520979699996,-1.607940793289,-0.24086240820300001,-0.59421189454699996,-0.487975475682,0.53585889088799998,1.505482531497,-0.51093057202299996,-0.34888549929599999,-0.056643990795000002,-0.026495493064000002,-0.249781977539
114,0,-0.17574580754807678,0.46539978866704285,false,flipguard_tabular_validation_v2,sha256:665f1683d38698145d16caee520d2372462728639a8a1629d51f9f4adb499c9a,sha256:afd5351d9b781a1fad2db90dc7bca0052521a41efd7694c0ade20974824dcb4e,model_input,identity_model_input_v1,-0.168445281626,0.25745845584400001,-1.162231791238,-0.381671547931,-0.36549828253599997,-0.82996582883600001,-0.80943525077599998,-0.59421189454699996,-0.487975475682,-0.93283535047599997,-1.4007682194510001,-0.51093057202299996,-0.34888549929599999,-1.0512097744490001,0.25814657053099999,-0.249781977539
120,1,-0.18273582031583652,0.46402545133360595,false,flipguard_tabular_validation_v2,sha256:665f1683d38698145d16caee520d2372462728639a8a1629d51f9f4adb499c9a,sha256:afd5351d9b781a1fad2db90dc7bca0052521a41efd7694c0ade20974824dcb4e,model_input,identity_model_input_v1,-0.168445281626,-0.356374057804,-0.774532805958,-0.381671547931,-0.39750401667099999,1.270748770727,0.77479755712099996,-0.024831174495999999,-0.487975475682,-0.69886553545100005,0.096291050665000003,-0.51093057202299996,-0.34888549929599999,0.56335341309800002,-0.86505540277899995,2.486795106917
124,1,0.24355981923050396,0.54792349116465133,true,flipguard_tabular_validation_v2,sha256:665f1683d38698145d16caee520d2372462728639a8a1629d51f9f4adb499c9a,sha256:afd5351d9b781a1fad2db90dc7bca0052521a41efd7694c0ade20974824dcb4e,model_input,identity_model_input_v1,-0.168445281626,-0.73870402344700004,1.673929448385,-0.26769678940500002,-0.39750401667099999,0.110618656875,-0.25512591376900001,1.4581013866570001,0.28636343471199999,0.39815572605299998,-0.071886008395000006,0.81658563105699999,-0.23359421067,1.513587776164,0.277903217619,-0.249781977539
125,0,-0.45664158174668062,0.41042248680868892,false,flipguard_tabular_validation_v2,sha256:665f1683d38698145d16caee520d2372462728639a8a1629d51f9f4adb499c9a,sha256:afd5351d9b781a1fad2db90dc7bca0052521a41efd7694c0ade20974824dcb4e,model_input,identity_model_input_v1,3.9431367428119999,2.257675546742,0.061999335932999999,-0.381671547931,-0.33029197498700003,-0.51886694082600004,1.6448713966640001,-0.027555484161,-0.355231662472,-1.3091123875199999,0.98111024060800001,-0.51093057202299996,6.1046146811190001,1.392158232811,0.31083096276400002,-0.249781977539
126,1,0.30035660279029086,0.55906186516069645,true,flipguard_tabular_validation_v2,sha256:665f1683d38698145d16caee520d2372462728639a8a1629d51f9f4adb499c9a,sha256:afd5351d9b781a1fad2db90dc7bca0052521a41efd7694c0ade20974824dcb4e,model_input,identity_model_input_v1,-0.168445281626,-0.73870402344700004,1.09818484749,0.68399244429200001,-0.39750401667099999,-0.44826616829100002,-1.7050850313349999,-0.59421189454699996,-0.487975475682,1.0025428689789999,0.41941775964599998,-0.51093057202299996,-0.34888549929599999,-0.98696133881299997,-0.81749310423499999,-0.249781977539
128,0,-0.34799673046224494,0.43161321611553316,false,flipguard_tabular_validation_v2,sha256:665f1683d38698145d16caee520d2372462728639a8a1629d51f9f4adb499c9a,sha256:afd5351d9b781a1fad2db90dc7bca0052521a41efd7694c0ade20974824dcb4e,model_input,identity_model_input_v1,-0.168445281626,-0.73870402344700004,-1.1661010425880001,-0.381671547931,-0.39750401667099999,-0.56122740434700003,0.62035822098899995,-0.59421189454699996,-0.487975475682,-1.363523972409,-0.81167610527199996,-0.51093057202299996,-0.34888549929599999,1.026584634038,-0.94335026345899997,-0.249781977539
130,0,0.051821172430343135,0.51020821431944241,true,flipguard_tabular_validation_v2,sha256:665f1683d38698145d16caee520d2372462728639a8a1629d51f9f4adb499c9a,sha256:afd5351d9b781a1fad2db90dc7bca0052521a41efd7694c0ade20974824dcb4e,model_input,identity_model_input_v1,-0.168445281626,-0.73870402344700004,-1.1661010425880001,-0.381671547931,0.532262559962,0.82710262589299999,0.34197393993699998,0.62173831940500002,0.079873058607000003,0.357556312712,0.86111874341299999,-0.51093057202299996,-0.34888549929599999,-1.3814467336209999,1.9703893181180001,-0.249781977539
131,0,-0.27276772578634489,0.44634593613080598,false,flipguard_tabular_validation_v2,sha256:665f1683d38698145d16caee520d2372462728639a8a1629d51f9f4adb499c9a,sha256:afd5351d9b781a1fad2db90dc7bca0052521a41efd7694c0ade20974824dcb4e,model_input,identity_model_input_v1,-0.168445281626,-0.73870402344700004,-0.61744120114400003,-0.381671547931,-0.39750401667099999,0.024075774412000001,0.280001467477,-0.59421189454699996,-0.487975475682,-1.3354810786589999,-0.45122920621899998,-0.51093057202299996,-0.34888549929599999,-0.87581154516100002,0.458639952086,-0.249781977539
132,0,-0.014395467116602933,0.49716410491068952,false,flipguard_tabular_validation_v2,sha256:665f1683d38698145d16caee520d2372462728639a8a1629d51f9f4adb499c9a,sha256:afd5351d9b781a1fad2db90dc7bca0052521a41efd7694c0ade20974824dcb4e,model_input,identity_model_input_v1,-0.168445281626,-0.73870402344700004,-0.350462857987,-0.381671547931,-0.39750401667099999,-0.27244747023600002,-0.48580122792699998,-0.59421189454699996,-0.487975475682,-0.13926331239500001,-0.30383807580700001,-0.51093057202299996,-0.34888549929599999,-1.119313116224,0.58522883898,-0.249781977539
133,1,-0.018832617070977872,0.49629000115428362,false,flipguard_tabular_validation_v2,sha256:665f1683d38698145d16caee520d2372462728639a8a1629d51f9f4adb499c9a,sha256:afd5351d9b781a1fad2db90dc7bca0052521a41efd7694c0ade20974824dcb4e,model_input,identity_model_input_v1,-0.168445281626,-0.73870402344700004,-0.431717136339,-0.381671547931,-0.39750401667099999,-0.735679635838,-0.67466971542599996,-0.59421189454699996,-0.487975475682,-0.12545114084600001,-0.493745878453,-0.51093057202299996,-0.34888549929599999,-0.224332407806,-1.1094524445289999,-0.249781977539
135,0,-0.11059686536935108,0.47821782865818774,false,flipguard_tabular_validation_v2,sha256:665f1683d38698145d16caee520d2372462728639a8a1629d51f9f4adb499c9a,sha256:afd5351d9b781a1fad2db90dc7bca0052521a41efd7694c0ade20974824dcb4e,model_input,identity_model_input_v1,-0.168445281626,-0.73870402344700004,-1.1661010425880001,-0.381671547931,-0.035839220940999998,0.31148924195900002,0.64445862694599998,-0.53972570123999997,-0.25075736503700002,-0.132147951294,0.012202521135,-0.51093057202299996,-0.34888549929599999,-1.3814467336209999,1.598671661804,-0.249781977539
136,0,-0.057702490685407601,0.48863337783461758,false,flipguard_tabular_validation_v2,sha256:665f1683d38698145d16caee520d2372462728639a8a1629d51f9f4adb499c9a,sha256:afd5351d9b781a1fad2db90dc7bca0052521a41efd7694c0ade20974824dcb4e,model_input,identity_model_input_v1,-0.168445281626,3.4441261052629999,0.14634901536600001,-0.381671547931,-0.39750401667099999,0.030908107237999999,0.93907379364300003,-0.59421189454699996,-0.487975475682,-0.24180822237899999,1.4119458525819999,-0.51093057202299996,-0.34888549929599999,0.29029756164300002,1.579646742387,-0.249781977539
138,1,0.1984090107114829,0.5390553327261367,true,flipguard_tabular_validation_v2,sha256:665f1683d38698145d16caee520d2372462728639a8a1629d51f9f4adb499c9a,sha256:afd5351d9b781a1fad2db90dc7bca0052521a41efd7694c0ade20974824dcb4e,model_input,identity_model_input_v1,-0.168445281626,0.61961963889500005,1.144615863691,-0.381671547931,-0.39750401667099999,1.7849956880969999,0.92874504823299997,-0.59421189454699996,-0.487975475682,0.98370808959400002,0.118021794251,1.139220140023,-0.34888549929599999,0.20484714224600001,1.5759881040370001,0.40924686512000003
139,1,0.32077873884929592,0.5630613803084169,true,flipguard_tabular_validation_v2,sha256:665f1683d38698145d16caee520d2372462728639a8a1629d51f9f4adb499c9a,sha256:afd5351d9b781a1fad2db90dc7bca0052521a41efd7694c0ade20974824dcb4e,model_input,identity_model_input_v1,-0.168445281626,1.5500143488660001,-0.210395959114,-0.381671547931,-0.39750401667099999,-1.8019790455469999,-0.89944288934899996,-0.59421189454699996,0.42771101359399999,1.3871909190830001,-0.001024888005,0.64741051604099997,-0.21391033212400001,-0.99788357287100005,-1.2104308629760001,-0.249781977539
140,0,-0.15786019108669619,0.46891727775869363,false,flipguard_tabular_validation_v2,sha256:665f1683d38698145d16caee520d2372462728639a8a1629d51f9f4adb499c9a,sha256:afd5351d9b781a1fad2db90dc7bca0052521a41efd7694c0ade20974824dcb4e,model_input,identity_model_input_v1,-0.168445281626,-0.58787660580800005,-0.10824772347100001,-0.381671547931,-0.39750401667099999,-1.3241712365830001,-0.49317890322000002,-0.59421189454699996,-0.487975475682,-1.020312436952,-0.65908849269799996,-0.51093057202299996,-0.34888549929599999,-1.1173856631550001,-0.093814438695000002,-0.249781977539
143,1,-0.013258085079634108,0.49738816656116819,false,flipguard_tabular_validation_v2,sha256:665f1683d38698145d16caee520d2372462728639a8a1629d51f9f4adb499c9a,sha256:afd5351d9b781a1fad2db90dc7bca0052521a41efd7694c0ade20974824dcb4e,model_input,identity_model_input_v1,-0.168445281626,-0.35812786498499999,-0.068781359700000003,-0.381671547931,-0.39750401667099999,1.698452805634,0.315906153902,-0.59421189454699996,-0.487975475682,0.075453172592000003,0.0060612240340000003,-0.51093057202299996,-0.34888549929599999,0.051935865430999997,1.464033770541,-0.249781977539
145,0,-0.2186906861731153,0.45695977089120654,false,flipguard_tabular_validation_v2,sha256:665f1683d38698145d16caee520d2372462728639a8a1629d51f9f4adb499c9a,sha256:afd5351d9b781a1fad2db90dc7bca0052521a41efd7694c0ade20974824dcb4e,model_input,identity_model_input_v1,-0.168445281626,-0.73870402344700004,-0.70798168273600004,-0.381671547931,-0.39750401667099999,-1.786492424475,-1.213240011808,-0.59421189454699996,-0.487975475682,-1.4723471421879999,-1.4163576659370001,-0.51093057202299996,-0.34888549929599999,-1.30563357957,-0.51382612122299998,-0.249781977539
149,0,-0.097482379000135927,0.48079967676472091,false,flipguard_tabular_validation_v2,sha256:665f1683d38698145d16caee520d2372462728639a8a1629d51f9f4adb499c9a,sha256:afd5351d9b781a1fad2db90dc7bca0052521a41efd7694c0ade20974824dcb4e,model_input,identity_model_input_v1,-0.168445281626,0.80026177862600001,-0.69637392868600001,-0.381671547931,-0.39750401667099999,-0.403628260495,-0.73369111776899998,-0.59421189454699996,-0.487975475682,-0.69300582630899998,-0.45784291078900002,-0.51093057202299996,-0.34888549929599999,-0.80064087546600005,-0.023568582384,-0.249781977539
150,0,-0.30882525686814366,0.43927923881039105,false,flipguard_tabular_validation_v2,sha256:665f1683d38698145d16caee520d2372462728639a8a1629d51f9f4adb499c9a,sha256:afd5351d9b781a1fad2db90dc7bca0052521a41efd7694c0ade20974824dcb4e,model_input,identity_model_input_v1,-0.168445281626,-0.73870402344700004,-1.1661010425880001,-0.381671547931,-0.39750401667099999,-0.62454035520200002,1.696515123715,0.402885442958,0.108142574384,-0.477033689363,-0.202270469914,-0.51093057202299996,3.1942126389709999,-0.055359022081999998,-1.1716492964709999,-0.249781977539
151,0,-0.22117301362955238,0.45647219324028726,false,flipguard_tabular_validation_v2,sha256:665f1683d38698145d16caee520d2372462728639a8a1629d51f9f4adb499c9a,sha256:afd5351d9b781a1fad2db90dc7bca0052521a41efd7694c0ade20974824dcb4e,model_input,identity_model_input_v1,-0.168445281626,-0.73870402344700004,-1.1661010425880001,-0.381671547931,-0.39750401667099999,0.82573615932800004,0.13638272177499999,-0.59421189454699996,-0.487975475682,-0.93660230635300001,-0.62743719225700001,-0.51093057202299996,-0.34888549929599999,-1.3814467336209999,0.81938169335099997,-0.249781977539
152,0,-0.21198022825488086,0.45827799688332721,false,flipguard_tabular_validation_v2,sha256:665f1683d38698145d16caee520d2372462728639a8a1629d51f9f4adb499c9a,sha256:afd5351d9b781a1fad2db90dc7bca0052521a41efd7694c0ade20974824dcb4e,model_input,identity_model_input_v1,-0.168445281626,-0.73870402344700004,-1.1661010425880001,-0.381671547931,-0.39750401667099999,-0.51613400769600004,0.106380175583,-0.59421189454699996,-0.487975475682,-0.58794961240700006,-1.499973787998,-0.51093057202299996,-0.34888549929599999,0.150878456312,-1.2104308629760001,-0.249781977539
155,1,0.064170310766295161,0.51264049425154912,true,flipguard_tabular_validation_v2,sha256:665f1683d38698145d16caee520d2372462728639a8a1629d51f9f4adb499c9a,sha256:afd5351d9b781a1fad2db90dc7bca0052521a41efd7694c0ade20974824dcb4e,model_input,identity_model_input_v1,-0.168445281626,-0.73870402344700004,0.498450888225,-0.381671547931,-0.39750401667099999,-1.0832176322530001,-0.54433078525099998,-0.59421189454699996,-0.487975475682,0.120238092463,0.18179680260299999,-0.51093057202299996,-0.34888549929599999,-0.53979222678200001,-0.85554294307000001,-0.249781977539
156,1,0.24169411904986907,0.54755726619257483,true,flipguard_tabular_validation_v2,sha256:665f1683d38698145d16caee520d2372462728639a8a1629d51f9f4adb499c9a,sha256:afd5351d9b781a1fad2db90dc7bca0052521a41efd7694c0ade20974824dcb4e,model_input,identity_model_input_v1,-0.168445281626,-0.674690061309,-0.47040964984,0.43039860657000001,-0.23587505928800001,1.006109745934,-0.58023547167599998,3.6429977382379999,1.25735984616,0.75852783828199999,0.93292467874200002,-0.34452881954800002,2.3899856012380001,0.95462638612499995,0.44254194334800001,-0.249781977539
157,0,-0.20815153654596638,0.4590302216787005,false,flipguard_tabular_validation_v2,sha256:665f1683d38698145d16caee520d2372462728639a8a1629d51f9f4adb499c9a,sha256:afd5351d9b781a1fad2db90dc7bca0052521a41efd7694c0ade20974824dcb4e,model_input,identity_model_input_v1,-0.168445281626,0.59682014553100005,0.71745051463999998,-0.381671547931,-0.39750401667099999,-0.77621814393800004,0.065065193943000005,-0.59421189454699996,-0.33679502174800002,-1.3903112142009999,-0.17581565163400001,-0.51093057202299996,-0.34888549929599999,1.1120350534350001,-0.46333691199900001,-0.249781977539
158,1,0.34700348850949458,0.56819255450374451,true,flipguard_tabular_validation_v2,sha256:665f1683d38698145d16caee520d2372462728639a8a1629d51f9f4adb499c9a,sha256:afd5351d9b781a1fad2db90dc7bca0052521a41efd7694c0ade20974824dcb4e,model_input,identity_model_input_v1,-0.042366105409000002,1.4719699292740001,-0.126820129951,-0.381671547931,0.74190011854899995,2.3529902903640001,1.2307378902220001,-0.59421189454699996,-0.487975475682,1.8773137337420001,1.396828813565,1.8233162335319999,-0.34888549929599999,0.74324903288099997,2.609919301618,1.976449600711
162,1,0.15868505074389422,0.53124497163819751,true,flipguard_tabular_validation_v2,sha256:665f1683d38698145d16caee520d2372462728639a8a1629d51f9f4adb499c9a,sha256:afd5351d9b781a1fad2db90dc7bca0052521a41efd7694c0ade20974824dcb4e,model_input,identity_model_input_v1,-0.168445281626,1.8876222313719999,-0.46886194930000002,2.8609103321489999,-0.39750401667099999,1.100395938933,-0.66827573017200004,2.1500760416459999,-0.487975475682,0.77903682027900001,0.33154997036099998,-0.51093057202299996,-0.34888549929599999,-0.14337937890399999,2.098441660352,-0.249781977539
163,0,-0.31822056936470861,0.43743944540712415,false,flipguard_tabular_validation_v2,sha256:665f1683d38698145d16caee520d2372462728639a8a1629d51f9f4adb499c9a,sha256:afd5351d9b781a1fad2db90dc7bca0052521a41efd7694c0ade20974824dcb4e,model_input,identity_model_input_v1,-0.168445281626,-0.73870402344700004,-1.1661010425880001,-0.381671547931,0.10498600925400001,-0.038781687586999999,-0.11003163300799999,-0.59421189454699996,-0.487975475682,-1.6925047856640001,-0.41579864602400002,-0.51093057202299996,-0.34888549929599999,-0.26545140661400002,-0.021373399373999999,-0.249781977539
165,1,0.12238703712285251,0.52410291357373973,true,flipguard_tabular_validation_v2,sha256:665f1683d38698145d16caee520d2372462728639a8a1629d51f9f4adb499c9a,sha256:afd5351d9b781a1fad2db90dc7bca0052521a41efd7694c0ade20974824dcb4e,model_input,identity_model_input_v1,-0.168445281626,-0.51421670416999998,-0.47814815253999998,0.077076855138,-0.39750401667099999,0.61666677485300003,0.059654898727999998,-0.54880673345800002,-0.487975475682,0.58901482381900006,1.4913103074189999,0.074248924182000006,-0.34888549929599999,-1.035790149896,0.55669145985400004,-0.249781977539
166,0,-0.14602351026712118,0.47124582303608381,false,flipguard_tabular_validation_v2,sha256:665f1683d38698145d16caee520d2372462728639a8a1629d51f9f4adb499c9a,sha256:afd5351d9b781a1fad2db90dc7bca0052521a41efd7694c0ade20974824dcb4e,model_input,identity_model_input_v1,-0.168445281626,-0.73870402344700004,-0.043244300788999997,-0.381671547931,-0.39750401667099999,-1.6926617203309999,-0.89550812919300005,-0.59421189454699996,-0.487975475682,-0.98431708079500002,-1.384233958027,-0.51093057202299996,-0.34888549929599999,-0.73574995547300004,-0.721636779477,-0.249781977539
168,1,-0.069427374222837915,0.48632414588239042,false,flipguard_tabular_validation_v2,sha256:665f1683d38698145d16caee520d2372462728639a8a1629d51f9f4adb499c9a,sha256:afd5351d9b781a1fad2db90dc7bca0052521a41efd7694c0ade20974824dcb4e,model_input,identity_model_input_v1,-0.168445281626,0.15924525366,-0.33808125366699998,-0.381671547931,-0.39750401667099999,1.838287884139,1.2159825396370001,-0.59421189454699996,-0.487975475682,-0.058064485713999997,1.4558797472239999,-0.51093057202299996,-0.34888549929599999,-0.17036372187099999,1.4486674894730001,-0.249781977539
170,0,-0.20232546939444948,0.46017501178364451,false,flipguard_tabular_validation_v2,sha256:665f1683d38698145d16caee520d2372462728639a8a1629d51f9f4adb499c9a,sha256:afd5351d9b781a1fad2db90dc7bca0052521a41efd7694c0ade20974824dcb4e,model_input,identity_model_input_v1,-0.168445281626,-0.72642737317399997,-0.94323216482200001,-0.381671547931,-0.39750401667099999,-0.40545021591500002,1.3876364514520001,-0.43075331462799998,-0.487975475682,-0.12545114084600001,-0.556576071866,-0.46470786300200001,-0.34888549929599999,0.68414047209499995,-1.2104308629760001,-0.249781977539
172,0,-0.0038634187681378116,0.49923890673333843,false,flipguard_tabular_validation_v2,sha256:665f1683d38698145d16caee520d2372462728639a8a1629d51f9f4adb499c9a,sha256:afd5351d9b781a1fad2db90dc7bca0052521a41efd7694c0ade20974824dcb4e,model_input,identity_model_input_v1,1.036311291122,0.062785858658000002,-0.49749440929099997,-0.381671547931,1.6700664084750001,0.490040873145,0.65872213251199996,-0.51429881103099995,-0.487975475682,-0.053878979184000003,1.7634170097190001,0.30628692346600001,-0.34888549929599999,-0.88544881050699997,1.932339479283,-0.249781977539
174,1,-0.042409967539313878,0.49164554150993262,false,flipguard_tabular_validation_v2,sha256:665f1683d38698145d16caee520d2372462728639a8a1629d51f9f4adb499c9a,sha256:afd5351d9b781a1fad2db90dc7bca0052521a41efd7694c0ade20974824dcb4e,model_input,identity_model_input_v1,-0.168445281626,-0.73870402344700004,-0.82096382215899999,1.7866982330359999,-0.39750401667099999,0.038195928918999998,-0.413991855076,-0.43620193395899998,-0.45233130361599999,0.043643322965000002,0.21628254786000001,-0.51093057202299996,-0.34888549929599999,-1.1809916144349999,0.0035053414030000001,-0.249781977539
178,1,-0.10327372738402253,0.47965948155372479,false,flipguard_tabular_validation_v2,sha256:665f1683d38698145d16caee520d2372462728639a8a1629d51f9f4adb499c9a,sha256:afd5351d9b781a1fad2db90dc7bca0052521a41efd7694c0ade20974824dcb4e,model_input,identity_model_input_v1,-0.168445281626,0.65644958971400003,-0.0076471883680000003,-0.381671547931,-0.39750401667099999,-1.5168430222760001,-0.040189640236000003,-0.59421189454699996,-0.487975475682,-0.21878793646399999,-1.792394011476,-0.51093057202299996,-0.34888549929599999,-0.35668418521799999,0.032774448199000002,-0.249781977539
180,0,-0.1101051338919105,0.47831462790332951,false,flipguard_tabular_validation_v2,sha256:665f1683d38698145d16caee520d2372462728639a8a1629d51f9f4adb499c9a,sha256:afd5351d9b781a1fad2db90dc7bca0052521a41efd7694c0ade20974824dcb4e,model_input,identity_model_input_v1,-0.168445281626,-0.62119894226299999,-0.044792001328999999,-0.381671547931,-0.39750401667099999,-1.298663860699,-0.85665237265100003,-0.59421189454699996,-0.487975475682,-0.88093506950400002,-0.81876221731099996,-0.51093057202299996,-0.34888549929599999,-1.1540072714680001,-0.15088919694799999,-0.249781977539
181,1,0.28059630577238481,0.55518910203709027,true,flipguard_tabular_validation_v2,sha256:665f1683d38698145d16caee520d2372462728639a8a1629d51f9f4adb499c9a,sha256:afd5351d9b781a1fad2db90dc7bca0052521a41efd7694c0ade20974824dcb4e,model_input,identity_model_input_v1,-0.168445281626,-0.32743623930299998,1.933943139111,-0.099584020578000004,0.22820808567600001,1.4014740721309999,0.92579397811599995,2.8683856900669999,4.6779712550930004,0.23617662334299999,0.72601020720200005,0.94323585377399999,0.62687248005200003,1.787286111976,-0.20723222753100001,-0.249781977539
182,0,-0.098644740222613048,0.48057082573908982,false,flipguard_tabular_validation_v2,sha256:665f1683d38698145d16caee520d2372462728639a8a1629d51f9f4adb499c9a,sha256:afd5351d9b781a1fad2db90dc7bca0052521a41efd7694c0ade20974824dcb4e,model_input,identity_model_input_v1,-0.168445281626,-0.43529538098699999,-0.69792162922599998,-0.381671547931,0.037773967569999997,0.23678906972800001,0.222455600192,-0.59421189454699996,-0.487975475682,-0.27822212919,-0.17676046657300001,-0.51093057202299996,-0.34888549929599999,-1.3814467336209999,0.83694315742900005,-0.249781977539
184,0,-0.19501944741921065,0.46161083723315788,false,flipguard_tabular_validation_v2,sha256:665f1683d38698145d16caee520d2372462728639a8a1629d51f9f4adb499c9a,sha256:afd5351d9b781a1fad2db90dc7bca0052521a41efd7694c0ade20974824dcb4e,model_input,identity_model_input_v1,-0.168445281626,0.030340425793999998,-0.25992237639499999,-0.381671547931,-0.39750401667099999,0.157989497802,-0.65794698476199998,-0.59421189454699996,-0.487975475682,-1.3589199152260001,-0.56224496149699998,-0.51093057202299996,-0.34888549929599999,-0.088768208612999999,-0.59797480326200003,-0.249781977539
185,0,-0.054724904193403881,0.48921984943778568,false,flipguard_tabular_validation_v2,sha256:665f1683d38698145d16caee520d2372462728639a8a1629d51f9f4adb499c9a,sha256:afd5351d9b781a1fad2db90dc7bca0052521a41efd7694c0ade20974824dcb4e,model_input,identity_model_input_v1,-0.168445281626,-0.73870402344700004,-0.26456547801500002,0.13121486543800001,-0.39750401667099999,0.64490708386700002,1.4815788501810001,0.28846443701500002,-0.487975475682,0.45131165898300002,0.61452204445400005,-0.51093057202299996,-0.34888549929599999,1.3157025944030001,-1.2082356799659999,-0.249781977539
187,0,-0.21849921691414623,0.45699738054577943,false,flipguard_tabular_validation_v2,sha256:665f1683d38698145d16caee520d2372462728639a8a1629d51f9f4adb499c9a,sha256:afd5351d9b781a1fad2db90dc7bca0052521a41efd7694c0ade20974824dcb4e,model_input,identity_model_input_v1,-0.168445281626,-0.73870402344700004,-0.47737430226999999,-0.381671547931,-0.39750401667099999,-1.704048941708,-0.735166652827,-0.59421189454699996,-0.487975475682,-1.3057639822960001,-1.365810066726,-0.51093057202299996,-0.34888549929599999,-1.1071059134529999,0.019603350140999998,-0.249781977539
188,0,0.1679568662086186,0.53306855072024495,true,flipguard_tabular_validation_v2,sha256:665f1683d38698145d16caee520d2372462728639a8a1629d51f9f4adb499c9a,sha256:afd5351d9b781a1fad2db90dc7bca0052521a41efd7694c0ade20974824dcb4e,model_input,identity_model_input_v1,-0.168445281626,-0.18976237552799999,2.0476991288040001,-0.26484742044199999,-0.39750401667099999,-1.576967551144,0.55887759354800004,0.24396737914800001,1.7834186614750001,0.77485131374899996,-0.61373737564800002,-0.51093057202299996,-0.13236283529099999,0.31920935767899999,-1.1848203945289999,-0.249781977539
189,0,-0.29936514663584624,0.44113238192102117,false,flipguard_tabular_validation_v2,sha256:665f1683d38698145d16caee520d2372462728639a8a1629d51f9f4adb499c9a,sha256:afd5351d9b781a1fad2db90dc7bca0052521a41efd7694c0ade20974824dcb4e,model_input,identity_model_input_v1,-0.168445281626,0.68714121539700002,-1.1661010425880001,-0.381671547931,-0.39750401667099999,-0.063833574614999999,-0.16315089511700001,-0.59421189454699996,-0.487975475682,-1.6539981255889999,-0.141329906378,-0.51093057202299996,-0.34888549929599999,0.222194219868,-0.51821648724199998,-0.249781977539
190,1,0.059271545808535421,0.51167566161298395,true,flipguard_tabular_validation_v2,sha256:665f1683d38698145d16caee520d2372462728639a8a1629d51f9f4adb499c9a,sha256:afd5351d9b781a1fad2db90dc7bca0052521a41efd7694c0ade20974824dcb4e,model_input,identity_model_input_v1,-0.168445281626,-0.73870402344700004,1.393795650638,0.80366594074499997,-0.39750401667099999,-0.081597639962999999,1.7919330575029999,0.099578966887000006,1.0815972045940001,1.0238889522820001,0.29234015041200001,-0.51093057202299996,0.63812041065000003,0.82355957742700003,-0.72529541782700002,-0.249781977539
192,0,-0.029490649434183731,0.49419044465334877,false,flipguard_tabular_validation_v2,sha256:665f1683d38698145d16caee520d2372462728639a8a1629d51f9f4adb499c9a,sha256:afd5351d9b781a1fad2db90dc7bca0052521a41efd7694c0ade20974824dcb4e,model_input,identity_model_input_v1,-0.168445281626,-0.73870402344700004,0.79560939191199997,-0.381671547931,-0.39750401667099999,-1.4681057147829999,1.0153097716699999,-0.59421189454699996,-0.487975475682,0.61496496430500003,-1.3379380260389999,-0.51093057202299996,-0.34888549929599999,0.70983984634999997,-1.2104308629760001,-0.249781977539
195,0,-0.15777919069253732,0.46893321062656723,false,flipguard_tabular_validation_v2,sha256:665f1683d38698145d16caee520d2372462728639a8a1629d51f9f4adb499c9a,sha256:afd5351d9b781a1fad2db90dc7bca0052521a41efd7694c0ade20974824dcb4e,model_input,identity_model_input_v1,-0.168445281626,-0.73870402344700004,-0.64065670924499996,-0.381671547931,-0.39750401667099999,-1.454896537987,-0.26447096914000001,-0.59421189454699996,-0.487975475682,-0.57037048498099996,-1.510839159791,-0.51093057202299996,-0.34888549929599999,-0.59633085014200005,-0.371870953261,-0.249781977539
197,1,0.0085763089117405159,0.5016895303323573,true,flipguard_tabular_validation_v2,sha256:665f1683d38698145d16caee520d2372462728639a8a1629d51f9f4adb499c9a,sha256:afd5351d9b781a1fad2db90dc7bca0052521a41efd7694c0ade20974824dcb4e,model_input,identity_model_input_v1,-0.12641888955399999,-0.38969639425899999,-0.911504303751,-0.381671547931,1.6060549402040001,0.060970371672999998,0.035062647751999999,-0.59421189454699996,-0.102035129866,-0.13758910978300001,1.222982864874,0.050213115491,-0.34888549929599999,-1.3814467336209999,1.450130944813,-0.249781977539
198,1,0.36798872687260653,0.57229445338516638,true,flipguard_tabular_validation_v2,sha256:665f1683d38698145d16caee520d2372462728639a8a1629d51f9f4adb499c9a,sha256:afd5351d9b781a1fad2db90dc7bca0052521a41efd7694c0ade20974824dcb4e,model_input,identity_model_input_v1,-0.168445281626,-0.73870402344700004,1.316410623636,1.55589934702,-0.39750401667099999,-1.0358467913260001,0.118676301072,-0.59421189454699996,-0.487975475682,2.2962829373910001,1.5300477198989999,-0.51093057202299996,-0.34888549929599999,0.080205177111000003,-0.91115424598299999,-0.249781977539
199,1,0.32536645927707852,0.56395941496651358,true,flipguard_tabular_validation_v2,sha256:665f1683d38698145d16caee520d2372462728639a8a1629d51f9f4adb499c9a,sha256:afd5351d9b781a1fad2db90dc7bca0052521a41efd7694c0ade20974824dcb4e,model_input,identity_model_input_v1,-0.168445281626,-0.73870402344700004,-0.52690071955200002,1.117096526693,-0.10785212274600001,0.38436745876900003,0.13441534169700001,2.7149162455879998,5.5100783064219998,0.825495942762,0.26021644250199999,1.007023192223,-0.34888549929599999,-1.211830863541,-1.2104308629760001,-0.249781977539
200,0,-0.082875094670634225,0.48367588318774241,false,flipguard_tabular_validation_v2,sha256:665f1683d38698145d16caee520d2372462728639a8a1629d51f9f4adb499c9a,sha256:afd5351d9b781a1fad2db90dc7bca0052521a41efd7694c0ade20974824dcb4e,model_input,identity_model_input_v1,0.034682280058000003,1.402694545591,-1.125860828547,-0.381671547931,0.063378554877999996,-0.052901842094,1.8184926885570001,-0.32632144412399999,-0.487975475682,0.72127683016599997,-0.087003047412000004,-0.51093057202299996,-0.34888549929599999,0.38217282460300001,1.165488881218,-0.249781977539
204,0,-0.05958045710067203,0.48826349595335072,false,flipguard_tabular_validation_v2,sha256:665f1683d38698145d16caee520d2372462728639a8a1629d51f9f4adb499c9a,sha256:afd5351d9b781a1fad2db90dc7bca0052521a41efd7694c0ade20974824dcb4e,model_input,identity_model_input_v1,7.8936175976380003,3.0854725365750002,0.61530227899800005,-0.287642372147,2.3965965733479999,2.4349782842760002,0.34197393993699998,-0.19646268341100001,-0.48060081939299998,-0.92823129329300003,-0.28069010981199999,3.0916673690650001,-0.30951774220400002,1.10047033502,2.4723544996750002,5.8100686000810002
206,0,-0.27352774507089056,0.4461968927897858,false,flipguard_tabular_validation_v2,sha256:665f1683d38698145d16caee520d2372462728639a8a1629d51f9f4adb499c9a,sha256:afd5351d9b781a1fad2db90dc7bca0052521a41efd7694c0ade20974824dcb4e,model_input,identity_model_input_v1,-0.168445281626,-0.73870402344700004,-0.045565851599,1.119945895656,-0.39750401667099999,-1.402970808509,1.5450268576999999,-0.14470079977,-0.44126931918200002,0.390621814299,-1.7805838247450001,-0.51093057202299996,5.3566272963739996,0.050650896718000001,-1.2104308629760001,-0.249781977539
211,1,0.033054555370260114,0.50651160294583242,true,flipguard_tabular_validation_v2,sha256:665f1683d38698145d16caee520d2372462728639a8a1629d51f9f4adb499c9a,sha256:afd5351d9b781a1fad2db90dc7bca0052521a41efd7694c0ade20974824dcb4e,model_input,identity_model_input_v1,-0.168445281626,1.1501463114049999,0.25546190343800002,-0.381671547931,-0.39750401667099999,-0.18271616578800001,-0.41792661523199998,-0.54880673345800002,-0.487975475682,-0.28073343310799997,-2.0753660855690002,1.869538942553,-0.34888549929599999,-0.086840755544000003,0.38180854674600001,0.75483516066
212,0,-0.12454257983340114,0.47547283882000574,false,flipguard_tabular_validation_v2,sha256:665f1683d38698145d16caee520d2372462728639a8a1629d51f9f4adb499c9a,sha256:afd5351d9b781a1fad2db90dc7bca0052521a41efd7694c0ade20974824dcb4e,model_input,identity_model_input_v1,-0.168445281626,-0.73870402344700004,-0.28855483638599999,2.2311997912899999,-0.39750401667099999,-1.6575890784909999,-0.058387905958000003,-0.56969310755900004,-0.487975475682,0.24580328836199999,-2.0191495967259998,-0.51093057202299996,-0.123926887343,-0.046364241092999997,-1.2104308629760001,-0.249781977539
214,0,-0.038097047552700325,0.49249510280605641,false,flipguard_tabular_validation_v2,sha256:665f1683d38698145d16caee520d2372462728639a8a1629d51f9f4adb499c9a,sha256:afd5351d9b781a1fad2db90dc7bca0052521a41efd7694c0ade20974824dcb4e,model_input,identity_model_input_v1,-0.168445281626,-0.036304247115999999,1.9223353850610001,1.695518426215,-0.39750401667099999,-0.41000510446600003,-0.040189640236000003,-0.39715349542200001,-0.487975475682,-0.238041266502,0.122273461475,-0.51093057202299996,1.276440472068,1.014377431267,0.73669646665099997,-0.249781977539
217,1,-0.0337834246644566,0.49334481957186554,false,flipguard_tabular_validation_v2,sha256:665f1683d38698145d16caee520d2372462728639a8a1629d51f9f4adb499c9a,sha256:afd5351d9b781a1fad2db90dc7bca0052521a41efd7694c0ade20974824dcb4e,model_input,identity_model_input_v1,0.25181863910000002,0.259212263025,-1.0732390101860001,-0.381671547931,1.18677982303,-0.73932354667800004,-0.138558644141,-0.29998645069300001,-0.487975475682,-0.035881301104999999,-0.247149179494,-0.23451877207800001,-0.34888549929599999,-1.3692395308500001,1.535743082192,0.051603163920999999
218,0,-0.047843388176956769,0.49057529058124816,false,flipguard_tabular_validation_v2,sha256:665f1683d38698145d16caee520d2372462728639a8a1629d51f9f4adb499c9a,sha256:afd5351d9b781a1fad2db90dc7bca0052521a41efd7694c0ade20974824dcb4e,model_input,identity_model_input_v1,-0.168445281626,0.94056635317399995,0.97978575617700003,0.079926224101000004,-0.39590372996500001,-0.026938977355000001,1.2071293292850001,-0.140160283661,-0.47814260063000003,0.28472849908999998,0.26871977694900001,-0.51093057202299996,1.656058129739,1.9607568881940001,1.1830503452959999,-0.249781977539
224,0,-0.17137207254674486,0.46625983339385213,false,flipguard_tabular_validation_v2,sha256:665f1683d38698145d16caee520d2372462728639a8a1629d51f9f4adb499c9a,sha256:afd5351d9b781a1fad2db90dc7bca0052521a41efd7694c0ade20974824dcb4e,model_input,identity_model_input_v1,-0.168445281626,-0.73870402344700004,-1.1661010425880001,-0.381671547931,0.23300894579600001,0.78747509550299999,0.96514157967799996,2.882915341616,0.39575416967299998,-0.79387653368099997,-0.14463675866299999,-0.51093057202299996,-0.31514170750300002,1.496240698542,-1.2075039522969999,-0.249781977539
226,1,0.35572034324101115,0.56989686053141064,true,flipguard_tabular_validation_v2,sha256:665f1683d38698145d16caee520d2372462728639a8a1629d51f9f4adb499c9a,sha256:afd5351d9b781a1fad2db90dc7bca0052521a41efd7694c0ade20974824dcb4e,model_input,identity_model_input_v1,-0.168445281626,-0.47475604257800003,0.381599497452,-0.381671547931,-0.39750401667099999,-0.037415221021999998,-1.0366676497980001,-0.51248260458700001,-0.487975475682,1.474668005559,1.1747973030079999,-0.18644715469600001,-0.34888549929599999,-0.73896237725500002,-1.0311575838489999,-0.249781977539
227,0,-0.058461573882413416,0.48848386917465553,false,flipguard_tabular_validation_v2,sha256:665f1683d38698145d16caee520d2372462728639a8a1629d51f9f4adb499c9a,sha256:afd5351d9b781a1fad2db90dc7bca0052521a41efd7694c0ade20974824dcb4e,model_input,identity_model_input_v1,-0.168445281626,-0.73870402344700004,-1.1661010425880001,-0.31328669281499999,-0.39750401667099999,-0.88143606945899999,-0.53400203984100003,0.88962876982799999,0.35642266946200002,-0.39918326790600001,-0.222583991092,-0.51093057202299996,0.691548080989,0.35583096599199998,-1.1189649042380001,-0.249781977539
228,1,0.044172436400962523,0.50870162521322693,true,flipguard_tabular_validation_v2,sha256:665f1683d38698145d16caee520d2372462728639a8a1629d51f9f4adb499c9a,sha256:afd5351d9b781a1fad2db90dc7bca0052521a41efd7694c0ade20974824dcb4e,model_input,identity_model_input_v1,-0.168445281626,-0.484401982078,-0.45957574606000001,-0.381671547931,1.1835792496169999,-0.47286256646500002,-0.70663964169500004,-0.59421189454699996,1.4675375504099999,-0.35481689868799998,0.62680463865500002,-0.43050305832699998,-0.34888549929599999,-1.3814467336209999,0.54937418315499997,-0.249781977539
231,0,0.26328115083482101,0.5517933873138372,true,flipguard_tabular_validation_v2,sha256:665f1683d38698145d16caee520d2372462728639a8a1629d51f9f4adb499c9a,sha256:afd5351d9b781a1fad2db90dc7bca0052521a41efd7694c0ade20974824dcb4e,model_input,identity_model_input_v1,-0.168445281626,0.21887469784300001,1.019252119948,3.4991689798980001,-0.39750401667099999,1.470708378101,-1.35636691249,0.45464732659899998,0.27775966904100002,0.98789359612399996,0.220534215083,-0.51093057202299996,-0.34888549929599999,-0.28793835908600002,2.053806272488,-0.249781977539
232,0,-0.27093565234028283,0.44670522983735078,false,flipguard_tabular_validation_v2,sha256:665f1683d38698145d16caee520d2372462728639a8a1629d51f9f4adb499c9a,sha256:afd5351d9b781a1fad2db90dc7bca0052521a41efd7694c0ade20974824dcb4e,model_input,identity_model_input_v1,-0.168445281626,-0.73870402344700004,-0.68940927625600001,-0.381671547931,-0.39750401667099999,-0.67418864040399995,0.17179556318100001,-0.59421189454699996,-0.487975475682,-1.1990335657819999,-0.81640017996500003,-0.51093057202299996,-0.34888549929599999,0.32113681074900002,-1.1833569391900001,-0.249781977539
233,0,-0.36947809585358454,0.42741457094152818,false,flipguard_tabular_validation_v2,sha256:665f1683d38698145d16caee520d2372462728639a8a1629d51f9f4adb499c9a,sha256:afd5351d9b781a1fad2db90dc7bca0052521a41efd7694c0ade20974824dcb4e,model_input,identity_model_input_v1,-0.168445281626,-0.73870402344700004,-1.1661010425880001,-0.381671547931,0.53546313337499996,1.0266067444119999,1.5917521345550001,0.047817083246000001,-0.487975475682,-1.2530266000179999,-0.060548229133000002,-0.51093057202299996,-0.34888549929599999,1.503308026462,-1.116037993558,-0.249781977539
236,1,0.31720804014446274,0.56236231282283045,true,flipguard_tabular_validation_v2,sha256:665f1683d38698145d16caee520d2372462728639a8a1629d51f9f4adb499c9a,sha256:afd5351d9b781a1fad2db90dc7bca0052521a41efd7694c0ade20974824dcb4e,model_input,identity_model_input_v1,-0.168445281626,-0.73870402344700004,-1.1305039301669999,0.028637582764,-0.39750401667099999,0.33927406211799999,-1.767057503795,1.5253010250679999,1.308982440186,0.74890117326299999,0.88710115422299995,-0.39444934528999998,-0.34888549929599999,-1.3814467336209999,0.18790071421999999,-0.249781977539
239,0,-0.27262291013123763,0.44637433558819839,false,flipguard_tabular_validation_v2,sha256:665f1683d38698145d16caee520d2372462728639a8a1629d51f9f4adb499c9a,sha256:afd5351d9b781a1fad2db90dc7bca0052521a41efd7694c0ade20974824dcb4e,model_input,identity_model_input_v1,-0.168445281626,-0.73870402344700004,-1.1661010425880001,-0.381671547931,-0.39750401667099999,-0.80400296409700001,-0.94813554628300001,-0.59421189454699996,-0.487975475682,-1.6925047856640001,-1.0266215037899999,-0.51093057202299996,-0.34888549929599999,-1.068556852071,-0.20430531685100001,-0.249781977539
240,0,0.053632845845257938,0.51056505353582016,true,flipguard_tabular_validation_v2,sha256:665f1683d38698145d16caee520d2372462728639a8a1629d51f9f4adb499c9a,sha256:afd5351d9b781a1fad2db90dc7bca0052521a41efd7694c0ade20974824dcb4e,model_input,identity_model_input_v1,-0.168445281626,-0.71415072290100001,-0.76215120163799999,-0.381671547931,-0.39750401667099999,-0.92288555527000005,0.100478035349,1.141173362258,1.4687666597910001,0.072941868674000002,-0.039762300484999999,0.099209187052999998,-0.078935164951999995,-0.84625726476800001,-1.2009184032669999,-0.249781977539
243,1,0.28083821500001388,0.55523652939922419,true,flipguard_tabular_validation_v2,sha256:665f1683d38698145d16caee520d2372462728639a8a1629d51f9f4adb499c9a,sha256:afd5351d9b781a1fad2db90dc7bca0052521a41efd7694c0ade20974824dcb4e,model_input,identity_model_input_v1,-0.168445281626,-0.70625859058200002,0.819598750283,-0.381671547931,-0.38950258313800001,-0.92106359984899999,0.241145710934,-0.59421189454699996,2.2984154923569999,0.96905881674000005,0.33910848986999997,1.166953765435,-0.34888549929599999,-1.3814467336209999,-1.2104308629760001,-0.249781977539
245,0,-0.16531996171769234,0.46745004077594227,false,flipguard_tabular_validation_v2,sha256:665f1683d38698145d16caee520d2372462728639a8a1629d51f9f4adb499c9a,sha256:afd5351d9b781a1fad2db90dc7bca0052521a41efd7694c0ade20974824dcb4e,model_input,identity_model_input_v1,-0.168445281626,-0.73870402344700004,-1.1661010425880001,-0.381671547931,1.8364962259790001,0.72689507777899998,1.716188924496,2.7149162455879998,-0.487975475682,-0.12419548888699999,-0.16967435453400001,-0.51093057202299996,0.061663967519000003,1.7725089717789999,-1.2104308629760001,-0.249781977539
246,0,-0.065482128129174408,0.48710114388420611,false,flipguard_tabular_validation_v2,sha256:665f1683d38698145d16caee520d2372462728639a8a1629d51f9f4adb499c9a,sha256:afd5351d9b781a1fad2db90dc7bca0052521a41efd7694c0ade20974824dcb4e,model_input,identity_model_input_v1,-0.168445281626,-0.73870402344700004,0.215995539667,0.108419913733,-0.39750401667099999,-1.715891651939,0.48116608046300002,-0.59421189454699996,-0.487975475682,0.34499979312200002,-1.4914704535509999,-0.51093057202299996,-0.34888549929599999,0.18364515848599999,-1.2104308629760001,-0.249781977539
249,0,-0.31053122552512524,0.43894512623121162,false,flipguard_tabular_validation_v2,sha256:665f1683d38698145d16caee520d2372462728639a8a1629d51f9f4adb499c9a,sha256:afd5351d9b781a1fad2db90dc7bca0052521a41efd7694c0ade20974824dcb4e,model_input,identity_model_input_v1,3.2146792802199999,-0.34672811830299999,-1.1661010425880001,-0.381671547931,1.3292053399329999,0.309211797683,-0.48235831279000002,-0.59421189454699996,-0.487975475682,-1.6925047856640001,0.077394751893999997,-0.51093057202299996,-0.34888549929599999,-0.64001978637500001,0.92694566082800001,-0.249781977539
250,1,0.19117930174940417,0.53763437239363832,true,flipguard_tabular_validation_v2,sha256:665f1683d38698145d16caee520d2372462728639a8a1629d51f9f4adb499c9a,sha256:afd5351d9b781a1fad2db90dc7bca0052521a41efd7694c0ade20974824dcb4e,model_input,identity_model_input_v1,-0.168445281626,-0.73870402344700004,-0.14848793751200001,-0.381671547931,-0.39750401667099999,-0.81584567432900001,-0.12675436367199999,-0.59421189454699996,-0.487975475682,1.4386726494019999,-0.24289751227100001,-0.51093057202299996,-0.34888549929599999,-0.21212520503499999,-1.203845313947,-0.249781977539
254,0,0.037961369264987457,0.50747817092591563,true,flipguard_tabular_validation_v2,sha256:665f1683d38698145d16caee520d2372462728639a8a1629d51f9f4adb499c9a,sha256:afd5351d9b781a1fad2db90dc7bca0052521a41efd7694c0ade20974824dcb4e,model_input,identity_model_input_v1,-0.168445281626,-0.73870402344700004,-1.1661010425880001,-0.381671547931,-0.39750401667099999,-0.53435356189899996,-1.7449244779169999,-0.59421189454699996,-0.487975475682,-0.39164935615200003,-1.367227289133,0.94600921631599999,-0.34888549929599999,-0.96768680812200003,-0.68870903433099995,-0.249781977539
255,0,0.096884073886990038,0.51908252493708595,true,flipguard_tabular_validation_v2,sha256:665f1683d38698145d16caee520d2372462728639a8a1629d51f9f4adb499c9a,sha256:afd5351d9b781a1fad2db90dc7bca0052521a41efd7694c0ade20974824dcb4e,model_input,identity_model_input_v1,-0.168445281626,-0.66065960385400002,1.841081106709,0.13406423440099999,-0.39750401667099999,-0.28930055787300002,2.2252485197060001,-0.34448350855999998,2.0083456783039999,1.1444315403450001,0.34288774962399998,-0.51093057202299996,0.022296210427000002,0.485612805978,-0.95505790617800002,-0.249781977539
256,0,-0.40196027493598974,0.4210736080404715,false,flipguard_tabular_validation_v2,sha256:665f1683d38698145d16caee520d2372462728639a8a1629d51f9f4adb499c9a,sha256:afd5351d9b781a1fad2db90dc7bca0052521a41efd7694c0ade20974824dcb4e,model_input,identity_model_input_v1,-0.168445281626,-0.73870402344700004,-1.1661010425880001,-0.381671547931,4.011285860479,2.4026385755659998,2.2252485197060001,-0.59421189454699996,-0.39579227206399997,-1.6611134866899999,1.78231330849,-0.51093057202299996,-0.34888549929599999,-1.3814467336209999,3.9050772773569999,-0.249781977539
263,1,0.12151123352877821,0.52393053656149946,true,flipguard_tabular_validation_v2,sha256:665f1683d38698145d16caee520d2372462728639a8a1629d51f9f4adb499c9a,sha256:afd5351d9b781a1fad2db90dc7bca0052521a41efd7694c0ade20974824dcb4e,model_input,identity_model_input_v1,-0.168445281626,-0.52298574007900001,-1.1661010425880001,3.9978085484510002,0.106586295961,0.47409876321700001,-0.67417787040599997,1.633365308458,2.4053480085540002,0.58734062120700004,0.68065909015199999,-0.51093057202299996,-0.34888549929599999,-0.73767740854300001,-0.60382862462200004,-0.249781977539
264,1,0.06799651088999821,0.51339405511092351,true,flipguard_tabular_validation_v2,sha256:665f1683d38698145d16caee520d2372462728639a8a1629d51f9f4adb499c9a,sha256:afd5351d9b781a1fad2db90dc7bca0052521a41efd7694c0ade20974824dcb4e,model_input,identity_model_input_v1,-0.168445281626,0.117153881296,0.041105378642999998,-0.37027407207899998,-0.39750401667099999,0.56929593392599998,-0.38202192880699998,0.72162967379999998,-0.487975475682,0.079638679121999997,-0.001024888005,-0.51093057202299996,-0.34888549929599999,0.39052512123599997,0.72791573461299997,-0.249781977539
267,1,0.33668924759501989,0.56617511387590036,true,flipguard_tabular_validation_v2,sha256:665f1683d38698145d16caee520d2372462728639a8a1629d51f9f4adb499c9a,sha256:afd5351d9b781a1fad2db90dc7bca0052521a41efd7694c0ade20974824dcb4e,model_input,identity_model_input_v1,-0.168445281626,-0.73870402344700004,-0.55630702981199998,-0.381671547931,1.6748672685949999,1.2985335908860001,-0.0062523338879999996,3.950844730419,2.481552790212,0.65933133352200002,-0.010000629921000001,1.9277795559190001,-0.34888549929599999,0.60447241190599998,-0.34772394015399999,-0.249781977539
271,1,0.056254435582115757,0.51108141172718746,true,flipguard_tabular_validation_v2,sha256:665f1683d38698145d16caee520d2372462728639a8a1629d51f9f4adb499c9a,sha256:afd5351d9b781a1fad2db90dc7bca0052521a41efd7694c0ade20974824dcb4e,model_input,identity_model_input_v1,-0.168445281626,-0.73870402344700004,-1.127408529087,0.51018093753899996,-0.39750401667099999,0.33608564013199999,-0.51973853427500005,0.52547937789700006,-0.46830972557700001,0.24078068052599999,0.66884890342000003,-0.23914104298,-0.34888549929599999,0.023024069394999999,-0.81968828724499998,-0.249781977539
272,1,-0.028725688442266358,0.49434113419062459,false,flipguard_tabular_validation_v2,sha256:665f1683d38698145d16caee520d2372462728639a8a1629d51f9f4adb499c9a,sha256:afd5351d9b781a1fad2db90dc7bca0052521a41efd7694c0ade20974824dcb4e,model_input,identity_model_input_v1,-0.168445281626,0.438100595574,0.43576901635300003,-0.32183479970500001,-0.39750401667099999,-0.222799185033,-0.062322666114000003,0.087773625004000003,-0.487975475682,-0.39206790680499998,0.23139958687600001,-0.51093057202299996,-0.34888549929599999,0.48175789984,0.10741067053,-0.249781977539
273,0,-0.062537145965274807,0.4876811605495931,false,flipguard_tabular_validation_v2,sha256:665f1683d38698145d16caee520d2372462728639a8a1629d51f9f4adb499c9a,sha256:afd5351d9b781a1fad2db90dc7bca0052521a41efd7694c0ade20974824dcb4e,model_input,identity_model_input_v1,-0.168445281626,-0.47826365694200001,-0.80858221783899997,-0.381671547931,-0.39750401667099999,-0.31936282230700003,-0.87730986347100004,-0.59421189454699996,-0.487975475682,-0.48791600634100002,-0.52917643864800001,-0.51093057202299996,-0.34888549929599999,-1.3814467336209999,0.071556014703999998,-0.249781977539
275,1,0.13377068515764257,0.52634324988647441,true,flipguard_tabular_validation_v2,sha256:665f1683d38698145d16caee520d2372462728639a8a1629d51f9f4adb499c9a,sha256:afd5351d9b781a1fad2db90dc7bca0052521a41efd7694c0ade20974824dcb4e,model_input,identity_model_input_v1,0.440937403427,-0.0064895250249999998,0.059677785123000003,-0.381671547931,0.15459489716399999,-0.010085889718,-0.15134661464900001,-0.59421189454699996,-0.487975475682,0.64677481393199998,1.111494702126,-0.49798821349700001,-0.34888549929599999,-1.3814467336209999,0.068629104024999998,0.83118606316400001
278,0,-0.12200387147145689,0.47597250140362068,false,flipguard_tabular_validation_v2,sha256:665f1683d38698145d16caee520d2372462728639a8a1629d51f9f4adb499c9a,sha256:afd5351d9b781a1fad2db90dc7bca0052521a41efd7694c0ade20974824dcb4e,model_input,identity_model_input_v1,-0.168445281626,0.68012598666900004,0.21135243804699999,-0.381671547931,-0.39750401667099999,-1.0499669458330001,0.033095267673999999,-0.59421189454699996,-0.487975475682,-0.72021161875399997,0.051412341084000002,-0.51093057202299996,-0.205474384176,1.329194765887,-0.42455534549399998,-0.249781977539
279,1,0.20287514549947944,0.53993300365898067,true,flipguard_tabular_validation_v2,sha256:665f1683d38698145d16caee520d2372462728639a8a1629d51f9f4adb499c9a,sha256:afd5351d9b781a1fad2db90dc7bca0052521a41efd7694c0ade20974824dcb4e,model_input,identity_model_input_v1,-0.168445281626,-0.73870402344700004,0.91942543511499997,-0.381671547931,-0.39750401667099999,-0.97390030703700003,-1.0366676497980001,-0.59421189454699996,-0.487975475682,0.83595970908700001,-0.58586533496100002,-0.51093057202299996,-0.34888549929599999,-0.42864243313099998,-1.0933544357909999,-0.249781977539
281,1,-0.030983287683942366,0.49389641129764084,false,flipguard_tabular_validation_v2,sha256:665f1683d38698145d16caee520d2372462728639a8a1629d51f9f4adb499c9a,sha256:afd5351d9b781a1fad2db90dc7bca0052521a41efd7694c0ade20974824dcb4e,model_input,identity_model_input_v1,-0.168445281626,-0.70888930135499995,-0.89757499889100001,-0.381671547931,-0.39750401667099999,0.86718564513899998,0.54018748280600004,-0.35810505688599997,-0.487975475682,0.124842149646,1.0732296971149999,-0.51093057202299996,-0.34888549929599999,0.28901259292999998,-0.28699054355100001,-0.249781977539
283,0,-0.22430788851607128,0.45585648929663075,false,flipguard_tabular_validation_v2,sha256:665f1683d38698145d16caee520d2372462728639a8a1629d51f9f4adb499c9a,sha256:afd5351d9b781a1fad2db90dc7bca0052521a41efd7694c0ade20974824dcb4e,model_input,identity_model_input_v1,-0.168445281626,-0.73870402344700004,-1.1661010425880001,-0.381671547931,-0.013435207047,0.792940961763,0.19933888427400001,1.7477863144020001,-0.28763064648499997,-1.2069860281889999,-0.56224496149699998,-0.51093057202299996,-0.34888549929599999,0.71947711169499995,-1.1892107605490001,-0.249781977539
284,0,-0.10251738880163885,0.47980838416124222,false,flipguard_tabular_validation_v2,sha256:665f1683d38698145d16caee520d2372462728639a8a1629d51f9f4adb499c9a,sha256:afd5351d9b781a1fad2db90dc7bca0052521a41efd7694c0ade20974824dcb4e,model_input,identity_model_input_v1,-0.168445281626,0.72046355185199995,-1.094906817746,-0.381671547931,-0.39750401667099999,-1.545538820145,-0.32988635673700001,-0.59421189454699996,-0.487975475682,-0.43517862406300001,-0.31281381772299999,-0.51093057202299996,-0.34888549929599999,-0.87709651387400001,0.472542777814,-0.249781977539
288,1,0.0011104158273148547,0.50021875191250442,true,flipguard_tabular_validation_v2,sha256:665f1683d38698145d16caee520d2372462728639a8a1629d51f9f4adb499c9a,sha256:afd5351d9b781a1fad2db90dc7bca0052521a41efd7694c0ade20974824dcb4e,model_input,identity_model_input_v1,-0.168445281626,0.43985440275600002,0.48452158336399997,-0.381671547931,-0.32389082815999998,1.558617727129,0.16294235282899999,-0.59421189454699996,-0.487975475682,-0.26357285633499999,0.76852687943599995,-0.50261048439900002,-0.34888549929599999,-1.060204555438,2.508209155501,-0.177449543589
290,0,-0.0085747960489218449,0.49831076770028288,false,flipguard_tabular_validation_v2,sha256:665f1683d38698145d16caee520d2372462728639a8a1629d51f9f4adb499c9a,sha256:afd5351d9b781a1fad2db90dc7bca0052521a41efd7694c0ade20974824dcb4e,model_input,identity_model_input_v1,-0.168445281626,0.199582818843,1.5802935657120001,3.6387880590930002,-0.39750401667099999,0.65720528295400005,-1.917070234751,-0.47979088860399999,-0.487975475682,-0.91148926717300005,0.28667126078100003,-0.51093057202299996,-0.34888549929599999,0.97325843245999999,0.83621142975899998,-0.249781977539
291,1,0.45462971960765286,0.58918618840188208,true,flipguard_tabular_validation_v2,sha256:665f1683d38698145d16caee520d2372462728639a8a1629d51f9f4adb499c9a,sha256:afd5351d9b781a1fad2db90dc7bca0052521a41efd7694c0ade20974824dcb4e,model_input,identity_model_input_v1,-0.168445281626,1.7762554753249999,0.96353490050699997,-0.381671547931,-0.30628767438600002,3.4716709184060002,1.2922185176630001,3.3378750557229999,3.0321937931590002,1.4323943896069999,0.493585732321,2.8642516406829999,1.5492027890610001,2.7343080532589998,1.500620154036,-0.249781977539
292,1,0.020510092310346381,0.50404045367371764,true,flipguard_tabular_validation_v2,sha256:665f1683d38698145d16caee520d2372462728639a8a1629d51f9f4adb499c9a,sha256:afd5351d9b781a1fad2db90dc7bca0052521a41efd7694c0ade20974824dcb4e,model_input,identity_model_input_v1,-0.168445281626,-0.431787766623,-0.30944879367599998,1.228221916256,-0.39750401667099999,0.33608564013199999,1.467315344615,2.4379447629480002,-0.487975475682,1.193820517399,-1.372423771295,-0.51093057202299996,-0.34888549929599999,1.8380423761289999,-0.194061129473,-0.249781977539
293,0,-0.088255521400716241,0.48261641198616584,false,flipguard_tabular_validation_v2,sha256:665f1683d38698145d16caee520d2372462728639a8a1629d51f9f4adb499c9a,sha256:afd5351d9b781a1fad2db90dc7bca0052521a41efd7694c0ade20974824dcb4e,model_input,identity_model_input_v1,-0.168445281626,-0.43967989894100001,-0.70566013192599997,-0.381671547931,0.015369953675000001,0.74101523228599997,0.61789899589200004,-0.51611501747400002,-0.487975475682,-0.16144649700399999,0.38682164426600002,-0.51093057202299996,-0.34888549929599999,-1.3814467336209999,1.4054955569480001,-0.249781977539
296,1,0.31092356758575601,0.5611317105800282,true,flipguard_tabular_validation_v2,sha256:665f1683d38698145d16caee520d2372462728639a8a1629d51f9f4adb499c9a,sha256:afd5351d9b781a1fad2db90dc7bca0052521a41efd7694c0ade20974824dcb4e,model_input,identity_model_input_v1,-0.168445281626,-0.38005045475799998,-0.68708772544600005,-0.381671547931,1.0987640541579999,2.2327412326260001,1.122531985927,2.7739429550030001,3.2472879349350001,0.77987392158500002,-0.55232440464300003,3.6269263395269999,-0.205474384176,1.0651336954199999,0.16960752247200001,-0.249781977539
297,0,-0.37865047432091375,0.42562301439561334,false,flipguard_tabular_validation_v2,sha256:665f1683d38698145d16caee520d2372462728639a8a1629d51f9f4adb499c9a,sha256:afd5351d9b781a1fad2db90dc7bca0052521a41efd7694c0ade20974824dcb4e,model_input,identity_model_input_v1,-0.168445281626,-0.44581822407799998,-1.0206171918239999,-0.381671547931,4.0032844269450001,0.66631506005499996,1.6906129834800001,-0.57514172688999998,-0.487975475682,-1.6925047856640001,-1.170233374448,1.8630677632899999,-0.34888549929599999,0.70020258100400001,1.025728896265,-0.249781977539
299,0,-0.096572596090311089,0.48097880121720843,false,flipguard_tabular_validation_v2,sha256:665f1683d38698145d16caee520d2372462728639a8a1629d51f9f4adb499c9a,sha256:afd5351d9b781a1fad2db90dc7bca0052521a41efd7694c0ade20974824dcb4e,model_input,identity_model_input_v1,-0.168445281626,-0.73870402344700004,0.66328099573900001,-0.381671547931,-0.39750401667099999,-1.2954754387139999,0.552975453314,-0.59421189454699996,-0.487975475682,-0.36025805717699999,0.00086474187200000002,-0.51093057202299996,-0.34888549929599999,-0.45369932302900001,-0.51236266588299995,-0.249781977539
300,1,0.43019055278880902,0.58442908791347836,true,flipguard_tabular_validation_v2,sha256:665f1683d38698145d16caee520d2372462728639a8a1629d51f9f4adb499c9a,sha256:afd5351d9b781a1fad2db90dc7bca0052521a41efd7694c0ade20974824dcb4e,model_input,identity_model_input_v1,-0.168445281626,1.279051139271,0.74763067517100001,-0.381671547931,1.473231143542,2.4035495532760001,-0.19807189150400001,3.5494631063959998,3.5213793270270002,0.203948223062,-0.64916793584300003,4.1418473180199999,0.28662257947300002,1.89972087434,1.507205703066,-0.22567116622200001
301,1,0.086070941145284643,0.51695342488025742,true,flipguard_tabular_validation_v2,sha256:665f1683d38698145d16caee520d2372462728639a8a1629d51f9f4adb499c9a,sha256:afd5351d9b781a1fad2db90dc7bca0052521a41efd7694c0ade20974824dcb4e,model_input,identity_model_input_v1,-0.168445281626,-0.47387913898700001,1.4851099825,-0.381671547931,-0.39750401667099999,0.44494747649299998,0.40591379247600001,-0.50067726270400004,0.33429870059400002,0.16460446168100001,0.223841067368,0.0021414981089999999,-0.34888549929599999,1.243101862134,-0.0052753906359999997,-0.249781977539
302,1,0.028534407524992117,0.50562118535014822,true,flipguard_tabular_validation_v2,sha256:665f1683d38698145d16caee520d2372462728639a8a1629d51f9f4adb499c9a,sha256:afd5351d9b781a1fad2db90dc7bca0052521a41efd7694c0ade20974824dcb4e,model_input,identity_model_input_v1,-0.168445281626,-0.73870402344700004,0.011699068381999999,-0.381671547931,-0.39750401667099999,-0.61952997779600005,-0.480882777732,-0.59421189454699996,-0.487975475682,0.080475780427999993,-0.209356581953,-0.51093057202299996,-0.34888549929599999,-1.26322961205,-0.18820730811299999,-0.249781977539
305,0,-0.24375012352135245,0.45203915446529797,false,flipguard_tabular_validation_v2,sha256:665f1683d38698145d16caee520d2372462728639a8a1629d51f9f4adb499c9a,sha256:afd5351d9b781a1fad2db90dc7bca0052521a41efd7694c0ade20974824dcb4e,model_input,identity_model_input_v1,-0.168445281626,-0.54403142626099998,-0.098961520230999994,-0.17936635154700001,-0.39750401667099999,0.55927517911500002,0.56182866366600004,-0.44528296617599999,-0.487975475682,-1.0726312685770001,-0.16542268731099999,-0.51093057202299996,0.025108193077000001,1.381235998752,-1.1423801896750001,-0.249781977539
306,1,0.24861518629337512,0.54891572456757054,true,flipguard_tabular_validation_v2,sha256:665f1683d38698145d16caee520d2372462728639a8a1629d51f9f4adb499c9a,sha256:afd5351d9b781a1fad2db90dc7bca0052521a41efd7694c0ade20974824dcb4e,model_input,identity_model_input_v1,-0.168445281626,-0.18099333961899999,1.6042829240830001,-0.33893101348400001,-0.293485380731,1.5745598370559999,1.238115565515,0.17858394718100001,0.94639517261999995,1.3809126592880001,0.37784590234999998,0.132489537548,-0.18579050562999999,1.0786258669040001,0.213511182667,-0.249781977539
307,1,0.16726886706372879,0.53293324683340615,true,flipguard_tabular_validation_v2,sha256:665f1683d38698145d16caee520d2372462728639a8a1629d51f9f4adb499c9a,sha256:afd5351d9b781a1fad2db90dc7bca0052521a41efd7694c0ade20974824dcb4e,model_input,identity_model_input_v1,-0.168445281626,-0.39671162298599999,0.288737465049,0.19390098262800001,-0.39750401667099999,-1.767361892562,0.150646227341,-0.214624747846,0.52481065473900002,1.117644298553,-0.49327347098399998,0.50689348061700001,0.78996747371800002,-1.256804768486,-1.2104308629760001,-0.249781977539
309,0,-0.13370360525437797,0.47366995045727733,false,flipguard_tabular_validation_v2,sha256:665f1683d38698145d16caee520d2372462728639a8a1629d51f9f4adb499c9a,sha256:afd5351d9b781a1fad2db90dc7bca0052521a41efd7694c0ade20974824dcb4e,model_input,identity_model_input_v1,-0.168445281626,-0.73870402344700004,-1.1661010425880001,-0.381671547931,-0.39750401667099999,-0.24420716122200001,0.42952235341299999,1.3990746772410001,-0.487975475682,-0.37783718460299998,-0.32556881939299998,-0.51093057202299996,0.13477551640400001,1.0208022748309999,-1.2104308629760001,-0.249781977539
310,0,0.028651741734116033,0.50564429903820551,true,flipguard_tabular_validation_v2,sha256:665f1683d38698145d16caee520d2372462728639a8a1629d51f9f4adb499c9a,sha256:afd5351d9b781a1fad2db90dc7bca0052521a41efd7694c0ade20974824dcb4e,model_input,identity_model_input_v1,-0.168445281626,-0.416003501986,-1.108836122607,-0.381671547931,-0.39750401667099999,0.87538444452999997,-0.017564769337000002,-0.59421189454699996,-0.487975475682,0.28556560039599999,0.84458448198900005,-0.51093057202299996,-0.34888549929599999,-1.3814467336209999,1.1179265826739999,-0.249781977539
317,0,-0.15755406624310275,0.46897749298730307,false,flipguard_tabular_validation_v2,sha256:665f1683d38698145d16caee520d2372462728639a8a1629d51f9f4adb499c9a,sha256:afd5351d9b781a1fad2db90dc7bca0052521a41efd7694c0ade20974824dcb4e,model_input,identity_model_input_v1,-0.168445281626,-0.73695021626500001,0.11926425591500001,1.6556272607310001,-0.39750401667099999,0.018154419296,-0.52957543466500001,-0.472526062829,-0.487975475682,-0.83280174440999999,-0.76632498822200001,-0.51093057202299996,-0.34888549929599999,0.83191187405900002,0.51790989334899995,-0.249781977539
319,0,-0.059392625768861257,0.48830049074968179,false,flipguard_tabular_validation_v2,sha256:665f1683d38698145d16caee520d2372462728639a8a1629d51f9f4adb499c9a,sha256:afd5351d9b781a1fad2db90dc7bca0052521a41efd7694c0ade20974824dcb4e,model_input,identity_model_input_v1,-0.168445281626,-0.45546416357800001,-0.74125724434700002,-0.381671547931,1.2747955919030001,0.53923366949200002,0.059163053708999998,-0.59421189454699996,-0.19790566163000001,-0.247667931521,0.30462274461299998,-0.51093057202299996,-0.34888549929599999,-1.3814467336209999,0.99792324480899997,-0.249781977539
323,0,-0.072998815491513991,0.48562078934042602,false,flipguard_tabular_validation_v2,sha256:665f1683d38698145d16caee520d2372462728639a8a1629d51f9f4adb499c9a,sha256:afd5351d9b781a1fad2db90dc7bca0052521a41efd7694c0ade20974824dcb4e,model_input,identity_model_input_v1,-0.168445281626,0.170645000342,0.69113960545999997,-0.142324555026,-0.39750401667099999,-0.47605098844999999,-0.27676709462799998,-0.59421189454699996,-0.13767930193200001,-0.45443195410100001,0.019288633174000001,-0.51093057202299996,2.0384877700600001,0.28001781194100001,-0.26503871345399999,-0.249781977539
324,0,-0.23762078122383232,0.45324237383177907,false,flipguard_tabular_validation_v2,sha256:665f1683d38698145d16caee520d2372462728639a8a1629d51f9f4adb499c9a,sha256:afd5351d9b781a1fad2db90dc7bca0052521a41efd7694c0ade20974824dcb4e,model_input,identity_model_input_v1,-0.168445281626,-0.73870402344700004,-1.1661010425880001,-0.381671547931,0.66508635662399995,-0.354890953003,-0.58023547167599998,-0.59421189454699996,-0.487975475682,-1.3543158580429999,-0.47532198715200003,-0.51093057202299996,-0.34888549929599999,-0.68370872260799997,-0.82700556394400004,-0.249781977539
325,1,-0.041127646632518763,0.49189813188030646,false,flipguard_tabular_validation_v2,sha256:665f1683d38698145d16caee520d2372462728639a8a1629d51f9f4adb499c9a,sha256:afd5351d9b781a1fad2db90dc7bca0052521a41efd7694c0ade20974824dcb4e,model_input,identity_model_input_v1,-0.168445281626,-0.23536136225599999,0.56809741252599999,-0.381671547931,-0.39750401667099999,1.163708889787,0.87956054628000002,-0.55607155923200002,-0.487975475682,0.00388101093,0.34808423178600001,-0.51093057202299996,-0.34888549929599999,1.2867907983669999,0.77328285014700004,-0.249781977539
326,0,-0.30497953024344304,0.44003250019318602,false,flipguard_tabular_validation_v2,sha256:665f1683d38698145d16caee520d2372462728639a8a1629d51f9f4adb499c9a,sha256:afd5351d9b781a1fad2db90dc7bca0052521a41efd7694c0ade20974824dcb4e,model_input,identity_model_input_v1,-0.168445281626,-0.73870402344700004,-1.1661010425880001,-0.381671547931,0.16419661740499999,0.82710262589299999,1.115646155653,1.0984925108350001,-0.487975475682,-1.327947166905,0.36461849321000001,-0.51093057202299996,-0.34888549929599999,1.5906858989279999,-0.93603298676000002,-0.249781977539
329,1,-0.064517803142132776,0.48729106701453145,false,flipguard_tabular_validation_v2,sha256:665f1683d38698145d16caee520d2372462728639a8a1629d51f9f4adb499c9a,sha256:afd5351d9b781a1fad2db90dc7bca0052521a41efd7694c0ade20974824dcb4e,model_input,identity_model_input_v1,-0.168445281626,-0.029289018388999999,-0.43636023795899997,-0.381671547931,-0.39750401667099999,1.1905827322360001,0.79004475272600005,0.62355452584899995,-0.487975475682,-0.12545114084600001,0.048105488799,-0.51093057202299996,-0.34888549929599999,-0.96897177683400004,2.2967398588969998,-0.249781977539
330,1,0.31491201013889319,0.56191274723762674,true,flipguard_tabular_validation_v2,sha256:665f1683d38698145d16caee520d2372462728639a8a1629d51f9f4adb499c9a,sha256:afd5351d9b781a1fad2db90dc7bca0052521a41efd7694c0ade20974824dcb4e,model_input,identity_model_input_v1,-0.168445281626,0.64855745739600001,1.945550893162,-0.381671547931,-0.39750401667099999,-0.89282329083500001,-0.081504621875999994,-0.59421189454699996,-0.487975475682,1.3775642540640001,0.44162091070100001,0.13064062918700001,-0.34888549929599999,0.143811128392,-0.010397484326,-0.22567116622200001
333,1,-0.15285923511544725,0.46990101748464341,false,flipguard_tabular_validation_v2,sha256:665f1683d38698145d16caee520d2372462728639a8a1629d51f9f4adb499c9a,sha256:afd5351d9b781a1fad2db90dc7bca0052521a41efd7694c0ade20974824dcb4e,model_input,identity_model_input_v1,-0.168445281626,-0.57384614835299996,-0.68631387517599995,0.0086920000220000009,-0.39750401667099999,-0.082964106528000001,-0.15478952978499999,-0.32359713445900001,-0.487975475682,-0.69593568088000002,-0.48477013653700002,-0.38150698676400002,-0.34888549929599999,-0.041866850598000001,-1.2104308629760001,-0.249781977539
334,1,0.27006428772537605,0.55312387642960514,true,flipguard_tabular_validation_v2,sha256:665f1683d38698145d16caee520d2372462728639a8a1629d51f9f4adb499c9a,sha256:afd5351d9b781a1fad2db90dc7bca0052521a41efd7694c0ade20974824dcb4e,model_input,identity_model_input_v1,-0.168445281626,0.28990388870799999,-0.92620745888199996,-0.381671547931,-0.39750401667099999,0.63306437363500001,-1.3086579455959999,1.473539141427,0.28882165347599997,0.85437593781900001,0.39626979365100001,-0.51093057202299996,-0.34888549929599999,-1.230462909875,0.22082845936600001,-0.249781977539
335,0,-0.29852140078618794,0.44129769501555999,false,flipguard_tabular_validation_v2,sha256:665f1683d38698145d16caee520d2372462728639a8a1629d51f9f4adb499c9a,sha256:afd5351d9b781a1fad2db90dc7bca0052521a41efd7694c0ade20974824dcb4e,model_input,identity_model_input_v1,-0.168445281626,-0.73870402344700004,-1.1661010425880001,-0.381671547931,0.98034283785700005,0.58888195469399995,-0.33775587704999999,-0.59421189454699996,-0.487975475682,-1.6925047856640001,-0.522562734079,-0.51093057202299996,-0.34888549929599999,-0.90343837248500003,0.48059178218300003,-0.249781977539
342,0,-0.11388779062528209,0.47757001394076176,false,flipguard_tabular_validation_v2,sha256:665f1683d38698145d16caee520d2372462728639a8a1629d51f9f4adb499c9a,sha256:afd5351d9b781a1fad2db90dc7bca0052521a41efd7694c0ade20974824dcb4e,model_input,identity_model_input_v1,-0.168445281626,-0.73870402344700004,-1.1661010425880001,-0.381671547931,0.58987288140500005,0.34246248410300001,-0.14298524931699999,-0.59421189454699996,-0.110638895537,-0.639849893379,0.29375737281999997,-0.51093057202299996,-0.34888549929599999,-1.3814467336209999,0.86694399189500004,0.49765317328100001
345,1,0.69271635238576723,0.63513550518081263,true,flipguard_tabular_validation_v2,sha256:665f1683d38698145d16caee520d2372462728639a8a1629d51f9f4adb499c9a,sha256:afd5351d9b781a1fad2db90dc7bca0052521a41efd7694c0ade20974824dcb4e,model_input,identity_model_input_v1,-0.168445281626,-0.73870402344700004,2.031448273134,-0.130927079173,-0.39750401667099999,-1.7140696965190001,-0.510393478904,1.8440452559089999,4.9323968970800003,2.4825379779749999,1.359981030962,-0.32326637339800002,-0.34888549929599999,-1.3814467336209999,-1.2104308629760001,-0.249781977539
348,1,0.048991198055638709,0.50965079567451699,true,flipguard_tabular_validation_v2,sha256:665f1683d38698145d16caee520d2372462728639a8a1629d51f9f4adb499c9a,sha256:afd5351d9b781a1fad2db90dc7bca0052521a41efd7694c0ade20974824dcb4e,model_input,identity_model_input_v1,-0.168445281626,0.68012598666900004,-0.097413819691000006,-0.381671547931,-0.39750401667099999,0.36387046029100001,-0.042157020314000003,0.2294377276,-0.487975475682,0.045317525577000001,-0.77152147038399999,0.79070091400499998,-0.34888549929599999,0.50874224280699998,0.56547219189300002,-0.249781977539
349,1,0.093985487625408176,0.51851182026474396,true,flipguard_tabular_validation_v2,sha256:665f1683d38698145d16caee520d2372462728639a8a1629d51f9f4adb499c9a,sha256:afd5351d9b781a1fad2db90dc7bca0052521a41efd7694c0ade20974824dcb4e,model_input,identity_model_input_v1,-0.168445281626,1.152777022178,-0.0068733380980000001,-0.381671547931,-0.39750401667099999,0.39074430273999999,-0.76812026913599996,-0.57968224299799997,-0.487975475682,0.117726788545,-0.16778472465700001,-0.01727203968,-0.34888549929599999,-0.55778178875999995,0.74474547101999999,-0.012692332924
350,1,0.038700913027863222,0.50762384800766747,true,flipguard_tabular_validation_v2,sha256:665f1683d38698145d16caee520d2372462728639a8a1629d51f9f4adb499c9a,sha256:afd5351d9b781a1fad2db90dc7bca0052521a41efd7694c0ade20974824dcb4e,model_input,identity_model_input_v1,-0.168445281626,0.068047280203999999,0.21522168939700001,-0.381671547931,-0.39750401667099999,1.145033846729,0.60511102538399997,2.0202172809330001,0.25563570017300002,-0.259387349805,-0.69688109023900002,1.1105620604299999,-0.34888549929599999,1.766726612572,1.120853493354,-0.249781977539
353,0,-0.092487676138640923,0.48178309234800387,false,flipguard_tabular_validation_v2,sha256:665f1683d38698145d16caee520d2372462728639a8a1629d51f9f4adb499c9a,sha256:afd5351d9b781a1fad2db90dc7bca0052521a41efd7694c0ade20974824dcb4e,model_input,identity_model_input_v1,-0.168445281626,-0.41863421275899998,0.29492826720900001,-0.381671547931,-0.39750401667099999,1.7312480031990001,-1.039618719915,-0.59421189454699996,-0.487975475682,-1.2028005216590001,-0.19187750559,-0.51093057202299996,-0.34888549929599999,0.36482574698100001,0.96206858898299996,-0.249781977539
354,0,-0.35053518251713078,0.43111685696600394,false,flipguard_tabular_validation_v2,sha256:665f1683d38698145d16caee520d2372462728639a8a1629d51f9f4adb499c9a,sha256:afd5351d9b781a1fad2db90dc7bca0052521a41efd7694c0ade20974824dcb4e,model_input,identity_model_input_v1,-0.168445281626,-0.73870402344700004,-1.1661010425880001,-0.381671547931,4.7106111513369999,0.194428606207,0.67692039823500005,-0.073868748472000006,-0.487975475682,-1.6899934817460001,0.20352754618900001,-0.51093057202299996,-0.34888549929599999,0.35775841906099998,0.82523551471000001,-0.249781977539
355,1,0.019365300362602141,0.50381493512233122,true,flipguard_tabular_validation_v2,sha256:665f1683d38698145d16caee520d2372462728639a8a1629d51f9f4adb499c9a,sha256:afd5351d9b781a1fad2db90dc7bca0052521a41efd7694c0ade20974824dcb4e,model_input,identity_model_input_v1,-0.168445281626,0.18116784343299999,0.61065917737700004,-0.381671547931,-0.39750401667099999,-1.6471128348240001,-0.74598724325700005,-0.59421189454699996,-0.487975475682,-0.15349403459700001,-0.723808315988,-0.51093057202299996,-0.34888549929599999,-0.190923221275,-0.058691510539999998,-0.249781977539
358,0,-0.086511425978044371,0.48295983896686506,false,flipguard_tabular_validation_v2,sha256:665f1683d38698145d16caee520d2372462728639a8a1629d51f9f4adb499c9a,sha256:afd5351d9b781a1fad2db90dc7bca0052521a41efd7694c0ade20974824dcb4e,model_input,identity_model_input_v1,-0.168445281626,-0.658905796672,0.81186024758300002,-0.381671547931,-0.39750401667099999,-1.1488080273820001,0.23229250058199999,-0.59421189454699996,-0.487975475682,-0.38244124178599997,-0.49988717555399997,-0.51093057202299996,-0.34888549929599999,1.8020632521719999,-0.98213182996500004,-0.249781977539
359,1,-0.081438448478585237,0.48395878612083587,false,flipguard_tabular_validation_v2,sha256:665f1683d38698145d16caee520d2372462728639a8a1629d51f9f4adb499c9a,sha256:afd5351d9b781a1fad2db90dc7bca0052521a41efd7694c0ade20974824dcb4e,model_input,identity_model_input_v1,-0.168445281626,0.13907647106900001,-0.035505798089,-0.381671547931,-0.32709140157400002,1.696175361359,1.494366820689,-0.59421189454699996,-0.487975475682,0.120656643116,0.52759907010899998,-0.51093057202299996,-0.34888549929599999,1.2379619872830001,1.8438004312239999,-0.249781977539
360,0,-0.15821042654580628,0.46884838633952652,false,flipguard_tabular_validation_v2,sha256:665f1683d38698145d16caee520d2372462728639a8a1629d51f9f4adb499c9a,sha256:afd5351d9b781a1fad2db90dc7bca0052521a41efd7694c0ade20974824dcb4e,model_input,identity_model_input_v1,-0.168445281626,-0.043319475842999999,-1.0941329674760001,-0.381671547931,-0.39750401667099999,-0.89054584656000002,-2.2180793867020001,-0.59421189454699996,-0.487975475682,-1.5903784263330001,-1.2401496799,-0.51093057202299996,-0.34888549929599999,-1.3814467336209999,-0.46041000131999998,-0.249781977539
361,0,-0.11077653096210832,0.4781824609505938,false,flipguard_tabular_validation_v2,sha256:665f1683d38698145d16caee520d2372462728639a8a1629d51f9f4adb499c9a,sha256:afd5351d9b781a1fad2db90dc7bca0052521a41efd7694c0ade20974824dcb4e,model_input,identity_model_input_v1,-0.168445281626,-0.73870402344700004,-0.17866809804299999,1.436225850567,-0.39750401667099999,-1.7728277588229999,0.35820482558099997,-0.59421189454699996,-0.487975475682,0.30942298761699999,-1.622327322539,-0.51093057202299996,-0.34888549929599999,0.135458831759,-1.2104308629760001,-0.249781977539
364,1,0.017565183649049923,0.50346031950091952,true,flipguard_tabular_validation_v2,sha256:665f1683d38698145d16caee520d2372462728639a8a1629d51f9f4adb499c9a,sha256:afd5351d9b781a1fad2db90dc7bca0052521a41efd7694c0ade20974824dcb4e,model_input,identity_model_input_v1,-0.168445281626,-0.73870402344700004,-0.690183126526,0.82931026141300002,-0.39750401667099999,-0.26515964855500002,0.012437776854,1.7160027016399999,1.945661099844,0.049503032107000002,-0.060075821662999997,-0.35007554463000001,1.138653322246,0.51837950815300005,-1.1870155775390001,-0.249781977539
365,1,0.18891580647867179,0.53718944487394527,true,flipguard_tabular_validation_v2,sha256:665f1683d38698145d16caee520d2372462728639a8a1629d51f9f4adb499c9a,sha256:afd5351d9b781a1fad2db90dc7bca0052521a41efd7694c0ade20974824dcb4e,model_input,identity_model_input_v1,-0.168445281626,0.883567619764,1.005322815088,-0.381671547931,-0.39750401667099999,0.086933236410999995,-0.70811517675299995,-0.013025832613000001,-0.487975475682,0.33621022940900003,-1.5018634178750001,1.140144594203,-0.34888549929599999,-0.48004118163999998,1.8694108996700001,1.0321094908040001
371,1,0.12576216752657493,0.5247671907232041,true,flipguard_tabular_validation_v2,sha256:665f1683d38698145d16caee520d2372462728639a8a1629d51f9f4adb499c9a,sha256:afd5351d9b781a1fad2db90dc7bca0052521a41efd7694c0ade20974824dcb4e,model_input,identity_model_input_v1,-0.168445281626,-0.73870402344700004,-0.35433210933699999,-0.381671547931,-0.39750401667099999,0.69911025762000001,1.159420362391,-0.59421189454699996,0.14870318397599999,0.85939854565499996,1.1048809975560001,1.0005520129600001,-0.34888549929599999,-0.38174107511599997,-0.0074705736460000003,-0.249781977539
374,1,-0.15696706003811151,0.46909295900329068,false,flipguard_tabular_validation_v2,sha256:665f1683d38698145d16caee520d2372462728639a8a1629d51f9f4adb499c9a,sha256:afd5351d9b781a1fad2db90dc7bca0052521a41efd7694c0ade20974824dcb4e,model_input,identity_model_input_v1,-0.168445281626,-0.52035502930599997,-0.66851531896500005,-0.381671547931,-0.39750401667099999,0.76196771961900001,1.7279932049640001,-0.54608242379299998,-0.487975475682,-0.049693472654000002,0.87529096749099999,-0.51093057202299996,-0.34888549929599999,1.23667701857,-0.37406613627000002,-0.249781977539
376,1,-0.02309703995558637,0.49544993241536178,false,flipguard_tabular_validation_v2,sha256:665f1683d38698145d16caee520d2372462728639a8a1629d51f9f4adb499c9a,sha256:afd5351d9b781a1fad2db90dc7bca0052521a41efd7694c0ade20974824dcb4e,model_input,identity_model_input_v1,-0.168445281626,0.29253459948100002,0.58125286711699997,-0.381671547931,-0.39750401667099999,-0.12578005890400001,0.648885232122,-0.42984521140600002,-0.29008886524799998,0.20813372959199999,-0.206994544606,-0.51093057202299996,0.39910188544899999,1.444199465676,-0.057959782869999997,-0.249781977539
378,0,-0.29238924694574153,0.44249930549984595,false,flipguard_tabular_validation_v2,sha256:665f1683d38698145d16caee520d2372462728639a8a1629d51f9f4adb499c9a,sha256:afd5351d9b781a1fad2db90dc7bca0052521a41efd7694c0ade20974824dcb4e,model_input,identity_model_input_v1,-0.168445281626,-0.110841052345,-1.1661010425880001,-0.381671547931,-0.39750401667099999,1.328595855321,0.65183630223900002,-0.37081850199100003,-0.487975475682,-1.419609759911,0.54177129418699999,-0.46748122554299998,-0.34888549929599999,0.87945571643099996,0.388394095775,-0.249781977539
379,1,0.042806525573592567,0.50843257178352219,true,flipguard_tabular_validation_v2,sha256:665f1683d38698145d16caee520d2372462728639a8a1629d51f9f4adb499c9a,sha256:afd5351d9b781a1fad2db90dc7bca0052521a41efd7694c0ade20974824dcb4e,model_input,identity_model_input_v1,-0.168445281626,-0.73870402344700004,-1.003592485884,2.7896761080700001,0.73549897172099998,-0.46147534508799998,-0.45137207656,0.0024119221570000002,1.100033845317,0.32490936177800001,0.67451779305100001,-0.071814836324,-0.34888549929599999,-0.33419723274500002,-0.99676638336300005,-0.249781977539
380,0,-0.11032495974294079,0.47827135425432304,false,flipguard_tabular_validation_v2,sha256:665f1683d38698145d16caee520d2372462728639a8a1629d51f9f4adb499c9a,sha256:afd5351d9b781a1fad2db90dc7bca0052521a41efd7694c0ade20974824dcb4e,model_input,identity_model_input_v1,-0.168445281626,-0.73870402344700004,-1.1661010425880001,-0.381671547931,-0.39750401667099999,0.270950733858,0.104904640525,-0.59421189454699996,-0.487975475682,-0.33849342322100001,-0.105899346183,-0.51093057202299996,-0.34888549929599999,-1.3814467336209999,1.2598817506360001,-0.249781977539
381,1,0.069128052450918687,0.51361690496735279,true,flipguard_tabular_validation_v2,sha256:665f1683d38698145d16caee520d2372462728639a8a1629d51f9f4adb499c9a,sha256:afd5351d9b781a1fad2db90dc7bca0052521a41efd7694c0ade20974824dcb4e,model_input,identity_model_input_v1,-0.168445281626,-0.027535211207000001,-0.820189971889,-0.381671547931,-0.39750401667099999,0.045028261744999999,-0.32201683642500001,0.086865521781999994,-0.487975475682,0.2650566184,0.86962207786000001,-0.49244148841500002,-0.34888549929599999,-1.3814467336209999,0.24570720014299999,-0.249781977539
382,1,0.14520446879651577,0.52859303419265702,true,flipguard_tabular_validation_v2,sha256:665f1683d38698145d16caee520d2372462728639a8a1629d51f9f4adb499c9a,sha256:afd5351d9b781a1fad2db90dc7bca0052521a41efd7694c0ade20974824dcb4e,model_input,identity_model_input_v1,-0.168445281626,1.7762554753249999,-1.1661010425880001,-0.381671547931,-0.39750401667099999,-0.24557362778700001,-1.7242669870959999,-0.59421189454699996,-0.487975475682,0.0034624602769999999,2.0170998207170001,-0.51093057202299996,-0.34888549929599999,-1.3814467336209999,-1.2104308629760001,-0.249781977539
383,0,-0.11340456360536132,0.47766513477041961,false,flipguard_tabular_validation_v2,sha256:665f1683d38698145d16caee520d2372462728639a8a1629d51f9f4adb499c9a,sha256:afd5351d9b781a1fad2db90dc7bca0052521a41efd7694c0ade20974824dcb4e,model_input,identity_model_input_v1,-0.168445281626,-0.73870402344700004,-0.50987601361099999,-0.381671547931,-0.39750401667099999,1.2324877069019999,2.4751057896259998,-0.59421189454699996,-0.487975475682,0.65598292829799998,0.50870277133800001,-0.51093057202299996,-0.34888549929599999,0.68157053466999995,0.10594721519,-0.249781977539
384,0,-0.27159584054833169,0.44657575572087777,false,flipguard_tabular_validation_v2,sha256:665f1683d38698145d16caee520d2372462728639a8a1629d51f9f4adb499c9a,sha256:afd5351d9b781a1fad2db90dc7bca0052521a41efd7694c0ade20974824dcb4e,model_input,identity_model_input_v1,-0.168445281626,1.2930815967260001,-1.090263716126,-0.381671547931,0.36423245575099999,1.143667380164,0.13048058154,-0.59421189454699996,-0.487975475682,-1.4200283105639999,-0.55137958970400003,-0.42495633324400001,-0.34888549929599999,-0.64194723944400001,1.9001434618069999,0.224397311691
385,1,0.22214754510442949,0.54371921487621055,true,flipguard_tabular_validation_v2,sha256:665f1683d38698145d16caee520d2372462728639a8a1629d51f9f4adb499c9a,sha256:afd5351d9b781a1fad2db90dc7bca0052521a41efd7694c0ade20974824dcb4e,model_input,identity_model_input_v1,-0.168445281626,0.56437471266700001,1.1244957566710001,-0.381671547931,-0.39750401667099999,-0.47104061104400002,0.410340397651,-0.59421189454699996,-0.487975475682,1.4700639483760001,-0.075192860680000001,-0.51093057202299996,-0.34888549929599999,-0.48903596262900001,0.89914000937100003,-0.249781977539
387,0,-0.310761758957532,0.43889997810619352,false,flipguard_tabular_validation_v2,sha256:665f1683d38698145d16caee520d2372462728639a8a1629d51f9f4adb499c9a,sha256:afd5351d9b781a1fad2db90dc7bca0052521a41efd7694c0ade20974824dcb4e,model_input,identity_model_input_v1,-0.168445281626,-0.73870402344700004,-0.516066815771,-0.381671547931,-0.28868452061099997,-0.47286256646500002,0.913989697647,-0.59421189454699996,-0.487975475682,-1.078072427066,-0.952453531114,-0.51093057202299996,-0.34888549929599999,0.54022397626899998,-1.2104308629760001,-0.249781977539
388,0,-0.1587323637037438,0.4687457220095958,false,flipguard_tabular_validation_v2,sha256:665f1683d38698145d16caee520d2372462728639a8a1629d51f9f4adb499c9a,sha256:afd5351d9b781a1fad2db90dc7bca0052521a41efd7694c0ade20974824dcb4e,model_input,identity_model_input_v1,-0.168445281626,-0.73870402344700004,-0.77066355460799996,1.800945077852,-0.39750401667099999,-1.7728277588229999,0.13835010185300001,-0.42076417918800002,-0.487975475682,0.095125053283,-1.8330210538330001,-0.51093057202299996,-0.34888549929599999,0.29800737391900001,-1.2104308629760001,-0.249781977539
390,1,-0.078317545881935569,0.48457336494715841,false,flipguard_tabular_validation_v2,sha256:665f1683d38698145d16caee520d2372462728639a8a1629d51f9f4adb499c9a,sha256:afd5351d9b781a1fad2db90dc7bca0052521a41efd7694c0ade20974824dcb4e,model_input,identity_model_input_v1,-0.168445281626,0.032094232976000003,-1.1661010425880001,-0.381671547931,1.005947425165,-1.1059920750059999,-0.91518192997400005,-0.40714263086199998,-0.21388408359,-0.46154731520199999,-0.98599446143199998,-0.51093057202299996,-0.34888549929599999,-1.3814467336209999,-0.21820814257999999,-0.249781977539
392,1,0.058241220096472555,0.51147273013287786,true,flipguard_tabular_validation_v2,sha256:665f1683d38698145d16caee520d2372462728639a8a1629d51f9f4adb499c9a,sha256:afd5351d9b781a1fad2db90dc7bca0052521a41efd7694c0ade20974824dcb4e,model_input,identity_model_input_v1,-0.168445281626,-0.606291581217,0.36147939043100002,-0.381671547931,-0.39750401667099999,0.36068203830599999,1.685694533285,1.97753642951,-0.487975475682,1.1448500909979999,-1.037486875583,-0.51093057202299996,-0.34888549929599999,2.0622694165,-0.19332940180300001,-0.249781977539
393,1,0.25998522515784728,0.55114679734076677,true,flipguard_tabular_validation_v2,sha256:665f1683d38698145d16caee520d2372462728639a8a1629d51f9f4adb499c9a,sha256:afd5351d9b781a1fad2db90dc7bca0052521a41efd7694c0ade20974824dcb4e,model_input,identity_model_input_v1,-0.168445281626,0.078570123295000002,1.8464980585990001,-0.381671547931,-0.39750401667099999,1.0776214961799999,0.39017475185099998,-0.21553285106799999,-0.487975475682,1.2453022477169999,1.197000454064,-0.51093057202299996,-0.34888549929599999,0.57491813151299997,-0.59358443724300003,-0.249781977539
395,1,-0.06896591673003058,0.48641502649390028,false,flipguard_tabular_validation_v2,sha256:665f1683d38698145d16caee520d2372462728639a8a1629d51f9f4adb499c9a,sha256:afd5351d9b781a1fad2db90dc7bca0052521a41efd7694c0ade20974824dcb4e,model_input,identity_model_input_v1,-0.168445281626,-0.15556313548199999,0.36070554016099998,-0.381671547931,-0.39750401667099999,-0.469218655624,-1.301772115323,-0.59421189454699996,-0.487975475682,-0.90562955803099998,-1.1853504134640001,-0.51093057202299996,-0.34888549929599999,0.230546516501,0.032774448199000002,-0.249781977539
397,1,0.36640744261090491,0.57198549892837547,true,flipguard_tabular_validation_v2,sha256:665f1683d38698145d16caee520d2372462728639a8a1629d51f9f4adb499c9a,sha256:afd5351d9b781a1fad2db90dc7bca0052521a41efd7694c0ade20974824dcb4e,model_input,identity_model_input_v1,-0.168445281626,-0.26780679512,1.223548591233,-0.381671547931,-0.39750401667099999,0.34337346181299999,-2.3193994607240001,-0.59421189454699996,-0.487975475682,0.86023564696099997,0.32021219109900001,-0.51093057202299996,-0.34888549929599999,-1.0627744928639999,0.286683949657,-0.249781977539
399,0,0.0063936762438546336,0.5012595531745685,true,flipguard_tabular_validation_v2,sha256:665f1683d38698145d16caee520d2372462728639a8a1629d51f9f4adb499c9a,sha256:afd5351d9b781a1fad2db90dc7bca0052521a41efd7694c0ade20974824dcb4e,model_input,identity_model_input_v1,-0.168445281626,-0.68872051876399998,-0.541603874682,-0.381671547931,1.0363528725940001,1.283502458669,0.84660692997200004,-0.59421189454699996,0.228595293778,0.23617662334299999,1.268333981924,-0.51093057202299996,-0.34888549929599999,-1.3814467336209999,1.8818502700590001,-0.249781977539
400,1,0.13759287217480581,0.52709537629632719,true,flipguard_tabular_validation_v2,sha256:665f1683d38698145d16caee520d2372462728639a8a1629d51f9f4adb499c9a,sha256:afd5351d9b781a1fad2db90dc7bca0052521a41efd7694c0ade20974824dcb4e,model_input,identity_model_input_v1,-0.168445281626,-0.70976620494599996,-0.84031007890999998,1.3735397333770001,-0.39750401667099999,0.87675091109500003,1.7737347917799999,2.8502236256320002,-0.487975475682,2.1962493313250002,-1.0885068822640001,-0.51093057202299996,-0.34888549929599999,1.687058552383,-1.1226235425869999,-0.249781977539
403,1,-0.06757129648098946,0.486689688682999,false,flipguard_tabular_validation_v2,sha256:665f1683d38698145d16caee520d2372462728639a8a1629d51f9f4adb499c9a,sha256:afd5351d9b781a1fad2db90dc7bca0052521a41efd7694c0ade20974824dcb4e,model_input,identity_model_input_v1,-0.168445281626,-0.73870402344700004,-0.94632756590199996,-0.381671547931,-0.39750401667099999,-0.34350373162600001,-0.094784437402999994,-0.59421189454699996,-0.487975475682,-0.113313171909,-0.39028864268300001,-0.51093057202299996,-0.34888549929599999,-1.3814467336209999,0.57644810694100002,-0.249781977539
404,0,0.21398919472347588,0.5421166759222863,true,flipguard_tabular_validation_v2,sha256:665f1683d38698145d16caee520d2372462728639a8a1629d51f9f4adb499c9a,sha256:afd5351d9b781a1fad2db90dc7bca0052521a41efd7694c0ade20974824dcb4e,model_input,identity_model_input_v1,-0.168445281626,-0.47212533180600003,-0.55862858062200005,-0.381671547931,0.072980275119000002,1.006565234789,-0.46219266699,-0.59421189454699996,0.34536068502799999,0.42326876523200002,0.76144076739699995,1.314866434302,-0.34888549929599999,-1.1315203189950001,-1.1094524445289999,5.548868144149
409,1,0.43130433213146629,0.58464602259027276,true,flipguard_tabular_validation_v2,sha256:665f1683d38698145d16caee520d2372462728639a8a1629d51f9f4adb499c9a,sha256:afd5351d9b781a1fad2db90dc7bca0052521a41efd7694c0ade20974824dcb4e,model_input,identity_model_input_v1,-0.168445281626,1.7595943070969999,-1.1661010425880001,-0.381671547931,0.87792448862399997,1.658369786388,1.716188924496,1.585235837705,0.39083773214700002,2.6662817146400002,1.258413425069,2.1579686468429999,-0.34888549929599999,-1.0248679158380001,-0.80578546151700003,-0.249781977539
410,1,0.22673999599080552,0.54462115146707002,true,flipguard_tabular_validation_v2,sha256:665f1683d38698145d16caee520d2372462728639a8a1629d51f9f4adb499c9a,sha256:afd5351d9b781a1fad2db90dc7bca0052521a41efd7694c0ade20974824dcb4e,model_input,identity_model_input_v1,-0.168445281626,-0.58524589503500002,-0.86507328755000001,-0.381671547931,1.2155849837520001,2.0532786237309999,1.3118923184439999,3.204383882123,3.5348995302250001,0.28933255627299997,-0.16117102008699999,3.3810215275359998,0.219134995887,1.1056102098709999,0.54717900014499998,-0.249781977539
411,1,0.20694565345948387,0.54073284269652133,true,flipguard_tabular_validation_v2,sha256:665f1683d38698145d16caee520d2372462728639a8a1629d51f9f4adb499c9a,sha256:afd5351d9b781a1fad2db90dc7bca0052521a41efd7694c0ade20974824dcb4e,model_input,identity_model_input_v1,-0.168445281626,1.318511800862,0.65863789411899998,-0.381671547931,-0.39750401667099999,1.036172010369,0.20966762968399999,0.034195534919000001,-0.487975475682,0.94729418278400002,1.215896752835,-0.252083401506,-0.34888549929599999,0.53958149191299998,-0.232842695978,-0.249781977539
413,1,0.16521410034466216,0.53252913923051548,true,flipguard_tabular_validation_v2,sha256:665f1683d38698145d16caee520d2372462728639a8a1629d51f9f4adb499c9a,sha256:afd5351d9b781a1fad2db90dc7bca0052521a41efd7694c0ade20974824dcb4e,model_input,identity_model_input_v1,-0.168445281626,-0.47650984975999999,0.98907195941699999,-0.381671547931,-0.39750401667099999,0.00039035394900000002,-0.25119115361299998,-0.59421189454699996,-0.487975475682,0.78531508007399997,0.24793384830099999,-0.51093057202299996,-0.34888549929599999,-0.139524472766,-0.94408199112900004,-0.249781977539
414,1,-0.10356844590744374,0.47960145983206948,false,flipguard_tabular_validation_v2,sha256:665f1683d38698145d16caee520d2372462728639a8a1629d51f9f4adb499c9a,sha256:afd5351d9b781a1fad2db90dc7bca0052521a41efd7694c0ade20974824dcb4e,model_input,identity_model_input_v1,-0.168445281626,-0.47914056053300003,-0.21426521046399999,-0.381671547931,-0.39750401667099999,0.021342841282000001,-0.42579613554500001,-0.59421189454699996,-0.487975475682,-0.65617336884499999,-0.63924737898799999,-0.51093057202299996,-0.34888549929599999,-0.088125724256999993,0.31229441810399999,-0.249781977539
415,0,-0.1098847035692508,0.47835802067335681,false,flipguard_tabular_validation_v2,sha256:665f1683d38698145d16caee520d2372462728639a8a1629d51f9f4adb499c9a,sha256:afd5351d9b781a1fad2db90dc7bca0052521a41efd7694c0ade20974824dcb4e,model_input,identity_model_input_v1,-0.168445281626,-0.40986517685000001,0.141705913745,2.8238685356280002,-0.39750401667099999,1.130002714512,0.044899548142999998,0.26303754680500002,-0.26673578699799999,-0.23929691846100001,-0.155502130456,-0.51093057202299996,0.31193042331699999,2.504941138036,0.076678108393999994,-0.249781977539
416,0,0.12305376860889811,0.52423413918210171,true,flipguard_tabular_validation_v2,sha256:665f1683d38698145d16caee520d2372462728639a8a1629d51f9f4adb499c9a,sha256:afd5351d9b781a1fad2db90dc7bca0052521a41efd7694c0ade20974824dcb4e,model_input,identity_model_input_v1,-0.168445281626,-0.048580897388999997,-0.89215804700099999,-0.381671547931,2.8046696835740001,1.160064978946,0.051293533395999999,-0.072052542028000002,-0.17823991152400001,0.17213837343400001,1.71050737316,1.0319834550939999,-0.34888549929599999,-0.843044842987,1.1823186176260001,-0.249781977539
419,1,0.42736062705241251,0.58387783589751374,true,flipguard_tabular_validation_v2,sha256:665f1683d38698145d16caee520d2372462728639a8a1629d51f9f4adb499c9a,sha256:afd5351d9b781a1fad2db90dc7bca0052521a41efd7694c0ade20974824dcb4e,model_input,identity_model_input_v1,-0.168445281626,0.098738905885999997,1.8689397164299999,0.30502637219099998,-0.39750401667099999,-0.238285806106,0.96612526971699997,-0.42530469529699999,1.694922786002,2.3515316235869999,0.88048744965299997,0.90533323237700003,1.26800452412,-0.87131415466700002,-1.0070105707420001,-0.249781977539
420,0,-0.29062165126583228,0.44284571941689649,false,flipguard_tabular_validation_v2,sha256:665f1683d38698145d16caee520d2372462728639a8a1629d51f9f4adb499c9a,sha256:afd5351d9b781a1fad2db90dc7bca0052521a41efd7694c0ade20974824dcb4e,model_input,identity_model_input_v1,-0.168445281626,1.5771983601849999,0.51934484551500004,-0.381671547931,-0.39750401667099999,0.049127661441000003,-0.24479716835900001,-0.58785517199399995,-0.487975475682,-1.6925047856640001,-0.155502130456,0.17316552148600001,4.9910695519499999,0.767663438423,0.397906555484,-0.249781977539
423,0,0.074072610104401401,0.51459067851852869,true,flipguard_tabular_validation_v2,sha256:665f1683d38698145d16caee520d2372462728639a8a1629d51f9f4adb499c9a,sha256:afd5351d9b781a1fad2db90dc7bca0052521a41efd7694c0ade20974824dcb4e,model_input,identity_model_input_v1,-0.168445281626,-0.49404792157900002,1.330339928496,-0.381671547931,-0.39750401667099999,-1.3369249245249999,0.62429298114599996,-0.59421189454699996,-0.487975475682,0.63254409173000004,0.13786290796100001,-0.51093057202299996,-0.34888549929599999,-0.051504115943999999,-1.037743132878,-0.249781977539
426,1,0.010069745533916107,0.50198373578590183,true,flipguard_tabular_validation_v2,sha256:665f1683d38698145d16caee520d2372462728639a8a1629d51f9f4adb499c9a,sha256:afd5351d9b781a1fad2db90dc7bca0052521a41efd7694c0ade20974824dcb4e,model_input,identity_model_input_v1,-0.168445281626,0.18467545779700001,0.508510941735,-0.381671547931,-0.39750401667099999,-1.769639336837,-1.2884922997949999,-0.59421189454699996,0.325694934923,-0.53856063535300003,-0.13424379433899999,-0.51093057202299996,1.1695851313900001,-1.220183160173,-0.55187596005799999,-0.249781977539
427,0,0.10262195429669177,0.52021220204025953,true,flipguard_tabular_validation_v2,sha256:665f1683d38698145d16caee520d2372462728639a8a1629d51f9f4adb499c9a,sha256:afd5351d9b781a1fad2db90dc7bca0052521a41efd7694c0ade20974824dcb4e,model_input,identity_model_input_v1,-0.168445281626,-0.51158599339699995,0.50773709146500001,-0.381671547931,-0.39750401667099999,-0.144910590817,-0.89747550927099995,-0.59421189454699996,-0.487975475682,0.14744388490800001,0.0013371493420000001,-0.51093057202299996,-0.34888549929599999,-1.3814467336209999,0.20985254431700001,-0.249781977539
429,1,0.1323553161296073,0.52606472291303508,true,flipguard_tabular_validation_v2,sha256:665f1683d38698145d16caee520d2372462728639a8a1629d51f9f4adb499c9a,sha256:afd5351d9b781a1fad2db90dc7bca0052521a41efd7694c0ade20974824dcb4e,model_input,identity_model_input_v1,-0.168445281626,0.76430873139800004,0.391659550962,-0.381671547931,0.044175114396999997,1.4843730437530001,0.61691530585300003,0.24305927592599999,0.87633593786999997,0.38936616233999999,-0.48240809919099997,0.98298738353199999,-0.34888549929599999,1.6350173195169999,2.4606468569570001,-0.15735720082499999
432,0,-0.31040447082277817,0.43896995029250974,false,flipguard_tabular_validation_v2,sha256:665f1683d38698145d16caee520d2372462728639a8a1629d51f9f4adb499c9a,sha256:afd5351d9b781a1fad2db90dc7bca0052521a41efd7694c0ade20974824dcb4e,model_input,identity_model_input_v1,-0.168445281626,0.89672117362799997,-0.98115082805300002,-0.381671547931,-0.39750401667099999,-1.1674830704400001,0.80234087821400002,-0.59421189454699996,-0.487975475682,-1.1412735756679999,-0.69735349770900001,-0.51093057202299996,-0.34888549929599999,0.54279391369499996,0.17838825451099999,-0.249781977539
433,0,-0.40002822187739412,0.42145049447998112,false,flipguard_tabular_validation_v2,sha256:665f1683d38698145d16caee520d2372462728639a8a1629d51f9f4adb499c9a,sha256:afd5351d9b781a1fad2db90dc7bca0052521a41efd7694c0ade20974824dcb4e,model_input,identity_model_input_v1,2.8364417515659999,-0.70538168699100001,-1.1661010425880001,-0.381671547931,1.537242611813,0.37480219281299998,1.132860731337,-0.22370578006399999,-0.487975475682,-1.649394068406,0.88615633928399995,-0.51093057202299996,-0.34888549929599999,-0.16136894088199999,0.60937585208699996,-0.249781977539
438,1,0.0047324436384298492,0.50093229097281899,true,flipguard_tabular_validation_v2,sha256:665f1683d38698145d16caee520d2372462728639a8a1629d51f9f4adb499c9a,sha256:afd5351d9b781a1fad2db90dc7bca0052521a41efd7694c0ade20974824dcb4e,model_input,identity_model_input_v1,-0.168445281626,-0.110841052345,0.60059912386699998,-0.381671547931,-0.39750401667099999,-0.64959224223000001,-0.70663964169500004,-0.59421189454699996,-0.487975475682,-0.26985111613000001,-0.61137533830099999,-0.51093057202299996,-0.34888549929599999,0.084702567606000007,-0.071862608598000005,-0.249781977539
440,0,-0.30384031802402017,0.44025565821223572,false,flipguard_tabular_validation_v2,sha256:665f1683d38698145d16caee520d2372462728639a8a1629d51f9f4adb499c9a,sha256:afd5351d9b781a1fad2db90dc7bca0052521a41efd7694c0ade20974824dcb4e,model_input,identity_model_input_v1,-0.168445281626,0.29516531025300002,1.2250962917729999,0.017240106912000001,-0.39750401667099999,-0.121225170354,1.929649662971,0.84967222806999998,0.32077849739699998,-0.78257566604999995,1.1672387835,-0.51093057202299996,7.6849489300930003,2.4162782968580001,-0.33308938675499999,-0.249781977539
441,0,-0.093684148365234379,0.4815475117300741,false,flipguard_tabular_validation_v2,sha256:665f1683d38698145d16caee520d2372462728639a8a1629d51f9f4adb499c9a,sha256:afd5351d9b781a1fad2db90dc7bca0052521a41efd7694c0ade20974824dcb4e,model_input,identity_model_input_v1,-0.168445281626,-0.119610088254,0.89001912485500001,-0.381671547931,-0.39750401667099999,0.94006386195000002,0.26819718700799999,-0.59421189454699996,-0.487975475682,-0.786342621927,0.58050870666700005,-0.51093057202299996,-0.34888549929599999,1.476966167851,0.68108516373799999,-0.249781977539
443,1,-0.024956775761909335,0.49508357735128222,false,flipguard_tabular_validation_v2,sha256:665f1683d38698145d16caee520d2372462728639a8a1629d51f9f4adb499c9a,sha256:afd5351d9b781a1fad2db90dc7bca0052521a41efd7694c0ade20974824dcb4e,model_input,identity_model_input_v1,-0.168445281626,1.3632338839989999,-0.098961520230999994,-0.381671547931,-0.39750401667099999,-0.236463850685,0.12998873652099999,-0.59421189454699996,-0.487975475682,-0.332633714079,1.6268912511,-0.51093057202299996,-0.34888549929599999,0.11232939493000001,-0.30747891830899998,-0.249781977539
445,0,-0.20634512015928894,0.45938515463344826,false,flipguard_tabular_validation_v2,sha256:665f1683d38698145d16caee520d2372462728639a8a1629d51f9f4adb499c9a,sha256:afd5351d9b781a1fad2db90dc7bca0052521a41efd7694c0ade20974824dcb4e,model_input,identity_model_input_v1,-0.168445281626,1.5947364320040001,0.82965880379300005,-0.381671547931,-0.39750401667099999,-0.715638126215,0.92333475301800005,-0.57514172688999998,0.27161412213300001,-1.216194142555,-0.43327772238700002,0.40335461240999998,0.30630645801900003,1.126169709275,0.34449043557999998,-0.249781977539
446,1,-0.039375388284158874,0.49224329270176809,false,flipguard_tabular_validation_v2,sha256:665f1683d38698145d16caee520d2372462728639a8a1629d51f9f4adb499c9a,sha256:afd5351d9b781a1fad2db90dc7bca0052521a41efd7694c0ade20974824dcb4e,model_input,identity_model_input_v1,-0.168445281626,-0.73870402344700004,-0.20962210884400001,-0.34462975141000002,-0.39750401667099999,-0.423214281262,0.48313346054099998,-0.59421189454699996,-0.487975475682,0.478098900775,-1.4087991464289999,-0.51093057202299996,-0.34888549929599999,0.59226520913500003,-0.62358527170900002,-0.249781977539
451,0,-0.15031039311479727,0.47040243653606456,false,flipguard_tabular_validation_v2,sha256:665f1683d38698145d16caee520d2372462728639a8a1629d51f9f4adb499c9a,sha256:afd5351d9b781a1fad2db90dc7bca0052521a41efd7694c0ade20974824dcb4e,model_input,identity_model_input_v1,-0.168445281626,-0.73870402344700004,-1.1661010425880001,-0.381671547931,-0.39750401667099999,0.32105450791500001,2.2670553463659999,-0.25821370249100001,1.8116881772519999,0.29895922129199998,1.401080480789,-0.51093057202299996,2.8567747210409999,0.237613844421,-1.089695797441,-0.249781977539
454,0,-0.29891245995748145,0.44122107509786118,false,flipguard_tabular_validation_v2,sha256:665f1683d38698145d16caee520d2372462728639a8a1629d51f9f4adb499c9a,sha256:afd5351d9b781a1fad2db90dc7bca0052521a41efd7694c0ade20974824dcb4e,model_input,identity_model_input_v1,-0.168445281626,-0.20554664016499999,-1.1661010425880001,-0.381671547931,-0.39750401667099999,-0.071576885152000003,0.77774862723799998,-0.59421189454699996,-0.487975475682,-1.2768839872390001,0.583343151482,-0.51093057202299996,-0.34888549929599999,0.97711333859799998,-0.71578295811799997,-0.249781977539
455,0,-0.20340134646698058,0.45996359531569053,false,flipguard_tabular_validation_v2,sha256:665f1683d38698145d16caee520d2372462728639a8a1629d51f9f4adb499c9a,sha256:afd5351d9b781a1fad2db90dc7bca0052521a41efd7694c0ade20974824dcb4e,model_input,identity_model_input_v1,-0.168445281626,-0.095056787707999996,-0.52535301901200004,-0.381671547931,-0.39750401667099999,-1.173859914411,-0.90190211444699997,-0.59421189454699996,-0.487975475682,-1.5284329296900001,-0.29391751895200002,-0.51093057202299996,-0.34888549929599999,-1.3814467336209999,-0.026495493064000002,-0.249781977539
459,1,-0.15899046745919473,0.46869495373480602,false,flipguard_tabular_validation_v2,sha256:665f1683d38698145d16caee520d2372462728639a8a1629d51f9f4adb499c9a,sha256:afd5351d9b781a1fad2db90dc7bca0052521a41efd7694c0ade20974824dcb4e,model_input,identity_model_input_v1,2.1850326744399999,0.631896289168,-1.009009437774,-0.381671547931,5.1602917159389996,0.51554824902800001,0.50723386649799995,-0.59421189454699996,-0.487975475682,-0.76708929188899999,-0.97749112698600005,1.5099262663699999,-0.34888549929599999,-0.39587573095599998,1.886972363748,3.181990166551
468,1,0.06008864368683936,0.51183659497123979,true,flipguard_tabular_validation_v2,sha256:665f1683d38698145d16caee520d2372462728639a8a1629d51f9f4adb499c9a,sha256:afd5351d9b781a1fad2db90dc7bca0052521a41efd7694c0ade20974824dcb4e,model_input,identity_model_input_v1,-0.168445281626,-0.18362405039099999,0.356062438541,-0.381671547931,-0.39750401667099999,0.71596334525700001,0.66167320262999996,-0.59421189454699996,-0.487975475682,0.66560959331699998,0.17990717272599999,-0.51093057202299996,-0.34888549929599999,0.68092805031299997,0.56839910257199999,-0.249781977539
471,1,0.15302947382686566,0.53013247175486378,true,flipguard_tabular_validation_v2,sha256:665f1683d38698145d16caee520d2372462728639a8a1629d51f9f4adb499c9a,sha256:afd5351d9b781a1fad2db90dc7bca0052521a41efd7694c0ade20974824dcb4e,model_input,identity_model_input_v1,-0.168445281626,-0.159070749846,1.1833083771920001,1.4846651229409999,-0.39750401667099999,-0.78532792104000004,-1.7842720794789999,0.56180350676799995,0.97835201654100001,0.023552891621000001,0.19927587896599999,-0.50168603021900005,2.0047439782669998,0.38924015252299998,-1.2075039522969999,-0.249781977539
473,1,0.20540009894728767,0.54042915682866566,true,flipguard_tabular_validation_v2,sha256:665f1683d38698145d16caee520d2372462728639a8a1629d51f9f4adb499c9a,sha256:afd5351d9b781a1fad2db90dc7bca0052521a41efd7694c0ade20974824dcb4e,model_input,identity_model_input_v1,-0.168445281626,0.37934805498200003,0.95579639780600001,-0.381671547931,-0.39750401667099999,-1.8019790455469999,-0.080029086816999995,-0.59421189454699996,0.60961920206800002,0.84265651953499998,0.72789983707899997,0.13803626262999999,0.54813696586799998,-0.60275569370600002,-1.2104308629760001,-0.249781977539
475,0,-0.12392634971201538,0.47559412202144086,false,flipguard_tabular_validation_v2,sha256:665f1683d38698145d16caee520d2372462728639a8a1629d51f9f4adb499c9a,sha256:afd5351d9b781a1fad2db90dc7bca0052521a41efd7694c0ade20974824dcb4e,model_input,identity_model_input_v1,-0.168445281626,-0.73870402344700004,0.25236650235800001,-0.381671547931,-0.39750401667099999,-1.61613959268,0.318365379,-0.59421189454699996,-0.487975475682,-0.35858385456500003,-0.84946870281300002,-0.51093057202299996,-0.34888549929599999,-0.29629065571899998,-1.0055471154019999,-0.249781977539
476,0,-0.071455274201366339,0.48592477034375325,false,flipguard_tabular_validation_v2,sha256:665f1683d38698145d16caee520d2372462728639a8a1629d51f9f4adb499c9a,sha256:afd5351d9b781a1fad2db90dc7bca0052521a41efd7694c0ade20974824dcb4e,model_input,identity_model_input_v1,-0.168445281626,0.64943436098700003,0.33903773260100001,-0.381671547931,-0.39750401667099999,-0.26925904825000002,-1.327348056338,-0.59421189454699996,-0.487975475682,-1.1981964644759999,0.14589383493800001,-0.51093057202299996,-0.34888549929599999,0.36289829391200001,-0.587730615884,-0.249781977539
478,0,0.23535793514367073,0.54631336415820853,true,flipguard_tabular_validation_v2,sha256:665f1683d38698145d16caee520d2372462728639a8a1629d51f9f4adb499c9a,sha256:afd5351d9b781a1fad2db90dc7bca0052521a41efd7694c0ade20974824dcb4e,model_input,identity_model_input_v1,-0.168445281626,-0.73870402344700004,-1.1661010425880001,-0.381671547931,2.4158000138290001,1.29079028035,-0.22069676240200001,-0.54245001090599998,-0.487975475682,0.56683163921000002,2.4786419181929999,1.9111393806720001,-0.34888549929599999,-0.99659860415799995,0.67523134237899995,-0.249781977539
483,0,-0.048558252824612583,0.49043448217632951,false,flipguard_tabular_validation_v2,sha256:665f1683d38698145d16caee520d2372462728639a8a1629d51f9f4adb499c9a,sha256:afd5351d9b781a1fad2db90dc7bca0052521a41efd7694c0ade20974824dcb4e,model_input,identity_model_input_v1,-0.168445281626,-0.73870402344700004,0.71125971247999997,1.6299829400620001,-0.39750401667099999,-0.52706574021700003,-1.2948862850489999,-0.59421189454699996,-0.487975475682,-0.59673917612000005,-0.83387925632799997,-0.51093057202299996,-0.34888549929599999,-0.15173167553700001,-0.24601379403599999,-0.249781977539
484,0,-0.038935229411992664,0.49232999590160692,false,flipguard_tabular_validation_v2,sha256:665f1683d38698145d16caee520d2372462728639a8a1629d51f9f4adb499c9a,sha256:afd5351d9b781a1fad2db90dc7bca0052521a41efd7694c0ade20974824dcb4e,model_input,identity_model_input_v1,-0.168445281626,0.156614542887,1.9424554920820001,5.6134007505649999,-0.39750401667099999,0.75376892022800002,-1.6480310090700001,-0.41985607596699998,0.13887030892300001,-0.62478206987100005,1.18046619264,-0.51093057202299996,3.05642548915,1.117817412642,-0.090155800346000001,-0.249781977539
486,1,0.54761653683245504,0.60722357228753465,true,flipguard_tabular_validation_v2,sha256:665f1683d38698145d16caee520d2372462728639a8a1629d51f9f4adb499c9a,sha256:afd5351d9b781a1fad2db90dc7bca0052521a41efd7694c0ade20974824dcb4e,model_input,identity_model_input_v1,-0.168445281626,-0.553677365762,1.986564957473,-0.381671547931,-0.39750401667099999,0.42353950030499998,-0.42825536064300002,-0.465261237055,-0.487975475682,2.270332796905,0.89749411854700001,1.282510537988,-0.34888549929599999,-0.19670558048199999,-0.117229724132,-0.249781977539
487,0,-0.035256999952156684,0.4930545463151329,false,flipguard_tabular_validation_v2,sha256:665f1683d38698145d16caee520d2372462728639a8a1629d51f9f4adb499c9a,sha256:afd5351d9b781a1fad2db90dc7bca0052521a41efd7694c0ade20974824dcb4e,model_input,identity_model_input_v1,-0.168445281626,-0.73870402344700004,0.92252083619500003,-0.381671547931,-0.11585355628000001,1.961725363862,-0.23889502812499999,-0.59421189454699996,-0.27165222452400001,-0.65240641296799995,0.12085623906699999,-0.478574675708,-0.34888549929599999,0.17465037749699999,0.90206692005099998,-0.249781977539
490,1,0.085484245580772111,0.51683789765568244,true,flipguard_tabular_validation_v2,sha256:665f1683d38698145d16caee520d2372462728639a8a1629d51f9f4adb499c9a,sha256:afd5351d9b781a1fad2db90dc7bca0052521a41efd7694c0ade20974824dcb4e,model_input,identity_model_input_v1,-0.168445281626,0.62225034966799997,0.24540184992799999,-0.381671547931,-0.39750401667099999,0.42490596686999998,0.79004475272600005,-0.45708830805900003,-0.487975475682,1.069510973459,-0.83907573848899997,-0.51093057202299996,-0.34888549929599999,-0.62588513053499994,1.7655055705430001,-0.249781977539
494,1,0.0021871471484998005,0.50043086794640457,true,flipguard_tabular_validation_v2,sha256:665f1683d38698145d16caee520d2372462728639a8a1629d51f9f4adb499c9a,sha256:afd5351d9b781a1fad2db90dc7bca0052521a41efd7694c0ade20974824dcb4e,model_input,identity_model_input_v1,-0.168445281626,1.0098417368570001,0.092179496464000005,-0.381671547931,-0.39750401667099999,0.020431863572000001,-0.81435370097100002,-0.59421189454699996,-0.487975475682,-0.32384415036600001,-0.46114976307400002,-0.51093057202299996,-0.34888549929599999,-0.76016436101499996,0.88889582199299999,-0.249781977539
495,1,0.23101972244487884,0.54546156712765037,true,flipguard_tabular_validation_v2,sha256:665f1683d38698145d16caee520d2372462728639a8a1629d51f9f4adb499c9a,sha256:afd5351d9b781a1fad2db90dc7bca0052521a41efd7694c0ade20974824dcb4e,model_input,identity_model_input_v1,-0.168445281626,-0.73870402344700004,0.33362078071000001,2.268241587811,-0.39750401667099999,-0.382220284307,-0.23348473290999999,-0.59421189454699996,-0.487975475682,1.670549711162,0.74868576572699996,-0.51093057202299996,-0.34888549929599999,-0.16972123751500001,-0.203573589182,-0.249781977539
496,1,0.031502357510780489,0.50620583937805075,true,flipguard_tabular_validation_v2,sha256:665f1683d38698145d16caee520d2372462728639a8a1629d51f9f4adb499c9a,sha256:afd5351d9b781a1fad2db90dc7bca0052521a41efd7694c0ade20974824dcb4e,model_input,identity_model_input_v1,-0.168445281626,1.407079063546,0.18504152886700001,-0.381671547931,-0.39750401667099999,-0.74160099095300003,-1.21078078671,-0.17557630931000001,-0.487975475682,-0.52684121706999998,-1.778221787398,0.91550222836200001,-0.34888549929599999,-0.15879900345699999,0.78864913121500002,-0.23772657188099999
498,0,-0.26982438665984854,0.44692317430135997,false,flipguard_tabular_validation_v2,sha256:665f1683d38698145d16caee520d2372462728639a8a1629d51f9f4adb499c9a,sha256:afd5351d9b781a1fad2db90dc7bca0052521a41efd7694c0ade20974824dcb4e,model_input,identity_model_input_v1,-0.168445281626,-0.73870402344700004,-1.1661010425880001,-0.381671547931,0.74830126537599995,0.055049016557000001,-0.699261966402,-0.59421189454699996,-0.487975475682,-1.6925047856640001,-0.43847420454899999,-0.51093057202299996,-0.34888549929599999,-0.73767740854300001,0.195217990919,-0.249781977539
