row_id,label,scaled_logit,polynomial_score,plaintext_decision,materialization_schema,source_data_sha256,source_model_sha256,source_feature_space,preprocessing_method,x_0,x_1,x_2,x_3,x_4,x_5,x_6,x_7,x_8,x_9,x_10,x_11,x_12,x_13,x_14,x_15
0,0,-0.088051055594176586,0.4826539420479472,false,flipguard_tabular_validation_v2,sha256:36b1cc86f8a5b62e055f8beff2a63d05469f9da8e1b767d6693b1273ee354f1d,sha256:edb34de653b4d4b756b3e497b1edc448b941926d02b32f3d93817db66bde9b78,model_input,identity_model_input_v1,-0.168445281626,-0.73870402344700004,-0.68786157571600004,-0.381671547931,-0.39750401667099999,0.11107414573,0.16736895800500001,-0.59421189454699996,-0.487975475682,-0.852892175754,-0.51169736228499996,-0.51093057202299996,-0.34888549929599999,0.177220314923,-1.045792137247,-0.249781977539
2,1,0.058750831800917142,0.51157391386478068,true,flipguard_tabular_validation_v2,sha256:36b1cc86f8a5b62e055f8beff2a63d05469f9da8e1b767d6693b1273ee354f1d,sha256:edb34de653b4d4b756b3e497b1edc448b941926d02b32f3d93817db66bde9b78,model_input,identity_model_input_v1,-0.168445281626,-0.351989539849,-0.99508013291399999,-0.381671547931,1.103564914278,1.829178107038,1.238607410535,3.5821548223800002,2.303331929883,1.0711851760710001,-0.129047312177,3.2395800379319999,-0.34888549929599999,0.19135497076300001,1.31037095986,-0.249781977539
6,0,-0.077154893909240713,0.48480048589987956,false,flipguard_tabular_validation_v2,sha256:36b1cc86f8a5b62e055f8beff2a63d05469f9da8e1b767d6693b1273ee354f1d,sha256:edb34de653b4d4b756b3e497b1edc448b941926d02b32f3d93817db66bde9b78,model_input,identity_model_input_v1,-0.168445281626,-0.058226836889000003,-1.163779491778,-0.381671547931,-0.33829340852099998,-0.24511813893199999,-0.65893067480099998,-0.59421189454699996,-0.487975475682,-1.405797588362,-0.79230739903199998,-0.51093057202299996,-0.34888549929599999,-0.69270350359699995,0.48351869286299998,-0.249781977539
9,0,-0.063610000363929609,0.48746882992830587,false,flipguard_tabular_validation_v2,sha256:36b1cc86f8a5b62e055f8beff2a63d05469f9da8e1b767d6693b1273ee354f1d,sha256:edb34de653b4d4b756b3e497b1edc448b941926d02b32f3d93817db66bde9b78,model_input,identity_model_input_v1,-0.168445281626,0.096108195113999997,-0.88364569403100002,-0.381671547931,-0.39750401667099999,-0.93427277664599995,-0.89747550927099995,-0.59421189454699996,-0.487975475682,-1.551453215605,-0.31045178037600002,-0.51093057202299996,-0.34888549929599999,-1.3814467336209999,0.57791156228100005,-0.249781977539
11,0,-0.04701393239968063,0.49073825531726289,false,flipguard_tabular_validation_v2,sha256:36b1cc86f8a5b62e055f8beff2a63d05469f9da8e1b767d6693b1273ee354f1d,sha256:edb34de653b4d4b756b3e497b1edc448b941926d02b32f3d93817db66bde9b78,model_input,identity_model_input_v1,-0.035361706729999998,1.2045143340419999,-0.48201740388999997,-0.381671547931,-0.39750401667099999,-0.27791333649599997,0.67249379305900003,-0.59421189454699996,-0.487975475682,-0.55948816800300005,0.164790133709,-0.46193450046099999,0.43846964254100002,0.95976626097600004,1.175733068597,-0.249781977539
12,0,-0.10752318657677951,0.47881793224437441,false,flipguard_tabular_validation_v2,sha256:36b1cc86f8a5b62e055f8beff2a63d05469f9da8e1b767d6693b1273ee354f1d,sha256:edb34de653b4d4b756b3e497b1edc448b941926d02b32f3d93817db66bde9b78,model_input,identity_model_input_v1,-0.168445281626,-0.73870402344700004,-0.19259740290300001,-0.381671547931,-0.39750401667099999,-1.6129511706940001,0.346400545113,-0.59421189454699996,-0.487975475682,0.183020690412,-1.6180756553160001,-0.51093057202299996,-0.34888549929599999,0.31856687332299999,-1.2104308629760001,-0.249781977539
15,1,0.092122812973609872,0.51814819415580116,true,flipguard_tabular_validation_v2,sha256:36b1cc86f8a5b62e055f8beff2a63d05469f9da8e1b767d6693b1273ee354f1d,sha256:edb34de653b4d4b756b3e497b1edc448b941926d02b32f3d93817db66bde9b78,model_input,identity_model_input_v1,-0.168445281626,-0.57296924476199995,0.14402746455599999,-0.37312344104200001,-0.39750401667099999,0.62942046279499997,0.43493264862800002,-0.038452722823000003,-0.487975475682,0.34248848920399999,-0.64586108355799998,-0.51093057202299996,-0.34888549929599999,-0.741532314681,1.5298892608329999,-0.249781977539
16,1,0.14001557501856984,0.52758306827865831,true,flipguard_tabular_validation_v2,sha256:36b1cc86f8a5b62e055f8beff2a63d05469f9da8e1b767d6693b1273ee354f1d,sha256:edb34de653b4d4b756b3e497b1edc448b941926d02b32f3d93817db66bde9b78,model_input,identity_model_input_v1,-0.168445281626,0.084708448431999997,0.780906236782,-0.30473858592600001,0.994745418218,1.60006721294,-0.36234812802600003,2.9809904895670001,4.7369685054090001,-1.327947166905,0.25218551552399998,1.8353341378770001,0.71966790748300002,2.0301451986819998,0.55449627684400005,-0.249781977539
17,0,-0.15045935456006834,0.47035950715166652,false,flipguard_tabular_validation_v2,sha256:36b1cc86f8a5b62e055f8beff2a63d05469f9da8e1b767d6693b1273ee354f1d,sha256:edb34de653b4d4b756b3e497b1edc448b941926d02b32f3d93817db66bde9b78,model_input,identity_model_input_v1,-0.168445281626,-0.73870402344700004,-1.1661010425880001,-0.381671547931,4.3089391879379999,0.016787952730999998,0.41820991796399998,-0.54608242379299998,-0.487975475682,-1.6925047856640001,-0.17345361428799999,-0.51093057202299996,-0.34888549929599999,-1.3814467336209999,1.567207371998,-0.249781977539
18,0,-0.10789795847374802,0.47874410218067165,false,flipguard_tabular_validation_v2,sha256:36b1cc86f8a5b62e055f8beff2a63d05469f9da8e1b767d6693b1273ee354f1d,sha256:edb34de653b4d4b756b3e497b1edc448b941926d02b32f3d93817db66bde9b78,model_input,identity_model_input_v1,-0.168445281626,-0.66679792899099999,-0.71339863462599995,0.77232288215,-0.39750401667099999,-1.543716864724,0.50182357128300004,0.797910344429,-0.465851506814,0.060803899736999997,-2.2392914774060002,-0.51093057202299996,1.419851587188,0.68992283130300003,-1.2104308629760001,-0.249781977539
24,1,0.21209103053672168,0.54178193301573419,true,flipguard_tabular_validation_v2,sha256:36b1cc86f8a5b62e055f8beff2a63d05469f9da8e1b767d6693b1273ee354f1d,sha256:edb34de653b4d4b756b3e497b1edc448b941926d02b32f3d93817db66bde9b78,model_input,identity_model_input_v1,-0.168445281626,0.82744578994499995,0.66482869627899999,-0.381671547931,-0.39750401667099999,0.448591387334,1.9134187773260001,1.0939519947259999,-0.487975475682,0.89623100311799997,0.486499620282,-0.51093057202299996,-0.34888549929599999,1.72111022327,0.71328118121399997,-0.249781977539
25,0,-0.078141946976047691,0.48460603644571859,false,flipguard_tabular_validation_v2,sha256:36b1cc86f8a5b62e055f8beff2a63d05469f9da8e1b767d6693b1273ee354f1d,sha256:edb34de653b4d4b756b3e497b1edc448b941926d02b32f3d93817db66bde9b78,model_input,identity_model_input_v1,-0.168445281626,-0.73870402344700004,-1.1661010425880001,-0.381671547931,3.8752614904030001,0.492773806275,0.63363803651700001,-0.56152017856299996,0.29250898162,-0.013698116496,0.82143651599400003,-0.51093057202299996,-0.34888549929599999,-1.3814467336209999,1.8672157166609999,-0.249781977539
26,0,-0.1473309450425308,0.47097580382662141,false,flipguard_tabular_validation_v2,sha256:36b1cc86f8a5b62e055f8beff2a63d05469f9da8e1b767d6693b1273ee354f1d,sha256:edb34de653b4d4b756b3e497b1edc448b941926d02b32f3d93817db66bde9b78,model_input,identity_model_input_v1,-0.168445281626,-0.73870402344700004,-1.1661010425880001,-0.381671547931,-0.39750401667099999,1.5331103512449999,0.99219305575200001,0.459187842708,-0.487975475682,-1.5250845244660001,0.072198269731999998,-0.51093057202299996,-0.34888549929599999,1.084408226111,-0.72017332413699997,-0.249781977539
35,1,0.14722243199027199,0.52900281910208358,true,flipguard_tabular_validation_v2,sha256:36b1cc86f8a5b62e055f8beff2a63d05469f9da8e1b767d6693b1273ee354f1d,sha256:edb34de653b4d4b756b3e497b1edc448b941926d02b32f3d93817db66bde9b78,model_input,identity_model_input_v1,-0.168445281626,-0.73870402344700004,-1.1661010425880001,1.4675689091619999,-0.26628050671600001,0.49687320597099999,-2.0946262868000001,2.5160416400200001,1.602739582383,0.30774878500500003,0.58381555895199999,-0.45453886701700003,-0.34888549929599999,-1.3814467336209999,0.57059428558199998,-0.249781977539
41,0,-0.064234136138406284,0.48734587518073397,false,flipguard_tabular_validation_v2,sha256:36b1cc86f8a5b62e055f8beff2a63d05469f9da8e1b767d6693b1273ee354f1d,sha256:edb34de653b4d4b756b3e497b1edc448b941926d02b32f3d93817db66bde9b78,model_input,identity_model_input_v1,-0.168445281626,-0.73870402344700004,-1.1661010425880001,-0.381671547931,1.161175235722,0.084200303281000005,-0.23791133808600001,-0.59421189454699996,-0.47937171001099999,-0.61096989832199999,-0.49280106351500003,-0.51093057202299996,-0.34888549929599999,-1.3814467336209999,1.191831077335,-0.249781977539
42,1,-0.0007815782606118999,0.49984602908265946,false,flipguard_tabular_validation_v2,sha256:36b1cc86f8a5b62e055f8beff2a63d05469f9da8e1b767d6693b1273ee354f1d,sha256:edb34de653b4d4b756b3e497b1edc448b941926d02b32f3d93817db66bde9b78,model_input,identity_model_input_v1,-0.168445281626,-0.53350858317000005,-0.57642713683299995,0.35916438249100002,-0.39750401667099999,0.30738984226299998,0.097035120212000003,-0.46253692739000002,-0.487975475682,0.010577821378,0.39012849655100001,-0.51093057202299996,-0.34888549929599999,-0.186425830781,-0.36089503821199997,-0.249781977539
44,0,-0.048165037575374187,0.49051148759765129,false,flipguard_tabular_validation_v2,sha256:36b1cc86f8a5b62e055f8beff2a63d05469f9da8e1b767d6693b1273ee354f1d,sha256:edb34de653b4d4b756b3e497b1edc448b941926d02b32f3d93817db66bde9b78,model_input,identity_model_input_v1,-0.168445281626,-0.73870402344700004,-1.1661010425880001,-0.031199165462000002,-0.37510000277700001,0.48730794001400002,-0.28660399501900002,1.7995481980429999,-0.31221283411599998,-0.042159560899999997,0.24179255120000001,-0.51093057202299996,0.10665568991,0.027521459889,-0.155279562968,-0.249781977539
47,1,0.042058020338455113,0.5082854300066757,true,flipguard_tabular_validation_v2,sha256:36b1cc86f8a5b62e055f8beff2a63d05469f9da8e1b767d6693b1273ee354f1d,sha256:edb34de653b4d4b756b3e497b1edc448b941926d02b32f3d93817db66bde9b78,model_input,identity_model_input_v1,-0.168445281626,-0.73870402344700004,1.202654633943,-0.381671547931,-0.39750401667099999,-0.23327542870000001,1.456494754185,-0.59421189454699996,-0.40931247526100001,0.81670637904900001,0.24604421842400001,-0.51093057202299996,-0.16891860973299999,1.6497944597130001,-0.69748976637000004,-0.249781977539
48,0,-0.086031459612509589,0.48305180245633561,false,flipguard_tabular_validation_v2,sha256:36b1cc86f8a5b62e055f8beff2a63d05469f9da8e1b767d6693b1273ee354f1d,sha256:edb34de653b4d4b756b3e497b1edc448b941926d02b32f3d93817db66bde9b78,model_input,identity_model_input_v1,-0.168445281626,-0.73870402344700004,-0.333438152047,-0.381671547931,-0.39750401667099999,-1.762807004011,-0.55121661552400003,-0.59421189454699996,-0.487975475682,-1.0303576526239999,-1.0067803900800001,-0.51093057202299996,-0.34888549929599999,-0.70169828458600003,-0.53504622364999999,-0.249781977539
49,0,-0.065480237825229354,0.48710039314842979,false,flipguard_tabular_validation_v2,sha256:36b1cc86f8a5b62e055f8beff2a63d05469f9da8e1b767d6693b1273ee354f1d,sha256:edb34de653b4d4b756b3e497b1edc448b941926d02b32f3d93817db66bde9b78,model_input,identity_model_input_v1,-0.168445281626,-0.35462025062199998,0.53714340172599995,-0.381671547931,-0.39750401667099999,-0.46739670020399998,2.6123305500740002,0.054173805797999998,2.5688195563040002,0.50823454779099997,1.354312141331,-0.45731222955900003,2.6627479182310001,0.139956222253,-0.80724891685599998,-0.249781977539
50,1,0.15922730695002288,0.53136777946915448,true,flipguard_tabular_validation_v2,sha256:36b1cc86f8a5b62e055f8beff2a63d05469f9da8e1b767d6693b1273ee354f1d,sha256:edb34de653b4d4b756b3e497b1edc448b941926d02b32f3d93817db66bde9b78,model_input,identity_model_input_v1,-0.168445281626,0.34602571852699998,-0.69250467733599996,-0.381671547931,-0.39750401667099999,0.59662526523000003,1.5740457138520001,-0.59421189454699996,-0.487975475682,0.90334636421900005,-0.80742443804800001,-0.51093057202299996,-0.34888549929599999,0.12132417591899999,2.269665935111,-0.249781977539
53,0,-0.11621128189105226,0.47710637746746271,false,flipguard_tabular_validation_v2,sha256:36b1cc86f8a5b62e055f8beff2a63d05469f9da8e1b767d6693b1273ee354f1d,sha256:edb34de653b4d4b756b3e497b1edc448b941926d02b32f3d93817db66bde9b78,model_input,identity_model_input_v1,-0.168445281626,-0.73870402344700004,-1.1661010425880001,-0.381671547931,0.96594025749599999,0.47455425207200003,0.64544231698499999,-0.59421189454699996,0.94639517261999995,-1.4593720719450001,-0.18101213379600001,-0.51093057202299996,-0.34888549929599999,-1.3814467336209999,1.63452631763,-0.249781977539
54,1,0.24678133169376773,0.54861592234367229,true,flipguard_tabular_validation_v2,sha256:36b1cc86f8a5b62e055f8beff2a63d05469f9da8e1b767d6693b1273ee354f1d,sha256:edb34de653b4d4b756b3e497b1edc448b941926d02b32f3d93817db66bde9b78,model_input,identity_model_input_v1,-0.168445281626,-0.46774081385100003,1.512194741951,-0.33893101348400001,-0.39750401667099999,0.266395845307,-1.085360306731,1.678770469547,-0.39333405330100002,0.66393539070499996,-0.018503964368,0.74725156752599997,-0.32638963810100002,1.167288708082,-0.19040249112300001,-0.249781977539
55,1,0.2227496417176911,0.54388167941838517,true,flipguard_tabular_validation_v2,sha256:36b1cc86f8a5b62e055f8beff2a63d05469f9da8e1b767d6693b1273ee354f1d,sha256:edb34de653b4d4b756b3e497b1edc448b941926d02b32f3d93817db66bde9b78,model_input,identity_model_input_v1,-0.168445281626,-0.42564944148700001,0.65399479249900005,-0.381671547931,-0.39750401667099999,-0.026027999645000001,-2.061180825473,-0.59421189454699996,-0.487975475682,0.79661594770499999,1.2149519378960001,-0.51093057202299996,-0.34888549929599999,-0.87966645129900001,-0.88261686685700003,-0.249781977539
57,1,0.18419290408231903,0.53628600210421684,true,flipguard_tabular_validation_v2,sha256:36b1cc86f8a5b62e055f8beff2a63d05469f9da8e1b767d6693b1273ee354f1d,sha256:edb34de653b4d4b756b3e497b1edc448b941926d02b32f3d93817db66bde9b78,model_input,identity_model_input_v1,-0.168445281626,-0.046827090207000002,2.2543171509,-0.381671547931,-0.39750401667099999,0.950540105616,-1.8811655483259999,-0.59421189454699996,-0.487975475682,1.219770657884,2.0596164929510001,0.46344413413699997,-0.34888549929599999,-0.91564557525599999,-0.12747391151099999,-0.249781977539
58,1,0.027184898424096028,0.50535542498954689,true,flipguard_tabular_validation_v2,sha256:36b1cc86f8a5b62e055f8beff2a63d05469f9da8e1b767d6693b1273ee354f1d,sha256:edb34de653b4d4b756b3e497b1edc448b941926d02b32f3d93817db66bde9b78,model_input,identity_model_input_v1,-0.168445281626,-0.60979919558100004,-0.74976959731699999,1.253866236925,-0.39750401667099999,0.79248547290799998,0.58297799950499996,-0.172851999645,-0.487975475682,0.72964784322599996,-0.30572770568399998,0.030799577702000001,-0.34888549929599999,0.366110715694,-1.2104308629760001,-0.249781977539
59,1,0.091728068673671601,0.51807042952871329,true,flipguard_tabular_validation_v2,sha256:36b1cc86f8a5b62e055f8beff2a63d05469f9da8e1b767d6693b1273ee354f1d,sha256:edb34de653b4d4b756b3e497b1edc448b941926d02b32f3d93817db66bde9b78,model_input,identity_model_input_v1,-0.168445281626,-0.73870402344700004,1.164735970712,-0.381671547931,-0.39750401667099999,-0.55393958266599996,0.220980065133,-0.59148758488099995,-0.487975475682,0.88827854071099999,0.083063641524999995,-0.50815720948200005,-0.34888549929599999,0.01145935098,-0.89212932656599997,-0.249781977539
61,1,0.15193001329580555,0.52993021261927364,true,flipguard_tabular_validation_v2,sha256:36b1cc86f8a5b62e055f8beff2a63d05469f9da8e1b767d6693b1273ee354f1d,sha256:edb34de653b4d4b756b3e497b1edc448b941926d02b32f3d93817db66bde9b78,model_input,identity_model_input_v1,1.2884696435580001,-0.13451744930000001,-1.143659384757,-0.381671547931,0.681089223691,0.57749473331699996,0.17917323847300001,-0.58967137843799999,1.485974191133,0.37555399079099999,0.49972702942199998,0.27208211879100003,-0.34888549929599999,-1.3814467336209999,-0.49553292947499999,4.2750136129119998
62,0,-0.10596747470071338,0.47912440748395946,false,flipguard_tabular_validation_v2,sha256:36b1cc86f8a5b62e055f8beff2a63d05469f9da8e1b767d6693b1273ee354f1d,sha256:edb34de653b4d4b756b3e497b1edc448b941926d02b32f3d93817db66bde9b78,model_input,identity_model_input_v1,-0.168445281626,-0.73870402344700004,-0.082710664559999994,-0.381671547931,-0.39750401667099999,-1.4895136909719999,0.52739951229899995,-0.59421189454699996,-0.487975475682,0.30858588631099998,-1.4550950784179999,-0.51093057202299996,-0.34888549929599999,-0.0078151797110000004,-1.2104308629760001,-0.249781977539
63,1,0.13442559338880128,0.52648184189759384,true,flipguard_tabular_validation_v2,sha256:36b1cc86f8a5b62e055f8beff2a63d05469f9da8e1b767d6693b1273ee354f1d,sha256:edb34de653b4d4b756b3e497b1edc448b941926d02b32f3d93817db66bde9b78,model_input,identity_model_input_v1,-0.168445281626,-0.73870402344700004,-0.22432526397399999,-0.071090330945999994,-0.39750401667099999,-1.7291008287359999,0.52346475214199994,1.7123702887529999,4.3792976753690001,1.3721230955749999,0.50492351158399995,-0.28906156872299998,0.413161798696,-1.3377577973879999,-1.2104308629760001,-0.249781977539
64,1,0.28979783397161363,0.55709017329240784,true,flipguard_tabular_validation_v2,sha256:36b1cc86f8a5b62e055f8beff2a63d05469f9da8e1b767d6693b1273ee354f1d,sha256:edb34de653b4d4b756b3e497b1edc448b941926d02b32f3d93817db66bde9b78,model_input,identity_model_input_v1,-0.168445281626,-0.43880299535,0.51315404335500003,-0.381671547931,-0.39750401667099999,-0.395884949958,-2.1295472831870002,-0.028463587382999998,-0.487975475682,0.71248726645299998,0.82946744297200004,0.022479490078,-0.34888549929599999,-1.3814467336209999,-1.2104308629760001,-0.249781977539
66,0,-0.095981025191737554,0.48109173803722771,false,flipguard_tabular_validation_v2,sha256:36b1cc86f8a5b62e055f8beff2a63d05469f9da8e1b767d6693b1273ee354f1d,sha256:edb34de653b4d4b756b3e497b1edc448b941926d02b32f3d93817db66bde9b78,model_input,identity_model_input_v1,-0.168445281626,-0.73870402344700004,-0.36207061203699997,-0.381671547931,-0.39750401667099999,-1.7997016012710001,-0.75336491854999998,-0.59421189454699996,-0.487975475682,-0.51512179878599995,-1.9199440281789999,-0.51093057202299996,-0.34888549929599999,-0.20313042404600001,-1.2104308629760001,-0.249781977539
67,1,0.05965932728153045,0.51175288747446146,true,flipguard_tabular_validation_v2,sha256:36b1cc86f8a5b62e055f8beff2a63d05469f9da8e1b767d6693b1273ee354f1d,sha256:edb34de653b4d4b756b3e497b1edc448b941926d02b32f3d93817db66bde9b78,model_input,identity_model_input_v1,-0.168445281626,-0.27482202384799997,-0.83953622863999999,-0.381671547931,2.900686885981,-0.25468340488800001,0.077853164451000004,1.053995452968,2.5479246968170002,-0.85917043554899997,-2.1117414607030001,2.2069647184050001,-0.34888549929599999,-0.023877288619999999,1.383543726851,0.46148695630600001
70,1,0.12635775156653939,0.52489247705860831,true,flipguard_tabular_validation_v2,sha256:36b1cc86f8a5b62e055f8beff2a63d05469f9da8e1b767d6693b1273ee354f1d,sha256:edb34de653b4d4b756b3e497b1edc448b941926d02b32f3d93817db66bde9b78,model_input,identity_model_input_v1,-0.168445281626,-0.33532837162099999,0.89930532809499997,-0.381671547931,-0.39750401667099999,-0.36946659636500001,-1.345054477041,0.69075416426000003,-0.487975475682,-0.24934213413299999,-1.16881615204,0.175938884027,-0.34888549929599999,0.61218222418199997,-0.18015830374399999,-0.249781977539
71,0,-0.0061063513313630233,0.49879704878772146,false,flipguard_tabular_validation_v2,sha256:36b1cc86f8a5b62e055f8beff2a63d05469f9da8e1b767d6693b1273ee354f1d,sha256:edb34de653b4d4b756b3e497b1edc448b941926d02b32f3d93817db66bde9b78,model_input,identity_model_input_v1,-0.168445281626,-0.73870402344700004,-0.87126408971000002,3.0318724699390001,-0.39750401667099999,-0.49153760952199999,-0.96977672714200003,0.58268988086899998,-0.487975475682,0.16460446168100001,-2.121662017557,-0.51093057202299996,1.6448101991420001,0.68414047209499995,-1.2075039522969999,-0.249781977539
74,0,-0.014318774421383382,0.49717920143898747,false,flipguard_tabular_validation_v2,sha256:36b1cc86f8a5b62e055f8beff2a63d05469f9da8e1b767d6693b1273ee354f1d,sha256:edb34de653b4d4b756b3e497b1edc448b941926d02b32f3d93817db66bde9b78,model_input,identity_model_input_v1,-0.168445281626,-0.36514309371300002,0.52398794713499997,-0.381671547931,-0.39750401667099999,0.044117284035000003,-2.1010202720539999,-0.59421189454699996,-0.487975475682,-1.3463633956359999,-0.65530923294300003,-0.51093057202299996,-0.34888549929599999,0.20163472046399999,-0.36089503821199997,-0.249781977539
75,0,-0.17981449644409842,0.46457654420051259,false,flipguard_tabular_validation_v2,sha256:36b1cc86f8a5b62e055f8beff2a63d05469f9da8e1b767d6693b1273ee354f1d,sha256:edb34de653b4d4b756b3e497b1edc448b941926d02b32f3d93817db66bde9b78,model_input,identity_model_input_v1,-0.168445281626,-0.73870402344700004,-1.1661010425880001,-0.381671547931,-0.39750401667099999,0.95964988271700002,1.6552001420739999,1.4145124320110001,-0.28517242772200002,-0.145960122843,-0.011890259798,-0.51093057202299996,-0.34888549929599999,2.407283515869,-1.128477363946,-0.249781977539
78,0,-0.077707610835407032,0.48469160066542483,false,flipguard_tabular_validation_v2,sha256:36b1cc86f8a5b62e055f8beff2a63d05469f9da8e1b767d6693b1273ee354f1d,sha256:edb34de653b4d4b756b3e497b1edc448b941926d02b32f3d93817db66bde9b78,model_input,identity_model_input_v1,-0.168445281626,-0.73870402344700004,0.47678308066399999,-0.381671547931,-0.39750401667099999,-1.707692852548,-0.091341522265999994,-0.59421189454699996,-0.487975475682,0.054525639942,-1.910968286263,-0.51093057202299996,-0.34888549929599999,0.18557261155499999,-1.2104308629760001,-0.249781977539
79,0,-0.074944997693203688,0.48523583545443888,false,flipguard_tabular_validation_v2,sha256:36b1cc86f8a5b62e055f8beff2a63d05469f9da8e1b767d6693b1273ee354f1d,sha256:edb34de653b4d4b756b3e497b1edc448b941926d02b32f3d93817db66bde9b78,model_input,identity_model_input_v1,-0.168445281626,-0.73870402344700004,-0.106700022931,-0.381671547931,-0.39750401667099999,-1.590176727941,-0.83747041688900004,-0.59421189454699996,-0.487975475682,-0.81857102220800004,-1.4867463788590001,-0.51093057202299996,-0.34888549929599999,-0.83790496813600002,-0.72017332413699997,-0.249781977539
81,0,-0.11089946184668059,0.47815280601620391,false,flipguard_tabular_validation_v2,sha256:36b1cc86f8a5b62e055f8beff2a63d05469f9da8e1b767d6693b1273ee354f1d,sha256:edb34de653b4d4b756b3e497b1edc448b941926d02b32f3d93817db66bde9b78,model_input,identity_model_input_v1,0.36388901796000001,0.28551937075299999,-0.67238457031499999,-0.381671547931,2.8974863125670001,0.307845331118,1.2287705101440001,-0.59421189454699996,-0.487975475682,-1.6071204524530001,0.78317151098399995,-0.51093057202299996,-0.34888549929599999,1.6151003044700001,0.053994550625999997,-0.249781977539
82,1,0.016486566106424308,0.50324785352296564,true,flipguard_tabular_validation_v2,sha256:36b1cc86f8a5b62e055f8beff2a63d05469f9da8e1b767d6693b1273ee354f1d,sha256:edb34de653b4d4b756b3e497b1edc448b941926d02b32f3d93817db66bde9b78,model_input,identity_model_input_v1,-0.168445281626,-0.39495781580400002,-0.58261793899299996,-0.381671547931,-0.39750401667099999,0.335174662422,-0.71401731698799997,-0.59421189454699996,-0.487975475682,-0.245156627603,0.26163366491000001,-0.51093057202299996,-0.34888549929599999,-1.3814467336209999,0.14107014334599999,-0.249781977539
83,0,-0.070072573932541127,0.48619570293528941,false,flipguard_tabular_validation_v2,sha256:36b1cc86f8a5b62e055f8beff2a63d05469f9da8e1b767d6693b1273ee354f1d,sha256:edb34de653b4d4b756b3e497b1edc448b941926d02b32f3d93817db66bde9b78,model_input,identity_model_input_v1,-0.168445281626,0.58542039884899999,-0.45957574606000001,-0.381671547931,-0.39750401667099999,0.46453349726100002,0.68970836874300001,-0.59421189454699996,-0.487975475682,-1.1956851605579999,-0.77955239736100002,-0.51093057202299996,-0.34888549929599999,1.306065329058,0.83401624674899999,-0.249781977539
84,0,-0.024248198626562207,0.49522310487056725,false,flipguard_tabular_validation_v2,sha256:36b1cc86f8a5b62e055f8beff2a63d05469f9da8e1b767d6693b1273ee354f1d,sha256:edb34de653b4d4b756b3e497b1edc448b941926d02b32f3d93817db66bde9b78,model_input,identity_model_input_v1,-0.168445281626,0.38373257293700003,-1.1661010425880001,-0.381671547931,-0.39750401667099999,-0.59128966878199996,-1.936744035532,-0.59421189454699996,-0.487975475682,-1.4698358382700001,-0.54334866272600002,-0.51093057202299996,-0.34888549929599999,-1.3814467336209999,0.32327033315300002,-0.249781977539
86,0,-0.052788234753008957,0.48960071775365721,false,flipguard_tabular_validation_v2,sha256:36b1cc86f8a5b62e055f8beff2a63d05469f9da8e1b767d6693b1273ee354f1d,sha256:edb34de653b4d4b756b3e497b1edc448b941926d02b32f3d93817db66bde9b78,model_input,identity_model_input_v1,-0.168445281626,-0.72730427676499998,-0.42552633417899999,-0.33893101348400001,-0.39750401667099999,-0.26789258168500002,0.51805445692800001,0.677132615933,-0.487975475682,-0.675845249536,0.56917092740399999,-0.51093057202299996,-0.34888549929599999,1.2989980011369999,-0.147230558599,-0.249781977539
87,1,0.020100640074406217,0.50395982609465806,true,flipguard_tabular_validation_v2,sha256:36b1cc86f8a5b62e055f8beff2a63d05469f9da8e1b767d6693b1273ee354f1d,sha256:edb34de653b4d4b756b3e497b1edc448b941926d02b32f3d93817db66bde9b78,model_input,identity_model_input_v1,-0.168445281626,-0.41249588762299999,0.60756377629699998,-0.381671547931,-0.39750401667099999,1.098118494657,1.2617241264529999,-0.58694706877299996,-0.487975475682,0.18218358910599999,0.55121944357200003,-0.51093057202299996,-0.34888549929599999,1.470541324287,0.57864328995100001,-0.249781977539
89,1,0.13301775003888988,0.52620449675766134,true,flipguard_tabular_validation_v2,sha256:36b1cc86f8a5b62e055f8beff2a63d05469f9da8e1b767d6693b1273ee354f1d,sha256:edb34de653b4d4b756b3e497b1edc448b941926d02b32f3d93817db66bde9b78,model_input,identity_model_input_v1,-0.168445281626,-0.44494132048700002,1.09431559614,-0.270546158368,-0.258279073182,0.90408024239899998,-1.070604956145,1.984801255284,0.68336576496199997,0.239106477914,-1.8122351251860001,2.4334559926080002,-0.34888549929599999,0.61667961467700005,1.919900108894,-0.12119098385
90,0,-0.037949061353229077,0.4925240349134139,false,flipguard_tabular_validation_v2,sha256:36b1cc86f8a5b62e055f8beff2a63d05469f9da8e1b767d6693b1273ee354f1d,sha256:edb34de653b4d4b756b3e497b1edc448b941926d02b32f3d93817db66bde9b78,model_input,identity_model_input_v1,-0.168445281626,0.112769363341,1.6491662397439999,-0.381671547931,-0.39750401667099999,-0.78806085417000005,0.17917323847300001,-0.59421189454699996,0.30602918481800001,-0.29538270596299998,-0.67467793918399999,-0.51093057202299996,-0.28983386365800001,1.534147275567,-0.35138257850299998,-0.249781977539
93,1,0.021930649395867197,0.50432033793098585,true,flipguard_tabular_validation_v2,sha256:36b1cc86f8a5b62e055f8beff2a63d05469f9da8e1b767d6693b1273ee354f1d,sha256:edb34de653b4d4b756b3e497b1edc448b941926d02b32f3d93817db66bde9b78,model_input,identity_model_input_v1,-0.168445281626,1.2194216950879999,1.160092869092,-0.381671547931,-0.39750401667099999,-0.52342182937699999,-0.51236085898200001,-0.59421189454699996,-0.487975475682,-0.221299240382,0.65420427187300001,0.15467643787800001,-0.34888549929599999,0.33655643530099999,-0.63602464209800003,-0.249781977539
94,0,-0.090611809429272702,0.48214947354243326,false,flipguard_tabular_validation_v2,sha256:36b1cc86f8a5b62e055f8beff2a63d05469f9da8e1b767d6693b1273ee354f1d,sha256:edb34de653b4d4b756b3e497b1edc448b941926d02b32f3d93817db66bde9b78,model_input,identity_model_input_v1,0.770144141329,1.8078240045980001,0.63310083520799998,-0.381671547931,0.25861353310399998,-0.223254673889,0.88743006659300006,-0.59421189454699996,-0.487975475682,-0.72063016940699998,0.441148503232,-0.51093057202299996,3.1211010900859999,1.2874332827229999,0.94011675888599999,-0.249781977539
95,0,-0.11625265400139287,0.47709822716172562,false,flipguard_tabular_validation_v2,sha256:36b1cc86f8a5b62e055f8beff2a63d05469f9da8e1b767d6693b1273ee354f1d,sha256:edb34de653b4d4b756b3e497b1edc448b941926d02b32f3d93817db66bde9b78,model_input,identity_model_input_v1,-0.168445281626,-0.73870402344700004,-0.050208953218999999,-0.381671547931,-0.39750401667099999,-1.7810265582139999,0.13638272177499999,-0.59421189454699996,-0.487975475682,-0.33640066995599999,-1.217001713905,-0.51093057202299996,-0.34888549929599999,0.159873237301,-1.2104308629760001,-0.249781977539
98,0,-0.051234235912154133,0.48990685552530566,false,flipguard_tabular_validation_v2,sha256:36b1cc86f8a5b62e055f8beff2a63d05469f9da8e1b767d6693b1273ee354f1d,sha256:edb34de653b4d4b756b3e497b1edc448b941926d02b32f3d93817db66bde9b78,model_input,identity_model_input_v1,-0.168445281626,-0.102072016435,-0.52303146820199997,-0.381671547931,-0.39750401667099999,-0.96479052993600001,-1.0209286091730001,-0.59421189454699996,-0.487975475682,-1.0140341771570001,-1.190074488157,-0.51093057202299996,-0.34888549929599999,-1.055707164944,0.115459674899,-0.249781977539
100,1,0.077269013660494559,0.51522199569111748,true,flipguard_tabular_validation_v2,sha256:36b1cc86f8a5b62e055f8beff2a63d05469f9da8e1b767d6693b1273ee354f1d,sha256:edb34de653b4d4b756b3e497b1edc448b941926d02b32f3d93817db66bde9b78,model_input,identity_model_input_v1,-0.168445281626,-0.042442572253000001,0.36921789313100001,-0.381671547931,-0.39750401667099999,1.4370022028260001,0.81119408856599995,-0.105652361234,0.66124179609400002,0.34876674899900001,-0.25659732887999998,-0.19384278814,-0.34888549929599999,1.022087243544,1.424520476366,-0.249781977539
103,1,0.17656424032985721,0.53478315534498189,true,flipguard_tabular_validation_v2,sha256:36b1cc86f8a5b62e055f8beff2a63d05469f9da8e1b767d6693b1273ee354f1d,sha256:edb34de653b4d4b756b3e497b1edc448b941926d02b32f3d93817db66bde9b78,model_input,identity_model_input_v1,-0.168445281626,-0.32655933571200002,2.2976527660210002,-0.381671547931,-0.37349971606999999,1.544953061477,-1.6480310090700001,-0.59421189454699996,-0.202822099156,2.3419049585680001,2.5830439689019999,-0.23729213461900001,-0.34888549929599999,-0.22947228265700001,0.57717983461099998,-0.137264858061
104,1,0.0054376053816326438,0.50107120826018159,true,flipguard_tabular_validation_v2,sha256:36b1cc86f8a5b62e055f8beff2a63d05469f9da8e1b767d6693b1273ee354f1d,sha256:edb34de653b4d4b756b3e497b1edc448b941926d02b32f3d93817db66bde9b78,model_input,identity_model_input_v1,-0.168445281626,1.158038443723,0.45124602175299999,-0.381671547931,-0.39750401667099999,-1.2695125739749999,-1.1291345134690001,-0.59421189454699996,-0.487975475682,-0.36276936109500002,0.178489950318,-0.51093057202299996,-0.34888549929599999,0.172722924428,-0.115766268792,-0.249781977539
105,1,0.030236328139473863,0.50595655664347639,true,flipguard_tabular_validation_v2,sha256:36b1cc86f8a5b62e055f8beff2a63d05469f9da8e1b767d6693b1273ee354f1d,sha256:edb34de653b4d4b756b3e497b1edc448b941926d02b32f3d93817db66bde9b78,model_input,identity_model_input_v1,-0.168445281626,-0.73870402344700004,1.433262014409,2.3565720256690001,-0.39750401667099999,0.618488730273,1.5848663042819999,1.0567197626339999,2.8724095735540001,0.73006639387899996,1.1379495204050001,-0.51093057202299996,4.546776293342,1.36388892113,-0.83944493433199996,-0.249781977539
106,1,0.15329469655417105,0.53019905522117172,true,flipguard_tabular_validation_v2,sha256:36b1cc86f8a5b62e055f8beff2a63d05469f9da8e1b767d6693b1273ee354f1d,sha256:edb34de653b4d4b756b3e497b1edc448b941926d02b32f3d93817db66bde9b78,model_input,identity_model_input_v1,-0.168445281626,0.624881060441,-0.534639222252,-0.381671547931,-0.39750401667099999,-0.36764464094400001,-2.4640018964650001,-0.59421189454699996,-0.487975475682,0.127772004217,0.27391625911099998,-0.51093057202299996,-0.34888549929599999,-1.1141732413729999,-0.76334525666200004,-0.249781977539
109,1,-0.028039243924319352,0.4944762689469091,false,flipguard_tabular_validation_v2,sha256:36b1cc86f8a5b62e055f8beff2a63d05469f9da8e1b767d6693b1273ee354f1d,sha256:edb34de653b4d4b756b3e497b1edc448b941926d02b32f3d93817db66bde9b78,model_input,identity_model_input_v1,-0.168445281626,1.097532095949,-0.74590034596699994,-0.381671547931,1.5676480592419999,1.861973304603,0.083755304685000004,0.90597462782000004,-0.487975475682,-1.283580797687,2.0440270464650001,-0.29830611052700001,-0.34888549929599999,-0.51602030559599998,1.520376801124,-0.249781977539
110,0,0.049210219541769747,0.50969441324972864,true,flipguard_tabular_validation_v2,sha256:36b1cc86f8a5b62e055f8beff2a63d05469f9da8e1b767d6693b1273ee354f1d,sha256:edb34de653b4d4b756b3e497b1edc448b941926d02b32f3d93817db66bde9b78,model_input,identity_model_input_v1,-0.168445281626,-0.73870402344700004,-1.1661010425880001,-0.381671547931,1.326004766519,-0.152653901353,-0.159707979981,-0.59421189454699996,0.68582398372499997,-0.25352764066299999,0.101959940296,0.23048168067200001,-0.34888549929599999,-1.3814467336209999,-1.151160921714,4.3875307323900001
112,1,0.11842099001371822,0.5233289350327025,true,flipguard_tabular_validation_v2,sha256:36b1cc86f8a5b62e055f8beff2a63d05469f9da8e1b767d6693b1273ee354f1d,sha256:edb34de653b4d4b756b3e497b1edc448b941926d02b32f3d93817db66bde9b78,model_input,identity_model_input_v1,-0.168445281626,-0.70099716903700005,-1.1219915771969999,2.8495128562960002,-0.186266171378,1.01112012334,-0.547281855368,0.49460386835699999,0.44491854493600003,0.65849423221600001,1.6949179266750001,-0.31679519413500001,-0.34888549929599999,-1.2323903629440001,-0.041861774131999999,-0.249781977539
114,0,-0.065262349798628133,0.48714331708967024,false,flipguard_tabular_validation_v2,sha256:36b1cc86f8a5b62e055f8beff2a63d05469f9da8e1b767d6693b1273ee354f1d,sha256:edb34de653b4d4b756b3e497b1edc448b941926d02b32f3d93817db66bde9b78,model_input,identity_model_input_v1,-0.168445281626,0.25745845584400001,-1.162231791238,-0.381671547931,-0.36549828253599997,-0.82996582883600001,-0.80943525077599998,-0.59421189454699996,-0.487975475682,-0.93283535047599997,-1.4007682194510001,-0.51093057202299996,-0.34888549929599999,-1.0512097744490001,0.25814657053099999,-0.249781977539
116,1,0.29077660769657054,0.55728299171622442,true,flipguard_tabular_validation_v2,sha256:36b1cc86f8a5b62e055f8beff2a63d05469f9da8e1b767d6693b1273ee354f1d,sha256:edb34de653b4d4b756b3e497b1edc448b941926d02b32f3d93817db66bde9b78,model_input,identity_model_input_v1,-0.168445281626,-0.73870402344700004,0.97049955293699997,-0.381671547931,-0.39750401667099999,-0.25878280458399999,-1.8349321164900001,-0.59421189454699996,-0.487975475682,0.74848262260999998,2.056309640666,-0.35654672389300002,-0.34888549929599999,-0.82634024972099995,-1.2104308629760001,-0.249781977539
119,1,0.15912087451725859,0.53134681227989999,true,flipguard_tabular_validation_v2,sha256:36b1cc86f8a5b62e055f8beff2a63d05469f9da8e1b767d6693b1273ee354f1d,sha256:edb34de653b4d4b756b3e497b1edc448b941926d02b32f3d93817db66bde9b78,model_input,identity_model_input_v1,-0.168445281626,0.17766022907000001,1.209619286373,-0.36172596518900002,0.15139432375100001,2.401727597856,-0.61318908798500005,2.1636975899730002,2.3488089770010001,0.027319847498,0.62680463865500002,2.5443904942579998,0.14039948170300001,1.613815335757,-0.158206473647,-0.249781977539
120,1,-0.079263231838959267,0.48438514332772503,false,flipguard_tabular_validation_v2,sha256:36b1cc86f8a5b62e055f8beff2a63d05469f9da8e1b767d6693b1273ee354f1d,sha256:edb34de653b4d4b756b3e497b1edc448b941926d02b32f3d93817db66bde9b78,model_input,identity_model_input_v1,-0.168445281626,-0.356374057804,-0.774532805958,-0.381671547931,-0.39750401667099999,1.270748770727,0.77479755712099996,-0.024831174495999999,-0.487975475682,-0.69886553545100005,0.096291050665000003,-0.51093057202299996,-0.34888549929599999,0.56335341309800002,-0.86505540277899995,2.486795106917
123,0,-0.11162834723928039,0.47800921559386178,false,flipguard_tabular_validation_v2,sha256:36b1cc86f8a5b62e055f8beff2a63d05469f9da8e1b767d6693b1273ee354f1d,sha256:edb34de653b4d4b756b3e497b1edc448b941926d02b32f3d93817db66bde9b78,model_input,identity_model_input_v1,-0.168445281626,-0.19151618271000001,-0.59654724385299995,-0.381671547931,-0.39750401667099999,-0.34259275391600003,0.299675268258,-0.59421189454699996,-0.487975475682,-1.042495621561,-0.64113700886500002,-0.51093057202299996,-0.34888549929599999,0.76316604792800002,-1.1811617561800001,-0.249781977539
124,1,0.18811602480351874,0.53705885688629318,true,flipguard_tabular_validation_v2,sha256:36b1cc86f8a5b62e055f8beff2a63d05469f9da8e1b767d6693b1273ee354f1d,sha256:edb34de653b4d4b756b3e497b1edc448b941926d02b32f3d93817db66bde9b78,model_input,identity_model_input_v1,-0.168445281626,-0.73870402344700004,1.673929448385,-0.26769678940500002,-0.39750401667099999,0.110618656875,-0.25512591376900001,1.4581013866570001,0.28636343471199999,0.39815572605299998,-0.071886008395000006,0.81658563105699999,-0.23359421067,1.513587776164,0.277903217619,-0.249781977539
125,0,-0.18496813474740922,0.46356127745476039,false,flipguard_tabular_validation_v2,sha256:36b1cc86f8a5b62e055f8beff2a63d05469f9da8e1b767d6693b1273ee354f1d,sha256:edb34de653b4d4b756b3e497b1edc448b941926d02b32f3d93817db66bde9b78,model_input,identity_model_input_v1,3.9431367428119999,2.257675546742,0.061999335932999999,-0.381671547931,-0.33029197498700003,-0.51886694082600004,1.6448713966640001,-0.027555484161,-0.355231662472,-1.3091123875199999,0.98111024060800001,-0.51093057202299996,6.1046146811190001,1.392158232811,0.31083096276400002,-0.249781977539
129,0,-0.18154279334869317,0.46423606971030745,false,flipguard_tabular_validation_v2,sha256:36b1cc86f8a5b62e055f8beff2a63d05469f9da8e1b767d6693b1273ee354f1d,sha256:edb34de653b4d4b756b3e497b1edc448b941926d02b32f3d93817db66bde9b78,model_input,identity_model_input_v1,-0.168445281626,-0.736073312674,-0.71649403570600001,-0.381671547931,-0.39750401667099999,-0.23737482839599999,1.946864238654,-0.59421189454699996,-0.487975475682,-0.24390097564400001,-0.76726980316000004,-0.51093057202299996,1.02336203362,0.90387012197200001,-1.2104308629760001,-0.249781977539
132,0,0.0020072521483163667,0.50039542867321829,true,flipguard_tabular_validation_v2,sha256:36b1cc86f8a5b62e055f8beff2a63d05469f9da8e1b767d6693b1273ee354f1d,sha256:edb34de653b4d4b756b3e497b1edc448b941926d02b32f3d93817db66bde9b78,model_input,identity_model_input_v1,-0.168445281626,-0.73870402344700004,-0.350462857987,-0.381671547931,-0.39750401667099999,-0.27244747023600002,-0.48580122792699998,-0.59421189454699996,-0.487975475682,-0.13926331239500001,-0.30383807580700001,-0.51093057202299996,-0.34888549929599999,-1.119313116224,0.58522883898,-0.249781977539
133,1,0.006027560612751906,0.50118742944071215,true,flipguard_tabular_validation_v2,sha256:36b1cc86f8a5b62e055f8beff2a63d05469f9da8e1b767d6693b1273ee354f1d,sha256:edb34de653b4d4b756b3e497b1edc448b941926d02b32f3d93817db66bde9b78,model_input,identity_model_input_v1,-0.168445281626,-0.73870402344700004,-0.431717136339,-0.381671547931,-0.39750401667099999,-0.735679635838,-0.67466971542599996,-0.59421189454699996,-0.487975475682,-0.12545114084600001,-0.493745878453,-0.51093057202299996,-0.34888549929599999,-0.224332407806,-1.1094524445289999,-0.249781977539
135,0,-0.060097066156154566,0.48816087796723756,false,flipguard_tabular_validation_v2,sha256:36b1cc86f8a5b62e055f8beff2a63d05469f9da8e1b767d6693b1273ee354f1d,sha256:edb34de653b4d4b756b3e497b1edc448b941926d02b32f3d93817db66bde9b78,model_input,identity_model_input_v1,-0.168445281626,-0.73870402344700004,-1.1661010425880001,-0.381671547931,-0.035839220940999998,0.31148924195900002,0.64445862694599998,-0.53972570123999997,-0.25075736503700002,-0.132147951294,0.012202521135,-0.51093057202299996,-0.34888549929599999,-1.3814467336209999,1.598671661804,-0.249781977539
136,0,-0.12073120837152648,0.47621595195080929,false,flipguard_tabular_validation_v2,sha256:36b1cc86f8a5b62e055f8beff2a63d05469f9da8e1b767d6693b1273ee354f1d,sha256:edb34de653b4d4b756b3e497b1edc448b941926d02b32f3d93817db66bde9b78,model_input,identity_model_input_v1,-0.168445281626,3.4441261052629999,0.14634901536600001,-0.381671547931,-0.39750401667099999,0.030908107237999999,0.93907379364300003,-0.59421189454699996,-0.487975475682,-0.24180822237899999,1.4119458525819999,-0.51093057202299996,-0.34888549929599999,0.29029756164300002,1.579646742387,-0.249781977539
138,1,0.12284475814051515,0.5242004173536815,true,flipguard_tabular_validation_v2,sha256:36b1cc86f8a5b62e055f8beff2a63d05469f9da8e1b767d6693b1273ee354f1d,sha256:edb34de653b4d4b756b3e497b1edc448b941926d02b32f3d93817db66bde9b78,model_input,identity_model_input_v1,-0.168445281626,0.61961963889500005,1.144615863691,-0.381671547931,-0.39750401667099999,1.7849956880969999,0.92874504823299997,-0.59421189454699996,-0.487975475682,0.98370808959400002,0.118021794251,1.139220140023,-0.34888549929599999,0.20484714224600001,1.5759881040370001,0.40924686512000003
139,1,0.23941163320617584,0.54716409174161662,true,flipguard_tabular_validation_v2,sha256:36b1cc86f8a5b62e055f8beff2a63d05469f9da8e1b767d6693b1273ee354f1d,sha256:edb34de653b4d4b756b3e497b1edc448b941926d02b32f3d93817db66bde9b78,model_input,identity_model_input_v1,-0.168445281626,1.5500143488660001,-0.210395959114,-0.381671547931,-0.39750401667099999,-1.8019790455469999,-0.89944288934899996,-0.59421189454699996,0.42771101359399999,1.3871909190830001,-0.001024888005,0.64741051604099997,-0.21391033212400001,-0.99788357287100005,-1.2104308629760001,-0.249781977539
140,0,-0.063564589645250719,0.48747777583988561,false,flipguard_tabular_validation_v2,sha256:36b1cc86f8a5b62e055f8beff2a63d05469f9da8e1b767d6693b1273ee354f1d,sha256:edb34de653b4d4b756b3e497b1edc448b941926d02b32f3d93817db66bde9b78,model_input,identity_model_input_v1,-0.168445281626,-0.58787660580800005,-0.10824772347100001,-0.381671547931,-0.39750401667099999,-1.3241712365830001,-0.49317890322000002,-0.59421189454699996,-0.487975475682,-1.020312436952,-0.65908849269799996,-0.51093057202299996,-0.34888549929599999,-1.1173856631550001,-0.093814438695000002,-0.249781977539
142,1,0.026503815259435987,0.50522125160610887,true,flipguard_tabular_validation_v2,sha256:36b1cc86f8a5b62e055f8beff2a63d05469f9da8e1b767d6693b1273ee354f1d,sha256:edb34de653b4d4b756b3e497b1edc448b941926d02b32f3d93817db66bde9b78,model_input,identity_model_input_v1,-0.168445281626,-0.60366087044399996,0.493033936334,-0.381671547931,-0.39750401667099999,0.035462995789000001,0.25098261132400002,-0.22824629617299999,-0.487975475682,-0.15349403459700001,-0.493745878453,-0.31032401487200001,-0.34888549929599999,0.78629548475699995,0.41034592587199997,-0.249781977539
143,1,0.0089163013462946715,0.50175651136522004,true,flipguard_tabular_validation_v2,sha256:36b1cc86f8a5b62e055f8beff2a63d05469f9da8e1b767d6693b1273ee354f1d,sha256:edb34de653b4d4b756b3e497b1edc448b941926d02b32f3d93817db66bde9b78,model_input,identity_model_input_v1,-0.168445281626,-0.35812786498499999,-0.068781359700000003,-0.381671547931,-0.39750401667099999,1.698452805634,0.315906153902,-0.59421189454699996,-0.487975475682,0.075453172592000003,0.0060612240340000003,-0.51093057202299996,-0.34888549929599999,0.051935865430999997,1.464033770541,-0.249781977539
144,0,-0.10868201849821758,0.47858964235585111,false,flipguard_tabular_validation_v2,sha256:36b1cc86f8a5b62e055f8beff2a63d05469f9da8e1b767d6693b1273ee354f1d,sha256:edb34de653b4d4b756b3e497b1edc448b941926d02b32f3d93817db66bde9b78,model_input,identity_model_input_v1,-0.168445281626,-0.73870402344700004,0.57738361576700004,-0.381671547931,-0.39750401667099999,-1.58197792855,0.99711150594700004,-0.59421189454699996,-0.487975475682,0.28054299256100002,-1.094175771895,-0.51093057202299996,-0.34888549929599999,0.25688837511200002,-1.117501448898,-0.249781977539
148,1,0.18061471788003403,0.53558109942236665,true,flipguard_tabular_validation_v2,sha256:36b1cc86f8a5b62e055f8beff2a63d05469f9da8e1b767d6693b1273ee354f1d,sha256:edb34de653b4d4b756b3e497b1edc448b941926d02b32f3d93817db66bde9b78,model_input,identity_model_input_v1,-0.168445281626,-0.73870402344700004,-1.1661010425880001,-0.381671547931,2.4894132023409998,1.230210262627,0.80922670848800005,2.9846229024539999,1.9825343812909999,1.3503584616190001,-0.27407640524299998,3.5686857261610001,-0.34888549929599999,-1.1443700061219999,-0.82993247462399999,-0.249781977539
149,0,-0.02959760157508097,0.49416927248970904,false,flipguard_tabular_validation_v2,sha256:36b1cc86f8a5b62e055f8beff2a63d05469f9da8e1b767d6693b1273ee354f1d,sha256:edb34de653b4d4b756b3e497b1edc448b941926d02b32f3d93817db66bde9b78,model_input,identity_model_input_v1,-0.168445281626,0.80026177862600001,-0.69637392868600001,-0.381671547931,-0.39750401667099999,-0.403628260495,-0.73369111776899998,-0.59421189454699996,-0.487975475682,-0.69300582630899998,-0.45784291078900002,-0.51093057202299996,-0.34888549929599999,-0.80064087546600005,-0.023568582384,-0.249781977539
151,0,-0.082749049391773397,0.48369843726982065,false,flipguard_tabular_validation_v2,sha256:36b1cc86f8a5b62e055f8beff2a63d05469f9da8e1b767d6693b1273ee354f1d,sha256:edb34de653b4d4b756b3e497b1edc448b941926d02b32f3d93817db66bde9b78,model_input,identity_model_input_v1,-0.168445281626,-0.73870402344700004,-1.1661010425880001,-0.381671547931,-0.39750401667099999,0.82573615932800004,0.13638272177499999,-0.59421189454699996,-0.487975475682,-0.93660230635300001,-0.62743719225700001,-0.51093057202299996,-0.34888549929599999,-1.3814467336209999,0.81938169335099997,-0.249781977539
152,0,-0.13922921905905777,0.4725718438453656,false,flipguard_tabular_validation_v2,sha256:36b1cc86f8a5b62e055f8beff2a63d05469f9da8e1b767d6693b1273ee354f1d,sha256:edb34de653b4d4b756b3e497b1edc448b941926d02b32f3d93817db66bde9b78,model_input,identity_model_input_v1,-0.168445281626,-0.73870402344700004,-1.1661010425880001,-0.381671547931,-0.39750401667099999,-0.51613400769600004,0.106380175583,-0.59421189454699996,-0.487975475682,-0.58794961240700006,-1.499973787998,-0.51093057202299996,-0.34888549929599999,0.150878456312,-1.2104308629760001,-0.249781977539
157,0,-0.12766823328329149,0.47484935804319156,false,flipguard_tabular_validation_v2,sha256:36b1cc86f8a5b62e055f8beff2a63d05469f9da8e1b767d6693b1273ee354f1d,sha256:edb34de653b4d4b756b3e497b1edc448b941926d02b32f3d93817db66bde9b78,model_input,identity_model_input_v1,-0.168445281626,0.59682014553100005,0.71745051463999998,-0.381671547931,-0.39750401667099999,-0.77621814393800004,0.065065193943000005,-0.59421189454699996,-0.33679502174800002,-1.3903112142009999,-0.17581565163400001,-0.51093057202299996,-0.34888549929599999,1.1120350534350001,-0.46333691199900001,-0.249781977539
159,1,0.1543151212245967,0.53040007888124552,true,flipguard_tabular_validation_v2,sha256:36b1cc86f8a5b62e055f8beff2a63d05469f9da8e1b767d6693b1273ee354f1d,sha256:edb34de653b4d4b756b3e497b1edc448b941926d02b32f3d93817db66bde9b78,model_input,identity_model_input_v1,-0.168445281626,0.24956632352499999,0.153313667796,-0.381671547931,-0.39750401667099999,0.441303565653,-0.218237537304,-0.45163968872900001,-0.487975475682,1.2549289127359999,1.0127615410490001,0.70657558358700001,-0.34888549929599999,-1.2876440175920001,0.45132267538699999,-0.249781977539
165,1,0.038299645129411461,0.50754503009049401,true,flipguard_tabular_validation_v2,sha256:36b1cc86f8a5b62e055f8beff2a63d05469f9da8e1b767d6693b1273ee354f1d,sha256:edb34de653b4d4b756b3e497b1edc448b941926d02b32f3d93817db66bde9b78,model_input,identity_model_input_v1,-0.168445281626,-0.51421670416999998,-0.47814815253999998,0.077076855138,-0.39750401667099999,0.61666677485300003,0.059654898727999998,-0.54880673345800002,-0.487975475682,0.58901482381900006,1.4913103074189999,0.074248924182000006,-0.34888549929599999,-1.035790149896,0.55669145985400004,-0.249781977539
166,0,-0.076849002857558232,0.48486074643706101,false,flipguard_tabular_validation_v2,sha256:36b1cc86f8a5b62e055f8beff2a63d05469f9da8e1b767d6693b1273ee354f1d,sha256:edb34de653b4d4b756b3e497b1edc448b941926d02b32f3d93817db66bde9b78,model_input,identity_model_input_v1,-0.168445281626,-0.73870402344700004,-0.043244300788999997,-0.381671547931,-0.39750401667099999,-1.6926617203309999,-0.89550812919300005,-0.59421189454699996,-0.487975475682,-0.98431708079500002,-1.384233958027,-0.51093057202299996,-0.34888549929599999,-0.73574995547300004,-0.721636779477,-0.249781977539
168,1,-0.030706913315288277,0.49395073807688822,false,flipguard_tabular_validation_v2,sha256:36b1cc86f8a5b62e055f8beff2a63d05469f9da8e1b767d6693b1273ee354f1d,sha256:edb34de653b4d4b756b3e497b1edc448b941926d02b32f3d93817db66bde9b78,model_input,identity_model_input_v1,-0.168445281626,0.15924525366,-0.33808125366699998,-0.381671547931,-0.39750401667099999,1.838287884139,1.2159825396370001,-0.59421189454699996,-0.487975475682,-0.058064485713999997,1.4558797472239999,-0.51093057202299996,-0.34888549929599999,-0.17036372187099999,1.4486674894730001,-0.249781977539
169,1,-0.007499574027998647,0.49852258391648424,false,flipguard_tabular_validation_v2,sha256:36b1cc86f8a5b62e055f8beff2a63d05469f9da8e1b767d6693b1273ee354f1d,sha256:edb34de653b4d4b756b3e497b1edc448b941926d02b32f3d93817db66bde9b78,model_input,identity_model_input_v1,-0.168445281626,0.49597623257500001,0.40249345474199999,-0.381671547931,-0.39750401667099999,-1.7459539163740001,-1.0140427788990001,-0.59421189454699996,-0.487975475682,-0.43476007341,-1.8169591998779999,-0.51093057202299996,-0.34888549929599999,-0.80192584417900004,0.74547719868999995,0.12795406642400001
172,0,-0.039124970952573175,0.4922923807223431,false,flipguard_tabular_validation_v2,sha256:36b1cc86f8a5b62e055f8beff2a63d05469f9da8e1b767d6693b1273ee354f1d,sha256:edb34de653b4d4b756b3e497b1edc448b941926d02b32f3d93817db66bde9b78,model_input,identity_model_input_v1,1.036311291122,0.062785858658000002,-0.49749440929099997,-0.381671547931,1.6700664084750001,0.490040873145,0.65872213251199996,-0.51429881103099995,-0.487975475682,-0.053878979184000003,1.7634170097190001,0.30628692346600001,-0.34888549929599999,-0.88544881050699997,1.932339479283,-0.249781977539
176,1,0.16560488252735375,0.53262416185788863,true,flipguard_tabular_validation_v2,sha256:36b1cc86f8a5b62e055f8beff2a63d05469f9da8e1b767d6693b1273ee354f1d,sha256:edb34de653b4d4b756b3e497b1edc448b941926d02b32f3d93817db66bde9b78,model_input,identity_model_input_v1,-0.168445281626,0.49246861821100002,0.37773024610200001,-0.381671547931,-0.39750401667099999,0.24453238026400001,-1.0125672438410001,1.245605232762,-0.487975475682,0.0080665174600000004,-1.171178189386,0.550342827097,-0.34888549929599999,0.19263993947499999,1.406227284618,-0.249781977539
177,0,-0.036075826564635309,0.49289306216676687,false,flipguard_tabular_validation_v2,sha256:36b1cc86f8a5b62e055f8beff2a63d05469f9da8e1b767d6693b1273ee354f1d,sha256:edb34de653b4d4b756b3e497b1edc448b941926d02b32f3d93817db66bde9b78,model_input,identity_model_input_v1,-0.168445281626,-0.61242990635299999,-0.82870232485899997,-0.381671547931,-0.39750401667099999,0.246354335684,-0.50940978886400001,-0.59421189454699996,-0.487975475682,-0.63692003880799997,-0.071886008395000006,-0.51093057202299996,-0.34888549929599999,-0.56099421054200005,0.35327116761900001,-0.249781977539
181,1,0.26323461842846835,0.55185721983040825,true,flipguard_tabular_validation_v2,sha256:36b1cc86f8a5b62e055f8beff2a63d05469f9da8e1b767d6693b1273ee354f1d,sha256:edb34de653b4d4b756b3e497b1edc448b941926d02b32f3d93817db66bde9b78,model_input,identity_model_input_v1,-0.168445281626,-0.32743623930299998,1.933943139111,-0.099584020578000004,0.22820808567600001,1.4014740721309999,0.92579397811599995,2.8683856900669999,4.6779712550930004,0.23617662334299999,0.72601020720200005,0.94323585377399999,0.62687248005200003,1.787286111976,-0.20723222753100001,-0.249781977539
184,0,-0.063648332382561776,0.48746127852063531,false,flipguard_tabular_validation_v2,sha256:36b1cc86f8a5b62e055f8beff2a63d05469f9da8e1b767d6693b1273ee354f1d,sha256:edb34de653b4d4b756b3e497b1edc448b941926d02b32f3d93817db66bde9b78,model_input,identity_model_input_v1,-0.168445281626,0.030340425793999998,-0.25992237639499999,-0.381671547931,-0.39750401667099999,0.157989497802,-0.65794698476199998,-0.59421189454699996,-0.487975475682,-1.3589199152260001,-0.56224496149699998,-0.51093057202299996,-0.34888549929599999,-0.088768208612999999,-0.59797480326200003,-0.249781977539
185,0,-0.041308422685682827,0.4918622407309205,false,flipguard_tabular_validation_v2,sha256:36b1cc86f8a5b62e055f8beff2a63d05469f9da8e1b767d6693b1273ee354f1d,sha256:edb34de653b4d4b756b3e497b1edc448b941926d02b32f3d93817db66bde9b78,model_input,identity_model_input_v1,-0.168445281626,-0.73870402344700004,-0.26456547801500002,0.13121486543800001,-0.39750401667099999,0.64490708386700002,1.4815788501810001,0.28846443701500002,-0.487975475682,0.45131165898300002,0.61452204445400005,-0.51093057202299996,-0.34888549929599999,1.3157025944030001,-1.2082356799659999,-0.249781977539
186,0,-0.057989952685103527,0.48857597932103458,false,flipguard_tabular_validation_v2,sha256:36b1cc86f8a5b62e055f8beff2a63d05469f9da8e1b767d6693b1273ee354f1d,sha256:edb34de653b4d4b756b3e497b1edc448b941926d02b32f3d93817db66bde9b78,model_input,identity_model_input_v1,-0.168445281626,-0.68784361517299997,-0.82870232485899997,-0.381671547931,-0.39750401667099999,-1.5669467963329999,-1.1802863954989999,-0.59421189454699996,-0.487975475682,-0.88470202538099996,-1.3979337746360001,-0.51093057202299996,-0.34888549929599999,-0.89572856020900005,-0.88920241588600002,-0.249781977539
187,0,-0.09944465409379466,0.48040940314352243,false,flipguard_tabular_validation_v2,sha256:36b1cc86f8a5b62e055f8beff2a63d05469f9da8e1b767d6693b1273ee354f1d,sha256:edb34de653b4d4b756b3e497b1edc448b941926d02b32f3d93817db66bde9b78,model_input,identity_model_input_v1,-0.168445281626,-0.73870402344700004,-0.47737430226999999,-0.381671547931,-0.39750401667099999,-1.704048941708,-0.735166652827,-0.59421189454699996,-0.487975475682,-1.3057639822960001,-1.365810066726,-0.51093057202299996,-0.34888549929599999,-1.1071059134529999,0.019603350140999998,-0.249781977539
188,0,0.015075199948232088,0.50296981438980171,true,flipguard_tabular_validation_v2,sha256:36b1cc86f8a5b62e055f8beff2a63d05469f9da8e1b767d6693b1273ee354f1d,sha256:edb34de653b4d4b756b3e497b1edc448b941926d02b32f3d93817db66bde9b78,model_input,identity_model_input_v1,-0.168445281626,-0.18976237552799999,2.0476991288040001,-0.26484742044199999,-0.39750401667099999,-1.576967551144,0.55887759354800004,0.24396737914800001,1.7834186614750001,0.77485131374899996,-0.61373737564800002,-0.51093057202299996,-0.13236283529099999,0.31920935767899999,-1.1848203945289999,-0.249781977539
189,0,-0.097823493454313834,0.48072877178950019,false,flipguard_tabular_validation_v2,sha256:36b1cc86f8a5b62e055f8beff2a63d05469f9da8e1b767d6693b1273ee354f1d,sha256:edb34de653b4d4b756b3e497b1edc448b941926d02b32f3d93817db66bde9b78,model_input,identity_model_input_v1,-0.168445281626,0.68714121539700002,-1.1661010425880001,-0.381671547931,-0.39750401667099999,-0.063833574614999999,-0.16315089511700001,-0.59421189454699996,-0.487975475682,-1.6539981255889999,-0.141329906378,-0.51093057202299996,-0.34888549929599999,0.222194219868,-0.51821648724199998,-0.249781977539
190,1,0.037226745093524027,0.50733366878342423,true,flipguard_tabular_validation_v2,sha256:36b1cc86f8a5b62e055f8beff2a63d05469f9da8e1b767d6693b1273ee354f1d,sha256:edb34de653b4d4b756b3e497b1edc448b941926d02b32f3d93817db66bde9b78,model_input,identity_model_input_v1,-0.168445281626,-0.73870402344700004,1.393795650638,0.80366594074499997,-0.39750401667099999,-0.081597639962999999,1.7919330575029999,0.099578966887000006,1.0815972045940001,1.0238889522820001,0.29234015041200001,-0.51093057202299996,0.63812041065000003,0.82355957742700003,-0.72529541782700002,-0.249781977539
193,1,0.21044072952013118,0.54145682371546588,true,flipguard_tabular_validation_v2,sha256:36b1cc86f8a5b62e055f8beff2a63d05469f9da8e1b767d6693b1273ee354f1d,sha256:edb34de653b4d4b756b3e497b1edc448b941926d02b32f3d93817db66bde9b78,model_input,identity_model_input_v1,-0.168445281626,0.92653589571899997,2.4880199324459999,0.111269282696,-0.39750401667099999,-1.7514197826340001,-0.38300561884599998,0.75613759622700005,3.175999590804,1.3737972981869999,1.487058640196,-0.51093057202299996,1.89507665494,-0.215337626817,0.53912999577599996,-0.249781977539
195,0,-0.095354270527771318,0.48121520870602907,false,flipguard_tabular_validation_v2,sha256:36b1cc86f8a5b62e055f8beff2a63d05469f9da8e1b767d6693b1273ee354f1d,sha256:edb34de653b4d4b756b3e497b1edc448b941926d02b32f3d93817db66bde9b78,model_input,identity_model_input_v1,-0.168445281626,-0.73870402344700004,-0.64065670924499996,-0.381671547931,-0.39750401667099999,-1.454896537987,-0.26447096914000001,-0.59421189454699996,-0.487975475682,-0.57037048498099996,-1.510839159791,-0.51093057202299996,-0.34888549929599999,-0.59633085014200005,-0.371870953261,-0.249781977539
197,1,-0.0069960524784818965,0.49862177766173904,false,flipguard_tabular_validation_v2,sha256:36b1cc86f8a5b62e055f8beff2a63d05469f9da8e1b767d6693b1273ee354f1d,sha256:edb34de653b4d4b756b3e497b1edc448b941926d02b32f3d93817db66bde9b78,model_input,identity_model_input_v1,-0.12641888955399999,-0.38969639425899999,-0.911504303751,-0.381671547931,1.6060549402040001,0.060970371672999998,0.035062647751999999,-0.59421189454699996,-0.102035129866,-0.13758910978300001,1.222982864874,0.050213115491,-0.34888549929599999,-1.3814467336209999,1.450130944813,-0.249781977539
198,1,0.23553433570487053,0.54640026413385945,true,flipguard_tabular_validation_v2,sha256:36b1cc86f8a5b62e055f8beff2a63d05469f9da8e1b767d6693b1273ee354f1d,sha256:edb34de653b4d4b756b3e497b1edc448b941926d02b32f3d93817db66bde9b78,model_input,identity_model_input_v1,-0.168445281626,-0.73870402344700004,1.316410623636,1.55589934702,-0.39750401667099999,-1.0358467913260001,0.118676301072,-0.59421189454699996,-0.487975475682,2.2962829373910001,1.5300477198989999,-0.51093057202299996,-0.34888549929599999,0.080205177111000003,-0.91115424598299999,-0.249781977539
208,0,-0.14832095982879256,0.47078077091372789,false,flipguard_tabular_validation_v2,sha256:36b1cc86f8a5b62e055f8beff2a63d05469f9da8e1b767d6693b1273ee354f1d,sha256:edb34de653b4d4b756b3e497b1edc448b941926d02b32f3d93817db66bde9b78,model_input,identity_model_input_v1,-0.168445281626,-0.73870402344700004,-0.88983649619100003,1.572995560799,-0.39750401667099999,-1.8019790455469999,-0.31611469618999999,-0.53518518513199997,-0.487975475682,-0.46991832826199997,-2.0427699701890001,-0.51093057202299996,0.34005024981199999,-0.324559967399,-1.2104308629760001,-0.249781977539
209,0,-0.068997522204149273,0.48640748812578261,false,flipguard_tabular_validation_v2,sha256:36b1cc86f8a5b62e055f8beff2a63d05469f9da8e1b767d6693b1273ee354f1d,sha256:edb34de653b4d4b756b3e497b1edc448b941926d02b32f3d93817db66bde9b78,model_input,identity_model_input_v1,-0.168445281626,0.87216787308199994,1.324922976606,-0.381671547931,-0.39750401667099999,-0.169506988991,-0.086423072071000001,-0.59421189454699996,-0.21265497420900001,-0.72439712528400002,0.67451779305100001,-0.51093057202299996,0.28381059682300003,1.4152876696400001,0.14253359868500001,-0.249781977539
214,0,-0.10574781790385686,0.47916767987294018,false,flipguard_tabular_validation_v2,sha256:36b1cc86f8a5b62e055f8beff2a63d05469f9da8e1b767d6693b1273ee354f1d,sha256:edb34de653b4d4b756b3e497b1edc448b941926d02b32f3d93817db66bde9b78,model_input,identity_model_input_v1,-0.168445281626,-0.036304247115999999,1.9223353850610001,1.695518426215,-0.39750401667099999,-0.41000510446600003,-0.040189640236000003,-0.39715349542200001,-0.487975475682,-0.238041266502,0.122273461475,-0.51093057202299996,1.276440472068,1.014377431267,0.73669646665099997,-0.249781977539
218,0,0.067848414480824057,0.51336613765272232,true,flipguard_tabular_validation_v2,sha256:36b1cc86f8a5b62e055f8beff2a63d05469f9da8e1b767d6693b1273ee354f1d,sha256:edb34de653b4d4b756b3e497b1edc448b941926d02b32f3d93817db66bde9b78,model_input,identity_model_input_v1,-0.168445281626,0.94056635317399995,0.97978575617700003,0.079926224101000004,-0.39590372996500001,-0.026938977355000001,1.2071293292850001,-0.140160283661,-0.47814260063000003,0.28472849908999998,0.26871977694900001,-0.51093057202299996,1.656058129739,1.9607568881940001,1.1830503452959999,-0.249781977539
219,0,-0.012616656081433334,0.49751451875195762,false,flipguard_tabular_validation_v2,sha256:36b1cc86f8a5b62e055f8beff2a63d05469f9da8e1b767d6693b1273ee354f1d,sha256:edb34de653b4d4b756b3e497b1edc448b941926d02b32f3d93817db66bde9b78,model_input,identity_model_input_v1,-0.168445281626,-0.70713549417300003,0.73137981950099995,0.38765807212300002,-0.39750401667099999,-0.088885461644000005,0.21556976991900001,0.75886190589299996,0.34044424750199997,-0.94664752202500002,0.448234615271,-0.51093057202299996,1.467655292228,1.3536091714289999,-0.59504789258299995,-0.249781977539
225,0,0.021802029608289822,0.5042949998328331,true,flipguard_tabular_validation_v2,sha256:36b1cc86f8a5b62e055f8beff2a63d05469f9da8e1b767d6693b1273ee354f1d,sha256:edb34de653b4d4b756b3e497b1edc448b941926d02b32f3d93817db66bde9b78,model_input,identity_model_input_v1,-0.168445281626,-0.67732077208200003,-0.0099687391779999992,-0.381671547931,0.58827259469899995,0.77016651900999999,1.772751101741,0.54364144233300005,1.1491982205810001,0.69993074686300005,1.030240617412,-0.51093057202299996,-0.34888549929599999,0.38731269945399999,1.404032101608,-0.249781977539
226,1,0.23236547665498608,0.54577599890103223,true,flipguard_tabular_validation_v2,sha256:36b1cc86f8a5b62e055f8beff2a63d05469f9da8e1b767d6693b1273ee354f1d,sha256:edb34de653b4d4b756b3e497b1edc448b941926d02b32f3d93817db66bde9b78,model_input,identity_model_input_v1,-0.168445281626,-0.47475604257800003,0.381599497452,-0.381671547931,-0.39750401667099999,-0.037415221021999998,-1.0366676497980001,-0.51248260458700001,-0.487975475682,1.474668005559,1.1747973030079999,-0.18644715469600001,-0.34888549929599999,-0.73896237725500002,-1.0311575838489999,-0.249781977539
227,0,-0.029604449849449835,0.49416792337965837,false,flipguard_tabular_validation_v2,sha256:36b1cc86f8a5b62e055f8beff2a63d05469f9da8e1b767d6693b1273ee354f1d,sha256:edb34de653b4d4b756b3e497b1edc448b941926d02b32f3d93817db66bde9b78,model_input,identity_model_input_v1,-0.168445281626,-0.73870402344700004,-1.1661010425880001,-0.31328669281499999,-0.39750401667099999,-0.88143606945899999,-0.53400203984100003,0.88962876982799999,0.35642266946200002,-0.39918326790600001,-0.222583991092,-0.51093057202299996,0.691548080989,0.35583096599199998,-1.1189649042380001,-0.249781977539
228,1,0.059775330115122316,0.51177574003267912,true,flipguard_tabular_validation_v2,sha256:36b1cc86f8a5b62e055f8beff2a63d05469f9da8e1b767d6693b1273ee354f1d,sha256:edb34de653b4d4b756b3e497b1edc448b941926d02b32f3d93817db66bde9b78,model_input,identity_model_input_v1,-0.168445281626,-0.484401982078,-0.45957574606000001,-0.381671547931,1.1835792496169999,-0.47286256646500002,-0.70663964169500004,-0.59421189454699996,1.4675375504099999,-0.35481689868799998,0.62680463865500002,-0.43050305832699998,-0.34888549929599999,-1.3814467336209999,0.54937418315499997,-0.249781977539
231,0,-0.067222359989787206,0.48675719508201193,false,flipguard_tabular_validation_v2,sha256:36b1cc86f8a5b62e055f8beff2a63d05469f9da8e1b767d6693b1273ee354f1d,sha256:edb34de653b4d4b756b3e497b1edc448b941926d02b32f3d93817db66bde9b78,model_input,identity_model_input_v1,-0.168445281626,0.21887469784300001,1.019252119948,3.4991689798980001,-0.39750401667099999,1.470708378101,-1.35636691249,0.45464732659899998,0.27775966904100002,0.98789359612399996,0.220534215083,-0.51093057202299996,-0.34888549929599999,-0.28793835908600002,2.053806272488,-0.249781977539
233,0,-0.20106301207837124,0.46039058662056087,false,flipguard_tabular_validation_v2,sha256:36b1cc86f8a5b62e055f8beff2a63d05469f9da8e1b767d6693b1273ee354f1d,sha256:edb34de653b4d4b756b3e497b1edc448b941926d02b32f3d93817db66bde9b78,model_input,identity_model_input_v1,-0.168445281626,-0.73870402344700004,-1.1661010425880001,-0.381671547931,0.53546313337499996,1.0266067444119999,1.5917521345550001,0.047817083246000001,-0.487975475682,-1.2530266000179999,-0.060548229133000002,-0.51093057202299996,-0.34888549929599999,1.503308026462,-1.116037993558,-0.249781977539
234,0,-0.049916705781918334,0.49016640896096209,false,flipguard_tabular_validation_v2,sha256:36b1cc86f8a5b62e055f8beff2a63d05469f9da8e1b767d6693b1273ee354f1d,sha256:edb34de653b4d4b756b3e497b1edc448b941926d02b32f3d93817db66bde9b78,model_input,identity_model_input_v1,-0.168445281626,0.089969869977000003,-0.748995747047,-0.381671547931,-0.39750401667099999,-1.1415202057010001,-1.1055259525309999,-0.59421189454699996,-0.487975475682,-1.4715100408820001,-0.33926863600200002,-0.51093057202299996,-0.34888549929599999,-1.3814467336209999,0.46083513509599999,-0.249781977539
237,0,-0.1426669973896551,0.47189460151423795,false,flipguard_tabular_validation_v2,sha256:36b1cc86f8a5b62e055f8beff2a63d05469f9da8e1b767d6693b1273ee354f1d,sha256:edb34de653b4d4b756b3e497b1edc448b941926d02b32f3d93817db66bde9b78,model_input,identity_model_input_v1,-0.168445281626,-0.73870402344700004,-1.1661010425880001,-0.381671547931,-0.39750401667099999,0.41534070091399999,1.315335233581,-0.59421189454699996,-0.487975475682,-0.62687482313599996,-0.193767135467,-0.51093057202299996,-0.34888549929599999,0.47661802498900002,-0.59504789258299995,-0.249781977539
238,1,0.12504061354085838,0.52463300086754905,true,flipguard_tabular_validation_v2,sha256:36b1cc86f8a5b62e055f8beff2a63d05469f9da8e1b767d6693b1273ee354f1d,sha256:edb34de653b4d4b756b3e497b1edc448b941926d02b32f3d93817db66bde9b78,model_input,identity_model_input_v1,-0.168445281626,-0.73870402344700004,-0.38296456932799999,0.040035058616999998,-0.38790229643099999,0.67314739288100001,-0.034287500000999997,3.8064563181570001,2.3512671957650002,0.139491422501,0.015981780889,1.748435444918,1.166773148741,1.0863356791800001,-0.54602213869899996,-0.249781977539
239,0,-0.0856997632373519,0.4831171466422417,false,flipguard_tabular_validation_v2,sha256:36b1cc86f8a5b62e055f8beff2a63d05469f9da8e1b767d6693b1273ee354f1d,sha256:edb34de653b4d4b756b3e497b1edc448b941926d02b32f3d93817db66bde9b78,model_input,identity_model_input_v1,-0.168445281626,-0.73870402344700004,-1.1661010425880001,-0.381671547931,-0.39750401667099999,-0.80400296409700001,-0.94813554628300001,-0.59421189454699996,-0.487975475682,-1.6925047856640001,-1.0266215037899999,-0.51093057202299996,-0.34888549929599999,-1.068556852071,-0.20430531685100001,-0.249781977539
240,0,0.038583159600081803,0.50760088244121615,true,flipguard_tabular_validation_v2,sha256:36b1cc86f8a5b62e055f8beff2a63d05469f9da8e1b767d6693b1273ee354f1d,sha256:edb34de653b4d4b756b3e497b1edc448b941926d02b32f3d93817db66bde9b78,model_input,identity_model_input_v1,-0.168445281626,-0.71415072290100001,-0.76215120163799999,-0.381671547931,-0.39750401667099999,-0.92288555527000005,0.100478035349,1.141173362258,1.4687666597910001,0.072941868674000002,-0.039762300484999999,0.099209187052999998,-0.078935164951999995,-0.84625726476800001,-1.2009184032669999,-0.249781977539
242,0,-0.15786368471396789,0.4689008541113483,false,flipguard_tabular_validation_v2,sha256:36b1cc86f8a5b62e055f8beff2a63d05469f9da8e1b767d6693b1273ee354f1d,sha256:edb34de653b4d4b756b3e497b1edc448b941926d02b32f3d93817db66bde9b78,model_input,identity_model_input_v1,-0.168445281626,-0.73870402344700004,-1.1661010425880001,-0.381671547931,-0.304687387679,-0.175883832962,0.28393622763300003,-0.080225471024000003,-0.487975475682,-1.158434152441,-1.3549446949320001,-0.51093057202299996,0.691548080989,0.43935393231999997,-1.2104308629760001,-0.249781977539
243,1,0.25225936684887973,0.54969509526922933,true,flipguard_tabular_validation_v2,sha256:36b1cc86f8a5b62e055f8beff2a63d05469f9da8e1b767d6693b1273ee354f1d,sha256:edb34de653b4d4b756b3e497b1edc448b941926d02b32f3d93817db66bde9b78,model_input,identity_model_input_v1,-0.168445281626,-0.70625859058200002,0.819598750283,-0.381671547931,-0.38950258313800001,-0.92106359984899999,0.241145710934,-0.59421189454699996,2.2984154923569999,0.96905881674000005,0.33910848986999997,1.166953765435,-0.34888549929599999,-1.3814467336209999,-1.2104308629760001,-0.249781977539
244,0,-0.13208893312450409,0.47397848017447269,false,flipguard_tabular_validation_v2,sha256:36b1cc86f8a5b62e055f8beff2a63d05469f9da8e1b767d6693b1273ee354f1d,sha256:edb34de653b4d4b756b3e497b1edc448b941926d02b32f3d93817db66bde9b78,model_input,identity_model_input_v1,-0.168445281626,-0.73870402344700004,-0.34581975636700002,-0.381671547931,-0.39750401667099999,-1.5519156641159999,0.32820227939000002,-0.59421189454699996,-0.487975475682,-0.63315308293100003,-0.97323945976199999,-0.51093057202299996,-0.34888549929599999,-0.492248384411,-0.70041667704999999,-0.249781977539
246,0,-0.096799355538649087,0.48093052695888611,false,flipguard_tabular_validation_v2,sha256:36b1cc86f8a5b62e055f8beff2a63d05469f9da8e1b767d6693b1273ee354f1d,sha256:edb34de653b4d4b756b3e497b1edc448b941926d02b32f3d93817db66bde9b78,model_input,identity_model_input_v1,-0.168445281626,-0.73870402344700004,0.215995539667,0.108419913733,-0.39750401667099999,-1.715891651939,0.48116608046300002,-0.59421189454699996,-0.487975475682,0.34499979312200002,-1.4914704535509999,-0.51093057202299996,-0.34888549929599999,0.18364515848599999,-1.2104308629760001,-0.249781977539
247,1,-0.00028764058068817336,0.49994333480560443,false,flipguard_tabular_validation_v2,sha256:36b1cc86f8a5b62e055f8beff2a63d05469f9da8e1b767d6693b1273ee354f1d,sha256:edb34de653b4d4b756b3e497b1edc448b941926d02b32f3d93817db66bde9b78,model_input,identity_model_input_v1,-0.168445281626,-0.73870402344700004,-0.068781359700000003,-0.381671547931,-0.39750401667099999,-0.30934206749600002,0.60560287040399996,-0.59421189454699996,-0.487975475682,0.56641308855700001,0.0093680763189999995,-0.51093057202299996,-0.34888549929599999,0.066070521270999993,-0.78090672074,-0.249781977539
248,1,0.36575937848461076,0.57205459756146837,true,flipguard_tabular_validation_v2,sha256:36b1cc86f8a5b62e055f8beff2a63d05469f9da8e1b767d6693b1273ee354f1d,sha256:edb34de653b4d4b756b3e497b1edc448b941926d02b32f3d93817db66bde9b78,model_input,identity_model_input_v1,-0.168445281626,-0.078395619479999998,0.86602976648399999,0.52727715131800001,0.98514369797699997,0.69546634677899999,-2.0749524860189998,2.51059302069,2.722458229001,-0.337237771262,0.081174011648000005,2.4269848133449998,-0.26733800246299999,0.35647345034900002,-0.488947380446,-0.249781977539
253,1,0.17712528844830075,0.53489368182431529,true,flipguard_tabular_validation_v2,sha256:36b1cc86f8a5b62e055f8beff2a63d05469f9da8e1b767d6693b1273ee354f1d,sha256:edb34de653b4d4b756b3e497b1edc448b941926d02b32f3d93817db66bde9b78,model_input,identity_model_input_v1,-0.168445281626,-0.60015325608100001,1.2452163987939999,2.3280783360370001,-0.38630200972399997,1.475263266652,-0.47989908769299999,3.8682073372380001,1.655591285791,0.68486292335499999,-1.170233374448,2.0498075077340001,0.0082362971799999993,2.080901462835,1.618428308892,-0.249781977539
254,0,0.073639261381016244,0.5145069344920602,true,flipguard_tabular_validation_v2,sha256:36b1cc86f8a5b62e055f8beff2a63d05469f9da8e1b767d6693b1273ee354f1d,sha256:edb34de653b4d4b756b3e497b1edc448b941926d02b32f3d93817db66bde9b78,model_input,identity_model_input_v1,-0.168445281626,-0.73870402344700004,-1.1661010425880001,-0.381671547931,-0.39750401667099999,-0.53435356189899996,-1.7449244779169999,-0.59421189454699996,-0.487975475682,-0.39164935615200003,-1.367227289133,0.94600921631599999,-0.34888549929599999,-0.96768680812200003,-0.68870903433099995,-0.249781977539
255,0,-0.025218505812805672,0.49503195435487729,false,flipguard_tabular_validation_v2,sha256:36b1cc86f8a5b62e055f8beff2a63d05469f9da8e1b767d6693b1273ee354f1d,sha256:edb34de653b4d4b756b3e497b1edc448b941926d02b32f3d93817db66bde9b78,model_input,identity_model_input_v1,-0.168445281626,-0.66065960385400002,1.841081106709,0.13406423440099999,-0.39750401667099999,-0.28930055787300002,2.2252485197060001,-0.34448350855999998,2.0083456783039999,1.1444315403450001,0.34288774962399998,-0.51093057202299996,0.022296210427000002,0.485612805978,-0.95505790617800002,-0.249781977539
256,0,-0.14936490636344707,0.47057511344640091,false,flipguard_tabular_validation_v2,sha256:36b1cc86f8a5b62e055f8beff2a63d05469f9da8e1b767d6693b1273ee354f1d,sha256:edb34de653b4d4b756b3e497b1edc448b941926d02b32f3d93817db66bde9b78,model_input,identity_model_input_v1,-0.168445281626,-0.73870402344700004,-1.1661010425880001,-0.381671547931,4.011285860479,2.4026385755659998,2.2252485197060001,-0.59421189454699996,-0.39579227206399997,-1.6611134866899999,1.78231330849,-0.51093057202299996,-0.34888549929599999,-1.3814467336209999,3.9050772773569999,-0.249781977539
259,1,0.05381061134303159,0.51060069043457723,true,flipguard_tabular_validation_v2,sha256:36b1cc86f8a5b62e055f8beff2a63d05469f9da8e1b767d6693b1273ee354f1d,sha256:edb34de653b4d4b756b3e497b1edc448b941926d02b32f3d93817db66bde9b78,model_input,identity_model_input_v1,-0.168445281626,1.869207255963,0.50928479200499999,-0.381671547931,-0.39750401667099999,-1.6325371914619999,-0.68549030585500004,-0.59421189454699996,-0.487975475682,-0.15140128133200001,0.367925345495,0.19812578435799999,-0.34888549929599999,-0.29179326522499999,0.79011258655500005,1.104441924754
260,1,0.095954466526269794,0.51890302990567516,true,flipguard_tabular_validation_v2,sha256:36b1cc86f8a5b62e055f8beff2a63d05469f9da8e1b767d6693b1273ee354f1d,sha256:edb34de653b4d4b756b3e497b1edc448b941926d02b32f3d93817db66bde9b78,model_input,identity_model_input_v1,-0.168445281626,-0.73870402344700004,0.70661661086000005,-0.025500427536,-0.39750401667099999,-0.076131773702,0.59379858993500001,-0.59057948165999996,0.180660027897,0.84977188063599995,1.977417593298,-0.43142751250700001,-0.34888549929599999,-1.260659674624,0.58376538363999997,-0.249781977539
261,1,0.079589558173906658,0.51567914296025963,true,flipguard_tabular_validation_v2,sha256:36b1cc86f8a5b62e055f8beff2a63d05469f9da8e1b767d6693b1273ee354f1d,sha256:edb34de653b4d4b756b3e497b1edc448b941926d02b32f3d93817db66bde9b78,model_input,identity_model_input_v1,-0.168445281626,-0.71152001212799998,-1.117348475577,1.407732160935,-0.39750401667099999,0.029541640673,-0.74156063808100003,1.004957878993,0.808734921883,0.454241513554,-0.192822320528,-0.51093057202299996,-0.34888549929599999,0.277447874516,-1.1892107605490001,-0.249781977539
262,1,0.068637810260288715,0.51352164862127692,true,flipguard_tabular_validation_v2,sha256:36b1cc86f8a5b62e055f8beff2a63d05469f9da8e1b767d6693b1273ee354f1d,sha256:edb34de653b4d4b756b3e497b1edc448b941926d02b32f3d93817db66bde9b78,model_input,identity_model_input_v1,-0.168445281626,0.449500342256,-0.27075628017499997,-0.381671547931,-0.39750401667099999,0.82664713703799997,-0.137083109082,-0.025739277718000001,-0.487975475682,0.29812211998600002,-0.95292593858399999,1.1752738530589999,-0.34888549929599999,0.79914517188500001,0.70742735985500005,-0.249781977539
263,1,0.19117163954486802,0.53766081299033897,true,flipguard_tabular_validation_v2,sha256:36b1cc86f8a5b62e055f8beff2a63d05469f9da8e1b767d6693b1273ee354f1d,sha256:edb34de653b4d4b756b3e497b1edc448b941926d02b32f3d93817db66bde9b78,model_input,identity_model_input_v1,-0.168445281626,-0.52298574007900001,-1.1661010425880001,3.9978085484510002,0.106586295961,0.47409876321700001,-0.67417787040599997,1.633365308458,2.4053480085540002,0.58734062120700004,0.68065909015199999,-0.51093057202299996,-0.34888549929599999,-0.73767740854300001,-0.60382862462200004,-0.249781977539
264,1,0.087539717690529317,0.51724532438503423,true,flipguard_tabular_validation_v2,sha256:36b1cc86f8a5b62e055f8beff2a63d05469f9da8e1b767d6693b1273ee354f1d,sha256:edb34de653b4d4b756b3e497b1edc448b941926d02b32f3d93817db66bde9b78,model_input,identity_model_input_v1,-0.168445281626,0.117153881296,0.041105378642999998,-0.37027407207899998,-0.39750401667099999,0.56929593392599998,-0.38202192880699998,0.72162967379999998,-0.487975475682,0.079638679121999997,-0.001024888005,-0.51093057202299996,-0.34888549929599999,0.39052512123599997,0.72791573461299997,-0.249781977539
265,1,0.27775181899184354,0.55471710834139321,true,flipguard_tabular_validation_v2,sha256:36b1cc86f8a5b62e055f8beff2a63d05469f9da8e1b767d6693b1273ee354f1d,sha256:edb34de653b4d4b756b3e497b1edc448b941926d02b32f3d93817db66bde9b78,model_input,identity_model_input_v1,-0.168445281626,-0.73870402344700004,0.38701644934200002,3.0717636354229998,0.96273968408300004,2.3971727093049999,-0.82222322128400005,3.4722743325450001,2.8441400577780001,0.77485131374899996,-0.49516310086100002,2.9456036085589998,-0.34326153399699999,0.16180069037,-0.099668260053999994,-0.249781977539
266,0,-0.06192542847544609,0.48780069059033709,false,flipguard_tabular_validation_v2,sha256:36b1cc86f8a5b62e055f8beff2a63d05469f9da8e1b767d6693b1273ee354f1d,sha256:edb34de653b4d4b756b3e497b1edc448b941926d02b32f3d93817db66bde9b78,model_input,identity_model_input_v1,-0.168445281626,-0.73870402344700004,-0.15467873967199999,-0.381671547931,-0.39750401667099999,-1.2216862441930001,-0.61368093300399995,-0.59421189454699996,-0.487975475682,-0.80182899608799996,-1.273218202749,-0.51093057202299996,-0.34888549929599999,-0.59954327192400003,-0.30162509694900003,-0.249781977539
267,1,0.12582810523981236,0.524788136732243,true,flipguard_tabular_validation_v2,sha256:36b1cc86f8a5b62e055f8beff2a63d05469f9da8e1b767d6693b1273ee354f1d,sha256:edb34de653b4d4b756b3e497b1edc448b941926d02b32f3d93817db66bde9b78,model_input,identity_model_input_v1,-0.168445281626,-0.73870402344700004,-0.55630702981199998,-0.381671547931,1.6748672685949999,1.2985335908860001,-0.0062523338879999996,3.950844730419,2.481552790212,0.65933133352200002,-0.010000629921000001,1.9277795559190001,-0.34888549929599999,0.60447241190599998,-0.34772394015399999,-0.249781977539
268,1,0.041397678077374558,0.50815534258124284,true,flipguard_tabular_validation_v2,sha256:36b1cc86f8a5b62e055f8beff2a63d05469f9da8e1b767d6693b1273ee354f1d,sha256:edb34de653b4d4b756b3e497b1edc448b941926d02b32f3d93817db66bde9b78,model_input,identity_model_input_v1,-0.168445281626,-0.443187513305,-1.105740721526,0.040035058616999998,-0.00063291339299999998,-0.024206044225000001,-1.289475989834,0.102303276552,0.318320278633,-0.337237771262,0.127942351106,-0.51093057202299996,-0.34888549929599999,-1.3814467336209999,0.35692980596899998,-0.249781977539
269,0,-0.070990151985899641,0.48601494005877777,false,flipguard_tabular_validation_v2,sha256:36b1cc86f8a5b62e055f8beff2a63d05469f9da8e1b767d6693b1273ee354f1d,sha256:edb34de653b4d4b756b3e497b1edc448b941926d02b32f3d93817db66bde9b78,model_input,identity_model_input_v1,-0.168445281626,-0.73870402344700004,-0.87049023944000004,-0.381671547931,-0.39750401667099999,-1.1674830704400001,0.34344947499599998,-0.59421189454699996,-0.487975475682,0.071267666061999996,-0.54854514488799999,-0.51093057202299996,-0.34888549929599999,-0.59633085014200005,-0.37113922559099999,-0.249781977539
270,0,-0.0008072398696254441,0.49984097374568381,false,flipguard_tabular_validation_v2,sha256:36b1cc86f8a5b62e055f8beff2a63d05469f9da8e1b767d6693b1273ee354f1d,sha256:edb34de653b4d4b756b3e497b1edc448b941926d02b32f3d93817db66bde9b78,model_input,identity_model_input_v1,0.72811774925600004,2.0568646244209998,0.16569527211599999,-0.381671547931,-0.090248968971999993,-0.117581259513,0.202289954391,-0.59421189454699996,-0.487975475682,0.20269257110300001,1.028823395004,-0.51093057202299996,-0.34888549929599999,0.70791239328099997,1.4962297880169999,-0.249781977539
271,1,0.042810374590134315,0.50843364379425648,true,flipguard_tabular_validation_v2,sha256:36b1cc86f8a5b62e055f8beff2a63d05469f9da8e1b767d6693b1273ee354f1d,sha256:edb34de653b4d4b756b3e497b1edc448b941926d02b32f3d93817db66bde9b78,model_input,identity_model_input_v1,-0.168445281626,-0.73870402344700004,-1.127408529087,0.51018093753899996,-0.39750401667099999,0.33608564013199999,-0.51973853427500005,0.52547937789700006,-0.46830972557700001,0.24078068052599999,0.66884890342000003,-0.23914104298,-0.34888549929599999,0.023024069394999999,-0.81968828724499998,-0.249781977539
272,1,0.028327332053388016,0.50558048441451742,true,flipguard_tabular_validation_v2,sha256:36b1cc86f8a5b62e055f8beff2a63d05469f9da8e1b767d6693b1273ee354f1d,sha256:edb34de653b4d4b756b3e497b1edc448b941926d02b32f3d93817db66bde9b78,model_input,identity_model_input_v1,-0.168445281626,0.438100595574,0.43576901635300003,-0.32183479970500001,-0.39750401667099999,-0.222799185033,-0.062322666114000003,0.087773625004000003,-0.487975475682,-0.39206790680499998,0.23139958687600001,-0.51093057202299996,-0.34888549929599999,0.48175789984,0.10741067053,-0.249781977539
275,1,0.12643369666658019,0.52490743824331632,true,flipguard_tabular_validation_v2,sha256:36b1cc86f8a5b62e055f8beff2a63d05469f9da8e1b767d6693b1273ee354f1d,sha256:edb34de653b4d4b756b3e497b1edc448b941926d02b32f3d93817db66bde9b78,model_input,identity_model_input_v1,0.440937403427,-0.0064895250249999998,0.059677785123000003,-0.381671547931,0.15459489716399999,-0.010085889718,-0.15134661464900001,-0.59421189454699996,-0.487975475682,0.64677481393199998,1.111494702126,-0.49798821349700001,-0.34888549929599999,-1.3814467336209999,0.068629104024999998,0.83118606316400001
276,0,0.048879853930102656,0.50962933122423026,true,flipguard_tabular_validation_v2,sha256:36b1cc86f8a5b62e055f8beff2a63d05469f9da8e1b767d6693b1273ee354f1d,sha256:edb34de653b4d4b756b3e497b1edc448b941926d02b32f3d93817db66bde9b78,model_input,identity_model_input_v1,-0.168445281626,-0.19853141143700001,0.33129922989999999,-0.381671547931,-0.39750401667099999,-0.38768615056700001,-0.022975064552000001,-0.59421189454699996,-0.487975475682,0.37011283230199998,-0.201798062444,-0.51093057202299996,-0.34888549929599999,-0.112540129798,-0.13405946054000001,-0.249781977539
277,0,-0.066644882625309279,0.48687095812281406,false,flipguard_tabular_validation_v2,sha256:36b1cc86f8a5b62e055f8beff2a63d05469f9da8e1b767d6693b1273ee354f1d,sha256:edb34de653b4d4b756b3e497b1edc448b941926d02b32f3d93817db66bde9b78,model_input,identity_model_input_v1,-0.168445281626,-0.091549173344000007,-0.76369890217799996,-0.381671547931,-0.39750401667099999,-1.4271117178279999,-1.003714033489,-0.59421189454699996,-0.487975475682,-0.93032404655800005,-1.2354256052070001,-0.51093057202299996,-0.34888549929599999,-0.58412364737099998,-0.99603465569299998,-0.249781977539
278,0,-0.054530935689669373,0.48925740566913511,false,flipguard_tabular_validation_v2,sha256:36b1cc86f8a5b62e055f8beff2a63d05469f9da8e1b767d6693b1273ee354f1d,sha256:edb34de653b4d4b756b3e497b1edc448b941926d02b32f3d93817db66bde9b78,model_input,identity_model_input_v1,-0.168445281626,0.68012598666900004,0.21135243804699999,-0.381671547931,-0.39750401667099999,-1.0499669458330001,0.033095267673999999,-0.59421189454699996,-0.487975475682,-0.72021161875399997,0.051412341084000002,-0.51093057202299996,-0.205474384176,1.329194765887,-0.42455534549399998,-0.249781977539
279,1,0.13114879149360859,0.52583631192424085,true,flipguard_tabular_validation_v2,sha256:36b1cc86f8a5b62e055f8beff2a63d05469f9da8e1b767d6693b1273ee354f1d,sha256:edb34de653b4d4b756b3e497b1edc448b941926d02b32f3d93817db66bde9b78,model_input,identity_model_input_v1,-0.168445281626,-0.73870402344700004,0.91942543511499997,-0.381671547931,-0.39750401667099999,-0.97390030703700003,-1.0366676497980001,-0.59421189454699996,-0.487975475682,0.83595970908700001,-0.58586533496100002,-0.51093057202299996,-0.34888549929599999,-0.42864243313099998,-1.0933544357909999,-0.249781977539
280,1,0.30646429803159214,0.56037346671222366,true,flipguard_tabular_validation_v2,sha256:36b1cc86f8a5b62e055f8beff2a63d05469f9da8e1b767d6693b1273ee354f1d,sha256:edb34de653b4d4b756b3e497b1edc448b941926d02b32f3d93817db66bde9b78,model_input,identity_model_input_v1,-0.168445281626,-0.28271415616599999,1.450286720349,-0.381671547931,-0.39750401667099999,0.47409876321700001,-0.83353565673300001,-0.36900229554699998,-0.487975475682,1.451229168991,1.4931999372960001,0.92474677016600004,-0.34888549929599999,-1.0338626968269999,-1.0875006144320001,-0.249781977539
282,1,-0.017952183199135732,0.49646341990977028,false,flipguard_tabular_validation_v2,sha256:36b1cc86f8a5b62e055f8beff2a63d05469f9da8e1b767d6693b1273ee354f1d,sha256:edb34de653b4d4b756b3e497b1edc448b941926d02b32f3d93817db66bde9b78,model_input,identity_model_input_v1,-0.168445281626,-0.49580172876099998,0.33284693044000002,-0.381671547931,-0.39750401667099999,1.53265486239,-0.45776606181399998,-0.59421189454699996,-0.487975475682,0.269660675583,-0.21597028652200001,0.44772841307,-0.34888549929599999,0.28066029629700001,1.5013518817060001,0.50970857893999999
283,0,-0.15485212321941805,0.46949413172577464,false,flipguard_tabular_validation_v2,sha256:36b1cc86f8a5b62e055f8beff2a63d05469f9da8e1b767d6693b1273ee354f1d,sha256:edb34de653b4d4b756b3e497b1edc448b941926d02b32f3d93817db66bde9b78,model_input,identity_model_input_v1,-0.168445281626,-0.73870402344700004,-1.1661010425880001,-0.381671547931,-0.013435207047,0.792940961763,0.19933888427400001,1.7477863144020001,-0.28763064648499997,-1.2069860281889999,-0.56224496149699998,-0.51093057202299996,-0.34888549929599999,0.71947711169499995,-1.1892107605490001,-0.249781977539
284,0,-0.034415308761196042,0.4932201841740444,false,flipguard_tabular_validation_v2,sha256:36b1cc86f8a5b62e055f8beff2a63d05469f9da8e1b767d6693b1273ee354f1d,sha256:edb34de653b4d4b756b3e497b1edc448b941926d02b32f3d93817db66bde9b78,model_input,identity_model_input_v1,-0.168445281626,0.72046355185199995,-1.094906817746,-0.381671547931,-0.39750401667099999,-1.545538820145,-0.32988635673700001,-0.59421189454699996,-0.487975475682,-0.43517862406300001,-0.31281381772299999,-0.51093057202299996,-0.34888549929599999,-0.87709651387400001,0.472542777814,-0.249781977539
285,1,0.094732104669213238,0.51866222461983502,true,flipguard_tabular_validation_v2,sha256:36b1cc86f8a5b62e055f8beff2a63d05469f9da8e1b767d6693b1273ee354f1d,sha256:edb34de653b4d4b756b3e497b1edc448b941926d02b32f3d93817db66bde9b78,model_input,identity_model_input_v1,-0.168445281626,-0.73870402344700004,0.64703014006799997,-0.381671547931,-0.39750401667099999,-0.72474790331600003,-0.16708565527399999,0.73434311890500004,-0.47199705372200002,0.342907039857,-1.298728206089,-0.51093057202299996,-0.199850418877,0.32434923252999998,-0.18747558044400001,-0.249781977539
286,1,0.16824428079672374,0.5331441233169546,true,flipguard_tabular_validation_v2,sha256:36b1cc86f8a5b62e055f8beff2a63d05469f9da8e1b767d6693b1273ee354f1d,sha256:edb34de653b4d4b756b3e497b1edc448b941926d02b32f3d93817db66bde9b78,model_input,identity_model_input_v1,-0.168445281626,0.80113868221700002,-0.26843472936500001,-0.381671547931,-0.39750401667099999,0.091488124961999998,-1.5816319314339999,0.222172901826,-0.487975475682,0.19390300738999999,1.0070926514180001,0.096435824512000001,-0.34888549929599999,-0.49353335312300001,-0.44138508190199999,-0.249781977539
295,0,-0.088504022014987846,0.48256470766304738,false,flipguard_tabular_validation_v2,sha256:36b1cc86f8a5b62e055f8beff2a63d05469f9da8e1b767d6693b1273ee354f1d,sha256:edb34de653b4d4b756b3e497b1edc448b941926d02b32f3d93817db66bde9b78,model_input,identity_model_input_v1,-0.168445281626,-0.73870402344700004,-0.52690071955200002,-0.381671547931,-0.39750401667099999,-1.8019790455469999,-0.80205757548300005,-0.59421189454699996,-0.487975475682,-1.52006191663,-0.92410908295799998,-0.51093057202299996,-0.34888549929599999,-1.089116351475,-0.22772060228900001,-0.249781977539
296,1,0.13377686932507338,0.52635404325703949,true,flipguard_tabular_validation_v2,sha256:36b1cc86f8a5b62e055f8beff2a63d05469f9da8e1b767d6693b1273ee354f1d,sha256:edb34de653b4d4b756b3e497b1edc448b941926d02b32f3d93817db66bde9b78,model_input,identity_model_input_v1,-0.168445281626,-0.38005045475799998,-0.68708772544600005,-0.381671547931,1.0987640541579999,2.2327412326260001,1.122531985927,2.7739429550030001,3.2472879349350001,0.77987392158500002,-0.55232440464300003,3.6269263395269999,-0.205474384176,1.0651336954199999,0.16960752247200001,-0.249781977539
297,0,-0.091532073618769111,0.48196818149710247,false,flipguard_tabular_validation_v2,sha256:36b1cc86f8a5b62e055f8beff2a63d05469f9da8e1b767d6693b1273ee354f1d,sha256:edb34de653b4d4b756b3e497b1edc448b941926d02b32f3d93817db66bde9b78,model_input,identity_model_input_v1,-0.168445281626,-0.44581822407799998,-1.0206171918239999,-0.381671547931,4.0032844269450001,0.66631506005499996,1.6906129834800001,-0.57514172688999998,-0.487975475682,-1.6925047856640001,-1.170233374448,1.8630677632899999,-0.34888549929599999,0.70020258100400001,1.025728896265,-0.249781977539
298,1,0.40289298622219882,0.57936991828577322,true,flipguard_tabular_validation_v2,sha256:36b1cc86f8a5b62e055f8beff2a63d05469f9da8e1b767d6693b1273ee354f1d,sha256:edb34de653b4d4b756b3e497b1edc448b941926d02b32f3d93817db66bde9b78,model_input,identity_model_input_v1,-0.168445281626,1.5973671427759999,0.94186709294600002,-0.37882217896800002,-0.39750401667099999,-1.3847512543060001,-0.20790879189399999,0.68530554492899998,3.7585974376719999,1.1536396547109999,1.579650504173,0.98668520025399997,0.26412671827700002,-0.48903596262900001,-1.197991492588,-0.249781977539
303,1,0.052639141368571105,0.51036991084960848,true,flipguard_tabular_validation_v2,sha256:36b1cc86f8a5b62e055f8beff2a63d05469f9da8e1b767d6693b1273ee354f1d,sha256:edb34de653b4d4b756b3e497b1edc448b941926d02b32f3d93817db66bde9b78,model_input,identity_model_input_v1,-0.168445281626,-0.68082838644599997,-1.0477019512750001,0.29362889633799999,-0.24387649282099999,0.22266891522099999,-0.57089041630500004,-0.42167228240999999,-0.48305903815599999,0.013089125296000001,0.485554805343,0.94138694541300005,-0.34888549929599999,-1.1469399435480001,0.067897376354999997,-0.249781977539
304,0,-0.01855307298911615,0.49634504462114409,false,flipguard_tabular_validation_v2,sha256:36b1cc86f8a5b62e055f8beff2a63d05469f9da8e1b767d6693b1273ee354f1d,sha256:edb34de653b4d4b756b3e497b1edc448b941926d02b32f3d93817db66bde9b78,model_input,identity_model_input_v1,-0.168445281626,-0.64750604999000005,-0.17170344561299999,-0.34462975141000002,0.026571960623000001,1.094474583817,2.186884608183,-0.289089212032,-0.37981385010300001,0.88785999005799998,2.0303272298559998,-0.26595021421199999,-0.34888549929599999,1.4981681516109999,-1.1035986231699999,-0.068950892663000002
305,0,-0.082978484320135854,0.48365323858893322,false,flipguard_tabular_validation_v2,sha256:36b1cc86f8a5b62e055f8beff2a63d05469f9da8e1b767d6693b1273ee354f1d,sha256:edb34de653b4d4b756b3e497b1edc448b941926d02b32f3d93817db66bde9b78,model_input,identity_model_input_v1,-0.168445281626,-0.54403142626099998,-0.098961520230999994,-0.17936635154700001,-0.39750401667099999,0.55927517911500002,0.56182866366600004,-0.44528296617599999,-0.487975475682,-1.0726312685770001,-0.16542268731099999,-0.51093057202299996,0.025108193077000001,1.381235998752,-1.1423801896750001,-0.249781977539
306,1,0.2148848792163299,0.54233232120561703,true,flipguard_tabular_validation_v2,sha256:36b1cc86f8a5b62e055f8beff2a63d05469f9da8e1b767d6693b1273ee354f1d,sha256:edb34de653b4d4b756b3e497b1edc448b941926d02b32f3d93817db66bde9b78,model_input,identity_model_input_v1,-0.168445281626,-0.18099333961899999,1.6042829240830001,-0.33893101348400001,-0.293485380731,1.5745598370559999,1.238115565515,0.17858394718100001,0.94639517261999995,1.3809126592880001,0.37784590234999998,0.132489537548,-0.18579050562999999,1.0786258669040001,0.213511182667,-0.249781977539
308,1,0.20762597287681508,0.54090231665673261,true,flipguard_tabular_validation_v2,sha256:36b1cc86f8a5b62e055f8beff2a63d05469f9da8e1b767d6693b1273ee354f1d,sha256:edb34de653b4d4b756b3e497b1edc448b941926d02b32f3d93817db66bde9b78,model_input,identity_model_input_v1,-0.168445281626,-0.26166846998400001,1.365937040917,-0.110981496431,-0.39750401667099999,1.301722012872,0.875133941104,0.93594203413800003,-0.487975475682,0.89413824985299994,-0.096451196796999997,-0.51093057202299996,-0.34888549929599999,2.3468899863699999,-0.279673266852,-0.249781977539
309,0,-0.13220084725569262,0.47395643309062857,false,flipguard_tabular_validation_v2,sha256:36b1cc86f8a5b62e055f8beff2a63d05469f9da8e1b767d6693b1273ee354f1d,sha256:edb34de653b4d4b756b3e497b1edc448b941926d02b32f3d93817db66bde9b78,model_input,identity_model_input_v1,-0.168445281626,-0.73870402344700004,-1.1661010425880001,-0.381671547931,-0.39750401667099999,-0.24420716122200001,0.42952235341299999,1.3990746772410001,-0.487975475682,-0.37783718460299998,-0.32556881939299998,-0.51093057202299996,0.13477551640400001,1.0208022748309999,-1.2104308629760001,-0.249781977539
311,0,-0.16911725200037409,0.4666839013559263,false,flipguard_tabular_validation_v2,sha256:36b1cc86f8a5b62e055f8beff2a63d05469f9da8e1b767d6693b1273ee354f1d,sha256:edb34de653b4d4b756b3e497b1edc448b941926d02b32f3d93817db66bde9b78,model_input,identity_model_input_v1,-0.168445281626,-0.73870402344700004,-1.1661010425880001,-0.381671547931,-0.016635780459999999,1.126358803672,1.251887226062,-0.023923071274,-0.487975475682,-1.421283962523,-0.052517302155000001,-0.51093057202299996,-0.34888549929599999,1.23667701857,-1.0128643921010001,-0.249781977539
312,0,-0.27790010519208397,0.44525367927715948,false,flipguard_tabular_validation_v2,sha256:36b1cc86f8a5b62e055f8beff2a63d05469f9da8e1b767d6693b1273ee354f1d,sha256:edb34de653b4d4b756b3e497b1edc448b941926d02b32f3d93817db66bde9b78,model_input,identity_model_input_v1,-0.049370504087,2.0603722387840002,0.92639008754600005,-0.16796887569400001,-0.39750401667099999,-0.69195270575099999,0.953829144229,-0.40169401153099998,0.58503701443599998,-1.4505825082329999,-0.84616185052899995,1.2177987453579999,4.9095220551169998,0.95783880790700004,0.43961503266800001,-0.249781977539
313,1,0.072663973134324406,0.51431480270746188,true,flipguard_tabular_validation_v2,sha256:36b1cc86f8a5b62e055f8beff2a63d05469f9da8e1b767d6693b1273ee354f1d,sha256:edb34de653b4d4b756b3e497b1edc448b941926d02b32f3d93817db66bde9b78,model_input,identity_model_input_v1,-0.168445281626,-0.056473029707000001,1.3411738322760001,-0.381671547931,-0.39750401667099999,0.80022878344399995,-2.0218332239099999,-0.59421189454699996,-0.487975475682,0.28096154321400002,0.77844743629099999,-0.51093057202299996,-0.34888549929599999,-0.78457876655699998,0.43449293897899999,-0.249781977539
315,1,0.068942439284285492,0.51358166053900423,true,flipguard_tabular_validation_v2,sha256:36b1cc86f8a5b62e055f8beff2a63d05469f9da8e1b767d6693b1273ee354f1d,sha256:edb34de653b4d4b756b3e497b1edc448b941926d02b32f3d93817db66bde9b78,model_input,identity_model_input_v1,-0.168445281626,-0.73870402344700004,-0.87435949079099995,3.5390601453819999,-0.39750401667099999,-1.291376039018,-0.45088023154099999,-0.35810505688599997,0.11674634005499999,1.068673872153,-0.32178955963900002,-0.51093057202299996,-0.34888549929599999,-0.61496289647699998,-1.2104308629760001,-0.249781977539
319,0,-0.022730030453850879,0.49552218400059139,false,flipguard_tabular_validation_v2,sha256:36b1cc86f8a5b62e055f8beff2a63d05469f9da8e1b767d6693b1273ee354f1d,sha256:edb34de653b4d4b756b3e497b1edc448b941926d02b32f3d93817db66bde9b78,model_input,identity_model_input_v1,-0.168445281626,-0.45546416357800001,-0.74125724434700002,-0.381671547931,1.2747955919030001,0.53923366949200002,0.059163053708999998,-0.59421189454699996,-0.19790566163000001,-0.247667931521,0.30462274461299998,-0.51093057202299996,-0.34888549929599999,-1.3814467336209999,0.99792324480899997,-0.249781977539
325,1,0.018847235162461236,0.50371290532700486,true,flipguard_tabular_validation_v2,sha256:36b1cc86f8a5b62e055f8beff2a63d05469f9da8e1b767d6693b1273ee354f1d,sha256:edb34de653b4d4b756b3e497b1edc448b941926d02b32f3d93817db66bde9b78,model_input,identity_model_input_v1,-0.168445281626,-0.23536136225599999,0.56809741252599999,-0.381671547931,-0.39750401667099999,1.163708889787,0.87956054628000002,-0.55607155923200002,-0.487975475682,0.00388101093,0.34808423178600001,-0.51093057202299996,-0.34888549929599999,1.2867907983669999,0.77328285014700004,-0.249781977539
328,1,0.1225419880425955,0.52414077164439132,true,flipguard_tabular_validation_v2,sha256:36b1cc86f8a5b62e055f8beff2a63d05469f9da8e1b767d6693b1273ee354f1d,sha256:edb34de653b4d4b756b3e497b1edc448b941926d02b32f3d93817db66bde9b78,model_input,identity_model_input_v1,-0.168445281626,-0.47475604257800003,-1.076334411266,2.5588772220539999,-0.39750401667099999,0.20444936101799999,-0.55761060077799995,0.48189042325199999,0.078643949226000001,0.96487331021,0.92205930694899996,-0.51093057202299996,-0.34888549929599999,-0.47168888500700001,-0.55626632607799997,-0.249781977539
329,1,0.06289840993128179,0.51239098675646255,true,flipguard_tabular_validation_v2,sha256:36b1cc86f8a5b62e055f8beff2a63d05469f9da8e1b767d6693b1273ee354f1d,sha256:edb34de653b4d4b756b3e497b1edc448b941926d02b32f3d93817db66bde9b78,model_input,identity_model_input_v1,-0.168445281626,-0.029289018388999999,-0.43636023795899997,-0.381671547931,-0.39750401667099999,1.1905827322360001,0.79004475272600005,0.62355452584899995,-0.487975475682,-0.12545114084600001,0.048105488799,-0.51093057202299996,-0.34888549929599999,-0.96897177683400004,2.2967398588969998,-0.249781977539
330,1,0.19453236315967418,0.53832287554245584,true,flipguard_tabular_validation_v2,sha256:36b1cc86f8a5b62e055f8beff2a63d05469f9da8e1b767d6693b1273ee354f1d,sha256:edb34de653b4d4b756b3e497b1edc448b941926d02b32f3d93817db66bde9b78,model_input,identity_model_input_v1,-0.168445281626,0.64855745739600001,1.945550893162,-0.381671547931,-0.39750401667099999,-0.89282329083500001,-0.081504621875999994,-0.59421189454699996,-0.487975475682,1.3775642540640001,0.44162091070100001,0.13064062918700001,-0.34888549929599999,0.143811128392,-0.010397484326,-0.22567116622200001
331,1,0.053783195069114102,0.51059528942861543,true,flipguard_tabular_validation_v2,sha256:36b1cc86f8a5b62e055f8beff2a63d05469f9da8e1b767d6693b1273ee354f1d,sha256:edb34de653b4d4b756b3e497b1edc448b941926d02b32f3d93817db66bde9b78,model_input,identity_model_input_v1,-0.168445281626,-0.147671003163,-0.046339701869000001,-0.381671547931,-0.39750401667099999,0.96739319325399997,1.5450268576999999,-0.59421189454699996,-0.487975475682,0.85646869108400003,0.59798778303,-0.51093057202299996,-0.34888549929599999,0.85182888910700005,0.90353037539100001,-0.249781977539
335,0,-0.10400757699566074,0.47951050733185485,false,flipguard_tabular_validation_v2,sha256:36b1cc86f8a5b62e055f8beff2a63d05469f9da8e1b767d6693b1273ee354f1d,sha256:edb34de653b4d4b756b3e497b1edc448b941926d02b32f3d93817db66bde9b78,model_input,identity_model_input_v1,-0.168445281626,-0.73870402344700004,-1.1661010425880001,-0.381671547931,0.98034283785700005,0.58888195469399995,-0.33775587704999999,-0.59421189454699996,-0.487975475682,-1.6925047856640001,-0.522562734079,-0.51093057202299996,-0.34888549929599999,-0.90343837248500003,0.48059178218300003,-0.249781977539
336,1,0.092980288175525921,0.51831711677057857,true,flipguard_tabular_validation_v2,sha256:36b1cc86f8a5b62e055f8beff2a63d05469f9da8e1b767d6693b1273ee354f1d,sha256:edb34de653b4d4b756b3e497b1edc448b941926d02b32f3d93817db66bde9b78,model_input,identity_model_input_v1,-0.168445281626,-0.53526239035199996,-1.0299033950650001,1.735409591699,3.6720250786430002,-0.62135193321600002,-0.70909886679199996,0.58450608731200004,0.202783996765,0.41406065086600002,0.938121160904,-0.20123842158300001,-0.34888549929599999,-1.3814467336209999,0.73157437296200001,-0.249781977539
338,0,-0.077928089616562252,0.48464816634553726,false,flipguard_tabular_validation_v2,sha256:36b1cc86f8a5b62e055f8beff2a63d05469f9da8e1b767d6693b1273ee354f1d,sha256:edb34de653b4d4b756b3e497b1edc448b941926d02b32f3d93817db66bde9b78,model_input,identity_model_input_v1,-0.168445281626,-0.73870402344700004,0.20670933642700001,-0.381671547931,-0.39750401667099999,-1.37700794377,0.35623744550300002,-0.59421189454699996,-0.487975475682,-0.30082386445100001,-0.75640443136699997,-0.51093057202299996,-0.34888549929599999,-0.087483239899999996,-0.67261102559300001,-0.249781977539
342,0,-0.055871419747955231,0.48899333030965281,false,flipguard_tabular_validation_v2,sha256:36b1cc86f8a5b62e055f8beff2a63d05469f9da8e1b767d6693b1273ee354f1d,sha256:edb34de653b4d4b756b3e497b1edc448b941926d02b32f3d93817db66bde9b78,model_input,identity_model_input_v1,-0.168445281626,-0.73870402344700004,-1.1661010425880001,-0.381671547931,0.58987288140500005,0.34246248410300001,-0.14298524931699999,-0.59421189454699996,-0.110638895537,-0.639849893379,0.29375737281999997,-0.51093057202299996,-0.34888549929599999,-1.3814467336209999,0.86694399189500004,0.49765317328100001
343,1,0.13820384618468515,0.52722615769838299,true,flipguard_tabular_validation_v2,sha256:36b1cc86f8a5b62e055f8beff2a63d05469f9da8e1b767d6693b1273ee354f1d,sha256:edb34de653b4d4b756b3e497b1edc448b941926d02b32f3d93817db66bde9b78,model_input,identity_model_input_v1,-0.168445281626,0.68714121539700002,-0.509102163341,-0.381671547931,-0.39750401667099999,0.109707679165,-0.68401477079700002,-0.24550025738699999,-0.487975475682,0.82047333492600005,0.66176279138100003,-0.49244148841500002,-0.34888549929599999,-1.348680031447,-0.55553459840800001,-0.249781977539
346,1,0.11152694182686149,0.52197080753989167,true,flipguard_tabular_validation_v2,sha256:36b1cc86f8a5b62e055f8beff2a63d05469f9da8e1b767d6693b1273ee354f1d,sha256:edb34de653b4d4b756b3e497b1edc448b941926d02b32f3d93817db66bde9b78,model_input,identity_model_input_v1,-0.168445281626,-0.606291581217,0.94341479348599999,-0.381671547931,-0.39750401667099999,0.89178204331300004,1.4402638685410001,-0.59421189454699996,-0.487975475682,1.216003702007,0.74868576572699996,-0.51093057202299996,-0.34888549929599999,0.60896980239999998,0.69206107878699996,-0.249781977539
347,1,0.066629001092698537,0.51312591321526158,true,flipguard_tabular_validation_v2,sha256:36b1cc86f8a5b62e055f8beff2a63d05469f9da8e1b767d6693b1273ee354f1d,sha256:edb34de653b4d4b756b3e497b1edc448b941926d02b32f3d93817db66bde9b78,model_input,identity_model_input_v1,-0.168445281626,1.134362046768,0.29647596774899998,-0.381671547931,1.07315946685,1.7121174712859999,0.85349276024499998,-0.59421189454699996,-0.487975475682,0.059548247778000003,0.39532497871299999,-0.42218297070299998,-0.34888549929599999,1.3092777508390001,2.1101493030710001,-0.249781977539
348,1,0.089150552017317961,0.51756265874741159,true,flipguard_tabular_validation_v2,sha256:36b1cc86f8a5b62e055f8beff2a63d05469f9da8e1b767d6693b1273ee354f1d,sha256:edb34de653b4d4b756b3e497b1edc448b941926d02b32f3d93817db66bde9b78,model_input,identity_model_input_v1,-0.168445281626,0.68012598666900004,-0.097413819691000006,-0.381671547931,-0.39750401667099999,0.36387046029100001,-0.042157020314000003,0.2294377276,-0.487975475682,0.045317525577000001,-0.77152147038399999,0.79070091400499998,-0.34888549929599999,0.50874224280699998,0.56547219189300002,-0.249781977539
349,1,0.050226397215559146,0.50989460025146516,true,flipguard_tabular_validation_v2,sha256:36b1cc86f8a5b62e055f8beff2a63d05469f9da8e1b767d6693b1273ee354f1d,sha256:edb34de653b4d4b756b3e497b1edc448b941926d02b32f3d93817db66bde9b78,model_input,identity_model_input_v1,-0.168445281626,1.152777022178,-0.0068733380980000001,-0.381671547931,-0.39750401667099999,0.39074430273999999,-0.76812026913599996,-0.57968224299799997,-0.487975475682,0.117726788545,-0.16778472465700001,-0.01727203968,-0.34888549929599999,-0.55778178875999995,0.74474547101999999,-0.012692332924
350,1,0.11078563252354459,0.52182476960713831,true,flipguard_tabular_validation_v2,sha256:36b1cc86f8a5b62e055f8beff2a63d05469f9da8e1b767d6693b1273ee354f1d,sha256:edb34de653b4d4b756b3e497b1edc448b941926d02b32f3d93817db66bde9b78,model_input,identity_model_input_v1,-0.168445281626,0.068047280203999999,0.21522168939700001,-0.381671547931,-0.39750401667099999,1.145033846729,0.60511102538399997,2.0202172809330001,0.25563570017300002,-0.259387349805,-0.69688109023900002,1.1105620604299999,-0.34888549929599999,1.766726612572,1.120853493354,-0.249781977539
354,0,-0.18019169000066801,0.46450223706986837,false,flipguard_tabular_validation_v2,sha256:36b1cc86f8a5b62e055f8beff2a63d05469f9da8e1b767d6693b1273ee354f1d,sha256:edb34de653b4d4b756b3e497b1edc448b941926d02b32f3d93817db66bde9b78,model_input,identity_model_input_v1,-0.168445281626,-0.73870402344700004,-1.1661010425880001,-0.381671547931,4.7106111513369999,0.194428606207,0.67692039823500005,-0.073868748472000006,-0.487975475682,-1.6899934817460001,0.20352754618900001,-0.51093057202299996,-0.34888549929599999,0.35775841906099998,0.82523551471000001,-0.249781977539
355,1,0.0099442005671973102,0.50195900751173783,true,flipguard_tabular_validation_v2,sha256:36b1cc86f8a5b62e055f8beff2a63d05469f9da8e1b767d6693b1273ee354f1d,sha256:edb34de653b4d4b756b3e497b1edc448b941926d02b32f3d93817db66bde9b78,model_input,identity_model_input_v1,-0.168445281626,0.18116784343299999,0.61065917737700004,-0.381671547931,-0.39750401667099999,-1.6471128348240001,-0.74598724325700005,-0.59421189454699996,-0.487975475682,-0.15349403459700001,-0.723808315988,-0.51093057202299996,-0.34888549929599999,-0.190923221275,-0.058691510539999998,-0.249781977539
358,0,-0.037356933435932452,0.49264068411312129,false,flipguard_tabular_validation_v2,sha256:36b1cc86f8a5b62e055f8beff2a63d05469f9da8e1b767d6693b1273ee354f1d,sha256:edb34de653b4d4b756b3e497b1edc448b941926d02b32f3d93817db66bde9b78,model_input,identity_model_input_v1,-0.168445281626,-0.658905796672,0.81186024758300002,-0.381671547931,-0.39750401667099999,-1.1488080273820001,0.23229250058199999,-0.59421189454699996,-0.487975475682,-0.38244124178599997,-0.49988717555399997,-0.51093057202299996,-0.34888549929599999,1.8020632521719999,-0.98213182996500004,-0.249781977539
359,1,0.023939323788734968,0.50471604678638082,true,flipguard_tabular_validation_v2,sha256:36b1cc86f8a5b62e055f8beff2a63d05469f9da8e1b767d6693b1273ee354f1d,sha256:edb34de653b4d4b756b3e497b1edc448b941926d02b32f3d93817db66bde9b78,model_input,identity_model_input_v1,-0.168445281626,0.13907647106900001,-0.035505798089,-0.381671547931,-0.32709140157400002,1.696175361359,1.494366820689,-0.59421189454699996,-0.487975475682,0.120656643116,0.52759907010899998,-0.51093057202299996,-0.34888549929599999,1.2379619872830001,1.8438004312239999,-0.249781977539
360,0,-0.018666475322854412,0.49632270436139769,false,flipguard_tabular_validation_v2,sha256:36b1cc86f8a5b62e055f8beff2a63d05469f9da8e1b767d6693b1273ee354f1d,sha256:edb34de653b4d4b756b3e497b1edc448b941926d02b32f3d93817db66bde9b78,model_input,identity_model_input_v1,-0.168445281626,-0.043319475842999999,-1.0941329674760001,-0.381671547931,-0.39750401667099999,-0.89054584656000002,-2.2180793867020001,-0.59421189454699996,-0.487975475682,-1.5903784263330001,-1.2401496799,-0.51093057202299996,-0.34888549929599999,-1.3814467336209999,-0.46041000131999998,-0.249781977539
364,1,0.037358430901979045,0.50735961088768988,true,flipguard_tabular_validation_v2,sha256:36b1cc86f8a5b62e055f8beff2a63d05469f9da8e1b767d6693b1273ee354f1d,sha256:edb34de653b4d4b756b3e497b1edc448b941926d02b32f3d93817db66bde9b78,model_input,identity_model_input_v1,-0.168445281626,-0.73870402344700004,-0.690183126526,0.82931026141300002,-0.39750401667099999,-0.26515964855500002,0.012437776854,1.7160027016399999,1.945661099844,0.049503032107000002,-0.060075821662999997,-0.35007554463000001,1.138653322246,0.51837950815300005,-1.1870155775390001,-0.249781977539
368,0,-0.044730343661140912,0.49118812229875525,false,flipguard_tabular_validation_v2,sha256:36b1cc86f8a5b62e055f8beff2a63d05469f9da8e1b767d6693b1273ee354f1d,sha256:edb34de653b4d4b756b3e497b1edc448b941926d02b32f3d93817db66bde9b78,model_input,identity_model_input_v1,-0.168445281626,0.63365009635000002,-0.58648719034300001,-0.381671547931,0.13379116997599999,-0.71518263735999998,-0.460717131931,-0.59421189454699996,-0.487975475682,-1.0743054711890001,0.38351479198100002,-0.51093057202299996,-0.34888549929599999,-1.197053723344,0.84938252781699997,-0.249781977539
374,1,-0.078363418753003636,0.48456240650565829,false,flipguard_tabular_validation_v2,sha256:36b1cc86f8a5b62e055f8beff2a63d05469f9da8e1b767d6693b1273ee354f1d,sha256:edb34de653b4d4b756b3e497b1edc448b941926d02b32f3d93817db66bde9b78,model_input,identity_model_input_v1,-0.168445281626,-0.52035502930599997,-0.66851531896500005,-0.381671547931,-0.39750401667099999,0.76196771961900001,1.7279932049640001,-0.54608242379299998,-0.487975475682,-0.049693472654000002,0.87529096749099999,-0.51093057202299996,-0.34888549929599999,1.23667701857,-0.37406613627000002,-0.249781977539
375,0,0.050283464371643723,0.50990584248121384,true,flipguard_tabular_validation_v2,sha256:36b1cc86f8a5b62e055f8beff2a63d05469f9da8e1b767d6693b1273ee354f1d,sha256:edb34de653b4d4b756b3e497b1edc448b941926d02b32f3d93817db66bde9b78,model_input,identity_model_input_v1,-0.168445281626,0.799384875035,0.32820382881999999,-0.222106885994,-0.39750401667099999,-1.048144990413,0.32967781444900002,1.0031416725490001,-0.487975475682,-0.013279565843,0.462879246819,-0.51093057202299996,5.9358957221540001,1.0792683512600001,-0.83066420229299998,-0.249781977539
378,0,-0.09957973983931287,0.48038279125165534,false,flipguard_tabular_validation_v2,sha256:36b1cc86f8a5b62e055f8beff2a63d05469f9da8e1b767d6693b1273ee354f1d,sha256:edb34de653b4d4b756b3e497b1edc448b941926d02b32f3d93817db66bde9b78,model_input,identity_model_input_v1,-0.168445281626,-0.110841052345,-1.1661010425880001,-0.381671547931,-0.39750401667099999,1.328595855321,0.65183630223900002,-0.37081850199100003,-0.487975475682,-1.419609759911,0.54177129418699999,-0.46748122554299998,-0.34888549929599999,0.87945571643099996,0.388394095775,-0.249781977539
382,1,0.21403748148340684,0.54216538385223112,true,flipguard_tabular_validation_v2,sha256:36b1cc86f8a5b62e055f8beff2a63d05469f9da8e1b767d6693b1273ee354f1d,sha256:edb34de653b4d4b756b3e497b1edc448b941926d02b32f3d93817db66bde9b78,model_input,identity_model_input_v1,-0.168445281626,1.7762554753249999,-1.1661010425880001,-0.381671547931,-0.39750401667099999,-0.24557362778700001,-1.7242669870959999,-0.59421189454699996,-0.487975475682,0.0034624602769999999,2.0170998207170001,-0.51093057202299996,-0.34888549929599999,-1.3814467336209999,-1.2104308629760001,-0.249781977539
383,0,-0.052201829437732862,0.4897162396007666,false,flipguard_tabular_validation_v2,sha256:36b1cc86f8a5b62e055f8beff2a63d05469f9da8e1b767d6693b1273ee354f1d,sha256:edb34de653b4d4b756b3e497b1edc448b941926d02b32f3d93817db66bde9b78,model_input,identity_model_input_v1,-0.168445281626,-0.73870402344700004,-0.50987601361099999,-0.381671547931,-0.39750401667099999,1.2324877069019999,2.4751057896259998,-0.59421189454699996,-0.487975475682,0.65598292829799998,0.50870277133800001,-0.51093057202299996,-0.34888549929599999,0.68157053466999995,0.10594721519,-0.249781977539
384,0,-0.060438017826710259,0.4880937104881381,false,flipguard_tabular_validation_v2,sha256:36b1cc86f8a5b62e055f8beff2a63d05469f9da8e1b767d6693b1273ee354f1d,sha256:edb34de653b4d4b756b3e497b1edc448b941926d02b32f3d93817db66bde9b78,model_input,identity_model_input_v1,-0.168445281626,1.2930815967260001,-1.090263716126,-0.381671547931,0.36423245575099999,1.143667380164,0.13048058154,-0.59421189454699996,-0.487975475682,-1.4200283105639999,-0.55137958970400003,-0.42495633324400001,-0.34888549929599999,-0.64194723944400001,1.9001434618069999,0.224397311691
387,0,-0.18582908439049808,0.4633916703750719,false,flipguard_tabular_validation_v2,sha256:36b1cc86f8a5b62e055f8beff2a63d05469f9da8e1b767d6693b1273ee354f1d,sha256:edb34de653b4d4b756b3e497b1edc448b941926d02b32f3d93817db66bde9b78,model_input,identity_model_input_v1,-0.168445281626,-0.73870402344700004,-0.516066815771,-0.381671547931,-0.28868452061099997,-0.47286256646500002,0.913989697647,-0.59421189454699996,-0.487975475682,-1.078072427066,-0.952453531114,-0.51093057202299996,-0.34888549929599999,0.54022397626899998,-1.2104308629760001,-0.249781977539
389,0,-0.047908958314977344,0.49056193521194946,false,flipguard_tabular_validation_v2,sha256:36b1cc86f8a5b62e055f8beff2a63d05469f9da8e1b767d6693b1273ee354f1d,sha256:edb34de653b4d4b756b3e497b1edc448b941926d02b32f3d93817db66bde9b78,model_input,identity_model_input_v1,-0.168445281626,0.18555236138799999,-1.1661010425880001,-0.381671547931,0.0057682334349999998,1.1878497991050001,-0.46120897695099999,-0.59421189454699996,-0.487975475682,-0.57916004869399995,1.0321302472889999,-0.51093057202299996,-0.34888549929599999,-1.3814467336209999,1.289150857433,-0.249781977539
390,1,-0.034050560977034017,0.49329203948752431,false,flipguard_tabular_validation_v2,sha256:36b1cc86f8a5b62e055f8beff2a63d05469f9da8e1b767d6693b1273ee354f1d,sha256:edb34de653b4d4b756b3e497b1edc448b941926d02b32f3d93817db66bde9b78,model_input,identity_model_input_v1,-0.168445281626,0.032094232976000003,-1.1661010425880001,-0.381671547931,1.005947425165,-1.1059920750059999,-0.91518192997400005,-0.40714263086199998,-0.21388408359,-0.46154731520199999,-0.98599446143199998,-0.51093057202299996,-0.34888549929599999,-1.3814467336209999,-0.21820814257999999,-0.249781977539
391,0,-0.013797080532663313,0.49728197513506534,false,flipguard_tabular_validation_v2,sha256:36b1cc86f8a5b62e055f8beff2a63d05469f9da8e1b767d6693b1273ee354f1d,sha256:edb34de653b4d4b756b3e497b1edc448b941926d02b32f3d93817db66bde9b78,model_input,identity_model_input_v1,-0.168445281626,-0.50807837903300002,-0.94323216482200001,-0.381671547931,-0.39750401667099999,0.28097148866900001,-0.384972998924,-0.59421189454699996,-0.487975475682,-0.10536070950199999,-0.28163492475099999,-0.51093057202299996,-0.34888549929599999,-1.3814467336209999,0.62840077150499996,-0.249781977539
392,1,0.14500387320868047,0.52856576302211,true,flipguard_tabular_validation_v2,sha256:36b1cc86f8a5b62e055f8beff2a63d05469f9da8e1b767d6693b1273ee354f1d,sha256:edb34de653b4d4b756b3e497b1edc448b941926d02b32f3d93817db66bde9b78,model_input,identity_model_input_v1,-0.168445281626,-0.606291581217,0.36147939043100002,-0.381671547931,-0.39750401667099999,0.36068203830599999,1.685694533285,1.97753642951,-0.487975475682,1.1448500909979999,-1.037486875583,-0.51093057202299996,-0.34888549929599999,2.0622694165,-0.19332940180300001,-0.249781977539
396,1,0.072104109131565411,0.51420450949891838,true,flipguard_tabular_validation_v2,sha256:36b1cc86f8a5b62e055f8beff2a63d05469f9da8e1b767d6693b1273ee354f1d,sha256:edb34de653b4d4b756b3e497b1edc448b941926d02b32f3d93817db66bde9b78,model_input,identity_model_input_v1,-0.168445281626,-0.27394512025700002,0.99371506103700002,0.13691360336399999,-0.39750401667099999,0.43902612137699998,-0.143968939356,0.095946553998999998,-0.487975475682,-0.078573467709999997,-0.54712792248099995,-0.51093057202299996,-0.34888549929599999,-0.0058877266420000003,0.58742402198999999,-0.249781977539
397,1,0.15101578736246024,0.52975011011040463,true,flipguard_tabular_validation_v2,sha256:36b1cc86f8a5b62e055f8beff2a63d05469f9da8e1b767d6693b1273ee354f1d,sha256:edb34de653b4d4b756b3e497b1edc448b941926d02b32f3d93817db66bde9b78,model_input,identity_model_input_v1,-0.168445281626,-0.26780679512,1.223548591233,-0.381671547931,-0.39750401667099999,0.34337346181299999,-2.3193994607240001,-0.59421189454699996,-0.487975475682,0.86023564696099997,0.32021219109900001,-0.51093057202299996,-0.34888549929599999,-1.0627744928639999,0.286683949657,-0.249781977539
406,1,0.25518881418627037,0.55027219639469527,true,flipguard_tabular_validation_v2,sha256:36b1cc86f8a5b62e055f8beff2a63d05469f9da8e1b767d6693b1273ee354f1d,sha256:edb34de653b4d4b756b3e497b1edc448b941926d02b32f3d93817db66bde9b78,model_input,identity_model_input_v1,-0.168445281626,0.90987472749099996,0.22915099425800001,-0.381671547931,1.3292053399329999,1.116793537715,-0.60384403261399999,1.0449144207509999,1.87314364633,0.82340318949699998,1.902304805684,3.485484849923,-0.34888549929599999,-0.149161738111,0.36571053800800002,-0.249781977539
407,1,0.0164585850716788,0.50324234125912071,true,flipguard_tabular_validation_v2,sha256:36b1cc86f8a5b62e055f8beff2a63d05469f9da8e1b767d6693b1273ee354f1d,sha256:edb34de653b4d4b756b3e497b1edc448b941926d02b32f3d93817db66bde9b78,model_input,identity_model_input_v1,-0.168445281626,-0.73870402344700004,0.80799099623299997,-0.381671547931,-0.39750401667099999,-0.38404223972700002,0.78758552762900003,-0.54154190768400001,-0.458476850524,0.55846062615000003,-0.30667252062200001,-0.51093057202299996,-0.28139791571,1.029154571464,-1.070670878024,-0.249781977539
408,1,0.27788618457535202,0.55474357836134436,true,flipguard_tabular_validation_v2,sha256:36b1cc86f8a5b62e055f8beff2a63d05469f9da8e1b767d6693b1273ee354f1d,sha256:edb34de653b4d4b756b3e497b1edc448b941926d02b32f3d93817db66bde9b78,model_input,identity_model_input_v1,-0.168445281626,-0.30551364952999999,1.948646294242,-0.29334111007300001,-0.39750401667099999,-0.23509738412,0.36164774071799999,2.4315880403949999,0.244573715739,0.90167216160700003,-0.31895511482299999,-0.51093057202299996,3.1885886736720002,1.1814233639230001,-1.0479873202559999,-0.249781977539
411,1,0.16240044951643068,0.53199288855473681,true,flipguard_tabular_validation_v2,sha256:36b1cc86f8a5b62e055f8beff2a63d05469f9da8e1b767d6693b1273ee354f1d,sha256:edb34de653b4d4b756b3e497b1edc448b941926d02b32f3d93817db66bde9b78,model_input,identity_model_input_v1,-0.168445281626,1.318511800862,0.65863789411899998,-0.381671547931,-0.39750401667099999,1.036172010369,0.20966762968399999,0.034195534919000001,-0.487975475682,0.94729418278400002,1.215896752835,-0.252083401506,-0.34888549929599999,0.53958149191299998,-0.232842695978,-0.249781977539
414,1,-0.027065962701122492,0.49466800534787886,false,flipguard_tabular_validation_v2,sha256:36b1cc86f8a5b62e055f8beff2a63d05469f9da8e1b767d6693b1273ee354f1d,sha256:edb34de653b4d4b756b3e497b1edc448b941926d02b32f3d93817db66bde9b78,model_input,identity_model_input_v1,-0.168445281626,-0.47914056053300003,-0.21426521046399999,-0.381671547931,-0.39750401667099999,0.021342841282000001,-0.42579613554500001,-0.59421189454699996,-0.487975475682,-0.65617336884499999,-0.63924737898799999,-0.51093057202299996,-0.34888549929599999,-0.088125724256999993,0.31229441810399999,-0.249781977539
415,0,-0.062531307974167102,0.48768133232908906,false,flipguard_tabular_validation_v2,sha256:36b1cc86f8a5b62e055f8beff2a63d05469f9da8e1b767d6693b1273ee354f1d,sha256:edb34de653b4d4b756b3e497b1edc448b941926d02b32f3d93817db66bde9b78,model_input,identity_model_input_v1,-0.168445281626,-0.40986517685000001,0.141705913745,2.8238685356280002,-0.39750401667099999,1.130002714512,0.044899548142999998,0.26303754680500002,-0.26673578699799999,-0.23929691846100001,-0.155502130456,-0.51093057202299996,0.31193042331699999,2.504941138036,0.076678108393999994,-0.249781977539
416,0,0.0092999790235254454,0.50183209586763455,true,flipguard_tabular_validation_v2,sha256:36b1cc86f8a5b62e055f8beff2a63d05469f9da8e1b767d6693b1273ee354f1d,sha256:edb34de653b4d4b756b3e497b1edc448b941926d02b32f3d93817db66bde9b78,model_input,identity_model_input_v1,-0.168445281626,-0.048580897388999997,-0.89215804700099999,-0.381671547931,2.8046696835740001,1.160064978946,0.051293533395999999,-0.072052542028000002,-0.17823991152400001,0.17213837343400001,1.71050737316,1.0319834550939999,-0.34888549929599999,-0.843044842987,1.1823186176260001,-0.249781977539
417,0,-0.14621557091032467,0.47119553253066604,false,flipguard_tabular_validation_v2,sha256:36b1cc86f8a5b62e055f8beff2a63d05469f9da8e1b767d6693b1273ee354f1d,sha256:edb34de653b4d4b756b3e497b1edc448b941926d02b32f3d93817db66bde9b78,model_input,identity_model_input_v1,-0.168445281626,-0.73870402344700004,-0.56868863413299997,-0.381671547931,3.6000121768389999,0.44494747649299998,2.0732684086719999,-0.59421189454699996,-0.487975475682,-1.5694508936839999,0.91639041731799997,-0.51093057202299996,-0.34888549929599999,-0.79036112576499995,2.0355130807399999,-0.249781977539
418,1,-0.068378627575542833,0.48652941036761804,false,flipguard_tabular_validation_v2,sha256:36b1cc86f8a5b62e055f8beff2a63d05469f9da8e1b767d6693b1273ee354f1d,sha256:edb34de653b4d4b756b3e497b1edc448b941926d02b32f3d93817db66bde9b78,model_input,identity_model_input_v1,-0.168445281626,-0.73870402344700004,-0.70875553300600003,-0.18506508947299999,-0.39750401667099999,0.087388725266,0.57560032421200003,-0.55062293990199995,-0.487975475682,0.28556560039599999,-0.96379131037700005,-0.51093057202299996,-0.34888549929599999,0.381530340247,-1.2104308629760001,-0.249781977539
419,1,0.28192898032602515,0.55554000912422696,true,flipguard_tabular_validation_v2,sha256:36b1cc86f8a5b62e055f8beff2a63d05469f9da8e1b767d6693b1273ee354f1d,sha256:edb34de653b4d4b756b3e497b1edc448b941926d02b32f3d93817db66bde9b78,model_input,identity_model_input_v1,-0.168445281626,0.098738905885999997,1.8689397164299999,0.30502637219099998,-0.39750401667099999,-0.238285806106,0.96612526971699997,-0.42530469529699999,1.694922786002,2.3515316235869999,0.88048744965299997,0.90533323237700003,1.26800452412,-0.87131415466700002,-1.0070105707420001,-0.249781977539
422,0,-0.072998018021855737,0.48561939044969443,false,flipguard_tabular_validation_v2,sha256:36b1cc86f8a5b62e055f8beff2a63d05469f9da8e1b767d6693b1273ee354f1d,sha256:edb34de653b4d4b756b3e497b1edc448b941926d02b32f3d93817db66bde9b78,model_input,identity_model_input_v1,-0.168445281626,-0.340589793167,-0.33189045150699997,-0.381671547931,-0.39750401667099999,-0.16085270074499999,0.362631430757,-0.59421189454699996,-0.487975475682,-0.96506375075700002,-0.341158265879,-0.51093057202299996,-0.34888549929599999,0.116184301068,0.193022807909,-0.249781977539
425,1,0.26638494886443109,0.55247783492629288,true,flipguard_tabular_validation_v2,sha256:36b1cc86f8a5b62e055f8beff2a63d05469f9da8e1b767d6693b1273ee354f1d,sha256:edb34de653b4d4b756b3e497b1edc448b941926d02b32f3d93817db66bde9b78,model_input,identity_model_input_v1,-0.168445281626,-0.57121543758000004,1.8929290748000001,-0.381671547931,-0.39750401667099999,0.84122278039999998,0.76594434676900003,1.0866871689519999,-0.487975475682,1.270415286897,0.24509940348500001,0.550342827097,-0.34888549929599999,1.4866034331960001,0.42351702393000001,-0.249781977539
426,1,0.011311610217727405,0.50222838721289231,true,flipguard_tabular_validation_v2,sha256:36b1cc86f8a5b62e055f8beff2a63d05469f9da8e1b767d6693b1273ee354f1d,sha256:edb34de653b4d4b756b3e497b1edc448b941926d02b32f3d93817db66bde9b78,model_input,identity_model_input_v1,-0.168445281626,0.18467545779700001,0.508510941735,-0.381671547931,-0.39750401667099999,-1.769639336837,-1.2884922997949999,-0.59421189454699996,0.325694934923,-0.53856063535300003,-0.13424379433899999,-0.51093057202299996,1.1695851313900001,-1.220183160173,-0.55187596005799999,-0.249781977539
427,0,0.070197035144652517,0.5138288159234965,true,flipguard_tabular_validation_v2,sha256:36b1cc86f8a5b62e055f8beff2a63d05469f9da8e1b767d6693b1273ee354f1d,sha256:edb34de653b4d4b756b3e497b1edc448b941926d02b32f3d93817db66bde9b78,model_input,identity_model_input_v1,-0.168445281626,-0.51158599339699995,0.50773709146500001,-0.381671547931,-0.39750401667099999,-0.144910590817,-0.89747550927099995,-0.59421189454699996,-0.487975475682,0.14744388490800001,0.0013371493420000001,-0.51093057202299996,-0.34888549929599999,-1.3814467336209999,0.20985254431700001,-0.249781977539
428,0,-0.21088428331151632,0.45845579618763127,false,flipguard_tabular_validation_v2,sha256:36b1cc86f8a5b62e055f8beff2a63d05469f9da8e1b767d6693b1273ee354f1d,sha256:edb34de653b4d4b756b3e497b1edc448b941926d02b32f3d93817db66bde9b78,model_input,identity_model_input_v1,-0.168445281626,-0.73870402344700004,-1.1661010425880001,-0.381671547931,2.913489179635,0.025442240977,0.59576597001300002,0.805175170203,-0.487975475682,-1.1140677832229999,0.112825312089,-0.51093057202299996,-0.34888549929599999,1.221899878374,-1.2104308629760001,-0.249781977539
429,1,0.06528921933531194,0.51286197620905649,true,flipguard_tabular_validation_v2,sha256:36b1cc86f8a5b62e055f8beff2a63d05469f9da8e1b767d6693b1273ee354f1d,sha256:edb34de653b4d4b756b3e497b1edc448b941926d02b32f3d93817db66bde9b78,model_input,identity_model_input_v1,-0.168445281626,0.76430873139800004,0.391659550962,-0.381671547931,0.044175114396999997,1.4843730437530001,0.61691530585300003,0.24305927592599999,0.87633593786999997,0.38936616233999999,-0.48240809919099997,0.98298738353199999,-0.34888549929599999,1.6350173195169999,2.4606468569570001,-0.15735720082499999
430,1,0.068510686977995783,0.51349660533466512,true,flipguard_tabular_validation_v2,sha256:36b1cc86f8a5b62e055f8beff2a63d05469f9da8e1b767d6693b1273ee354f1d,sha256:edb34de653b4d4b756b3e497b1edc448b941926d02b32f3d93817db66bde9b78,model_input,identity_model_input_v1,-0.168445281626,0.83972244021800002,2.3982533011229998,1.8636311950419999,1.8556996664600001,0.55517577941899998,-1.5221186840709999,-0.13380356110899999,2.619213040949,1.975254586543,0.305095152082,3.5927215348520001,-0.34888549929599999,0.31663942025399999,0.96645895500300005,0.20832343748000001
436,1,0.39244723173337842,0.57731210465147553,true,flipguard_tabular_validation_v2,sha256:36b1cc86f8a5b62e055f8beff2a63d05469f9da8e1b767d6693b1273ee354f1d,sha256:edb34de653b4d4b756b3e497b1edc448b941926d02b32f3d93817db66bde9b78,model_input,identity_model_input_v1,-0.168445281626,1.7815168968699999,2.1924091292979999,-0.26769678940500002,-0.32869168828000001,0.070991126483999994,1.75356914598,0.057806218685000001,2.9498434645930001,2.5444834746180001,2.7960997375429999,-0.033912214927000001,0.99805418977500004,-0.11575255158,0.55303282150400002,2.0728928459780001
437,0,-0.1653920808179567,0.46741776007886254,false,flipguard_tabular_validation_v2,sha256:36b1cc86f8a5b62e055f8beff2a63d05469f9da8e1b767d6693b1273ee354f1d,sha256:edb34de653b4d4b756b3e497b1edc448b941926d02b32f3d93817db66bde9b78,model_input,identity_model_input_v1,-0.168445281626,-0.73870402344700004,-0.20265745641300001,-0.381671547931,-0.39750401667099999,-1.7213575182,0.60461918036399998,-0.59421189454699996,-0.487975475682,-0.545257445801,-1.0823655851639999,-0.51093057202299996,-0.34888549929599999,0.283872718079,-1.164332019772,-0.249781977539
438,1,0.018027252273029124,0.50355136869778672,true,flipguard_tabular_validation_v2,sha256:36b1cc86f8a5b62e055f8beff2a63d05469f9da8e1b767d6693b1273ee354f1d,sha256:edb34de653b4d4b756b3e497b1edc448b941926d02b32f3d93817db66bde9b78,model_input,identity_model_input_v1,-0.168445281626,-0.110841052345,0.60059912386699998,-0.381671547931,-0.39750401667099999,-0.64959224223000001,-0.70663964169500004,-0.59421189454699996,-0.487975475682,-0.26985111613000001,-0.61137533830099999,-0.51093057202299996,-0.34888549929599999,0.084702567606000007,-0.071862608598000005,-0.249781977539
439,1,0.025350384018090817,0.50499402565156393,true,flipguard_tabular_validation_v2,sha256:36b1cc86f8a5b62e055f8beff2a63d05469f9da8e1b767d6693b1273ee354f1d,sha256:edb34de653b4d4b756b3e497b1edc448b941926d02b32f3d93817db66bde9b78,model_input,identity_model_input_v1,-0.168445281626,2.2664445826519999,-0.256053125045,-0.381671547931,-0.39750401667099999,0.401220546407,0.099494345309999996,-0.59421189454699996,-0.487975475682,0.33035052026700001,0.42839350156200001,-0.111566366082,-0.34888549929599999,-0.111255161086,1.267199027335,-0.249781977539
442,0,-0.046184909748788479,0.49090157277948865,false,flipguard_tabular_validation_v2,sha256:36b1cc86f8a5b62e055f8beff2a63d05469f9da8e1b767d6693b1273ee354f1d,sha256:edb34de653b4d4b756b3e497b1edc448b941926d02b32f3d93817db66bde9b78,model_input,identity_model_input_v1,-0.168445281626,-0.73870402344700004,-1.1661010425880001,-0.381671547931,2.268573636807,-0.181349699222,0.46345965975999998,0.40470164940199999,2.738436650962,-0.36402501305399998,-0.59720311422299999,0.28225111477600001,-0.34888549929599999,-1.3814467336209999,0.519373348688,-0.0086738643709999997
444,0,-0.019480159418248176,0.49616240859460509,false,flipguard_tabular_validation_v2,sha256:36b1cc86f8a5b62e055f8beff2a63d05469f9da8e1b767d6693b1273ee354f1d,sha256:edb34de653b4d4b756b3e497b1edc448b941926d02b32f3d93817db66bde9b78,model_input,identity_model_input_v1,-0.168445281626,-0.061734451252999999,-0.360522911497,-0.381671547931,-0.39750401667099999,-0.781228521344,-0.62548521347300001,-0.59421189454699996,-0.487975475682,-0.19702330250799999,-1.3554171024020001,-0.51093057202299996,-0.34888549929599999,-0.64965705171999999,-0.54748559403899999,-0.249781977539
445,0,-0.17967591625148871,0.46460384449845671,false,flipguard_tabular_validation_v2,sha256:36b1cc86f8a5b62e055f8beff2a63d05469f9da8e1b767d6693b1273ee354f1d,sha256:edb34de653b4d4b756b3e497b1edc448b941926d02b32f3d93817db66bde9b78,model_input,identity_model_input_v1,-0.168445281626,1.5947364320040001,0.82965880379300005,-0.381671547931,-0.39750401667099999,-0.715638126215,0.92333475301800005,-0.57514172688999998,0.27161412213300001,-1.216194142555,-0.43327772238700002,0.40335461240999998,0.30630645801900003,1.126169709275,0.34449043557999998,-0.249781977539
447,1,0.094470272830628893,0.51861064374763388,true,flipguard_tabular_validation_v2,sha256:36b1cc86f8a5b62e055f8beff2a63d05469f9da8e1b767d6693b1273ee354f1d,sha256:edb34de653b4d4b756b3e497b1edc448b941926d02b32f3d93817db66bde9b78,model_input,identity_model_input_v1,-0.168445281626,-0.24851491612000001,0.489938535254,-0.381671547931,-0.39750401667099999,-0.014185289413000001,0.468869954975,-0.59421189454699996,-0.487975475682,0.64635626327899998,-0.73325646537300004,-0.51093057202299996,-0.34888549929599999,0.27166551530799998,0.72645227927300005,-0.249781977539
449,0,-0.13071030857412802,0.4742500692108968,false,flipguard_tabular_validation_v2,sha256:36b1cc86f8a5b62e055f8beff2a63d05469f9da8e1b767d6693b1273ee354f1d,sha256:edb34de653b4d4b756b3e497b1edc448b941926d02b32f3d93817db66bde9b78,model_input,identity_model_input_v1,-0.168445281626,-0.73870402344700004,-1.1661010425880001,-0.381671547931,3.007906095334,1.452033335044,-0.87485063837300003,0.52457127467599995,-0.487975475682,-1.6925047856640001,-0.94111575185200003,1.3315066095500001,-0.34888549929599999,-1.3814467336209999,2.612114484628,-0.249781977539
451,0,-0.11358015639397685,0.47762470919038658,false,flipguard_tabular_validation_v2,sha256:36b1cc86f8a5b62e055f8beff2a63d05469f9da8e1b767d6693b1273ee354f1d,sha256:edb34de653b4d4b756b3e497b1edc448b941926d02b32f3d93817db66bde9b78,model_input,identity_model_input_v1,-0.168445281626,-0.73870402344700004,-1.1661010425880001,-0.381671547931,-0.39750401667099999,0.32105450791500001,2.2670553463659999,-0.25821370249100001,1.8116881772519999,0.29895922129199998,1.401080480789,-0.51093057202299996,2.8567747210409999,0.237613844421,-1.089695797441,-0.249781977539
452,0,-0.053962580742007188,0.4893693715938246,false,flipguard_tabular_validation_v2,sha256:36b1cc86f8a5b62e055f8beff2a63d05469f9da8e1b767d6693b1273ee354f1d,sha256:edb34de653b4d4b756b3e497b1edc448b941926d02b32f3d93817db66bde9b78,model_input,identity_model_input_v1,-0.168445281626,-0.66241341103600004,1.666964795955,-0.14802329295200001,-0.39750401667099999,0.57066240049100003,2.737751030054,-0.098387535459999995,1.7158176454880001,-0.100756652319,0.76663724955900003,-0.51093057202299996,5.9583915833500001,1.6896284898080001,-1.0238403071490001,-0.249781977539
453,0,-0.19025709218041417,0.46251935284045842,false,flipguard_tabular_validation_v2,sha256:36b1cc86f8a5b62e055f8beff2a63d05469f9da8e1b767d6693b1273ee354f1d,sha256:edb34de653b4d4b756b3e497b1edc448b941926d02b32f3d93817db66bde9b78,model_input,identity_model_input_v1,-0.168445281626,0.97915011117499995,0.76388153084099997,-0.381671547931,-0.39750401667099999,-0.38768615056700001,0.65331183729800002,-0.59421189454699996,1.702297442291,-1.409145993586,-0.105426938713,-0.47765022152800002,-0.19141447092899999,0.42393430776699997,1.0813401991789999,-0.249781977539
455,0,-0.056635618086133002,0.48884278323703179,false,flipguard_tabular_validation_v2,sha256:36b1cc86f8a5b62e055f8beff2a63d05469f9da8e1b767d6693b1273ee354f1d,sha256:edb34de653b4d4b756b3e497b1edc448b941926d02b32f3d93817db66bde9b78,model_input,identity_model_input_v1,-0.168445281626,-0.095056787707999996,-0.52535301901200004,-0.381671547931,-0.39750401667099999,-1.173859914411,-0.90190211444699997,-0.59421189454699996,-0.487975475682,-1.5284329296900001,-0.29391751895200002,-0.51093057202299996,-0.34888549929599999,-1.3814467336209999,-0.026495493064000002,-0.249781977539
456,0,-0.12766979727845679,0.47484904993614402,false,flipguard_tabular_validation_v2,sha256:36b1cc86f8a5b62e055f8beff2a63d05469f9da8e1b767d6693b1273ee354f1d,sha256:edb34de653b4d4b756b3e497b1edc448b941926d02b32f3d93817db66bde9b78,model_input,identity_model_input_v1,-0.168445281626,-0.73870402344700004,-1.1661010425880001,-0.381671547931,-0.39750401667099999,1.1072282717590001,0.38574814667500001,-0.59421189454699996,-0.487975475682,-1.681622468687,-0.65956090016699997,-0.51093057202299996,-0.34888549929599999,-0.092623114751000005,-0.13844982655999999,-0.249781977539
457,0,-0.59085626505951105,0.38360131578327633,false,flipguard_tabular_validation_v2,sha256:36b1cc86f8a5b62e055f8beff2a63d05469f9da8e1b767d6693b1273ee354f1d,sha256:edb34de653b4d4b756b3e497b1edc448b941926d02b32f3d93817db66bde9b78,model_input,identity_model_input_v1,10.135025174845,1.333419161908,-1.0755605609959999,-0.381671547931,0.053776834638000003,0.27322817813299999,0.12703766640399999,-0.59421189454699996,-0.487975475682,-0.95250723116699998,-0.17156398441099999,0.47083976758099999,-0.34888549929599999,0.15923075294399999,1.976974867147,0.64633650973500001
465,0,-0.034077329199697706,0.49328676614765954,false,flipguard_tabular_validation_v2,sha256:36b1cc86f8a5b62e055f8beff2a63d05469f9da8e1b767d6693b1273ee354f1d,sha256:edb34de653b4d4b756b3e497b1edc448b941926d02b32f3d93817db66bde9b78,model_input,identity_model_input_v1,-0.168445281626,1.500030844184,2.2690203060299998,-0.381671547931,-0.39750401667099999,-0.077953729122999998,1.934076268146,-0.59421189454699996,0.83700443765999999,0.79201189052200005,1.634922178077,-0.51093057202299996,2.834278859846,0.734254251892,-0.81822483190499995,-0.249781977539
468,1,0.069500967400784999,0.51369169057795461,true,flipguard_tabular_validation_v2,sha256:36b1cc86f8a5b62e055f8beff2a63d05469f9da8e1b767d6693b1273ee354f1d,sha256:edb34de653b4d4b756b3e497b1edc448b941926d02b32f3d93817db66bde9b78,model_input,identity_model_input_v1,-0.168445281626,-0.18362405039099999,0.356062438541,-0.381671547931,-0.39750401667099999,0.71596334525700001,0.66167320262999996,-0.59421189454699996,-0.487975475682,0.66560959331699998,0.17990717272599999,-0.51093057202299996,-0.34888549929599999,0.68092805031299997,0.56839910257199999,-0.249781977539
469,1,0.063533977012779047,0.51251619347151744,true,flipguard_tabular_validation_v2,sha256:36b1cc86f8a5b62e055f8beff2a63d05469f9da8e1b767d6693b1273ee354f1d,sha256:edb34de653b4d4b756b3e497b1edc448b941926d02b32f3d93817db66bde9b78,model_input,identity_model_input_v1,-0.168445281626,-0.57559995553499999,-0.317961146646,-0.381671547931,-0.39750401667099999,-0.47377354417500001,-1.255046838468,-0.59421189454699996,-0.487975475682,0.10307751569,-0.35958215717999997,-0.51093057202299996,-0.34888549929599999,-1.3814467336209999,-0.409189064426,-0.249781977539
470,1,0.037040121187321848,0.50729690387390236,true,flipguard_tabular_validation_v2,sha256:36b1cc86f8a5b62e055f8beff2a63d05469f9da8e1b767d6693b1273ee354f1d,sha256:edb34de653b4d4b756b3e497b1edc448b941926d02b32f3d93817db66bde9b78,model_input,identity_model_input_v1,-0.168445281626,-0.73870402344700004,-0.91459970483200004,1.4960625987939999,-0.39750401667099999,-0.85319576044500001,-0.642207944137,-0.177392515754,-0.44987308485299998,0.64133365544300003,-0.75734924630599998,-0.51093057202299996,-0.34888549929599999,-0.26737885968300001,-1.2104308629760001,-0.249781977539
473,1,0.14539898595707612,0.52864360023354395,true,flipguard_tabular_validation_v2,sha256:36b1cc86f8a5b62e055f8beff2a63d05469f9da8e1b767d6693b1273ee354f1d,sha256:edb34de653b4d4b756b3e497b1edc448b941926d02b32f3d93817db66bde9b78,model_input,identity_model_input_v1,-0.168445281626,0.37934805498200003,0.95579639780600001,-0.381671547931,-0.39750401667099999,-1.8019790455469999,-0.080029086816999995,-0.59421189454699996,0.60961920206800002,0.84265651953499998,0.72789983707899997,0.13803626262999999,0.54813696586799998,-0.60275569370600002,-1.2104308629760001,-0.249781977539
482,1,0.041757956357056189,0.50822631740234003,true,flipguard_tabular_validation_v2,sha256:36b1cc86f8a5b62e055f8beff2a63d05469f9da8e1b767d6693b1273ee354f1d,sha256:edb34de653b4d4b756b3e497b1edc448b941926d02b32f3d93817db66bde9b78,model_input,identity_model_input_v1,-0.168445281626,-0.36514309371300002,-0.71958943678700005,-0.381671547931,-0.39750401667099999,-0.107105015847,-0.377103478612,-0.59421189454699996,-0.487975475682,-0.02123202825,0.62727704612400004,-0.48689476333199999,-0.34888549929599999,-0.32327499868699999,-1.136526368315,-0.249781977539
483,0,-0.039754945287991249,0.49216827577826572,false,flipguard_tabular_validation_v2,sha256:36b1cc86f8a5b62e055f8beff2a63d05469f9da8e1b767d6693b1273ee354f1d,sha256:edb34de653b4d4b756b3e497b1edc448b941926d02b32f3d93817db66bde9b78,model_input,identity_model_input_v1,-0.168445281626,-0.73870402344700004,0.71125971247999997,1.6299829400620001,-0.39750401667099999,-0.52706574021700003,-1.2948862850489999,-0.59421189454699996,-0.487975475682,-0.59673917612000005,-0.83387925632799997,-0.51093057202299996,-0.34888549929599999,-0.15173167553700001,-0.24601379403599999,-0.249781977539
485,1,0.0056824873071858982,0.50111944999951563,true,flipguard_tabular_validation_v2,sha256:36b1cc86f8a5b62e055f8beff2a63d05469f9da8e1b767d6693b1273ee354f1d,sha256:edb34de653b4d4b756b3e497b1edc448b941926d02b32f3d93817db66bde9b78,model_input,identity_model_input_v1,-0.168445281626,-0.53964690830700002,-0.85810863512000002,-0.381671547931,-0.39750401667099999,-0.38130930659599999,-0.73467480780799999,-0.59421189454699996,-0.487975475682,-0.32761110624299999,0.038184931945,-0.51093057202299996,-0.34888549929599999,-1.3814467336209999,-0.0082023013160000009,-0.249781977539
486,1,0.28858862570058458,0.55685195926301512,true,flipguard_tabular_validation_v2,sha256:36b1cc86f8a5b62e055f8beff2a63d05469f9da8e1b767d6693b1273ee354f1d,sha256:edb34de653b4d4b756b3e497b1edc448b941926d02b32f3d93817db66bde9b78,model_input,identity_model_input_v1,-0.168445281626,-0.553677365762,1.986564957473,-0.381671547931,-0.39750401667099999,0.42353950030499998,-0.42825536064300002,-0.465261237055,-0.487975475682,2.270332796905,0.89749411854700001,1.282510537988,-0.34888549929599999,-0.19670558048199999,-0.117229724132,-0.249781977539
487,0,-0.025475723691900844,0.49498128243269551,false,flipguard_tabular_validation_v2,sha256:36b1cc86f8a5b62e055f8beff2a63d05469f9da8e1b767d6693b1273ee354f1d,sha256:edb34de653b4d4b756b3e497b1edc448b941926d02b32f3d93817db66bde9b78,model_input,identity_model_input_v1,-0.168445281626,-0.73870402344700004,0.92252083619500003,-0.381671547931,-0.11585355628000001,1.961725363862,-0.23889502812499999,-0.59421189454699996,-0.27165222452400001,-0.65240641296799995,0.12085623906699999,-0.478574675708,-0.34888549929599999,0.17465037749699999,0.90206692005099998,-0.249781977539
489,0,-0.082621616279545312,0.48372354159292957,false,flipguard_tabular_validation_v2,sha256:36b1cc86f8a5b62e055f8beff2a63d05469f9da8e1b767d6693b1273ee354f1d,sha256:edb34de653b4d4b756b3e497b1edc448b941926d02b32f3d93817db66bde9b78,model_input,identity_model_input_v1,-0.168445281626,2.0945714788309999,0.86293436540400004,-0.381671547931,-0.39750401667099999,-1.0522443901080001,-0.20544956679699999,-0.59421189454699996,-0.487975475682,-0.40462442639500001,0.48602721281299999,-0.19938951322199999,-0.34888549929599999,0.86403609187800001,0.53181271907700001,-0.249781977539
492,0,-0.076829573485750813,0.48486457402330707,false,flipguard_tabular_validation_v2,sha256:36b1cc86f8a5b62e055f8beff2a63d05469f9da8e1b767d6693b1273ee354f1d,sha256:edb34de653b4d4b756b3e497b1edc448b941926d02b32f3d93817db66bde9b78,model_input,identity_model_input_v1,-0.168445281626,-0.73870402344700004,0.51934484551500004,-0.16227013776800001,-0.39750401667099999,-1.5942761276370001,1.236640030457,-0.53700139157500004,-0.487975475682,0.98956779873599998,-1.2850283894800001,-0.51093057202299996,-0.34888549929599999,0.18107522106099999,-1.2104308629760001,-0.249781977539
494,1,0.0034605393287474636,0.5006817262477633,true,flipguard_tabular_validation_v2,sha256:36b1cc86f8a5b62e055f8beff2a63d05469f9da8e1b767d6693b1273ee354f1d,sha256:edb34de653b4d4b756b3e497b1edc448b941926d02b32f3d93817db66bde9b78,model_input,identity_model_input_v1,-0.168445281626,1.0098417368570001,0.092179496464000005,-0.381671547931,-0.39750401667099999,0.020431863572000001,-0.81435370097100002,-0.59421189454699996,-0.487975475682,-0.32384415036600001,-0.46114976307400002,-0.51093057202299996,-0.34888549929599999,-0.76016436101499996,0.88889582199299999,-0.249781977539
496,1,0.014777906084576003,0.50291124749866145,true,flipguard_tabular_validation_v2,sha256:36b1cc86f8a5b62e055f8beff2a63d05469f9da8e1b767d6693b1273ee354f1d,sha256:edb34de653b4d4b756b3e497b1edc448b941926d02b32f3d93817db66bde9b78,model_input,identity_model_input_v1,-0.168445281626,1.407079063546,0.18504152886700001,-0.381671547931,-0.39750401667099999,-0.74160099095300003,-1.21078078671,-0.17557630931000001,-0.487975475682,-0.52684121706999998,-1.778221787398,0.91550222836200001,-0.34888549929599999,-0.15879900345699999,0.78864913121500002,-0.23772657188099999
497,0,-0.19113985225720137,0.46234544910533132,false,flipguard_tabular_validation_v2,sha256:36b1cc86f8a5b62e055f8beff2a63d05469f9da8e1b767d6693b1273ee354f1d,sha256:edb34de653b4d4b756b3e497b1edc448b941926d02b32f3d93817db66bde9b78,model_input,identity_model_input_v1,-0.168445281626,-0.73870402344700004,-1.1661010425880001,-0.381671547931,-0.21347104539299999,0.71186394556199994,1.843576784553,-0.337218682785,-0.487975475682,-1.2480039921820001,0.20352754618900001,-0.51093057202299996,-0.34888549929599999,1.2161175191660001,-0.90603215229400003,-0.249781977539
498,0,-0.083777836936162628,0.48349576612357598,false,flipguard_tabular_validation_v2,sha256:36b1cc86f8a5b62e055f8beff2a63d05469f9da8e1b767d6693b1273ee354f1d,sha256:edb34de653b4d4b756b3e497b1edc448b941926d02b32f3d93817db66bde9b78,model_input,identity_model_input_v1,-0.168445281626,-0.73870402344700004,-1.1661010425880001,-0.381671547931,0.74830126537599995,0.055049016557000001,-0.699261966402,-0.59421189454699996,-0.487975475682,-1.6925047856640001,-0.43847420454899999,-0.51093057202299996,-0.34888549929599999,-0.73767740854300001,0.195217990919,-0.249781977539
