row_id,label,scaled_logit,polynomial_score,plaintext_decision,materialization_schema,source_data_sha256,source_model_sha256,source_feature_space,preprocessing_method,x_0,x_1,x_2,x_3,x_4,x_5,x_6,x_7,x_8,x_9,x_10,x_11,x_12,x_13,x_14,x_15
0,0,-0.20452740929575303,0.45974232309024354,false,flipguard_tabular_validation_v2,sha256:73642b2f1284893070280249ba1c6368177a7658c34031fca7accd8cf9cced0e,sha256:afd5351d9b781a1fad2db90dc7bca0052521a41efd7694c0ade20974824dcb4e,model_input,identity_model_input_v1,-0.168445281626,-0.73870402344700004,-0.68786157571600004,-0.381671547931,-0.39750401667099999,0.11107414573,0.16736895800500001,-0.59421189454699996,-0.487975475682,-0.852892175754,-0.51169736228499996,-0.51093057202299996,-0.34888549929599999,0.177220314923,-1.045792137247,-0.249781977539
1,1,-0.10552714303140456,0.47921585341455081,false,flipguard_tabular_validation_v2,sha256:73642b2f1284893070280249ba1c6368177a7658c34031fca7accd8cf9cced0e,sha256:afd5351d9b781a1fad2db90dc7bca0052521a41efd7694c0ade20974824dcb4e,model_input,identity_model_input_v1,-0.168445281626,-0.63347559253600005,0.13009815969499999,-0.381671547931,-0.39750401667099999,0.25728606820599997,0.023258367283,-0.59421189454699996,-0.487975475682,-0.61055134766899999,-0.133771386869,-0.51093057202299996,-0.34888549929599999,0.111044426217,0.067165648684999996,-0.249781977539
2,1,0.33474087143722847,0.56579391887170571,true,flipguard_tabular_validation_v2,sha256:73642b2f1284893070280249ba1c6368177a7658c34031fca7accd8cf9cced0e,sha256:afd5351d9b781a1fad2db90dc7bca0052521a41efd7694c0ade20974824dcb4e,model_input,identity_model_input_v1,-0.168445281626,-0.351989539849,-0.99508013291399999,-0.381671547931,1.103564914278,1.829178107038,1.238607410535,3.5821548223800002,2.303331929883,1.0711851760710001,-0.129047312177,3.2395800379319999,-0.34888549929599999,0.19135497076300001,1.31037095986,-0.249781977539
3,1,0.13543522179635858,0.52667080170368885,true,flipguard_tabular_validation_v2,sha256:73642b2f1284893070280249ba1c6368177a7658c34031fca7accd8cf9cced0e,sha256:afd5351d9b781a1fad2db90dc7bca0052521a41efd7694c0ade20974824dcb4e,model_input,identity_model_input_v1,-0.168445281626,-0.10294892002599999,0.23921104776800001,-0.381671547931,-0.39750401667099999,2.0601109565570002,1.4441986286970001,0.97499047267399996,-0.458476850524,1.127270963572,1.2409343487060001,-0.51093057202299996,-0.23359421067,2.1997610687629998,0.92767738849799997,-0.249781977539
6,0,-0.23739320266513808,0.45328705275652303,false,flipguard_tabular_validation_v2,sha256:73642b2f1284893070280249ba1c6368177a7658c34031fca7accd8cf9cced0e,sha256:afd5351d9b781a1fad2db90dc7bca0052521a41efd7694c0ade20974824dcb4e,model_input,identity_model_input_v1,-0.168445281626,-0.058226836889000003,-1.163779491778,-0.381671547931,-0.33829340852099998,-0.24511813893199999,-0.65893067480099998,-0.59421189454699996,-0.487975475682,-1.405797588362,-0.79230739903199998,-0.51093057202299996,-0.34888549929599999,-0.69270350359699995,0.48351869286299998,-0.249781977539
7,0,-0.0060244410810983686,0.49881318598162522,false,flipguard_tabular_validation_v2,sha256:73642b2f1284893070280249ba1c6368177a7658c34031fca7accd8cf9cced0e,sha256:afd5351d9b781a1fad2db90dc7bca0052521a41efd7694c0ade20974824dcb4e,model_input,identity_model_input_v1,-0.168445281626,-0.73870402344700004,-1.1661010425880001,-0.381671547931,0.39303761647300001,0.89542595415299997,-0.679588165621,-0.58785517199399995,-0.485517256919,-0.393742109417,0.94804171775900004,-0.20123842158300001,-0.34888549929599999,-1.3814467336209999,1.321346874909,-0.249781977539
9,0,-0.21579601220308317,0.45752838228075859,false,flipguard_tabular_validation_v2,sha256:73642b2f1284893070280249ba1c6368177a7658c34031fca7accd8cf9cced0e,sha256:afd5351d9b781a1fad2db90dc7bca0052521a41efd7694c0ade20974824dcb4e,model_input,identity_model_input_v1,-0.168445281626,0.096108195113999997,-0.88364569403100002,-0.381671547931,-0.39750401667099999,-0.93427277664599995,-0.89747550927099995,-0.59421189454699996,-0.487975475682,-1.551453215605,-0.31045178037600002,-0.51093057202299996,-0.34888549929599999,-1.3814467336209999,0.57791156228100005,-0.249781977539
10,1,0.073736190663227646,0.51452442593836778,true,flipguard_tabular_validation_v2,sha256:73642b2f1284893070280249ba1c6368177a7658c34031fca7accd8cf9cced0e,sha256:afd5351d9b781a1fad2db90dc7bca0052521a41efd7694c0ade20974824dcb4e,model_input,identity_model_input_v1,-0.168445281626,-0.72467356599199995,1.5578519078819999,-0.381671547931,-0.39750401667099999,-0.031493865906,-0.61859938319899999,-0.59421189454699996,-0.487975475682,0.093032300018000003,-1.081893177694,-0.51093057202299996,-0.34888549929599999,0.22347918858099999,-0.126742183841,-0.249781977539
11,0,-0.16824209575390958,0.46687535577762174,false,flipguard_tabular_validation_v2,sha256:73642b2f1284893070280249ba1c6368177a7658c34031fca7accd8cf9cced0e,sha256:afd5351d9b781a1fad2db90dc7bca0052521a41efd7694c0ade20974824dcb4e,model_input,identity_model_input_v1,-0.035361706729999998,1.2045143340419999,-0.48201740388999997,-0.381671547931,-0.39750401667099999,-0.27791333649599997,0.67249379305900003,-0.59421189454699996,-0.487975475682,-0.55948816800300005,0.164790133709,-0.46193450046099999,0.43846964254100002,0.95976626097600004,1.175733068597,-0.249781977539
15,1,0.012346516187558804,0.50243225616071208,true,flipguard_tabular_validation_v2,sha256:73642b2f1284893070280249ba1c6368177a7658c34031fca7accd8cf9cced0e,sha256:afd5351d9b781a1fad2db90dc7bca0052521a41efd7694c0ade20974824dcb4e,model_input,identity_model_input_v1,-0.168445281626,-0.57296924476199995,0.14402746455599999,-0.37312344104200001,-0.39750401667099999,0.62942046279499997,0.43493264862800002,-0.038452722823000003,-0.487975475682,0.34248848920399999,-0.64586108355799998,-0.51093057202299996,-0.34888549929599999,-0.741532314681,1.5298892608329999,-0.249781977539
16,1,0.14099683570882557,0.5277651645055329,true,flipguard_tabular_validation_v2,sha256:73642b2f1284893070280249ba1c6368177a7658c34031fca7accd8cf9cced0e,sha256:afd5351d9b781a1fad2db90dc7bca0052521a41efd7694c0ade20974824dcb4e,model_input,identity_model_input_v1,-0.168445281626,0.084708448431999997,0.780906236782,-0.30473858592600001,0.994745418218,1.60006721294,-0.36234812802600003,2.9809904895670001,4.7369685054090001,-1.327947166905,0.25218551552399998,1.8353341378770001,0.71966790748300002,2.0301451986819998,0.55449627684400005,-0.249781977539
17,0,-0.34719357587534033,0.4317702730999497,false,flipguard_tabular_validation_v2,sha256:73642b2f1284893070280249ba1c6368177a7658c34031fca7accd8cf9cced0e,sha256:afd5351d9b781a1fad2db90dc7bca0052521a41efd7694c0ade20974824dcb4e,model_input,identity_model_input_v1,-0.168445281626,-0.73870402344700004,-1.1661010425880001,-0.381671547931,4.3089391879379999,0.016787952730999998,0.41820991796399998,-0.54608242379299998,-0.487975475682,-1.6925047856640001,-0.17345361428799999,-0.51093057202299996,-0.34888549929599999,-1.3814467336209999,1.567207371998,-0.249781977539
18,0,-0.18316184854347586,0.46394169488422676,false,flipguard_tabular_validation_v2,sha256:73642b2f1284893070280249ba1c6368177a7658c34031fca7accd8cf9cced0e,sha256:afd5351d9b781a1fad2db90dc7bca0052521a41efd7694c0ade20974824dcb4e,model_input,identity_model_input_v1,-0.168445281626,-0.66679792899099999,-0.71339863462599995,0.77232288215,-0.39750401667099999,-1.543716864724,0.50182357128300004,0.797910344429,-0.465851506814,0.060803899736999997,-2.2392914774060002,-0.51093057202299996,1.419851587188,0.68992283130300003,-1.2104308629760001,-0.249781977539
19,1,0.34791470225072657,0.56837074350379579,true,flipguard_tabular_validation_v2,sha256:73642b2f1284893070280249ba1c6368177a7658c34031fca7accd8cf9cced0e,sha256:afd5351d9b781a1fad2db90dc7bca0052521a41efd7694c0ade20974824dcb4e,model_input,identity_model_input_v1,-0.168445281626,-0.36163547934899998,1.680894100815,-0.381671547931,-0.39750401667099999,-0.020106644529,-2.0764280210780002,-0.59421189454699996,-0.487975475682,0.67816611290700002,0.38398719944999998,-0.145771170758,-0.34888549929599999,-0.19156570563100001,-0.29723473093000002,-0.249781977539
20,1,0.77802669875494446,0.65138742191611887,true,flipguard_tabular_validation_v2,sha256:73642b2f1284893070280249ba1c6368177a7658c34031fca7accd8cf9cced0e,sha256:afd5351d9b781a1fad2db90dc7bca0052521a41efd7694c0ade20974824dcb4e,model_input,identity_model_input_v1,-0.168445281626,1.987589240738,2.689994852921,-0.10813212746799999,-0.39750401667099999,-1.568768751753,-1.593436211902,1.705105462978,4.5439983325010003,2.1121206500729999,1.4790277132180001,0.51151575151899997,-0.13236283529099999,-0.41193783986499999,-1.1372580959850001,-0.249781977539
22,0,-0.31580361562204767,0.43791267053077038,false,flipguard_tabular_validation_v2,sha256:73642b2f1284893070280249ba1c6368177a7658c34031fca7accd8cf9cced0e,sha256:afd5351d9b781a1fad2db90dc7bca0052521a41efd7694c0ade20974824dcb4e,model_input,identity_model_input_v1,-0.168445281626,-0.73870402344700004,-1.1661010425880001,-0.381671547931,-0.39750401667099999,0.333808195857,0.36312327577699999,-0.42712090174099998,-0.487975475682,-1.413750050769,-0.38745419786700003,-0.51093057202299996,-0.34888549929599999,0.86082367009600003,-1.1796983008399999,-0.249781977539
23,0,0.0046506821446349583,0.5009161839801376,true,flipguard_tabular_validation_v2,sha256:73642b2f1284893070280249ba1c6368177a7658c34031fca7accd8cf9cced0e,sha256:afd5351d9b781a1fad2db90dc7bca0052521a41efd7694c0ade20974824dcb4e,model_input,identity_model_input_v1,-0.168445281626,-0.73870402344700004,-1.1661010425880001,-0.381671547931,0.152994610457,1.1372905361929999,2.2941068224399999,2.0165848680459999,0.58380790505400004,0.95482809453799999,0.69955538892299995,-0.48412140079100002,-0.34888549929599999,2.3398226584500001,-0.70041667704999999,-0.249781977539
26,0,-0.34309236143035715,0.43257234965609392,false,flipguard_tabular_validation_v2,sha256:73642b2f1284893070280249ba1c6368177a7658c34031fca7accd8cf9cced0e,sha256:afd5351d9b781a1fad2db90dc7bca0052521a41efd7694c0ade20974824dcb4e,model_input,identity_model_input_v1,-0.168445281626,-0.73870402344700004,-1.1661010425880001,-0.381671547931,-0.39750401667099999,1.5331103512449999,0.99219305575200001,0.459187842708,-0.487975475682,-1.5250845244660001,0.072198269731999998,-0.51093057202299996,-0.34888549929599999,1.084408226111,-0.72017332413699997,-0.249781977539
28,1,0.36863509796711114,0.57242073629921997,true,flipguard_tabular_validation_v2,sha256:73642b2f1284893070280249ba1c6368177a7658c34031fca7accd8cf9cced0e,sha256:afd5351d9b781a1fad2db90dc7bca0052521a41efd7694c0ade20974824dcb4e,model_input,identity_model_input_v1,-0.168445281626,1.0335181338120001,0.97978575617700003,-0.381671547931,0.061778268171000003,0.066436237933000006,-1.8506711571150001,-0.051166167927000003,0.78292362487,-0.075225062485999999,0.76805447196700005,2.6876808922230002,-0.34888549929599999,-0.68949108181499996,0.059116644316,0.039547758262
30,0,-0.25130590480485931,0.4505562213071167,false,flipguard_tabular_validation_v2,sha256:73642b2f1284893070280249ba1c6368177a7658c34031fca7accd8cf9cced0e,sha256:afd5351d9b781a1fad2db90dc7bca0052521a41efd7694c0ade20974824dcb4e,model_input,identity_model_input_v1,-0.168445281626,-0.73870402344700004,-1.1661010425880001,-0.381671547931,-0.39750401667099999,-0.39269652797299998,0.306561098531,0.105935689439,-0.487975475682,-0.94246201549499997,-1.018590576812,-0.51093057202299996,-0.34888549929599999,0.96105122968900003,-1.2104308629760001,-0.249781977539
32,0,-0.39168106608982645,0.4230791875067354,false,flipguard_tabular_validation_v2,sha256:73642b2f1284893070280249ba1c6368177a7658c34031fca7accd8cf9cced0e,sha256:afd5351d9b781a1fad2db90dc7bca0052521a41efd7694c0ade20974824dcb4e,model_input,identity_model_input_v1,-0.168445281626,-0.73870402344700004,-1.1661010425880001,-0.381671547931,-0.39750401667099999,0.84122278039999998,1.0738393289929999,-0.59421189454699996,-0.487975475682,-1.635581896857,-0.12196120013800001,-0.51093057202299996,-0.34888549929599999,0.22733409471900001,0.196681446259,-0.249781977539
33,1,0.37797707736948555,0.57424548293473099,true,flipguard_tabular_validation_v2,sha256:73642b2f1284893070280249ba1c6368177a7658c34031fca7accd8cf9cced0e,sha256:afd5351d9b781a1fad2db90dc7bca0052521a41efd7694c0ade20974824dcb4e,model_input,identity_model_input_v1,-0.168445281626,-0.17397811089099999,0.61994538061799997,-0.11668023435700001,-0.17826473784399999,2.3270274256249999,1.802261802913,1.865839733232,1.4921197380410001,2.1510458608010001,0.90741467540200005,0.90903104909900001,0.075723880766000007,2.6128785099059999,0.73450128364199996,-0.249781977539
34,0,-0.16011024270316387,0.46847470007737513,false,flipguard_tabular_validation_v2,sha256:73642b2f1284893070280249ba1c6368177a7658c34031fca7accd8cf9cced0e,sha256:afd5351d9b781a1fad2db90dc7bca0052521a41efd7694c0ade20974824dcb4e,model_input,identity_model_input_v1,-0.168445281626,-0.73870402344700004,-1.1661010425880001,-0.381671547931,0.62347890224799996,0.33153075158200002,0.35869667060100002,-0.59421189454699996,-0.48060081939299998,-0.56158092126799997,0.161955688894,-0.51093057202299996,-0.34888549929599999,-1.3814467336209999,0.82816242538999996,-0.249781977539
38,1,0.47329289165595456,0.59281461756091647,true,flipguard_tabular_validation_v2,sha256:73642b2f1284893070280249ba1c6368177a7658c34031fca7accd8cf9cced0e,sha256:afd5351d9b781a1fad2db90dc7bca0052521a41efd7694c0ade20974824dcb4e,model_input,identity_model_input_v1,-0.168445281626,1.4772313508199999,0.53172644983499995,-0.381671547931,-0.28228337378399998,1.0147640341799999,-1.5614662856329999,2.0883250225659999,0.50268668586999998,0.917995637074,-0.48099087678300001,2.5397682233559999,-0.34888549929599999,0.150878456312,-0.23869651733700001,-0.249781977539
41,0,-0.13885011804935632,0.47265723450730429,false,flipguard_tabular_validation_v2,sha256:73642b2f1284893070280249ba1c6368177a7658c34031fca7accd8cf9cced0e,sha256:afd5351d9b781a1fad2db90dc7bca0052521a41efd7694c0ade20974824dcb4e,model_input,identity_model_input_v1,-0.168445281626,-0.73870402344700004,-1.1661010425880001,-0.381671547931,1.161175235722,0.084200303281000005,-0.23791133808600001,-0.59421189454699996,-0.47937171001099999,-0.61096989832199999,-0.49280106351500003,-0.51093057202299996,-0.34888549929599999,-1.3814467336209999,1.191831077335,-0.249781977539
43,0,-0.026037830903581555,0.49487061792332548,false,flipguard_tabular_validation_v2,sha256:73642b2f1284893070280249ba1c6368177a7658c34031fca7accd8cf9cced0e,sha256:afd5351d9b781a1fad2db90dc7bca0052521a41efd7694c0ade20974824dcb4e,model_input,identity_model_input_v1,-0.168445281626,-0.73870402344700004,-1.1661010425880001,-0.381671547931,2.5662269642659998,1.4087618938119999,1.3433703996940001,-0.59421189454699996,1.1578019862519999,-0.011605363231000001,0.25927162756299998,0.25821530608499998,-0.34888549929599999,-1.3814467336209999,-0.52041167025199997,12.669594419708
45,0,-0.34298133336160447,0.43259406540386197,false,flipguard_tabular_validation_v2,sha256:73642b2f1284893070280249ba1c6368177a7658c34031fca7accd8cf9cced0e,sha256:afd5351d9b781a1fad2db90dc7bca0052521a41efd7694c0ade20974824dcb4e,model_input,identity_model_input_v1,2.6193053925240002,-0.35812786498499999,-1.1661010425880001,-0.381671547931,0.43624535755600002,0.156167542381,0.56281235370500005,-0.59421189454699996,-0.487975475682,-1.4032862844439999,0.32446385832199998,-0.51093057202299996,-0.34888549929599999,0.143811128392,-0.17137757170599999,-0.249781977539
46,1,0.35414984739176486,0.56958984704546967,true,flipguard_tabular_validation_v2,sha256:73642b2f1284893070280249ba1c6368177a7658c34031fca7accd8cf9cced0e,sha256:afd5351d9b781a1fad2db90dc7bca0052521a41efd7694c0ade20974824dcb4e,model_input,identity_model_input_v1,-0.168445281626,-0.73870402344700004,1.6530354910939999,1.228221916256,-0.39750401667099999,0.39712114671100002,0.084738994723999997,3.0845142568489998,2.7372075415800001,1.168288927566,0.27202662923299997,0.63539261169500005,1.7488535571699999,1.469898839931,-0.70553877073899995,-0.249781977539
48,0,-0.17885743253344588,0.46478797237450831,false,flipguard_tabular_validation_v2,sha256:73642b2f1284893070280249ba1c6368177a7658c34031fca7accd8cf9cced0e,sha256:afd5351d9b781a1fad2db90dc7bca0052521a41efd7694c0ade20974824dcb4e,model_input,identity_model_input_v1,-0.168445281626,-0.73870402344700004,-0.333438152047,-0.381671547931,-0.39750401667099999,-1.762807004011,-0.55121661552400003,-0.59421189454699996,-0.487975475682,-1.0303576526239999,-1.0067803900800001,-0.51093057202299996,-0.34888549929599999,-0.70169828458600003,-0.53504622364999999,-0.249781977539
49,0,-0.055238582385898988,0.48911867346814103,false,flipguard_tabular_validation_v2,sha256:73642b2f1284893070280249ba1c6368177a7658c34031fca7accd8cf9cced0e,sha256:afd5351d9b781a1fad2db90dc7bca0052521a41efd7694c0ade20974824dcb4e,model_input,identity_model_input_v1,-0.168445281626,-0.35462025062199998,0.53714340172599995,-0.381671547931,-0.39750401667099999,-0.46739670020399998,2.6123305500740002,0.054173805797999998,2.5688195563040002,0.50823454779099997,1.354312141331,-0.45731222955900003,2.6627479182310001,0.139956222253,-0.80724891685599998,-0.249781977539
55,1,0.33372358551718723,0.56559487725306778,true,flipguard_tabular_validation_v2,sha256:73642b2f1284893070280249ba1c6368177a7658c34031fca7accd8cf9cced0e,sha256:afd5351d9b781a1fad2db90dc7bca0052521a41efd7694c0ade20974824dcb4e,model_input,identity_model_input_v1,-0.168445281626,-0.42564944148700001,0.65399479249900005,-0.381671547931,-0.39750401667099999,-0.026027999645000001,-2.061180825473,-0.59421189454699996,-0.487975475682,0.79661594770499999,1.2149519378960001,-0.51093057202299996,-0.34888549929599999,-0.87966645129900001,-0.88261686685700003,-0.249781977539
56,0,-0.14362435754905117,0.47171785227059587,false,flipguard_tabular_validation_v2,sha256:73642b2f1284893070280249ba1c6368177a7658c34031fca7accd8cf9cced0e,sha256:afd5351d9b781a1fad2db90dc7bca0052521a41efd7694c0ade20974824dcb4e,model_input,identity_model_input_v1,-0.168445281626,0.59331253116799998,-1.1405639836770001,-0.381671547931,-0.39750401667099999,-0.373110507205,-1.3991574291890001,-0.59421189454699996,-0.487975475682,-1.354734408696,-0.161643427556,-0.51093057202299996,-0.34888549929599999,-1.3814467336209999,1.046217271023,-0.249781977539
57,1,0.51961780658291679,0.60180351512676955,true,flipguard_tabular_validation_v2,sha256:73642b2f1284893070280249ba1c6368177a7658c34031fca7accd8cf9cced0e,sha256:afd5351d9b781a1fad2db90dc7bca0052521a41efd7694c0ade20974824dcb4e,model_input,identity_model_input_v1,-0.168445281626,-0.046827090207000002,2.2543171509,-0.381671547931,-0.39750401667099999,0.950540105616,-1.8811655483259999,-0.59421189454699996,-0.487975475682,1.219770657884,2.0596164929510001,0.46344413413699997,-0.34888549929599999,-0.91564557525599999,-0.12747391151099999,-0.249781977539
58,1,0.0010787080277326621,0.50021250547644258,true,flipguard_tabular_validation_v2,sha256:73642b2f1284893070280249ba1c6368177a7658c34031fca7accd8cf9cced0e,sha256:afd5351d9b781a1fad2db90dc7bca0052521a41efd7694c0ade20974824dcb4e,model_input,identity_model_input_v1,-0.168445281626,-0.60979919558100004,-0.74976959731699999,1.253866236925,-0.39750401667099999,0.79248547290799998,0.58297799950499996,-0.172851999645,-0.487975475682,0.72964784322599996,-0.30572770568399998,0.030799577702000001,-0.34888549929599999,0.366110715694,-1.2104308629760001,-0.249781977539
59,1,0.14149454982295034,0.52786309503106854,true,flipguard_tabular_validation_v2,sha256:73642b2f1284893070280249ba1c6368177a7658c34031fca7accd8cf9cced0e,sha256:afd5351d9b781a1fad2db90dc7bca0052521a41efd7694c0ade20974824dcb4e,model_input,identity_model_input_v1,-0.168445281626,-0.73870402344700004,1.164735970712,-0.381671547931,-0.39750401667099999,-0.55393958266599996,0.220980065133,-0.59148758488099995,-0.487975475682,0.88827854071099999,0.083063641524999995,-0.50815720948200005,-0.34888549929599999,0.01145935098,-0.89212932656599997,-0.249781977539
64,1,0.33995599804491583,0.56681417664646117,true,flipguard_tabular_validation_v2,sha256:73642b2f1284893070280249ba1c6368177a7658c34031fca7accd8cf9cced0e,sha256:afd5351d9b781a1fad2db90dc7bca0052521a41efd7694c0ade20974824dcb4e,model_input,identity_model_input_v1,-0.168445281626,-0.43880299535,0.51315404335500003,-0.381671547931,-0.39750401667099999,-0.395884949958,-2.1295472831870002,-0.028463587382999998,-0.487975475682,0.71248726645299998,0.82946744297200004,0.022479490078,-0.34888549929599999,-1.3814467336209999,-1.2104308629760001,-0.249781977539
65,0,-0.042725808522395048,0.49158332770403862,false,flipguard_tabular_validation_v2,sha256:73642b2f1284893070280249ba1c6368177a7658c34031fca7accd8cf9cced0e,sha256:afd5351d9b781a1fad2db90dc7bca0052521a41efd7694c0ade20974824dcb4e,model_input,identity_model_input_v1,-0.168445281626,-0.19677760425499999,1.223548591233,1.544501871167,-0.39750401667099999,-1.7099702968229999,-0.72287052733900004,-0.082041677467999993,-0.48182992877399999,-0.193674897284,-1.422971370507,-0.51093057202299996,0.78996747371800002,0.803642562379,-0.11064417510299999,-0.249781977539
70,1,0.10951571059039408,0.52156934099599639,true,flipguard_tabular_validation_v2,sha256:73642b2f1284893070280249ba1c6368177a7658c34031fca7accd8cf9cced0e,sha256:afd5351d9b781a1fad2db90dc7bca0052521a41efd7694c0ade20974824dcb4e,model_input,identity_model_input_v1,-0.168445281626,-0.33532837162099999,0.89930532809499997,-0.381671547931,-0.39750401667099999,-0.36946659636500001,-1.345054477041,0.69075416426000003,-0.487975475682,-0.24934213413299999,-1.16881615204,0.175938884027,-0.34888549929599999,0.61218222418199997,-0.18015830374399999,-0.249781977539
72,0,-0.16864692266584633,0.46679574271256913,false,flipguard_tabular_validation_v2,sha256:73642b2f1284893070280249ba1c6368177a7658c34031fca7accd8cf9cced0e,sha256:afd5351d9b781a1fad2db90dc7bca0052521a41efd7694c0ade20974824dcb4e,model_input,identity_model_input_v1,-0.168445281626,-0.70187407262799995,-0.41856168174899999,-0.381671547931,-0.39750401667099999,1.196048598497,2.481991619899,-0.59421189454699996,-0.487975475682,0.376391092097,0.195969026681,-0.51093057202299996,-0.34888549929599999,1.007310103347,-0.73992997122500004,-0.249781977539
73,1,0.58355342410491873,0.61416514402408129,true,flipguard_tabular_validation_v2,sha256:73642b2f1284893070280249ba1c6368177a7658c34031fca7accd8cf9cced0e,sha256:afd5351d9b781a1fad2db90dc7bca0052521a41efd7694c0ade20974824dcb4e,model_input,identity_model_input_v1,-0.168445281626,0.76255492421600002,1.5114208916809999,-0.381671547931,-0.39750401667099999,1.846942172386,-0.41497554511500001,-0.481607095047,-0.487975475682,2.1192360111739998,2.7705897342019998,1.567242425556,-0.34888549929599999,-0.98439140138699999,-0.33674802510500002,-0.249781977539
75,0,-0.17029469578707956,0.46647169930771171,false,flipguard_tabular_validation_v2,sha256:73642b2f1284893070280249ba1c6368177a7658c34031fca7accd8cf9cced0e,sha256:afd5351d9b781a1fad2db90dc7bca0052521a41efd7694c0ade20974824dcb4e,model_input,identity_model_input_v1,-0.168445281626,-0.73870402344700004,-1.1661010425880001,-0.381671547931,-0.39750401667099999,0.95964988271700002,1.6552001420739999,1.4145124320110001,-0.28517242772200002,-0.145960122843,-0.011890259798,-0.51093057202299996,-0.34888549929599999,2.407283515869,-1.128477363946,-0.249781977539
77,0,-0.39533668416416623,0.42236582363088099,false,flipguard_tabular_validation_v2,sha256:73642b2f1284893070280249ba1c6368177a7658c34031fca7accd8cf9cced0e,sha256:afd5351d9b781a1fad2db90dc7bca0052521a41efd7694c0ade20974824dcb4e,model_input,identity_model_input_v1,-0.168445281626,-0.73870402344700004,-1.1661010425880001,-0.381671547931,2.516618076356,0.242254935989,1.0935131297739999,-0.57060121078100001,-0.487975475682,-1.687063627176,0.15014550216200001,-0.51093057202299996,-0.34888549929599999,-0.056643990795000002,0.55888664286400003,-0.249781977539
78,0,-0.055017512737783408,0.48916221612657146,false,flipguard_tabular_validation_v2,sha256:73642b2f1284893070280249ba1c6368177a7658c34031fca7accd8cf9cced0e,sha256:afd5351d9b781a1fad2db90dc7bca0052521a41efd7694c0ade20974824dcb4e,model_input,identity_model_input_v1,-0.168445281626,-0.73870402344700004,0.47678308066399999,-0.381671547931,-0.39750401667099999,-1.707692852548,-0.091341522265999994,-0.59421189454699996,-0.487975475682,0.054525639942,-1.910968286263,-0.51093057202299996,-0.34888549929599999,0.18557261155499999,-1.2104308629760001,-0.249781977539
79,0,-0.13087325899900437,0.47422693426641166,false,flipguard_tabular_validation_v2,sha256:73642b2f1284893070280249ba1c6368177a7658c34031fca7accd8cf9cced0e,sha256:afd5351d9b781a1fad2db90dc7bca0052521a41efd7694c0ade20974824dcb4e,model_input,identity_model_input_v1,-0.168445281626,-0.73870402344700004,-0.106700022931,-0.381671547931,-0.39750401667099999,-1.590176727941,-0.83747041688900004,-0.59421189454699996,-0.487975475682,-0.81857102220800004,-1.4867463788590001,-0.51093057202299996,-0.34888549929599999,-0.83790496813600002,-0.72017332413699997,-0.249781977539
80,0,-0.18125166272146337,0.46431724048216622,false,flipguard_tabular_validation_v2,sha256:73642b2f1284893070280249ba1c6368177a7658c34031fca7accd8cf9cced0e,sha256:afd5351d9b781a1fad2db90dc7bca0052521a41efd7694c0ade20974824dcb4e,model_input,identity_model_input_v1,-0.168445281626,-0.73870402344700004,-0.516066815771,-0.381671547931,-0.39750401667099999,-1.78968084646,-0.20594141181600001,-0.59421189454699996,-0.487975475682,-0.77253045037800006,-1.07150021337,-0.51093057202299996,-0.34888549929599999,-0.119607457719,-1.1943328542380001,-0.249781977539
81,0,-0.3650039778671178,0.42828873121966327,false,flipguard_tabular_validation_v2,sha256:73642b2f1284893070280249ba1c6368177a7658c34031fca7accd8cf9cced0e,sha256:afd5351d9b781a1fad2db90dc7bca0052521a41efd7694c0ade20974824dcb4e,model_input,identity_model_input_v1,0.36388901796000001,0.28551937075299999,-0.67238457031499999,-0.381671547931,2.8974863125670001,0.307845331118,1.2287705101440001,-0.59421189454699996,-0.487975475682,-1.6071204524530001,0.78317151098399995,-0.51093057202299996,-0.34888549929599999,1.6151003044700001,0.053994550625999997,-0.249781977539
82,1,-0.0024633088174374424,0.49951472822275317,false,flipguard_tabular_validation_v2,sha256:73642b2f1284893070280249ba1c6368177a7658c34031fca7accd8cf9cced0e,sha256:afd5351d9b781a1fad2db90dc7bca0052521a41efd7694c0ade20974824dcb4e,model_input,identity_model_input_v1,-0.168445281626,-0.39495781580400002,-0.58261793899299996,-0.381671547931,-0.39750401667099999,0.335174662422,-0.71401731698799997,-0.59421189454699996,-0.487975475682,-0.245156627603,0.26163366491000001,-0.51093057202299996,-0.34888549929599999,-1.3814467336209999,0.14107014334599999,-0.249781977539
84,0,-0.13625442107651631,0.47316799744689841,false,flipguard_tabular_validation_v2,sha256:73642b2f1284893070280249ba1c6368177a7658c34031fca7accd8cf9cced0e,sha256:afd5351d9b781a1fad2db90dc7bca0052521a41efd7694c0ade20974824dcb4e,model_input,identity_model_input_v1,-0.168445281626,0.38373257293700003,-1.1661010425880001,-0.381671547931,-0.39750401667099999,-0.59128966878199996,-1.936744035532,-0.59421189454699996,-0.487975475682,-1.4698358382700001,-0.54334866272600002,-0.51093057202299996,-0.34888549929599999,-1.3814467336209999,0.32327033315300002,-0.249781977539
87,1,-0.039892454390670455,0.49214144042570895,false,flipguard_tabular_validation_v2,sha256:73642b2f1284893070280249ba1c6368177a7658c34031fca7accd8cf9cced0e,sha256:afd5351d9b781a1fad2db90dc7bca0052521a41efd7694c0ade20974824dcb4e,model_input,identity_model_input_v1,-0.168445281626,-0.41249588762299999,0.60756377629699998,-0.381671547931,-0.39750401667099999,1.098118494657,1.2617241264529999,-0.58694706877299996,-0.487975475682,0.18218358910599999,0.55121944357200003,-0.51093057202299996,-0.34888549929599999,1.470541324287,0.57864328995100001,-0.249781977539
89,1,0.31458471537657123,0.56184865925696836,true,flipguard_tabular_validation_v2,sha256:73642b2f1284893070280249ba1c6368177a7658c34031fca7accd8cf9cced0e,sha256:afd5351d9b781a1fad2db90dc7bca0052521a41efd7694c0ade20974824dcb4e,model_input,identity_model_input_v1,-0.168445281626,-0.44494132048700002,1.09431559614,-0.270546158368,-0.258279073182,0.90408024239899998,-1.070604956145,1.984801255284,0.68336576496199997,0.239106477914,-1.8122351251860001,2.4334559926080002,-0.34888549929599999,0.61667961467700005,1.919900108894,-0.12119098385
90,0,-0.018695422214876706,0.4963170279612763,false,flipguard_tabular_validation_v2,sha256:73642b2f1284893070280249ba1c6368177a7658c34031fca7accd8cf9cced0e,sha256:afd5351d9b781a1fad2db90dc7bca0052521a41efd7694c0ade20974824dcb4e,model_input,identity_model_input_v1,-0.168445281626,0.112769363341,1.6491662397439999,-0.381671547931,-0.39750401667099999,-0.78806085417000005,0.17917323847300001,-0.59421189454699996,0.30602918481800001,-0.29538270596299998,-0.67467793918399999,-0.51093057202299996,-0.28983386365800001,1.534147275567,-0.35138257850299998,-0.249781977539
92,0,-0.11436805143080588,0.47747547762799925,false,flipguard_tabular_validation_v2,sha256:73642b2f1284893070280249ba1c6368177a7658c34031fca7accd8cf9cced0e,sha256:afd5351d9b781a1fad2db90dc7bca0052521a41efd7694c0ade20974824dcb4e,model_input,identity_model_input_v1,-0.168445281626,-0.73870402344700004,-0.052530504029000002,-0.381671547931,-0.39750401667099999,-1.6384585465779999,0.92431844305699995,-0.59421189454699996,-0.487975475682,0.18929895020699999,-1.204246712235,-0.51093057202299996,-0.34888549929599999,0.52287689864700004,-1.2104308629760001,-0.249781977539
93,1,0.084492925395187768,0.51664269350447456,true,flipguard_tabular_validation_v2,sha256:73642b2f1284893070280249ba1c6368177a7658c34031fca7accd8cf9cced0e,sha256:afd5351d9b781a1fad2db90dc7bca0052521a41efd7694c0ade20974824dcb4e,model_input,identity_model_input_v1,-0.168445281626,1.2194216950879999,1.160092869092,-0.381671547931,-0.39750401667099999,-0.52342182937699999,-0.51236085898200001,-0.59421189454699996,-0.487975475682,-0.221299240382,0.65420427187300001,0.15467643787800001,-0.34888549929599999,0.33655643530099999,-0.63602464209800003,-0.249781977539
95,0,-0.13054931746103579,0.47429068433314953,false,flipguard_tabular_validation_v2,sha256:73642b2f1284893070280249ba1c6368177a7658c34031fca7accd8cf9cced0e,sha256:afd5351d9b781a1fad2db90dc7bca0052521a41efd7694c0ade20974824dcb4e,model_input,identity_model_input_v1,-0.168445281626,-0.73870402344700004,-0.050208953218999999,-0.381671547931,-0.39750401667099999,-1.7810265582139999,0.13638272177499999,-0.59421189454699996,-0.487975475682,-0.33640066995599999,-1.217001713905,-0.51093057202299996,-0.34888549929599999,0.159873237301,-1.2104308629760001,-0.249781977539
96,1,-0.066315651229951075,0.48693698327045803,false,flipguard_tabular_validation_v2,sha256:73642b2f1284893070280249ba1c6368177a7658c34031fca7accd8cf9cced0e,sha256:afd5351d9b781a1fad2db90dc7bca0052521a41efd7694c0ade20974824dcb4e,model_input,identity_model_input_v1,-0.168445281626,-0.73870402344700004,0.72286746653,3.245575142176,-0.39750401667099999,0.50325004994099998,1.700449883871,-0.45254779195,-0.487975475682,0.75392378109900005,0.82285373840200005,-0.51093057202299996,-0.34888549929599999,0.82805696792100003,-0.27894153918199999,-0.249781977539
99,0,-0.031643542660970844,0.49376634883625153,false,flipguard_tabular_validation_v2,sha256:73642b2f1284893070280249ba1c6368177a7658c34031fca7accd8cf9cced0e,sha256:afd5351d9b781a1fad2db90dc7bca0052521a41efd7694c0ade20974824dcb4e,model_input,identity_model_input_v1,-0.168445281626,1.9981120838290001,1.1887253290819999,-0.381671547931,-0.39750401667099999,-1.3355584579590001,0.12605397636499999,-0.59057948165999996,-0.48182992877399999,-0.34519023366899998,-0.075192860680000001,-0.51093057202299996,-0.073311199652999995,0.41558201113400001,1.0220702579159999,-0.249781977539
102,1,0.2338572827511905,0.54601872680431029,true,flipguard_tabular_validation_v2,sha256:73642b2f1284893070280249ba1c6368177a7658c34031fca7accd8cf9cced0e,sha256:afd5351d9b781a1fad2db90dc7bca0052521a41efd7694c0ade20974824dcb4e,model_input,identity_model_input_v1,-0.168445281626,0.88532142694600002,-1.1661010425880001,-0.381671547931,-0.39750401667099999,-0.076131773702,-0.44399440126700002,1.8113535399259999,-0.487975475682,1.3449173031299999,-0.500831990492,-0.101397370098,-0.34888549929599999,-0.58155370994599997,-0.81237101054600003,-0.249781977539
103,1,0.67330940893169078,0.63142098623494147,true,flipguard_tabular_validation_v2,sha256:73642b2f1284893070280249ba1c6368177a7658c34031fca7accd8cf9cced0e,sha256:afd5351d9b781a1fad2db90dc7bca0052521a41efd7694c0ade20974824dcb4e,model_input,identity_model_input_v1,-0.168445281626,-0.32655933571200002,2.2976527660210002,-0.381671547931,-0.37349971606999999,1.544953061477,-1.6480310090700001,-0.59421189454699996,-0.202822099156,2.3419049585680001,2.5830439689019999,-0.23729213461900001,-0.34888549929599999,-0.22947228265700001,0.57717983461099998,-0.137264858061
104,1,0.044678842532916194,0.50880137522754665,true,flipguard_tabular_validation_v2,sha256:73642b2f1284893070280249ba1c6368177a7658c34031fca7accd8cf9cced0e,sha256:afd5351d9b781a1fad2db90dc7bca0052521a41efd7694c0ade20974824dcb4e,model_input,identity_model_input_v1,-0.168445281626,1.158038443723,0.45124602175299999,-0.381671547931,-0.39750401667099999,-1.2695125739749999,-1.1291345134690001,-0.59421189454699996,-0.487975475682,-0.36276936109500002,0.178489950318,-0.51093057202299996,-0.34888549929599999,0.172722924428,-0.115766268792,-0.249781977539
105,1,0.022165504398756808,0.50436656080605602,true,flipguard_tabular_validation_v2,sha256:73642b2f1284893070280249ba1c6368177a7658c34031fca7accd8cf9cced0e,sha256:afd5351d9b781a1fad2db90dc7bca0052521a41efd7694c0ade20974824dcb4e,model_input,identity_model_input_v1,-0.168445281626,-0.73870402344700004,1.433262014409,2.3565720256690001,-0.39750401667099999,0.618488730273,1.5848663042819999,1.0567197626339999,2.8724095735540001,0.73006639387899996,1.1379495204050001,-0.51093057202299996,4.546776293342,1.36388892113,-0.83944493433199996,-0.249781977539
106,1,0.1926696400614292,0.53792731027841101,true,flipguard_tabular_validation_v2,sha256:73642b2f1284893070280249ba1c6368177a7658c34031fca7accd8cf9cced0e,sha256:afd5351d9b781a1fad2db90dc7bca0052521a41efd7694c0ade20974824dcb4e,model_input,identity_model_input_v1,-0.168445281626,0.624881060441,-0.534639222252,-0.381671547931,-0.39750401667099999,-0.36764464094400001,-2.4640018964650001,-0.59421189454699996,-0.487975475682,0.127772004217,0.27391625911099998,-0.51093057202299996,-0.34888549929599999,-1.1141732413729999,-0.76334525666200004,-0.249781977539
111,1,0.3351312822466635,0.56587030423549722,true,flipguard_tabular_validation_v2,sha256:73642b2f1284893070280249ba1c6368177a7658c34031fca7accd8cf9cced0e,sha256:afd5351d9b781a1fad2db90dc7bca0052521a41efd7694c0ade20974824dcb4e,model_input,identity_model_input_v1,-0.168445281626,3.1301946197119999,0.65244709195899997,-0.381671547931,-0.39750401667099999,-1.8019790455469999,0.34295762997599999,-0.59421189454699996,-0.487975475682,1.5675862505239999,2.2655861495530001,0.55866291471999996,-0.34888549929599999,0.24018378184600001,-0.52846067462099999,-0.249781977539
112,1,0.12549308586479674,0.52471423259658523,true,flipguard_tabular_validation_v2,sha256:73642b2f1284893070280249ba1c6368177a7658c34031fca7accd8cf9cced0e,sha256:afd5351d9b781a1fad2db90dc7bca0052521a41efd7694c0ade20974824dcb4e,model_input,identity_model_input_v1,-0.168445281626,-0.70099716903700005,-1.1219915771969999,2.8495128562960002,-0.186266171378,1.01112012334,-0.547281855368,0.49460386835699999,0.44491854493600003,0.65849423221600001,1.6949179266750001,-0.31679519413500001,-0.34888549929599999,-1.2323903629440001,-0.041861774131999999,-0.249781977539
117,0,0.049898355011174664,0.50982947898035624,true,flipguard_tabular_validation_v2,sha256:73642b2f1284893070280249ba1c6368177a7658c34031fca7accd8cf9cced0e,sha256:afd5351d9b781a1fad2db90dc7bca0052521a41efd7694c0ade20974824dcb4e,model_input,identity_model_input_v1,-0.168445281626,-0.73870402344700004,-0.40385852661799998,-0.27339552733099998,-0.39750401667099999,-0.394518483393,-0.74795462333499996,0.37110183019600002,-0.487975475682,0.19599576065499999,-0.67373312424499998,-0.51093057202299996,-0.34888549929599999,0.56335341309800002,-1.2104308629760001,-0.249781977539
119,1,0.36086824642191545,0.57090306698902393,true,flipguard_tabular_validation_v2,sha256:73642b2f1284893070280249ba1c6368177a7658c34031fca7accd8cf9cced0e,sha256:afd5351d9b781a1fad2db90dc7bca0052521a41efd7694c0ade20974824dcb4e,model_input,identity_model_input_v1,-0.168445281626,0.17766022907000001,1.209619286373,-0.36172596518900002,0.15139432375100001,2.401727597856,-0.61318908798500005,2.1636975899730002,2.3488089770010001,0.027319847498,0.62680463865500002,2.5443904942579998,0.14039948170300001,1.613815335757,-0.158206473647,-0.249781977539
120,1,-0.18273582031583652,0.46402545133360595,false,flipguard_tabular_validation_v2,sha256:73642b2f1284893070280249ba1c6368177a7658c34031fca7accd8cf9cced0e,sha256:afd5351d9b781a1fad2db90dc7bca0052521a41efd7694c0ade20974824dcb4e,model_input,identity_model_input_v1,-0.168445281626,-0.356374057804,-0.774532805958,-0.381671547931,-0.39750401667099999,1.270748770727,0.77479755712099996,-0.024831174495999999,-0.487975475682,-0.69886553545100005,0.096291050665000003,-0.51093057202299996,-0.34888549929599999,0.56335341309800002,-0.86505540277899995,2.486795106917
124,1,0.24355981923050396,0.54792349116465133,true,flipguard_tabular_validation_v2,sha256:73642b2f1284893070280249ba1c6368177a7658c34031fca7accd8cf9cced0e,sha256:afd5351d9b781a1fad2db90dc7bca0052521a41efd7694c0ade20974824dcb4e,model_input,identity_model_input_v1,-0.168445281626,-0.73870402344700004,1.673929448385,-0.26769678940500002,-0.39750401667099999,0.110618656875,-0.25512591376900001,1.4581013866570001,0.28636343471199999,0.39815572605299998,-0.071886008395000006,0.81658563105699999,-0.23359421067,1.513587776164,0.277903217619,-0.249781977539
125,0,-0.45664158174668062,0.41042248680868892,false,flipguard_tabular_validation_v2,sha256:73642b2f1284893070280249ba1c6368177a7658c34031fca7accd8cf9cced0e,sha256:afd5351d9b781a1fad2db90dc7bca0052521a41efd7694c0ade20974824dcb4e,model_input,identity_model_input_v1,3.9431367428119999,2.257675546742,0.061999335932999999,-0.381671547931,-0.33029197498700003,-0.51886694082600004,1.6448713966640001,-0.027555484161,-0.355231662472,-1.3091123875199999,0.98111024060800001,-0.51093057202299996,6.1046146811190001,1.392158232811,0.31083096276400002,-0.249781977539
126,1,0.30035660279029086,0.55906186516069645,true,flipguard_tabular_validation_v2,sha256:73642b2f1284893070280249ba1c6368177a7658c34031fca7accd8cf9cced0e,sha256:afd5351d9b781a1fad2db90dc7bca0052521a41efd7694c0ade20974824dcb4e,model_input,identity_model_input_v1,-0.168445281626,-0.73870402344700004,1.09818484749,0.68399244429200001,-0.39750401667099999,-0.44826616829100002,-1.7050850313349999,-0.59421189454699996,-0.487975475682,1.0025428689789999,0.41941775964599998,-0.51093057202299996,-0.34888549929599999,-0.98696133881299997,-0.81749310423499999,-0.249781977539
127,1,-0.02824589390936762,0.49443564904159981,false,flipguard_tabular_validation_v2,sha256:73642b2f1284893070280249ba1c6368177a7658c34031fca7accd8cf9cced0e,sha256:afd5351d9b781a1fad2db90dc7bca0052521a41efd7694c0ade20974824dcb4e,model_input,identity_model_input_v1,-0.168445281626,-0.73870402344700004,-0.64297826005500003,-0.381671547931,-0.39750401667099999,-0.80354747524199999,-1.266359273917,-0.59421189454699996,-0.487975475682,-0.60552873983300004,-0.129047312177,-0.32511528175900001,-0.34888549929599999,-1.3814467336209999,-0.55114423238800003,-0.249781977539
130,0,0.051821172430343135,0.51020821431944241,true,flipguard_tabular_validation_v2,sha256:73642b2f1284893070280249ba1c6368177a7658c34031fca7accd8cf9cced0e,sha256:afd5351d9b781a1fad2db90dc7bca0052521a41efd7694c0ade20974824dcb4e,model_input,identity_model_input_v1,-0.168445281626,-0.73870402344700004,-1.1661010425880001,-0.381671547931,0.532262559962,0.82710262589299999,0.34197393993699998,0.62173831940500002,0.079873058607000003,0.357556312712,0.86111874341299999,-0.51093057202299996,-0.34888549929599999,-1.3814467336209999,1.9703893181180001,-0.249781977539
132,0,-0.014395467116602933,0.49716410491068952,false,flipguard_tabular_validation_v2,sha256:73642b2f1284893070280249ba1c6368177a7658c34031fca7accd8cf9cced0e,sha256:afd5351d9b781a1fad2db90dc7bca0052521a41efd7694c0ade20974824dcb4e,model_input,identity_model_input_v1,-0.168445281626,-0.73870402344700004,-0.350462857987,-0.381671547931,-0.39750401667099999,-0.27244747023600002,-0.48580122792699998,-0.59421189454699996,-0.487975475682,-0.13926331239500001,-0.30383807580700001,-0.51093057202299996,-0.34888549929599999,-1.119313116224,0.58522883898,-0.249781977539
134,1,0.66436545587970464,0.62970704043148995,true,flipguard_tabular_validation_v2,sha256:73642b2f1284893070280249ba1c6368177a7658c34031fca7accd8cf9cced0e,sha256:afd5351d9b781a1fad2db90dc7bca0052521a41efd7694c0ade20974824dcb4e,model_input,identity_model_input_v1,-0.168445281626,0.082954641250000002,1.851141160219,-0.381671547931,-0.39750401667099999,0.64581806157699995,-2.056262375277,-0.59421189454699996,-0.487975475682,1.859316055663,0.56491926018100003,2.5601062153249998,-0.34888549929599999,-0.75887939230300006,0.67962170839900005,0.43737614498900002
136,0,-0.057702490685407601,0.48863337783461758,false,flipguard_tabular_validation_v2,sha256:73642b2f1284893070280249ba1c6368177a7658c34031fca7accd8cf9cced0e,sha256:afd5351d9b781a1fad2db90dc7bca0052521a41efd7694c0ade20974824dcb4e,model_input,identity_model_input_v1,-0.168445281626,3.4441261052629999,0.14634901536600001,-0.381671547931,-0.39750401667099999,0.030908107237999999,0.93907379364300003,-0.59421189454699996,-0.487975475682,-0.24180822237899999,1.4119458525819999,-0.51093057202299996,-0.34888549929599999,0.29029756164300002,1.579646742387,-0.249781977539
140,0,-0.15786019108669619,0.46891727775869363,false,flipguard_tabular_validation_v2,sha256:73642b2f1284893070280249ba1c6368177a7658c34031fca7accd8cf9cced0e,sha256:afd5351d9b781a1fad2db90dc7bca0052521a41efd7694c0ade20974824dcb4e,model_input,identity_model_input_v1,-0.168445281626,-0.58787660580800005,-0.10824772347100001,-0.381671547931,-0.39750401667099999,-1.3241712365830001,-0.49317890322000002,-0.59421189454699996,-0.487975475682,-1.020312436952,-0.65908849269799996,-0.51093057202299996,-0.34888549929599999,-1.1173856631550001,-0.093814438695000002,-0.249781977539
149,0,-0.097482379000135927,0.48079967676472091,false,flipguard_tabular_validation_v2,sha256:73642b2f1284893070280249ba1c6368177a7658c34031fca7accd8cf9cced0e,sha256:afd5351d9b781a1fad2db90dc7bca0052521a41efd7694c0ade20974824dcb4e,model_input,identity_model_input_v1,-0.168445281626,0.80026177862600001,-0.69637392868600001,-0.381671547931,-0.39750401667099999,-0.403628260495,-0.73369111776899998,-0.59421189454699996,-0.487975475682,-0.69300582630899998,-0.45784291078900002,-0.51093057202299996,-0.34888549929599999,-0.80064087546600005,-0.023568582384,-0.249781977539
153,1,-0.036494447971770774,0.4928107881693144,false,flipguard_tabular_validation_v2,sha256:73642b2f1284893070280249ba1c6368177a7658c34031fca7accd8cf9cced0e,sha256:afd5351d9b781a1fad2db90dc7bca0052521a41efd7694c0ade20974824dcb4e,model_input,identity_model_input_v1,-0.168445281626,-0.58436899144400001,-1.1661010425880001,2.3451745498159999,-0.39750401667099999,0.34883932807399998,-0.78582668983899995,0.82606154430400003,-0.487975475682,-0.027510288045000001,-0.043541560239,-0.51093057202299996,-0.34888549929599999,-0.12153491078799999,-1.0757929717129999,-0.249781977539
156,1,0.24169411904986907,0.54755726619257483,true,flipguard_tabular_validation_v2,sha256:73642b2f1284893070280249ba1c6368177a7658c34031fca7accd8cf9cced0e,sha256:afd5351d9b781a1fad2db90dc7bca0052521a41efd7694c0ade20974824dcb4e,model_input,identity_model_input_v1,-0.168445281626,-0.674690061309,-0.47040964984,0.43039860657000001,-0.23587505928800001,1.006109745934,-0.58023547167599998,3.6429977382379999,1.25735984616,0.75852783828199999,0.93292467874200002,-0.34452881954800002,2.3899856012380001,0.95462638612499995,0.44254194334800001,-0.249781977539
159,1,0.29361992055083869,0.55774186933364578,true,flipguard_tabular_validation_v2,sha256:73642b2f1284893070280249ba1c6368177a7658c34031fca7accd8cf9cced0e,sha256:afd5351d9b781a1fad2db90dc7bca0052521a41efd7694c0ade20974824dcb4e,model_input,identity_model_input_v1,-0.168445281626,0.24956632352499999,0.153313667796,-0.381671547931,-0.39750401667099999,0.441303565653,-0.218237537304,-0.45163968872900001,-0.487975475682,1.2549289127359999,1.0127615410490001,0.70657558358700001,-0.34888549929599999,-1.2876440175920001,0.45132267538699999,-0.249781977539
160,1,-0.032574268816098914,0.4935830072992386,false,flipguard_tabular_validation_v2,sha256:73642b2f1284893070280249ba1c6368177a7658c34031fca7accd8cf9cced0e,sha256:afd5351d9b781a1fad2db90dc7bca0052521a41efd7694c0ade20974824dcb4e,model_input,identity_model_input_v1,-0.168445281626,-0.73870402344700004,1.0610400345290001,1.4105815298990001,-0.39750401667099999,-1.1907130020479999,2.2345935750770001,-0.243684050943,-0.487975475682,0.98538229220600004,0.58712241123700004,-0.51093057202299996,-0.34888549929599999,1.1615063488749999,-0.84822566637100005,-0.249781977539
161,0,-0.20967714354198949,0.45873047612913137,false,flipguard_tabular_validation_v2,sha256:73642b2f1284893070280249ba1c6368177a7658c34031fca7accd8cf9cced0e,sha256:afd5351d9b781a1fad2db90dc7bca0052521a41efd7694c0ade20974824dcb4e,model_input,identity_model_input_v1,-0.168445281626,-0.64925985717199997,1.6127952770530001,-0.381671547931,-0.39750401667099999,-0.27381393680100002,2.358538519998,-0.51520691425300003,0.01964669891,-0.38620819766300002,0.32399145085300002,-0.51093057202299996,1.473279257527,1.813627970587,0.42790738994999999,-0.249781977539
162,1,0.15868505074389422,0.53124497163819751,true,flipguard_tabular_validation_v2,sha256:73642b2f1284893070280249ba1c6368177a7658c34031fca7accd8cf9cced0e,sha256:afd5351d9b781a1fad2db90dc7bca0052521a41efd7694c0ade20974824dcb4e,model_input,identity_model_input_v1,-0.168445281626,1.8876222313719999,-0.46886194930000002,2.8609103321489999,-0.39750401667099999,1.100395938933,-0.66827573017200004,2.1500760416459999,-0.487975475682,0.77903682027900001,0.33154997036099998,-0.51093057202299996,-0.34888549929599999,-0.14337937890399999,2.098441660352,-0.249781977539
163,0,-0.31822056936470861,0.43743944540712415,false,flipguard_tabular_validation_v2,sha256:73642b2f1284893070280249ba1c6368177a7658c34031fca7accd8cf9cced0e,sha256:afd5351d9b781a1fad2db90dc7bca0052521a41efd7694c0ade20974824dcb4e,model_input,identity_model_input_v1,-0.168445281626,-0.73870402344700004,-1.1661010425880001,-0.381671547931,0.10498600925400001,-0.038781687586999999,-0.11003163300799999,-0.59421189454699996,-0.487975475682,-1.6925047856640001,-0.41579864602400002,-0.51093057202299996,-0.34888549929599999,-0.26545140661400002,-0.021373399373999999,-0.249781977539
164,0,-0.19035711402636052,0.46252723952955471,false,flipguard_tabular_validation_v2,sha256:73642b2f1284893070280249ba1c6368177a7658c34031fca7accd8cf9cced0e,sha256:afd5351d9b781a1fad2db90dc7bca0052521a41efd7694c0ade20974824dcb4e,model_input,identity_model_input_v1,-0.168445281626,-0.560692594489,2.0492468293439998,-0.381671547931,-0.39750401667099999,-0.89373426854500004,0.55149991825599998,-0.59421189454699996,0.60224454577800002,-1.230843415409,-0.103064901367,-0.51093057202299996,1.8697688110949999,1.5534218062580001,-0.498459840155,-0.249781977539
165,1,0.12238703712285251,0.52410291357373973,true,flipguard_tabular_validation_v2,sha256:73642b2f1284893070280249ba1c6368177a7658c34031fca7accd8cf9cced0e,sha256:afd5351d9b781a1fad2db90dc7bca0052521a41efd7694c0ade20974824dcb4e,model_input,identity_model_input_v1,-0.168445281626,-0.51421670416999998,-0.47814815253999998,0.077076855138,-0.39750401667099999,0.61666677485300003,0.059654898727999998,-0.54880673345800002,-0.487975475682,0.58901482381900006,1.4913103074189999,0.074248924182000006,-0.34888549929599999,-1.035790149896,0.55669145985400004,-0.249781977539
166,0,-0.14602351026712118,0.47124582303608381,false,flipguard_tabular_validation_v2,sha256:73642b2f1284893070280249ba1c6368177a7658c34031fca7accd8cf9cced0e,sha256:afd5351d9b781a1fad2db90dc7bca0052521a41efd7694c0ade20974824dcb4e,model_input,identity_model_input_v1,-0.168445281626,-0.73870402344700004,-0.043244300788999997,-0.381671547931,-0.39750401667099999,-1.6926617203309999,-0.89550812919300005,-0.59421189454699996,-0.487975475682,-0.98431708079500002,-1.384233958027,-0.51093057202299996,-0.34888549929599999,-0.73574995547300004,-0.721636779477,-0.249781977539
168,1,-0.069427374222837915,0.48632414588239042,false,flipguard_tabular_validation_v2,sha256:73642b2f1284893070280249ba1c6368177a7658c34031fca7accd8cf9cced0e,sha256:afd5351d9b781a1fad2db90dc7bca0052521a41efd7694c0ade20974824dcb4e,model_input,identity_model_input_v1,-0.168445281626,0.15924525366,-0.33808125366699998,-0.381671547931,-0.39750401667099999,1.838287884139,1.2159825396370001,-0.59421189454699996,-0.487975475682,-0.058064485713999997,1.4558797472239999,-0.51093057202299996,-0.34888549929599999,-0.17036372187099999,1.4486674894730001,-0.249781977539
172,0,-0.0038634187681378116,0.49923890673333843,false,flipguard_tabular_validation_v2,sha256:73642b2f1284893070280249ba1c6368177a7658c34031fca7accd8cf9cced0e,sha256:afd5351d9b781a1fad2db90dc7bca0052521a41efd7694c0ade20974824dcb4e,model_input,identity_model_input_v1,1.036311291122,0.062785858658000002,-0.49749440929099997,-0.381671547931,1.6700664084750001,0.490040873145,0.65872213251199996,-0.51429881103099995,-0.487975475682,-0.053878979184000003,1.7634170097190001,0.30628692346600001,-0.34888549929599999,-0.88544881050699997,1.932339479283,-0.249781977539
173,1,0.11856929039860274,0.52335148249927899,true,flipguard_tabular_validation_v2,sha256:73642b2f1284893070280249ba1c6368177a7658c34031fca7accd8cf9cced0e,sha256:afd5351d9b781a1fad2db90dc7bca0052521a41efd7694c0ade20974824dcb4e,model_input,identity_model_input_v1,-0.168445281626,-0.73870402344700004,-0.72732793948700003,0.25373773085399998,-0.39750401667099999,-0.89373426854500004,0.688724678704,-0.181933031863,1.508098160002,0.750156825222,0.227620327122,0.96634720828499998,-0.34888549929599999,-0.54236216420700001,-0.97993664695500005,-0.249781977539
181,1,0.28059630577238481,0.55518910203709027,true,flipguard_tabular_validation_v2,sha256:73642b2f1284893070280249ba1c6368177a7658c34031fca7accd8cf9cced0e,sha256:afd5351d9b781a1fad2db90dc7bca0052521a41efd7694c0ade20974824dcb4e,model_input,identity_model_input_v1,-0.168445281626,-0.32743623930299998,1.933943139111,-0.099584020578000004,0.22820808567600001,1.4014740721309999,0.92579397811599995,2.8683856900669999,4.6779712550930004,0.23617662334299999,0.72601020720200005,0.94323585377399999,0.62687248005200003,1.787286111976,-0.20723222753100001,-0.249781977539
187,0,-0.21849921691414623,0.45699738054577943,false,flipguard_tabular_validation_v2,sha256:73642b2f1284893070280249ba1c6368177a7658c34031fca7accd8cf9cced0e,sha256:afd5351d9b781a1fad2db90dc7bca0052521a41efd7694c0ade20974824dcb4e,model_input,identity_model_input_v1,-0.168445281626,-0.73870402344700004,-0.47737430226999999,-0.381671547931,-0.39750401667099999,-1.704048941708,-0.735166652827,-0.59421189454699996,-0.487975475682,-1.3057639822960001,-1.365810066726,-0.51093057202299996,-0.34888549929599999,-1.1071059134529999,0.019603350140999998,-0.249781977539
188,0,0.1679568662086186,0.53306855072024495,true,flipguard_tabular_validation_v2,sha256:73642b2f1284893070280249ba1c6368177a7658c34031fca7accd8cf9cced0e,sha256:afd5351d9b781a1fad2db90dc7bca0052521a41efd7694c0ade20974824dcb4e,model_input,identity_model_input_v1,-0.168445281626,-0.18976237552799999,2.0476991288040001,-0.26484742044199999,-0.39750401667099999,-1.576967551144,0.55887759354800004,0.24396737914800001,1.7834186614750001,0.77485131374899996,-0.61373737564800002,-0.51093057202299996,-0.13236283529099999,0.31920935767899999,-1.1848203945289999,-0.249781977539
200,0,-0.082875094670634225,0.48367588318774241,false,flipguard_tabular_validation_v2,sha256:73642b2f1284893070280249ba1c6368177a7658c34031fca7accd8cf9cced0e,sha256:afd5351d9b781a1fad2db90dc7bca0052521a41efd7694c0ade20974824dcb4e,model_input,identity_model_input_v1,0.034682280058000003,1.402694545591,-1.125860828547,-0.381671547931,0.063378554877999996,-0.052901842094,1.8184926885570001,-0.32632144412399999,-0.487975475682,0.72127683016599997,-0.087003047412000004,-0.51093057202299996,-0.34888549929599999,0.38217282460300001,1.165488881218,-0.249781977539
201,0,-0.11484804306011813,0.47738099493344177,false,flipguard_tabular_validation_v2,sha256:73642b2f1284893070280249ba1c6368177a7658c34031fca7accd8cf9cced0e,sha256:afd5351d9b781a1fad2db90dc7bca0052521a41efd7694c0ade20974824dcb4e,model_input,identity_model_input_v1,-0.168445281626,-0.73870402344700004,-1.1661010425880001,-0.381671547931,-0.27908280036999999,0.62031068569299996,1.8116068582839999,-0.234603018725,-0.157345052037,0.31611979806500001,0.84647411186599997,-0.51093057202299996,-0.34888549929599999,1.029154571464,-0.47138591636799998,-0.249781977539
202,0,-0.23390680531698654,0.45397154975732185,false,flipguard_tabular_validation_v2,sha256:73642b2f1284893070280249ba1c6368177a7658c34031fca7accd8cf9cced0e,sha256:afd5351d9b781a1fad2db90dc7bca0052521a41efd7694c0ade20974824dcb4e,model_input,identity_model_input_v1,-0.168445281626,-0.651890567945,0.93954554213599994,0.74952793044499999,-0.39750401667099999,-0.46010887852299998,1.560274053306,0.039644154250000001,1.0594732357250001,-0.48373049981100003,-0.29061066666699997,-0.51093057202299996,3.1998366042700002,0.30057731134499999,-1.1065255338490001,-0.249781977539
203,1,0.16137996388363243,0.53177504129340247,true,flipguard_tabular_validation_v2,sha256:73642b2f1284893070280249ba1c6368177a7658c34031fca7accd8cf9cced0e,sha256:afd5351d9b781a1fad2db90dc7bca0052521a41efd7694c0ade20974824dcb4e,model_input,identity_model_input_v1,-0.168445281626,-0.13013293134500001,-1.1661010425880001,-0.381671547931,0.58987288140500005,0.56701848965099999,-0.25217484365199999,0.064162941237000004,0.325694934923,0.33035052026700001,1.4284801140059999,0.99685419623899996,-0.34888549929599999,-0.459481682236,0.38985755111499998,-0.249781977539
204,0,-0.05958045710067203,0.48826349595335072,false,flipguard_tabular_validation_v2,sha256:73642b2f1284893070280249ba1c6368177a7658c34031fca7accd8cf9cced0e,sha256:afd5351d9b781a1fad2db90dc7bca0052521a41efd7694c0ade20974824dcb4e,model_input,identity_model_input_v1,7.8936175976380003,3.0854725365750002,0.61530227899800005,-0.287642372147,2.3965965733479999,2.4349782842760002,0.34197393993699998,-0.19646268341100001,-0.48060081939299998,-0.92823129329300003,-0.28069010981199999,3.0916673690650001,-0.30951774220400002,1.10047033502,2.4723544996750002,5.8100686000810002
205,1,0.21244477374314821,0.54181326753285142,true,flipguard_tabular_validation_v2,sha256:73642b2f1284893070280249ba1c6368177a7658c34031fca7accd8cf9cced0e,sha256:afd5351d9b781a1fad2db90dc7bca0052521a41efd7694c0ade20974824dcb4e,model_input,identity_model_input_v1,-0.168445281626,1.1133163605859999,-0.314865745566,-0.381671547931,1.7084732894370001,-0.20913451938200001,0.24311309101199999,-0.59421189454699996,-0.487975475682,0.44294064592299998,0.88001504218399995,3.0491424767659998,-0.34888549929599999,-0.35796915393000001,-0.46480036733899999,2.8243464653519998
206,0,-0.27352774507089056,0.4461968927897858,false,flipguard_tabular_validation_v2,sha256:73642b2f1284893070280249ba1c6368177a7658c34031fca7accd8cf9cced0e,sha256:afd5351d9b781a1fad2db90dc7bca0052521a41efd7694c0ade20974824dcb4e,model_input,identity_model_input_v1,-0.168445281626,-0.73870402344700004,-0.045565851599,1.119945895656,-0.39750401667099999,-1.402970808509,1.5450268576999999,-0.14470079977,-0.44126931918200002,0.390621814299,-1.7805838247450001,-0.51093057202299996,5.3566272963739996,0.050650896718000001,-1.2104308629760001,-0.249781977539
208,0,-0.22741200220777838,0.45524687912047618,false,flipguard_tabular_validation_v2,sha256:73642b2f1284893070280249ba1c6368177a7658c34031fca7accd8cf9cced0e,sha256:afd5351d9b781a1fad2db90dc7bca0052521a41efd7694c0ade20974824dcb4e,model_input,identity_model_input_v1,-0.168445281626,-0.73870402344700004,-0.88983649619100003,1.572995560799,-0.39750401667099999,-1.8019790455469999,-0.31611469618999999,-0.53518518513199997,-0.487975475682,-0.46991832826199997,-2.0427699701890001,-0.51093057202299996,0.34005024981199999,-0.324559967399,-1.2104308629760001,-0.249781977539
209,0,-0.046207685603286724,0.49089748057755078,false,flipguard_tabular_validation_v2,sha256:73642b2f1284893070280249ba1c6368177a7658c34031fca7accd8cf9cced0e,sha256:afd5351d9b781a1fad2db90dc7bca0052521a41efd7694c0ade20974824dcb4e,model_input,identity_model_input_v1,-0.168445281626,0.87216787308199994,1.324922976606,-0.381671547931,-0.39750401667099999,-0.169506988991,-0.086423072071000001,-0.59421189454699996,-0.21265497420900001,-0.72439712528400002,0.67451779305100001,-0.51093057202299996,0.28381059682300003,1.4152876696400001,0.14253359868500001,-0.249781977539
211,1,0.033054555370260114,0.50651160294583242,true,flipguard_tabular_validation_v2,sha256:73642b2f1284893070280249ba1c6368177a7658c34031fca7accd8cf9cced0e,sha256:afd5351d9b781a1fad2db90dc7bca0052521a41efd7694c0ade20974824dcb4e,model_input,identity_model_input_v1,-0.168445281626,1.1501463114049999,0.25546190343800002,-0.381671547931,-0.39750401667099999,-0.18271616578800001,-0.41792661523199998,-0.54880673345800002,-0.487975475682,-0.28073343310799997,-2.0753660855690002,1.869538942553,-0.34888549929599999,-0.086840755544000003,0.38180854674600001,0.75483516066
219,0,-0.13740426791477631,0.47294173595419037,false,flipguard_tabular_validation_v2,sha256:73642b2f1284893070280249ba1c6368177a7658c34031fca7accd8cf9cced0e,sha256:afd5351d9b781a1fad2db90dc7bca0052521a41efd7694c0ade20974824dcb4e,model_input,identity_model_input_v1,-0.168445281626,-0.70713549417300003,0.73137981950099995,0.38765807212300002,-0.39750401667099999,-0.088885461644000005,0.21556976991900001,0.75886190589299996,0.34044424750199997,-0.94664752202500002,0.448234615271,-0.51093057202299996,1.467655292228,1.3536091714289999,-0.59504789258299995,-0.249781977539
220,1,0.080259852659767345,0.51580912295239734,true,flipguard_tabular_validation_v2,sha256:73642b2f1284893070280249ba1c6368177a7658c34031fca7accd8cf9cced0e,sha256:afd5351d9b781a1fad2db90dc7bca0052521a41efd7694c0ade20974824dcb4e,model_input,identity_model_input_v1,-0.168445281626,1.3036044398169999,-1.1661010425880001,-0.381671547931,-0.39750401667099999,-0.32619515513300001,-2.144302633773,-0.59421189454699996,-0.487975475682,-0.44187543451099998,0.96174153436800003,-0.51093057202299996,-0.34888549929599999,-1.3814467336209999,-0.74139342656499996,-0.249781977539
221,1,0.0034445106414362917,0.50067856843289127,true,flipguard_tabular_validation_v2,sha256:73642b2f1284893070280249ba1c6368177a7658c34031fca7accd8cf9cced0e,sha256:afd5351d9b781a1fad2db90dc7bca0052521a41efd7694c0ade20974824dcb4e,model_input,identity_model_input_v1,-0.168445281626,-0.73870402344700004,0.45124602175299999,0.58426453058100003,-0.39750401667099999,-0.152653901353,-0.13757495410199999,0.640808487062,-0.487975475682,0.046991728189,-0.58822737230699995,-0.51093057202299996,-0.34888549929599999,0.85953870138300004,-0.45748309063999998,-0.249781977539
222,0,-0.17281095879949249,0.46597688416489302,false,flipguard_tabular_validation_v2,sha256:73642b2f1284893070280249ba1c6368177a7658c34031fca7accd8cf9cced0e,sha256:afd5351d9b781a1fad2db90dc7bca0052521a41efd7694c0ade20974824dcb4e,model_input,identity_model_input_v1,-0.168445281626,-0.73870402344700004,-1.1661010425880001,-0.381671547931,-0.39750401667099999,0.30192397600199999,1.4923994406109999,0.076876386342000003,-0.487975475682,-0.159772294392,0.43878646588600001,-0.51093057202299996,-0.34888549929599999,0.055148287212999997,0.045945546257000001,-0.249781977539
223,0,-0.14444553817292191,0.47155628412345812,false,flipguard_tabular_validation_v2,sha256:73642b2f1284893070280249ba1c6368177a7658c34031fca7accd8cf9cced0e,sha256:afd5351d9b781a1fad2db90dc7bca0052521a41efd7694c0ade20974824dcb4e,model_input,identity_model_input_v1,-0.168445281626,-0.73870402344700004,0.014794469462,3.2142320835809999,-0.39750401667099999,-1.769639336837,0.45411460438899998,-0.53790949479700001,-0.26673578699799999,0.315282696759,-1.568000463573,-0.51093057202299996,-0.24203015861800001,1.036221899384,-1.0421334988969999,-0.249781977539
225,0,0.054987062206000775,0.51083178622411352,true,flipguard_tabular_validation_v2,sha256:73642b2f1284893070280249ba1c6368177a7658c34031fca7accd8cf9cced0e,sha256:afd5351d9b781a1fad2db90dc7bca0052521a41efd7694c0ade20974824dcb4e,model_input,identity_model_input_v1,-0.168445281626,-0.67732077208200003,-0.0099687391779999992,-0.381671547931,0.58827259469899995,0.77016651900999999,1.772751101741,0.54364144233300005,1.1491982205810001,0.69993074686300005,1.030240617412,-0.51093057202299996,-0.34888549929599999,0.38731269945399999,1.404032101608,-0.249781977539
227,0,-0.058461573882413416,0.48848386917465553,false,flipguard_tabular_validation_v2,sha256:73642b2f1284893070280249ba1c6368177a7658c34031fca7accd8cf9cced0e,sha256:afd5351d9b781a1fad2db90dc7bca0052521a41efd7694c0ade20974824dcb4e,model_input,identity_model_input_v1,-0.168445281626,-0.73870402344700004,-1.1661010425880001,-0.31328669281499999,-0.39750401667099999,-0.88143606945899999,-0.53400203984100003,0.88962876982799999,0.35642266946200002,-0.39918326790600001,-0.222583991092,-0.51093057202299996,0.691548080989,0.35583096599199998,-1.1189649042380001,-0.249781977539
228,1,0.044172436400962523,0.50870162521322693,true,flipguard_tabular_validation_v2,sha256:73642b2f1284893070280249ba1c6368177a7658c34031fca7accd8cf9cced0e,sha256:afd5351d9b781a1fad2db90dc7bca0052521a41efd7694c0ade20974824dcb4e,model_input,identity_model_input_v1,-0.168445281626,-0.484401982078,-0.45957574606000001,-0.381671547931,1.1835792496169999,-0.47286256646500002,-0.70663964169500004,-0.59421189454699996,1.4675375504099999,-0.35481689868799998,0.62680463865500002,-0.43050305832699998,-0.34888549929599999,-1.3814467336209999,0.54937418315499997,-0.249781977539
230,0,-0.35288007554570117,0.43065839376241566,false,flipguard_tabular_validation_v2,sha256:73642b2f1284893070280249ba1c6368177a7658c34031fca7accd8cf9cced0e,sha256:afd5351d9b781a1fad2db90dc7bca0052521a41efd7694c0ade20974824dcb4e,model_input,identity_model_input_v1,-0.168445281626,-0.73870402344700004,-1.1661010425880001,-0.381671547931,2.777464809559,1.3504593203640001,1.5784723190279999,-0.34720781822500002,-0.487975475682,-1.506249745081,1.411473445113,-0.51093057202299996,-0.34888549929599999,0.76123859485900003,1.4450088511229999,-0.249781977539
239,0,-0.27262291013123763,0.44637433558819839,false,flipguard_tabular_validation_v2,sha256:73642b2f1284893070280249ba1c6368177a7658c34031fca7accd8cf9cced0e,sha256:afd5351d9b781a1fad2db90dc7bca0052521a41efd7694c0ade20974824dcb4e,model_input,identity_model_input_v1,-0.168445281626,-0.73870402344700004,-1.1661010425880001,-0.381671547931,-0.39750401667099999,-0.80400296409700001,-0.94813554628300001,-0.59421189454699996,-0.487975475682,-1.6925047856640001,-1.0266215037899999,-0.51093057202299996,-0.34888549929599999,-1.068556852071,-0.20430531685100001,-0.249781977539
240,0,0.053632845845257938,0.51056505353582016,true,flipguard_tabular_validation_v2,sha256:73642b2f1284893070280249ba1c6368177a7658c34031fca7accd8cf9cced0e,sha256:afd5351d9b781a1fad2db90dc7bca0052521a41efd7694c0ade20974824dcb4e,model_input,identity_model_input_v1,-0.168445281626,-0.71415072290100001,-0.76215120163799999,-0.381671547931,-0.39750401667099999,-0.92288555527000005,0.100478035349,1.141173362258,1.4687666597910001,0.072941868674000002,-0.039762300484999999,0.099209187052999998,-0.078935164951999995,-0.84625726476800001,-1.2009184032669999,-0.249781977539
241,1,0.30980911025511781,0.56091345071878718,true,flipguard_tabular_validation_v2,sha256:73642b2f1284893070280249ba1c6368177a7658c34031fca7accd8cf9cced0e,sha256:afd5351d9b781a1fad2db90dc7bca0052521a41efd7694c0ade20974824dcb4e,model_input,identity_model_input_v1,-0.168445281626,0.45651557098399997,-0.89602729835100003,-0.381671547931,0.111387156081,1.516712752463,-0.57777624657899995,2.0547252033599999,0.44614765431800002,0.58148091206499997,-1.8046766056770001,3.7997992712649999,-0.34888549929599999,0.28194526501,1.2474423802479999,0.32084055695800001
242,0,-0.31403265613226472,0.43825944195913047,false,flipguard_tabular_validation_v2,sha256:73642b2f1284893070280249ba1c6368177a7658c34031fca7accd8cf9cced0e,sha256:afd5351d9b781a1fad2db90dc7bca0052521a41efd7694c0ade20974824dcb4e,model_input,identity_model_input_v1,-0.168445281626,-0.73870402344700004,-1.1661010425880001,-0.381671547931,-0.304687387679,-0.175883832962,0.28393622763300003,-0.080225471024000003,-0.487975475682,-1.158434152441,-1.3549446949320001,-0.51093057202299996,0.691548080989,0.43935393231999997,-1.2104308629760001,-0.249781977539
243,1,0.28083821500001388,0.55523652939922419,true,flipguard_tabular_validation_v2,sha256:73642b2f1284893070280249ba1c6368177a7658c34031fca7accd8cf9cced0e,sha256:afd5351d9b781a1fad2db90dc7bca0052521a41efd7694c0ade20974824dcb4e,model_input,identity_model_input_v1,-0.168445281626,-0.70625859058200002,0.819598750283,-0.381671547931,-0.38950258313800001,-0.92106359984899999,0.241145710934,-0.59421189454699996,2.2984154923569999,0.96905881674000005,0.33910848986999997,1.166953765435,-0.34888549929599999,-1.3814467336209999,-1.2104308629760001,-0.249781977539
245,0,-0.16531996171769234,0.46745004077594227,false,flipguard_tabular_validation_v2,sha256:73642b2f1284893070280249ba1c6368177a7658c34031fca7accd8cf9cced0e,sha256:afd5351d9b781a1fad2db90dc7bca0052521a41efd7694c0ade20974824dcb4e,model_input,identity_model_input_v1,-0.168445281626,-0.73870402344700004,-1.1661010425880001,-0.381671547931,1.8364962259790001,0.72689507777899998,1.716188924496,2.7149162455879998,-0.487975475682,-0.12419548888699999,-0.16967435453400001,-0.51093057202299996,0.061663967519000003,1.7725089717789999,-1.2104308629760001,-0.249781977539
249,0,-0.31053122552512524,0.43894512623121162,false,flipguard_tabular_validation_v2,sha256:73642b2f1284893070280249ba1c6368177a7658c34031fca7accd8cf9cced0e,sha256:afd5351d9b781a1fad2db90dc7bca0052521a41efd7694c0ade20974824dcb4e,model_input,identity_model_input_v1,3.2146792802199999,-0.34672811830299999,-1.1661010425880001,-0.381671547931,1.3292053399329999,0.309211797683,-0.48235831279000002,-0.59421189454699996,-0.487975475682,-1.6925047856640001,0.077394751893999997,-0.51093057202299996,-0.34888549929599999,-0.64001978637500001,0.92694566082800001,-0.249781977539
250,1,0.19117930174940417,0.53763437239363832,true,flipguard_tabular_validation_v2,sha256:73642b2f1284893070280249ba1c6368177a7658c34031fca7accd8cf9cced0e,sha256:afd5351d9b781a1fad2db90dc7bca0052521a41efd7694c0ade20974824dcb4e,model_input,identity_model_input_v1,-0.168445281626,-0.73870402344700004,-0.14848793751200001,-0.381671547931,-0.39750401667099999,-0.81584567432900001,-0.12675436367199999,-0.59421189454699996,-0.487975475682,1.4386726494019999,-0.24289751227100001,-0.51093057202299996,-0.34888549929599999,-0.21212520503499999,-1.203845313947,-0.249781977539
254,0,0.037961369264987457,0.50747817092591563,true,flipguard_tabular_validation_v2,sha256:73642b2f1284893070280249ba1c6368177a7658c34031fca7accd8cf9cced0e,sha256:afd5351d9b781a1fad2db90dc7bca0052521a41efd7694c0ade20974824dcb4e,model_input,identity_model_input_v1,-0.168445281626,-0.73870402344700004,-1.1661010425880001,-0.381671547931,-0.39750401667099999,-0.53435356189899996,-1.7449244779169999,-0.59421189454699996,-0.487975475682,-0.39164935615200003,-1.367227289133,0.94600921631599999,-0.34888549929599999,-0.96768680812200003,-0.68870903433099995,-0.249781977539
257,0,-0.10656248397946089,0.47901203096404377,false,flipguard_tabular_validation_v2,sha256:73642b2f1284893070280249ba1c6368177a7658c34031fca7accd8cf9cced0e,sha256:afd5351d9b781a1fad2db90dc7bca0052521a41efd7694c0ade20974824dcb4e,model_input,identity_model_input_v1,-0.168445281626,0.225013022979,-0.57874868764300003,-0.381671547931,-0.39750401667099999,-0.440522857755,-0.63089550868800004,-0.59421189454699996,-0.487975475682,-0.80601450261800001,-0.059603414193999997,-0.51093057202299996,-0.34888549929599999,-1.216328254035,0.070824287033999997,-0.249781977539
258,0,-0.0065180319467059806,0.49871594881416648,false,flipguard_tabular_validation_v2,sha256:73642b2f1284893070280249ba1c6368177a7658c34031fca7accd8cf9cced0e,sha256:afd5351d9b781a1fad2db90dc7bca0052521a41efd7694c0ade20974824dcb4e,model_input,identity_model_input_v1,-0.168445281626,-0.18362405039099999,1.0594923339889999,2.8495128562960002,-0.39750401667099999,1.455221757029,-0.37956270370900003,-0.59421189454699996,-0.48182992877399999,-0.36151370913600001,1.217313975243,0.147280804435,0.598752653558,1.9652542786889999,1.4442771234530001,-0.249781977539
259,1,0.091190430759631735,0.51796148161253419,true,flipguard_tabular_validation_v2,sha256:73642b2f1284893070280249ba1c6368177a7658c34031fca7accd8cf9cced0e,sha256:afd5351d9b781a1fad2db90dc7bca0052521a41efd7694c0ade20974824dcb4e,model_input,identity_model_input_v1,-0.168445281626,1.869207255963,0.50928479200499999,-0.381671547931,-0.39750401667099999,-1.6325371914619999,-0.68549030585500004,-0.59421189454699996,-0.487975475682,-0.15140128133200001,0.367925345495,0.19812578435799999,-0.34888549929599999,-0.29179326522499999,0.79011258655500005,1.104441924754
260,1,0.17105441928312046,0.53367770065340614,true,flipguard_tabular_validation_v2,sha256:73642b2f1284893070280249ba1c6368177a7658c34031fca7accd8cf9cced0e,sha256:afd5351d9b781a1fad2db90dc7bca0052521a41efd7694c0ade20974824dcb4e,model_input,identity_model_input_v1,-0.168445281626,-0.73870402344700004,0.70661661086000005,-0.025500427536,-0.39750401667099999,-0.076131773702,0.59379858993500001,-0.59057948165999996,0.180660027897,0.84977188063599995,1.977417593298,-0.43142751250700001,-0.34888549929599999,-1.260659674624,0.58376538363999997,-0.249781977539
261,1,0.084472435275095251,0.51663865870575176,true,flipguard_tabular_validation_v2,sha256:73642b2f1284893070280249ba1c6368177a7658c34031fca7accd8cf9cced0e,sha256:afd5351d9b781a1fad2db90dc7bca0052521a41efd7694c0ade20974824dcb4e,model_input,identity_model_input_v1,-0.168445281626,-0.71152001212799998,-1.117348475577,1.407732160935,-0.39750401667099999,0.029541640673,-0.74156063808100003,1.004957878993,0.808734921883,0.454241513554,-0.192822320528,-0.51093057202299996,-0.34888549929599999,0.277447874516,-1.1892107605490001,-0.249781977539
262,1,0.095826039643976943,0.51887421006964618,true,flipguard_tabular_validation_v2,sha256:73642b2f1284893070280249ba1c6368177a7658c34031fca7accd8cf9cced0e,sha256:afd5351d9b781a1fad2db90dc7bca0052521a41efd7694c0ade20974824dcb4e,model_input,identity_model_input_v1,-0.168445281626,0.449500342256,-0.27075628017499997,-0.381671547931,-0.39750401667099999,0.82664713703799997,-0.137083109082,-0.025739277718000001,-0.487975475682,0.29812211998600002,-0.95292593858399999,1.1752738530589999,-0.34888549929599999,0.79914517188500001,0.70742735985500005,-0.249781977539
264,1,0.06799651088999821,0.51339405511092351,true,flipguard_tabular_validation_v2,sha256:73642b2f1284893070280249ba1c6368177a7658c34031fca7accd8cf9cced0e,sha256:afd5351d9b781a1fad2db90dc7bca0052521a41efd7694c0ade20974824dcb4e,model_input,identity_model_input_v1,-0.168445281626,0.117153881296,0.041105378642999998,-0.37027407207899998,-0.39750401667099999,0.56929593392599998,-0.38202192880699998,0.72162967379999998,-0.487975475682,0.079638679121999997,-0.001024888005,-0.51093057202299996,-0.34888549929599999,0.39052512123599997,0.72791573461299997,-0.249781977539
267,1,0.33668924759501989,0.56617511387590036,true,flipguard_tabular_validation_v2,sha256:73642b2f1284893070280249ba1c6368177a7658c34031fca7accd8cf9cced0e,sha256:afd5351d9b781a1fad2db90dc7bca0052521a41efd7694c0ade20974824dcb4e,model_input,identity_model_input_v1,-0.168445281626,-0.73870402344700004,-0.55630702981199998,-0.381671547931,1.6748672685949999,1.2985335908860001,-0.0062523338879999996,3.950844730419,2.481552790212,0.65933133352200002,-0.010000629921000001,1.9277795559190001,-0.34888549929599999,0.60447241190599998,-0.34772394015399999,-0.249781977539
268,1,0.030798830984205758,0.50606725284474774,true,flipguard_tabular_validation_v2,sha256:73642b2f1284893070280249ba1c6368177a7658c34031fca7accd8cf9cced0e,sha256:afd5351d9b781a1fad2db90dc7bca0052521a41efd7694c0ade20974824dcb4e,model_input,identity_model_input_v1,-0.168445281626,-0.443187513305,-1.105740721526,0.040035058616999998,-0.00063291339299999998,-0.024206044225000001,-1.289475989834,0.102303276552,0.318320278633,-0.337237771262,0.127942351106,-0.51093057202299996,-0.34888549929599999,-1.3814467336209999,0.35692980596899998,-0.249781977539
270,0,0.04241438195516338,0.50835532803470229,true,flipguard_tabular_validation_v2,sha256:73642b2f1284893070280249ba1c6368177a7658c34031fca7accd8cf9cced0e,sha256:afd5351d9b781a1fad2db90dc7bca0052521a41efd7694c0ade20974824dcb4e,model_input,identity_model_input_v1,0.72811774925600004,2.0568646244209998,0.16569527211599999,-0.381671547931,-0.090248968971999993,-0.117581259513,0.202289954391,-0.59421189454699996,-0.487975475682,0.20269257110300001,1.028823395004,-0.51093057202299996,-0.34888549929599999,0.70791239328099997,1.4962297880169999,-0.249781977539
274,1,0.028015956241666994,0.50551905542140652,true,flipguard_tabular_validation_v2,sha256:73642b2f1284893070280249ba1c6368177a7658c34031fca7accd8cf9cced0e,sha256:afd5351d9b781a1fad2db90dc7bca0052521a41efd7694c0ade20974824dcb4e,model_input,identity_model_input_v1,-0.168445281626,-0.73870402344700004,-0.26456547801500002,-0.099584020578000004,-0.39750401667099999,-0.72019301476499997,-0.81976399618600004,-0.59421189454699996,-0.487975475682,0.28849545496700002,-1.3327415438770001,-0.51093057202299996,-0.34888549929599999,-0.42543001134899999,-1.2104308629760001,-0.249781977539
276,0,0.049377187421125776,0.50972682437456818,true,flipguard_tabular_validation_v2,sha256:73642b2f1284893070280249ba1c6368177a7658c34031fca7accd8cf9cced0e,sha256:afd5351d9b781a1fad2db90dc7bca0052521a41efd7694c0ade20974824dcb4e,model_input,identity_model_input_v1,-0.168445281626,-0.19853141143700001,0.33129922989999999,-0.381671547931,-0.39750401667099999,-0.38768615056700001,-0.022975064552000001,-0.59421189454699996,-0.487975475682,0.37011283230199998,-0.201798062444,-0.51093057202299996,-0.34888549929599999,-0.112540129798,-0.13405946054000001,-0.249781977539
279,1,0.20287514549947944,0.53993300365898067,true,flipguard_tabular_validation_v2,sha256:73642b2f1284893070280249ba1c6368177a7658c34031fca7accd8cf9cced0e,sha256:afd5351d9b781a1fad2db90dc7bca0052521a41efd7694c0ade20974824dcb4e,model_input,identity_model_input_v1,-0.168445281626,-0.73870402344700004,0.91942543511499997,-0.381671547931,-0.39750401667099999,-0.97390030703700003,-1.0366676497980001,-0.59421189454699996,-0.487975475682,0.83595970908700001,-0.58586533496100002,-0.51093057202299996,-0.34888549929599999,-0.42864243313099998,-1.0933544357909999,-0.249781977539
281,1,-0.030983287683942366,0.49389641129764084,false,flipguard_tabular_validation_v2,sha256:73642b2f1284893070280249ba1c6368177a7658c34031fca7accd8cf9cced0e,sha256:afd5351d9b781a1fad2db90dc7bca0052521a41efd7694c0ade20974824dcb4e,model_input,identity_model_input_v1,-0.168445281626,-0.70888930135499995,-0.89757499889100001,-0.381671547931,-0.39750401667099999,0.86718564513899998,0.54018748280600004,-0.35810505688599997,-0.487975475682,0.124842149646,1.0732296971149999,-0.51093057202299996,-0.34888549929599999,0.28901259292999998,-0.28699054355100001,-0.249781977539
283,0,-0.22430788851607128,0.45585648929663075,false,flipguard_tabular_validation_v2,sha256:73642b2f1284893070280249ba1c6368177a7658c34031fca7accd8cf9cced0e,sha256:afd5351d9b781a1fad2db90dc7bca0052521a41efd7694c0ade20974824dcb4e,model_input,identity_model_input_v1,-0.168445281626,-0.73870402344700004,-1.1661010425880001,-0.381671547931,-0.013435207047,0.792940961763,0.19933888427400001,1.7477863144020001,-0.28763064648499997,-1.2069860281889999,-0.56224496149699998,-0.51093057202299996,-0.34888549929599999,0.71947711169499995,-1.1892107605490001,-0.249781977539
284,0,-0.10251738880163885,0.47980838416124222,false,flipguard_tabular_validation_v2,sha256:73642b2f1284893070280249ba1c6368177a7658c34031fca7accd8cf9cced0e,sha256:afd5351d9b781a1fad2db90dc7bca0052521a41efd7694c0ade20974824dcb4e,model_input,identity_model_input_v1,-0.168445281626,0.72046355185199995,-1.094906817746,-0.381671547931,-0.39750401667099999,-1.545538820145,-0.32988635673700001,-0.59421189454699996,-0.487975475682,-0.43517862406300001,-0.31281381772299999,-0.51093057202299996,-0.34888549929599999,-0.87709651387400001,0.472542777814,-0.249781977539
285,1,0.057344517794100359,0.51129611572002875,true,flipguard_tabular_validation_v2,sha256:73642b2f1284893070280249ba1c6368177a7658c34031fca7accd8cf9cced0e,sha256:afd5351d9b781a1fad2db90dc7bca0052521a41efd7694c0ade20974824dcb4e,model_input,identity_model_input_v1,-0.168445281626,-0.73870402344700004,0.64703014006799997,-0.381671547931,-0.39750401667099999,-0.72474790331600003,-0.16708565527399999,0.73434311890500004,-0.47199705372200002,0.342907039857,-1.298728206089,-0.51093057202299996,-0.199850418877,0.32434923252999998,-0.18747558044400001,-0.249781977539
286,1,0.2109571124314174,0.54152099833310163,true,flipguard_tabular_validation_v2,sha256:73642b2f1284893070280249ba1c6368177a7658c34031fca7accd8cf9cced0e,sha256:afd5351d9b781a1fad2db90dc7bca0052521a41efd7694c0ade20974824dcb4e,model_input,identity_model_input_v1,-0.168445281626,0.80113868221700002,-0.26843472936500001,-0.381671547931,-0.39750401667099999,0.091488124961999998,-1.5816319314339999,0.222172901826,-0.487975475682,0.19390300738999999,1.0070926514180001,0.096435824512000001,-0.34888549929599999,-0.49353335312300001,-0.44138508190199999,-0.249781977539
293,0,-0.088255521400716241,0.48261641198616584,false,flipguard_tabular_validation_v2,sha256:73642b2f1284893070280249ba1c6368177a7658c34031fca7accd8cf9cced0e,sha256:afd5351d9b781a1fad2db90dc7bca0052521a41efd7694c0ade20974824dcb4e,model_input,identity_model_input_v1,-0.168445281626,-0.43967989894100001,-0.70566013192599997,-0.381671547931,0.015369953675000001,0.74101523228599997,0.61789899589200004,-0.51611501747400002,-0.487975475682,-0.16144649700399999,0.38682164426600002,-0.51093057202299996,-0.34888549929599999,-1.3814467336209999,1.4054955569480001,-0.249781977539
300,1,0.43019055278880902,0.58442908791347836,true,flipguard_tabular_validation_v2,sha256:73642b2f1284893070280249ba1c6368177a7658c34031fca7accd8cf9cced0e,sha256:afd5351d9b781a1fad2db90dc7bca0052521a41efd7694c0ade20974824dcb4e,model_input,identity_model_input_v1,-0.168445281626,1.279051139271,0.74763067517100001,-0.381671547931,1.473231143542,2.4035495532760001,-0.19807189150400001,3.5494631063959998,3.5213793270270002,0.203948223062,-0.64916793584300003,4.1418473180199999,0.28662257947300002,1.89972087434,1.507205703066,-0.22567116622200001
302,1,0.028534407524992117,0.50562118535014822,true,flipguard_tabular_validation_v2,sha256:73642b2f1284893070280249ba1c6368177a7658c34031fca7accd8cf9cced0e,sha256:afd5351d9b781a1fad2db90dc7bca0052521a41efd7694c0ade20974824dcb4e,model_input,identity_model_input_v1,-0.168445281626,-0.73870402344700004,0.011699068381999999,-0.381671547931,-0.39750401667099999,-0.61952997779600005,-0.480882777732,-0.59421189454699996,-0.487975475682,0.080475780427999993,-0.209356581953,-0.51093057202299996,-0.34888549929599999,-1.26322961205,-0.18820730811299999,-0.249781977539
304,0,0.016978904525072318,0.50334482461250762,true,flipguard_tabular_validation_v2,sha256:73642b2f1284893070280249ba1c6368177a7658c34031fca7accd8cf9cced0e,sha256:afd5351d9b781a1fad2db90dc7bca0052521a41efd7694c0ade20974824dcb4e,model_input,identity_model_input_v1,-0.168445281626,-0.64750604999000005,-0.17170344561299999,-0.34462975141000002,0.026571960623000001,1.094474583817,2.186884608183,-0.289089212032,-0.37981385010300001,0.88785999005799998,2.0303272298559998,-0.26595021421199999,-0.34888549929599999,1.4981681516109999,-1.1035986231699999,-0.068950892663000002
305,0,-0.24375012352135245,0.45203915446529797,false,flipguard_tabular_validation_v2,sha256:73642b2f1284893070280249ba1c6368177a7658c34031fca7accd8cf9cced0e,sha256:afd5351d9b781a1fad2db90dc7bca0052521a41efd7694c0ade20974824dcb4e,model_input,identity_model_input_v1,-0.168445281626,-0.54403142626099998,-0.098961520230999994,-0.17936635154700001,-0.39750401667099999,0.55927517911500002,0.56182866366600004,-0.44528296617599999,-0.487975475682,-1.0726312685770001,-0.16542268731099999,-0.51093057202299996,0.025108193077000001,1.381235998752,-1.1423801896750001,-0.249781977539
308,1,0.12865365107482962,0.52533625148332286,true,flipguard_tabular_validation_v2,sha256:73642b2f1284893070280249ba1c6368177a7658c34031fca7accd8cf9cced0e,sha256:afd5351d9b781a1fad2db90dc7bca0052521a41efd7694c0ade20974824dcb4e,model_input,identity_model_input_v1,-0.168445281626,-0.26166846998400001,1.365937040917,-0.110981496431,-0.39750401667099999,1.301722012872,0.875133941104,0.93594203413800003,-0.487975475682,0.89413824985299994,-0.096451196796999997,-0.51093057202299996,-0.34888549929599999,2.3468899863699999,-0.279673266852,-0.249781977539
309,0,-0.13370360525437797,0.47366995045727733,false,flipguard_tabular_validation_v2,sha256:73642b2f1284893070280249ba1c6368177a7658c34031fca7accd8cf9cced0e,sha256:afd5351d9b781a1fad2db90dc7bca0052521a41efd7694c0ade20974824dcb4e,model_input,identity_model_input_v1,-0.168445281626,-0.73870402344700004,-1.1661010425880001,-0.381671547931,-0.39750401667099999,-0.24420716122200001,0.42952235341299999,1.3990746772410001,-0.487975475682,-0.37783718460299998,-0.32556881939299998,-0.51093057202299996,0.13477551640400001,1.0208022748309999,-1.2104308629760001,-0.249781977539
311,0,-0.36676594454095751,0.42794445432229117,false,flipguard_tabular_validation_v2,sha256:73642b2f1284893070280249ba1c6368177a7658c34031fca7accd8cf9cced0e,sha256:afd5351d9b781a1fad2db90dc7bca0052521a41efd7694c0ade20974824dcb4e,model_input,identity_model_input_v1,-0.168445281626,-0.73870402344700004,-1.1661010425880001,-0.381671547931,-0.016635780459999999,1.126358803672,1.251887226062,-0.023923071274,-0.487975475682,-1.421283962523,-0.052517302155000001,-0.51093057202299996,-0.34888549929599999,1.23667701857,-1.0128643921010001,-0.249781977539
312,0,-0.29210522692507396,0.4425549663513863,false,flipguard_tabular_validation_v2,sha256:73642b2f1284893070280249ba1c6368177a7658c34031fca7accd8cf9cced0e,sha256:afd5351d9b781a1fad2db90dc7bca0052521a41efd7694c0ade20974824dcb4e,model_input,identity_model_input_v1,-0.049370504087,2.0603722387840002,0.92639008754600005,-0.16796887569400001,-0.39750401667099999,-0.69195270575099999,0.953829144229,-0.40169401153099998,0.58503701443599998,-1.4505825082329999,-0.84616185052899995,1.2177987453579999,4.9095220551169998,0.95783880790700004,0.43961503266800001,-0.249781977539
314,1,-0.082597543344210766,0.4837305379999664,false,flipguard_tabular_validation_v2,sha256:73642b2f1284893070280249ba1c6368177a7658c34031fca7accd8cf9cced0e,sha256:afd5351d9b781a1fad2db90dc7bca0052521a41efd7694c0ade20974824dcb4e,model_input,identity_model_input_v1,-0.168445281626,0.53280618339399999,-0.99198473183400004,-0.381671547931,-0.39750401667099999,0.776087874126,0.073918404295000004,-0.59421189454699996,-0.487975475682,-0.69593568088000002,1.479972528157,-0.000631864432,-0.34888549929599999,-1.123810506718,0.76011175208899995,-0.249781977539
316,1,0.060401276914949675,0.51189817010088723,true,flipguard_tabular_validation_v2,sha256:73642b2f1284893070280249ba1c6368177a7658c34031fca7accd8cf9cced0e,sha256:afd5351d9b781a1fad2db90dc7bca0052521a41efd7694c0ade20974824dcb4e,model_input,identity_model_input_v1,-0.168445281626,-0.48790959644199999,-1.055440453975,1.0715066232820001,-0.39750401667099999,1.7239601815179999,1.243034015711,3.6039492997020002,-0.487975475682,0.98831214677699997,-0.20274287738300001,-0.51093057202299996,-0.34888549929599999,1.6228101167460001,1.237929920539,-0.249781977539
319,0,-0.059392625768861257,0.48830049074968179,false,flipguard_tabular_validation_v2,sha256:73642b2f1284893070280249ba1c6368177a7658c34031fca7accd8cf9cced0e,sha256:afd5351d9b781a1fad2db90dc7bca0052521a41efd7694c0ade20974824dcb4e,model_input,identity_model_input_v1,-0.168445281626,-0.45546416357800001,-0.74125724434700002,-0.381671547931,1.2747955919030001,0.53923366949200002,0.059163053708999998,-0.59421189454699996,-0.19790566163000001,-0.247667931521,0.30462274461299998,-0.51093057202299996,-0.34888549929599999,-1.3814467336209999,0.99792324480899997,-0.249781977539
322,1,0.20027460425681906,0.53942196504748929,true,flipguard_tabular_validation_v2,sha256:73642b2f1284893070280249ba1c6368177a7658c34031fca7accd8cf9cced0e,sha256:afd5351d9b781a1fad2db90dc7bca0052521a41efd7694c0ade20974824dcb4e,model_input,identity_model_input_v1,-0.168445281626,-0.73870402344700004,0.98210730698699999,-0.381671547931,-0.39750401667099999,-0.79489318699599998,-1.682460160437,-0.59421189454699996,-0.487975475682,0.39397021952299999,-0.31045178037600002,-0.51093057202299996,-0.34888549929599999,-0.87195663902300002,-1.1072572615189999,-0.249781977539
323,0,-0.072998815491513991,0.48562078934042602,false,flipguard_tabular_validation_v2,sha256:73642b2f1284893070280249ba1c6368177a7658c34031fca7accd8cf9cced0e,sha256:afd5351d9b781a1fad2db90dc7bca0052521a41efd7694c0ade20974824dcb4e,model_input,identity_model_input_v1,-0.168445281626,0.170645000342,0.69113960545999997,-0.142324555026,-0.39750401667099999,-0.47605098844999999,-0.27676709462799998,-0.59421189454699996,-0.13767930193200001,-0.45443195410100001,0.019288633174000001,-0.51093057202299996,2.0384877700600001,0.28001781194100001,-0.26503871345399999,-0.249781977539
324,0,-0.23762078122383232,0.45324237383177907,false,flipguard_tabular_validation_v2,sha256:73642b2f1284893070280249ba1c6368177a7658c34031fca7accd8cf9cced0e,sha256:afd5351d9b781a1fad2db90dc7bca0052521a41efd7694c0ade20974824dcb4e,model_input,identity_model_input_v1,-0.168445281626,-0.73870402344700004,-1.1661010425880001,-0.381671547931,0.66508635662399995,-0.354890953003,-0.58023547167599998,-0.59421189454699996,-0.487975475682,-1.3543158580429999,-0.47532198715200003,-0.51093057202299996,-0.34888549929599999,-0.68370872260799997,-0.82700556394400004,-0.249781977539
325,1,-0.041127646632518763,0.49189813188030646,false,flipguard_tabular_validation_v2,sha256:73642b2f1284893070280249ba1c6368177a7658c34031fca7accd8cf9cced0e,sha256:afd5351d9b781a1fad2db90dc7bca0052521a41efd7694c0ade20974824dcb4e,model_input,identity_model_input_v1,-0.168445281626,-0.23536136225599999,0.56809741252599999,-0.381671547931,-0.39750401667099999,1.163708889787,0.87956054628000002,-0.55607155923200002,-0.487975475682,0.00388101093,0.34808423178600001,-0.51093057202299996,-0.34888549929599999,1.2867907983669999,0.77328285014700004,-0.249781977539
328,1,0.13380816185495265,0.52635062474602534,true,flipguard_tabular_validation_v2,sha256:73642b2f1284893070280249ba1c6368177a7658c34031fca7accd8cf9cced0e,sha256:afd5351d9b781a1fad2db90dc7bca0052521a41efd7694c0ade20974824dcb4e,model_input,identity_model_input_v1,-0.168445281626,-0.47475604257800003,-1.076334411266,2.5588772220539999,-0.39750401667099999,0.20444936101799999,-0.55761060077799995,0.48189042325199999,0.078643949226000001,0.96487331021,0.92205930694899996,-0.51093057202299996,-0.34888549929599999,-0.47168888500700001,-0.55626632607799997,-0.249781977539
331,1,0.018493838619402809,0.50364326090681866,true,flipguard_tabular_validation_v2,sha256:73642b2f1284893070280249ba1c6368177a7658c34031fca7accd8cf9cced0e,sha256:afd5351d9b781a1fad2db90dc7bca0052521a41efd7694c0ade20974824dcb4e,model_input,identity_model_input_v1,-0.168445281626,-0.147671003163,-0.046339701869000001,-0.381671547931,-0.39750401667099999,0.96739319325399997,1.5450268576999999,-0.59421189454699996,-0.487975475682,0.85646869108400003,0.59798778303,-0.51093057202299996,-0.34888549929599999,0.85182888910700005,0.90353037539100001,-0.249781977539
332,0,-0.054713867560853252,0.48922202325784603,false,flipguard_tabular_validation_v2,sha256:73642b2f1284893070280249ba1c6368177a7658c34031fca7accd8cf9cced0e,sha256:afd5351d9b781a1fad2db90dc7bca0052521a41efd7694c0ade20974824dcb4e,model_input,identity_model_input_v1,-0.168445281626,-0.73870402344700004,0.35219318719100001,-0.381671547931,-0.39750401667099999,-1.7072373636930001,-0.23938687314400001,-0.59421189454699996,-0.487975475682,-0.0032343501710000002,-1.8613655019899999,-0.51093057202299996,-0.34888549929599999,-0.018737413769,-1.2104308629760001,-0.249781977539
333,1,-0.15285923511544725,0.46990101748464341,false,flipguard_tabular_validation_v2,sha256:73642b2f1284893070280249ba1c6368177a7658c34031fca7accd8cf9cced0e,sha256:afd5351d9b781a1fad2db90dc7bca0052521a41efd7694c0ade20974824dcb4e,model_input,identity_model_input_v1,-0.168445281626,-0.57384614835299996,-0.68631387517599995,0.0086920000220000009,-0.39750401667099999,-0.082964106528000001,-0.15478952978499999,-0.32359713445900001,-0.487975475682,-0.69593568088000002,-0.48477013653700002,-0.38150698676400002,-0.34888549929599999,-0.041866850598000001,-1.2104308629760001,-0.249781977539
336,1,0.1025596647336507,0.52019993886341842,true,flipguard_tabular_validation_v2,sha256:73642b2f1284893070280249ba1c6368177a7658c34031fca7accd8cf9cced0e,sha256:afd5351d9b781a1fad2db90dc7bca0052521a41efd7694c0ade20974824dcb4e,model_input,identity_model_input_v1,-0.168445281626,-0.53526239035199996,-1.0299033950650001,1.735409591699,3.6720250786430002,-0.62135193321600002,-0.70909886679199996,0.58450608731200004,0.202783996765,0.41406065086600002,0.938121160904,-0.20123842158300001,-0.34888549929599999,-1.3814467336209999,0.73157437296200001,-0.249781977539
338,0,-0.11388398748086609,0.47757076256829056,false,flipguard_tabular_validation_v2,sha256:73642b2f1284893070280249ba1c6368177a7658c34031fca7accd8cf9cced0e,sha256:afd5351d9b781a1fad2db90dc7bca0052521a41efd7694c0ade20974824dcb4e,model_input,identity_model_input_v1,-0.168445281626,-0.73870402344700004,0.20670933642700001,-0.381671547931,-0.39750401667099999,-1.37700794377,0.35623744550300002,-0.59421189454699996,-0.487975475682,-0.30082386445100001,-0.75640443136699997,-0.51093057202299996,-0.34888549929599999,-0.087483239899999996,-0.67261102559300001,-0.249781977539
341,0,-0.44290139299479148,0.41309594664139754,false,flipguard_tabular_validation_v2,sha256:73642b2f1284893070280249ba1c6368177a7658c34031fca7accd8cf9cced0e,sha256:afd5351d9b781a1fad2db90dc7bca0052521a41efd7694c0ade20974824dcb4e,model_input,identity_model_input_v1,9.3435281241439991,2.590898911294,0.40713655636200002,-0.381671547931,-0.122254703107,-0.97845519558799998,0.92136737294000004,-0.34266730211599999,-0.14874128636600001,-1.650231169712,-1.07197262084,1.3823515894730001,3.098605228891,1.447411887458,0.84279697878799997,-0.249781977539
342,0,-0.11388779062528209,0.47757001394076176,false,flipguard_tabular_validation_v2,sha256:73642b2f1284893070280249ba1c6368177a7658c34031fca7accd8cf9cced0e,sha256:afd5351d9b781a1fad2db90dc7bca0052521a41efd7694c0ade20974824dcb4e,model_input,identity_model_input_v1,-0.168445281626,-0.73870402344700004,-1.1661010425880001,-0.381671547931,0.58987288140500005,0.34246248410300001,-0.14298524931699999,-0.59421189454699996,-0.110638895537,-0.639849893379,0.29375737281999997,-0.51093057202299996,-0.34888549929599999,-1.3814467336209999,0.86694399189500004,0.49765317328100001
344,1,0.23363803819013673,0.54597567937472302,true,flipguard_tabular_validation_v2,sha256:73642b2f1284893070280249ba1c6368177a7658c34031fca7accd8cf9cced0e,sha256:afd5351d9b781a1fad2db90dc7bca0052521a41efd7694c0ade20974824dcb4e,model_input,identity_model_input_v1,-0.168445281626,-0.27657583102900002,-1.1661010425880001,-0.381671547931,0.92273251641300003,1.0726111187739999,-1.3947308240130001,2.0356550357029999,1.193446158317,0.22696850897699999,1.2910095404490001,-0.47395240480599998,-0.34888549929599999,-0.93877501208500003,-0.084301978986000004,-0.249781977539
345,1,0.69271635238576723,0.63513550518081263,true,flipguard_tabular_validation_v2,sha256:73642b2f1284893070280249ba1c6368177a7658c34031fca7accd8cf9cced0e,sha256:afd5351d9b781a1fad2db90dc7bca0052521a41efd7694c0ade20974824dcb4e,model_input,identity_model_input_v1,-0.168445281626,-0.73870402344700004,2.031448273134,-0.130927079173,-0.39750401667099999,-1.7140696965190001,-0.510393478904,1.8440452559089999,4.9323968970800003,2.4825379779749999,1.359981030962,-0.32326637339800002,-0.34888549929599999,-1.3814467336209999,-1.2104308629760001,-0.249781977539
347,1,-0.024584359385317126,0.49515694063532784,false,flipguard_tabular_validation_v2,sha256:73642b2f1284893070280249ba1c6368177a7658c34031fca7accd8cf9cced0e,sha256:afd5351d9b781a1fad2db90dc7bca0052521a41efd7694c0ade20974824dcb4e,model_input,identity_model_input_v1,-0.168445281626,1.134362046768,0.29647596774899998,-0.381671547931,1.07315946685,1.7121174712859999,0.85349276024499998,-0.59421189454699996,-0.487975475682,0.059548247778000003,0.39532497871299999,-0.42218297070299998,-0.34888549929599999,1.3092777508390001,2.1101493030710001,-0.249781977539
348,1,0.048991198055638709,0.50965079567451699,true,flipguard_tabular_validation_v2,sha256:73642b2f1284893070280249ba1c6368177a7658c34031fca7accd8cf9cced0e,sha256:afd5351d9b781a1fad2db90dc7bca0052521a41efd7694c0ade20974824dcb4e,model_input,identity_model_input_v1,-0.168445281626,0.68012598666900004,-0.097413819691000006,-0.381671547931,-0.39750401667099999,0.36387046029100001,-0.042157020314000003,0.2294377276,-0.487975475682,0.045317525577000001,-0.77152147038399999,0.79070091400499998,-0.34888549929599999,0.50874224280699998,0.56547219189300002,-0.249781977539
352,0,-0.21756216261510117,0.45718144570057406,false,flipguard_tabular_validation_v2,sha256:73642b2f1284893070280249ba1c6368177a7658c34031fca7accd8cf9cced0e,sha256:afd5351d9b781a1fad2db90dc7bca0052521a41efd7694c0ade20974824dcb4e,model_input,identity_model_input_v1,1.638689577496,2.0708950818759999,-0.059495156459999997,-0.381671547931,-0.272681653543,-0.025117021935000001,0.326234899312,-0.59421189454699996,-0.487975475682,-1.2584677585070001,0.57956389172800005,-0.42218297070299998,-0.34888549929599999,1.1518690835300001,1.8174582351070001,-0.22165269767000001
354,0,-0.35053518251713078,0.43111685696600394,false,flipguard_tabular_validation_v2,sha256:73642b2f1284893070280249ba1c6368177a7658c34031fca7accd8cf9cced0e,sha256:afd5351d9b781a1fad2db90dc7bca0052521a41efd7694c0ade20974824dcb4e,model_input,identity_model_input_v1,-0.168445281626,-0.73870402344700004,-1.1661010425880001,-0.381671547931,4.7106111513369999,0.194428606207,0.67692039823500005,-0.073868748472000006,-0.487975475682,-1.6899934817460001,0.20352754618900001,-0.51093057202299996,-0.34888549929599999,0.35775841906099998,0.82523551471000001,-0.249781977539
355,1,0.019365300362602141,0.50381493512233122,true,flipguard_tabular_validation_v2,sha256:73642b2f1284893070280249ba1c6368177a7658c34031fca7accd8cf9cced0e,sha256:afd5351d9b781a1fad2db90dc7bca0052521a41efd7694c0ade20974824dcb4e,model_input,identity_model_input_v1,-0.168445281626,0.18116784343299999,0.61065917737700004,-0.381671547931,-0.39750401667099999,-1.6471128348240001,-0.74598724325700005,-0.59421189454699996,-0.487975475682,-0.15349403459700001,-0.723808315988,-0.51093057202299996,-0.34888549929599999,-0.190923221275,-0.058691510539999998,-0.249781977539
356,1,0.16981808591428632,0.53343457394543425,true,flipguard_tabular_validation_v2,sha256:73642b2f1284893070280249ba1c6368177a7658c34031fca7accd8cf9cced0e,sha256:afd5351d9b781a1fad2db90dc7bca0052521a41efd7694c0ade20974824dcb4e,model_input,identity_model_input_v1,-0.168445281626,-0.21168496530100001,0.486069283904,-0.381671547931,-0.39750401667099999,0.15070167612099999,-1.2516039233309999,0.85875326028700005,-0.487975475682,0.14325837837800001,-1.254321903978,0.60950789464300004,-0.34888549929599999,-0.253244203843,0.201071812278,-0.249781977539
358,0,-0.086511425978044371,0.48295983896686506,false,flipguard_tabular_validation_v2,sha256:73642b2f1284893070280249ba1c6368177a7658c34031fca7accd8cf9cced0e,sha256:afd5351d9b781a1fad2db90dc7bca0052521a41efd7694c0ade20974824dcb4e,model_input,identity_model_input_v1,-0.168445281626,-0.658905796672,0.81186024758300002,-0.381671547931,-0.39750401667099999,-1.1488080273820001,0.23229250058199999,-0.59421189454699996,-0.487975475682,-0.38244124178599997,-0.49988717555399997,-0.51093057202299996,-0.34888549929599999,1.8020632521719999,-0.98213182996500004,-0.249781977539
359,1,-0.081438448478585237,0.48395878612083587,false,flipguard_tabular_validation_v2,sha256:73642b2f1284893070280249ba1c6368177a7658c34031fca7accd8cf9cced0e,sha256:afd5351d9b781a1fad2db90dc7bca0052521a41efd7694c0ade20974824dcb4e,model_input,identity_model_input_v1,-0.168445281626,0.13907647106900001,-0.035505798089,-0.381671547931,-0.32709140157400002,1.696175361359,1.494366820689,-0.59421189454699996,-0.487975475682,0.120656643116,0.52759907010899998,-0.51093057202299996,-0.34888549929599999,1.2379619872830001,1.8438004312239999,-0.249781977539
360,0,-0.15821042654580628,0.46884838633952652,false,flipguard_tabular_validation_v2,sha256:73642b2f1284893070280249ba1c6368177a7658c34031fca7accd8cf9cced0e,sha256:afd5351d9b781a1fad2db90dc7bca0052521a41efd7694c0ade20974824dcb4e,model_input,identity_model_input_v1,-0.168445281626,-0.043319475842999999,-1.0941329674760001,-0.381671547931,-0.39750401667099999,-0.89054584656000002,-2.2180793867020001,-0.59421189454699996,-0.487975475682,-1.5903784263330001,-1.2401496799,-0.51093057202299996,-0.34888549929599999,-1.3814467336209999,-0.46041000131999998,-0.249781977539
361,0,-0.11077653096210832,0.4781824609505938,false,flipguard_tabular_validation_v2,sha256:73642b2f1284893070280249ba1c6368177a7658c34031fca7accd8cf9cced0e,sha256:afd5351d9b781a1fad2db90dc7bca0052521a41efd7694c0ade20974824dcb4e,model_input,identity_model_input_v1,-0.168445281626,-0.73870402344700004,-0.17866809804299999,1.436225850567,-0.39750401667099999,-1.7728277588229999,0.35820482558099997,-0.59421189454699996,-0.487975475682,0.30942298761699999,-1.622327322539,-0.51093057202299996,-0.34888549929599999,0.135458831759,-1.2104308629760001,-0.249781977539
362,0,-0.0085662971844408069,0.4983124419690943,false,flipguard_tabular_validation_v2,sha256:73642b2f1284893070280249ba1c6368177a7658c34031fca7accd8cf9cced0e,sha256:afd5351d9b781a1fad2db90dc7bca0052521a41efd7694c0ade20974824dcb4e,model_input,identity_model_input_v1,-0.168445281626,0.99931889376600003,-0.58184408872299997,-0.381671547931,-0.39750401667099999,0.27140622271300002,-0.67712894052299999,-0.59421189454699996,-0.487975475682,-0.30500937098100001,0.20258273125099999,-0.51093057202299996,-0.34888549929599999,-1.1077483978089999,0.96353204432299999,-0.249781977539
364,1,0.017565183649049923,0.50346031950091952,true,flipguard_tabular_validation_v2,sha256:73642b2f1284893070280249ba1c6368177a7658c34031fca7accd8cf9cced0e,sha256:afd5351d9b781a1fad2db90dc7bca0052521a41efd7694c0ade20974824dcb4e,model_input,identity_model_input_v1,-0.168445281626,-0.73870402344700004,-0.690183126526,0.82931026141300002,-0.39750401667099999,-0.26515964855500002,0.012437776854,1.7160027016399999,1.945661099844,0.049503032107000002,-0.060075821662999997,-0.35007554463000001,1.138653322246,0.51837950815300005,-1.1870155775390001,-0.249781977539
365,1,0.18891580647867179,0.53718944487394527,true,flipguard_tabular_validation_v2,sha256:73642b2f1284893070280249ba1c6368177a7658c34031fca7accd8cf9cced0e,sha256:afd5351d9b781a1fad2db90dc7bca0052521a41efd7694c0ade20974824dcb4e,model_input,identity_model_input_v1,-0.168445281626,0.883567619764,1.005322815088,-0.381671547931,-0.39750401667099999,0.086933236410999995,-0.70811517675299995,-0.013025832613000001,-0.487975475682,0.33621022940900003,-1.5018634178750001,1.140144594203,-0.34888549929599999,-0.48004118163999998,1.8694108996700001,1.0321094908040001
366,0,-0.14439648186139514,0.47156593593856688,false,flipguard_tabular_validation_v2,sha256:73642b2f1284893070280249ba1c6368177a7658c34031fca7accd8cf9cced0e,sha256:afd5351d9b781a1fad2db90dc7bca0052521a41efd7694c0ade20974824dcb4e,model_input,identity_model_input_v1,-0.168445281626,-0.420388019941,-0.71649403570600001,-0.381671547931,-0.39750401667099999,0.70958650128599998,0.41575069286600003,-0.59421189454699996,-0.487975475682,-0.71644466287700004,0.74868576572699996,-0.51093057202299996,-0.34888549929599999,-1.3814467336209999,1.6447705050079999,-0.249781977539
371,1,0.12576216752657493,0.5247671907232041,true,flipguard_tabular_validation_v2,sha256:73642b2f1284893070280249ba1c6368177a7658c34031fca7accd8cf9cced0e,sha256:afd5351d9b781a1fad2db90dc7bca0052521a41efd7694c0ade20974824dcb4e,model_input,identity_model_input_v1,-0.168445281626,-0.73870402344700004,-0.35433210933699999,-0.381671547931,-0.39750401667099999,0.69911025762000001,1.159420362391,-0.59421189454699996,0.14870318397599999,0.85939854565499996,1.1048809975560001,1.0005520129600001,-0.34888549929599999,-0.38174107511599997,-0.0074705736460000003,-0.249781977539
374,1,-0.15696706003811151,0.46909295900329068,false,flipguard_tabular_validation_v2,sha256:73642b2f1284893070280249ba1c6368177a7658c34031fca7accd8cf9cced0e,sha256:afd5351d9b781a1fad2db90dc7bca0052521a41efd7694c0ade20974824dcb4e,model_input,identity_model_input_v1,-0.168445281626,-0.52035502930599997,-0.66851531896500005,-0.381671547931,-0.39750401667099999,0.76196771961900001,1.7279932049640001,-0.54608242379299998,-0.487975475682,-0.049693472654000002,0.87529096749099999,-0.51093057202299996,-0.34888549929599999,1.23667701857,-0.37406613627000002,-0.249781977539
375,0,-0.098457599089714368,0.48060767073134025,false,flipguard_tabular_validation_v2,sha256:73642b2f1284893070280249ba1c6368177a7658c34031fca7accd8cf9cced0e,sha256:afd5351d9b781a1fad2db90dc7bca0052521a41efd7694c0ade20974824dcb4e,model_input,identity_model_input_v1,-0.168445281626,0.799384875035,0.32820382881999999,-0.222106885994,-0.39750401667099999,-1.048144990413,0.32967781444900002,1.0031416725490001,-0.487975475682,-0.013279565843,0.462879246819,-0.51093057202299996,5.9358957221540001,1.0792683512600001,-0.83066420229299998,-0.249781977539
376,1,-0.02309703995558637,0.49544993241536178,false,flipguard_tabular_validation_v2,sha256:73642b2f1284893070280249ba1c6368177a7658c34031fca7accd8cf9cced0e,sha256:afd5351d9b781a1fad2db90dc7bca0052521a41efd7694c0ade20974824dcb4e,model_input,identity_model_input_v1,-0.168445281626,0.29253459948100002,0.58125286711699997,-0.381671547931,-0.39750401667099999,-0.12578005890400001,0.648885232122,-0.42984521140600002,-0.29008886524799998,0.20813372959199999,-0.206994544606,-0.51093057202299996,0.39910188544899999,1.444199465676,-0.057959782869999997,-0.249781977539
379,1,0.042806525573592567,0.50843257178352219,true,flipguard_tabular_validation_v2,sha256:73642b2f1284893070280249ba1c6368177a7658c34031fca7accd8cf9cced0e,sha256:afd5351d9b781a1fad2db90dc7bca0052521a41efd7694c0ade20974824dcb4e,model_input,identity_model_input_v1,-0.168445281626,-0.73870402344700004,-1.003592485884,2.7896761080700001,0.73549897172099998,-0.46147534508799998,-0.45137207656,0.0024119221570000002,1.100033845317,0.32490936177800001,0.67451779305100001,-0.071814836324,-0.34888549929599999,-0.33419723274500002,-0.99676638336300005,-0.249781977539
380,0,-0.11032495974294079,0.47827135425432304,false,flipguard_tabular_validation_v2,sha256:73642b2f1284893070280249ba1c6368177a7658c34031fca7accd8cf9cced0e,sha256:afd5351d9b781a1fad2db90dc7bca0052521a41efd7694c0ade20974824dcb4e,model_input,identity_model_input_v1,-0.168445281626,-0.73870402344700004,-1.1661010425880001,-0.381671547931,-0.39750401667099999,0.270950733858,0.104904640525,-0.59421189454699996,-0.487975475682,-0.33849342322100001,-0.105899346183,-0.51093057202299996,-0.34888549929599999,-1.3814467336209999,1.2598817506360001,-0.249781977539
382,1,0.14520446879651577,0.52859303419265702,true,flipguard_tabular_validation_v2,sha256:73642b2f1284893070280249ba1c6368177a7658c34031fca7accd8cf9cced0e,sha256:afd5351d9b781a1fad2db90dc7bca0052521a41efd7694c0ade20974824dcb4e,model_input,identity_model_input_v1,-0.168445281626,1.7762554753249999,-1.1661010425880001,-0.381671547931,-0.39750401667099999,-0.24557362778700001,-1.7242669870959999,-0.59421189454699996,-0.487975475682,0.0034624602769999999,2.0170998207170001,-0.51093057202299996,-0.34888549929599999,-1.3814467336209999,-1.2104308629760001,-0.249781977539
385,1,0.22214754510442949,0.54371921487621055,true,flipguard_tabular_validation_v2,sha256:73642b2f1284893070280249ba1c6368177a7658c34031fca7accd8cf9cced0e,sha256:afd5351d9b781a1fad2db90dc7bca0052521a41efd7694c0ade20974824dcb4e,model_input,identity_model_input_v1,-0.168445281626,0.56437471266700001,1.1244957566710001,-0.381671547931,-0.39750401667099999,-0.47104061104400002,0.410340397651,-0.59421189454699996,-0.487975475682,1.4700639483760001,-0.075192860680000001,-0.51093057202299996,-0.34888549929599999,-0.48903596262900001,0.89914000937100003,-0.249781977539
388,0,-0.1587323637037438,0.4687457220095958,false,flipguard_tabular_validation_v2,sha256:73642b2f1284893070280249ba1c6368177a7658c34031fca7accd8cf9cced0e,sha256:afd5351d9b781a1fad2db90dc7bca0052521a41efd7694c0ade20974824dcb4e,model_input,identity_model_input_v1,-0.168445281626,-0.73870402344700004,-0.77066355460799996,1.800945077852,-0.39750401667099999,-1.7728277588229999,0.13835010185300001,-0.42076417918800002,-0.487975475682,0.095125053283,-1.8330210538330001,-0.51093057202299996,-0.34888549929599999,0.29800737391900001,-1.2104308629760001,-0.249781977539
389,0,-0.059477835636151638,0.48828370801792015,false,flipguard_tabular_validation_v2,sha256:73642b2f1284893070280249ba1c6368177a7658c34031fca7accd8cf9cced0e,sha256:afd5351d9b781a1fad2db90dc7bca0052521a41efd7694c0ade20974824dcb4e,model_input,identity_model_input_v1,-0.168445281626,0.18555236138799999,-1.1661010425880001,-0.381671547931,0.0057682334349999998,1.1878497991050001,-0.46120897695099999,-0.59421189454699996,-0.487975475682,-0.57916004869399995,1.0321302472889999,-0.51093057202299996,-0.34888549929599999,-1.3814467336209999,1.289150857433,-0.249781977539
390,1,-0.078317545881935569,0.48457336494715841,false,flipguard_tabular_validation_v2,sha256:73642b2f1284893070280249ba1c6368177a7658c34031fca7accd8cf9cced0e,sha256:afd5351d9b781a1fad2db90dc7bca0052521a41efd7694c0ade20974824dcb4e,model_input,identity_model_input_v1,-0.168445281626,0.032094232976000003,-1.1661010425880001,-0.381671547931,1.005947425165,-1.1059920750059999,-0.91518192997400005,-0.40714263086199998,-0.21388408359,-0.46154731520199999,-0.98599446143199998,-0.51093057202299996,-0.34888549929599999,-1.3814467336209999,-0.21820814257999999,-0.249781977539
391,0,-0.036012926615133049,0.49290564028192574,false,flipguard_tabular_validation_v2,sha256:73642b2f1284893070280249ba1c6368177a7658c34031fca7accd8cf9cced0e,sha256:afd5351d9b781a1fad2db90dc7bca0052521a41efd7694c0ade20974824dcb4e,model_input,identity_model_input_v1,-0.168445281626,-0.50807837903300002,-0.94323216482200001,-0.381671547931,-0.39750401667099999,0.28097148866900001,-0.384972998924,-0.59421189454699996,-0.487975475682,-0.10536070950199999,-0.28163492475099999,-0.51093057202299996,-0.34888549929599999,-1.3814467336209999,0.62840077150499996,-0.249781977539
392,1,0.058241220096472555,0.51147273013287786,true,flipguard_tabular_validation_v2,sha256:73642b2f1284893070280249ba1c6368177a7658c34031fca7accd8cf9cced0e,sha256:afd5351d9b781a1fad2db90dc7bca0052521a41efd7694c0ade20974824dcb4e,model_input,identity_model_input_v1,-0.168445281626,-0.606291581217,0.36147939043100002,-0.381671547931,-0.39750401667099999,0.36068203830599999,1.685694533285,1.97753642951,-0.487975475682,1.1448500909979999,-1.037486875583,-0.51093057202299996,-0.34888549929599999,2.0622694165,-0.19332940180300001,-0.249781977539
393,1,0.25998522515784728,0.55114679734076677,true,flipguard_tabular_validation_v2,sha256:73642b2f1284893070280249ba1c6368177a7658c34031fca7accd8cf9cced0e,sha256:afd5351d9b781a1fad2db90dc7bca0052521a41efd7694c0ade20974824dcb4e,model_input,identity_model_input_v1,-0.168445281626,0.078570123295000002,1.8464980585990001,-0.381671547931,-0.39750401667099999,1.0776214961799999,0.39017475185099998,-0.21553285106799999,-0.487975475682,1.2453022477169999,1.197000454064,-0.51093057202299996,-0.34888549929599999,0.57491813151299997,-0.59358443724300003,-0.249781977539
394,1,0.3871204080889451,0.5760306615133971,true,flipguard_tabular_validation_v2,sha256:73642b2f1284893070280249ba1c6368177a7658c34031fca7accd8cf9cced0e,sha256:afd5351d9b781a1fad2db90dc7bca0052521a41efd7694c0ade20974824dcb4e,model_input,identity_model_input_v1,-0.168445281626,2.9846286236189998,2.521295494056,-0.381671547931,-0.39750401667099999,-1.54781626442,0.66954272294200001,-0.39987780508800003,0.973435579015,2.0125055946599999,-0.56224496149699998,0.41814587929699998,1.94288035998,0.89423285662700003,1.2335395545200001,4.9661902039930004
395,1,-0.06896591673003058,0.48641502649390028,false,flipguard_tabular_validation_v2,sha256:73642b2f1284893070280249ba1c6368177a7658c34031fca7accd8cf9cced0e,sha256:afd5351d9b781a1fad2db90dc7bca0052521a41efd7694c0ade20974824dcb4e,model_input,identity_model_input_v1,-0.168445281626,-0.15556313548199999,0.36070554016099998,-0.381671547931,-0.39750401667099999,-0.469218655624,-1.301772115323,-0.59421189454699996,-0.487975475682,-0.90562955803099998,-1.1853504134640001,-0.51093057202299996,-0.34888549929599999,0.230546516501,0.032774448199000002,-0.249781977539
396,1,0.015024766746006212,0.50295986548198257,true,flipguard_tabular_validation_v2,sha256:73642b2f1284893070280249ba1c6368177a7658c34031fca7accd8cf9cced0e,sha256:afd5351d9b781a1fad2db90dc7bca0052521a41efd7694c0ade20974824dcb4e,model_input,identity_model_input_v1,-0.168445281626,-0.27394512025700002,0.99371506103700002,0.13691360336399999,-0.39750401667099999,0.43902612137699998,-0.143968939356,0.095946553998999998,-0.487975475682,-0.078573467709999997,-0.54712792248099995,-0.51093057202299996,-0.34888549929599999,-0.0058877266420000003,0.58742402198999999,-0.249781977539
397,1,0.36640744261090491,0.57198549892837547,true,flipguard_tabular_validation_v2,sha256:73642b2f1284893070280249ba1c6368177a7658c34031fca7accd8cf9cced0e,sha256:afd5351d9b781a1fad2db90dc7bca0052521a41efd7694c0ade20974824dcb4e,model_input,identity_model_input_v1,-0.168445281626,-0.26780679512,1.223548591233,-0.381671547931,-0.39750401667099999,0.34337346181299999,-2.3193994607240001,-0.59421189454699996,-0.487975475682,0.86023564696099997,0.32021219109900001,-0.51093057202299996,-0.34888549929599999,-1.0627744928639999,0.286683949657,-0.249781977539
398,0,-0.022041637924624293,0.49565784016314007,false,flipguard_tabular_validation_v2,sha256:73642b2f1284893070280249ba1c6368177a7658c34031fca7accd8cf9cced0e,sha256:afd5351d9b781a1fad2db90dc7bca0052521a41efd7694c0ade20974824dcb4e,model_input,identity_model_input_v1,-0.168445281626,-0.73870402344700004,-1.1661010425880001,-0.381671547931,-0.39750401667099999,0.25910802362599999,-0.386448533983,1.1793136975730001,1.457704675357,-0.46615137238499998,-0.19234991305900001,-0.51093057202299996,-0.31232972485400001,-0.22047750166800001,-0.76041834598199998,-0.249781977539
399,0,0.0063936762438546336,0.5012595531745685,true,flipguard_tabular_validation_v2,sha256:73642b2f1284893070280249ba1c6368177a7658c34031fca7accd8cf9cced0e,sha256:afd5351d9b781a1fad2db90dc7bca0052521a41efd7694c0ade20974824dcb4e,model_input,identity_model_input_v1,-0.168445281626,-0.68872051876399998,-0.541603874682,-0.381671547931,1.0363528725940001,1.283502458669,0.84660692997200004,-0.59421189454699996,0.228595293778,0.23617662334299999,1.268333981924,-0.51093057202299996,-0.34888549929599999,-1.3814467336209999,1.8818502700590001,-0.249781977539
403,1,-0.06757129648098946,0.486689688682999,false,flipguard_tabular_validation_v2,sha256:73642b2f1284893070280249ba1c6368177a7658c34031fca7accd8cf9cced0e,sha256:afd5351d9b781a1fad2db90dc7bca0052521a41efd7694c0ade20974824dcb4e,model_input,identity_model_input_v1,-0.168445281626,-0.73870402344700004,-0.94632756590199996,-0.381671547931,-0.39750401667099999,-0.34350373162600001,-0.094784437402999994,-0.59421189454699996,-0.487975475682,-0.113313171909,-0.39028864268300001,-0.51093057202299996,-0.34888549929599999,-1.3814467336209999,0.57644810694100002,-0.249781977539
404,0,0.21398919472347588,0.5421166759222863,true,flipguard_tabular_validation_v2,sha256:73642b2f1284893070280249ba1c6368177a7658c34031fca7accd8cf9cced0e,sha256:afd5351d9b781a1fad2db90dc7bca0052521a41efd7694c0ade20974824dcb4e,model_input,identity_model_input_v1,-0.168445281626,-0.47212533180600003,-0.55862858062200005,-0.381671547931,0.072980275119000002,1.006565234789,-0.46219266699,-0.59421189454699996,0.34536068502799999,0.42326876523200002,0.76144076739699995,1.314866434302,-0.34888549929599999,-1.1315203189950001,-1.1094524445289999,5.548868144149
405,0,-0.28063359545807826,0.44480358713123214,false,flipguard_tabular_validation_v2,sha256:73642b2f1284893070280249ba1c6368177a7658c34031fca7accd8cf9cced0e,sha256:afd5351d9b781a1fad2db90dc7bca0052521a41efd7694c0ade20974824dcb4e,model_input,identity_model_input_v1,-0.168445281626,-0.697489554673,-0.73119719083699997,-0.381671547931,-0.39750401667099999,0.581594133013,0.046375083200999999,-0.52610415291400003,-0.487975475682,-1.471928591535,-0.306200113153,-0.51093057202299996,-0.34888549929599999,0.61218222418199997,-1.0955496188010001,-0.249781977539
410,1,0.22673999599080552,0.54462115146707002,true,flipguard_tabular_validation_v2,sha256:73642b2f1284893070280249ba1c6368177a7658c34031fca7accd8cf9cced0e,sha256:afd5351d9b781a1fad2db90dc7bca0052521a41efd7694c0ade20974824dcb4e,model_input,identity_model_input_v1,-0.168445281626,-0.58524589503500002,-0.86507328755000001,-0.381671547931,1.2155849837520001,2.0532786237309999,1.3118923184439999,3.204383882123,3.5348995302250001,0.28933255627299997,-0.16117102008699999,3.3810215275359998,0.219134995887,1.1056102098709999,0.54717900014499998,-0.249781977539
411,1,0.20694565345948387,0.54073284269652133,true,flipguard_tabular_validation_v2,sha256:73642b2f1284893070280249ba1c6368177a7658c34031fca7accd8cf9cced0e,sha256:afd5351d9b781a1fad2db90dc7bca0052521a41efd7694c0ade20974824dcb4e,model_input,identity_model_input_v1,-0.168445281626,1.318511800862,0.65863789411899998,-0.381671547931,-0.39750401667099999,1.036172010369,0.20966762968399999,0.034195534919000001,-0.487975475682,0.94729418278400002,1.215896752835,-0.252083401506,-0.34888549929599999,0.53958149191299998,-0.232842695978,-0.249781977539
413,1,0.16521410034466216,0.53252913923051548,true,flipguard_tabular_validation_v2,sha256:73642b2f1284893070280249ba1c6368177a7658c34031fca7accd8cf9cced0e,sha256:afd5351d9b781a1fad2db90dc7bca0052521a41efd7694c0ade20974824dcb4e,model_input,identity_model_input_v1,-0.168445281626,-0.47650984975999999,0.98907195941699999,-0.381671547931,-0.39750401667099999,0.00039035394900000002,-0.25119115361299998,-0.59421189454699996,-0.487975475682,0.78531508007399997,0.24793384830099999,-0.51093057202299996,-0.34888549929599999,-0.139524472766,-0.94408199112900004,-0.249781977539
416,0,0.12305376860889811,0.52423413918210171,true,flipguard_tabular_validation_v2,sha256:73642b2f1284893070280249ba1c6368177a7658c34031fca7accd8cf9cced0e,sha256:afd5351d9b781a1fad2db90dc7bca0052521a41efd7694c0ade20974824dcb4e,model_input,identity_model_input_v1,-0.168445281626,-0.048580897388999997,-0.89215804700099999,-0.381671547931,2.8046696835740001,1.160064978946,0.051293533395999999,-0.072052542028000002,-0.17823991152400001,0.17213837343400001,1.71050737316,1.0319834550939999,-0.34888549929599999,-0.843044842987,1.1823186176260001,-0.249781977539
417,0,-0.40236875223557383,0.4209939307997867,false,flipguard_tabular_validation_v2,sha256:73642b2f1284893070280249ba1c6368177a7658c34031fca7accd8cf9cced0e,sha256:afd5351d9b781a1fad2db90dc7bca0052521a41efd7694c0ade20974824dcb4e,model_input,identity_model_input_v1,-0.168445281626,-0.73870402344700004,-0.56868863413299997,-0.381671547931,3.6000121768389999,0.44494747649299998,2.0732684086719999,-0.59421189454699996,-0.487975475682,-1.5694508936839999,0.91639041731799997,-0.51093057202299996,-0.34888549929599999,-0.79036112576499995,2.0355130807399999,-0.249781977539
418,1,-0.085254041561585558,0.48320743240366448,false,flipguard_tabular_validation_v2,sha256:73642b2f1284893070280249ba1c6368177a7658c34031fca7accd8cf9cced0e,sha256:afd5351d9b781a1fad2db90dc7bca0052521a41efd7694c0ade20974824dcb4e,model_input,identity_model_input_v1,-0.168445281626,-0.73870402344700004,-0.70875553300600003,-0.18506508947299999,-0.39750401667099999,0.087388725266,0.57560032421200003,-0.55062293990199995,-0.487975475682,0.28556560039599999,-0.96379131037700005,-0.51093057202299996,-0.34888549929599999,0.381530340247,-1.2104308629760001,-0.249781977539
419,1,0.42736062705241251,0.58387783589751374,true,flipguard_tabular_validation_v2,sha256:73642b2f1284893070280249ba1c6368177a7658c34031fca7accd8cf9cced0e,sha256:afd5351d9b781a1fad2db90dc7bca0052521a41efd7694c0ade20974824dcb4e,model_input,identity_model_input_v1,-0.168445281626,0.098738905885999997,1.8689397164299999,0.30502637219099998,-0.39750401667099999,-0.238285806106,0.96612526971699997,-0.42530469529699999,1.694922786002,2.3515316235869999,0.88048744965299997,0.90533323237700003,1.26800452412,-0.87131415466700002,-1.0070105707420001,-0.249781977539
420,0,-0.29062165126583228,0.44284571941689649,false,flipguard_tabular_validation_v2,sha256:73642b2f1284893070280249ba1c6368177a7658c34031fca7accd8cf9cced0e,sha256:afd5351d9b781a1fad2db90dc7bca0052521a41efd7694c0ade20974824dcb4e,model_input,identity_model_input_v1,-0.168445281626,1.5771983601849999,0.51934484551500004,-0.381671547931,-0.39750401667099999,0.049127661441000003,-0.24479716835900001,-0.58785517199399995,-0.487975475682,-1.6925047856640001,-0.155502130456,0.17316552148600001,4.9910695519499999,0.767663438423,0.397906555484,-0.249781977539
422,0,-0.21089854473833566,0.45849050823392956,false,flipguard_tabular_validation_v2,sha256:73642b2f1284893070280249ba1c6368177a7658c34031fca7accd8cf9cced0e,sha256:afd5351d9b781a1fad2db90dc7bca0052521a41efd7694c0ade20974824dcb4e,model_input,identity_model_input_v1,-0.168445281626,-0.340589793167,-0.33189045150699997,-0.381671547931,-0.39750401667099999,-0.16085270074499999,0.362631430757,-0.59421189454699996,-0.487975475682,-0.96506375075700002,-0.341158265879,-0.51093057202299996,-0.34888549929599999,0.116184301068,0.193022807909,-0.249781977539
426,1,0.010069745533916107,0.50198373578590183,true,flipguard_tabular_validation_v2,sha256:73642b2f1284893070280249ba1c6368177a7658c34031fca7accd8cf9cced0e,sha256:afd5351d9b781a1fad2db90dc7bca0052521a41efd7694c0ade20974824dcb4e,model_input,identity_model_input_v1,-0.168445281626,0.18467545779700001,0.508510941735,-0.381671547931,-0.39750401667099999,-1.769639336837,-1.2884922997949999,-0.59421189454699996,0.325694934923,-0.53856063535300003,-0.13424379433899999,-0.51093057202299996,1.1695851313900001,-1.220183160173,-0.55187596005799999,-0.249781977539
428,0,-0.25253660351829088,0.45031471092789327,false,flipguard_tabular_validation_v2,sha256:73642b2f1284893070280249ba1c6368177a7658c34031fca7accd8cf9cced0e,sha256:afd5351d9b781a1fad2db90dc7bca0052521a41efd7694c0ade20974824dcb4e,model_input,identity_model_input_v1,-0.168445281626,-0.73870402344700004,-1.1661010425880001,-0.381671547931,2.913489179635,0.025442240977,0.59576597001300002,0.805175170203,-0.487975475682,-1.1140677832229999,0.112825312089,-0.51093057202299996,-0.34888549929599999,1.221899878374,-1.2104308629760001,-0.249781977539
429,1,0.1323553161296073,0.52606472291303508,true,flipguard_tabular_validation_v2,sha256:73642b2f1284893070280249ba1c6368177a7658c34031fca7accd8cf9cced0e,sha256:afd5351d9b781a1fad2db90dc7bca0052521a41efd7694c0ade20974824dcb4e,model_input,identity_model_input_v1,-0.168445281626,0.76430873139800004,0.391659550962,-0.381671547931,0.044175114396999997,1.4843730437530001,0.61691530585300003,0.24305927592599999,0.87633593786999997,0.38936616233999999,-0.48240809919099997,0.98298738353199999,-0.34888549929599999,1.6350173195169999,2.4606468569570001,-0.15735720082499999
430,1,0.72434628031273152,0.64117602434171295,true,flipguard_tabular_validation_v2,sha256:73642b2f1284893070280249ba1c6368177a7658c34031fca7accd8cf9cced0e,sha256:afd5351d9b781a1fad2db90dc7bca0052521a41efd7694c0ade20974824dcb4e,model_input,identity_model_input_v1,-0.168445281626,0.83972244021800002,2.3982533011229998,1.8636311950419999,1.8556996664600001,0.55517577941899998,-1.5221186840709999,-0.13380356110899999,2.619213040949,1.975254586543,0.305095152082,3.5927215348520001,-0.34888549929599999,0.31663942025399999,0.96645895500300005,0.20832343748000001
432,0,-0.31040447082277817,0.43896995029250974,false,flipguard_tabular_validation_v2,sha256:73642b2f1284893070280249ba1c6368177a7658c34031fca7accd8cf9cced0e,sha256:afd5351d9b781a1fad2db90dc7bca0052521a41efd7694c0ade20974824dcb4e,model_input,identity_model_input_v1,-0.168445281626,0.89672117362799997,-0.98115082805300002,-0.381671547931,-0.39750401667099999,-1.1674830704400001,0.80234087821400002,-0.59421189454699996,-0.487975475682,-1.1412735756679999,-0.69735349770900001,-0.51093057202299996,-0.34888549929599999,0.54279391369499996,0.17838825451099999,-0.249781977539
433,0,-0.40002822187739412,0.42145049447998112,false,flipguard_tabular_validation_v2,sha256:73642b2f1284893070280249ba1c6368177a7658c34031fca7accd8cf9cced0e,sha256:afd5351d9b781a1fad2db90dc7bca0052521a41efd7694c0ade20974824dcb4e,model_input,identity_model_input_v1,2.8364417515659999,-0.70538168699100001,-1.1661010425880001,-0.381671547931,1.537242611813,0.37480219281299998,1.132860731337,-0.22370578006399999,-0.487975475682,-1.649394068406,0.88615633928399995,-0.51093057202299996,-0.34888549929599999,-0.16136894088199999,0.60937585208699996,-0.249781977539
436,1,0.51020298415557852,0.59997875007230939,true,flipguard_tabular_validation_v2,sha256:73642b2f1284893070280249ba1c6368177a7658c34031fca7accd8cf9cced0e,sha256:afd5351d9b781a1fad2db90dc7bca0052521a41efd7694c0ade20974824dcb4e,model_input,identity_model_input_v1,-0.168445281626,1.7815168968699999,2.1924091292979999,-0.26769678940500002,-0.32869168828000001,0.070991126483999994,1.75356914598,0.057806218685000001,2.9498434645930001,2.5444834746180001,2.7960997375429999,-0.033912214927000001,0.99805418977500004,-0.11575255158,0.55303282150400002,2.0728928459780001
437,0,-0.20131958917829393,0.46037267852303038,false,flipguard_tabular_validation_v2,sha256:73642b2f1284893070280249ba1c6368177a7658c34031fca7accd8cf9cced0e,sha256:afd5351d9b781a1fad2db90dc7bca0052521a41efd7694c0ade20974824dcb4e,model_input,identity_model_input_v1,-0.168445281626,-0.73870402344700004,-0.20265745641300001,-0.381671547931,-0.39750401667099999,-1.7213575182,0.60461918036399998,-0.59421189454699996,-0.487975475682,-0.545257445801,-1.0823655851639999,-0.51093057202299996,-0.34888549929599999,0.283872718079,-1.164332019772,-0.249781977539
441,0,-0.093684148365234379,0.4815475117300741,false,flipguard_tabular_validation_v2,sha256:73642b2f1284893070280249ba1c6368177a7658c34031fca7accd8cf9cced0e,sha256:afd5351d9b781a1fad2db90dc7bca0052521a41efd7694c0ade20974824dcb4e,model_input,identity_model_input_v1,-0.168445281626,-0.119610088254,0.89001912485500001,-0.381671547931,-0.39750401667099999,0.94006386195000002,0.26819718700799999,-0.59421189454699996,-0.487975475682,-0.786342621927,0.58050870666700005,-0.51093057202299996,-0.34888549929599999,1.476966167851,0.68108516373799999,-0.249781977539
445,0,-0.20634512015928894,0.45938515463344826,false,flipguard_tabular_validation_v2,sha256:73642b2f1284893070280249ba1c6368177a7658c34031fca7accd8cf9cced0e,sha256:afd5351d9b781a1fad2db90dc7bca0052521a41efd7694c0ade20974824dcb4e,model_input,identity_model_input_v1,-0.168445281626,1.5947364320040001,0.82965880379300005,-0.381671547931,-0.39750401667099999,-0.715638126215,0.92333475301800005,-0.57514172688999998,0.27161412213300001,-1.216194142555,-0.43327772238700002,0.40335461240999998,0.30630645801900003,1.126169709275,0.34449043557999998,-0.249781977539
446,1,-0.039375388284158874,0.49224329270176809,false,flipguard_tabular_validation_v2,sha256:73642b2f1284893070280249ba1c6368177a7658c34031fca7accd8cf9cced0e,sha256:afd5351d9b781a1fad2db90dc7bca0052521a41efd7694c0ade20974824dcb4e,model_input,identity_model_input_v1,-0.168445281626,-0.73870402344700004,-0.20962210884400001,-0.34462975141000002,-0.39750401667099999,-0.423214281262,0.48313346054099998,-0.59421189454699996,-0.487975475682,0.478098900775,-1.4087991464289999,-0.51093057202299996,-0.34888549929599999,0.59226520913500003,-0.62358527170900002,-0.249781977539
448,1,0.35431167443365252,0.56962148330113371,true,flipguard_tabular_validation_v2,sha256:73642b2f1284893070280249ba1c6368177a7658c34031fca7accd8cf9cced0e,sha256:afd5351d9b781a1fad2db90dc7bca0052521a41efd7694c0ade20974824dcb4e,model_input,identity_model_input_v1,-0.168445281626,-0.73870402344700004,1.5377318008609999,1.3307991989300001,-0.39750401667099999,-0.43596796920399999,0.14769515722400001,-0.59421189454699996,-0.487975475682,2.1401635438239999,1.3514776965149999,-0.51093057202299996,-0.34888549929599999,0.063500583846000005,-0.54236350034900005,-0.249781977539
451,0,-0.15031039311479727,0.47040243653606456,false,flipguard_tabular_validation_v2,sha256:73642b2f1284893070280249ba1c6368177a7658c34031fca7accd8cf9cced0e,sha256:afd5351d9b781a1fad2db90dc7bca0052521a41efd7694c0ade20974824dcb4e,model_input,identity_model_input_v1,-0.168445281626,-0.73870402344700004,-1.1661010425880001,-0.381671547931,-0.39750401667099999,0.32105450791500001,2.2670553463659999,-0.25821370249100001,1.8116881772519999,0.29895922129199998,1.401080480789,-0.51093057202299996,2.8567747210409999,0.237613844421,-1.089695797441,-0.249781977539
452,0,-0.22047547447078439,0.45660920028209862,false,flipguard_tabular_validation_v2,sha256:73642b2f1284893070280249ba1c6368177a7658c34031fca7accd8cf9cced0e,sha256:afd5351d9b781a1fad2db90dc7bca0052521a41efd7694c0ade20974824dcb4e,model_input,identity_model_input_v1,-0.168445281626,-0.66241341103600004,1.666964795955,-0.14802329295200001,-0.39750401667099999,0.57066240049100003,2.737751030054,-0.098387535459999995,1.7158176454880001,-0.100756652319,0.76663724955900003,-0.51093057202299996,5.9583915833500001,1.6896284898080001,-1.0238403071490001,-0.249781977539
456,0,-0.36085196449592205,0.42910011510760493,false,flipguard_tabular_validation_v2,sha256:73642b2f1284893070280249ba1c6368177a7658c34031fca7accd8cf9cced0e,sha256:afd5351d9b781a1fad2db90dc7bca0052521a41efd7694c0ade20974824dcb4e,model_input,identity_model_input_v1,-0.168445281626,-0.73870402344700004,-1.1661010425880001,-0.381671547931,-0.39750401667099999,1.1072282717590001,0.38574814667500001,-0.59421189454699996,-0.487975475682,-1.681622468687,-0.65956090016699997,-0.51093057202299996,-0.34888549929599999,-0.092623114751000005,-0.13844982655999999,-0.249781977539
461,0,-0.10218988936317693,0.47987286037892374,false,flipguard_tabular_validation_v2,sha256:73642b2f1284893070280249ba1c6368177a7658c34031fca7accd8cf9cced0e,sha256:afd5351d9b781a1fad2db90dc7bca0052521a41efd7694c0ade20974824dcb4e,model_input,identity_model_input_v1,-0.168445281626,0.579282073713,1.372901693347,-0.381671547931,-0.39750401667099999,0.601635642636,-0.93928233593099997,-0.59421189454699996,-0.487975475682,-1.5485233610339999,0.343360157093,-0.51093057202299996,-0.34888549929599999,1.1313095841259999,0.385467185095,-0.249781977539
462,0,-0.10205815970763479,0.47989879463486018,false,flipguard_tabular_validation_v2,sha256:73642b2f1284893070280249ba1c6368177a7658c34031fca7accd8cf9cced0e,sha256:afd5351d9b781a1fad2db90dc7bca0052521a41efd7694c0ade20974824dcb4e,model_input,identity_model_input_v1,-0.168445281626,-0.73870402344700004,-1.1661010425880001,0.974628078535,-0.39750401667099999,-0.35580193071299998,-1.2432425579990001,1.0449144207509999,-0.487975475682,-0.70974785242899996,-1.0951205868339999,-0.51093057202299996,-0.34888549929599999,0.55885602260400002,-1.035547949868,-0.249781977539
464,1,0.063724594392158204,0.51255270999782376,true,flipguard_tabular_validation_v2,sha256:73642b2f1284893070280249ba1c6368177a7658c34031fca7accd8cf9cced0e,sha256:afd5351d9b781a1fad2db90dc7bca0052521a41efd7694c0ade20974824dcb4e,model_input,identity_model_input_v1,-0.168445281626,-0.73870402344700004,-0.297841039626,-0.381671547931,-0.39750401667099999,-0.58582380252099997,-0.67171864530799996,-0.59421189454699996,-0.487975475682,0.14535113164300001,0.48744443522100001,-0.51093057202299996,-0.34888549929599999,-1.1732818021589999,-0.36309022122200002,-0.249781977539
466,0,-0.12446497149549184,0.47548811322631412,false,flipguard_tabular_validation_v2,sha256:73642b2f1284893070280249ba1c6368177a7658c34031fca7accd8cf9cced0e,sha256:afd5351d9b781a1fad2db90dc7bca0052521a41efd7694c0ade20974824dcb4e,model_input,identity_model_input_v1,-0.168445281626,-0.73870402344700004,0.096048747813999996,-0.381671547931,-0.39750401667099999,-1.559658974652,0.089657444919999996,-0.59421189454699996,-0.487975475682,-0.51344759617400004,-0.744121837166,-0.51093057202299996,-0.34888549929599999,-0.82826770278999995,-0.027958948402999999,-0.249781977539
467,1,-0.17098262922018886,0.46633641679297427,false,flipguard_tabular_validation_v2,sha256:73642b2f1284893070280249ba1c6368177a7658c34031fca7accd8cf9cced0e,sha256:afd5351d9b781a1fad2db90dc7bca0052521a41efd7694c0ade20974824dcb4e,model_input,identity_model_input_v1,-0.168445281626,-0.73870402344700004,-0.87049023944000004,-0.381671547931,-0.39750401667099999,-0.73932354667800004,-0.507442408786,-0.59421189454699996,-0.487975475682,-0.646965254479,-1.823572904448,-0.51093057202299996,-0.34888549929599999,-0.37852865333399999,-1.2104308629760001,-0.249781977539
469,1,0.077611717466990943,0.51528763833984803,true,flipguard_tabular_validation_v2,sha256:73642b2f1284893070280249ba1c6368177a7658c34031fca7accd8cf9cced0e,sha256:afd5351d9b781a1fad2db90dc7bca0052521a41efd7694c0ade20974824dcb4e,model_input,identity_model_input_v1,-0.168445281626,-0.57559995553499999,-0.317961146646,-0.381671547931,-0.39750401667099999,-0.47377354417500001,-1.255046838468,-0.59421189454699996,-0.487975475682,0.10307751569,-0.35958215717999997,-0.51093057202299996,-0.34888549929599999,-1.3814467336209999,-0.409189064426,-0.249781977539
474,1,0.43274989277884296,0.58492756031269943,true,flipguard_tabular_validation_v2,sha256:73642b2f1284893070280249ba1c6368177a7658c34031fca7accd8cf9cced0e,sha256:afd5351d9b781a1fad2db90dc7bca0052521a41efd7694c0ade20974824dcb4e,model_input,identity_model_input_v1,-0.168445281626,-0.39408091221300001,2.360334637892,4.7870837512469997,-0.39750401667099999,-0.54209687243500004,0.23229250058199999,1.903980068546,3.5594817178559999,2.3958979928040001,1.0968500705790001,-0.51093057202299996,2.5896363693460001,-0.88866123228899996,0.193022807909,-0.249781977539
476,0,-0.071455274201366339,0.48592477034375325,false,flipguard_tabular_validation_v2,sha256:73642b2f1284893070280249ba1c6368177a7658c34031fca7accd8cf9cced0e,sha256:afd5351d9b781a1fad2db90dc7bca0052521a41efd7694c0ade20974824dcb4e,model_input,identity_model_input_v1,-0.168445281626,0.64943436098700003,0.33903773260100001,-0.381671547931,-0.39750401667099999,-0.26925904825000002,-1.327348056338,-0.59421189454699996,-0.487975475682,-1.1981964644759999,0.14589383493800001,-0.51093057202299996,-0.34888549929599999,0.36289829391200001,-0.587730615884,-0.249781977539
478,0,0.23535793514367073,0.54631336415820853,true,flipguard_tabular_validation_v2,sha256:73642b2f1284893070280249ba1c6368177a7658c34031fca7accd8cf9cced0e,sha256:afd5351d9b781a1fad2db90dc7bca0052521a41efd7694c0ade20974824dcb4e,model_input,identity_model_input_v1,-0.168445281626,-0.73870402344700004,-1.1661010425880001,-0.381671547931,2.4158000138290001,1.29079028035,-0.22069676240200001,-0.54245001090599998,-0.487975475682,0.56683163921000002,2.4786419181929999,1.9111393806720001,-0.34888549929599999,-0.99659860415799995,0.67523134237899995,-0.249781977539
479,1,0.20561772797925762,0.54047191945204476,true,flipguard_tabular_validation_v2,sha256:73642b2f1284893070280249ba1c6368177a7658c34031fca7accd8cf9cced0e,sha256:afd5351d9b781a1fad2db90dc7bca0052521a41efd7694c0ade20974824dcb4e,model_input,identity_model_input_v1,-0.168445281626,-0.56156949808000001,1.191046879892,-0.381671547931,-0.39750401667099999,0.029086151817999999,-0.964366431927,-0.59421189454699996,-0.487975475682,0.62668438258900006,0.037712524476000001,-0.51093057202299996,-0.34888549929599999,-0.33548220145699997,-0.123083545492,-0.249781977539
480,1,0.41921092266211241,0.58228986694718932,true,flipguard_tabular_validation_v2,sha256:73642b2f1284893070280249ba1c6368177a7658c34031fca7accd8cf9cced0e,sha256:afd5351d9b781a1fad2db90dc7bca0052521a41efd7694c0ade20974824dcb4e,model_input,identity_model_input_v1,-0.168445281626,1.817469944098,-1.1661010425880001,-0.381671547931,-0.39750401667099999,0.23177869232199999,-1.786731304576,-0.52519604969199996,-0.487975475682,1.2892500662819999,0.48886165762799999,2.1487241050389998,-0.34888549929599999,-1.1283078972130001,-0.075521246947000006,-0.249781977539
481,1,0.053338884663529117,0.51050715327439533,true,flipguard_tabular_validation_v2,sha256:73642b2f1284893070280249ba1c6368177a7658c34031fca7accd8cf9cced0e,sha256:afd5351d9b781a1fad2db90dc7bca0052521a41efd7694c0ade20974824dcb4e,model_input,identity_model_input_v1,-0.168445281626,-0.70976620494599996,-1.134373181517,-0.381671547931,0.73549897172099998,-0.161763678455,-1.120773148137,1.518944302515,2.1460059290409998,-0.852892175754,-1.033235208359,1.419329756689,-0.34888549929599999,-1.304991095214,-1.18262521152,-0.249781977539
482,1,0.0015809069570237469,0.50031143865472916,true,flipguard_tabular_validation_v2,sha256:73642b2f1284893070280249ba1c6368177a7658c34031fca7accd8cf9cced0e,sha256:afd5351d9b781a1fad2db90dc7bca0052521a41efd7694c0ade20974824dcb4e,model_input,identity_model_input_v1,-0.168445281626,-0.36514309371300002,-0.71958943678700005,-0.381671547931,-0.39750401667099999,-0.107105015847,-0.377103478612,-0.59421189454699996,-0.487975475682,-0.02123202825,0.62727704612400004,-0.48689476333199999,-0.34888549929599999,-0.32327499868699999,-1.136526368315,-0.249781977539
483,0,-0.048558252824612583,0.49043448217632951,false,flipguard_tabular_validation_v2,sha256:73642b2f1284893070280249ba1c6368177a7658c34031fca7accd8cf9cced0e,sha256:afd5351d9b781a1fad2db90dc7bca0052521a41efd7694c0ade20974824dcb4e,model_input,identity_model_input_v1,-0.168445281626,-0.73870402344700004,0.71125971247999997,1.6299829400620001,-0.39750401667099999,-0.52706574021700003,-1.2948862850489999,-0.59421189454699996,-0.487975475682,-0.59673917612000005,-0.83387925632799997,-0.51093057202299996,-0.34888549929599999,-0.15173167553700001,-0.24601379403599999,-0.249781977539
484,0,-0.038935229411992664,0.49232999590160692,false,flipguard_tabular_validation_v2,sha256:73642b2f1284893070280249ba1c6368177a7658c34031fca7accd8cf9cced0e,sha256:afd5351d9b781a1fad2db90dc7bca0052521a41efd7694c0ade20974824dcb4e,model_input,identity_model_input_v1,-0.168445281626,0.156614542887,1.9424554920820001,5.6134007505649999,-0.39750401667099999,0.75376892022800002,-1.6480310090700001,-0.41985607596699998,0.13887030892300001,-0.62478206987100005,1.18046619264,-0.51093057202299996,3.05642548915,1.117817412642,-0.090155800346000001,-0.249781977539
485,1,-0.034477588195019518,0.49320807906018127,false,flipguard_tabular_validation_v2,sha256:73642b2f1284893070280249ba1c6368177a7658c34031fca7accd8cf9cced0e,sha256:afd5351d9b781a1fad2db90dc7bca0052521a41efd7694c0ade20974824dcb4e,model_input,identity_model_input_v1,-0.168445281626,-0.53964690830700002,-0.85810863512000002,-0.381671547931,-0.39750401667099999,-0.38130930659599999,-0.73467480780799999,-0.59421189454699996,-0.487975475682,-0.32761110624299999,0.038184931945,-0.51093057202299996,-0.34888549929599999,-1.3814467336209999,-0.0082023013160000009,-0.249781977539
486,1,0.54761653683245504,0.60722357228753465,true,flipguard_tabular_validation_v2,sha256:73642b2f1284893070280249ba1c6368177a7658c34031fca7accd8cf9cced0e,sha256:afd5351d9b781a1fad2db90dc7bca0052521a41efd7694c0ade20974824dcb4e,model_input,identity_model_input_v1,-0.168445281626,-0.553677365762,1.986564957473,-0.381671547931,-0.39750401667099999,0.42353950030499998,-0.42825536064300002,-0.465261237055,-0.487975475682,2.270332796905,0.89749411854700001,1.282510537988,-0.34888549929599999,-0.19670558048199999,-0.117229724132,-0.249781977539
487,0,-0.035256999952156684,0.4930545463151329,false,flipguard_tabular_validation_v2,sha256:73642b2f1284893070280249ba1c6368177a7658c34031fca7accd8cf9cced0e,sha256:afd5351d9b781a1fad2db90dc7bca0052521a41efd7694c0ade20974824dcb4e,model_input,identity_model_input_v1,-0.168445281626,-0.73870402344700004,0.92252083619500003,-0.381671547931,-0.11585355628000001,1.961725363862,-0.23889502812499999,-0.59421189454699996,-0.27165222452400001,-0.65240641296799995,0.12085623906699999,-0.478574675708,-0.34888549929599999,0.17465037749699999,0.90206692005099998,-0.249781977539
488,0,-0.10225248170958488,0.47986053753513896,false,flipguard_tabular_validation_v2,sha256:73642b2f1284893070280249ba1c6368177a7658c34031fca7accd8cf9cced0e,sha256:afd5351d9b781a1fad2db90dc7bca0052521a41efd7694c0ade20974824dcb4e,model_input,identity_model_input_v1,-0.168445281626,1.078240216949,-0.132237081842,-0.381671547931,-0.39750401667099999,-0.70698383796800002,-0.41054893994000002,-0.59421189454699996,-0.487975475682,-0.91190781782599994,0.43122794637700002,-0.51093057202299996,-0.34888549929599999,0.44063890103300002,0.89401791568199995,-0.249781977539
489,0,0.00784893428230048,0.50154623811945465,true,flipguard_tabular_validation_v2,sha256:73642b2f1284893070280249ba1c6368177a7658c34031fca7accd8cf9cced0e,sha256:afd5351d9b781a1fad2db90dc7bca0052521a41efd7694c0ade20974824dcb4e,model_input,identity_model_input_v1,-0.168445281626,2.0945714788309999,0.86293436540400004,-0.381671547931,-0.39750401667099999,-1.0522443901080001,-0.20544956679699999,-0.59421189454699996,-0.487975475682,-0.40462442639500001,0.48602721281299999,-0.19938951322199999,-0.34888549929599999,0.86403609187800001,0.53181271907700001,-0.249781977539
490,1,0.085484245580772111,0.51683789765568244,true,flipguard_tabular_validation_v2,sha256:73642b2f1284893070280249ba1c6368177a7658c34031fca7accd8cf9cced0e,sha256:afd5351d9b781a1fad2db90dc7bca0052521a41efd7694c0ade20974824dcb4e,model_input,identity_model_input_v1,-0.168445281626,0.62225034966799997,0.24540184992799999,-0.381671547931,-0.39750401667099999,0.42490596686999998,0.79004475272600005,-0.45708830805900003,-0.487975475682,1.069510973459,-0.83907573848899997,-0.51093057202299996,-0.34888549929599999,-0.62588513053499994,1.7655055705430001,-0.249781977539
491,0,-0.17992574942839437,0.46457792650589086,false,flipguard_tabular_validation_v2,sha256:73642b2f1284893070280249ba1c6368177a7658c34031fca7accd8cf9cced0e,sha256:afd5351d9b781a1fad2db90dc7bca0052521a41efd7694c0ade20974824dcb4e,model_input,identity_model_input_v1,-0.168445281626,-0.097687498481000001,0.0031867154120000002,-0.381671547931,-0.39750401667099999,-0.46056436737799999,-0.37513609853399998,-0.59421189454699996,-0.487975475682,-1.124112998895,-1.241566902308,-0.51093057202299996,-0.34888549929599999,-0.039939397528999998,1.8335562438449999,-0.076987829768999996
493,1,0.47484220257954785,0.5931156535027724,true,flipguard_tabular_validation_v2,sha256:73642b2f1284893070280249ba1c6368177a7658c34031fca7accd8cf9cced0e,sha256:afd5351d9b781a1fad2db90dc7bca0052521a41efd7694c0ade20974824dcb4e,model_input,identity_model_input_v1,-0.168445281626,1.2413442848609999,2.6938641042709999,-0.381671547931,-0.39750401667099999,-0.59994395702799996,0.18458353368800001,-0.59421189454699996,-0.487975475682,2.3251629324479999,1.0637815477300001,-0.227123138635,-0.34888549929599999,-0.58605110043999997,0.50693397829999998,-0.249781977539
496,1,0.031502357510780489,0.50620583937805075,true,flipguard_tabular_validation_v2,sha256:73642b2f1284893070280249ba1c6368177a7658c34031fca7accd8cf9cced0e,sha256:afd5351d9b781a1fad2db90dc7bca0052521a41efd7694c0ade20974824dcb4e,model_input,identity_model_input_v1,-0.168445281626,1.407079063546,0.18504152886700001,-0.381671547931,-0.39750401667099999,-0.74160099095300003,-1.21078078671,-0.17557630931000001,-0.487975475682,-0.52684121706999998,-1.778221787398,0.91550222836200001,-0.34888549929599999,-0.15879900345699999,0.78864913121500002,-0.23772657188099999
497,0,-0.38792353221840542,0.42381257032700892,false,flipguard_tabular_validation_v2,sha256:73642b2f1284893070280249ba1c6368177a7658c34031fca7accd8cf9cced0e,sha256:afd5351d9b781a1fad2db90dc7bca0052521a41efd7694c0ade20974824dcb4e,model_input,identity_model_input_v1,-0.168445281626,-0.73870402344700004,-1.1661010425880001,-0.381671547931,-0.21347104539299999,0.71186394556199994,1.843576784553,-0.337218682785,-0.487975475682,-1.2480039921820001,0.20352754618900001,-0.51093057202299996,-0.34888549929599999,1.2161175191660001,-0.90603215229400003,-0.249781977539
498,0,-0.26982438665984854,0.44692317430135997,false,flipguard_tabular_validation_v2,sha256:73642b2f1284893070280249ba1c6368177a7658c34031fca7accd8cf9cced0e,sha256:afd5351d9b781a1fad2db90dc7bca0052521a41efd7694c0ade20974824dcb4e,model_input,identity_model_input_v1,-0.168445281626,-0.73870402344700004,-1.1661010425880001,-0.381671547931,0.74830126537599995,0.055049016557000001,-0.699261966402,-0.59421189454699996,-0.487975475682,-1.6925047856640001,-0.43847420454899999,-0.51093057202299996,-0.34888549929599999,-0.73767740854300001,0.195217990919,-0.249781977539
