row_id,label,scaled_logit,polynomial_score,plaintext_decision,materialization_schema,source_data_sha256,source_model_sha256,source_feature_space,preprocessing_method,x_0,x_1,x_2,x_3,x_4,x_5,x_6,x_7
0,1,0.14205497423468316,0.52797336346507651,true,flipguard_tabular_validation_v2,sha256:5e4437a93ea0b4c125c28c0f6b278f399397203429e782738577f2dcfd5b4bae,sha256:4732af06a200e574b79412c23f8a91a98989217b2dc0ffb6e5f48ddd4e9caa36,model_input,identity_model_input_v1,-0.92609762836499998,-0.66259599847100004,-0.402342990831,0.38457111409,-0.67504030634300005,1.110114593399,1.1922563794909999,-0.083129335880000002
3,0,-0.06292283898531148,0.48760519723736806,false,flipguard_tabular_validation_v2,sha256:5e4437a93ea0b4c125c28c0f6b278f399397203429e782738577f2dcfd5b4bae,sha256:4732af06a200e574b79412c23f8a91a98989217b2dc0ffb6e5f48ddd4e9caa36,model_input,identity_model_input_v1,0.26127968584799999,-0.66259599847100004,-0.402342990831,-1.7187177491929999,-0.67504030634300005,0.02671859658,-1.143812833363,-0.083129335880000002
5,0,-0.02041264369939251,0.49597874321305646,false,flipguard_tabular_validation_v2,sha256:5e4437a93ea0b4c125c28c0f6b278f399397203429e782738577f2dcfd5b4bae,sha256:4732af06a200e574b79412c23f8a91a98989217b2dc0ffb6e5f48ddd4e9caa36,model_input,identity_model_input_v1,-0.45114670268000001,-0.485838110085,-0.402342990831,0.91039332991099997,-0.67504030634300005,-1.0566774002379999,-1.143812833363,-0.083129335880000002
6,0,-0.14910089468676407,0.47064038244046824,false,flipguard_tabular_validation_v2,sha256:5e4437a93ea0b4c125c28c0f6b278f399397203429e782738577f2dcfd5b4bae,sha256:4732af06a200e574b79412c23f8a91a98989217b2dc0ffb6e5f48ddd4e9caa36,model_input,identity_model_input_v1,0.26127968584799999,1.812014438944,0.85808103278299996,0.73511925797099997,-0.67504030634300005,-1.0566774002379999,0.88078048444299994,-0.083129335880000002
8,0,0.076823309507344464,0.51513237838329728,true,flipguard_tabular_validation_v2,sha256:5e4437a93ea0b4c125c28c0f6b278f399397203429e782738577f2dcfd5b4bae,sha256:4732af06a200e574b79412c23f8a91a98989217b2dc0ffb6e5f48ddd4e9caa36,model_input,identity_model_input_v1,0.49875514869100002,-0.13232233331099999,-0.402342990831,0.20929704215,-0.67504030634300005,0.95534373671100004,1.347994327014,-0.083129335880000002
10,1,-0.032639393499388984,0.49357017856752172,false,flipguard_tabular_validation_v2,sha256:5e4437a93ea0b4c125c28c0f6b278f399397203429e782738577f2dcfd5b4bae,sha256:4732af06a200e574b79412c23f8a91a98989217b2dc0ffb6e5f48ddd4e9caa36,model_input,identity_model_input_v1,-0.45114670268000001,1.281740773783,-0.087236984928,0.55984518603,-0.67504030634300005,0.18148945326900001,-0.053647200697999997,-0.083129335880000002
12,0,-0.0023253073804350641,0.49954191449634655,false,flipguard_tabular_validation_v2,sha256:5e4437a93ea0b4c125c28c0f6b278f399397203429e782738577f2dcfd5b4bae,sha256:4732af06a200e574b79412c23f8a91a98989217b2dc0ffb6e5f48ddd4e9caa36,model_input,identity_model_input_v1,0.97370607437599999,0.397951331849,-0.402342990831,-1.0176214614320001,-0.67504030634300005,0.95534373671100004,1.347994327014,-0.083129335880000002
14,1,-0.0083414138733301849,0.49835674378850908,false,flipguard_tabular_validation_v2,sha256:5e4437a93ea0b4c125c28c0f6b278f399397203429e782738577f2dcfd5b4bae,sha256:4732af06a200e574b79412c23f8a91a98989217b2dc0ffb6e5f48ddd4e9caa36,model_input,identity_model_input_v1,0.97370607437599999,-1.016111775245,-0.402342990831,-0.49179924561100002,-0.67504030634300005,-0.59236483017300001,1.347994327014,-0.083129335880000002
16,0,-0.13245336143403358,0.47391598278787361,false,flipguard_tabular_validation_v2,sha256:5e4437a93ea0b4c125c28c0f6b278f399397203429e782738577f2dcfd5b4bae,sha256:4732af06a200e574b79412c23f8a91a98989217b2dc0ffb6e5f48ddd4e9caa36,model_input,identity_model_input_v1,0.73623061153400005,0.75146710862300004,-0.402342990831,0.034022970210000003,-0.67504030634300005,-1.0566774002379999,-1.143812833363,-0.083129335880000002
18,1,0.28191692004819963,0.55544800943634132,true,flipguard_tabular_validation_v2,sha256:5e4437a93ea0b4c125c28c0f6b278f399397203429e782738577f2dcfd5b4bae,sha256:4732af06a200e574b79412c23f8a91a98989217b2dc0ffb6e5f48ddd4e9caa36,model_input,identity_model_input_v1,0.26127968584799999,-1.016111775245,-0.402342990831,0.73511925797099997,-0.67504030634300005,0.800572880022,1.347994327014,2.9902111112240002
24,1,0.13451566604452758,0.52648985025504391,true,flipguard_tabular_validation_v2,sha256:5e4437a93ea0b4c125c28c0f6b278f399397203429e782738577f2dcfd5b4bae,sha256:4732af06a200e574b79412c23f8a91a98989217b2dc0ffb6e5f48ddd4e9caa36,model_input,identity_model_input_v1,0.49875514869100002,-0.83935388685800005,-0.402342990831,0.91039332991099997,-0.67504030634300005,1.419656306776,-0.20938514822199999,-0.083129335880000002
26,0,-0.053401697943916977,0.48948047465636768,false,flipguard_tabular_validation_v2,sha256:5e4437a93ea0b4c125c28c0f6b278f399397203429e782738577f2dcfd5b4bae,sha256:4732af06a200e574b79412c23f8a91a98989217b2dc0ffb6e5f48ddd4e9caa36,model_input,identity_model_input_v1,0.49875514869100002,-1.016111775245,-0.402342990831,-0.66707331755199994,-0.67504030634300005,-1.0566774002379999,0.10209074682499999,-0.083129335880000002
27,0,-0.12987082392233928,0.47442420951641284,false,flipguard_tabular_validation_v2,sha256:5e4437a93ea0b4c125c28c0f6b278f399397203429e782738577f2dcfd5b4bae,sha256:4732af06a200e574b79412c23f8a91a98989217b2dc0ffb6e5f48ddd4e9caa36,model_input,identity_model_input_v1,0.023804223005999998,1.812014438944,2.1185050563969998,0.38457111409,1.035696921627,-0.28282311679599997,0.41356664187300002,-0.083129335880000002
28,1,0.10218174503323203,0.52012553620858859,true,flipguard_tabular_validation_v2,sha256:5e4437a93ea0b4c125c28c0f6b278f399397203429e782738577f2dcfd5b4bae,sha256:4732af06a200e574b79412c23f8a91a98989217b2dc0ffb6e5f48ddd4e9caa36,model_input,identity_model_input_v1,0.49875514869100002,-0.66259599847100004,-0.402342990831,1.085667401851,0.46545117896999999,0.800572880022,-1.143812833363,-0.083129335880000002
29,1,0.015208128117468064,0.50299598716936211,true,flipguard_tabular_validation_v2,sha256:5e4437a93ea0b4c125c28c0f6b278f399397203429e782738577f2dcfd5b4bae,sha256:4732af06a200e574b79412c23f8a91a98989217b2dc0ffb6e5f48ddd4e9caa36,model_input,identity_model_input_v1,-2.1134749425789998,-0.13232233331099999,-0.402342990831,0.55984518603,1.035696921627,-1.0566774002379999,-1.143812833363,-0.083129335880000002
32,0,-0.062001881466522822,0.4877865827498859,false,flipguard_tabular_validation_v2,sha256:5e4437a93ea0b4c125c28c0f6b278f399397203429e782738577f2dcfd5b4bae,sha256:4732af06a200e574b79412c23f8a91a98989217b2dc0ffb6e5f48ddd4e9caa36,model_input,identity_model_input_v1,0.26127968584799999,-1.016111775245,-0.402342990831,-0.66707331755199994,-0.67504030634300005,-1.0566774002379999,-0.67659899079300001,-0.083129335880000002
34,0,-0.22074550922513847,0.45655616114333281,false,flipguard_tabular_validation_v2,sha256:5e4437a93ea0b4c125c28c0f6b278f399397203429e782738577f2dcfd5b4bae,sha256:4732af06a200e574b79412c23f8a91a98989217b2dc0ffb6e5f48ddd4e9caa36,model_input,identity_model_input_v1,0.023804223005999998,1.635256550557,4.639353103625,1.085667401851,-0.38991743501499998,-0.90190654354999999,1.347994327014,-0.083129335880000002
35,0,0.017804410989746104,0.50350744638919687,true,flipguard_tabular_validation_v2,sha256:5e4437a93ea0b4c125c28c0f6b278f399397203429e782738577f2dcfd5b4bae,sha256:4732af06a200e574b79412c23f8a91a98989217b2dc0ffb6e5f48ddd4e9caa36,model_input,identity_model_input_v1,0.49875514869100002,-1.016111775245,-0.402342990831,0.38457111409,-0.67504030634300005,-0.128052260108,-1.143812833363,-0.083129335880000002
38,1,0.090014104384380303,0.51772986119256192,true,flipguard_tabular_validation_v2,sha256:5e4437a93ea0b4c125c28c0f6b278f399397203429e782738577f2dcfd5b4bae,sha256:4732af06a200e574b79412c23f8a91a98989217b2dc0ffb6e5f48ddd4e9caa36,model_input,identity_model_input_v1,0.49875514869100002,-0.83935388685800005,-0.402342990831,1.085667401851,1.3208197929550001,0.18148945326900001,-1.143812833363,-0.083129335880000002
41,1,0.10889053703156643,0.5214462712699055,true,flipguard_tabular_validation_v2,sha256:5e4437a93ea0b4c125c28c0f6b278f399397203429e782738577f2dcfd5b4bae,sha256:4732af06a200e574b79412c23f8a91a98989217b2dc0ffb6e5f48ddd4e9caa36,model_input,identity_model_input_v1,0.26127968584799999,-0.13232233331099999,-0.402342990831,1.085667401851,-0.67504030634300005,1.419656306776,-0.52086104326899996,-0.083129335880000002
42,1,0.45687882329008506,0.58962365582724419,true,flipguard_tabular_validation_v2,sha256:5e4437a93ea0b4c125c28c0f6b278f399397203429e782738577f2dcfd5b4bae,sha256:4732af06a200e574b79412c23f8a91a98989217b2dc0ffb6e5f48ddd4e9caa36,model_input,identity_model_input_v1,0.26127968584799999,-1.016111775245,-0.402342990831,0.38457111409,-0.38991743501499998,1.419656306776,1.1922563794909999,6.0635515583290003
43,0,-0.10449533430768719,0.4794189831945066,false,flipguard_tabular_validation_v2,sha256:5e4437a93ea0b4c125c28c0f6b278f399397203429e782738577f2dcfd5b4bae,sha256:4732af06a200e574b79412c23f8a91a98989217b2dc0ffb6e5f48ddd4e9caa36,model_input,identity_model_input_v1,0.97370607437599999,0.75146710862300004,-0.402342990831,0.91039332991099997,-0.67504030634300005,-1.0566774002379999,-1.143812833363,-0.083129335880000002
44,1,0.018937633021540792,0.50373068653853148,true,flipguard_tabular_validation_v2,sha256:5e4437a93ea0b4c125c28c0f6b278f399397203429e782738577f2dcfd5b4bae,sha256:4732af06a200e574b79412c23f8a91a98989217b2dc0ffb6e5f48ddd4e9caa36,model_input,identity_model_input_v1,0.97370607437599999,-0.66259599847100004,-0.402342990831,-1.1928955333719999,-0.67504030634300005,0.800572880022,0.72504253691999998,-0.083129335880000002
45,1,0.14196209413553706,0.52795508856225881,true,flipguard_tabular_validation_v2,sha256:5e4437a93ea0b4c125c28c0f6b278f399397203429e782738577f2dcfd5b4bae,sha256:4732af06a200e574b79412c23f8a91a98989217b2dc0ffb6e5f48ddd4e9caa36,model_input,identity_model_input_v1,0.97370607437599999,-1.016111775245,-0.402342990831,0.73511925797099997,-0.104794563686,1.419656306776,0.10209074682499999,-0.083129335880000002
46,0,-0.04687391770932766,0.49076625017003084,false,flipguard_tabular_validation_v2,sha256:5e4437a93ea0b4c125c28c0f6b278f399397203429e782738577f2dcfd5b4bae,sha256:4732af06a200e574b79412c23f8a91a98989217b2dc0ffb6e5f48ddd4e9caa36,model_input,identity_model_input_v1,0.73623061153400005,-1.016111775245,-0.402342990831,0.20929704215,-0.67504030634300005,-1.0566774002379999,-1.143812833363,-0.083129335880000002
48,0,-0.03958752683841904,0.4922015053747304,false,flipguard_tabular_validation_v2,sha256:5e4437a93ea0b4c125c28c0f6b278f399397203429e782738577f2dcfd5b4bae,sha256:4732af06a200e574b79412c23f8a91a98989217b2dc0ffb6e5f48ddd4e9caa36,model_input,identity_model_input_v1,0.49875514869100002,-0.485838110085,-0.402342990831,0.91039332991099997,-0.67504030634300005,-1.0566774002379999,-1.143812833363,-0.083129335880000002
49,0,0.18284984076547584,0.53599696497748861,true,flipguard_tabular_validation_v2,sha256:5e4437a93ea0b4c125c28c0f6b278f399397203429e782738577f2dcfd5b4bae,sha256:4732af06a200e574b79412c23f8a91a98989217b2dc0ffb6e5f48ddd4e9caa36,model_input,identity_model_input_v1,0.73623061153400005,-0.83935388685800005,-0.402342990831,1.085667401851,1.8910655356120001,0.95534373671100004,1.347994327014,-0.083129335880000002
50,1,0.09041182415492903,0.51780817314576677,true,flipguard_tabular_validation_v2,sha256:5e4437a93ea0b4c125c28c0f6b278f399397203429e782738577f2dcfd5b4bae,sha256:4732af06a200e574b79412c23f8a91a98989217b2dc0ffb6e5f48ddd4e9caa36,model_input,identity_model_input_v1,0.97370607437599999,-1.016111775245,-0.087236984928,-0.31652517367100003,-0.67504030634300005,1.419656306776,0.56930458939600004,-0.083129335880000002
51,0,-0.24204484908579149,0.45237388620644298,false,flipguard_tabular_validation_v2,sha256:5e4437a93ea0b4c125c28c0f6b278f399397203429e782738577f2dcfd5b4bae,sha256:4732af06a200e574b79412c23f8a91a98989217b2dc0ffb6e5f48ddd4e9caa36,model_input,identity_model_input_v1,0.97370607437599999,1.104982885396,4.639353103625,0.034022970210000003,-0.67504030634300005,-0.43759397348500001,0.88078048444299994,-0.083129335880000002
52,1,0.11668123355043129,0.52297984877802839,true,flipguard_tabular_validation_v2,sha256:5e4437a93ea0b4c125c28c0f6b278f399397203429e782738577f2dcfd5b4bae,sha256:4732af06a200e574b79412c23f8a91a98989217b2dc0ffb6e5f48ddd4e9caa36,model_input,identity_model_input_v1,0.49875514869100002,-0.83935388685800005,-0.402342990831,1.085667401851,1.3208197929550001,0.64580202333400005,-1.143812833363,-0.083129335880000002
56,1,0.14707553171906218,0.52896115406061084,true,flipguard_tabular_validation_v2,sha256:5e4437a93ea0b4c125c28c0f6b278f399397203429e782738577f2dcfd5b4bae,sha256:4732af06a200e574b79412c23f8a91a98989217b2dc0ffb6e5f48ddd4e9caa36,model_input,identity_model_input_v1,0.49875514869100002,-0.83935388685800005,-0.402342990831,1.085667401851,1.035696921627,1.2648854500869999,-1.143812833363,-0.083129335880000002
58,0,-0.1110456838898973,0.47812947755492502,false,flipguard_tabular_validation_v2,sha256:5e4437a93ea0b4c125c28c0f6b278f399397203429e782738577f2dcfd5b4bae,sha256:4732af06a200e574b79412c23f8a91a98989217b2dc0ffb6e5f48ddd4e9caa36,model_input,identity_model_input_v1,0.97370607437599999,0.75146710862300004,-0.402342990831,0.73511925797099997,-0.67504030634300005,-1.0566774002379999,-1.143812833363,-0.083129335880000002
60,1,0.025803164808477587,0.50508315474793952,true,flipguard_tabular_validation_v2,sha256:5e4437a93ea0b4c125c28c0f6b278f399397203429e782738577f2dcfd5b4bae,sha256:4732af06a200e574b79412c23f8a91a98989217b2dc0ffb6e5f48ddd4e9caa36,model_input,identity_model_input_v1,-2.1134749425789998,0.75146710862300004,-0.087236984928,-1.7187177491929999,-0.67504030634300005,1.2648854500869999,1.347994327014,-0.083129335880000002
62,1,0.019159540584304795,0.50377440136215867,true,flipguard_tabular_validation_v2,sha256:5e4437a93ea0b4c125c28c0f6b278f399397203429e782738577f2dcfd5b4bae,sha256:4732af06a200e574b79412c23f8a91a98989217b2dc0ffb6e5f48ddd4e9caa36,model_input,identity_model_input_v1,-0.92609762836499998,-0.13232233331099999,-0.402342990831,-0.84234738949200005,-0.67504030634300005,0.18148945326900001,1.1922563794909999,-0.083129335880000002
64,1,0.14920863528342365,0.52938081369402579,true,flipguard_tabular_validation_v2,sha256:5e4437a93ea0b4c125c28c0f6b278f399397203429e782738577f2dcfd5b4bae,sha256:4732af06a200e574b79412c23f8a91a98989217b2dc0ffb6e5f48ddd4e9caa36,model_input,identity_model_input_v1,0.023804223005999998,-0.83935388685800005,-0.402342990831,1.085667401851,1.605942664284,0.95534373671100004,-1.143812833363,-0.083129335880000002
69,1,-0.0084714029323488555,0.49833113605411694,false,flipguard_tabular_validation_v2,sha256:5e4437a93ea0b4c125c28c0f6b278f399397203429e782738577f2dcfd5b4bae,sha256:4732af06a200e574b79412c23f8a91a98989217b2dc0ffb6e5f48ddd4e9caa36,model_input,identity_model_input_v1,0.73623061153400005,-1.016111775245,-0.402342990831,0.73511925797099997,-0.67504030634300005,-1.0566774002379999,-0.053647200697999997,-0.083129335880000002
70,0,-0.049082982863021235,0.4903311253669384,false,flipguard_tabular_validation_v2,sha256:5e4437a93ea0b4c125c28c0f6b278f399397203429e782738577f2dcfd5b4bae,sha256:4732af06a200e574b79412c23f8a91a98989217b2dc0ffb6e5f48ddd4e9caa36,model_input,identity_model_input_v1,0.97370607437599999,1.635256550557,0.54297502687900001,0.73511925797099997,-0.104794563686,0.49103116664500002,0.72504253691999998,-0.083129335880000002
72,1,0.24787877710993206,0.54877119654724305,true,flipguard_tabular_validation_v2,sha256:5e4437a93ea0b4c125c28c0f6b278f399397203429e782738577f2dcfd5b4bae,sha256:4732af06a200e574b79412c23f8a91a98989217b2dc0ffb6e5f48ddd4e9caa36,model_input,identity_model_input_v1,-0.92609762836499998,-0.66259599847100004,-0.402342990831,0.73511925797099997,3.3166798922540002,1.419656306776,1.347994327014,-0.083129335880000002
77,0,-0.10804994497601587,0.47871920668165663,false,flipguard_tabular_validation_v2,sha256:5e4437a93ea0b4c125c28c0f6b278f399397203429e782738577f2dcfd5b4bae,sha256:4732af06a200e574b79412c23f8a91a98989217b2dc0ffb6e5f48ddd4e9caa36,model_input,identity_model_input_v1,-0.45114670268000001,1.104982885396,-0.087236984928,0.73511925797099997,-0.67504030634300005,-1.0566774002379999,-1.143812833363,-0.083129335880000002
81,1,0.016059917523796593,0.50316378718343113,true,flipguard_tabular_validation_v2,sha256:5e4437a93ea0b4c125c28c0f6b278f399397203429e782738577f2dcfd5b4bae,sha256:4732af06a200e574b79412c23f8a91a98989217b2dc0ffb6e5f48ddd4e9caa36,model_input,identity_model_input_v1,0.49875514869100002,-0.83935388685800005,-0.402342990831,0.73511925797099997,-0.67504030634300005,-0.90190654354999999,1.036518431967,-0.083129335880000002
83,1,0.18565097278934573,0.53654764684311351,true,flipguard_tabular_validation_v2,sha256:5e4437a93ea0b4c125c28c0f6b278f399397203429e782738577f2dcfd5b4bae,sha256:4732af06a200e574b79412c23f8a91a98989217b2dc0ffb6e5f48ddd4e9caa36,model_input,identity_model_input_v1,0.023804223005999998,-1.016111775245,-0.402342990831,-1.0176214614320001,-0.67504030634300005,0.18148945326900001,1.347994327014,2.9902111112240002
84,1,0.036031704761199462,0.50709805872044944,true,flipguard_tabular_validation_v2,sha256:5e4437a93ea0b4c125c28c0f6b278f399397203429e782738577f2dcfd5b4bae,sha256:4732af06a200e574b79412c23f8a91a98989217b2dc0ffb6e5f48ddd4e9caa36,model_input,identity_model_input_v1,0.26127968584799999,-0.83935388685800005,-0.402342990831,-0.66707331755199994,-0.67504030634300005,0.18148945326900001,1.347994327014,-0.083129335880000002
85,1,0.067288545543009309,0.51325462480956563,true,flipguard_tabular_validation_v2,sha256:5e4437a93ea0b4c125c28c0f6b278f399397203429e782738577f2dcfd5b4bae,sha256:4732af06a200e574b79412c23f8a91a98989217b2dc0ffb6e5f48ddd4e9caa36,model_input,identity_model_input_v1,0.97370607437599999,-0.83935388685800005,-0.402342990831,-0.49179924561100002,-0.67504030634300005,0.95534373671100004,1.036518431967,-0.083129335880000002
87,0,-0.09046475420869747,0.48218140482867344,false,flipguard_tabular_validation_v2,sha256:5e4437a93ea0b4c125c28c0f6b278f399397203429e782738577f2dcfd5b4bae,sha256:4732af06a200e574b79412c23f8a91a98989217b2dc0ffb6e5f48ddd4e9caa36,model_input,identity_model_input_v1,-0.45114670268000001,0.75146710862300004,-0.402342990831,-0.141251101731,-0.104794563686,-0.90190654354999999,-0.83233693831599997,-0.083129335880000002
88,0,-0.080786606064956315,0.48408714761249533,false,flipguard_tabular_validation_v2,sha256:5e4437a93ea0b4c125c28c0f6b278f399397203429e782738577f2dcfd5b4bae,sha256:4732af06a200e574b79412c23f8a91a98989217b2dc0ffb6e5f48ddd4e9caa36,model_input,identity_model_input_v1,0.97370607437599999,0.22119344346299999,-0.402342990831,0.91039332991099997,-0.67504030634300005,-1.0566774002379999,-1.143812833363,-0.083129335880000002
90,1,0.12318321382428758,0.52425961634371132,true,flipguard_tabular_validation_v2,sha256:5e4437a93ea0b4c125c28c0f6b278f399397203429e782738577f2dcfd5b4bae,sha256:4732af06a200e574b79412c23f8a91a98989217b2dc0ffb6e5f48ddd4e9caa36,model_input,identity_model_input_v1,-2.350950405421,-1.016111775245,-0.402342990831,-0.84234738949200005,0.46545117896999999,0.49103116664500002,1.036518431967,-0.083129335880000002
91,1,0.15056119511547206,0.529646903347468,true,flipguard_tabular_validation_v2,sha256:5e4437a93ea0b4c125c28c0f6b278f399397203429e782738577f2dcfd5b4bae,sha256:4732af06a200e574b79412c23f8a91a98989217b2dc0ffb6e5f48ddd4e9caa36,model_input,identity_model_input_v1,0.023804223005999998,-1.016111775245,-0.402342990831,0.91039332991099997,1.605942664284,0.95534373671100004,-1.143812833363,-0.083129335880000002
92,1,0.040620585017332102,0.50800198714736577,true,flipguard_tabular_validation_v2,sha256:5e4437a93ea0b4c125c28c0f6b278f399397203429e782738577f2dcfd5b4bae,sha256:4732af06a200e574b79412c23f8a91a98989217b2dc0ffb6e5f48ddd4e9caa36,model_input,identity_model_input_v1,0.97370607437599999,-0.13232233331099999,-0.402342990831,-0.141251101731,-0.67504030634300005,1.419656306776,-0.98807488584000003,-0.083129335880000002
93,0,-0.2205978268026077,0.45658516828207563,false,flipguard_tabular_validation_v2,sha256:5e4437a93ea0b4c125c28c0f6b278f399397203429e782738577f2dcfd5b4bae,sha256:4732af06a200e574b79412c23f8a91a98989217b2dc0ffb6e5f48ddd4e9caa36,model_input,identity_model_input_v1,-2.5884258682639998,1.104982885396,4.0091410918179999,0.034022970210000003,-0.67504030634300005,-1.0566774002379999,-1.143812833363,-0.083129335880000002
94,1,0.15405585096870522,0.53033437768433089,true,flipguard_tabular_validation_v2,sha256:5e4437a93ea0b4c125c28c0f6b278f399397203429e782738577f2dcfd5b4bae,sha256:4732af06a200e574b79412c23f8a91a98989217b2dc0ffb6e5f48ddd4e9caa36,model_input,identity_model_input_v1,0.26127968584799999,-1.016111775245,-0.402342990831,0.73511925797099997,-0.67504030634300005,1.419656306776,0.56930458939600004,-0.083129335880000002
95,0,-0.13718071215591654,0.47298572587243343,false,flipguard_tabular_validation_v2,sha256:5e4437a93ea0b4c125c28c0f6b278f399397203429e782738577f2dcfd5b4bae,sha256:4732af06a200e574b79412c23f8a91a98989217b2dc0ffb6e5f48ddd4e9caa36,model_input,identity_model_input_v1,-0.92609762836499998,1.281740773783,2.1185050563969998,1.085667401851,0.75057405029900004,-1.0566774002379999,-1.143812833363,-0.083129335880000002
96,0,-0.18774470436402391,0.46304076379723003,false,flipguard_tabular_validation_v2,sha256:5e4437a93ea0b4c125c28c0f6b278f399397203429e782738577f2dcfd5b4bae,sha256:4732af06a200e574b79412c23f8a91a98989217b2dc0ffb6e5f48ddd4e9caa36,model_input,identity_model_input_v1,-0.21367123983700001,1.635256550557,1.48829304459,0.55984518603,-0.38991743501499998,-1.0566774002379999,-1.143812833363,-0.083129335880000002
102,1,-0.0079788940296903112,0.49842815990798439,false,flipguard_tabular_validation_v2,sha256:5e4437a93ea0b4c125c28c0f6b278f399397203429e782738577f2dcfd5b4bae,sha256:4732af06a200e574b79412c23f8a91a98989217b2dc0ffb6e5f48ddd4e9caa36,model_input,identity_model_input_v1,-0.21367123983700001,1.104982885396,0.22786902097600001,0.73511925797099997,-0.67504030634300005,0.33626030995700001,0.88078048444299994,-0.083129335880000002
104,0,-0.21027160744180662,0.45861368125460439,false,flipguard_tabular_validation_v2,sha256:5e4437a93ea0b4c125c28c0f6b278f399397203429e782738577f2dcfd5b4bae,sha256:4732af06a200e574b79412c23f8a91a98989217b2dc0ffb6e5f48ddd4e9caa36,model_input,identity_model_input_v1,-1.638524016893,0.92822499701000005,4.324247097722,0.73511925797099997,-0.67504030634300005,-1.0566774002379999,-0.83233693831599997,-0.083129335880000002
105,1,0.1392530404459128,0.52742204771704537,true,flipguard_tabular_validation_v2,sha256:5e4437a93ea0b4c125c28c0f6b278f399397203429e782738577f2dcfd5b4bae,sha256:4732af06a200e574b79412c23f8a91a98989217b2dc0ffb6e5f48ddd4e9caa36,model_input,identity_model_input_v1,0.26127968584799999,-0.83935388685800005,-0.402342990831,1.085667401851,1.3208197929550001,0.95534373671100004,-1.143812833363,-0.083129335880000002
109,1,0.012566169665145732,0.50247552748680757,true,flipguard_tabular_validation_v2,sha256:5e4437a93ea0b4c125c28c0f6b278f399397203429e782738577f2dcfd5b4bae,sha256:4732af06a200e574b79412c23f8a91a98989217b2dc0ffb6e5f48ddd4e9caa36,model_input,identity_model_input_v1,0.023804223005999998,-1.016111775245,-0.087236984928,-1.3681696053129999,-0.67504030634300005,0.18148945326900001,1.347994327014,-0.083129335880000002
110,1,0.17436825812627244,0.53432934067891746,true,flipguard_tabular_validation_v2,sha256:5e4437a93ea0b4c125c28c0f6b278f399397203429e782738577f2dcfd5b4bae,sha256:4732af06a200e574b79412c23f8a91a98989217b2dc0ffb6e5f48ddd4e9caa36,model_input,identity_model_input_v1,0.49875514869100002,-1.016111775245,-0.402342990831,0.91039332991099997,-0.38991743501499998,1.419656306776,1.347994327014,-0.083129335880000002
111,0,-0.16965388171757934,0.46659771751203832,false,flipguard_tabular_validation_v2,sha256:5e4437a93ea0b4c125c28c0f6b278f399397203429e782738577f2dcfd5b4bae,sha256:4732af06a200e574b79412c23f8a91a98989217b2dc0ffb6e5f48ddd4e9caa36,model_input,identity_model_input_v1,-2.5884258682639998,1.812014438944,2.4336110622999998,0.91039332991099997,-0.67504030634300005,-1.0566774002379999,-1.143812833363,-0.083129335880000002
116,1,0.16539290601303569,0.53256430531626819,true,flipguard_tabular_validation_v2,sha256:5e4437a93ea0b4c125c28c0f6b278f399397203429e782738577f2dcfd5b4bae,sha256:4732af06a200e574b79412c23f8a91a98989217b2dc0ffb6e5f48ddd4e9caa36,model_input,identity_model_input_v1,-2.350950405421,-0.13232233331099999,-0.402342990831,-1.1928955333719999,2.4613112782690001,1.419656306776,1.347994327014,-0.083129335880000002
120,0,-0.078290134980649004,0.48457876287787538,false,flipguard_tabular_validation_v2,sha256:5e4437a93ea0b4c125c28c0f6b278f399397203429e782738577f2dcfd5b4bae,sha256:4732af06a200e574b79412c23f8a91a98989217b2dc0ffb6e5f48ddd4e9caa36,model_input,identity_model_input_v1,0.97370607437599999,-0.83935388685800005,-0.402342990831,-1.7187177491929999,-0.67504030634300005,-0.128052260108,-1.143812833363,-0.083129335880000002
121,0,-0.1090291794114117,0.47852643593323269,false,flipguard_tabular_validation_v2,sha256:5e4437a93ea0b4c125c28c0f6b278f399397203429e782738577f2dcfd5b4bae,sha256:4732af06a200e574b79412c23f8a91a98989217b2dc0ffb6e5f48ddd4e9caa36,model_input,identity_model_input_v1,0.023804223005999998,1.281740773783,-0.402342990831,0.91039332991099997,-0.67504030634300005,-1.0566774002379999,-1.143812833363,-0.083129335880000002
122,0,-0.1240276979673037,0.47557417510819011,false,flipguard_tabular_validation_v2,sha256:5e4437a93ea0b4c125c28c0f6b278f399397203429e782738577f2dcfd5b4bae,sha256:4732af06a200e574b79412c23f8a91a98989217b2dc0ffb6e5f48ddd4e9caa36,model_input,identity_model_input_v1,0.97370607437599999,-0.13232233331099999,-0.402342990831,-1.7187177491929999,-0.67504030634300005,-0.74713568686200005,0.10209074682499999,-0.083129335880000002
125,0,-0.049106712114417264,0.49032645139074993,false,flipguard_tabular_validation_v2,sha256:5e4437a93ea0b4c125c28c0f6b278f399397203429e782738577f2dcfd5b4bae,sha256:4732af06a200e574b79412c23f8a91a98989217b2dc0ffb6e5f48ddd4e9caa36,model_input,identity_model_input_v1,-0.45114670268000001,-1.016111775245,-0.402342990831,-0.49179924561100002,-0.67504030634300005,-1.0566774002379999,-1.143812833363,-0.083129335880000002
129,0,-0.19045362945473571,0.46250826797924793,false,flipguard_tabular_validation_v2,sha256:5e4437a93ea0b4c125c28c0f6b278f399397203429e782738577f2dcfd5b4bae,sha256:4732af06a200e574b79412c23f8a91a98989217b2dc0ffb6e5f48ddd4e9caa36,model_input,identity_model_input_v1,-0.21367123983700001,1.812014438944,0.22786902097600001,-1.7187177491929999,0.180328307642,-1.0566774002379999,1.1922563794909999,-0.083129335880000002
130,1,0.060308391206428905,0.51187987567657334,true,flipguard_tabular_validation_v2,sha256:5e4437a93ea0b4c125c28c0f6b278f399397203429e782738577f2dcfd5b4bae,sha256:4732af06a200e574b79412c23f8a91a98989217b2dc0ffb6e5f48ddd4e9caa36,model_input,identity_model_input_v1,-0.92609762836499998,1.281740773783,-0.087236984928,0.91039332991099997,-0.67504030634300005,1.2648854500869999,0.41356664187300002,-0.083129335880000002
131,1,0.097793227662753737,0.51926152486141652,true,flipguard_tabular_validation_v2,sha256:5e4437a93ea0b4c125c28c0f6b278f399397203429e782738577f2dcfd5b4bae,sha256:4732af06a200e574b79412c23f8a91a98989217b2dc0ffb6e5f48ddd4e9caa36,model_input,identity_model_input_v1,0.97370607437599999,-0.13232233331099999,-0.402342990831,0.55984518603,1.035696921627,1.419656306776,-0.98807488584000003,-0.083129335880000002
135,0,0.063424190388292806,0.51249354497881583,true,flipguard_tabular_validation_v2,sha256:5e4437a93ea0b4c125c28c0f6b278f399397203429e782738577f2dcfd5b4bae,sha256:4732af06a200e574b79412c23f8a91a98989217b2dc0ffb6e5f48ddd4e9caa36,model_input,identity_model_input_v1,0.97370607437599999,-1.016111775245,-0.402342990831,0.91039332991099997,-0.67504030634300005,0.49103116664500002,-1.143812833363,-0.083129335880000002
136,1,0.24579017598922981,0.54836126916846817,true,flipguard_tabular_validation_v2,sha256:5e4437a93ea0b4c125c28c0f6b278f399397203429e782738577f2dcfd5b4bae,sha256:4732af06a200e574b79412c23f8a91a98989217b2dc0ffb6e5f48ddd4e9caa36,model_input,identity_model_input_v1,-0.68862216552199995,-1.016111775245,-0.402342990831,0.38457111409,3.3166798922540002,1.419656306776,1.347994327014,-0.083129335880000002
142,0,-0.063700324046632006,0.48745207007800412,false,flipguard_tabular_validation_v2,sha256:5e4437a93ea0b4c125c28c0f6b278f399397203429e782738577f2dcfd5b4bae,sha256:4732af06a200e574b79412c23f8a91a98989217b2dc0ffb6e5f48ddd4e9caa36,model_input,identity_model_input_v1,0.26127968584799999,-0.13232233331099999,-0.402342990831,0.55984518603,-0.67504030634300005,-1.0566774002379999,-1.143812833363,-0.083129335880000002
143,0,-0.19908877473099568,0.46081107597963383,false,flipguard_tabular_validation_v2,sha256:5e4437a93ea0b4c125c28c0f6b278f399397203429e782738577f2dcfd5b4bae,sha256:4732af06a200e574b79412c23f8a91a98989217b2dc0ffb6e5f48ddd4e9caa36,model_input,identity_model_input_v1,0.023804223005999998,1.635256550557,1.48829304459,0.38457111409,-0.38991743501499998,-1.0566774002379999,-1.143812833363,-0.083129335880000002
144,0,-0.15825069079749121,0.46884046637905386,false,flipguard_tabular_validation_v2,sha256:5e4437a93ea0b4c125c28c0f6b278f399397203429e782738577f2dcfd5b4bae,sha256:4732af06a200e574b79412c23f8a91a98989217b2dc0ffb6e5f48ddd4e9caa36,model_input,identity_model_input_v1,0.97370607437599999,0.92822499701000005,-0.402342990831,-0.31652517367100003,-0.67504030634300005,-1.0566774002379999,-1.143812833363,-0.083129335880000002
146,0,-0.24080578883785503,0.45261711443225155,false,flipguard_tabular_validation_v2,sha256:5e4437a93ea0b4c125c28c0f6b278f399397203429e782738577f2dcfd5b4bae,sha256:4732af06a200e574b79412c23f8a91a98989217b2dc0ffb6e5f48ddd4e9caa36,model_input,identity_model_input_v1,0.26127968584799999,1.812014438944,0.85808103278299996,-1.7187177491929999,-0.67504030634300005,-1.0566774002379999,0.88078048444299994,-0.083129335880000002
148,0,0.042242184714659868,0.50832140888060384,true,flipguard_tabular_validation_v2,sha256:5e4437a93ea0b4c125c28c0f6b278f399397203429e782738577f2dcfd5b4bae,sha256:4732af06a200e574b79412c23f8a91a98989217b2dc0ffb6e5f48ddd4e9caa36,model_input,identity_model_input_v1,-2.825901331107,0.92822499701000005,-0.402342990831,-1.7187177491929999,-0.67504030634300005,1.2648854500869999,1.347994327014,-0.083129335880000002
150,0,-0.16212878218198484,0.46807767661151345,false,flipguard_tabular_validation_v2,sha256:5e4437a93ea0b4c125c28c0f6b278f399397203429e782738577f2dcfd5b4bae,sha256:4732af06a200e574b79412c23f8a91a98989217b2dc0ffb6e5f48ddd4e9caa36,model_input,identity_model_input_v1,-1.163573091208,1.812014438944,1.803399050493,0.55984518603,-0.67504030634300005,-1.0566774002379999,0.56930458939600004,-0.083129335880000002
153,1,-0.095658312986474744,0.48115881363215074,false,flipguard_tabular_validation_v2,sha256:5e4437a93ea0b4c125c28c0f6b278f399397203429e782738577f2dcfd5b4bae,sha256:4732af06a200e574b79412c23f8a91a98989217b2dc0ffb6e5f48ddd4e9caa36,model_input,identity_model_input_v1,-0.68862216552199995,1.104982885396,0.22786902097600001,0.55984518603,-0.67504030634300005,-1.0566774002379999,0.25782869434900002,-0.083129335880000002
155,0,-0.14873762528349077,0.47071184983839387,false,flipguard_tabular_validation_v2,sha256:5e4437a93ea0b4c125c28c0f6b278f399397203429e782738577f2dcfd5b4bae,sha256:4732af06a200e574b79412c23f8a91a98989217b2dc0ffb6e5f48ddd4e9caa36,model_input,identity_model_input_v1,0.49875514869100002,1.635256550557,3.0638230741079999,-1.0176214614320001,-0.67504030634300005,1.110114593399,1.347994327014,-0.083129335880000002
158,0,0.012939495061818504,0.50254907186131204,true,flipguard_tabular_validation_v2,sha256:5e4437a93ea0b4c125c28c0f6b278f399397203429e782738577f2dcfd5b4bae,sha256:4732af06a200e574b79412c23f8a91a98989217b2dc0ffb6e5f48ddd4e9caa36,model_input,identity_model_input_v1,0.49875514869100002,-1.016111775245,-0.402342990831,-1.3681696053129999,-0.67504030634300005,0.18148945326900001,1.347994327014,-0.083129335880000002
159,0,-0.08484805501595323,0.48328737651176212,false,flipguard_tabular_validation_v2,sha256:5e4437a93ea0b4c125c28c0f6b278f399397203429e782738577f2dcfd5b4bae,sha256:4732af06a200e574b79412c23f8a91a98989217b2dc0ffb6e5f48ddd4e9caa36,model_input,identity_model_input_v1,0.73623061153400005,1.104982885396,-0.402342990831,1.085667401851,-0.67504030634300005,-1.0566774002379999,0.25782869434900002,-0.083129335880000002
160,1,0.15317493009048039,0.53016108572435883,true,flipguard_tabular_validation_v2,sha256:5e4437a93ea0b4c125c28c0f6b278f399397203429e782738577f2dcfd5b4bae,sha256:4732af06a200e574b79412c23f8a91a98989217b2dc0ffb6e5f48ddd4e9caa36,model_input,identity_model_input_v1,0.26127968584799999,-1.016111775245,-0.402342990831,0.38457111409,1.035696921627,1.419656306776,-0.52086104326899996,-0.083129335880000002
166,1,0.19560833926995197,0.53850490488409175,true,flipguard_tabular_validation_v2,sha256:5e4437a93ea0b4c125c28c0f6b278f399397203429e782738577f2dcfd5b4bae,sha256:4732af06a200e574b79412c23f8a91a98989217b2dc0ffb6e5f48ddd4e9caa36,model_input,identity_model_input_v1,-1.163573091208,-0.83935388685800005,-0.402342990831,-0.141251101731,2.1761884069409998,1.2648854500869999,1.1922563794909999,-0.083129335880000002
169,1,0.1317945214011218,0.52595436374028626,true,flipguard_tabular_validation_v2,sha256:5e4437a93ea0b4c125c28c0f6b278f399397203429e782738577f2dcfd5b4bae,sha256:4732af06a200e574b79412c23f8a91a98989217b2dc0ffb6e5f48ddd4e9caa36,model_input,identity_model_input_v1,0.49875514869100002,-0.30908022169799998,-0.402342990831,1.085667401851,0.46545117896999999,1.2648854500869999,-0.053647200697999997,-0.083129335880000002
170,1,0.11060619170025321,0.52178400725996565,true,flipguard_tabular_validation_v2,sha256:5e4437a93ea0b4c125c28c0f6b278f399397203429e782738577f2dcfd5b4bae,sha256:4732af06a200e574b79412c23f8a91a98989217b2dc0ffb6e5f48ddd4e9caa36,model_input,identity_model_input_v1,0.49875514869100002,-0.30908022169799998,-0.402342990831,0.91039332991099997,1.035696921627,1.110114593399,-0.98807488584000003,-0.083129335880000002
171,0,-0.15053940077074035,0.47035738421071577,false,flipguard_tabular_validation_v2,sha256:5e4437a93ea0b4c125c28c0f6b278f399397203429e782738577f2dcfd5b4bae,sha256:4732af06a200e574b79412c23f8a91a98989217b2dc0ffb6e5f48ddd4e9caa36,model_input,identity_model_input_v1,0.73623061153400005,-0.30908022169799998,-0.402342990831,-1.7187177491929999,-0.67504030634300005,-1.0566774002379999,-1.143812833363,-0.083129335880000002
173,1,0.1988209629619988,0.53913629231154003,true,flipguard_tabular_validation_v2,sha256:5e4437a93ea0b4c125c28c0f6b278f399397203429e782738577f2dcfd5b4bae,sha256:4732af06a200e574b79412c23f8a91a98989217b2dc0ffb6e5f48ddd4e9caa36,model_input,identity_model_input_v1,-2.350950405421,-0.66259599847100004,-0.402342990831,0.034022970210000003,0.46545117896999999,1.419656306776,1.347994327014,-0.083129335880000002
180,1,0.20959738807259659,0.5412538541043117,true,flipguard_tabular_validation_v2,sha256:5e4437a93ea0b4c125c28c0f6b278f399397203429e782738577f2dcfd5b4bae,sha256:4732af06a200e574b79412c23f8a91a98989217b2dc0ffb6e5f48ddd4e9caa36,model_input,identity_model_input_v1,0.49875514869100002,-1.016111775245,-0.402342990831,1.085667401851,2.1761884069409998,1.110114593399,1.347994327014,-0.083129335880000002
181,0,-0.10007493891959827,0.48028924603225021,false,flipguard_tabular_validation_v2,sha256:5e4437a93ea0b4c125c28c0f6b278f399397203429e782738577f2dcfd5b4bae,sha256:4732af06a200e574b79412c23f8a91a98989217b2dc0ffb6e5f48ddd4e9caa36,model_input,identity_model_input_v1,0.26127968584799999,0.75146710862300004,-0.087236984928,0.91039332991099997,-0.67504030634300005,-1.0566774002379999,-1.143812833363,-0.083129335880000002
183,1,0.16777408421527373,0.53303260447452783,true,flipguard_tabular_validation_v2,sha256:5e4437a93ea0b4c125c28c0f6b278f399397203429e782738577f2dcfd5b4bae,sha256:4732af06a200e574b79412c23f8a91a98989217b2dc0ffb6e5f48ddd4e9caa36,model_input,identity_model_input_v1,-1.40104855405,-0.485838110085,-0.402342990831,0.20929704215,0.180328307642,1.419656306776,1.036518431967,-0.083129335880000002
184,0,-0.030736126557594182,0.49394509921499397,false,flipguard_tabular_validation_v2,sha256:5e4437a93ea0b4c125c28c0f6b278f399397203429e782738577f2dcfd5b4bae,sha256:4732af06a200e574b79412c23f8a91a98989217b2dc0ffb6e5f48ddd4e9caa36,model_input,identity_model_input_v1,0.26127968584799999,-1.016111775245,-0.402342990831,0.38457111409,-0.67504030634300005,-1.0566774002379999,-1.143812833363,-0.083129335880000002
185,0,-0.17227948151708999,0.46608139531261389,false,flipguard_tabular_validation_v2,sha256:5e4437a93ea0b4c125c28c0f6b278f399397203429e782738577f2dcfd5b4bae,sha256:4732af06a200e574b79412c23f8a91a98989217b2dc0ffb6e5f48ddd4e9caa36,model_input,identity_model_input_v1,0.49875514869100002,1.45849866217,0.54297502687900001,0.20929704215,-0.104794563686,-1.0566774002379999,-1.143812833363,-0.083129335880000002
186,1,0.12046558343152856,0.52372472717064456,true,flipguard_tabular_validation_v2,sha256:5e4437a93ea0b4c125c28c0f6b278f399397203429e782738577f2dcfd5b4bae,sha256:4732af06a200e574b79412c23f8a91a98989217b2dc0ffb6e5f48ddd4e9caa36,model_input,identity_model_input_v1,-2.1134749425789998,0.22119344346299999,-0.402342990831,-0.66707331755199994,1.605942664284,1.110114593399,0.72504253691999998,-0.083129335880000002
190,0,-0.014122169798239756,0.49721794381560491,false,flipguard_tabular_validation_v2,sha256:5e4437a93ea0b4c125c28c0f6b278f399397203429e782738577f2dcfd5b4bae,sha256:4732af06a200e574b79412c23f8a91a98989217b2dc0ffb6e5f48ddd4e9caa36,model_input,identity_model_input_v1,0.73623061153400005,-1.016111775245,-0.402342990831,1.085667401851,-0.67504030634300005,-1.0566774002379999,-1.143812833363,-0.083129335880000002
192,0,-0.10835418790315494,0.47865931356881064,false,flipguard_tabular_validation_v2,sha256:5e4437a93ea0b4c125c28c0f6b278f399397203429e782738577f2dcfd5b4bae,sha256:4732af06a200e574b79412c23f8a91a98989217b2dc0ffb6e5f48ddd4e9caa36,model_input,identity_model_input_v1,0.26127968584799999,-0.83935388685800005,-0.402342990831,-1.7187177491929999,-0.67504030634300005,-0.90190654354999999,-1.143812833363,-0.083129335880000002
193,0,-0.11413404232898929,0.47752154076594738,false,flipguard_tabular_validation_v2,sha256:5e4437a93ea0b4c125c28c0f6b278f399397203429e782738577f2dcfd5b4bae,sha256:4732af06a200e574b79412c23f8a91a98989217b2dc0ffb6e5f48ddd4e9caa36,model_input,identity_model_input_v1,0.49875514869100002,-1.016111775245,-0.402342990831,-1.7187177491929999,-0.67504030634300005,-1.0566774002379999,-1.143812833363,-0.083129335880000002
194,0,-0.13454573200969411,0.47350423327960806,false,flipguard_tabular_validation_v2,sha256:5e4437a93ea0b4c125c28c0f6b278f399397203429e782738577f2dcfd5b4bae,sha256:4732af06a200e574b79412c23f8a91a98989217b2dc0ffb6e5f48ddd4e9caa36,model_input,identity_model_input_v1,0.73623061153400005,0.75146710862300004,-0.402342990831,-0.66707331755199994,-0.67504030634300005,-1.0566774002379999,0.25782869434900002,-0.083129335880000002
196,0,-0.056174243296224322,0.48893438311219112,false,flipguard_tabular_validation_v2,sha256:5e4437a93ea0b4c125c28c0f6b278f399397203429e782738577f2dcfd5b4bae,sha256:4732af06a200e574b79412c23f8a91a98989217b2dc0ffb6e5f48ddd4e9caa36,model_input,identity_model_input_v1,0.49875514869100002,-1.016111775245,-0.402342990831,-1.7187177491929999,-0.67504030634300005,-0.74713568686200005,1.1922563794909999,-0.083129335880000002
198,0,-0.038538829826600236,0.4924080794820227,false,flipguard_tabular_validation_v2,sha256:5e4437a93ea0b4c125c28c0f6b278f399397203429e782738577f2dcfd5b4bae,sha256:4732af06a200e574b79412c23f8a91a98989217b2dc0ffb6e5f48ddd4e9caa36,model_input,identity_model_input_v1,0.73623061153400005,-0.66259599847100004,-0.402342990831,-1.7187177491929999,-0.67504030634300005,-0.128052260108,1.347994327014,-0.083129335880000002
199,1,0.06183267117515831,0.51218009060723779,true,flipguard_tabular_validation_v2,sha256:5e4437a93ea0b4c125c28c0f6b278f399397203429e782738577f2dcfd5b4bae,sha256:4732af06a200e574b79412c23f8a91a98989217b2dc0ffb6e5f48ddd4e9caa36,model_input,identity_model_input_v1,0.97370607437599999,0.75146710862300004,-0.402342990831,0.20929704215,1.605942664284,1.110114593399,0.41356664187300002,-0.083129335880000002
200,1,0.1189268152574298,0.52342185439849653,true,flipguard_tabular_validation_v2,sha256:5e4437a93ea0b4c125c28c0f6b278f399397203429e782738577f2dcfd5b4bae,sha256:4732af06a200e574b79412c23f8a91a98989217b2dc0ffb6e5f48ddd4e9caa36,model_input,identity_model_input_v1,0.49875514869100002,-0.83935388685800005,-0.402342990831,0.55984518603,0.46545117896999999,1.110114593399,-0.52086104326899996,-0.083129335880000002
201,0,-0.18463568673518627,0.46365194688416467,false,flipguard_tabular_validation_v2,sha256:5e4437a93ea0b4c125c28c0f6b278f399397203429e782738577f2dcfd5b4bae,sha256:4732af06a200e574b79412c23f8a91a98989217b2dc0ffb6e5f48ddd4e9caa36,model_input,identity_model_input_v1,0.023804223005999998,1.812014438944,1.48829304459,-1.7187177491929999,1.8910655356120001,-0.43759397348500001,0.25782869434900002,-0.083129335880000002
202,0,-0.21574418283783198,0.45753856370964069,false,flipguard_tabular_validation_v2,sha256:5e4437a93ea0b4c125c28c0f6b278f399397203429e782738577f2dcfd5b4bae,sha256:4732af06a200e574b79412c23f8a91a98989217b2dc0ffb6e5f48ddd4e9caa36,model_input,identity_model_input_v1,0.97370607437599999,1.281740773783,-0.402342990831,-1.7187177491929999,-0.67504030634300005,-1.0566774002379999,-0.52086104326899996,-0.083129335880000002
203,1,0.1046008566474803,0.52060179086573599,true,flipguard_tabular_validation_v2,sha256:5e4437a93ea0b4c125c28c0f6b278f399397203429e782738577f2dcfd5b4bae,sha256:4732af06a200e574b79412c23f8a91a98989217b2dc0ffb6e5f48ddd4e9caa36,model_input,identity_model_input_v1,0.26127968584799999,-0.83935388685800005,-0.402342990831,0.91039332991099997,0.75057405029900004,0.64580202333400005,-1.143812833363,-0.083129335880000002
205,1,-0.12266039005215823,0.47584328514229568,false,flipguard_tabular_validation_v2,sha256:5e4437a93ea0b4c125c28c0f6b278f399397203429e782738577f2dcfd5b4bae,sha256:4732af06a200e574b79412c23f8a91a98989217b2dc0ffb6e5f48ddd4e9caa36,model_input,identity_model_input_v1,0.97370607437599999,0.75146710862300004,-0.402342990831,0.20929704215,-0.67504030634300005,-1.0566774002379999,-0.67659899079300001,-0.083129335880000002
209,1,0.16540470504648253,0.53256662585245662,true,flipguard_tabular_validation_v2,sha256:5e4437a93ea0b4c125c28c0f6b278f399397203429e782738577f2dcfd5b4bae,sha256:4732af06a200e574b79412c23f8a91a98989217b2dc0ffb6e5f48ddd4e9caa36,model_input,identity_model_input_v1,0.73623061153400005,-1.016111775245,-0.402342990831,1.085667401851,1.035696921627,1.110114593399,0.25782869434900002,-0.083129335880000002
211,0,-0.26333626753887673,0.44819580055133357,false,flipguard_tabular_validation_v2,sha256:5e4437a93ea0b4c125c28c0f6b278f399397203429e782738577f2dcfd5b4bae,sha256:4732af06a200e574b79412c23f8a91a98989217b2dc0ffb6e5f48ddd4e9caa36,model_input,identity_model_input_v1,0.023804223005999998,1.812014438944,1.803399050493,-1.7187177491929999,-0.67504030634300005,-0.59236483017300001,-0.52086104326899996,-0.083129335880000002
214,1,-0.05422599511126823,0.48931811676024306,false,flipguard_tabular_validation_v2,sha256:5e4437a93ea0b4c125c28c0f6b278f399397203429e782738577f2dcfd5b4bae,sha256:4732af06a200e574b79412c23f8a91a98989217b2dc0ffb6e5f48ddd4e9caa36,model_input,identity_model_input_v1,0.97370607437599999,0.044435555076,-0.402342990831,-0.141251101731,-0.67504030634300005,-0.74713568686200005,1.1922563794909999,-0.083129335880000002
216,0,-0.11088790627871105,0.47816053643054396,false,flipguard_tabular_validation_v2,sha256:5e4437a93ea0b4c125c28c0f6b278f399397203429e782738577f2dcfd5b4bae,sha256:4732af06a200e574b79412c23f8a91a98989217b2dc0ffb6e5f48ddd4e9caa36,model_input,identity_model_input_v1,0.97370607437599999,-0.30908022169799998,-0.402342990831,-1.7187177491929999,-0.67504030634300005,-0.28282311679599997,-1.143812833363,-0.083129335880000002
219,1,0.073396149481767953,0.5144574599092181,true,flipguard_tabular_validation_v2,sha256:5e4437a93ea0b4c125c28c0f6b278f399397203429e782738577f2dcfd5b4bae,sha256:4732af06a200e574b79412c23f8a91a98989217b2dc0ffb6e5f48ddd4e9caa36,model_input,identity_model_input_v1,0.73623061153400005,0.75146710862300004,-0.402342990831,0.55984518603,1.605942664284,1.419656306776,-0.98807488584000003,-0.083129335880000002
220,1,0.0072907926969894669,0.50143628461111944,true,flipguard_tabular_validation_v2,sha256:5e4437a93ea0b4c125c28c0f6b278f399397203429e782738577f2dcfd5b4bae,sha256:4732af06a200e574b79412c23f8a91a98989217b2dc0ffb6e5f48ddd4e9caa36,model_input,identity_model_input_v1,0.97370607437599999,0.397951331849,-0.402342990831,-0.141251101731,-0.67504030634300005,0.64580202333400005,1.036518431967,-0.083129335880000002
221,1,0.017279588043289957,0.50340405820688272,true,flipguard_tabular_validation_v2,sha256:5e4437a93ea0b4c125c28c0f6b278f399397203429e782738577f2dcfd5b4bae,sha256:4732af06a200e574b79412c23f8a91a98989217b2dc0ffb6e5f48ddd4e9caa36,model_input,identity_model_input_v1,-0.68862216552199995,0.22119344346299999,-0.402342990831,1.085667401851,-0.67504030634300005,-0.74713568686200005,1.1922563794909999,-0.083129335880000002
222,0,-0.15327634894887748,0.46981896333399908,false,flipguard_tabular_validation_v2,sha256:5e4437a93ea0b4c125c28c0f6b278f399397203429e782738577f2dcfd5b4bae,sha256:4732af06a200e574b79412c23f8a91a98989217b2dc0ffb6e5f48ddd4e9caa36,model_input,identity_model_input_v1,-2.825901331107,1.635256550557,1.48829304459,0.20929704215,-0.67504030634300005,-1.0566774002379999,-1.143812833363,-0.083129335880000002
223,0,0.18396747534879165,0.53621668783923149,true,flipguard_tabular_validation_v2,sha256:5e4437a93ea0b4c125c28c0f6b278f399397203429e782738577f2dcfd5b4bae,sha256:4732af06a200e574b79412c23f8a91a98989217b2dc0ffb6e5f48ddd4e9caa36,model_input,identity_model_input_v1,-0.45114670268000001,-0.30908022169799998,-0.402342990831,1.085667401851,0.46545117896999999,1.419656306776,1.347994327014,-0.083129335880000002
224,1,0.091169646989521361,0.51795738928332768,true,flipguard_tabular_validation_v2,sha256:5e4437a93ea0b4c125c28c0f6b278f399397203429e782738577f2dcfd5b4bae,sha256:4732af06a200e574b79412c23f8a91a98989217b2dc0ffb6e5f48ddd4e9caa36,model_input,identity_model_input_v1,0.26127968584799999,-0.30908022169799998,-0.402342990831,1.085667401851,0.46545117896999999,0.800572880022,-1.143812833363,-0.083129335880000002
227,1,0.1190608137855917,0.52344822934027124,true,flipguard_tabular_validation_v2,sha256:5e4437a93ea0b4c125c28c0f6b278f399397203429e782738577f2dcfd5b4bae,sha256:4732af06a200e574b79412c23f8a91a98989217b2dc0ffb6e5f48ddd4e9caa36,model_input,identity_model_input_v1,-1.638524016893,-1.016111775245,-0.402342990831,-1.7187177491929999,-0.104794563686,1.419656306776,1.036518431967,-0.083129335880000002
229,0,-0.15533312155548185,0.46941436679906656,false,flipguard_tabular_validation_v2,sha256:5e4437a93ea0b4c125c28c0f6b278f399397203429e782738577f2dcfd5b4bae,sha256:4732af06a200e574b79412c23f8a91a98989217b2dc0ffb6e5f48ddd4e9caa36,model_input,identity_model_input_v1,0.97370607437599999,-0.30908022169799998,-0.402342990831,-1.7187177491929999,-0.67504030634300005,-1.0566774002379999,-1.143812833363,-0.083129335880000002
230,1,0.23843552882483643,0.54691757750728398,true,flipguard_tabular_validation_v2,sha256:5e4437a93ea0b4c125c28c0f6b278f399397203429e782738577f2dcfd5b4bae,sha256:4732af06a200e574b79412c23f8a91a98989217b2dc0ffb6e5f48ddd4e9caa36,model_input,identity_model_input_v1,0.97370607437599999,-1.016111775245,-0.402342990831,1.085667401851,3.3166798922540002,1.419656306776,1.347994327014,-0.083129335880000002
231,0,-0.08294730382786232,0.48366166394038917,false,flipguard_tabular_validation_v2,sha256:5e4437a93ea0b4c125c28c0f6b278f399397203429e782738577f2dcfd5b4bae,sha256:4732af06a200e574b79412c23f8a91a98989217b2dc0ffb6e5f48ddd4e9caa36,model_input,identity_model_input_v1,0.49875514869100002,0.044435555076,-0.402342990831,0.38457111409,-0.67504030634300005,-1.0566774002379999,-1.143812833363,-0.083129335880000002
236,0,0.0012502788751534068,0.50024630493058753,true,flipguard_tabular_validation_v2,sha256:5e4437a93ea0b4c125c28c0f6b278f399397203429e782738577f2dcfd5b4bae,sha256:4732af06a200e574b79412c23f8a91a98989217b2dc0ffb6e5f48ddd4e9caa36,model_input,identity_model_input_v1,0.73623061153400005,-1.016111775245,-0.402342990831,-1.7187177491929999,0.75057405029900004,0.02671859658,0.72504253691999998,-0.083129335880000002
239,1,0.1034776140581362,0.52038065797497624,true,flipguard_tabular_validation_v2,sha256:5e4437a93ea0b4c125c28c0f6b278f399397203429e782738577f2dcfd5b4bae,sha256:4732af06a200e574b79412c23f8a91a98989217b2dc0ffb6e5f48ddd4e9caa36,model_input,identity_model_input_v1,-1.40104855405,-1.016111775245,-0.402342990831,-1.0176214614320001,-0.67504030634300005,0.95534373671100004,1.036518431967,-0.083129335880000002
240,1,-0.11062078473407223,0.47821312005498134,false,flipguard_tabular_validation_v2,sha256:5e4437a93ea0b4c125c28c0f6b278f399397203429e782738577f2dcfd5b4bae,sha256:4732af06a200e574b79412c23f8a91a98989217b2dc0ffb6e5f48ddd4e9caa36,model_input,identity_model_input_v1,0.97370607437599999,-1.016111775245,-0.402342990831,-1.3681696053129999,-0.67504030634300005,-1.0566774002379999,-1.143812833363,-0.083129335880000002
243,0,-0.21290736696634377,0.45809585268554254,false,flipguard_tabular_validation_v2,sha256:5e4437a93ea0b4c125c28c0f6b278f399397203429e782738577f2dcfd5b4bae,sha256:4732af06a200e574b79412c23f8a91a98989217b2dc0ffb6e5f48ddd4e9caa36,model_input,identity_model_input_v1,-2.5884258682639998,1.812014438944,4.0091410918179999,1.085667401851,-0.67504030634300005,-1.0566774002379999,-1.143812833363,-0.083129335880000002
245,0,-0.091206856104433603,0.48203528423389286,false,flipguard_tabular_validation_v2,sha256:5e4437a93ea0b4c125c28c0f6b278f399397203429e782738577f2dcfd5b4bae,sha256:4732af06a200e574b79412c23f8a91a98989217b2dc0ffb6e5f48ddd4e9caa36,model_input,identity_model_input_v1,-0.92609762836499998,1.45849866217,-0.402342990831,1.085667401851,-0.67504030634300005,-1.0566774002379999,-1.143812833363,-0.083129335880000002
246,1,0.046337506985286804,0.5091280908990915,true,flipguard_tabular_validation_v2,sha256:5e4437a93ea0b4c125c28c0f6b278f399397203429e782738577f2dcfd5b4bae,sha256:4732af06a200e574b79412c23f8a91a98989217b2dc0ffb6e5f48ddd4e9caa36,model_input,identity_model_input_v1,-2.5884258682639998,0.92822499701000005,-0.402342990831,-1.7187177491929999,-0.67504030634300005,1.419656306776,1.347994327014,-0.083129335880000002
249,1,0.11821658227668322,0.52328205832574493,true,flipguard_tabular_validation_v2,sha256:5e4437a93ea0b4c125c28c0f6b278f399397203429e782738577f2dcfd5b4bae,sha256:4732af06a200e574b79412c23f8a91a98989217b2dc0ffb6e5f48ddd4e9caa36,model_input,identity_model_input_v1,-0.68862216552199995,-0.66259599847100004,-0.402342990831,0.73511925797099997,-0.67504030634300005,1.110114593399,-0.67659899079300001,-0.083129335880000002
251,1,0.14342878085755206,0.52824366746745355,true,flipguard_tabular_validation_v2,sha256:5e4437a93ea0b4c125c28c0f6b278f399397203429e782738577f2dcfd5b4bae,sha256:4732af06a200e574b79412c23f8a91a98989217b2dc0ffb6e5f48ddd4e9caa36,model_input,identity_model_input_v1,0.26127968584799999,-1.016111775245,-0.402342990831,1.085667401851,1.605942664284,0.800572880022,-1.143812833363,-0.083129335880000002
253,1,0.16299112354472967,0.53209193118022013,true,flipguard_tabular_validation_v2,sha256:5e4437a93ea0b4c125c28c0f6b278f399397203429e782738577f2dcfd5b4bae,sha256:4732af06a200e574b79412c23f8a91a98989217b2dc0ffb6e5f48ddd4e9caa36,model_input,identity_model_input_v1,0.26127968584799999,-1.016111775245,-0.402342990831,0.55984518603,0.180328307642,1.419656306776,0.56930458939600004,-0.083129335880000002
258,1,0.024791577696845535,0.50488387985645,true,flipguard_tabular_validation_v2,sha256:5e4437a93ea0b4c125c28c0f6b278f399397203429e782738577f2dcfd5b4bae,sha256:4732af06a200e574b79412c23f8a91a98989217b2dc0ffb6e5f48ddd4e9caa36,model_input,identity_model_input_v1,0.023804223005999998,0.044435555076,-0.402342990831,-1.3681696053129999,-0.67504030634300005,1.419656306776,0.10209074682499999,-0.083129335880000002
259,0,-0.083683345116516109,0.48351672511718946,false,flipguard_tabular_validation_v2,sha256:5e4437a93ea0b4c125c28c0f6b278f399397203429e782738577f2dcfd5b4bae,sha256:4732af06a200e574b79412c23f8a91a98989217b2dc0ffb6e5f48ddd4e9caa36,model_input,identity_model_input_v1,0.73623061153400005,-0.485838110085,-0.402342990831,-0.141251101731,-0.67504030634300005,-1.0566774002379999,-1.143812833363,-0.083129335880000002
262,1,0.14474354027749231,0.52850234752507885,true,flipguard_tabular_validation_v2,sha256:5e4437a93ea0b4c125c28c0f6b278f399397203429e782738577f2dcfd5b4bae,sha256:4732af06a200e574b79412c23f8a91a98989217b2dc0ffb6e5f48ddd4e9caa36,model_input,identity_model_input_v1,-2.5884258682639998,1.104982885396,-0.402342990831,-0.31652517367100003,2.7464341495969999,1.419656306776,0.88078048444299994,-0.083129335880000002
264,1,0.11303960121671812,0.52226302378155143,true,flipguard_tabular_validation_v2,sha256:5e4437a93ea0b4c125c28c0f6b278f399397203429e782738577f2dcfd5b4bae,sha256:4732af06a200e574b79412c23f8a91a98989217b2dc0ffb6e5f48ddd4e9caa36,model_input,identity_model_input_v1,0.023804223005999998,-1.016111775245,-0.402342990831,0.73511925797099997,-0.104794563686,0.95534373671100004,-1.143812833363,-0.083129335880000002
265,0,-0.087777765888112522,0.48271048540838013,false,flipguard_tabular_validation_v2,sha256:5e4437a93ea0b4c125c28c0f6b278f399397203429e782738577f2dcfd5b4bae,sha256:4732af06a200e574b79412c23f8a91a98989217b2dc0ffb6e5f48ddd4e9caa36,model_input,identity_model_input_v1,0.97370607437599999,-0.66259599847100004,-0.402342990831,-1.7187177491929999,-0.67504030634300005,-0.90190654354999999,1.347994327014,-0.083129335880000002
266,0,-0.13695166407866882,0.47303079670573989,false,flipguard_tabular_validation_v2,sha256:5e4437a93ea0b4c125c28c0f6b278f399397203429e782738577f2dcfd5b4bae,sha256:4732af06a200e574b79412c23f8a91a98989217b2dc0ffb6e5f48ddd4e9caa36,model_input,identity_model_input_v1,-2.825901331107,1.45849866217,2.7487170682039999,-0.141251101731,0.75057405029900004,-0.43759397348500001,-1.143812833363,-0.083129335880000002
267,0,-0.11838411705473932,0.47668496545871847,false,flipguard_tabular_validation_v2,sha256:5e4437a93ea0b4c125c28c0f6b278f399397203429e782738577f2dcfd5b4bae,sha256:4732af06a200e574b79412c23f8a91a98989217b2dc0ffb6e5f48ddd4e9caa36,model_input,identity_model_input_v1,0.73623061153400005,1.812014438944,-0.087236984928,1.085667401851,-0.67504030634300005,-1.0566774002379999,0.72504253691999998,-0.083129335880000002
268,0,-0.063700324046632006,0.48745207007800412,false,flipguard_tabular_validation_v2,sha256:5e4437a93ea0b4c125c28c0f6b278f399397203429e782738577f2dcfd5b4bae,sha256:4732af06a200e574b79412c23f8a91a98989217b2dc0ffb6e5f48ddd4e9caa36,model_input,identity_model_input_v1,0.26127968584799999,-0.13232233331099999,-0.402342990831,0.55984518603,-0.67504030634300005,-1.0566774002379999,-1.143812833363,-0.083129335880000002
269,1,0.15297327420718981,0.53012141621699405,true,flipguard_tabular_validation_v2,sha256:5e4437a93ea0b4c125c28c0f6b278f399397203429e782738577f2dcfd5b4bae,sha256:4732af06a200e574b79412c23f8a91a98989217b2dc0ffb6e5f48ddd4e9caa36,model_input,identity_model_input_v1,0.49875514869100002,-0.83935388685800005,-0.402342990831,0.55984518603,0.180328307642,1.419656306776,0.72504253691999998,-0.083129335880000002
273,0,-0.27066491795062092,0.44675832626758222,false,flipguard_tabular_validation_v2,sha256:5e4437a93ea0b4c125c28c0f6b278f399397203429e782738577f2dcfd5b4bae,sha256:4732af06a200e574b79412c23f8a91a98989217b2dc0ffb6e5f48ddd4e9caa36,model_input,identity_model_input_v1,0.97370607437599999,1.812014438944,4.324247097722,1.085667401851,-0.67504030634300005,-1.0566774002379999,0.25782869434900002,-0.083129335880000002
274,1,0.05845036972430763,0.51151392406562646,true,flipguard_tabular_validation_v2,sha256:5e4437a93ea0b4c125c28c0f6b278f399397203429e782738577f2dcfd5b4bae,sha256:4732af06a200e574b79412c23f8a91a98989217b2dc0ffb6e5f48ddd4e9caa36,model_input,identity_model_input_v1,0.26127968584799999,0.22119344346299999,-0.087236984928,0.73511925797099997,0.75057405029900004,0.95534373671100004,-1.143812833363,-0.083129335880000002
276,0,-0.018915890582981251,0.49627359662840126,false,flipguard_tabular_validation_v2,sha256:5e4437a93ea0b4c125c28c0f6b278f399397203429e782738577f2dcfd5b4bae,sha256:4732af06a200e574b79412c23f8a91a98989217b2dc0ffb6e5f48ddd4e9caa36,model_input,identity_model_input_v1,0.97370607437599999,-1.016111775245,-0.402342990831,1.085667401851,-0.67504030634300005,-1.0566774002379999,-1.143812833363,-0.083129335880000002
277,0,0.041389824777715009,0.50815351185866153,true,flipguard_tabular_validation_v2,sha256:5e4437a93ea0b4c125c28c0f6b278f399397203429e782738577f2dcfd5b4bae,sha256:4732af06a200e574b79412c23f8a91a98989217b2dc0ffb6e5f48ddd4e9caa36,model_input,identity_model_input_v1,0.26127968584799999,-0.83935388685800005,-0.402342990831,-0.84234738949200005,-0.104794563686,0.95534373671100004,-1.143812833363,-0.083129335880000002
278,0,-0.060759999240639059,0.48803117739918839,false,flipguard_tabular_validation_v2,sha256:5e4437a93ea0b4c125c28c0f6b278f399397203429e782738577f2dcfd5b4bae,sha256:4732af06a200e574b79412c23f8a91a98989217b2dc0ffb6e5f48ddd4e9caa36,model_input,identity_model_input_v1,-2.825901331107,1.635256550557,-0.402342990831,1.085667401851,-0.67504030634300005,-1.0566774002379999,-1.143812833363,-0.083129335880000002
280,0,-0.22934638687255771,0.45486701605047586,false,flipguard_tabular_validation_v2,sha256:5e4437a93ea0b4c125c28c0f6b278f399397203429e782738577f2dcfd5b4bae,sha256:4732af06a200e574b79412c23f8a91a98989217b2dc0ffb6e5f48ddd4e9caa36,model_input,identity_model_input_v1,-1.875999479736,1.635256550557,4.324247097722,1.085667401851,-0.67504030634300005,-1.0566774002379999,-1.143812833363,-0.083129335880000002
282,1,0.23509827461571958,0.54626238344546985,true,flipguard_tabular_validation_v2,sha256:5e4437a93ea0b4c125c28c0f6b278f399397203429e782738577f2dcfd5b4bae,sha256:4732af06a200e574b79412c23f8a91a98989217b2dc0ffb6e5f48ddd4e9caa36,model_input,identity_model_input_v1,-0.92609762836499998,-1.016111775245,-0.402342990831,0.38457111409,2.4613112782690001,1.419656306776,1.347994327014,-0.083129335880000002
283,0,-0.016049393348801667,0.49683828604649138,false,flipguard_tabular_validation_v2,sha256:5e4437a93ea0b4c125c28c0f6b278f399397203429e782738577f2dcfd5b4bae,sha256:4732af06a200e574b79412c23f8a91a98989217b2dc0ffb6e5f48ddd4e9caa36,model_input,identity_model_input_v1,-2.825901331107,1.45849866217,0.54297502687900001,-1.7187177491929999,-0.38991743501499998,1.419656306776,0.25782869434900002,-0.083129335880000002
286,0,-0.11304677699578379,0.47773556369034359,false,flipguard_tabular_validation_v2,sha256:5e4437a93ea0b4c125c28c0f6b278f399397203429e782738577f2dcfd5b4bae,sha256:4732af06a200e574b79412c23f8a91a98989217b2dc0ffb6e5f48ddd4e9caa36,model_input,identity_model_input_v1,0.023804223005999998,0.22119344346299999,1.48829304459,0.55984518603,-0.67504030634300005,-1.0566774002379999,0.10209074682499999,-0.083129335880000002
287,1,0.14944285718415895,0.52942689273579679,true,flipguard_tabular_validation_v2,sha256:5e4437a93ea0b4c125c28c0f6b278f399397203429e782738577f2dcfd5b4bae,sha256:4732af06a200e574b79412c23f8a91a98989217b2dc0ffb6e5f48ddd4e9caa36,model_input,identity_model_input_v1,0.023804223005999998,-1.016111775245,-0.402342990831,0.91039332991099997,0.75057405029900004,0.64580202333400005,0.72504253691999998,-0.083129335880000002
288,1,-0.04627620345157752,0.49088398431959274,false,flipguard_tabular_validation_v2,sha256:5e4437a93ea0b4c125c28c0f6b278f399397203429e782738577f2dcfd5b4bae,sha256:4732af06a200e574b79412c23f8a91a98989217b2dc0ffb6e5f48ddd4e9caa36,model_input,identity_model_input_v1,0.97370607437599999,-0.13232233331099999,-0.402342990831,0.38457111409,-0.67504030634300005,-0.90190654354999999,0.56930458939600004,-0.083129335880000002
289,1,-0.11218579414403319,0.47790504627926617,false,flipguard_tabular_validation_v2,sha256:5e4437a93ea0b4c125c28c0f6b278f399397203429e782738577f2dcfd5b4bae,sha256:4732af06a200e574b79412c23f8a91a98989217b2dc0ffb6e5f48ddd4e9caa36,model_input,identity_model_input_v1,0.97370607437599999,0.044435555076,-0.402342990831,-0.141251101731,-0.67504030634300005,-1.0566774002379999,-1.143812833363,-0.083129335880000002
290,0,-0.31391491825736345,0.43828249704193911,false,flipguard_tabular_validation_v2,sha256:5e4437a93ea0b4c125c28c0f6b278f399397203429e782738577f2dcfd5b4bae,sha256:4732af06a200e574b79412c23f8a91a98989217b2dc0ffb6e5f48ddd4e9caa36,model_input,identity_model_input_v1,0.97370607437599999,1.635256550557,2.1185050563969998,-1.7187177491929999,-0.67504030634300005,-1.0566774002379999,-0.67659899079300001,-0.083129335880000002
291,0,-0.10278997196201749,0.47975471974771816,false,flipguard_tabular_validation_v2,sha256:5e4437a93ea0b4c125c28c0f6b278f399397203429e782738577f2dcfd5b4bae,sha256:4732af06a200e574b79412c23f8a91a98989217b2dc0ffb6e5f48ddd4e9caa36,model_input,identity_model_input_v1,0.26127968584799999,-1.016111775245,-0.402342990831,-1.543443677253,-0.67504030634300005,-1.0566774002379999,-1.143812833363,-0.083129335880000002
294,0,-0.1959369179541679,0.46143051623606884,false,flipguard_tabular_validation_v2,sha256:5e4437a93ea0b4c125c28c0f6b278f399397203429e782738577f2dcfd5b4bae,sha256:4732af06a200e574b79412c23f8a91a98989217b2dc0ffb6e5f48ddd4e9caa36,model_input,identity_model_input_v1,-0.92609762836499998,0.57470922023600002,3.3789290800109999,0.20929704215,-0.67504030634300005,-1.0566774002379999,-0.67659899079300001,-0.083129335880000002
296,1,0.094735083992480207,0.51865941065699084,true,flipguard_tabular_validation_v2,sha256:5e4437a93ea0b4c125c28c0f6b278f399397203429e782738577f2dcfd5b4bae,sha256:4732af06a200e574b79412c23f8a91a98989217b2dc0ffb6e5f48ddd4e9caa36,model_input,identity_model_input_v1,0.49875514869100002,-1.016111775245,-0.402342990831,0.55984518603,-0.67504030634300005,0.49103116664500002,0.88078048444299994,-0.083129335880000002
297,0,-0.11610312070438762,0.47713394547114873,false,flipguard_tabular_validation_v2,sha256:5e4437a93ea0b4c125c28c0f6b278f399397203429e782738577f2dcfd5b4bae,sha256:4732af06a200e574b79412c23f8a91a98989217b2dc0ffb6e5f48ddd4e9caa36,model_input,identity_model_input_v1,0.26127968584799999,-0.13232233331099999,-0.402342990831,-0.84234738949200005,-0.67504030634300005,-1.0566774002379999,-1.143812833363,-0.083129335880000002
299,0,-0.1560173843103847,0.4692797660321949,false,flipguard_tabular_validation_v2,sha256:5e4437a93ea0b4c125c28c0f6b278f399397203429e782738577f2dcfd5b4bae,sha256:4732af06a200e574b79412c23f8a91a98989217b2dc0ffb6e5f48ddd4e9caa36,model_input,identity_model_input_v1,-2.825901331107,1.812014438944,1.48829304459,0.20929704215,-0.38991743501499998,-1.0566774002379999,-1.143812833363,-0.083129335880000002
301,1,0.095707632552557306,0.51885089690398312,true,flipguard_tabular_validation_v2,sha256:5e4437a93ea0b4c125c28c0f6b278f399397203429e782738577f2dcfd5b4bae,sha256:4732af06a200e574b79412c23f8a91a98989217b2dc0ffb6e5f48ddd4e9caa36,model_input,identity_model_input_v1,0.49875514869100002,-0.30908022169799998,-0.402342990831,0.91039332991099997,-0.67504030634300005,1.110114593399,-0.053647200697999997,-0.083129335880000002
303,1,0.13960259197219921,0.52749082782381473,true,flipguard_tabular_validation_v2,sha256:5e4437a93ea0b4c125c28c0f6b278f399397203429e782738577f2dcfd5b4bae,sha256:4732af06a200e574b79412c23f8a91a98989217b2dc0ffb6e5f48ddd4e9caa36,model_input,identity_model_input_v1,0.26127968584799999,-0.83935388685800005,-0.402342990831,0.55984518603,-0.67504030634300005,1.419656306776,0.56930458939600004,-0.083129335880000002
308,0,-0.074535888209905463,0.48531808638856272,false,flipguard_tabular_validation_v2,sha256:5e4437a93ea0b4c125c28c0f6b278f399397203429e782738577f2dcfd5b4bae,sha256:4732af06a200e574b79412c23f8a91a98989217b2dc0ffb6e5f48ddd4e9caa36,model_input,identity_model_input_v1,0.023804223005999998,-0.83935388685800005,-0.402342990831,-0.84234738949200005,-0.38991743501499998,-1.0566774002379999,-1.143812833363,-0.083129335880000002
310,1,0.044793148602303261,0.50882389077807288,true,flipguard_tabular_validation_v2,sha256:5e4437a93ea0b4c125c28c0f6b278f399397203429e782738577f2dcfd5b4bae,sha256:4732af06a200e574b79412c23f8a91a98989217b2dc0ffb6e5f48ddd4e9caa36,model_input,identity_model_input_v1,0.97370607437599999,0.044435555076,-0.402342990831,0.55984518603,-0.67504030634300005,0.800572880022,0.25782869434900002,-0.083129335880000002
311,0,-0.059461427635956424,0.48828693969760895,false,flipguard_tabular_validation_v2,sha256:5e4437a93ea0b4c125c28c0f6b278f399397203429e782738577f2dcfd5b4bae,sha256:4732af06a200e574b79412c23f8a91a98989217b2dc0ffb6e5f48ddd4e9caa36,model_input,identity_model_input_v1,0.73623061153400005,-0.66259599847100004,-0.402342990831,-1.0176214614320001,-0.67504030634300005,-0.90190654354999999,1.1922563794909999,-0.083129335880000002
314,1,-0.071017947580857929,0.4860108970565305,false,flipguard_tabular_validation_v2,sha256:5e4437a93ea0b4c125c28c0f6b278f399397203429e782738577f2dcfd5b4bae,sha256:4732af06a200e574b79412c23f8a91a98989217b2dc0ffb6e5f48ddd4e9caa36,model_input,identity_model_input_v1,0.97370607437599999,0.22119344346299999,-0.402342990831,-0.141251101731,-0.67504030634300005,-0.90190654354999999,1.1922563794909999,-0.083129335880000002
315,1,0.095569597441930873,0.51882371913805525,true,flipguard_tabular_validation_v2,sha256:5e4437a93ea0b4c125c28c0f6b278f399397203429e782738577f2dcfd5b4bae,sha256:4732af06a200e574b79412c23f8a91a98989217b2dc0ffb6e5f48ddd4e9caa36,model_input,identity_model_input_v1,-2.825901331107,0.57470922023600002,-0.402342990831,-1.543443677253,1.035696921627,1.2648854500869999,1.347994327014,-0.083129335880000002
316,0,-0.22119956794299872,0.45646697763005806,false,flipguard_tabular_validation_v2,sha256:5e4437a93ea0b4c125c28c0f6b278f399397203429e782738577f2dcfd5b4bae,sha256:4732af06a200e574b79412c23f8a91a98989217b2dc0ffb6e5f48ddd4e9caa36,model_input,identity_model_input_v1,-0.92609762836499998,1.281740773783,4.324247097722,0.55984518603,0.75057405029900004,-1.0566774002379999,-0.83233693831599997,-0.083129335880000002
317,1,-0.0043535113141039798,0.49914235860117095,false,flipguard_tabular_validation_v2,sha256:5e4437a93ea0b4c125c28c0f6b278f399397203429e782738577f2dcfd5b4bae,sha256:4732af06a200e574b79412c23f8a91a98989217b2dc0ffb6e5f48ddd4e9caa36,model_input,identity_model_input_v1,0.73623061153400005,-1.016111775245,-0.402342990831,0.034022970210000003,-0.67504030634300005,-0.90190654354999999,1.1922563794909999,-0.083129335880000002
318,0,-0.22353986398112674,0.45600732800702698,false,flipguard_tabular_validation_v2,sha256:5e4437a93ea0b4c125c28c0f6b278f399397203429e782738577f2dcfd5b4bae,sha256:4732af06a200e574b79412c23f8a91a98989217b2dc0ffb6e5f48ddd4e9caa36,model_input,identity_model_input_v1,0.97370607437599999,1.812014438944,2.7487170682039999,1.085667401851,-0.67504030634300005,-1.0566774002379999,0.10209074682499999,-0.083129335880000002
320,0,0.019071935393213092,0.50375714352365752,true,flipguard_tabular_validation_v2,sha256:5e4437a93ea0b4c125c28c0f6b278f399397203429e782738577f2dcfd5b4bae,sha256:4732af06a200e574b79412c23f8a91a98989217b2dc0ffb6e5f48ddd4e9caa36,model_input,identity_model_input_v1,0.26127968584799999,0.397951331849,-0.402342990831,-1.543443677253,-0.67504030634300005,1.419656306776,1.347994327014,-0.083129335880000002
321,1,0.076135192518822156,0.51499686763506558,true,flipguard_tabular_validation_v2,sha256:5e4437a93ea0b4c125c28c0f6b278f399397203429e782738577f2dcfd5b4bae,sha256:4732af06a200e574b79412c23f8a91a98989217b2dc0ffb6e5f48ddd4e9caa36,model_input,identity_model_input_v1,-0.21367123983700001,0.75146710862300004,-0.402342990831,0.91039332991099997,0.46545117896999999,1.2648854500869999,-0.98807488584000003,-0.083129335880000002
322,0,-0.028979497760145773,0.49429113629048888,false,flipguard_tabular_validation_v2,sha256:5e4437a93ea0b4c125c28c0f6b278f399397203429e782738577f2dcfd5b4bae,sha256:4732af06a200e574b79412c23f8a91a98989217b2dc0ffb6e5f48ddd4e9caa36,model_input,identity_model_input_v1,0.49875514869100002,-1.016111775245,-0.402342990831,0.55984518603,-0.67504030634300005,-1.0566774002379999,-1.143812833363,-0.083129335880000002
324,1,0.16610316365710237,0.53270399192191165,true,flipguard_tabular_validation_v2,sha256:5e4437a93ea0b4c125c28c0f6b278f399397203429e782738577f2dcfd5b4bae,sha256:4732af06a200e574b79412c23f8a91a98989217b2dc0ffb6e5f48ddd4e9caa36,model_input,identity_model_input_v1,0.023804223005999998,-1.016111775245,-0.402342990831,0.73511925797099997,0.46545117896999999,1.419656306776,-0.20938514822199999,-0.083129335880000002
326,0,-0.13980302843135672,0.47246973313645951,false,flipguard_tabular_validation_v2,sha256:5e4437a93ea0b4c125c28c0f6b278f399397203429e782738577f2dcfd5b4bae,sha256:4732af06a200e574b79412c23f8a91a98989217b2dc0ffb6e5f48ddd4e9caa36,model_input,identity_model_input_v1,0.73623061153400005,1.45849866217,-0.087236984928,-1.7187177491929999,-0.67504030634300005,0.02671859658,1.036518431967,-0.083129335880000002
327,0,-0.13505590537905066,0.47340384037189726,false,flipguard_tabular_validation_v2,sha256:5e4437a93ea0b4c125c28c0f6b278f399397203429e782738577f2dcfd5b4bae,sha256:4732af06a200e574b79412c23f8a91a98989217b2dc0ffb6e5f48ddd4e9caa36,model_input,identity_model_input_v1,0.73623061153400005,1.281740773783,3.694035085915,1.085667401851,-0.67504030634300005,0.18148945326900001,1.1922563794909999,-0.083129335880000002
331,0,0.043929999279291879,0.50865387074569135,true,flipguard_tabular_validation_v2,sha256:5e4437a93ea0b4c125c28c0f6b278f399397203429e782738577f2dcfd5b4bae,sha256:4732af06a200e574b79412c23f8a91a98989217b2dc0ffb6e5f48ddd4e9caa36,model_input,identity_model_input_v1,0.73623061153400005,1.104982885396,0.85808103278299996,1.085667401851,-0.104794563686,1.419656306776,1.1922563794909999,-0.083129335880000002
332,0,-0.039991595803901131,0.49212191146530482,false,flipguard_tabular_validation_v2,sha256:5e4437a93ea0b4c125c28c0f6b278f399397203429e782738577f2dcfd5b4bae,sha256:4732af06a200e574b79412c23f8a91a98989217b2dc0ffb6e5f48ddd4e9caa36,model_input,identity_model_input_v1,0.26127968584799999,-0.66259599847100004,-0.402342990831,0.55984518603,-0.67504030634300005,-1.0566774002379999,-1.143812833363,-0.083129335880000002
333,1,0.14554877921216436,0.52866077602312411,true,flipguard_tabular_validation_v2,sha256:5e4437a93ea0b4c125c28c0f6b278f399397203429e782738577f2dcfd5b4bae,sha256:4732af06a200e574b79412c23f8a91a98989217b2dc0ffb6e5f48ddd4e9caa36,model_input,identity_model_input_v1,0.023804223005999998,-1.016111775245,-0.402342990831,1.085667401851,0.180328307642,1.110114593399,-0.83233693831599997,-0.083129335880000002
334,0,-0.31607500687090612,0.4378595315304003,false,flipguard_tabular_validation_v2,sha256:5e4437a93ea0b4c125c28c0f6b278f399397203429e782738577f2dcfd5b4bae,sha256:4732af06a200e574b79412c23f8a91a98989217b2dc0ffb6e5f48ddd4e9caa36,model_input,identity_model_input_v1,0.97370607437599999,1.812014438944,3.694035085915,-1.7187177491929999,0.180328307642,-0.59236483017300001,0.10209074682499999,-0.083129335880000002
335,1,0.062757020144609876,0.51236214430855642,true,flipguard_tabular_validation_v2,sha256:5e4437a93ea0b4c125c28c0f6b278f399397203429e782738577f2dcfd5b4bae,sha256:4732af06a200e574b79412c23f8a91a98989217b2dc0ffb6e5f48ddd4e9caa36,model_input,identity_model_input_v1,0.49875514869100002,0.044435555076,-0.402342990831,0.73511925797099997,-0.67504030634300005,0.64580202333400005,0.88078048444299994,-0.083129335880000002
336,0,-0.13117902467042836,0.47416676142123937,false,flipguard_tabular_validation_v2,sha256:5e4437a93ea0b4c125c28c0f6b278f399397203429e782738577f2dcfd5b4bae,sha256:4732af06a200e574b79412c23f8a91a98989217b2dc0ffb6e5f48ddd4e9caa36,model_input,identity_model_input_v1,0.26127968584799999,1.812014438944,1.803399050493,1.085667401851,-0.67504030634300005,-0.59236483017300001,1.347994327014,-0.083129335880000002
338,1,0.17589613503899498,0.53462977008375479,true,flipguard_tabular_validation_v2,sha256:5e4437a93ea0b4c125c28c0f6b278f399397203429e782738577f2dcfd5b4bae,sha256:4732af06a200e574b79412c23f8a91a98989217b2dc0ffb6e5f48ddd4e9caa36,model_input,identity_model_input_v1,0.26127968584799999,-1.016111775245,-0.402342990831,0.91039332991099997,0.46545117896999999,1.419656306776,0.25782869434900002,-0.083129335880000002
340,0,-0.089758148235403734,0.48232053735274899,false,flipguard_tabular_validation_v2,sha256:5e4437a93ea0b4c125c28c0f6b278f399397203429e782738577f2dcfd5b4bae,sha256:4732af06a200e574b79412c23f8a91a98989217b2dc0ffb6e5f48ddd4e9caa36,model_input,identity_model_input_v1,0.49875514869100002,-0.66259599847100004,-0.402342990831,-1.7187177491929999,-0.67504030634300005,-1.0566774002379999,1.1922563794909999,-0.083129335880000002
341,0,-0.17432933193059075,0.46567831358252237,false,flipguard_tabular_validation_v2,sha256:5e4437a93ea0b4c125c28c0f6b278f399397203429e782738577f2dcfd5b4bae,sha256:4732af06a200e574b79412c23f8a91a98989217b2dc0ffb6e5f48ddd4e9caa36,model_input,identity_model_input_v1,0.023804223005999998,1.812014438944,0.54297502687900001,-1.3681696053129999,0.180328307642,-0.74713568686200005,1.1922563794909999,-0.083129335880000002
342,0,-0.046336123653437304,0.49087218158164103,false,flipguard_tabular_validation_v2,sha256:5e4437a93ea0b4c125c28c0f6b278f399397203429e782738577f2dcfd5b4bae,sha256:4732af06a200e574b79412c23f8a91a98989217b2dc0ffb6e5f48ddd4e9caa36,model_input,identity_model_input_v1,-2.825901331107,-0.13232233331099999,-0.402342990831,-1.543443677253,1.035696921627,-1.0566774002379999,-0.98807488584000003,-0.083129335880000002
345,1,0.25783264487031615,0.55072447058268137,true,flipguard_tabular_validation_v2,sha256:5e4437a93ea0b4c125c28c0f6b278f399397203429e782738577f2dcfd5b4bae,sha256:4732af06a200e574b79412c23f8a91a98989217b2dc0ffb6e5f48ddd4e9caa36,model_input,identity_model_input_v1,-1.40104855405,-1.016111775245,-0.402342990831,0.55984518603,3.3166798922540002,1.2648854500869999,1.347994327014,-0.083129335880000002
347,1,0.1390259973125158,0.52737737296590925,true,flipguard_tabular_validation_v2,sha256:5e4437a93ea0b4c125c28c0f6b278f399397203429e782738577f2dcfd5b4bae,sha256:4732af06a200e574b79412c23f8a91a98989217b2dc0ffb6e5f48ddd4e9caa36,model_input,identity_model_input_v1,0.023804223005999998,-1.016111775245,-0.402342990831,0.55984518603,-0.67504030634300005,0.95534373671100004,1.347994327014,-0.083129335880000002
348,0,-0.12105081810217515,0.47616008400995574,false,flipguard_tabular_validation_v2,sha256:5e4437a93ea0b4c125c28c0f6b278f399397203429e782738577f2dcfd5b4bae,sha256:4732af06a200e574b79412c23f8a91a98989217b2dc0ffb6e5f48ddd4e9caa36,model_input,identity_model_input_v1,0.49875514869100002,-0.66259599847100004,-0.402342990831,-1.7187177491929999,-0.67504030634300005,-0.90190654354999999,-1.143812833363,-0.083129335880000002
351,0,-0.19871743518060964,0.46088405357780154,false,flipguard_tabular_validation_v2,sha256:5e4437a93ea0b4c125c28c0f6b278f399397203429e782738577f2dcfd5b4bae,sha256:4732af06a200e574b79412c23f8a91a98989217b2dc0ffb6e5f48ddd4e9caa36,model_input,identity_model_input_v1,-0.92609762836499998,1.635256550557,2.7487170682039999,1.085667401851,-0.67504030634300005,-1.0566774002379999,-1.143812833363,-0.083129335880000002
354,1,0.18797651194196402,0.53700480412526541,true,flipguard_tabular_validation_v2,sha256:5e4437a93ea0b4c125c28c0f6b278f399397203429e782738577f2dcfd5b4bae,sha256:4732af06a200e574b79412c23f8a91a98989217b2dc0ffb6e5f48ddd4e9caa36,model_input,identity_model_input_v1,0.49875514869100002,-1.016111775245,-0.402342990831,1.085667401851,1.035696921627,1.419656306776,0.25782869434900002,-0.083129335880000002
356,1,0.15062188710897784,0.5296588431538487,true,flipguard_tabular_validation_v2,sha256:5e4437a93ea0b4c125c28c0f6b278f399397203429e782738577f2dcfd5b4bae,sha256:4732af06a200e574b79412c23f8a91a98989217b2dc0ffb6e5f48ddd4e9caa36,model_input,identity_model_input_v1,0.26127968584799999,-1.016111775245,-0.402342990831,0.38457111409,-0.38991743501499998,1.2648854500869999,1.347994327014,-0.083129335880000002
357,1,-0.014775429617098386,0.49708925326812403,false,flipguard_tabular_validation_v2,sha256:5e4437a93ea0b4c125c28c0f6b278f399397203429e782738577f2dcfd5b4bae,sha256:4732af06a200e574b79412c23f8a91a98989217b2dc0ffb6e5f48ddd4e9caa36,model_input,identity_model_input_v1,0.73623061153400005,-1.016111775245,-0.402342990831,-0.31652517367100003,-0.67504030634300005,-0.90190654354999999,1.347994327014,-0.083129335880000002
358,1,0.18588479409105962,0.53659361281028439,true,flipguard_tabular_validation_v2,sha256:5e4437a93ea0b4c125c28c0f6b278f399397203429e782738577f2dcfd5b4bae,sha256:4732af06a200e574b79412c23f8a91a98989217b2dc0ffb6e5f48ddd4e9caa36,model_input,identity_model_input_v1,0.49875514869100002,-1.016111775245,-0.402342990831,1.085667401851,0.180328307642,1.419656306776,1.036518431967,-0.083129335880000002
361,0,-0.23847793080184415,0.45307409823578282,false,flipguard_tabular_validation_v2,sha256:5e4437a93ea0b4c125c28c0f6b278f399397203429e782738577f2dcfd5b4bae,sha256:4732af06a200e574b79412c23f8a91a98989217b2dc0ffb6e5f48ddd4e9caa36,model_input,identity_model_input_v1,0.97370607437599999,1.104982885396,0.22786902097600001,-1.7187177491929999,-0.67504030634300005,-1.0566774002379999,-1.143812833363,-0.083129335880000002
362,1,0.043910595078228525,0.5086500485672486,true,flipguard_tabular_validation_v2,sha256:5e4437a93ea0b4c125c28c0f6b278f399397203429e782738577f2dcfd5b4bae,sha256:4732af06a200e574b79412c23f8a91a98989217b2dc0ffb6e5f48ddd4e9caa36,model_input,identity_model_input_v1,0.73623061153400005,-0.30908022169799998,-0.402342990831,0.91039332991099997,-0.67504030634300005,-0.128052260108,1.347994327014,-0.083129335880000002
366,1,0.27327203750795226,0.55375296218234638,true,flipguard_tabular_validation_v2,sha256:5e4437a93ea0b4c125c28c0f6b278f399397203429e782738577f2dcfd5b4bae,sha256:4732af06a200e574b79412c23f8a91a98989217b2dc0ffb6e5f48ddd4e9caa36,model_input,identity_model_input_v1,-1.40104855405,-1.016111775245,-0.402342990831,0.73511925797099997,3.3166798922540002,1.419656306776,1.347994327014,-0.083129335880000002
368,1,0.00055219769897242761,0.50010878294602412,true,flipguard_tabular_validation_v2,sha256:5e4437a93ea0b4c125c28c0f6b278f399397203429e782738577f2dcfd5b4bae,sha256:4732af06a200e574b79412c23f8a91a98989217b2dc0ffb6e5f48ddd4e9caa36,model_input,identity_model_input_v1,0.023804223005999998,-1.016111775245,-0.402342990831,0.73511925797099997,-0.67504030634300005,-1.0566774002379999,-0.36512309574500001,-0.083129335880000002
369,0,-0.28979001059671711,0.44300871214455639,false,flipguard_tabular_validation_v2,sha256:5e4437a93ea0b4c125c28c0f6b278f399397203429e782738577f2dcfd5b4bae,sha256:4732af06a200e574b79412c23f8a91a98989217b2dc0ffb6e5f48ddd4e9caa36,model_input,identity_model_input_v1,0.023804223005999998,1.812014438944,3.3789290800109999,-0.66707331755199994,-0.67504030634300005,-1.0566774002379999,0.10209074682499999,-0.083129335880000002
370,0,-0.11892776311375096,0.47657795903468253,false,flipguard_tabular_validation_v2,sha256:5e4437a93ea0b4c125c28c0f6b278f399397203429e782738577f2dcfd5b4bae,sha256:4732af06a200e574b79412c23f8a91a98989217b2dc0ffb6e5f48ddd4e9caa36,model_input,identity_model_input_v1,0.73623061153400005,-1.016111775245,-0.402342990831,-1.7187177491929999,-0.67504030634300005,-1.0566774002379999,-1.143812833363,-0.083129335880000002
372,0,-0.12978932049354214,0.47444024920617284,false,flipguard_tabular_validation_v2,sha256:5e4437a93ea0b4c125c28c0f6b278f399397203429e782738577f2dcfd5b4bae,sha256:4732af06a200e574b79412c23f8a91a98989217b2dc0ffb6e5f48ddd4e9caa36,model_input,identity_model_input_v1,0.97370607437599999,1.281740773783,0.22786902097600001,-0.141251101731,1.035696921627,-0.59236483017300001,-1.143812833363,-0.083129335880000002
373,0,-0.020370655314746269,0.49598701471531664,false,flipguard_tabular_validation_v2,sha256:5e4437a93ea0b4c125c28c0f6b278f399397203429e782738577f2dcfd5b4bae,sha256:4732af06a200e574b79412c23f8a91a98989217b2dc0ffb6e5f48ddd4e9caa36,model_input,identity_model_input_v1,0.023804223005999998,0.044435555076,-0.402342990831,1.085667401851,-0.67504030634300005,-1.0566774002379999,0.41356664187300002,-0.083129335880000002
374,0,-0.25560556589364497,0.44971250266503976,false,flipguard_tabular_validation_v2,sha256:5e4437a93ea0b4c125c28c0f6b278f399397203429e782738577f2dcfd5b4bae,sha256:4732af06a200e574b79412c23f8a91a98989217b2dc0ffb6e5f48ddd4e9caa36,model_input,identity_model_input_v1,0.73623061153400005,1.812014438944,0.54297502687900001,-1.1928955333719999,-0.67504030634300005,-1.0566774002379999,-1.143812833363,-0.083129335880000002
376,1,0.1296276908545248,0.5255279423866045,true,flipguard_tabular_validation_v2,sha256:5e4437a93ea0b4c125c28c0f6b278f399397203429e782738577f2dcfd5b4bae,sha256:4732af06a200e574b79412c23f8a91a98989217b2dc0ffb6e5f48ddd4e9caa36,model_input,identity_model_input_v1,-0.21367123983700001,-0.83935388685800005,-0.402342990831,1.085667401851,0.75057405029900004,0.800572880022,-1.143812833363,-0.083129335880000002
378,1,0.14327306197731665,0.52821302924736768,true,flipguard_tabular_validation_v2,sha256:5e4437a93ea0b4c125c28c0f6b278f399397203429e782738577f2dcfd5b4bae,sha256:4732af06a200e574b79412c23f8a91a98989217b2dc0ffb6e5f48ddd4e9caa36,model_input,identity_model_input_v1,-2.5884258682639998,-0.66259599847100004,-0.402342990831,-1.7187177491929999,0.75057405029900004,1.419656306776,1.347994327014,-0.083129335880000002
380,0,-0.16781971890188119,0.46695842091078393,false,flipguard_tabular_validation_v2,sha256:5e4437a93ea0b4c125c28c0f6b278f399397203429e782738577f2dcfd5b4bae,sha256:4732af06a200e574b79412c23f8a91a98989217b2dc0ffb6e5f48ddd4e9caa36,model_input,identity_model_input_v1,-0.68862216552199995,1.104982885396,2.1185050563969998,0.73511925797099997,-0.38991743501499998,-1.0566774002379999,-1.143812833363,-0.083129335880000002
383,0,-0.35535846179223951,0.43017388117626959,false,flipguard_tabular_validation_v2,sha256:5e4437a93ea0b4c125c28c0f6b278f399397203429e782738577f2dcfd5b4bae,sha256:4732af06a200e574b79412c23f8a91a98989217b2dc0ffb6e5f48ddd4e9caa36,model_input,identity_model_input_v1,0.73623061153400005,1.812014438944,4.0091410918179999,-1.7187177491929999,-0.67504030634300005,-1.0566774002379999,0.56930458939600004,-0.083129335880000002
384,1,0.0060490580912662857,0.50119166355861255,true,flipguard_tabular_validation_v2,sha256:5e4437a93ea0b4c125c28c0f6b278f399397203429e782738577f2dcfd5b4bae,sha256:4732af06a200e574b79412c23f8a91a98989217b2dc0ffb6e5f48ddd4e9caa36,model_input,identity_model_input_v1,0.49875514869100002,-1.016111775245,-0.402342990831,-1.7187177491929999,-0.67504030634300005,0.33626030995700001,1.1922563794909999,-0.083129335880000002
385,1,0.086846268241906277,0.5171060947701448,true,flipguard_tabular_validation_v2,sha256:5e4437a93ea0b4c125c28c0f6b278f399397203429e782738577f2dcfd5b4bae,sha256:4732af06a200e574b79412c23f8a91a98989217b2dc0ffb6e5f48ddd4e9caa36,model_input,identity_model_input_v1,-1.163573091208,0.57470922023600002,-0.087236984928,0.91039332991099997,0.75057405029900004,1.110114593399,-1.143812833363,-0.083129335880000002
386,1,0.078899377776133997,0.51554121279210374,true,flipguard_tabular_validation_v2,sha256:5e4437a93ea0b4c125c28c0f6b278f399397203429e782738577f2dcfd5b4bae,sha256:4732af06a200e574b79412c23f8a91a98989217b2dc0ffb6e5f48ddd4e9caa36,model_input,identity_model_input_v1,0.023804223005999998,-1.016111775245,-0.402342990831,-0.31652517367100003,0.180328307642,0.95534373671100004,-1.143812833363,-0.083129335880000002
387,0,-0.012019299459876849,0.49763220495180738,false,flipguard_tabular_validation_v2,sha256:5e4437a93ea0b4c125c28c0f6b278f399397203429e782738577f2dcfd5b4bae,sha256:4732af06a200e574b79412c23f8a91a98989217b2dc0ffb6e5f48ddd4e9caa36,model_input,identity_model_input_v1,0.26127968584799999,1.281740773783,-0.402342990831,-0.84234738949200005,-0.67504030634300005,1.110114593399,1.347994327014,-0.083129335880000002
389,1,0.13534529078041718,0.52665310507533813,true,flipguard_tabular_validation_v2,sha256:5e4437a93ea0b4c125c28c0f6b278f399397203429e782738577f2dcfd5b4bae,sha256:4732af06a200e574b79412c23f8a91a98989217b2dc0ffb6e5f48ddd4e9caa36,model_input,identity_model_input_v1,-0.45114670268000001,-0.485838110085,-0.402342990831,1.085667401851,1.035696921627,0.95534373671100004,-0.98807488584000003,-0.083129335880000002
391,1,0.17813653812178393,0.53507028704927428,true,flipguard_tabular_validation_v2,sha256:5e4437a93ea0b4c125c28c0f6b278f399397203429e782738577f2dcfd5b4bae,sha256:4732af06a200e574b79412c23f8a91a98989217b2dc0ffb6e5f48ddd4e9caa36,model_input,identity_model_input_v1,0.73623061153400005,-1.016111775245,-0.402342990831,1.085667401851,2.1761884069409998,0.64580202333400005,1.347994327014,-0.083129335880000002
392,1,-0.032460343865227725,0.49360544906902171,false,flipguard_tabular_validation_v2,sha256:5e4437a93ea0b4c125c28c0f6b278f399397203429e782738577f2dcfd5b4bae,sha256:4732af06a200e574b79412c23f8a91a98989217b2dc0ffb6e5f48ddd4e9caa36,model_input,identity_model_input_v1,0.49875514869100002,-1.016111775245,-0.402342990831,-0.31652517367100003,-0.38991743501499998,-1.0566774002379999,0.25782869434900002,-0.083129335880000002
395,1,0.13556265634218534,0.52669587823289288,true,flipguard_tabular_validation_v2,sha256:5e4437a93ea0b4c125c28c0f6b278f399397203429e782738577f2dcfd5b4bae,sha256:4732af06a200e574b79412c23f8a91a98989217b2dc0ffb6e5f48ddd4e9caa36,model_input,identity_model_input_v1,-0.45114670268000001,0.22119344346299999,-0.402342990831,1.085667401851,1.3208197929550001,1.419656306776,-0.98807488584000003,-0.083129335880000002
399,0,-0.12028032294579938,0.47631173693272721,false,flipguard_tabular_validation_v2,sha256:5e4437a93ea0b4c125c28c0f6b278f399397203429e782738577f2dcfd5b4bae,sha256:4732af06a200e574b79412c23f8a91a98989217b2dc0ffb6e5f48ddd4e9caa36,model_input,identity_model_input_v1,0.73623061153400005,-0.83935388685800005,-0.402342990831,-1.543443677253,-0.67504030634300005,-1.0566774002379999,-1.143812833363,-0.083129335880000002
400,0,-0.20368781341748465,0.45990730374773525,false,flipguard_tabular_validation_v2,sha256:5e4437a93ea0b4c125c28c0f6b278f399397203429e782738577f2dcfd5b4bae,sha256:4732af06a200e574b79412c23f8a91a98989217b2dc0ffb6e5f48ddd4e9caa36,model_input,identity_model_input_v1,-2.5884258682639998,1.281740773783,4.0091410918179999,0.55984518603,-0.38991743501499998,-1.0566774002379999,-1.143812833363,-0.083129335880000002
403,0,-0.22449990088271449,0.4558187788906588,false,flipguard_tabular_validation_v2,sha256:5e4437a93ea0b4c125c28c0f6b278f399397203429e782738577f2dcfd5b4bae,sha256:4732af06a200e574b79412c23f8a91a98989217b2dc0ffb6e5f48ddd4e9caa36,model_input,identity_model_input_v1,0.023804223005999998,1.812014438944,1.803399050493,0.034022970210000003,-0.67504030634300005,-1.0566774002379999,-0.52086104326899996,-0.083129335880000002
404,1,0.18731250848185327,0.53687427600234128,true,flipguard_tabular_validation_v2,sha256:5e4437a93ea0b4c125c28c0f6b278f399397203429e782738577f2dcfd5b4bae,sha256:4732af06a200e574b79412c23f8a91a98989217b2dc0ffb6e5f48ddd4e9caa36,model_input,identity_model_input_v1,-0.68862216552199995,-0.83935388685800005,-0.402342990831,1.085667401851,0.75057405029900004,1.2648854500869999,0.10209074682499999,-0.083129335880000002
405,1,0.098099003630846393,0.51932172752577554,true,flipguard_tabular_validation_v2,sha256:5e4437a93ea0b4c125c28c0f6b278f399397203429e782738577f2dcfd5b4bae,sha256:4732af06a200e574b79412c23f8a91a98989217b2dc0ffb6e5f48ddd4e9caa36,model_input,identity_model_input_v1,0.49875514869100002,-1.016111775245,-0.402342990831,0.034022970210000003,-0.67504030634300005,1.2648854500869999,-0.36512309574500001,-0.083129335880000002
406,1,0.015438797411567659,0.50304142837033006,true,flipguard_tabular_validation_v2,sha256:5e4437a93ea0b4c125c28c0f6b278f399397203429e782738577f2dcfd5b4bae,sha256:4732af06a200e574b79412c23f8a91a98989217b2dc0ffb6e5f48ddd4e9caa36,model_input,identity_model_input_v1,-1.40104855405,0.75146710862300004,-0.402342990831,-1.0176214614320001,-0.67504030634300005,1.2648854500869999,-0.52086104326899996,-0.083129335880000002
407,0,-0.0030784480007995507,0.49939354586053836,false,flipguard_tabular_validation_v2,sha256:5e4437a93ea0b4c125c28c0f6b278f399397203429e782738577f2dcfd5b4bae,sha256:4732af06a200e574b79412c23f8a91a98989217b2dc0ffb6e5f48ddd4e9caa36,model_input,identity_model_input_v1,0.97370607437599999,-0.30908022169799998,-0.402342990831,-1.1928955333719999,-0.67504030634300005,0.64580202333400005,0.88078048444299994,-0.083129335880000002
408,1,0.14496959959979516,0.52854682428957267,true,flipguard_tabular_validation_v2,sha256:5e4437a93ea0b4c125c28c0f6b278f399397203429e782738577f2dcfd5b4bae,sha256:4732af06a200e574b79412c23f8a91a98989217b2dc0ffb6e5f48ddd4e9caa36,model_input,identity_model_input_v1,-1.40104855405,-1.016111775245,-0.402342990831,0.38457111409,-0.38991743501499998,0.95534373671100004,0.10209074682499999,-0.083129335880000002
409,0,-0.04837040557841997,0.49047148278925534,false,flipguard_tabular_validation_v2,sha256:5e4437a93ea0b4c125c28c0f6b278f399397203429e782738577f2dcfd5b4bae,sha256:4732af06a200e574b79412c23f8a91a98989217b2dc0ffb6e5f48ddd4e9caa36,model_input,identity_model_input_v1,0.023804223005999998,-1.016111775245,-0.402342990831,-0.49179924561100002,-0.104794563686,-1.0566774002379999,-1.143812833363,-0.083129335880000002
410,1,0.045516436169500227,0.50896636073142032,true,flipguard_tabular_validation_v2,sha256:5e4437a93ea0b4c125c28c0f6b278f399397203429e782738577f2dcfd5b4bae,sha256:4732af06a200e574b79412c23f8a91a98989217b2dc0ffb6e5f48ddd4e9caa36,model_input,identity_model_input_v1,0.73623061153400005,0.397951331849,-0.402342990831,1.085667401851,-0.67504030634300005,0.33626030995700001,1.347994327014,-0.083129335880000002
417,1,0.097589579455028275,0.5192214294869727,true,flipguard_tabular_validation_v2,sha256:5e4437a93ea0b4c125c28c0f6b278f399397203429e782738577f2dcfd5b4bae,sha256:4732af06a200e574b79412c23f8a91a98989217b2dc0ffb6e5f48ddd4e9caa36,model_input,identity_model_input_v1,0.26127968584799999,0.22119344346299999,-0.402342990831,1.085667401851,-0.67504030634300005,1.2648854500869999,0.25782869434900002,-0.083129335880000002
420,0,-0.11892776311375096,0.47657795903468253,false,flipguard_tabular_validation_v2,sha256:5e4437a93ea0b4c125c28c0f6b278f399397203429e782738577f2dcfd5b4bae,sha256:4732af06a200e574b79412c23f8a91a98989217b2dc0ffb6e5f48ddd4e9caa36,model_input,identity_model_input_v1,0.73623061153400005,-1.016111775245,-0.402342990831,-1.7187177491929999,-0.67504030634300005,-1.0566774002379999,-1.143812833363,-0.083129335880000002
422,0,0.046221684309786695,0.50910527680884898,true,flipguard_tabular_validation_v2,sha256:5e4437a93ea0b4c125c28c0f6b278f399397203429e782738577f2dcfd5b4bae,sha256:4732af06a200e574b79412c23f8a91a98989217b2dc0ffb6e5f48ddd4e9caa36,model_input,identity_model_input_v1,-0.92609762836499998,-1.016111775245,-0.402342990831,1.085667401851,-0.67504030634300005,-1.0566774002379999,0.41356664187300002,-0.083129335880000002
423,0,0.046256278456314408,0.50911209096814947,true,flipguard_tabular_validation_v2,sha256:5e4437a93ea0b4c125c28c0f6b278f399397203429e782738577f2dcfd5b4bae,sha256:4732af06a200e574b79412c23f8a91a98989217b2dc0ffb6e5f48ddd4e9caa36,model_input,identity_model_input_v1,0.49875514869100002,-0.66259599847100004,-0.402342990831,-1.7187177491929999,-0.67504030634300005,1.2648854500869999,1.347994327014,-0.083129335880000002
425,1,-0.057649868280865893,0.48864374234770463,false,flipguard_tabular_validation_v2,sha256:5e4437a93ea0b4c125c28c0f6b278f399397203429e782738577f2dcfd5b4bae,sha256:4732af06a200e574b79412c23f8a91a98989217b2dc0ffb6e5f48ddd4e9caa36,model_input,identity_model_input_v1,0.97370607437599999,1.635256550557,0.22786902097600001,0.20929704215,-0.67504030634300005,1.110114593399,-0.67659899079300001,-0.083129335880000002
426,1,0.099183779150444157,0.5195353016418548,true,flipguard_tabular_validation_v2,sha256:5e4437a93ea0b4c125c28c0f6b278f399397203429e782738577f2dcfd5b4bae,sha256:4732af06a200e574b79412c23f8a91a98989217b2dc0ffb6e5f48ddd4e9caa36,model_input,identity_model_input_v1,-0.21367123983700001,-1.016111775245,-0.402342990831,-0.31652517367100003,-0.38991743501499998,1.2648854500869999,-0.67659899079300001,-0.083129335880000002
427,0,-0.17113894038399891,0.46630567838104486,false,flipguard_tabular_validation_v2,sha256:5e4437a93ea0b4c125c28c0f6b278f399397203429e782738577f2dcfd5b4bae,sha256:4732af06a200e574b79412c23f8a91a98989217b2dc0ffb6e5f48ddd4e9caa36,model_input,identity_model_input_v1,0.97370607437599999,0.044435555076,-0.402342990831,-1.7187177491929999,-0.67504030634300005,-1.0566774002379999,-1.143812833363,-0.083129335880000002
436,0,-0.15995644196213787,0.46850495155607214,false,flipguard_tabular_validation_v2,sha256:5e4437a93ea0b4c125c28c0f6b278f399397203429e782738577f2dcfd5b4bae,sha256:4732af06a200e574b79412c23f8a91a98989217b2dc0ffb6e5f48ddd4e9caa36,model_input,identity_model_input_v1,-0.92609762836499998,1.812014438944,0.85808103278299996,0.73511925797099997,-0.67504030634300005,-1.0566774002379999,-1.143812833363,-0.083129335880000002
437,0,-0.041748224601369739,0.49177589080783363,false,flipguard_tabular_validation_v2,sha256:5e4437a93ea0b4c125c28c0f6b278f399397203429e782738577f2dcfd5b4bae,sha256:4732af06a200e574b79412c23f8a91a98989217b2dc0ffb6e5f48ddd4e9caa36,model_input,identity_model_input_v1,0.023804223005999998,-0.66259599847100004,-0.402342990831,0.38457111409,-0.67504030634300005,-1.0566774002379999,-1.143812833363,-0.083129335880000002
439,0,0.030159333050213719,0.50594127888093965,true,flipguard_tabular_validation_v2,sha256:5e4437a93ea0b4c125c28c0f6b278f399397203429e782738577f2dcfd5b4bae,sha256:4732af06a200e574b79412c23f8a91a98989217b2dc0ffb6e5f48ddd4e9caa36,model_input,identity_model_input_v1,0.49875514869100002,-0.13232233331099999,-0.402342990831,-1.1928955333719999,1.605942664284,0.33626030995700001,1.347994327014,-0.083129335880000002
440,0,-0.038385754712592056,0.49243823256206248,false,flipguard_tabular_validation_v2,sha256:5e4437a93ea0b4c125c28c0f6b278f399397203429e782738577f2dcfd5b4bae,sha256:4732af06a200e574b79412c23f8a91a98989217b2dc0ffb6e5f48ddd4e9caa36,model_input,identity_model_input_v1,0.26127968584799999,0.044435555076,-0.402342990831,0.73511925797099997,-0.67504030634300005,-0.59236483017300001,-1.143812833363,-0.083129335880000002
441,0,0.068226878026212759,0.51343942461210679,true,flipguard_tabular_validation_v2,sha256:5e4437a93ea0b4c125c28c0f6b278f399397203429e782738577f2dcfd5b4bae,sha256:4732af06a200e574b79412c23f8a91a98989217b2dc0ffb6e5f48ddd4e9caa36,model_input,identity_model_input_v1,0.023804223005999998,0.397951331849,-0.087236984928,0.20929704215,0.180328307642,0.95534373671100004,1.347994327014,-0.083129335880000002
443,1,0.24868900652941298,0.54893021238429851,true,flipguard_tabular_validation_v2,sha256:5e4437a93ea0b4c125c28c0f6b278f399397203429e782738577f2dcfd5b4bae,sha256:4732af06a200e574b79412c23f8a91a98989217b2dc0ffb6e5f48ddd4e9caa36,model_input,identity_model_input_v1,-0.68862216552199995,-1.016111775245,-0.402342990831,-0.66707331755199994,-0.67504030634300005,0.800572880022,1.347994327014,2.9902111112240002
446,0,-0.063000537879760718,0.4875898942513055,false,flipguard_tabular_validation_v2,sha256:5e4437a93ea0b4c125c28c0f6b278f399397203429e782738577f2dcfd5b4bae,sha256:4732af06a200e574b79412c23f8a91a98989217b2dc0ffb6e5f48ddd4e9caa36,model_input,identity_model_input_v1,-0.92609762836499998,1.281740773783,4.639353103625,0.55984518603,0.75057405029900004,1.2648854500869999,1.1922563794909999,-0.083129335880000002
447,1,0.16214391960579455,0.53192530068575017,true,flipguard_tabular_validation_v2,sha256:5e4437a93ea0b4c125c28c0f6b278f399397203429e782738577f2dcfd5b4bae,sha256:4732af06a200e574b79412c23f8a91a98989217b2dc0ffb6e5f48ddd4e9caa36,model_input,identity_model_input_v1,0.73623061153400005,-1.016111775245,-0.402342990831,1.085667401851,0.46545117896999999,1.419656306776,-0.36512309574500001,-0.083129335880000002
451,1,0.081861652628573187,0.51612455123997847,true,flipguard_tabular_validation_v2,sha256:5e4437a93ea0b4c125c28c0f6b278f399397203429e782738577f2dcfd5b4bae,sha256:4732af06a200e574b79412c23f8a91a98989217b2dc0ffb6e5f48ddd4e9caa36,model_input,identity_model_input_v1,0.97370607437599999,-0.30908022169799998,-0.402342990831,0.034022970210000003,-0.67504030634300005,1.419656306776,0.56930458939600004,-0.083129335880000002
452,0,-0.07504439441360379,0.48521794479891711,false,flipguard_tabular_validation_v2,sha256:5e4437a93ea0b4c125c28c0f6b278f399397203429e782738577f2dcfd5b4bae,sha256:4732af06a200e574b79412c23f8a91a98989217b2dc0ffb6e5f48ddd4e9caa36,model_input,identity_model_input_v1,0.49875514869100002,-0.13232233331099999,-0.402342990831,0.38457111409,-0.67504030634300005,-1.0566774002379999,-1.143812833363,-0.083129335880000002
453,0,0.0041804095222017518,0.5008235403836494,true,flipguard_tabular_validation_v2,sha256:5e4437a93ea0b4c125c28c0f6b278f399397203429e782738577f2dcfd5b4bae,sha256:4732af06a200e574b79412c23f8a91a98989217b2dc0ffb6e5f48ddd4e9caa36,model_input,identity_model_input_v1,0.97370607437599999,0.22119344346299999,-0.402342990831,1.085667401851,-0.67504030634300005,-0.43759397348500001,1.347994327014,-0.083129335880000002
454,1,0.018343939030153997,0.50361373129799114,true,flipguard_tabular_validation_v2,sha256:5e4437a93ea0b4c125c28c0f6b278f399397203429e782738577f2dcfd5b4bae,sha256:4732af06a200e574b79412c23f8a91a98989217b2dc0ffb6e5f48ddd4e9caa36,model_input,identity_model_input_v1,0.49875514869100002,-1.016111775245,-0.402342990831,-0.84234738949200005,-0.67504030634300005,0.02671859658,1.036518431967,-0.083129335880000002
455,1,0.1103029715617859,0.52172431728492474,true,flipguard_tabular_validation_v2,sha256:5e4437a93ea0b4c125c28c0f6b278f399397203429e782738577f2dcfd5b4bae,sha256:4732af06a200e574b79412c23f8a91a98989217b2dc0ffb6e5f48ddd4e9caa36,model_input,identity_model_input_v1,0.023804223005999998,-0.83935388685800005,-0.402342990831,0.034022970210000003,-0.38991743501499998,1.2648854500869999,-0.053647200697999997,-0.083129335880000002
456,1,-0.08127864416148195,0.48399025487795533,false,flipguard_tabular_validation_v2,sha256:5e4437a93ea0b4c125c28c0f6b278f399397203429e782738577f2dcfd5b4bae,sha256:4732af06a200e574b79412c23f8a91a98989217b2dc0ffb6e5f48ddd4e9caa36,model_input,identity_model_input_v1,0.73623061153400005,-0.66259599847100004,-0.402342990831,-1.7187177491929999,-0.67504030634300005,-0.59236483017300001,0.41356664187300002,-0.083129335880000002
459,0,-0.19934254900284454,0.46076120330620463,false,flipguard_tabular_validation_v2,sha256:5e4437a93ea0b4c125c28c0f6b278f399397203429e782738577f2dcfd5b4bae,sha256:4732af06a200e574b79412c23f8a91a98989217b2dc0ffb6e5f48ddd4e9caa36,model_input,identity_model_input_v1,0.73623061153400005,1.812014438944,2.4336110622999998,0.73511925797099997,1.605942664284,-1.0566774002379999,-0.98807488584000003,-0.083129335880000002
461,0,-0.18493502389003474,0.46359310011734634,false,flipguard_tabular_validation_v2,sha256:5e4437a93ea0b4c125c28c0f6b278f399397203429e782738577f2dcfd5b4bae,sha256:4732af06a200e574b79412c23f8a91a98989217b2dc0ffb6e5f48ddd4e9caa36,model_input,identity_model_input_v1,0.97370607437599999,1.812014438944,0.22786902097600001,0.55984518603,-0.67504030634300005,-1.0566774002379999,-1.143812833363,-0.083129335880000002
465,1,0.10533726894051386,0.5207467667171215,true,flipguard_tabular_validation_v2,sha256:5e4437a93ea0b4c125c28c0f6b278f399397203429e782738577f2dcfd5b4bae,sha256:4732af06a200e574b79412c23f8a91a98989217b2dc0ffb6e5f48ddd4e9caa36,model_input,identity_model_input_v1,-0.92609762836499998,0.57470922023600002,-0.402342990831,0.91039332991099997,-0.38991743501499998,0.95534373671100004,1.347994327014,-0.083129335880000002
469,0,-0.044606419379372507,0.49121289040165972,false,flipguard_tabular_validation_v2,sha256:5e4437a93ea0b4c125c28c0f6b278f399397203429e782738577f2dcfd5b4bae,sha256:4732af06a200e574b79412c23f8a91a98989217b2dc0ffb6e5f48ddd4e9caa36,model_input,identity_model_input_v1,0.49875514869100002,-1.016111775245,-0.402342990831,-1.7187177491929999,-0.67504030634300005,-0.59236483017300001,1.347994327014,-0.083129335880000002
473,0,-0.15284045146937963,0.46990471259679401,false,flipguard_tabular_validation_v2,sha256:5e4437a93ea0b4c125c28c0f6b278f399397203429e782738577f2dcfd5b4bae,sha256:4732af06a200e574b79412c23f8a91a98989217b2dc0ffb6e5f48ddd4e9caa36,model_input,identity_model_input_v1,0.97370607437599999,0.22119344346299999,-0.402342990831,-1.0176214614320001,-0.67504030634300005,-1.0566774002379999,-1.143812833363,-0.083129335880000002
474,0,-0.11897493210674476,0.47656867475203135,false,flipguard_tabular_validation_v2,sha256:5e4437a93ea0b4c125c28c0f6b278f399397203429e782738577f2dcfd5b4bae,sha256:4732af06a200e574b79412c23f8a91a98989217b2dc0ffb6e5f48ddd4e9caa36,model_input,identity_model_input_v1,0.97370607437599999,1.281740773783,-0.402342990831,1.085667401851,-0.67504030634300005,-1.0566774002379999,-0.98807488584000003,-0.083129335880000002
475,1,0.1896121695273818,0.5373263290623479,true,flipguard_tabular_validation_v2,sha256:5e4437a93ea0b4c125c28c0f6b278f399397203429e782738577f2dcfd5b4bae,sha256:4732af06a200e574b79412c23f8a91a98989217b2dc0ffb6e5f48ddd4e9caa36,model_input,identity_model_input_v1,-0.92609762836499998,-0.66259599847100004,-0.402342990831,0.91039332991099997,0.180328307642,1.419656306776,0.88078048444299994,-0.083129335880000002
477,1,0.064279633475069695,0.51266202541390304,true,flipguard_tabular_validation_v2,sha256:5e4437a93ea0b4c125c28c0f6b278f399397203429e782738577f2dcfd5b4bae,sha256:4732af06a200e574b79412c23f8a91a98989217b2dc0ffb6e5f48ddd4e9caa36,model_input,identity_model_input_v1,-0.68862216552199995,0.57470922023600002,-0.402342990831,0.91039332991099997,0.46545117896999999,0.800572880022,-1.143812833363,-0.083129335880000002
478,1,-0.0093972513986090959,0.49814874479389648,false,flipguard_tabular_validation_v2,sha256:5e4437a93ea0b4c125c28c0f6b278f399397203429e782738577f2dcfd5b4bae,sha256:4732af06a200e574b79412c23f8a91a98989217b2dc0ffb6e5f48ddd4e9caa36,model_input,identity_model_input_v1,-0.45114670268000001,-1.016111775245,2.7487170682039999,0.91039332991099997,-0.104794563686,-0.28282311679599997,0.72504253691999998,-0.083129335880000002
479,1,0.09003103214560064,0.51773319431531861,true,flipguard_tabular_validation_v2,sha256:5e4437a93ea0b4c125c28c0f6b278f399397203429e782738577f2dcfd5b4bae,sha256:4732af06a200e574b79412c23f8a91a98989217b2dc0ffb6e5f48ddd4e9caa36,model_input,identity_model_input_v1,-1.40104855405,-0.30908022169799998,-0.402342990831,-0.31652517367100003,-0.67504030634300005,0.95534373671100004,0.56930458939600004,-0.083129335880000002
482,0,-0.10469645193533315,0.47937938942531672,false,flipguard_tabular_validation_v2,sha256:5e4437a93ea0b4c125c28c0f6b278f399397203429e782738577f2dcfd5b4bae,sha256:4732af06a200e574b79412c23f8a91a98989217b2dc0ffb6e5f48ddd4e9caa36,model_input,identity_model_input_v1,-0.21367123983700001,0.57470922023600002,1.1731870386859999,0.38457111409,-0.67504030634300005,-0.59236483017300001,-0.52086104326899996,-0.083129335880000002
485,1,0.0070374412982999665,0.5013863745416316,true,flipguard_tabular_validation_v2,sha256:5e4437a93ea0b4c125c28c0f6b278f399397203429e782738577f2dcfd5b4bae,sha256:4732af06a200e574b79412c23f8a91a98989217b2dc0ffb6e5f48ddd4e9caa36,model_input,identity_model_input_v1,0.49875514869100002,-1.016111775245,-0.402342990831,0.73511925797099997,-0.67504030634300005,-1.0566774002379999,0.56930458939600004,-0.083129335880000002
487,1,0.18407687734152939,0.53623819557411867,true,flipguard_tabular_validation_v2,sha256:5e4437a93ea0b4c125c28c0f6b278f399397203429e782738577f2dcfd5b4bae,sha256:4732af06a200e574b79412c23f8a91a98989217b2dc0ffb6e5f48ddd4e9caa36,model_input,identity_model_input_v1,0.26127968584799999,-1.016111775245,-0.402342990831,1.085667401851,0.75057405029900004,1.2648854500869999,0.56930458939600004,-0.083129335880000002
491,0,0.012665638816495312,0.50249512271964325,true,flipguard_tabular_validation_v2,sha256:5e4437a93ea0b4c125c28c0f6b278f399397203429e782738577f2dcfd5b4bae,sha256:4732af06a200e574b79412c23f8a91a98989217b2dc0ffb6e5f48ddd4e9caa36,model_input,identity_model_input_v1,0.73623061153400005,-1.016111775245,-0.402342990831,1.085667401851,-0.67504030634300005,-1.0566774002379999,0.41356664187300002,-0.083129335880000002
496,1,0.18182038918297705,0.53579457371975814,true,flipguard_tabular_validation_v2,sha256:5e4437a93ea0b4c125c28c0f6b278f399397203429e782738577f2dcfd5b4bae,sha256:4732af06a200e574b79412c23f8a91a98989217b2dc0ffb6e5f48ddd4e9caa36,model_input,identity_model_input_v1,0.023804223005999998,-0.83935388685800005,-0.402342990831,1.085667401851,0.75057405029900004,1.419656306776,0.10209074682499999,-0.083129335880000002
497,1,-0.034428504268550972,0.49321774789453665,false,flipguard_tabular_validation_v2,sha256:5e4437a93ea0b4c125c28c0f6b278f399397203429e782738577f2dcfd5b4bae,sha256:4732af06a200e574b79412c23f8a91a98989217b2dc0ffb6e5f48ddd4e9caa36,model_input,identity_model_input_v1,0.97370607437599999,-0.66259599847100004,-0.402342990831,0.73511925797099997,-0.67504030634300005,-1.0566774002379999,-0.36512309574500001,-0.083129335880000002
499,0,0.52606954106951831,0.60305334237202979,true,flipguard_tabular_validation_v2,sha256:5e4437a93ea0b4c125c28c0f6b278f399397203429e782738577f2dcfd5b4bae,sha256:4732af06a200e574b79412c23f8a91a98989217b2dc0ffb6e5f48ddd4e9caa36,model_input,identity_model_input_v1,0.97370607437599999,-0.66259599847100004,-0.402342990831,0.034022970210000003,-0.67504030634300005,-1.0566774002379999,-1.143812833363,12.210232452536999
501,1,0.18587049618884005,0.53659080205154297,true,flipguard_tabular_validation_v2,sha256:5e4437a93ea0b4c125c28c0f6b278f399397203429e782738577f2dcfd5b4bae,sha256:4732af06a200e574b79412c23f8a91a98989217b2dc0ffb6e5f48ddd4e9caa36,model_input,identity_model_input_v1,0.73623061153400005,-0.485838110085,-0.402342990831,1.085667401851,1.605942664284,1.419656306776,1.1922563794909999,-0.083129335880000002
503,1,0.10397424075756988,0.52047842931575683,true,flipguard_tabular_validation_v2,sha256:5e4437a93ea0b4c125c28c0f6b278f399397203429e782738577f2dcfd5b4bae,sha256:4732af06a200e574b79412c23f8a91a98989217b2dc0ffb6e5f48ddd4e9caa36,model_input,identity_model_input_v1,-0.68862216552199995,0.92822499701000005,-0.402342990831,1.085667401851,0.46545117896999999,1.419656306776,-0.36512309574500001,-0.083129335880000002
506,0,-0.10542299498387318,0.47923635667616132,false,flipguard_tabular_validation_v2,sha256:5e4437a93ea0b4c125c28c0f6b278f399397203429e782738577f2dcfd5b4bae,sha256:4732af06a200e574b79412c23f8a91a98989217b2dc0ffb6e5f48ddd4e9caa36,model_input,identity_model_input_v1,0.97370607437599999,-0.83935388685800005,-0.402342990831,-1.0176214614320001,-0.67504030634300005,-1.0566774002379999,-1.143812833363,-0.083129335880000002
507,0,-0.17113894038399891,0.46630567838104486,false,flipguard_tabular_validation_v2,sha256:5e4437a93ea0b4c125c28c0f6b278f399397203429e782738577f2dcfd5b4bae,sha256:4732af06a200e574b79412c23f8a91a98989217b2dc0ffb6e5f48ddd4e9caa36,model_input,identity_model_input_v1,0.97370607437599999,0.044435555076,-0.402342990831,-1.7187177491929999,-0.67504030634300005,-1.0566774002379999,-1.143812833363,-0.083129335880000002
509,1,-0.034460606887676645,0.49321142413561808,false,flipguard_tabular_validation_v2,sha256:5e4437a93ea0b4c125c28c0f6b278f399397203429e782738577f2dcfd5b4bae,sha256:4732af06a200e574b79412c23f8a91a98989217b2dc0ffb6e5f48ddd4e9caa36,model_input,identity_model_input_v1,0.73623061153400005,-0.83935388685800005,-0.402342990831,-1.3681696053129999,-0.67504030634300005,-0.28282311679599997,0.88078048444299994,-0.083129335880000002
510,1,0.0070979787642111072,0.50139830038612787,true,flipguard_tabular_validation_v2,sha256:5e4437a93ea0b4c125c28c0f6b278f399397203429e782738577f2dcfd5b4bae,sha256:4732af06a200e574b79412c23f8a91a98989217b2dc0ffb6e5f48ddd4e9caa36,model_input,identity_model_input_v1,0.97370607437599999,-1.016111775245,-0.402342990831,-0.31652517367100003,-0.67504030634300005,-0.43759397348500001,1.347994327014,-0.083129335880000002
515,0,0.12111261855012138,0.52385207980577431,true,flipguard_tabular_validation_v2,sha256:5e4437a93ea0b4c125c28c0f6b278f399397203429e782738577f2dcfd5b4bae,sha256:4732af06a200e574b79412c23f8a91a98989217b2dc0ffb6e5f48ddd4e9caa36,model_input,identity_model_input_v1,0.49875514869100002,0.57470922023600002,-0.402342990831,0.55984518603,1.3208197929550001,1.419656306776,1.347994327014,-0.083129335880000002
519,0,-0.075080011283287854,0.48521093068371757,false,flipguard_tabular_validation_v2,sha256:5e4437a93ea0b4c125c28c0f6b278f399397203429e782738577f2dcfd5b4bae,sha256:4732af06a200e574b79412c23f8a91a98989217b2dc0ffb6e5f48ddd4e9caa36,model_input,identity_model_input_v1,0.023804223005999998,-1.016111775245,-0.402342990831,-1.7187177491929999,-0.67504030634300005,-1.0566774002379999,0.56930458939600004,-0.083129335880000002
523,1,0.20818090675993517,0.54097554898099554,true,flipguard_tabular_validation_v2,sha256:5e4437a93ea0b4c125c28c0f6b278f399397203429e782738577f2dcfd5b4bae,sha256:4732af06a200e574b79412c23f8a91a98989217b2dc0ffb6e5f48ddd4e9caa36,model_input,identity_model_input_v1,0.023804223005999998,-1.016111775245,-0.402342990831,0.73511925797099997,1.605942664284,1.419656306776,1.036518431967,-0.083129335880000002
525,0,-0.080786606064956315,0.48408714761249533,false,flipguard_tabular_validation_v2,sha256:5e4437a93ea0b4c125c28c0f6b278f399397203429e782738577f2dcfd5b4bae,sha256:4732af06a200e574b79412c23f8a91a98989217b2dc0ffb6e5f48ddd4e9caa36,model_input,identity_model_input_v1,0.97370607437599999,0.22119344346299999,-0.402342990831,0.91039332991099997,-0.67504030634300005,-1.0566774002379999,-1.143812833363,-0.083129335880000002
526,1,0.012045676161978471,0.50237299121268053,true,flipguard_tabular_validation_v2,sha256:5e4437a93ea0b4c125c28c0f6b278f399397203429e782738577f2dcfd5b4bae,sha256:4732af06a200e574b79412c23f8a91a98989217b2dc0ffb6e5f48ddd4e9caa36,model_input,identity_model_input_v1,0.73623061153400005,-0.485838110085,-0.402342990831,0.55984518603,-0.67504030634300005,-0.59236483017300001,1.347994327014,-0.083129335880000002
527,1,0.057611753471966107,0.5113487505540355,true,flipguard_tabular_validation_v2,sha256:5e4437a93ea0b4c125c28c0f6b278f399397203429e782738577f2dcfd5b4bae,sha256:4732af06a200e574b79412c23f8a91a98989217b2dc0ffb6e5f48ddd4e9caa36,model_input,identity_model_input_v1,0.73623061153400005,-0.83935388685800005,-0.402342990831,-0.84234738949200005,1.3208197929550001,0.95534373671100004,-1.143812833363,-0.083129335880000002
528,1,0.15711154469768218,0.53093546171641359,true,flipguard_tabular_validation_v2,sha256:5e4437a93ea0b4c125c28c0f6b278f399397203429e782738577f2dcfd5b4bae,sha256:4732af06a200e574b79412c23f8a91a98989217b2dc0ffb6e5f48ddd4e9caa36,model_input,identity_model_input_v1,0.023804223005999998,-1.016111775245,-0.402342990831,1.085667401851,1.605942664284,0.95534373671100004,-1.143812833363,-0.083129335880000002
533,0,-0.21065348745524681,0.45853865387414955,false,flipguard_tabular_validation_v2,sha256:5e4437a93ea0b4c125c28c0f6b278f399397203429e782738577f2dcfd5b4bae,sha256:4732af06a200e574b79412c23f8a91a98989217b2dc0ffb6e5f48ddd4e9caa36,model_input,identity_model_input_v1,0.97370607437599999,0.92822499701000005,-0.402342990831,-1.7187177491929999,-0.67504030634300005,-1.0566774002379999,-1.143812833363,-0.083129335880000002
535,1,-0.012049766510185833,0.49762620299584709,false,flipguard_tabular_validation_v2,sha256:5e4437a93ea0b4c125c28c0f6b278f399397203429e782738577f2dcfd5b4bae,sha256:4732af06a200e574b79412c23f8a91a98989217b2dc0ffb6e5f48ddd4e9caa36,model_input,identity_model_input_v1,0.73623061153400005,-1.016111775245,-0.402342990831,0.20929704215,-0.67504030634300005,-1.0566774002379999,0.88078048444299994,-0.083129335880000002
