row_id,label,scaled_logit,polynomial_score,plaintext_decision,materialization_schema,source_data_sha256,source_model_sha256,source_feature_space,preprocessing_method,x_0,x_1,x_2,x_3,x_4,x_5,x_6,x_7,x_8,x_9,x_10,x_11,x_12,x_13,x_14,x_15
1,1,-0.027433487445694182,0.49459560297319827,false,flipguard_tabular_validation_v2,sha256:0eb6aeae2b31fecf2bfdec45a15931643fa2da0de8b99485309b90a67f97bca5,sha256:edb34de653b4d4b756b3e497b1edc448b941926d02b32f3d93817db66bde9b78,model_input,identity_model_input_v1,-0.168445281626,-0.63347559253600005,0.13009815969499999,-0.381671547931,-0.39750401667099999,0.25728606820599997,0.023258367283,-0.59421189454699996,-0.487975475682,-0.61055134766899999,-0.133771386869,-0.51093057202299996,-0.34888549929599999,0.111044426217,0.067165648684999996,-0.249781977539
4,1,0.26184706408105063,0.55158387162396694,true,flipguard_tabular_validation_v2,sha256:0eb6aeae2b31fecf2bfdec45a15931643fa2da0de8b99485309b90a67f97bca5,sha256:edb34de653b4d4b756b3e497b1edc448b941926d02b32f3d93817db66bde9b78,model_input,identity_model_input_v1,-0.168445281626,0.17415261470599999,0.30189291963999998,-0.381671547931,-0.082247535437999994,0.358404594031,-0.155773219824,-0.59421189454699996,3.3320964822639998,0.77568841505499997,1.40674937042,0.90810659491800005,-0.34888549929599999,-1.3814467336209999,-0.170645844036,-0.249781977539
6,0,-0.077154893909240713,0.48480048589987956,false,flipguard_tabular_validation_v2,sha256:0eb6aeae2b31fecf2bfdec45a15931643fa2da0de8b99485309b90a67f97bca5,sha256:edb34de653b4d4b756b3e497b1edc448b941926d02b32f3d93817db66bde9b78,model_input,identity_model_input_v1,-0.168445281626,-0.058226836889000003,-1.163779491778,-0.381671547931,-0.33829340852099998,-0.24511813893199999,-0.65893067480099998,-0.59421189454699996,-0.487975475682,-1.405797588362,-0.79230739903199998,-0.51093057202299996,-0.34888549929599999,-0.69270350359699995,0.48351869286299998,-0.249781977539
7,0,-0.06656476518739865,0.48688674125808246,false,flipguard_tabular_validation_v2,sha256:0eb6aeae2b31fecf2bfdec45a15931643fa2da0de8b99485309b90a67f97bca5,sha256:edb34de653b4d4b756b3e497b1edc448b941926d02b32f3d93817db66bde9b78,model_input,identity_model_input_v1,-0.168445281626,-0.73870402344700004,-1.1661010425880001,-0.381671547931,0.39303761647300001,0.89542595415299997,-0.679588165621,-0.58785517199399995,-0.485517256919,-0.393742109417,0.94804171775900004,-0.20123842158300001,-0.34888549929599999,-1.3814467336209999,1.321346874909,-0.249781977539
10,1,0.072416179030806618,0.51426598726906891,true,flipguard_tabular_validation_v2,sha256:0eb6aeae2b31fecf2bfdec45a15931643fa2da0de8b99485309b90a67f97bca5,sha256:edb34de653b4d4b756b3e497b1edc448b941926d02b32f3d93817db66bde9b78,model_input,identity_model_input_v1,-0.168445281626,-0.72467356599199995,1.5578519078819999,-0.381671547931,-0.39750401667099999,-0.031493865906,-0.61859938319899999,-0.59421189454699996,-0.487975475682,0.093032300018000003,-1.081893177694,-0.51093057202299996,-0.34888549929599999,0.22347918858099999,-0.126742183841,-0.249781977539
15,1,0.092122812973609872,0.51814819415580116,true,flipguard_tabular_validation_v2,sha256:0eb6aeae2b31fecf2bfdec45a15931643fa2da0de8b99485309b90a67f97bca5,sha256:edb34de653b4d4b756b3e497b1edc448b941926d02b32f3d93817db66bde9b78,model_input,identity_model_input_v1,-0.168445281626,-0.57296924476199995,0.14402746455599999,-0.37312344104200001,-0.39750401667099999,0.62942046279499997,0.43493264862800002,-0.038452722823000003,-0.487975475682,0.34248848920399999,-0.64586108355799998,-0.51093057202299996,-0.34888549929599999,-0.741532314681,1.5298892608329999,-0.249781977539
18,0,-0.10789795847374802,0.47874410218067165,false,flipguard_tabular_validation_v2,sha256:0eb6aeae2b31fecf2bfdec45a15931643fa2da0de8b99485309b90a67f97bca5,sha256:edb34de653b4d4b756b3e497b1edc448b941926d02b32f3d93817db66bde9b78,model_input,identity_model_input_v1,-0.168445281626,-0.66679792899099999,-0.71339863462599995,0.77232288215,-0.39750401667099999,-1.543716864724,0.50182357128300004,0.797910344429,-0.465851506814,0.060803899736999997,-2.2392914774060002,-0.51093057202299996,1.419851587188,0.68992283130300003,-1.2104308629760001,-0.249781977539
21,0,-0.19709657143358461,0.46117197542758381,false,flipguard_tabular_validation_v2,sha256:0eb6aeae2b31fecf2bfdec45a15931643fa2da0de8b99485309b90a67f97bca5,sha256:edb34de653b4d4b756b3e497b1edc448b941926d02b32f3d93817db66bde9b78,model_input,identity_model_input_v1,-0.168445281626,-0.73870402344700004,-0.75286499839700005,-0.381671547931,-0.39750401667099999,-0.77029678882300001,0.85988674549900002,-0.59421189454699996,-0.487975475682,-0.97259766251099999,-1.0894516972029999,-0.51093057202299996,-0.34888549929599999,0.41044213628300003,-1.2104308629760001,-0.249781977539
22,0,-0.12518931780281811,0.47533770439284484,false,flipguard_tabular_validation_v2,sha256:0eb6aeae2b31fecf2bfdec45a15931643fa2da0de8b99485309b90a67f97bca5,sha256:edb34de653b4d4b756b3e497b1edc448b941926d02b32f3d93817db66bde9b78,model_input,identity_model_input_v1,-0.168445281626,-0.73870402344700004,-1.1661010425880001,-0.381671547931,-0.39750401667099999,0.333808195857,0.36312327577699999,-0.42712090174099998,-0.487975475682,-1.413750050769,-0.38745419786700003,-0.51093057202299996,-0.34888549929599999,0.86082367009600003,-1.1796983008399999,-0.249781977539
23,0,-0.18795028419037754,0.46297379401449562,false,flipguard_tabular_validation_v2,sha256:0eb6aeae2b31fecf2bfdec45a15931643fa2da0de8b99485309b90a67f97bca5,sha256:edb34de653b4d4b756b3e497b1edc448b941926d02b32f3d93817db66bde9b78,model_input,identity_model_input_v1,-0.168445281626,-0.73870402344700004,-1.1661010425880001,-0.381671547931,0.152994610457,1.1372905361929999,2.2941068224399999,2.0165848680459999,0.58380790505400004,0.95482809453799999,0.69955538892299995,-0.48412140079100002,-0.34888549929599999,2.3398226584500001,-0.70041667704999999,-0.249781977539
25,0,-0.078141946976047691,0.48460603644571859,false,flipguard_tabular_validation_v2,sha256:0eb6aeae2b31fecf2bfdec45a15931643fa2da0de8b99485309b90a67f97bca5,sha256:edb34de653b4d4b756b3e497b1edc448b941926d02b32f3d93817db66bde9b78,model_input,identity_model_input_v1,-0.168445281626,-0.73870402344700004,-1.1661010425880001,-0.381671547931,3.8752614904030001,0.492773806275,0.63363803651700001,-0.56152017856299996,0.29250898162,-0.013698116496,0.82143651599400003,-0.51093057202299996,-0.34888549929599999,-1.3814467336209999,1.8672157166609999,-0.249781977539
27,0,-0.026901146227574731,0.49470047419316776,false,flipguard_tabular_validation_v2,sha256:0eb6aeae2b31fecf2bfdec45a15931643fa2da0de8b99485309b90a67f97bca5,sha256:edb34de653b4d4b756b3e497b1edc448b941926d02b32f3d93817db66bde9b78,model_input,identity_model_input_v1,-0.168445281626,-0.66942863976400002,0.75072607625099996,-0.381671547931,-0.39750401667099999,0.33426368471200002,1.1028581851449999,0.090497934668999996,-0.487975475682,-0.26189865372299997,0.24982347817799999,-0.51093057202299996,0.854643074655,0.88652304435100004,-1.2104308629760001,-0.249781977539
29,1,0.059159281557607177,0.51165437846684858,true,flipguard_tabular_validation_v2,sha256:0eb6aeae2b31fecf2bfdec45a15931643fa2da0de8b99485309b90a67f97bca5,sha256:edb34de653b4d4b756b3e497b1edc448b941926d02b32f3d93817db66bde9b78,model_input,identity_model_input_v1,-0.168445281626,-0.19853141143700001,1.1562236177409999,-0.381671547931,-0.36869885595000002,0.94780717248599999,0.419685453022,0.083233108895000005,1.264734502449,-0.043415212858999998,-0.72522553839500004,1.48681491186,-0.34326153399699999,0.69634767486600002,1.015484708887,-0.20557882345799999
31,1,0.076759668145334137,0.51512165462463078,true,flipguard_tabular_validation_v2,sha256:0eb6aeae2b31fecf2bfdec45a15931643fa2da0de8b99485309b90a67f97bca5,sha256:edb34de653b4d4b756b3e497b1edc448b941926d02b32f3d93817db66bde9b78,model_input,identity_model_input_v1,-0.168445281626,-0.57998447348899995,-0.30325799151600003,-0.381671547931,-0.39750401667099999,0.073268570759000007,-0.46612742714599997,-0.39987780508800003,-0.487975475682,0.056199842553999999,0.93717634596599997,0.395958978967,-0.34888549929599999,-1.3814467336209999,0.21131599965699999,-0.052877018451999998
35,1,0.14722243199027199,0.52900281910208358,true,flipguard_tabular_validation_v2,sha256:0eb6aeae2b31fecf2bfdec45a15931643fa2da0de8b99485309b90a67f97bca5,sha256:edb34de653b4d4b756b3e497b1edc448b941926d02b32f3d93817db66bde9b78,model_input,identity_model_input_v1,-0.168445281626,-0.73870402344700004,-1.1661010425880001,1.4675689091619999,-0.26628050671600001,0.49687320597099999,-2.0946262868000001,2.5160416400200001,1.602739582383,0.30774878500500003,0.58381555895199999,-0.45453886701700003,-0.34888549929599999,-1.3814467336209999,0.57059428558199998,-0.249781977539
36,1,0.012121620020199692,0.50238795914397938,true,flipguard_tabular_validation_v2,sha256:0eb6aeae2b31fecf2bfdec45a15931643fa2da0de8b99485309b90a67f97bca5,sha256:edb34de653b4d4b756b3e497b1edc448b941926d02b32f3d93817db66bde9b78,model_input,identity_model_input_v1,-0.168445281626,-0.73870402344700004,-0.68244462382600002,-0.381671547931,-0.35109570217500002,-0.82131154059,-1.195041746085,-0.59421189454699996,-0.45233130361599999,-0.49335716482999997,-0.49658032326899998,-0.51093057202299996,-0.34888549929599999,-1.3814467336209999,-0.33747975277499997,-0.249781977539
40,1,0.04409373475174537,0.50868646574609389,true,flipguard_tabular_validation_v2,sha256:0eb6aeae2b31fecf2bfdec45a15931643fa2da0de8b99485309b90a67f97bca5,sha256:edb34de653b4d4b756b3e497b1edc448b941926d02b32f3d93817db66bde9b78,model_input,identity_model_input_v1,-0.168445281626,0.267981298935,0.56113276009599999,-0.381671547931,-0.39750401667099999,0.26092997904600002,-0.64466716923400003,-0.014842039057,-0.487975475682,-0.35732820260600001,-0.89859907961800001,1.02273891329,-0.34888549929599999,0.66872084754299999,0.46961586713499998,-0.249781977539
41,0,-0.064234136138406284,0.48734587518073397,false,flipguard_tabular_validation_v2,sha256:0eb6aeae2b31fecf2bfdec45a15931643fa2da0de8b99485309b90a67f97bca5,sha256:edb34de653b4d4b756b3e497b1edc448b941926d02b32f3d93817db66bde9b78,model_input,identity_model_input_v1,-0.168445281626,-0.73870402344700004,-1.1661010425880001,-0.381671547931,1.161175235722,0.084200303281000005,-0.23791133808600001,-0.59421189454699996,-0.47937171001099999,-0.61096989832199999,-0.49280106351500003,-0.51093057202299996,-0.34888549929599999,-1.3814467336209999,1.191831077335,-0.249781977539
42,1,-0.0007815782606118999,0.49984602908265946,false,flipguard_tabular_validation_v2,sha256:0eb6aeae2b31fecf2bfdec45a15931643fa2da0de8b99485309b90a67f97bca5,sha256:edb34de653b4d4b756b3e497b1edc448b941926d02b32f3d93817db66bde9b78,model_input,identity_model_input_v1,-0.168445281626,-0.53350858317000005,-0.57642713683299995,0.35916438249100002,-0.39750401667099999,0.30738984226299998,0.097035120212000003,-0.46253692739000002,-0.487975475682,0.010577821378,0.39012849655100001,-0.51093057202299996,-0.34888549929599999,-0.186425830781,-0.36089503821199997,-0.249781977539
43,0,-0.41143716884806214,0.41894687773693173,false,flipguard_tabular_validation_v2,sha256:0eb6aeae2b31fecf2bfdec45a15931643fa2da0de8b99485309b90a67f97bca5,sha256:edb34de653b4d4b756b3e497b1edc448b941926d02b32f3d93817db66bde9b78,model_input,identity_model_input_v1,-0.168445281626,-0.73870402344700004,-1.1661010425880001,-0.381671547931,2.5662269642659998,1.4087618938119999,1.3433703996940001,-0.59421189454699996,1.1578019862519999,-0.011605363231000001,0.25927162756299998,0.25821530608499998,-0.34888549929599999,-1.3814467336209999,-0.52041167025199997,12.669594419708
47,1,0.042058020338455113,0.5082854300066757,true,flipguard_tabular_validation_v2,sha256:0eb6aeae2b31fecf2bfdec45a15931643fa2da0de8b99485309b90a67f97bca5,sha256:edb34de653b4d4b756b3e497b1edc448b941926d02b32f3d93817db66bde9b78,model_input,identity_model_input_v1,-0.168445281626,-0.73870402344700004,1.202654633943,-0.381671547931,-0.39750401667099999,-0.23327542870000001,1.456494754185,-0.59421189454699996,-0.40931247526100001,0.81670637904900001,0.24604421842400001,-0.51093057202299996,-0.16891860973299999,1.6497944597130001,-0.69748976637000004,-0.249781977539
48,0,-0.086031459612509589,0.48305180245633561,false,flipguard_tabular_validation_v2,sha256:0eb6aeae2b31fecf2bfdec45a15931643fa2da0de8b99485309b90a67f97bca5,sha256:edb34de653b4d4b756b3e497b1edc448b941926d02b32f3d93817db66bde9b78,model_input,identity_model_input_v1,-0.168445281626,-0.73870402344700004,-0.333438152047,-0.381671547931,-0.39750401667099999,-1.762807004011,-0.55121661552400003,-0.59421189454699996,-0.487975475682,-1.0303576526239999,-1.0067803900800001,-0.51093057202299996,-0.34888549929599999,-0.70169828458600003,-0.53504622364999999,-0.249781977539
49,0,-0.065480237825229354,0.48710039314842979,false,flipguard_tabular_validation_v2,sha256:0eb6aeae2b31fecf2bfdec45a15931643fa2da0de8b99485309b90a67f97bca5,sha256:edb34de653b4d4b756b3e497b1edc448b941926d02b32f3d93817db66bde9b78,model_input,identity_model_input_v1,-0.168445281626,-0.35462025062199998,0.53714340172599995,-0.381671547931,-0.39750401667099999,-0.46739670020399998,2.6123305500740002,0.054173805797999998,2.5688195563040002,0.50823454779099997,1.354312141331,-0.45731222955900003,2.6627479182310001,0.139956222253,-0.80724891685599998,-0.249781977539
52,0,-0.097331871653412644,0.48082562128427769,false,flipguard_tabular_validation_v2,sha256:0eb6aeae2b31fecf2bfdec45a15931643fa2da0de8b99485309b90a67f97bca5,sha256:edb34de653b4d4b756b3e497b1edc448b941926d02b32f3d93817db66bde9b78,model_input,identity_model_input_v1,-0.168445281626,-0.73870402344700004,-0.42320478336900003,-0.381671547931,-0.39750401667099999,-1.7987906235610001,-0.94616816620499999,-0.59421189454699996,-0.487975475682,-0.58711251110100005,-1.9728536647370001,-0.51093057202299996,-0.34888549929599999,-0.76723168893500004,-1.2104308629760001,-0.249781977539
53,0,-0.11621128189105226,0.47710637746746271,false,flipguard_tabular_validation_v2,sha256:0eb6aeae2b31fecf2bfdec45a15931643fa2da0de8b99485309b90a67f97bca5,sha256:edb34de653b4d4b756b3e497b1edc448b941926d02b32f3d93817db66bde9b78,model_input,identity_model_input_v1,-0.168445281626,-0.73870402344700004,-1.1661010425880001,-0.381671547931,0.96594025749599999,0.47455425207200003,0.64544231698499999,-0.59421189454699996,0.94639517261999995,-1.4593720719450001,-0.18101213379600001,-0.51093057202299996,-0.34888549929599999,-1.3814467336209999,1.63452631763,-0.249781977539
56,0,-0.051521946191708849,0.48985017660023333,false,flipguard_tabular_validation_v2,sha256:0eb6aeae2b31fecf2bfdec45a15931643fa2da0de8b99485309b90a67f97bca5,sha256:edb34de653b4d4b756b3e497b1edc448b941926d02b32f3d93817db66bde9b78,model_input,identity_model_input_v1,-0.168445281626,0.59331253116799998,-1.1405639836770001,-0.381671547931,-0.39750401667099999,-0.373110507205,-1.3991574291890001,-0.59421189454699996,-0.487975475682,-1.354734408696,-0.161643427556,-0.51093057202299996,-0.34888549929599999,-1.3814467336209999,1.046217271023,-0.249781977539
57,1,0.18419290408231903,0.53628600210421684,true,flipguard_tabular_validation_v2,sha256:0eb6aeae2b31fecf2bfdec45a15931643fa2da0de8b99485309b90a67f97bca5,sha256:edb34de653b4d4b756b3e497b1edc448b941926d02b32f3d93817db66bde9b78,model_input,identity_model_input_v1,-0.168445281626,-0.046827090207000002,2.2543171509,-0.381671547931,-0.39750401667099999,0.950540105616,-1.8811655483259999,-0.59421189454699996,-0.487975475682,1.219770657884,2.0596164929510001,0.46344413413699997,-0.34888549929599999,-0.91564557525599999,-0.12747391151099999,-0.249781977539
62,0,-0.10596747470071338,0.47912440748395946,false,flipguard_tabular_validation_v2,sha256:0eb6aeae2b31fecf2bfdec45a15931643fa2da0de8b99485309b90a67f97bca5,sha256:edb34de653b4d4b756b3e497b1edc448b941926d02b32f3d93817db66bde9b78,model_input,identity_model_input_v1,-0.168445281626,-0.73870402344700004,-0.082710664559999994,-0.381671547931,-0.39750401667099999,-1.4895136909719999,0.52739951229899995,-0.59421189454699996,-0.487975475682,0.30858588631099998,-1.4550950784179999,-0.51093057202299996,-0.34888549929599999,-0.0078151797110000004,-1.2104308629760001,-0.249781977539
64,1,0.28979783397161363,0.55709017329240784,true,flipguard_tabular_validation_v2,sha256:0eb6aeae2b31fecf2bfdec45a15931643fa2da0de8b99485309b90a67f97bca5,sha256:edb34de653b4d4b756b3e497b1edc448b941926d02b32f3d93817db66bde9b78,model_input,identity_model_input_v1,-0.168445281626,-0.43880299535,0.51315404335500003,-0.381671547931,-0.39750401667099999,-0.395884949958,-2.1295472831870002,-0.028463587382999998,-0.487975475682,0.71248726645299998,0.82946744297200004,0.022479490078,-0.34888549929599999,-1.3814467336209999,-1.2104308629760001,-0.249781977539
65,0,-0.039868503889369418,0.49214590473379421,false,flipguard_tabular_validation_v2,sha256:0eb6aeae2b31fecf2bfdec45a15931643fa2da0de8b99485309b90a67f97bca5,sha256:edb34de653b4d4b756b3e497b1edc448b941926d02b32f3d93817db66bde9b78,model_input,identity_model_input_v1,-0.168445281626,-0.19677760425499999,1.223548591233,1.544501871167,-0.39750401667099999,-1.7099702968229999,-0.72287052733900004,-0.082041677467999993,-0.48182992877399999,-0.193674897284,-1.422971370507,-0.51093057202299996,0.78996747371800002,0.803642562379,-0.11064417510299999,-0.249781977539
66,0,-0.095981025191737554,0.48109173803722771,false,flipguard_tabular_validation_v2,sha256:0eb6aeae2b31fecf2bfdec45a15931643fa2da0de8b99485309b90a67f97bca5,sha256:edb34de653b4d4b756b3e497b1edc448b941926d02b32f3d93817db66bde9b78,model_input,identity_model_input_v1,-0.168445281626,-0.73870402344700004,-0.36207061203699997,-0.381671547931,-0.39750401667099999,-1.7997016012710001,-0.75336491854999998,-0.59421189454699996,-0.487975475682,-0.51512179878599995,-1.9199440281789999,-0.51093057202299996,-0.34888549929599999,-0.20313042404600001,-1.2104308629760001,-0.249781977539
67,1,0.05965932728153045,0.51175288747446146,true,flipguard_tabular_validation_v2,sha256:0eb6aeae2b31fecf2bfdec45a15931643fa2da0de8b99485309b90a67f97bca5,sha256:edb34de653b4d4b756b3e497b1edc448b941926d02b32f3d93817db66bde9b78,model_input,identity_model_input_v1,-0.168445281626,-0.27482202384799997,-0.83953622863999999,-0.381671547931,2.900686885981,-0.25468340488800001,0.077853164451000004,1.053995452968,2.5479246968170002,-0.85917043554899997,-2.1117414607030001,2.2069647184050001,-0.34888549929599999,-0.023877288619999999,1.383543726851,0.46148695630600001
73,1,0.23810322844855122,0.54690633600436456,true,flipguard_tabular_validation_v2,sha256:0eb6aeae2b31fecf2bfdec45a15931643fa2da0de8b99485309b90a67f97bca5,sha256:edb34de653b4d4b756b3e497b1edc448b941926d02b32f3d93817db66bde9b78,model_input,identity_model_input_v1,-0.168445281626,0.76255492421600002,1.5114208916809999,-0.381671547931,-0.39750401667099999,1.846942172386,-0.41497554511500001,-0.481607095047,-0.487975475682,2.1192360111739998,2.7705897342019998,1.567242425556,-0.34888549929599999,-0.98439140138699999,-0.33674802510500002,-0.249781977539
78,0,-0.077707610835407032,0.48469160066542483,false,flipguard_tabular_validation_v2,sha256:0eb6aeae2b31fecf2bfdec45a15931643fa2da0de8b99485309b90a67f97bca5,sha256:edb34de653b4d4b756b3e497b1edc448b941926d02b32f3d93817db66bde9b78,model_input,identity_model_input_v1,-0.168445281626,-0.73870402344700004,0.47678308066399999,-0.381671547931,-0.39750401667099999,-1.707692852548,-0.091341522265999994,-0.59421189454699996,-0.487975475682,0.054525639942,-1.910968286263,-0.51093057202299996,-0.34888549929599999,0.18557261155499999,-1.2104308629760001,-0.249781977539
79,0,-0.074944997693203688,0.48523583545443888,false,flipguard_tabular_validation_v2,sha256:0eb6aeae2b31fecf2bfdec45a15931643fa2da0de8b99485309b90a67f97bca5,sha256:edb34de653b4d4b756b3e497b1edc448b941926d02b32f3d93817db66bde9b78,model_input,identity_model_input_v1,-0.168445281626,-0.73870402344700004,-0.106700022931,-0.381671547931,-0.39750401667099999,-1.590176727941,-0.83747041688900004,-0.59421189454699996,-0.487975475682,-0.81857102220800004,-1.4867463788590001,-0.51093057202299996,-0.34888549929599999,-0.83790496813600002,-0.72017332413699997,-0.249781977539
83,0,-0.070072573932541127,0.48619570293528941,false,flipguard_tabular_validation_v2,sha256:0eb6aeae2b31fecf2bfdec45a15931643fa2da0de8b99485309b90a67f97bca5,sha256:edb34de653b4d4b756b3e497b1edc448b941926d02b32f3d93817db66bde9b78,model_input,identity_model_input_v1,-0.168445281626,0.58542039884899999,-0.45957574606000001,-0.381671547931,-0.39750401667099999,0.46453349726100002,0.68970836874300001,-0.59421189454699996,-0.487975475682,-1.1956851605579999,-0.77955239736100002,-0.51093057202299996,-0.34888549929599999,1.306065329058,0.83401624674899999,-0.249781977539
89,1,0.13301775003888988,0.52620449675766134,true,flipguard_tabular_validation_v2,sha256:0eb6aeae2b31fecf2bfdec45a15931643fa2da0de8b99485309b90a67f97bca5,sha256:edb34de653b4d4b756b3e497b1edc448b941926d02b32f3d93817db66bde9b78,model_input,identity_model_input_v1,-0.168445281626,-0.44494132048700002,1.09431559614,-0.270546158368,-0.258279073182,0.90408024239899998,-1.070604956145,1.984801255284,0.68336576496199997,0.239106477914,-1.8122351251860001,2.4334559926080002,-0.34888549929599999,0.61667961467700005,1.919900108894,-0.12119098385
90,0,-0.037949061353229077,0.4925240349134139,false,flipguard_tabular_validation_v2,sha256:0eb6aeae2b31fecf2bfdec45a15931643fa2da0de8b99485309b90a67f97bca5,sha256:edb34de653b4d4b756b3e497b1edc448b941926d02b32f3d93817db66bde9b78,model_input,identity_model_input_v1,-0.168445281626,0.112769363341,1.6491662397439999,-0.381671547931,-0.39750401667099999,-0.78806085417000005,0.17917323847300001,-0.59421189454699996,0.30602918481800001,-0.29538270596299998,-0.67467793918399999,-0.51093057202299996,-0.28983386365800001,1.534147275567,-0.35138257850299998,-0.249781977539
92,0,-0.13613927327214079,0.47318056316538826,false,flipguard_tabular_validation_v2,sha256:0eb6aeae2b31fecf2bfdec45a15931643fa2da0de8b99485309b90a67f97bca5,sha256:edb34de653b4d4b756b3e497b1edc448b941926d02b32f3d93817db66bde9b78,model_input,identity_model_input_v1,-0.168445281626,-0.73870402344700004,-0.052530504029000002,-0.381671547931,-0.39750401667099999,-1.6384585465779999,0.92431844305699995,-0.59421189454699996,-0.487975475682,0.18929895020699999,-1.204246712235,-0.51093057202299996,-0.34888549929599999,0.52287689864700004,-1.2104308629760001,-0.249781977539
95,0,-0.11625265400139287,0.47709822716172562,false,flipguard_tabular_validation_v2,sha256:0eb6aeae2b31fecf2bfdec45a15931643fa2da0de8b99485309b90a67f97bca5,sha256:edb34de653b4d4b756b3e497b1edc448b941926d02b32f3d93817db66bde9b78,model_input,identity_model_input_v1,-0.168445281626,-0.73870402344700004,-0.050208953218999999,-0.381671547931,-0.39750401667099999,-1.7810265582139999,0.13638272177499999,-0.59421189454699996,-0.487975475682,-0.33640066995599999,-1.217001713905,-0.51093057202299996,-0.34888549929599999,0.159873237301,-1.2104308629760001,-0.249781977539
97,1,0.0025968291703846111,0.50051157534656576,true,flipguard_tabular_validation_v2,sha256:0eb6aeae2b31fecf2bfdec45a15931643fa2da0de8b99485309b90a67f97bca5,sha256:edb34de653b4d4b756b3e497b1edc448b941926d02b32f3d93817db66bde9b78,model_input,identity_model_input_v1,-0.168445281626,-0.247638012529,0.083667143493999993,2.570274697906,-0.39750401667099999,0.24179944713400001,0.97792955018600003,-0.023923071274,-0.487975475682,0.714161469065,-0.36005456465000002,-0.51093057202299996,-0.34888549929599999,1.333049672025,-0.70041667704999999,-0.249781977539
102,1,0.19822621382114911,0.53905056412276642,true,flipguard_tabular_validation_v2,sha256:0eb6aeae2b31fecf2bfdec45a15931643fa2da0de8b99485309b90a67f97bca5,sha256:edb34de653b4d4b756b3e497b1edc448b941926d02b32f3d93817db66bde9b78,model_input,identity_model_input_v1,-0.168445281626,0.88532142694600002,-1.1661010425880001,-0.381671547931,-0.39750401667099999,-0.076131773702,-0.44399440126700002,1.8113535399259999,-0.487975475682,1.3449173031299999,-0.500831990492,-0.101397370098,-0.34888549929599999,-0.58155370994599997,-0.81237101054600003,-0.249781977539
104,1,0.0054376053816326438,0.50107120826018159,true,flipguard_tabular_validation_v2,sha256:0eb6aeae2b31fecf2bfdec45a15931643fa2da0de8b99485309b90a67f97bca5,sha256:edb34de653b4d4b756b3e497b1edc448b941926d02b32f3d93817db66bde9b78,model_input,identity_model_input_v1,-0.168445281626,1.158038443723,0.45124602175299999,-0.381671547931,-0.39750401667099999,-1.2695125739749999,-1.1291345134690001,-0.59421189454699996,-0.487975475682,-0.36276936109500002,0.178489950318,-0.51093057202299996,-0.34888549929599999,0.172722924428,-0.115766268792,-0.249781977539
106,1,0.15329469655417105,0.53019905522117172,true,flipguard_tabular_validation_v2,sha256:0eb6aeae2b31fecf2bfdec45a15931643fa2da0de8b99485309b90a67f97bca5,sha256:edb34de653b4d4b756b3e497b1edc448b941926d02b32f3d93817db66bde9b78,model_input,identity_model_input_v1,-0.168445281626,0.624881060441,-0.534639222252,-0.381671547931,-0.39750401667099999,-0.36764464094400001,-2.4640018964650001,-0.59421189454699996,-0.487975475682,0.127772004217,0.27391625911099998,-0.51093057202299996,-0.34888549929599999,-1.1141732413729999,-0.76334525666200004,-0.249781977539
107,0,-0.090672416497312724,0.4821375339500294,false,flipguard_tabular_validation_v2,sha256:0eb6aeae2b31fecf2bfdec45a15931643fa2da0de8b99485309b90a67f97bca5,sha256:edb34de653b4d4b756b3e497b1edc448b941926d02b32f3d93817db66bde9b78,model_input,identity_model_input_v1,-0.168445281626,-0.67556696490000001,0.0062821164919999997,-0.381671547931,-0.39750401667099999,-1.8019790455469999,-0.52072222431399995,-0.59421189454699996,-0.487975475682,-1.4367703366839999,-0.59814792916199999,-0.51093057202299996,-0.34888549929599999,-0.73767740854300001,-0.56138841976700005,-0.249781977539
108,0,0.063676797588146733,0.51254432912486492,true,flipguard_tabular_validation_v2,sha256:0eb6aeae2b31fecf2bfdec45a15931643fa2da0de8b99485309b90a67f97bca5,sha256:edb34de653b4d4b756b3e497b1edc448b941926d02b32f3d93817db66bde9b78,model_input,identity_model_input_v1,-0.168445281626,-0.33532837162099999,1.610473726243,0.048583165506000003,-0.39750401667099999,0.60983444202699999,-0.78435115477999995,-0.52247174002700003,-0.487975475682,0.24789604162699999,-0.275021220181,-0.51093057202299996,-0.34888549929599999,0.93984924592899999,0.315221328784,-0.249781977539
109,1,-0.028039243924319352,0.4944762689469091,false,flipguard_tabular_validation_v2,sha256:0eb6aeae2b31fecf2bfdec45a15931643fa2da0de8b99485309b90a67f97bca5,sha256:edb34de653b4d4b756b3e497b1edc448b941926d02b32f3d93817db66bde9b78,model_input,identity_model_input_v1,-0.168445281626,1.097532095949,-0.74590034596699994,-0.381671547931,1.5676480592419999,1.861973304603,0.083755304685000004,0.90597462782000004,-0.487975475682,-1.283580797687,2.0440270464650001,-0.29830611052700001,-0.34888549929599999,-0.51602030559599998,1.520376801124,-0.249781977539
110,0,0.049210219541769747,0.50969441324972864,true,flipguard_tabular_validation_v2,sha256:0eb6aeae2b31fecf2bfdec45a15931643fa2da0de8b99485309b90a67f97bca5,sha256:edb34de653b4d4b756b3e497b1edc448b941926d02b32f3d93817db66bde9b78,model_input,identity_model_input_v1,-0.168445281626,-0.73870402344700004,-1.1661010425880001,-0.381671547931,1.326004766519,-0.152653901353,-0.159707979981,-0.59421189454699996,0.68582398372499997,-0.25352764066299999,0.101959940296,0.23048168067200001,-0.34888549929599999,-1.3814467336209999,-1.151160921714,4.3875307323900001
112,1,0.11842099001371822,0.5233289350327025,true,flipguard_tabular_validation_v2,sha256:0eb6aeae2b31fecf2bfdec45a15931643fa2da0de8b99485309b90a67f97bca5,sha256:edb34de653b4d4b756b3e497b1edc448b941926d02b32f3d93817db66bde9b78,model_input,identity_model_input_v1,-0.168445281626,-0.70099716903700005,-1.1219915771969999,2.8495128562960002,-0.186266171378,1.01112012334,-0.547281855368,0.49460386835699999,0.44491854493600003,0.65849423221600001,1.6949179266750001,-0.31679519413500001,-0.34888549929599999,-1.2323903629440001,-0.041861774131999999,-0.249781977539
113,1,0.14959278919737762,0.52946977947188334,true,flipguard_tabular_validation_v2,sha256:0eb6aeae2b31fecf2bfdec45a15931643fa2da0de8b99485309b90a67f97bca5,sha256:edb34de653b4d4b756b3e497b1edc448b941926d02b32f3d93817db66bde9b78,model_input,identity_model_input_v1,5.0498317340570003,3.1661476669400002,-0.40231082607800001,-0.381671547931,0.65868520979699996,-1.607940793289,-0.24086240820300001,-0.59421189454699996,-0.487975475682,0.53585889088799998,1.505482531497,-0.51093057202299996,-0.34888549929599999,-0.056643990795000002,-0.026495493064000002,-0.249781977539
116,1,0.29077660769657054,0.55728299171622442,true,flipguard_tabular_validation_v2,sha256:0eb6aeae2b31fecf2bfdec45a15931643fa2da0de8b99485309b90a67f97bca5,sha256:edb34de653b4d4b756b3e497b1edc448b941926d02b32f3d93817db66bde9b78,model_input,identity_model_input_v1,-0.168445281626,-0.73870402344700004,0.97049955293699997,-0.381671547931,-0.39750401667099999,-0.25878280458399999,-1.8349321164900001,-0.59421189454699996,-0.487975475682,0.74848262260999998,2.056309640666,-0.35654672389300002,-0.34888549929599999,-0.82634024972099995,-1.2104308629760001,-0.249781977539
117,0,0.034403875566193225,0.50677756348654002,true,flipguard_tabular_validation_v2,sha256:0eb6aeae2b31fecf2bfdec45a15931643fa2da0de8b99485309b90a67f97bca5,sha256:edb34de653b4d4b756b3e497b1edc448b941926d02b32f3d93817db66bde9b78,model_input,identity_model_input_v1,-0.168445281626,-0.73870402344700004,-0.40385852661799998,-0.27339552733099998,-0.39750401667099999,-0.394518483393,-0.74795462333499996,0.37110183019600002,-0.487975475682,0.19599576065499999,-0.67373312424499998,-0.51093057202299996,-0.34888549929599999,0.56335341309800002,-1.2104308629760001,-0.249781977539
118,1,0.028651537615229931,0.50564435291020027,true,flipguard_tabular_validation_v2,sha256:0eb6aeae2b31fecf2bfdec45a15931643fa2da0de8b99485309b90a67f97bca5,sha256:edb34de653b4d4b756b3e497b1edc448b941926d02b32f3d93817db66bde9b78,model_input,identity_model_input_v1,-0.168445281626,0.37408663343699999,1.6112475765130001,-0.381671547931,-0.39750401667099999,0.53331231437600002,-0.33431296191299997,-0.59421189454699996,-0.487975475682,-0.129636647376,-0.169201947065,-0.51093057202299996,-0.34888549929599999,0.90387012197200001,0.40815074286199998,-0.249781977539
119,1,0.15912087451725859,0.53134681227989999,true,flipguard_tabular_validation_v2,sha256:0eb6aeae2b31fecf2bfdec45a15931643fa2da0de8b99485309b90a67f97bca5,sha256:edb34de653b4d4b756b3e497b1edc448b941926d02b32f3d93817db66bde9b78,model_input,identity_model_input_v1,-0.168445281626,0.17766022907000001,1.209619286373,-0.36172596518900002,0.15139432375100001,2.401727597856,-0.61318908798500005,2.1636975899730002,2.3488089770010001,0.027319847498,0.62680463865500002,2.5443904942579998,0.14039948170300001,1.613815335757,-0.158206473647,-0.249781977539
123,0,-0.11162834723928039,0.47800921559386178,false,flipguard_tabular_validation_v2,sha256:0eb6aeae2b31fecf2bfdec45a15931643fa2da0de8b99485309b90a67f97bca5,sha256:edb34de653b4d4b756b3e497b1edc448b941926d02b32f3d93817db66bde9b78,model_input,identity_model_input_v1,-0.168445281626,-0.19151618271000001,-0.59654724385299995,-0.381671547931,-0.39750401667099999,-0.34259275391600003,0.299675268258,-0.59421189454699996,-0.487975475682,-1.042495621561,-0.64113700886500002,-0.51093057202299996,-0.34888549929599999,0.76316604792800002,-1.1811617561800001,-0.249781977539
125,0,-0.18496813474740922,0.46356127745476039,false,flipguard_tabular_validation_v2,sha256:0eb6aeae2b31fecf2bfdec45a15931643fa2da0de8b99485309b90a67f97bca5,sha256:edb34de653b4d4b756b3e497b1edc448b941926d02b32f3d93817db66bde9b78,model_input,identity_model_input_v1,3.9431367428119999,2.257675546742,0.061999335932999999,-0.381671547931,-0.33029197498700003,-0.51886694082600004,1.6448713966640001,-0.027555484161,-0.355231662472,-1.3091123875199999,0.98111024060800001,-0.51093057202299996,6.1046146811190001,1.392158232811,0.31083096276400002,-0.249781977539
131,0,-0.098411208099356676,0.48061299200442675,false,flipguard_tabular_validation_v2,sha256:0eb6aeae2b31fecf2bfdec45a15931643fa2da0de8b99485309b90a67f97bca5,sha256:edb34de653b4d4b756b3e497b1edc448b941926d02b32f3d93817db66bde9b78,model_input,identity_model_input_v1,-0.168445281626,-0.73870402344700004,-0.61744120114400003,-0.381671547931,-0.39750401667099999,0.024075774412000001,0.280001467477,-0.59421189454699996,-0.487975475682,-1.3354810786589999,-0.45122920621899998,-0.51093057202299996,-0.34888549929599999,-0.87581154516100002,0.458639952086,-0.249781977539
134,1,0.10416389525698747,0.5205202873656265,true,flipguard_tabular_validation_v2,sha256:0eb6aeae2b31fecf2bfdec45a15931643fa2da0de8b99485309b90a67f97bca5,sha256:edb34de653b4d4b756b3e497b1edc448b941926d02b32f3d93817db66bde9b78,model_input,identity_model_input_v1,-0.168445281626,0.082954641250000002,1.851141160219,-0.381671547931,-0.39750401667099999,0.64581806157699995,-2.056262375277,-0.59421189454699996,-0.487975475682,1.859316055663,0.56491926018100003,2.5601062153249998,-0.34888549929599999,-0.75887939230300006,0.67962170839900005,0.43737614498900002
137,0,0.037859575742760949,0.50745833642132387,true,flipguard_tabular_validation_v2,sha256:0eb6aeae2b31fecf2bfdec45a15931643fa2da0de8b99485309b90a67f97bca5,sha256:edb34de653b4d4b756b3e497b1edc448b941926d02b32f3d93817db66bde9b78,model_input,identity_model_input_v1,-0.168445281626,-0.720289048037,-0.210395959114,0.20529845848,-0.39750401667099999,0.52602449269499996,1.357142060241,0.63263555806600003,-0.487975475682,1.3059920924020001,1.4450143754310001,-0.46748122554299998,-0.34888549929599999,0.665508425761,-0.56577878578600005,-0.249781977539
138,1,0.12284475814051515,0.5242004173536815,true,flipguard_tabular_validation_v2,sha256:0eb6aeae2b31fecf2bfdec45a15931643fa2da0de8b99485309b90a67f97bca5,sha256:edb34de653b4d4b756b3e497b1edc448b941926d02b32f3d93817db66bde9b78,model_input,identity_model_input_v1,-0.168445281626,0.61961963889500005,1.144615863691,-0.381671547931,-0.39750401667099999,1.7849956880969999,0.92874504823299997,-0.59421189454699996,-0.487975475682,0.98370808959400002,0.118021794251,1.139220140023,-0.34888549929599999,0.20484714224600001,1.5759881040370001,0.40924686512000003
139,1,0.23941163320617584,0.54716409174161662,true,flipguard_tabular_validation_v2,sha256:0eb6aeae2b31fecf2bfdec45a15931643fa2da0de8b99485309b90a67f97bca5,sha256:edb34de653b4d4b756b3e497b1edc448b941926d02b32f3d93817db66bde9b78,model_input,identity_model_input_v1,-0.168445281626,1.5500143488660001,-0.210395959114,-0.381671547931,-0.39750401667099999,-1.8019790455469999,-0.89944288934899996,-0.59421189454699996,0.42771101359399999,1.3871909190830001,-0.001024888005,0.64741051604099997,-0.21391033212400001,-0.99788357287100005,-1.2104308629760001,-0.249781977539
141,0,-0.045059130959918425,0.49112335120089606,false,flipguard_tabular_validation_v2,sha256:0eb6aeae2b31fecf2bfdec45a15931643fa2da0de8b99485309b90a67f97bca5,sha256:edb34de653b4d4b756b3e497b1edc448b941926d02b32f3d93817db66bde9b78,model_input,identity_model_input_v1,-0.168445281626,-0.73870402344700004,0.68572265356899997,-0.381671547931,-0.39750401667099999,-1.327815147423,0.37738678134300002,-0.59421189454699996,-0.487975475682,0.241617781832,-1.396044144759,-0.51093057202299996,-0.34888549929599999,0.60254495883699999,-1.1818934838499999,0.12795406642400001
142,1,0.026503815259435987,0.50522125160610887,true,flipguard_tabular_validation_v2,sha256:0eb6aeae2b31fecf2bfdec45a15931643fa2da0de8b99485309b90a67f97bca5,sha256:edb34de653b4d4b756b3e497b1edc448b941926d02b32f3d93817db66bde9b78,model_input,identity_model_input_v1,-0.168445281626,-0.60366087044399996,0.493033936334,-0.381671547931,-0.39750401667099999,0.035462995789000001,0.25098261132400002,-0.22824629617299999,-0.487975475682,-0.15349403459700001,-0.493745878453,-0.31032401487200001,-0.34888549929599999,0.78629548475699995,0.41034592587199997,-0.249781977539
143,1,0.0089163013462946715,0.50175651136522004,true,flipguard_tabular_validation_v2,sha256:0eb6aeae2b31fecf2bfdec45a15931643fa2da0de8b99485309b90a67f97bca5,sha256:edb34de653b4d4b756b3e497b1edc448b941926d02b32f3d93817db66bde9b78,model_input,identity_model_input_v1,-0.168445281626,-0.35812786498499999,-0.068781359700000003,-0.381671547931,-0.39750401667099999,1.698452805634,0.315906153902,-0.59421189454699996,-0.487975475682,0.075453172592000003,0.0060612240340000003,-0.51093057202299996,-0.34888549929599999,0.051935865430999997,1.464033770541,-0.249781977539
146,1,0.32843576094077875,0.56470184490533337,true,flipguard_tabular_validation_v2,sha256:0eb6aeae2b31fecf2bfdec45a15931643fa2da0de8b99485309b90a67f97bca5,sha256:edb34de653b4d4b756b3e497b1edc448b941926d02b32f3d93817db66bde9b78,model_input,identity_model_input_v1,-0.168445281626,-0.51509360776099999,1.266884206354,-0.381671547931,-0.39750401667099999,-1.540528442739,0.67544486317600005,-0.59421189454699996,1.7354833955939999,1.8295989592999999,0.99386524227799999,1.274190450364,-0.146422748538,-1.030650275045,-1.2104308629760001,-0.249781977539
147,0,-0.10458006872084824,0.47939772646199291,false,flipguard_tabular_validation_v2,sha256:0eb6aeae2b31fecf2bfdec45a15931643fa2da0de8b99485309b90a67f97bca5,sha256:edb34de653b4d4b756b3e497b1edc448b941926d02b32f3d93817db66bde9b78,model_input,identity_model_input_v1,-0.168445281626,-0.73870402344700004,-0.74822189677700002,-0.222106885994,-0.123854989814,0.72416214464799999,1.5056792561379999,-0.246408360608,-0.36752275628699999,-0.41927369924899999,-1.094648179365,-0.51093057202299996,-0.34888549929599999,0.80942492158699997,-0.23064751296800001,-0.249781977539
153,1,0.049508326449502052,0.50975314031055186,true,flipguard_tabular_validation_v2,sha256:0eb6aeae2b31fecf2bfdec45a15931643fa2da0de8b99485309b90a67f97bca5,sha256:edb34de653b4d4b756b3e497b1edc448b941926d02b32f3d93817db66bde9b78,model_input,identity_model_input_v1,-0.168445281626,-0.58436899144400001,-1.1661010425880001,2.3451745498159999,-0.39750401667099999,0.34883932807399998,-0.78582668983899995,0.82606154430400003,-0.487975475682,-0.027510288045000001,-0.043541560239,-0.51093057202299996,-0.34888549929599999,-0.12153491078799999,-1.0757929717129999,-0.249781977539
156,1,0.0059889026515445587,0.50117981382235433,true,flipguard_tabular_validation_v2,sha256:0eb6aeae2b31fecf2bfdec45a15931643fa2da0de8b99485309b90a67f97bca5,sha256:edb34de653b4d4b756b3e497b1edc448b941926d02b32f3d93817db66bde9b78,model_input,identity_model_input_v1,-0.168445281626,-0.674690061309,-0.47040964984,0.43039860657000001,-0.23587505928800001,1.006109745934,-0.58023547167599998,3.6429977382379999,1.25735984616,0.75852783828199999,0.93292467874200002,-0.34452881954800002,2.3899856012380001,0.95462638612499995,0.44254194334800001,-0.249781977539
157,0,-0.12766823328329149,0.47484935804319156,false,flipguard_tabular_validation_v2,sha256:0eb6aeae2b31fecf2bfdec45a15931643fa2da0de8b99485309b90a67f97bca5,sha256:edb34de653b4d4b756b3e497b1edc448b941926d02b32f3d93817db66bde9b78,model_input,identity_model_input_v1,-0.168445281626,0.59682014553100005,0.71745051463999998,-0.381671547931,-0.39750401667099999,-0.77621814393800004,0.065065193943000005,-0.59421189454699996,-0.33679502174800002,-1.3903112142009999,-0.17581565163400001,-0.51093057202299996,-0.34888549929599999,1.1120350534350001,-0.46333691199900001,-0.249781977539
159,1,0.1543151212245967,0.53040007888124552,true,flipguard_tabular_validation_v2,sha256:0eb6aeae2b31fecf2bfdec45a15931643fa2da0de8b99485309b90a67f97bca5,sha256:edb34de653b4d4b756b3e497b1edc448b941926d02b32f3d93817db66bde9b78,model_input,identity_model_input_v1,-0.168445281626,0.24956632352499999,0.153313667796,-0.381671547931,-0.39750401667099999,0.441303565653,-0.218237537304,-0.45163968872900001,-0.487975475682,1.2549289127359999,1.0127615410490001,0.70657558358700001,-0.34888549929599999,-1.2876440175920001,0.45132267538699999,-0.249781977539
162,1,0.1430055926672929,0.5281721017554567,true,flipguard_tabular_validation_v2,sha256:0eb6aeae2b31fecf2bfdec45a15931643fa2da0de8b99485309b90a67f97bca5,sha256:edb34de653b4d4b756b3e497b1edc448b941926d02b32f3d93817db66bde9b78,model_input,identity_model_input_v1,-0.168445281626,1.8876222313719999,-0.46886194930000002,2.8609103321489999,-0.39750401667099999,1.100395938933,-0.66827573017200004,2.1500760416459999,-0.487975475682,0.77903682027900001,0.33154997036099998,-0.51093057202299996,-0.34888549929599999,-0.14337937890399999,2.098441660352,-0.249781977539
164,0,-0.12545185885984519,0.47528598380461051,false,flipguard_tabular_validation_v2,sha256:0eb6aeae2b31fecf2bfdec45a15931643fa2da0de8b99485309b90a67f97bca5,sha256:edb34de653b4d4b756b3e497b1edc448b941926d02b32f3d93817db66bde9b78,model_input,identity_model_input_v1,-0.168445281626,-0.560692594489,2.0492468293439998,-0.381671547931,-0.39750401667099999,-0.89373426854500004,0.55149991825599998,-0.59421189454699996,0.60224454577800002,-1.230843415409,-0.103064901367,-0.51093057202299996,1.8697688110949999,1.5534218062580001,-0.498459840155,-0.249781977539
165,1,0.038299645129411461,0.50754503009049401,true,flipguard_tabular_validation_v2,sha256:0eb6aeae2b31fecf2bfdec45a15931643fa2da0de8b99485309b90a67f97bca5,sha256:edb34de653b4d4b756b3e497b1edc448b941926d02b32f3d93817db66bde9b78,model_input,identity_model_input_v1,-0.168445281626,-0.51421670416999998,-0.47814815253999998,0.077076855138,-0.39750401667099999,0.61666677485300003,0.059654898727999998,-0.54880673345800002,-0.487975475682,0.58901482381900006,1.4913103074189999,0.074248924182000006,-0.34888549929599999,-1.035790149896,0.55669145985400004,-0.249781977539
168,1,-0.030706913315288277,0.49395073807688822,false,flipguard_tabular_validation_v2,sha256:0eb6aeae2b31fecf2bfdec45a15931643fa2da0de8b99485309b90a67f97bca5,sha256:edb34de653b4d4b756b3e497b1edc448b941926d02b32f3d93817db66bde9b78,model_input,identity_model_input_v1,-0.168445281626,0.15924525366,-0.33808125366699998,-0.381671547931,-0.39750401667099999,1.838287884139,1.2159825396370001,-0.59421189454699996,-0.487975475682,-0.058064485713999997,1.4558797472239999,-0.51093057202299996,-0.34888549929599999,-0.17036372187099999,1.4486674894730001,-0.249781977539
170,0,-0.16282070911710411,0.4679243203039305,false,flipguard_tabular_validation_v2,sha256:0eb6aeae2b31fecf2bfdec45a15931643fa2da0de8b99485309b90a67f97bca5,sha256:edb34de653b4d4b756b3e497b1edc448b941926d02b32f3d93817db66bde9b78,model_input,identity_model_input_v1,-0.168445281626,-0.72642737317399997,-0.94323216482200001,-0.381671547931,-0.39750401667099999,-0.40545021591500002,1.3876364514520001,-0.43075331462799998,-0.487975475682,-0.12545114084600001,-0.556576071866,-0.46470786300200001,-0.34888549929599999,0.68414047209499995,-1.2104308629760001,-0.249781977539
171,0,-0.10666555770202958,0.47898688513270016,false,flipguard_tabular_validation_v2,sha256:0eb6aeae2b31fecf2bfdec45a15931643fa2da0de8b99485309b90a67f97bca5,sha256:edb34de653b4d4b756b3e497b1edc448b941926d02b32f3d93817db66bde9b78,model_input,identity_model_input_v1,-0.168445281626,-0.73870402344700004,0.73447522058100001,-0.381671547931,-0.39750401667099999,-1.4271117178279999,1.631099736118,-0.59421189454699996,-0.487975475682,0.60031569144999997,-0.53862458803400004,-0.51093057202299996,-0.34888549929599999,0.47854547805800002,-1.2104308629760001,-0.249781977539
172,0,-0.039124970952573175,0.4922923807223431,false,flipguard_tabular_validation_v2,sha256:0eb6aeae2b31fecf2bfdec45a15931643fa2da0de8b99485309b90a67f97bca5,sha256:edb34de653b4d4b756b3e497b1edc448b941926d02b32f3d93817db66bde9b78,model_input,identity_model_input_v1,1.036311291122,0.062785858658000002,-0.49749440929099997,-0.381671547931,1.6700664084750001,0.490040873145,0.65872213251199996,-0.51429881103099995,-0.487975475682,-0.053878979184000003,1.7634170097190001,0.30628692346600001,-0.34888549929599999,-0.88544881050699997,1.932339479283,-0.249781977539
174,1,0.0093967827598996998,0.50185116620370029,true,flipguard_tabular_validation_v2,sha256:0eb6aeae2b31fecf2bfdec45a15931643fa2da0de8b99485309b90a67f97bca5,sha256:edb34de653b4d4b756b3e497b1edc448b941926d02b32f3d93817db66bde9b78,model_input,identity_model_input_v1,-0.168445281626,-0.73870402344700004,-0.82096382215899999,1.7866982330359999,-0.39750401667099999,0.038195928918999998,-0.413991855076,-0.43620193395899998,-0.45233130361599999,0.043643322965000002,0.21628254786000001,-0.51093057202299996,-0.34888549929599999,-1.1809916144349999,0.0035053414030000001,-0.249781977539
176,1,0.16560488252735375,0.53262416185788863,true,flipguard_tabular_validation_v2,sha256:0eb6aeae2b31fecf2bfdec45a15931643fa2da0de8b99485309b90a67f97bca5,sha256:edb34de653b4d4b756b3e497b1edc448b941926d02b32f3d93817db66bde9b78,model_input,identity_model_input_v1,-0.168445281626,0.49246861821100002,0.37773024610200001,-0.381671547931,-0.39750401667099999,0.24453238026400001,-1.0125672438410001,1.245605232762,-0.487975475682,0.0080665174600000004,-1.171178189386,0.550342827097,-0.34888549929599999,0.19263993947499999,1.406227284618,-0.249781977539
178,1,-0.060905968792725543,0.48800152414783304,false,flipguard_tabular_validation_v2,sha256:0eb6aeae2b31fecf2bfdec45a15931643fa2da0de8b99485309b90a67f97bca5,sha256:edb34de653b4d4b756b3e497b1edc448b941926d02b32f3d93817db66bde9b78,model_input,identity_model_input_v1,-0.168445281626,0.65644958971400003,-0.0076471883680000003,-0.381671547931,-0.39750401667099999,-1.5168430222760001,-0.040189640236000003,-0.59421189454699996,-0.487975475682,-0.21878793646399999,-1.792394011476,-0.51093057202299996,-0.34888549929599999,-0.35668418521799999,0.032774448199000002,-0.249781977539
179,0,-0.092160775303671116,0.48184432726517679,false,flipguard_tabular_validation_v2,sha256:0eb6aeae2b31fecf2bfdec45a15931643fa2da0de8b99485309b90a67f97bca5,sha256:edb34de653b4d4b756b3e497b1edc448b941926d02b32f3d93817db66bde9b78,model_input,identity_model_input_v1,-0.168445281626,0.48106887152900002,0.219090940747,-0.381671547931,-0.39750401667099999,-0.83087680654600005,-0.15774059990299999,-0.59421189454699996,-0.487975475682,-1.096488655798,-0.51453180710099999,-0.51093057202299996,-0.34888549929599999,0.24211123491600001,-0.27747808384200001,-0.249781977539
182,0,-0.028167952745071695,0.49445091330922086,false,flipguard_tabular_validation_v2,sha256:0eb6aeae2b31fecf2bfdec45a15931643fa2da0de8b99485309b90a67f97bca5,sha256:edb34de653b4d4b756b3e497b1edc448b941926d02b32f3d93817db66bde9b78,model_input,identity_model_input_v1,-0.168445281626,-0.43529538098699999,-0.69792162922599998,-0.381671547931,0.037773967569999997,0.23678906972800001,0.222455600192,-0.59421189454699996,-0.487975475682,-0.27822212919,-0.17676046657300001,-0.51093057202299996,-0.34888549929599999,-1.3814467336209999,0.83694315742900005,-0.249781977539
183,0,0.0056655722486999849,0.50111611773299392,true,flipguard_tabular_validation_v2,sha256:0eb6aeae2b31fecf2bfdec45a15931643fa2da0de8b99485309b90a67f97bca5,sha256:edb34de653b4d4b756b3e497b1edc448b941926d02b32f3d93817db66bde9b78,model_input,identity_model_input_v1,-0.168445281626,-0.73870402344700004,0.92484238700599997,-0.381671547931,-0.39750401667099999,-1.0850395876729999,1.18155338827,-0.59421189454699996,-0.487975475682,1.083741695661,-0.779079989892,-0.51093057202299996,-0.34888549929599999,0.85375634217600005,-1.1694541134609999,-0.249781977539
186,0,-0.057989952685103527,0.48857597932103458,false,flipguard_tabular_validation_v2,sha256:0eb6aeae2b31fecf2bfdec45a15931643fa2da0de8b99485309b90a67f97bca5,sha256:edb34de653b4d4b756b3e497b1edc448b941926d02b32f3d93817db66bde9b78,model_input,identity_model_input_v1,-0.168445281626,-0.68784361517299997,-0.82870232485899997,-0.381671547931,-0.39750401667099999,-1.5669467963329999,-1.1802863954989999,-0.59421189454699996,-0.487975475682,-0.88470202538099996,-1.3979337746360001,-0.51093057202299996,-0.34888549929599999,-0.89572856020900005,-0.88920241588600002,-0.249781977539
187,0,-0.09944465409379466,0.48040940314352243,false,flipguard_tabular_validation_v2,sha256:0eb6aeae2b31fecf2bfdec45a15931643fa2da0de8b99485309b90a67f97bca5,sha256:edb34de653b4d4b756b3e497b1edc448b941926d02b32f3d93817db66bde9b78,model_input,identity_model_input_v1,-0.168445281626,-0.73870402344700004,-0.47737430226999999,-0.381671547931,-0.39750401667099999,-1.704048941708,-0.735166652827,-0.59421189454699996,-0.487975475682,-1.3057639822960001,-1.365810066726,-0.51093057202299996,-0.34888549929599999,-1.1071059134529999,0.019603350140999998,-0.249781977539
188,0,0.015075199948232088,0.50296981438980171,true,flipguard_tabular_validation_v2,sha256:0eb6aeae2b31fecf2bfdec45a15931643fa2da0de8b99485309b90a67f97bca5,sha256:edb34de653b4d4b756b3e497b1edc448b941926d02b32f3d93817db66bde9b78,model_input,identity_model_input_v1,-0.168445281626,-0.18976237552799999,2.0476991288040001,-0.26484742044199999,-0.39750401667099999,-1.576967551144,0.55887759354800004,0.24396737914800001,1.7834186614750001,0.77485131374899996,-0.61373737564800002,-0.51093057202299996,-0.13236283529099999,0.31920935767899999,-1.1848203945289999,-0.249781977539
189,0,-0.097823493454313834,0.48072877178950019,false,flipguard_tabular_validation_v2,sha256:0eb6aeae2b31fecf2bfdec45a15931643fa2da0de8b99485309b90a67f97bca5,sha256:edb34de653b4d4b756b3e497b1edc448b941926d02b32f3d93817db66bde9b78,model_input,identity_model_input_v1,-0.168445281626,0.68714121539700002,-1.1661010425880001,-0.381671547931,-0.39750401667099999,-0.063833574614999999,-0.16315089511700001,-0.59421189454699996,-0.487975475682,-1.6539981255889999,-0.141329906378,-0.51093057202299996,-0.34888549929599999,0.222194219868,-0.51821648724199998,-0.249781977539
192,0,-0.067505548876970439,0.48670140687123681,false,flipguard_tabular_validation_v2,sha256:0eb6aeae2b31fecf2bfdec45a15931643fa2da0de8b99485309b90a67f97bca5,sha256:edb34de653b4d4b756b3e497b1edc448b941926d02b32f3d93817db66bde9b78,model_input,identity_model_input_v1,-0.168445281626,-0.73870402344700004,0.79560939191199997,-0.381671547931,-0.39750401667099999,-1.4681057147829999,1.0153097716699999,-0.59421189454699996,-0.487975475682,0.61496496430500003,-1.3379380260389999,-0.51093057202299996,-0.34888549929599999,0.70983984634999997,-1.2104308629760001,-0.249781977539
193,1,0.21044072952013118,0.54145682371546588,true,flipguard_tabular_validation_v2,sha256:0eb6aeae2b31fecf2bfdec45a15931643fa2da0de8b99485309b90a67f97bca5,sha256:edb34de653b4d4b756b3e497b1edc448b941926d02b32f3d93817db66bde9b78,model_input,identity_model_input_v1,-0.168445281626,0.92653589571899997,2.4880199324459999,0.111269282696,-0.39750401667099999,-1.7514197826340001,-0.38300561884599998,0.75613759622700005,3.175999590804,1.3737972981869999,1.487058640196,-0.51093057202299996,1.89507665494,-0.215337626817,0.53912999577599996,-0.249781977539
195,0,-0.095354270527771318,0.48121520870602907,false,flipguard_tabular_validation_v2,sha256:0eb6aeae2b31fecf2bfdec45a15931643fa2da0de8b99485309b90a67f97bca5,sha256:edb34de653b4d4b756b3e497b1edc448b941926d02b32f3d93817db66bde9b78,model_input,identity_model_input_v1,-0.168445281626,-0.73870402344700004,-0.64065670924499996,-0.381671547931,-0.39750401667099999,-1.454896537987,-0.26447096914000001,-0.59421189454699996,-0.487975475682,-0.57037048498099996,-1.510839159791,-0.51093057202299996,-0.34888549929599999,-0.59633085014200005,-0.371870953261,-0.249781977539
199,1,0.35393426587735133,0.56972505037783816,true,flipguard_tabular_validation_v2,sha256:0eb6aeae2b31fecf2bfdec45a15931643fa2da0de8b99485309b90a67f97bca5,sha256:edb34de653b4d4b756b3e497b1edc448b941926d02b32f3d93817db66bde9b78,model_input,identity_model_input_v1,-0.168445281626,-0.73870402344700004,-0.52690071955200002,1.117096526693,-0.10785212274600001,0.38436745876900003,0.13441534169700001,2.7149162455879998,5.5100783064219998,0.825495942762,0.26021644250199999,1.007023192223,-0.34888549929599999,-1.211830863541,-1.2104308629760001,-0.249781977539
202,0,-0.12831736875284763,0.47472147835568901,false,flipguard_tabular_validation_v2,sha256:0eb6aeae2b31fecf2bfdec45a15931643fa2da0de8b99485309b90a67f97bca5,sha256:edb34de653b4d4b756b3e497b1edc448b941926d02b32f3d93817db66bde9b78,model_input,identity_model_input_v1,-0.168445281626,-0.651890567945,0.93954554213599994,0.74952793044499999,-0.39750401667099999,-0.46010887852299998,1.560274053306,0.039644154250000001,1.0594732357250001,-0.48373049981100003,-0.29061066666699997,-0.51093057202299996,3.1998366042700002,0.30057731134499999,-1.1065255338490001,-0.249781977539
208,0,-0.14832095982879256,0.47078077091372789,false,flipguard_tabular_validation_v2,sha256:0eb6aeae2b31fecf2bfdec45a15931643fa2da0de8b99485309b90a67f97bca5,sha256:edb34de653b4d4b756b3e497b1edc448b941926d02b32f3d93817db66bde9b78,model_input,identity_model_input_v1,-0.168445281626,-0.73870402344700004,-0.88983649619100003,1.572995560799,-0.39750401667099999,-1.8019790455469999,-0.31611469618999999,-0.53518518513199997,-0.487975475682,-0.46991832826199997,-2.0427699701890001,-0.51093057202299996,0.34005024981199999,-0.324559967399,-1.2104308629760001,-0.249781977539
209,0,-0.068997522204149273,0.48640748812578261,false,flipguard_tabular_validation_v2,sha256:0eb6aeae2b31fecf2bfdec45a15931643fa2da0de8b99485309b90a67f97bca5,sha256:edb34de653b4d4b756b3e497b1edc448b941926d02b32f3d93817db66bde9b78,model_input,identity_model_input_v1,-0.168445281626,0.87216787308199994,1.324922976606,-0.381671547931,-0.39750401667099999,-0.169506988991,-0.086423072071000001,-0.59421189454699996,-0.21265497420900001,-0.72439712528400002,0.67451779305100001,-0.51093057202299996,0.28381059682300003,1.4152876696400001,0.14253359868500001,-0.249781977539
212,0,-0.11634106257863637,0.47708081067200864,false,flipguard_tabular_validation_v2,sha256:0eb6aeae2b31fecf2bfdec45a15931643fa2da0de8b99485309b90a67f97bca5,sha256:edb34de653b4d4b756b3e497b1edc448b941926d02b32f3d93817db66bde9b78,model_input,identity_model_input_v1,-0.168445281626,-0.73870402344700004,-0.28855483638599999,2.2311997912899999,-0.39750401667099999,-1.6575890784909999,-0.058387905958000003,-0.56969310755900004,-0.487975475682,0.24580328836199999,-2.0191495967259998,-0.51093057202299996,-0.123926887343,-0.046364241092999997,-1.2104308629760001,-0.249781977539
215,1,0.077098978026811926,0.51518849867128191,true,flipguard_tabular_validation_v2,sha256:0eb6aeae2b31fecf2bfdec45a15931643fa2da0de8b99485309b90a67f97bca5,sha256:edb34de653b4d4b756b3e497b1edc448b941926d02b32f3d93817db66bde9b78,model_input,identity_model_input_v1,-0.168445281626,-0.73870402344700004,-0.047887402409000003,-0.381671547931,-0.39750401667099999,-1.223052710758,-1.1527430744060001,-0.59421189454699996,-0.487975475682,-0.51386614682700005,-0.201798062444,-0.06257029452,-0.34888549929599999,-0.58540861608399997,-1.165063747442,-0.249781977539
216,1,0.10388161164441104,0.52046467749394898,true,flipguard_tabular_validation_v2,sha256:0eb6aeae2b31fecf2bfdec45a15931643fa2da0de8b99485309b90a67f97bca5,sha256:edb34de653b4d4b756b3e497b1edc448b941926d02b32f3d93817db66bde9b78,model_input,identity_model_input_v1,-0.168445281626,-0.60979919558100004,1.09663714695,-0.381671547931,-0.39750401667099999,0.38482294762399999,-0.85763606269000003,0.22398910826900001,-0.20773853668200001,0.16293025906899999,-1.0270939112590001,0.96727166246499996,-0.34888549929599999,0.68799537823300005,0.52010507635799996,-0.249781977539
218,0,0.067848414480824057,0.51336613765272232,true,flipguard_tabular_validation_v2,sha256:0eb6aeae2b31fecf2bfdec45a15931643fa2da0de8b99485309b90a67f97bca5,sha256:edb34de653b4d4b756b3e497b1edc448b941926d02b32f3d93817db66bde9b78,model_input,identity_model_input_v1,-0.168445281626,0.94056635317399995,0.97978575617700003,0.079926224101000004,-0.39590372996500001,-0.026938977355000001,1.2071293292850001,-0.140160283661,-0.47814260063000003,0.28472849908999998,0.26871977694900001,-0.51093057202299996,1.656058129739,1.9607568881940001,1.1830503452959999,-0.249781977539
221,1,0.051419489641389496,0.51012963945935375,true,flipguard_tabular_validation_v2,sha256:0eb6aeae2b31fecf2bfdec45a15931643fa2da0de8b99485309b90a67f97bca5,sha256:edb34de653b4d4b756b3e497b1edc448b941926d02b32f3d93817db66bde9b78,model_input,identity_model_input_v1,-0.168445281626,-0.73870402344700004,0.45124602175299999,0.58426453058100003,-0.39750401667099999,-0.152653901353,-0.13757495410199999,0.640808487062,-0.487975475682,0.046991728189,-0.58822737230699995,-0.51093057202299996,-0.34888549929599999,0.85953870138300004,-0.45748309063999998,-0.249781977539
222,0,-0.11860808045662757,0.47663420815004437,false,flipguard_tabular_validation_v2,sha256:0eb6aeae2b31fecf2bfdec45a15931643fa2da0de8b99485309b90a67f97bca5,sha256:edb34de653b4d4b756b3e497b1edc448b941926d02b32f3d93817db66bde9b78,model_input,identity_model_input_v1,-0.168445281626,-0.73870402344700004,-1.1661010425880001,-0.381671547931,-0.39750401667099999,0.30192397600199999,1.4923994406109999,0.076876386342000003,-0.487975475682,-0.159772294392,0.43878646588600001,-0.51093057202299996,-0.34888549929599999,0.055148287212999997,0.045945546257000001,-0.249781977539
223,0,-0.13456716197616606,0.4734902690906953,false,flipguard_tabular_validation_v2,sha256:0eb6aeae2b31fecf2bfdec45a15931643fa2da0de8b99485309b90a67f97bca5,sha256:edb34de653b4d4b756b3e497b1edc448b941926d02b32f3d93817db66bde9b78,model_input,identity_model_input_v1,-0.168445281626,-0.73870402344700004,0.014794469462,3.2142320835809999,-0.39750401667099999,-1.769639336837,0.45411460438899998,-0.53790949479700001,-0.26673578699799999,0.315282696759,-1.568000463573,-0.51093057202299996,-0.24203015861800001,1.036221899384,-1.0421334988969999,-0.249781977539
224,0,-0.23086812560250256,0.45451897925630702,false,flipguard_tabular_validation_v2,sha256:0eb6aeae2b31fecf2bfdec45a15931643fa2da0de8b99485309b90a67f97bca5,sha256:edb34de653b4d4b756b3e497b1edc448b941926d02b32f3d93817db66bde9b78,model_input,identity_model_input_v1,-0.168445281626,-0.73870402344700004,-1.1661010425880001,-0.381671547931,0.23300894579600001,0.78747509550299999,0.96514157967799996,2.882915341616,0.39575416967299998,-0.79387653368099997,-0.14463675866299999,-0.51093057202299996,-0.31514170750300002,1.496240698542,-1.2075039522969999,-0.249781977539
226,1,0.23236547665498608,0.54577599890103223,true,flipguard_tabular_validation_v2,sha256:0eb6aeae2b31fecf2bfdec45a15931643fa2da0de8b99485309b90a67f97bca5,sha256:edb34de653b4d4b756b3e497b1edc448b941926d02b32f3d93817db66bde9b78,model_input,identity_model_input_v1,-0.168445281626,-0.47475604257800003,0.381599497452,-0.381671547931,-0.39750401667099999,-0.037415221021999998,-1.0366676497980001,-0.51248260458700001,-0.487975475682,1.474668005559,1.1747973030079999,-0.18644715469600001,-0.34888549929599999,-0.73896237725500002,-1.0311575838489999,-0.249781977539
227,0,-0.029604449849449835,0.49416792337965837,false,flipguard_tabular_validation_v2,sha256:0eb6aeae2b31fecf2bfdec45a15931643fa2da0de8b99485309b90a67f97bca5,sha256:edb34de653b4d4b756b3e497b1edc448b941926d02b32f3d93817db66bde9b78,model_input,identity_model_input_v1,-0.168445281626,-0.73870402344700004,-1.1661010425880001,-0.31328669281499999,-0.39750401667099999,-0.88143606945899999,-0.53400203984100003,0.88962876982799999,0.35642266946200002,-0.39918326790600001,-0.222583991092,-0.51093057202299996,0.691548080989,0.35583096599199998,-1.1189649042380001,-0.249781977539
228,1,0.059775330115122316,0.51177574003267912,true,flipguard_tabular_validation_v2,sha256:0eb6aeae2b31fecf2bfdec45a15931643fa2da0de8b99485309b90a67f97bca5,sha256:edb34de653b4d4b756b3e497b1edc448b941926d02b32f3d93817db66bde9b78,model_input,identity_model_input_v1,-0.168445281626,-0.484401982078,-0.45957574606000001,-0.381671547931,1.1835792496169999,-0.47286256646500002,-0.70663964169500004,-0.59421189454699996,1.4675375504099999,-0.35481689868799998,0.62680463865500002,-0.43050305832699998,-0.34888549929599999,-1.3814467336209999,0.54937418315499997,-0.249781977539
229,0,-0.062572159315179454,0.48767328461490966,false,flipguard_tabular_validation_v2,sha256:0eb6aeae2b31fecf2bfdec45a15931643fa2da0de8b99485309b90a67f97bca5,sha256:edb34de653b4d4b756b3e497b1edc448b941926d02b32f3d93817db66bde9b78,model_input,identity_model_input_v1,0.41992420739000003,1.953390000692,-0.61047654871400003,-0.381671547931,-0.29028480731799999,-1.37609696606,-0.17397148554700001,-0.59421189454699996,-0.487975475682,-0.63692003880799997,-0.120071570261,-0.51093057202299996,-0.34888549929599999,0.37574798104000001,0.16741233946199999,-0.249781977539
233,0,-0.20106301207837124,0.46039058662056087,false,flipguard_tabular_validation_v2,sha256:0eb6aeae2b31fecf2bfdec45a15931643fa2da0de8b99485309b90a67f97bca5,sha256:edb34de653b4d4b756b3e497b1edc448b941926d02b32f3d93817db66bde9b78,model_input,identity_model_input_v1,-0.168445281626,-0.73870402344700004,-1.1661010425880001,-0.381671547931,0.53546313337499996,1.0266067444119999,1.5917521345550001,0.047817083246000001,-0.487975475682,-1.2530266000179999,-0.060548229133000002,-0.51093057202299996,-0.34888549929599999,1.503308026462,-1.116037993558,-0.249781977539
234,0,-0.049916705781918334,0.49016640896096209,false,flipguard_tabular_validation_v2,sha256:0eb6aeae2b31fecf2bfdec45a15931643fa2da0de8b99485309b90a67f97bca5,sha256:edb34de653b4d4b756b3e497b1edc448b941926d02b32f3d93817db66bde9b78,model_input,identity_model_input_v1,-0.168445281626,0.089969869977000003,-0.748995747047,-0.381671547931,-0.39750401667099999,-1.1415202057010001,-1.1055259525309999,-0.59421189454699996,-0.487975475682,-1.4715100408820001,-0.33926863600200002,-0.51093057202299996,-0.34888549929599999,-1.3814467336209999,0.46083513509599999,-0.249781977539
235,1,-0.020106462377621582,0.49603902691160856,false,flipguard_tabular_validation_v2,sha256:0eb6aeae2b31fecf2bfdec45a15931643fa2da0de8b99485309b90a67f97bca5,sha256:edb34de653b4d4b756b3e497b1edc448b941926d02b32f3d93817db66bde9b78,model_input,identity_model_input_v1,-0.168445281626,-0.53087787239700002,-0.080389113750000005,-0.381671547931,-0.39750401667099999,-0.63911599856400003,-1.2688184990139999,-0.59421189454699996,-0.487975475682,-0.88930608256400001,-1.164092077347,-0.51093057202299996,-0.34888549929599999,-0.31877760819200002,-0.37260268092999999,-0.249781977539
236,1,0.14237465139059943,0.5280478063239481,true,flipguard_tabular_validation_v2,sha256:0eb6aeae2b31fecf2bfdec45a15931643fa2da0de8b99485309b90a67f97bca5,sha256:edb34de653b4d4b756b3e497b1edc448b941926d02b32f3d93817db66bde9b78,model_input,identity_model_input_v1,-0.168445281626,-0.73870402344700004,-1.1305039301669999,0.028637582764,-0.39750401667099999,0.33927406211799999,-1.767057503795,1.5253010250679999,1.308982440186,0.74890117326299999,0.88710115422299995,-0.39444934528999998,-0.34888549929599999,-1.3814467336209999,0.18790071421999999,-0.249781977539
239,0,-0.0856997632373519,0.4831171466422417,false,flipguard_tabular_validation_v2,sha256:0eb6aeae2b31fecf2bfdec45a15931643fa2da0de8b99485309b90a67f97bca5,sha256:edb34de653b4d4b756b3e497b1edc448b941926d02b32f3d93817db66bde9b78,model_input,identity_model_input_v1,-0.168445281626,-0.73870402344700004,-1.1661010425880001,-0.381671547931,-0.39750401667099999,-0.80400296409700001,-0.94813554628300001,-0.59421189454699996,-0.487975475682,-1.6925047856640001,-1.0266215037899999,-0.51093057202299996,-0.34888549929599999,-1.068556852071,-0.20430531685100001,-0.249781977539
240,0,0.038583159600081803,0.50760088244121615,true,flipguard_tabular_validation_v2,sha256:0eb6aeae2b31fecf2bfdec45a15931643fa2da0de8b99485309b90a67f97bca5,sha256:edb34de653b4d4b756b3e497b1edc448b941926d02b32f3d93817db66bde9b78,model_input,identity_model_input_v1,-0.168445281626,-0.71415072290100001,-0.76215120163799999,-0.381671547931,-0.39750401667099999,-0.92288555527000005,0.100478035349,1.141173362258,1.4687666597910001,0.072941868674000002,-0.039762300484999999,0.099209187052999998,-0.078935164951999995,-0.84625726476800001,-1.2009184032669999,-0.249781977539
241,1,0.06801178243972783,0.51339832114062633,true,flipguard_tabular_validation_v2,sha256:0eb6aeae2b31fecf2bfdec45a15931643fa2da0de8b99485309b90a67f97bca5,sha256:edb34de653b4d4b756b3e497b1edc448b941926d02b32f3d93817db66bde9b78,model_input,identity_model_input_v1,-0.168445281626,0.45651557098399997,-0.89602729835100003,-0.381671547931,0.111387156081,1.516712752463,-0.57777624657899995,2.0547252033599999,0.44614765431800002,0.58148091206499997,-1.8046766056770001,3.7997992712649999,-0.34888549929599999,0.28194526501,1.2474423802479999,0.32084055695800001
243,1,0.25225936684887973,0.54969509526922933,true,flipguard_tabular_validation_v2,sha256:0eb6aeae2b31fecf2bfdec45a15931643fa2da0de8b99485309b90a67f97bca5,sha256:edb34de653b4d4b756b3e497b1edc448b941926d02b32f3d93817db66bde9b78,model_input,identity_model_input_v1,-0.168445281626,-0.70625859058200002,0.819598750283,-0.381671547931,-0.38950258313800001,-0.92106359984899999,0.241145710934,-0.59421189454699996,2.2984154923569999,0.96905881674000005,0.33910848986999997,1.166953765435,-0.34888549929599999,-1.3814467336209999,-1.2104308629760001,-0.249781977539
245,0,-0.30751804209802441,0.43941894570668916,false,flipguard_tabular_validation_v2,sha256:0eb6aeae2b31fecf2bfdec45a15931643fa2da0de8b99485309b90a67f97bca5,sha256:edb34de653b4d4b756b3e497b1edc448b941926d02b32f3d93817db66bde9b78,model_input,identity_model_input_v1,-0.168445281626,-0.73870402344700004,-1.1661010425880001,-0.381671547931,1.8364962259790001,0.72689507777899998,1.716188924496,2.7149162455879998,-0.487975475682,-0.12419548888699999,-0.16967435453400001,-0.51093057202299996,0.061663967519000003,1.7725089717789999,-1.2104308629760001,-0.249781977539
247,1,-0.00028764058068817336,0.49994333480560443,false,flipguard_tabular_validation_v2,sha256:0eb6aeae2b31fecf2bfdec45a15931643fa2da0de8b99485309b90a67f97bca5,sha256:edb34de653b4d4b756b3e497b1edc448b941926d02b32f3d93817db66bde9b78,model_input,identity_model_input_v1,-0.168445281626,-0.73870402344700004,-0.068781359700000003,-0.381671547931,-0.39750401667099999,-0.30934206749600002,0.60560287040399996,-0.59421189454699996,-0.487975475682,0.56641308855700001,0.0093680763189999995,-0.51093057202299996,-0.34888549929599999,0.066070521270999993,-0.78090672074,-0.249781977539
248,1,0.36575937848461076,0.57205459756146837,true,flipguard_tabular_validation_v2,sha256:0eb6aeae2b31fecf2bfdec45a15931643fa2da0de8b99485309b90a67f97bca5,sha256:edb34de653b4d4b756b3e497b1edc448b941926d02b32f3d93817db66bde9b78,model_input,identity_model_input_v1,-0.168445281626,-0.078395619479999998,0.86602976648399999,0.52727715131800001,0.98514369797699997,0.69546634677899999,-2.0749524860189998,2.51059302069,2.722458229001,-0.337237771262,0.081174011648000005,2.4269848133449998,-0.26733800246299999,0.35647345034900002,-0.488947380446,-0.249781977539
255,0,-0.025218505812805672,0.49503195435487729,false,flipguard_tabular_validation_v2,sha256:0eb6aeae2b31fecf2bfdec45a15931643fa2da0de8b99485309b90a67f97bca5,sha256:edb34de653b4d4b756b3e497b1edc448b941926d02b32f3d93817db66bde9b78,model_input,identity_model_input_v1,-0.168445281626,-0.66065960385400002,1.841081106709,0.13406423440099999,-0.39750401667099999,-0.28930055787300002,2.2252485197060001,-0.34448350855999998,2.0083456783039999,1.1444315403450001,0.34288774962399998,-0.51093057202299996,0.022296210427000002,0.485612805978,-0.95505790617800002,-0.249781977539
256,0,-0.14936490636344707,0.47057511344640091,false,flipguard_tabular_validation_v2,sha256:0eb6aeae2b31fecf2bfdec45a15931643fa2da0de8b99485309b90a67f97bca5,sha256:edb34de653b4d4b756b3e497b1edc448b941926d02b32f3d93817db66bde9b78,model_input,identity_model_input_v1,-0.168445281626,-0.73870402344700004,-1.1661010425880001,-0.381671547931,4.011285860479,2.4026385755659998,2.2252485197060001,-0.59421189454699996,-0.39579227206399997,-1.6611134866899999,1.78231330849,-0.51093057202299996,-0.34888549929599999,-1.3814467336209999,3.9050772773569999,-0.249781977539
257,0,-0.022666303418658298,0.49553473822652433,false,flipguard_tabular_validation_v2,sha256:0eb6aeae2b31fecf2bfdec45a15931643fa2da0de8b99485309b90a67f97bca5,sha256:edb34de653b4d4b756b3e497b1edc448b941926d02b32f3d93817db66bde9b78,model_input,identity_model_input_v1,-0.168445281626,0.225013022979,-0.57874868764300003,-0.381671547931,-0.39750401667099999,-0.440522857755,-0.63089550868800004,-0.59421189454699996,-0.487975475682,-0.80601450261800001,-0.059603414193999997,-0.51093057202299996,-0.34888549929599999,-1.216328254035,0.070824287033999997,-0.249781977539
258,0,-0.33190688611248276,0.43461434343584088,false,flipguard_tabular_validation_v2,sha256:0eb6aeae2b31fecf2bfdec45a15931643fa2da0de8b99485309b90a67f97bca5,sha256:edb34de653b4d4b756b3e497b1edc448b941926d02b32f3d93817db66bde9b78,model_input,identity_model_input_v1,-0.168445281626,-0.18362405039099999,1.0594923339889999,2.8495128562960002,-0.39750401667099999,1.455221757029,-0.37956270370900003,-0.59421189454699996,-0.48182992877399999,-0.36151370913600001,1.217313975243,0.147280804435,0.598752653558,1.9652542786889999,1.4442771234530001,-0.249781977539
260,1,0.095954466526269794,0.51890302990567516,true,flipguard_tabular_validation_v2,sha256:0eb6aeae2b31fecf2bfdec45a15931643fa2da0de8b99485309b90a67f97bca5,sha256:edb34de653b4d4b756b3e497b1edc448b941926d02b32f3d93817db66bde9b78,model_input,identity_model_input_v1,-0.168445281626,-0.73870402344700004,0.70661661086000005,-0.025500427536,-0.39750401667099999,-0.076131773702,0.59379858993500001,-0.59057948165999996,0.180660027897,0.84977188063599995,1.977417593298,-0.43142751250700001,-0.34888549929599999,-1.260659674624,0.58376538363999997,-0.249781977539
265,1,0.27775181899184354,0.55471710834139321,true,flipguard_tabular_validation_v2,sha256:0eb6aeae2b31fecf2bfdec45a15931643fa2da0de8b99485309b90a67f97bca5,sha256:edb34de653b4d4b756b3e497b1edc448b941926d02b32f3d93817db66bde9b78,model_input,identity_model_input_v1,-0.168445281626,-0.73870402344700004,0.38701644934200002,3.0717636354229998,0.96273968408300004,2.3971727093049999,-0.82222322128400005,3.4722743325450001,2.8441400577780001,0.77485131374899996,-0.49516310086100002,2.9456036085589998,-0.34326153399699999,0.16180069037,-0.099668260053999994,-0.249781977539
270,0,-0.0008072398696254441,0.49984097374568381,false,flipguard_tabular_validation_v2,sha256:0eb6aeae2b31fecf2bfdec45a15931643fa2da0de8b99485309b90a67f97bca5,sha256:edb34de653b4d4b756b3e497b1edc448b941926d02b32f3d93817db66bde9b78,model_input,identity_model_input_v1,0.72811774925600004,2.0568646244209998,0.16569527211599999,-0.381671547931,-0.090248968971999993,-0.117581259513,0.202289954391,-0.59421189454699996,-0.487975475682,0.20269257110300001,1.028823395004,-0.51093057202299996,-0.34888549929599999,0.70791239328099997,1.4962297880169999,-0.249781977539
272,1,0.028327332053388016,0.50558048441451742,true,flipguard_tabular_validation_v2,sha256:0eb6aeae2b31fecf2bfdec45a15931643fa2da0de8b99485309b90a67f97bca5,sha256:edb34de653b4d4b756b3e497b1edc448b941926d02b32f3d93817db66bde9b78,model_input,identity_model_input_v1,-0.168445281626,0.438100595574,0.43576901635300003,-0.32183479970500001,-0.39750401667099999,-0.222799185033,-0.062322666114000003,0.087773625004000003,-0.487975475682,-0.39206790680499998,0.23139958687600001,-0.51093057202299996,-0.34888549929599999,0.48175789984,0.10741067053,-0.249781977539
273,0,-0.0099814256057382846,0.49803365915566955,false,flipguard_tabular_validation_v2,sha256:0eb6aeae2b31fecf2bfdec45a15931643fa2da0de8b99485309b90a67f97bca5,sha256:edb34de653b4d4b756b3e497b1edc448b941926d02b32f3d93817db66bde9b78,model_input,identity_model_input_v1,-0.168445281626,-0.47826365694200001,-0.80858221783899997,-0.381671547931,-0.39750401667099999,-0.31936282230700003,-0.87730986347100004,-0.59421189454699996,-0.487975475682,-0.48791600634100002,-0.52917643864800001,-0.51093057202299996,-0.34888549929599999,-1.3814467336209999,0.071556014703999998,-0.249781977539
274,1,0.014046570807813991,0.50276717444913932,true,flipguard_tabular_validation_v2,sha256:0eb6aeae2b31fecf2bfdec45a15931643fa2da0de8b99485309b90a67f97bca5,sha256:edb34de653b4d4b756b3e497b1edc448b941926d02b32f3d93817db66bde9b78,model_input,identity_model_input_v1,-0.168445281626,-0.73870402344700004,-0.26456547801500002,-0.099584020578000004,-0.39750401667099999,-0.72019301476499997,-0.81976399618600004,-0.59421189454699996,-0.487975475682,0.28849545496700002,-1.3327415438770001,-0.51093057202299996,-0.34888549929599999,-0.42543001134899999,-1.2104308629760001,-0.249781977539
275,1,0.12643369666658019,0.52490743824331632,true,flipguard_tabular_validation_v2,sha256:0eb6aeae2b31fecf2bfdec45a15931643fa2da0de8b99485309b90a67f97bca5,sha256:edb34de653b4d4b756b3e497b1edc448b941926d02b32f3d93817db66bde9b78,model_input,identity_model_input_v1,0.440937403427,-0.0064895250249999998,0.059677785123000003,-0.381671547931,0.15459489716399999,-0.010085889718,-0.15134661464900001,-0.59421189454699996,-0.487975475682,0.64677481393199998,1.111494702126,-0.49798821349700001,-0.34888549929599999,-1.3814467336209999,0.068629104024999998,0.83118606316400001
276,0,0.048879853930102656,0.50962933122423026,true,flipguard_tabular_validation_v2,sha256:0eb6aeae2b31fecf2bfdec45a15931643fa2da0de8b99485309b90a67f97bca5,sha256:edb34de653b4d4b756b3e497b1edc448b941926d02b32f3d93817db66bde9b78,model_input,identity_model_input_v1,-0.168445281626,-0.19853141143700001,0.33129922989999999,-0.381671547931,-0.39750401667099999,-0.38768615056700001,-0.022975064552000001,-0.59421189454699996,-0.487975475682,0.37011283230199998,-0.201798062444,-0.51093057202299996,-0.34888549929599999,-0.112540129798,-0.13405946054000001,-0.249781977539
277,0,-0.066644882625309279,0.48687095812281406,false,flipguard_tabular_validation_v2,sha256:0eb6aeae2b31fecf2bfdec45a15931643fa2da0de8b99485309b90a67f97bca5,sha256:edb34de653b4d4b756b3e497b1edc448b941926d02b32f3d93817db66bde9b78,model_input,identity_model_input_v1,-0.168445281626,-0.091549173344000007,-0.76369890217799996,-0.381671547931,-0.39750401667099999,-1.4271117178279999,-1.003714033489,-0.59421189454699996,-0.487975475682,-0.93032404655800005,-1.2354256052070001,-0.51093057202299996,-0.34888549929599999,-0.58412364737099998,-0.99603465569299998,-0.249781977539
279,1,0.13114879149360859,0.52583631192424085,true,flipguard_tabular_validation_v2,sha256:0eb6aeae2b31fecf2bfdec45a15931643fa2da0de8b99485309b90a67f97bca5,sha256:edb34de653b4d4b756b3e497b1edc448b941926d02b32f3d93817db66bde9b78,model_input,identity_model_input_v1,-0.168445281626,-0.73870402344700004,0.91942543511499997,-0.381671547931,-0.39750401667099999,-0.97390030703700003,-1.0366676497980001,-0.59421189454699996,-0.487975475682,0.83595970908700001,-0.58586533496100002,-0.51093057202299996,-0.34888549929599999,-0.42864243313099998,-1.0933544357909999,-0.249781977539
281,1,-0.03768724260287451,0.4925756132072337,false,flipguard_tabular_validation_v2,sha256:0eb6aeae2b31fecf2bfdec45a15931643fa2da0de8b99485309b90a67f97bca5,sha256:edb34de653b4d4b756b3e497b1edc448b941926d02b32f3d93817db66bde9b78,model_input,identity_model_input_v1,-0.168445281626,-0.70888930135499995,-0.89757499889100001,-0.381671547931,-0.39750401667099999,0.86718564513899998,0.54018748280600004,-0.35810505688599997,-0.487975475682,0.124842149646,1.0732296971149999,-0.51093057202299996,-0.34888549929599999,0.28901259292999998,-0.28699054355100001,-0.249781977539
282,1,-0.017952183199135732,0.49646341990977028,false,flipguard_tabular_validation_v2,sha256:0eb6aeae2b31fecf2bfdec45a15931643fa2da0de8b99485309b90a67f97bca5,sha256:edb34de653b4d4b756b3e497b1edc448b941926d02b32f3d93817db66bde9b78,model_input,identity_model_input_v1,-0.168445281626,-0.49580172876099998,0.33284693044000002,-0.381671547931,-0.39750401667099999,1.53265486239,-0.45776606181399998,-0.59421189454699996,-0.487975475682,0.269660675583,-0.21597028652200001,0.44772841307,-0.34888549929599999,0.28066029629700001,1.5013518817060001,0.50970857893999999
283,0,-0.15485212321941805,0.46949413172577464,false,flipguard_tabular_validation_v2,sha256:0eb6aeae2b31fecf2bfdec45a15931643fa2da0de8b99485309b90a67f97bca5,sha256:edb34de653b4d4b756b3e497b1edc448b941926d02b32f3d93817db66bde9b78,model_input,identity_model_input_v1,-0.168445281626,-0.73870402344700004,-1.1661010425880001,-0.381671547931,-0.013435207047,0.792940961763,0.19933888427400001,1.7477863144020001,-0.28763064648499997,-1.2069860281889999,-0.56224496149699998,-0.51093057202299996,-0.34888549929599999,0.71947711169499995,-1.1892107605490001,-0.249781977539
284,0,-0.034415308761196042,0.4932201841740444,false,flipguard_tabular_validation_v2,sha256:0eb6aeae2b31fecf2bfdec45a15931643fa2da0de8b99485309b90a67f97bca5,sha256:edb34de653b4d4b756b3e497b1edc448b941926d02b32f3d93817db66bde9b78,model_input,identity_model_input_v1,-0.168445281626,0.72046355185199995,-1.094906817746,-0.381671547931,-0.39750401667099999,-1.545538820145,-0.32988635673700001,-0.59421189454699996,-0.487975475682,-0.43517862406300001,-0.31281381772299999,-0.51093057202299996,-0.34888549929599999,-0.87709651387400001,0.472542777814,-0.249781977539
289,1,0.34111281741913069,0.56719922503156872,true,flipguard_tabular_validation_v2,sha256:0eb6aeae2b31fecf2bfdec45a15931643fa2da0de8b99485309b90a67f97bca5,sha256:edb34de653b4d4b756b3e497b1edc448b941926d02b32f3d93817db66bde9b78,model_input,identity_model_input_v1,-0.168445281626,1.8262389800079999,1.4889792338500001,-0.381671547931,-0.19426760491200001,-1.1292220066150001,-0.22610705761700001,-0.59421189454699996,-0.093431364195000005,0.69825654425100003,-0.26557307079600001,0.022479490078,2.1959587984279998,-0.86617427981600004,-0.93676471442999998,6.6579654647210003
290,0,-0.35522614238472033,0.4300204499502101,false,flipguard_tabular_validation_v2,sha256:0eb6aeae2b31fecf2bfdec45a15931643fa2da0de8b99485309b90a67f97bca5,sha256:edb34de653b4d4b756b3e497b1edc448b941926d02b32f3d93817db66bde9b78,model_input,identity_model_input_v1,-0.168445281626,0.199582818843,1.5802935657120001,3.6387880590930002,-0.39750401667099999,0.65720528295400005,-1.917070234751,-0.47979088860399999,-0.487975475682,-0.91148926717300005,0.28667126078100003,-0.51093057202299996,-0.34888549929599999,0.97325843245999999,0.83621142975899998,-0.249781977539
292,1,0.13538450375020392,0.52667074723879015,true,flipguard_tabular_validation_v2,sha256:0eb6aeae2b31fecf2bfdec45a15931643fa2da0de8b99485309b90a67f97bca5,sha256:edb34de653b4d4b756b3e497b1edc448b941926d02b32f3d93817db66bde9b78,model_input,identity_model_input_v1,-0.168445281626,-0.431787766623,-0.30944879367599998,1.228221916256,-0.39750401667099999,0.33608564013199999,1.467315344615,2.4379447629480002,-0.487975475682,1.193820517399,-1.372423771295,-0.51093057202299996,-0.34888549929599999,1.8380423761289999,-0.194061129473,-0.249781977539
293,0,-0.027425705921312386,0.49459713593350146,false,flipguard_tabular_validation_v2,sha256:0eb6aeae2b31fecf2bfdec45a15931643fa2da0de8b99485309b90a67f97bca5,sha256:edb34de653b4d4b756b3e497b1edc448b941926d02b32f3d93817db66bde9b78,model_input,identity_model_input_v1,-0.168445281626,-0.43967989894100001,-0.70566013192599997,-0.381671547931,0.015369953675000001,0.74101523228599997,0.61789899589200004,-0.51611501747400002,-0.487975475682,-0.16144649700399999,0.38682164426600002,-0.51093057202299996,-0.34888549929599999,-1.3814467336209999,1.4054955569480001,-0.249781977539
294,1,0.27620750924116416,0.55441287932050931,true,flipguard_tabular_validation_v2,sha256:0eb6aeae2b31fecf2bfdec45a15931643fa2da0de8b99485309b90a67f97bca5,sha256:edb34de653b4d4b756b3e497b1edc448b941926d02b32f3d93817db66bde9b78,model_input,identity_model_input_v1,-0.168445281626,1.0992859031310001,0.32820382881999999,-0.381671547931,-0.39750401667099999,0.61120090859200005,-0.83796226190900003,0.75250518334000005,-0.487975475682,0.86400260283800001,0.69388649929199997,1.5968249593299999,-0.34888549929599999,-1.001738479009,-0.60090171394199998,-0.249781977539
299,0,-0.057728944590807352,0.48862739791561094,false,flipguard_tabular_validation_v2,sha256:0eb6aeae2b31fecf2bfdec45a15931643fa2da0de8b99485309b90a67f97bca5,sha256:edb34de653b4d4b756b3e497b1edc448b941926d02b32f3d93817db66bde9b78,model_input,identity_model_input_v1,-0.168445281626,-0.73870402344700004,0.66328099573900001,-0.381671547931,-0.39750401667099999,-1.2954754387139999,0.552975453314,-0.59421189454699996,-0.487975475682,-0.36025805717699999,0.00086474187200000002,-0.51093057202299996,-0.34888549929599999,-0.45369932302900001,-0.51236266588299995,-0.249781977539
300,1,0.16941386620895815,0.53337453164316473,true,flipguard_tabular_validation_v2,sha256:0eb6aeae2b31fecf2bfdec45a15931643fa2da0de8b99485309b90a67f97bca5,sha256:edb34de653b4d4b756b3e497b1edc448b941926d02b32f3d93817db66bde9b78,model_input,identity_model_input_v1,-0.168445281626,1.279051139271,0.74763067517100001,-0.381671547931,1.473231143542,2.4035495532760001,-0.19807189150400001,3.5494631063959998,3.5213793270270002,0.203948223062,-0.64916793584300003,4.1418473180199999,0.28662257947300002,1.89972087434,1.507205703066,-0.22567116622200001
301,1,0.056129677053843328,0.5110575463796071,true,flipguard_tabular_validation_v2,sha256:0eb6aeae2b31fecf2bfdec45a15931643fa2da0de8b99485309b90a67f97bca5,sha256:edb34de653b4d4b756b3e497b1edc448b941926d02b32f3d93817db66bde9b78,model_input,identity_model_input_v1,-0.168445281626,-0.47387913898700001,1.4851099825,-0.381671547931,-0.39750401667099999,0.44494747649299998,0.40591379247600001,-0.50067726270400004,0.33429870059400002,0.16460446168100001,0.223841067368,0.0021414981089999999,-0.34888549929599999,1.243101862134,-0.0052753906359999997,-0.249781977539
302,1,0.029632397094258248,0.50583758222756892,true,flipguard_tabular_validation_v2,sha256:0eb6aeae2b31fecf2bfdec45a15931643fa2da0de8b99485309b90a67f97bca5,sha256:edb34de653b4d4b756b3e497b1edc448b941926d02b32f3d93817db66bde9b78,model_input,identity_model_input_v1,-0.168445281626,-0.73870402344700004,0.011699068381999999,-0.381671547931,-0.39750401667099999,-0.61952997779600005,-0.480882777732,-0.59421189454699996,-0.487975475682,0.080475780427999993,-0.209356581953,-0.51093057202299996,-0.34888549929599999,-1.26322961205,-0.18820730811299999,-0.249781977539
303,1,0.052639141368571105,0.51036991084960848,true,flipguard_tabular_validation_v2,sha256:0eb6aeae2b31fecf2bfdec45a15931643fa2da0de8b99485309b90a67f97bca5,sha256:edb34de653b4d4b756b3e497b1edc448b941926d02b32f3d93817db66bde9b78,model_input,identity_model_input_v1,-0.168445281626,-0.68082838644599997,-1.0477019512750001,0.29362889633799999,-0.24387649282099999,0.22266891522099999,-0.57089041630500004,-0.42167228240999999,-0.48305903815599999,0.013089125296000001,0.485554805343,0.94138694541300005,-0.34888549929599999,-1.1469399435480001,0.067897376354999997,-0.249781977539
304,0,-0.01855307298911615,0.49634504462114409,false,flipguard_tabular_validation_v2,sha256:0eb6aeae2b31fecf2bfdec45a15931643fa2da0de8b99485309b90a67f97bca5,sha256:edb34de653b4d4b756b3e497b1edc448b941926d02b32f3d93817db66bde9b78,model_input,identity_model_input_v1,-0.168445281626,-0.64750604999000005,-0.17170344561299999,-0.34462975141000002,0.026571960623000001,1.094474583817,2.186884608183,-0.289089212032,-0.37981385010300001,0.88785999005799998,2.0303272298559998,-0.26595021421199999,-0.34888549929599999,1.4981681516109999,-1.1035986231699999,-0.068950892663000002
312,0,-0.27790010519208397,0.44525367927715948,false,flipguard_tabular_validation_v2,sha256:0eb6aeae2b31fecf2bfdec45a15931643fa2da0de8b99485309b90a67f97bca5,sha256:edb34de653b4d4b756b3e497b1edc448b941926d02b32f3d93817db66bde9b78,model_input,identity_model_input_v1,-0.049370504087,2.0603722387840002,0.92639008754600005,-0.16796887569400001,-0.39750401667099999,-0.69195270575099999,0.953829144229,-0.40169401153099998,0.58503701443599998,-1.4505825082329999,-0.84616185052899995,1.2177987453579999,4.9095220551169998,0.95783880790700004,0.43961503266800001,-0.249781977539
313,1,0.072663973134324406,0.51431480270746188,true,flipguard_tabular_validation_v2,sha256:0eb6aeae2b31fecf2bfdec45a15931643fa2da0de8b99485309b90a67f97bca5,sha256:edb34de653b4d4b756b3e497b1edc448b941926d02b32f3d93817db66bde9b78,model_input,identity_model_input_v1,-0.168445281626,-0.056473029707000001,1.3411738322760001,-0.381671547931,-0.39750401667099999,0.80022878344399995,-2.0218332239099999,-0.59421189454699996,-0.487975475682,0.28096154321400002,0.77844743629099999,-0.51093057202299996,-0.34888549929599999,-0.78457876655699998,0.43449293897899999,-0.249781977539
317,0,-0.076777588071010816,0.48487481515001085,false,flipguard_tabular_validation_v2,sha256:0eb6aeae2b31fecf2bfdec45a15931643fa2da0de8b99485309b90a67f97bca5,sha256:edb34de653b4d4b756b3e497b1edc448b941926d02b32f3d93817db66bde9b78,model_input,identity_model_input_v1,-0.168445281626,-0.73695021626500001,0.11926425591500001,1.6556272607310001,-0.39750401667099999,0.018154419296,-0.52957543466500001,-0.472526062829,-0.487975475682,-0.83280174440999999,-0.76632498822200001,-0.51093057202299996,-0.34888549929599999,0.83191187405900002,0.51790989334899995,-0.249781977539
318,0,-0.18028900980297533,0.46448306506881387,false,flipguard_tabular_validation_v2,sha256:0eb6aeae2b31fecf2bfdec45a15931643fa2da0de8b99485309b90a67f97bca5,sha256:edb34de653b4d4b756b3e497b1edc448b941926d02b32f3d93817db66bde9b78,model_input,identity_model_input_v1,-0.168445281626,-0.73870402344700004,-1.1661010425880001,-0.381671547931,-0.19746817832499999,0.27277268927800002,1.771275566683,0.67985692559800004,-0.487975475682,-0.70053973806299996,-0.53106606852500005,-0.51093057202299996,-0.34888549929599999,1.263661361537,-0.27162426248299998,-0.249781977539
320,1,0.29121386302842267,0.55736913101659924,true,flipguard_tabular_validation_v2,sha256:0eb6aeae2b31fecf2bfdec45a15931643fa2da0de8b99485309b90a67f97bca5,sha256:edb34de653b4d4b756b3e497b1edc448b941926d02b32f3d93817db66bde9b78,model_input,identity_model_input_v1,-0.168445281626,-0.73870402344700004,1.7559575770069999,-0.23065499288399999,-0.39750401667099999,0.10925219031,-0.44645362636500002,-0.51066639814400006,-0.081140270380000004,2.583408685347,1.4001356658499999,0.11584936229999999,1.9147605334860001,-0.042509334954999999,-1.0757929717129999,-0.249781977539
321,0,-0.10325932540129498,0.47965791289594489,false,flipguard_tabular_validation_v2,sha256:0eb6aeae2b31fecf2bfdec45a15931643fa2da0de8b99485309b90a67f97bca5,sha256:edb34de653b4d4b756b3e497b1edc448b941926d02b32f3d93817db66bde9b78,model_input,identity_model_input_v1,-0.112410092196,-0.37391212962199999,-1.1661010425880001,-0.381671547931,0.096984575719999994,2.1648733932219999,1.2081130193239999,-0.11291718700800001,-0.487975475682,1.1134587920229999,1.4034425181350001,2.2263782561940002,-0.34888549929599999,1.196842988475,0.190095897229,-0.249781977539
322,1,0.14491649438400794,0.52854854939364959,true,flipguard_tabular_validation_v2,sha256:0eb6aeae2b31fecf2bfdec45a15931643fa2da0de8b99485309b90a67f97bca5,sha256:edb34de653b4d4b756b3e497b1edc448b941926d02b32f3d93817db66bde9b78,model_input,identity_model_input_v1,-0.168445281626,-0.73870402344700004,0.98210730698699999,-0.381671547931,-0.39750401667099999,-0.79489318699599998,-1.682460160437,-0.59421189454699996,-0.487975475682,0.39397021952299999,-0.31045178037600002,-0.51093057202299996,-0.34888549929599999,-0.87195663902300002,-1.1072572615189999,-0.249781977539
325,1,0.018847235162461236,0.50371290532700486,true,flipguard_tabular_validation_v2,sha256:0eb6aeae2b31fecf2bfdec45a15931643fa2da0de8b99485309b90a67f97bca5,sha256:edb34de653b4d4b756b3e497b1edc448b941926d02b32f3d93817db66bde9b78,model_input,identity_model_input_v1,-0.168445281626,-0.23536136225599999,0.56809741252599999,-0.381671547931,-0.39750401667099999,1.163708889787,0.87956054628000002,-0.55607155923200002,-0.487975475682,0.00388101093,0.34808423178600001,-0.51093057202299996,-0.34888549929599999,1.2867907983669999,0.77328285014700004,-0.249781977539
328,1,0.1225419880425955,0.52414077164439132,true,flipguard_tabular_validation_v2,sha256:0eb6aeae2b31fecf2bfdec45a15931643fa2da0de8b99485309b90a67f97bca5,sha256:edb34de653b4d4b756b3e497b1edc448b941926d02b32f3d93817db66bde9b78,model_input,identity_model_input_v1,-0.168445281626,-0.47475604257800003,-1.076334411266,2.5588772220539999,-0.39750401667099999,0.20444936101799999,-0.55761060077799995,0.48189042325199999,0.078643949226000001,0.96487331021,0.92205930694899996,-0.51093057202299996,-0.34888549929599999,-0.47168888500700001,-0.55626632607799997,-0.249781977539
329,1,0.06289840993128179,0.51239098675646255,true,flipguard_tabular_validation_v2,sha256:0eb6aeae2b31fecf2bfdec45a15931643fa2da0de8b99485309b90a67f97bca5,sha256:edb34de653b4d4b756b3e497b1edc448b941926d02b32f3d93817db66bde9b78,model_input,identity_model_input_v1,-0.168445281626,-0.029289018388999999,-0.43636023795899997,-0.381671547931,-0.39750401667099999,1.1905827322360001,0.79004475272600005,0.62355452584899995,-0.487975475682,-0.12545114084600001,0.048105488799,-0.51093057202299996,-0.34888549929599999,-0.96897177683400004,2.2967398588969998,-0.249781977539
330,1,0.19453236315967418,0.53832287554245584,true,flipguard_tabular_validation_v2,sha256:0eb6aeae2b31fecf2bfdec45a15931643fa2da0de8b99485309b90a67f97bca5,sha256:edb34de653b4d4b756b3e497b1edc448b941926d02b32f3d93817db66bde9b78,model_input,identity_model_input_v1,-0.168445281626,0.64855745739600001,1.945550893162,-0.381671547931,-0.39750401667099999,-0.89282329083500001,-0.081504621875999994,-0.59421189454699996,-0.487975475682,1.3775642540640001,0.44162091070100001,0.13064062918700001,-0.34888549929599999,0.143811128392,-0.010397484326,-0.22567116622200001
331,1,0.053783195069114102,0.51059528942861543,true,flipguard_tabular_validation_v2,sha256:0eb6aeae2b31fecf2bfdec45a15931643fa2da0de8b99485309b90a67f97bca5,sha256:edb34de653b4d4b756b3e497b1edc448b941926d02b32f3d93817db66bde9b78,model_input,identity_model_input_v1,-0.168445281626,-0.147671003163,-0.046339701869000001,-0.381671547931,-0.39750401667099999,0.96739319325399997,1.5450268576999999,-0.59421189454699996,-0.487975475682,0.85646869108400003,0.59798778303,-0.51093057202299996,-0.34888549929599999,0.85182888910700005,0.90353037539100001,-0.249781977539
332,0,-0.07581460830976075,0.48506452216297713,false,flipguard_tabular_validation_v2,sha256:0eb6aeae2b31fecf2bfdec45a15931643fa2da0de8b99485309b90a67f97bca5,sha256:edb34de653b4d4b756b3e497b1edc448b941926d02b32f3d93817db66bde9b78,model_input,identity_model_input_v1,-0.168445281626,-0.73870402344700004,0.35219318719100001,-0.381671547931,-0.39750401667099999,-1.7072373636930001,-0.23938687314400001,-0.59421189454699996,-0.487975475682,-0.0032343501710000002,-1.8613655019899999,-0.51093057202299996,-0.34888549929599999,-0.018737413769,-1.2104308629760001,-0.249781977539
333,1,-0.046593064785321534,0.49082116623729166,false,flipguard_tabular_validation_v2,sha256:0eb6aeae2b31fecf2bfdec45a15931643fa2da0de8b99485309b90a67f97bca5,sha256:edb34de653b4d4b756b3e497b1edc448b941926d02b32f3d93817db66bde9b78,model_input,identity_model_input_v1,-0.168445281626,-0.57384614835299996,-0.68631387517599995,0.0086920000220000009,-0.39750401667099999,-0.082964106528000001,-0.15478952978499999,-0.32359713445900001,-0.487975475682,-0.69593568088000002,-0.48477013653700002,-0.38150698676400002,-0.34888549929599999,-0.041866850598000001,-1.2104308629760001,-0.249781977539
334,1,0.15957681947780789,0.5314366334371281,true,flipguard_tabular_validation_v2,sha256:0eb6aeae2b31fecf2bfdec45a15931643fa2da0de8b99485309b90a67f97bca5,sha256:edb34de653b4d4b756b3e497b1edc448b941926d02b32f3d93817db66bde9b78,model_input,identity_model_input_v1,-0.168445281626,0.28990388870799999,-0.92620745888199996,-0.381671547931,-0.39750401667099999,0.63306437363500001,-1.3086579455959999,1.473539141427,0.28882165347599997,0.85437593781900001,0.39626979365100001,-0.51093057202299996,-0.34888549929599999,-1.230462909875,0.22082845936600001,-0.249781977539
335,0,-0.10400757699566074,0.47951050733185485,false,flipguard_tabular_validation_v2,sha256:0eb6aeae2b31fecf2bfdec45a15931643fa2da0de8b99485309b90a67f97bca5,sha256:edb34de653b4d4b756b3e497b1edc448b941926d02b32f3d93817db66bde9b78,model_input,identity_model_input_v1,-0.168445281626,-0.73870402344700004,-1.1661010425880001,-0.381671547931,0.98034283785700005,0.58888195469399995,-0.33775587704999999,-0.59421189454699996,-0.487975475682,-1.6925047856640001,-0.522562734079,-0.51093057202299996,-0.34888549929599999,-0.90343837248500003,0.48059178218300003,-0.249781977539
336,1,0.092980288175525921,0.51831711677057857,true,flipguard_tabular_validation_v2,sha256:0eb6aeae2b31fecf2bfdec45a15931643fa2da0de8b99485309b90a67f97bca5,sha256:edb34de653b4d4b756b3e497b1edc448b941926d02b32f3d93817db66bde9b78,model_input,identity_model_input_v1,-0.168445281626,-0.53526239035199996,-1.0299033950650001,1.735409591699,3.6720250786430002,-0.62135193321600002,-0.70909886679199996,0.58450608731200004,0.202783996765,0.41406065086600002,0.938121160904,-0.20123842158300001,-0.34888549929599999,-1.3814467336209999,0.73157437296200001,-0.249781977539
341,0,-0.52709959167739828,0.39616138043955251,false,flipguard_tabular_validation_v2,sha256:0eb6aeae2b31fecf2bfdec45a15931643fa2da0de8b99485309b90a67f97bca5,sha256:edb34de653b4d4b756b3e497b1edc448b941926d02b32f3d93817db66bde9b78,model_input,identity_model_input_v1,9.3435281241439991,2.590898911294,0.40713655636200002,-0.381671547931,-0.122254703107,-0.97845519558799998,0.92136737294000004,-0.34266730211599999,-0.14874128636600001,-1.650231169712,-1.07197262084,1.3823515894730001,3.098605228891,1.447411887458,0.84279697878799997,-0.249781977539
342,0,-0.055871419747955231,0.48899333030965281,false,flipguard_tabular_validation_v2,sha256:0eb6aeae2b31fecf2bfdec45a15931643fa2da0de8b99485309b90a67f97bca5,sha256:edb34de653b4d4b756b3e497b1edc448b941926d02b32f3d93817db66bde9b78,model_input,identity_model_input_v1,-0.168445281626,-0.73870402344700004,-1.1661010425880001,-0.381671547931,0.58987288140500005,0.34246248410300001,-0.14298524931699999,-0.59421189454699996,-0.110638895537,-0.639849893379,0.29375737281999997,-0.51093057202299996,-0.34888549929599999,-1.3814467336209999,0.86694399189500004,0.49765317328100001
343,1,0.13820384618468515,0.52722615769838299,true,flipguard_tabular_validation_v2,sha256:0eb6aeae2b31fecf2bfdec45a15931643fa2da0de8b99485309b90a67f97bca5,sha256:edb34de653b4d4b756b3e497b1edc448b941926d02b32f3d93817db66bde9b78,model_input,identity_model_input_v1,-0.168445281626,0.68714121539700002,-0.509102163341,-0.381671547931,-0.39750401667099999,0.109707679165,-0.68401477079700002,-0.24550025738699999,-0.487975475682,0.82047333492600005,0.66176279138100003,-0.49244148841500002,-0.34888549929599999,-1.348680031447,-0.55553459840800001,-0.249781977539
344,1,0.098682037924729987,0.51944036147117179,true,flipguard_tabular_validation_v2,sha256:0eb6aeae2b31fecf2bfdec45a15931643fa2da0de8b99485309b90a67f97bca5,sha256:edb34de653b4d4b756b3e497b1edc448b941926d02b32f3d93817db66bde9b78,model_input,identity_model_input_v1,-0.168445281626,-0.27657583102900002,-1.1661010425880001,-0.381671547931,0.92273251641300003,1.0726111187739999,-1.3947308240130001,2.0356550357029999,1.193446158317,0.22696850897699999,1.2910095404490001,-0.47395240480599998,-0.34888549929599999,-0.93877501208500003,-0.084301978986000004,-0.249781977539
345,1,0.56839658501822743,0.61197412724859079,true,flipguard_tabular_validation_v2,sha256:0eb6aeae2b31fecf2bfdec45a15931643fa2da0de8b99485309b90a67f97bca5,sha256:edb34de653b4d4b756b3e497b1edc448b941926d02b32f3d93817db66bde9b78,model_input,identity_model_input_v1,-0.168445281626,-0.73870402344700004,2.031448273134,-0.130927079173,-0.39750401667099999,-1.7140696965190001,-0.510393478904,1.8440452559089999,4.9323968970800003,2.4825379779749999,1.359981030962,-0.32326637339800002,-0.34888549929599999,-1.3814467336209999,-1.2104308629760001,-0.249781977539
348,1,0.089150552017317961,0.51756265874741159,true,flipguard_tabular_validation_v2,sha256:0eb6aeae2b31fecf2bfdec45a15931643fa2da0de8b99485309b90a67f97bca5,sha256:edb34de653b4d4b756b3e497b1edc448b941926d02b32f3d93817db66bde9b78,model_input,identity_model_input_v1,-0.168445281626,0.68012598666900004,-0.097413819691000006,-0.381671547931,-0.39750401667099999,0.36387046029100001,-0.042157020314000003,0.2294377276,-0.487975475682,0.045317525577000001,-0.77152147038399999,0.79070091400499998,-0.34888549929599999,0.50874224280699998,0.56547219189300002,-0.249781977539
350,1,0.11078563252354459,0.52182476960713831,true,flipguard_tabular_validation_v2,sha256:0eb6aeae2b31fecf2bfdec45a15931643fa2da0de8b99485309b90a67f97bca5,sha256:edb34de653b4d4b756b3e497b1edc448b941926d02b32f3d93817db66bde9b78,model_input,identity_model_input_v1,-0.168445281626,0.068047280203999999,0.21522168939700001,-0.381671547931,-0.39750401667099999,1.145033846729,0.60511102538399997,2.0202172809330001,0.25563570017300002,-0.259387349805,-0.69688109023900002,1.1105620604299999,-0.34888549929599999,1.766726612572,1.120853493354,-0.249781977539
351,0,-0.062827610839756395,0.48762296066456801,false,flipguard_tabular_validation_v2,sha256:0eb6aeae2b31fecf2bfdec45a15931643fa2da0de8b99485309b90a67f97bca5,sha256:edb34de653b4d4b756b3e497b1edc448b941926d02b32f3d93817db66bde9b78,model_input,identity_model_input_v1,-0.168445281626,0.57577445934899996,2.2527694503600002,0.45889229620200001,-0.39750401667099999,1.84193179498,-0.24873192851500001,-0.29544593458399998,1.418373175146,-0.17107316202299999,-0.072830823333999997,0.89701314475299998,0.15445939495,0.47661802498900002,-0.041861774131999999,-0.249781977539
352,0,-0.15406247076690105,0.46964969325892048,false,flipguard_tabular_validation_v2,sha256:0eb6aeae2b31fecf2bfdec45a15931643fa2da0de8b99485309b90a67f97bca5,sha256:edb34de653b4d4b756b3e497b1edc448b941926d02b32f3d93817db66bde9b78,model_input,identity_model_input_v1,1.638689577496,2.0708950818759999,-0.059495156459999997,-0.381671547931,-0.272681653543,-0.025117021935000001,0.326234899312,-0.59421189454699996,-0.487975475682,-1.2584677585070001,0.57956389172800005,-0.42218297070299998,-0.34888549929599999,1.1518690835300001,1.8174582351070001,-0.22165269767000001
353,0,-0.083512279467188255,0.48354808094496393,false,flipguard_tabular_validation_v2,sha256:0eb6aeae2b31fecf2bfdec45a15931643fa2da0de8b99485309b90a67f97bca5,sha256:edb34de653b4d4b756b3e497b1edc448b941926d02b32f3d93817db66bde9b78,model_input,identity_model_input_v1,-0.168445281626,-0.41863421275899998,0.29492826720900001,-0.381671547931,-0.39750401667099999,1.7312480031990001,-1.039618719915,-0.59421189454699996,-0.487975475682,-1.2028005216590001,-0.19187750559,-0.51093057202299996,-0.34888549929599999,0.36482574698100001,0.96206858898299996,-0.249781977539
356,1,0.16397779040382535,0.53230362470955361,true,flipguard_tabular_validation_v2,sha256:0eb6aeae2b31fecf2bfdec45a15931643fa2da0de8b99485309b90a67f97bca5,sha256:edb34de653b4d4b756b3e497b1edc448b941926d02b32f3d93817db66bde9b78,model_input,identity_model_input_v1,-0.168445281626,-0.21168496530100001,0.486069283904,-0.381671547931,-0.39750401667099999,0.15070167612099999,-1.2516039233309999,0.85875326028700005,-0.487975475682,0.14325837837800001,-1.254321903978,0.60950789464300004,-0.34888549929599999,-0.253244203843,0.201071812278,-0.249781977539
357,1,0.069389624145082388,0.51366975595658126,true,flipguard_tabular_validation_v2,sha256:0eb6aeae2b31fecf2bfdec45a15931643fa2da0de8b99485309b90a67f97bca5,sha256:edb34de653b4d4b756b3e497b1edc448b941926d02b32f3d93817db66bde9b78,model_input,identity_model_input_v1,-0.168445281626,0.040863268884999998,1.321053725256,0.17395539988600001,-0.39750401667099999,-0.19911376456999999,-2.4640018964650001,-0.59421189454699996,-0.45601863176099999,0.15121084078499999,-0.114402680629,0.61967689062800002,-0.34888549929599999,-0.36053909135599999,-0.0096657566560000002,-0.249781977539
358,0,-0.037356933435932452,0.49264068411312129,false,flipguard_tabular_validation_v2,sha256:0eb6aeae2b31fecf2bfdec45a15931643fa2da0de8b99485309b90a67f97bca5,sha256:edb34de653b4d4b756b3e497b1edc448b941926d02b32f3d93817db66bde9b78,model_input,identity_model_input_v1,-0.168445281626,-0.658905796672,0.81186024758300002,-0.381671547931,-0.39750401667099999,-1.1488080273820001,0.23229250058199999,-0.59421189454699996,-0.487975475682,-0.38244124178599997,-0.49988717555399997,-0.51093057202299996,-0.34888549929599999,1.8020632521719999,-0.98213182996500004,-0.249781977539
359,1,0.023939323788734968,0.50471604678638082,true,flipguard_tabular_validation_v2,sha256:0eb6aeae2b31fecf2bfdec45a15931643fa2da0de8b99485309b90a67f97bca5,sha256:edb34de653b4d4b756b3e497b1edc448b941926d02b32f3d93817db66bde9b78,model_input,identity_model_input_v1,-0.168445281626,0.13907647106900001,-0.035505798089,-0.381671547931,-0.32709140157400002,1.696175361359,1.494366820689,-0.59421189454699996,-0.487975475682,0.120656643116,0.52759907010899998,-0.51093057202299996,-0.34888549929599999,1.2379619872830001,1.8438004312239999,-0.249781977539
360,0,-0.018666475322854412,0.49632270436139769,false,flipguard_tabular_validation_v2,sha256:0eb6aeae2b31fecf2bfdec45a15931643fa2da0de8b99485309b90a67f97bca5,sha256:edb34de653b4d4b756b3e497b1edc448b941926d02b32f3d93817db66bde9b78,model_input,identity_model_input_v1,-0.168445281626,-0.043319475842999999,-1.0941329674760001,-0.381671547931,-0.39750401667099999,-0.89054584656000002,-2.2180793867020001,-0.59421189454699996,-0.487975475682,-1.5903784263330001,-1.2401496799,-0.51093057202299996,-0.34888549929599999,-1.3814467336209999,-0.46041000131999998,-0.249781977539
362,0,0.00059069773391779974,0.50011636745358179,true,flipguard_tabular_validation_v2,sha256:0eb6aeae2b31fecf2bfdec45a15931643fa2da0de8b99485309b90a67f97bca5,sha256:edb34de653b4d4b756b3e497b1edc448b941926d02b32f3d93817db66bde9b78,model_input,identity_model_input_v1,-0.168445281626,0.99931889376600003,-0.58184408872299997,-0.381671547931,-0.39750401667099999,0.27140622271300002,-0.67712894052299999,-0.59421189454699996,-0.487975475682,-0.30500937098100001,0.20258273125099999,-0.51093057202299996,-0.34888549929599999,-1.1077483978089999,0.96353204432299999,-0.249781977539
363,1,0.042749583877179836,0.5084216680238044,true,flipguard_tabular_validation_v2,sha256:0eb6aeae2b31fecf2bfdec45a15931643fa2da0de8b99485309b90a67f97bca5,sha256:edb34de653b4d4b756b3e497b1edc448b941926d02b32f3d93817db66bde9b78,model_input,identity_model_input_v1,-0.168445281626,-0.73870402344700004,0.36457479151099997,-0.15087266191500001,-0.39750401667099999,-0.20685707510599999,-0.15036292461,-0.27819197337000001,-0.487975475682,0.25417430142199998,-0.376116418605,-0.49151703423400001,-0.34888549929599999,0.070567911765999997,-0.52992412996100002,-0.249781977539
367,0,-0.17846572171589775,0.46484225282196812,false,flipguard_tabular_validation_v2,sha256:0eb6aeae2b31fecf2bfdec45a15931643fa2da0de8b99485309b90a67f97bca5,sha256:edb34de653b4d4b756b3e497b1edc448b941926d02b32f3d93817db66bde9b78,model_input,identity_model_input_v1,-0.168445281626,-0.73870402344700004,-0.72113713732700002,-0.381671547931,-0.39750401667099999,-1.716802629649,0.56182866366600004,-0.59421189454699996,-0.487975475682,0.040294917740999997,-1.9171095833639999,-0.51093057202299996,-0.34888549929599999,0.137386284828,-1.2104308629760001,-0.249781977539
368,0,-0.044730343661140912,0.49118812229875525,false,flipguard_tabular_validation_v2,sha256:0eb6aeae2b31fecf2bfdec45a15931643fa2da0de8b99485309b90a67f97bca5,sha256:edb34de653b4d4b756b3e497b1edc448b941926d02b32f3d93817db66bde9b78,model_input,identity_model_input_v1,-0.168445281626,0.63365009635000002,-0.58648719034300001,-0.381671547931,0.13379116997599999,-0.71518263735999998,-0.460717131931,-0.59421189454699996,-0.487975475682,-1.0743054711890001,0.38351479198100002,-0.51093057202299996,-0.34888549929599999,-1.197053723344,0.84938252781699997,-0.249781977539
370,1,-0.13645772729856456,0.4731178277221828,false,flipguard_tabular_validation_v2,sha256:0eb6aeae2b31fecf2bfdec45a15931643fa2da0de8b99485309b90a67f97bca5,sha256:edb34de653b4d4b756b3e497b1edc448b941926d02b32f3d93817db66bde9b78,model_input,identity_model_input_v1,9.2384621439619998,2.0016196981930001,-0.114438525631,-0.381671547931,-0.35109570217500002,-1.7997016012710001,-0.330378201757,-0.59421189454699996,-0.487975475682,-0.143867369578,0.82852262803300003,0.63261924915400003,-0.34888549929599999,0.46248336914900001,0.67084097635999995,0.43335767643700002
372,0,-0.12884906088404982,0.47461673500584217,false,flipguard_tabular_validation_v2,sha256:0eb6aeae2b31fecf2bfdec45a15931643fa2da0de8b99485309b90a67f97bca5,sha256:edb34de653b4d4b756b3e497b1edc448b941926d02b32f3d93817db66bde9b78,model_input,identity_model_input_v1,-0.168445281626,-0.73870402344700004,-0.24599307153399999,-0.381671547931,-0.39750401667099999,-1.783759491344,0.25934397665600001,-0.59421189454699996,-0.487975475682,-0.066854049425999998,-1.659647512611,-0.51093057202299996,-0.34888549929599999,0.33655643530099999,-1.2104308629760001,-0.249781977539
373,1,0.24479974398025256,0.54822554956410974,true,flipguard_tabular_validation_v2,sha256:0eb6aeae2b31fecf2bfdec45a15931643fa2da0de8b99485309b90a67f97bca5,sha256:edb34de653b4d4b756b3e497b1edc448b941926d02b32f3d93817db66bde9b78,model_input,identity_model_input_v1,-0.168445281626,-0.31954410698500002,1.7814946359170001,-0.381671547931,-0.39750401667099999,0.76424516389399999,-0.60679510273100001,-0.59421189454699996,-0.487975475682,1.4043514958559999,2.3775467197700002,-0.51093057202299996,-0.34888549929599999,-0.710693065575,-0.88627550520700005,-0.249781977539
376,1,0.0360147268033554,0.50709490118026102,true,flipguard_tabular_validation_v2,sha256:0eb6aeae2b31fecf2bfdec45a15931643fa2da0de8b99485309b90a67f97bca5,sha256:edb34de653b4d4b756b3e497b1edc448b941926d02b32f3d93817db66bde9b78,model_input,identity_model_input_v1,-0.168445281626,0.29253459948100002,0.58125286711699997,-0.381671547931,-0.39750401667099999,-0.12578005890400001,0.648885232122,-0.42984521140600002,-0.29008886524799998,0.20813372959199999,-0.206994544606,-0.51093057202299996,0.39910188544899999,1.444199465676,-0.057959782869999997,-0.249781977539
377,1,0.62600985774537399,0.62332394197583874,true,flipguard_tabular_validation_v2,sha256:0eb6aeae2b31fecf2bfdec45a15931643fa2da0de8b99485309b90a67f97bca5,sha256:edb34de653b4d4b756b3e497b1edc448b941926d02b32f3d93817db66bde9b78,model_input,identity_model_input_v1,3.116617698717,2.6443900303399999,0.96663030158700003,-0.381671547931,-0.39750401667099999,-1.8019790455469999,-0.198563736523,-0.59421189454699996,1.0127670792250001,1.489735829067,0.73356872670999995,1.15493586109,-0.34888549929599999,-1.3692395308500001,-0.46333691199900001,5.2796307511120002
378,0,-0.09957973983931287,0.48038279125165534,false,flipguard_tabular_validation_v2,sha256:0eb6aeae2b31fecf2bfdec45a15931643fa2da0de8b99485309b90a67f97bca5,sha256:edb34de653b4d4b756b3e497b1edc448b941926d02b32f3d93817db66bde9b78,model_input,identity_model_input_v1,-0.168445281626,-0.110841052345,-1.1661010425880001,-0.381671547931,-0.39750401667099999,1.328595855321,0.65183630223900002,-0.37081850199100003,-0.487975475682,-1.419609759911,0.54177129418699999,-0.46748122554299998,-0.34888549929599999,0.87945571643099996,0.388394095775,-0.249781977539
380,0,-0.059175805281526848,0.4883423663595392,false,flipguard_tabular_validation_v2,sha256:0eb6aeae2b31fecf2bfdec45a15931643fa2da0de8b99485309b90a67f97bca5,sha256:edb34de653b4d4b756b3e497b1edc448b941926d02b32f3d93817db66bde9b78,model_input,identity_model_input_v1,-0.168445281626,-0.73870402344700004,-1.1661010425880001,-0.381671547931,-0.39750401667099999,0.270950733858,0.104904640525,-0.59421189454699996,-0.487975475682,-0.33849342322100001,-0.105899346183,-0.51093057202299996,-0.34888549929599999,-1.3814467336209999,1.2598817506360001,-0.249781977539
383,0,-0.052201829437732862,0.4897162396007666,false,flipguard_tabular_validation_v2,sha256:0eb6aeae2b31fecf2bfdec45a15931643fa2da0de8b99485309b90a67f97bca5,sha256:edb34de653b4d4b756b3e497b1edc448b941926d02b32f3d93817db66bde9b78,model_input,identity_model_input_v1,-0.168445281626,-0.73870402344700004,-0.50987601361099999,-0.381671547931,-0.39750401667099999,1.2324877069019999,2.4751057896259998,-0.59421189454699996,-0.487975475682,0.65598292829799998,0.50870277133800001,-0.51093057202299996,-0.34888549929599999,0.68157053466999995,0.10594721519,-0.249781977539
384,0,-0.060438017826710259,0.4880937104881381,false,flipguard_tabular_validation_v2,sha256:0eb6aeae2b31fecf2bfdec45a15931643fa2da0de8b99485309b90a67f97bca5,sha256:edb34de653b4d4b756b3e497b1edc448b941926d02b32f3d93817db66bde9b78,model_input,identity_model_input_v1,-0.168445281626,1.2930815967260001,-1.090263716126,-0.381671547931,0.36423245575099999,1.143667380164,0.13048058154,-0.59421189454699996,-0.487975475682,-1.4200283105639999,-0.55137958970400003,-0.42495633324400001,-0.34888549929599999,-0.64194723944400001,1.9001434618069999,0.224397311691
387,0,-0.18582908439049808,0.4633916703750719,false,flipguard_tabular_validation_v2,sha256:0eb6aeae2b31fecf2bfdec45a15931643fa2da0de8b99485309b90a67f97bca5,sha256:edb34de653b4d4b756b3e497b1edc448b941926d02b32f3d93817db66bde9b78,model_input,identity_model_input_v1,-0.168445281626,-0.73870402344700004,-0.516066815771,-0.381671547931,-0.28868452061099997,-0.47286256646500002,0.913989697647,-0.59421189454699996,-0.487975475682,-1.078072427066,-0.952453531114,-0.51093057202299996,-0.34888549929599999,0.54022397626899998,-1.2104308629760001,-0.249781977539
388,0,-0.12687688150424892,0.47500525434366297,false,flipguard_tabular_validation_v2,sha256:0eb6aeae2b31fecf2bfdec45a15931643fa2da0de8b99485309b90a67f97bca5,sha256:edb34de653b4d4b756b3e497b1edc448b941926d02b32f3d93817db66bde9b78,model_input,identity_model_input_v1,-0.168445281626,-0.73870402344700004,-0.77066355460799996,1.800945077852,-0.39750401667099999,-1.7728277588229999,0.13835010185300001,-0.42076417918800002,-0.487975475682,0.095125053283,-1.8330210538330001,-0.51093057202299996,-0.34888549929599999,0.29800737391900001,-1.2104308629760001,-0.249781977539
389,0,-0.047908958314977344,0.49056193521194946,false,flipguard_tabular_validation_v2,sha256:0eb6aeae2b31fecf2bfdec45a15931643fa2da0de8b99485309b90a67f97bca5,sha256:edb34de653b4d4b756b3e497b1edc448b941926d02b32f3d93817db66bde9b78,model_input,identity_model_input_v1,-0.168445281626,0.18555236138799999,-1.1661010425880001,-0.381671547931,0.0057682334349999998,1.1878497991050001,-0.46120897695099999,-0.59421189454699996,-0.487975475682,-0.57916004869399995,1.0321302472889999,-0.51093057202299996,-0.34888549929599999,-1.3814467336209999,1.289150857433,-0.249781977539
390,1,-0.034050560977034017,0.49329203948752431,false,flipguard_tabular_validation_v2,sha256:0eb6aeae2b31fecf2bfdec45a15931643fa2da0de8b99485309b90a67f97bca5,sha256:edb34de653b4d4b756b3e497b1edc448b941926d02b32f3d93817db66bde9b78,model_input,identity_model_input_v1,-0.168445281626,0.032094232976000003,-1.1661010425880001,-0.381671547931,1.005947425165,-1.1059920750059999,-0.91518192997400005,-0.40714263086199998,-0.21388408359,-0.46154731520199999,-0.98599446143199998,-0.51093057202299996,-0.34888549929599999,-1.3814467336209999,-0.21820814257999999,-0.249781977539
391,0,-0.013797080532663313,0.49728197513506534,false,flipguard_tabular_validation_v2,sha256:0eb6aeae2b31fecf2bfdec45a15931643fa2da0de8b99485309b90a67f97bca5,sha256:edb34de653b4d4b756b3e497b1edc448b941926d02b32f3d93817db66bde9b78,model_input,identity_model_input_v1,-0.168445281626,-0.50807837903300002,-0.94323216482200001,-0.381671547931,-0.39750401667099999,0.28097148866900001,-0.384972998924,-0.59421189454699996,-0.487975475682,-0.10536070950199999,-0.28163492475099999,-0.51093057202299996,-0.34888549929599999,-1.3814467336209999,0.62840077150499996,-0.249781977539
393,1,0.19500474277054958,0.53841593432579826,true,flipguard_tabular_validation_v2,sha256:0eb6aeae2b31fecf2bfdec45a15931643fa2da0de8b99485309b90a67f97bca5,sha256:edb34de653b4d4b756b3e497b1edc448b941926d02b32f3d93817db66bde9b78,model_input,identity_model_input_v1,-0.168445281626,0.078570123295000002,1.8464980585990001,-0.381671547931,-0.39750401667099999,1.0776214961799999,0.39017475185099998,-0.21553285106799999,-0.487975475682,1.2453022477169999,1.197000454064,-0.51093057202299996,-0.34888549929599999,0.57491813151299997,-0.59358443724300003,-0.249781977539
394,1,0.48401350136227117,0.59535065976836743,true,flipguard_tabular_validation_v2,sha256:0eb6aeae2b31fecf2bfdec45a15931643fa2da0de8b99485309b90a67f97bca5,sha256:edb34de653b4d4b756b3e497b1edc448b941926d02b32f3d93817db66bde9b78,model_input,identity_model_input_v1,-0.168445281626,2.9846286236189998,2.521295494056,-0.381671547931,-0.39750401667099999,-1.54781626442,0.66954272294200001,-0.39987780508800003,0.973435579015,2.0125055946599999,-0.56224496149699998,0.41814587929699998,1.94288035998,0.89423285662700003,1.2335395545200001,4.9661902039930004
395,1,-0.022446647190620748,0.49557801050344769,false,flipguard_tabular_validation_v2,sha256:0eb6aeae2b31fecf2bfdec45a15931643fa2da0de8b99485309b90a67f97bca5,sha256:edb34de653b4d4b756b3e497b1edc448b941926d02b32f3d93817db66bde9b78,model_input,identity_model_input_v1,-0.168445281626,-0.15556313548199999,0.36070554016099998,-0.381671547931,-0.39750401667099999,-0.469218655624,-1.301772115323,-0.59421189454699996,-0.487975475682,-0.90562955803099998,-1.1853504134640001,-0.51093057202299996,-0.34888549929599999,0.230546516501,0.032774448199000002,-0.249781977539
396,1,0.072104109131565411,0.51420450949891838,true,flipguard_tabular_validation_v2,sha256:0eb6aeae2b31fecf2bfdec45a15931643fa2da0de8b99485309b90a67f97bca5,sha256:edb34de653b4d4b756b3e497b1edc448b941926d02b32f3d93817db66bde9b78,model_input,identity_model_input_v1,-0.168445281626,-0.27394512025700002,0.99371506103700002,0.13691360336399999,-0.39750401667099999,0.43902612137699998,-0.143968939356,0.095946553998999998,-0.487975475682,-0.078573467709999997,-0.54712792248099995,-0.51093057202299996,-0.34888549929599999,-0.0058877266420000003,0.58742402198999999,-0.249781977539
398,0,-0.021615538989991759,0.4957417388189716,false,flipguard_tabular_validation_v2,sha256:0eb6aeae2b31fecf2bfdec45a15931643fa2da0de8b99485309b90a67f97bca5,sha256:edb34de653b4d4b756b3e497b1edc448b941926d02b32f3d93817db66bde9b78,model_input,identity_model_input_v1,-0.168445281626,-0.73870402344700004,-1.1661010425880001,-0.381671547931,-0.39750401667099999,0.25910802362599999,-0.386448533983,1.1793136975730001,1.457704675357,-0.46615137238499998,-0.19234991305900001,-0.51093057202299996,-0.31232972485400001,-0.22047750166800001,-0.76041834598199998,-0.249781977539
399,0,-0.031243102898226453,0.49384510872904941,false,flipguard_tabular_validation_v2,sha256:0eb6aeae2b31fecf2bfdec45a15931643fa2da0de8b99485309b90a67f97bca5,sha256:edb34de653b4d4b756b3e497b1edc448b941926d02b32f3d93817db66bde9b78,model_input,identity_model_input_v1,-0.168445281626,-0.68872051876399998,-0.541603874682,-0.381671547931,1.0363528725940001,1.283502458669,0.84660692997200004,-0.59421189454699996,0.228595293778,0.23617662334299999,1.268333981924,-0.51093057202299996,-0.34888549929599999,-1.3814467336209999,1.8818502700590001,-0.249781977539
400,1,0.054253832447961767,0.51068800499224842,true,flipguard_tabular_validation_v2,sha256:0eb6aeae2b31fecf2bfdec45a15931643fa2da0de8b99485309b90a67f97bca5,sha256:edb34de653b4d4b756b3e497b1edc448b941926d02b32f3d93817db66bde9b78,model_input,identity_model_input_v1,-0.168445281626,-0.70976620494599996,-0.84031007890999998,1.3735397333770001,-0.39750401667099999,0.87675091109500003,1.7737347917799999,2.8502236256320002,-0.487975475682,2.1962493313250002,-1.0885068822640001,-0.51093057202299996,-0.34888549929599999,1.687058552383,-1.1226235425869999,-0.249781977539
402,1,0.11400249818122433,0.52245849214170115,true,flipguard_tabular_validation_v2,sha256:0eb6aeae2b31fecf2bfdec45a15931643fa2da0de8b99485309b90a67f97bca5,sha256:edb34de653b4d4b756b3e497b1edc448b941926d02b32f3d93817db66bde9b78,model_input,identity_model_input_v1,-0.168445281626,1.1098087462220001,0.30730987153,-0.381671547931,-0.39750401667099999,-1.283177239627,-0.57285779638300005,-0.20009509629800001,0.48670826390999999,0.38476210515699999,0.80017817987700002,-0.31587073995499998,-0.34888549929599999,0.54536385111999997,-0.29064918190099998,-0.249781977539
403,1,-0.034003456725787237,0.49330131902501989,false,flipguard_tabular_validation_v2,sha256:0eb6aeae2b31fecf2bfdec45a15931643fa2da0de8b99485309b90a67f97bca5,sha256:edb34de653b4d4b756b3e497b1edc448b941926d02b32f3d93817db66bde9b78,model_input,identity_model_input_v1,-0.168445281626,-0.73870402344700004,-0.94632756590199996,-0.381671547931,-0.39750401667099999,-0.34350373162600001,-0.094784437402999994,-0.59421189454699996,-0.487975475682,-0.113313171909,-0.39028864268300001,-0.51093057202299996,-0.34888549929599999,-1.3814467336209999,0.57644810694100002,-0.249781977539
404,0,0.2380653509647041,0.54689887414004668,true,flipguard_tabular_validation_v2,sha256:0eb6aeae2b31fecf2bfdec45a15931643fa2da0de8b99485309b90a67f97bca5,sha256:edb34de653b4d4b756b3e497b1edc448b941926d02b32f3d93817db66bde9b78,model_input,identity_model_input_v1,-0.168445281626,-0.47212533180600003,-0.55862858062200005,-0.381671547931,0.072980275119000002,1.006565234789,-0.46219266699,-0.59421189454699996,0.34536068502799999,0.42326876523200002,0.76144076739699995,1.314866434302,-0.34888549929599999,-1.1315203189950001,-1.1094524445289999,5.548868144149
408,1,0.27788618457535202,0.55474357836134436,true,flipguard_tabular_validation_v2,sha256:0eb6aeae2b31fecf2bfdec45a15931643fa2da0de8b99485309b90a67f97bca5,sha256:edb34de653b4d4b756b3e497b1edc448b941926d02b32f3d93817db66bde9b78,model_input,identity_model_input_v1,-0.168445281626,-0.30551364952999999,1.948646294242,-0.29334111007300001,-0.39750401667099999,-0.23509738412,0.36164774071799999,2.4315880403949999,0.244573715739,0.90167216160700003,-0.31895511482299999,-0.51093057202299996,3.1885886736720002,1.1814233639230001,-1.0479873202559999,-0.249781977539
409,1,0.38203825921265289,0.57526153706489258,true,flipguard_tabular_validation_v2,sha256:0eb6aeae2b31fecf2bfdec45a15931643fa2da0de8b99485309b90a67f97bca5,sha256:edb34de653b4d4b756b3e497b1edc448b941926d02b32f3d93817db66bde9b78,model_input,identity_model_input_v1,-0.168445281626,1.7595943070969999,-1.1661010425880001,-0.381671547931,0.87792448862399997,1.658369786388,1.716188924496,1.585235837705,0.39083773214700002,2.6662817146400002,1.258413425069,2.1579686468429999,-0.34888549929599999,-1.0248679158380001,-0.80578546151700003,-0.249781977539
412,0,-0.088169001000944019,0.482630706802814,false,flipguard_tabular_validation_v2,sha256:0eb6aeae2b31fecf2bfdec45a15931643fa2da0de8b99485309b90a67f97bca5,sha256:edb34de653b4d4b756b3e497b1edc448b941926d02b32f3d93817db66bde9b78,model_input,identity_model_input_v1,-0.168445281626,1.0773633133580001,-0.266113178555,-0.381671547931,-0.39750401667099999,1.174640622309,1.657167522153,-0.59421189454699996,-0.487975475682,-1.0244979434820001,1.349588066638,-0.51093057202299996,-0.34888549929599999,2.366807001418,0.63718150354400005,-0.249781977539
413,1,0.11447503118725319,0.52255158114388889,true,flipguard_tabular_validation_v2,sha256:0eb6aeae2b31fecf2bfdec45a15931643fa2da0de8b99485309b90a67f97bca5,sha256:edb34de653b4d4b756b3e497b1edc448b941926d02b32f3d93817db66bde9b78,model_input,identity_model_input_v1,-0.168445281626,-0.47650984975999999,0.98907195941699999,-0.381671547931,-0.39750401667099999,0.00039035394900000002,-0.25119115361299998,-0.59421189454699996,-0.487975475682,0.78531508007399997,0.24793384830099999,-0.51093057202299996,-0.34888549929599999,-0.139524472766,-0.94408199112900004,-0.249781977539
417,0,-0.14621557091032467,0.47119553253066604,false,flipguard_tabular_validation_v2,sha256:0eb6aeae2b31fecf2bfdec45a15931643fa2da0de8b99485309b90a67f97bca5,sha256:edb34de653b4d4b756b3e497b1edc448b941926d02b32f3d93817db66bde9b78,model_input,identity_model_input_v1,-0.168445281626,-0.73870402344700004,-0.56868863413299997,-0.381671547931,3.6000121768389999,0.44494747649299998,2.0732684086719999,-0.59421189454699996,-0.487975475682,-1.5694508936839999,0.91639041731799997,-0.51093057202299996,-0.34888549929599999,-0.79036112576499995,2.0355130807399999,-0.249781977539
418,1,-0.068378627575542833,0.48652941036761804,false,flipguard_tabular_validation_v2,sha256:0eb6aeae2b31fecf2bfdec45a15931643fa2da0de8b99485309b90a67f97bca5,sha256:edb34de653b4d4b756b3e497b1edc448b941926d02b32f3d93817db66bde9b78,model_input,identity_model_input_v1,-0.168445281626,-0.73870402344700004,-0.70875553300600003,-0.18506508947299999,-0.39750401667099999,0.087388725266,0.57560032421200003,-0.55062293990199995,-0.487975475682,0.28556560039599999,-0.96379131037700005,-0.51093057202299996,-0.34888549929599999,0.381530340247,-1.2104308629760001,-0.249781977539
419,1,0.28192898032602515,0.55554000912422696,true,flipguard_tabular_validation_v2,sha256:0eb6aeae2b31fecf2bfdec45a15931643fa2da0de8b99485309b90a67f97bca5,sha256:edb34de653b4d4b756b3e497b1edc448b941926d02b32f3d93817db66bde9b78,model_input,identity_model_input_v1,-0.168445281626,0.098738905885999997,1.8689397164299999,0.30502637219099998,-0.39750401667099999,-0.238285806106,0.96612526971699997,-0.42530469529699999,1.694922786002,2.3515316235869999,0.88048744965299997,0.90533323237700003,1.26800452412,-0.87131415466700002,-1.0070105707420001,-0.249781977539
420,0,-0.23789143307755234,0.45313538768372219,false,flipguard_tabular_validation_v2,sha256:0eb6aeae2b31fecf2bfdec45a15931643fa2da0de8b99485309b90a67f97bca5,sha256:edb34de653b4d4b756b3e497b1edc448b941926d02b32f3d93817db66bde9b78,model_input,identity_model_input_v1,-0.168445281626,1.5771983601849999,0.51934484551500004,-0.381671547931,-0.39750401667099999,0.049127661441000003,-0.24479716835900001,-0.58785517199399995,-0.487975475682,-1.6925047856640001,-0.155502130456,0.17316552148600001,4.9910695519499999,0.767663438423,0.397906555484,-0.249781977539
423,0,0.025545078115384839,0.50503238038873077,true,flipguard_tabular_validation_v2,sha256:0eb6aeae2b31fecf2bfdec45a15931643fa2da0de8b99485309b90a67f97bca5,sha256:edb34de653b4d4b756b3e497b1edc448b941926d02b32f3d93817db66bde9b78,model_input,identity_model_input_v1,-0.168445281626,-0.49404792157900002,1.330339928496,-0.381671547931,-0.39750401667099999,-1.3369249245249999,0.62429298114599996,-0.59421189454699996,-0.487975475682,0.63254409173000004,0.13786290796100001,-0.51093057202299996,-0.34888549929599999,-0.051504115943999999,-1.037743132878,-0.249781977539
426,1,0.011311610217727405,0.50222838721289231,true,flipguard_tabular_validation_v2,sha256:0eb6aeae2b31fecf2bfdec45a15931643fa2da0de8b99485309b90a67f97bca5,sha256:edb34de653b4d4b756b3e497b1edc448b941926d02b32f3d93817db66bde9b78,model_input,identity_model_input_v1,-0.168445281626,0.18467545779700001,0.508510941735,-0.381671547931,-0.39750401667099999,-1.769639336837,-1.2884922997949999,-0.59421189454699996,0.325694934923,-0.53856063535300003,-0.13424379433899999,-0.51093057202299996,1.1695851313900001,-1.220183160173,-0.55187596005799999,-0.249781977539
427,0,0.070197035144652517,0.5138288159234965,true,flipguard_tabular_validation_v2,sha256:0eb6aeae2b31fecf2bfdec45a15931643fa2da0de8b99485309b90a67f97bca5,sha256:edb34de653b4d4b756b3e497b1edc448b941926d02b32f3d93817db66bde9b78,model_input,identity_model_input_v1,-0.168445281626,-0.51158599339699995,0.50773709146500001,-0.381671547931,-0.39750401667099999,-0.144910590817,-0.89747550927099995,-0.59421189454699996,-0.487975475682,0.14744388490800001,0.0013371493420000001,-0.51093057202299996,-0.34888549929599999,-1.3814467336209999,0.20985254431700001,-0.249781977539
429,1,0.06528921933531194,0.51286197620905649,true,flipguard_tabular_validation_v2,sha256:0eb6aeae2b31fecf2bfdec45a15931643fa2da0de8b99485309b90a67f97bca5,sha256:edb34de653b4d4b756b3e497b1edc448b941926d02b32f3d93817db66bde9b78,model_input,identity_model_input_v1,-0.168445281626,0.76430873139800004,0.391659550962,-0.381671547931,0.044175114396999997,1.4843730437530001,0.61691530585300003,0.24305927592599999,0.87633593786999997,0.38936616233999999,-0.48240809919099997,0.98298738353199999,-0.34888549929599999,1.6350173195169999,2.4606468569570001,-0.15735720082499999
432,0,-0.14623707099824126,0.47119129701334644,false,flipguard_tabular_validation_v2,sha256:0eb6aeae2b31fecf2bfdec45a15931643fa2da0de8b99485309b90a67f97bca5,sha256:edb34de653b4d4b756b3e497b1edc448b941926d02b32f3d93817db66bde9b78,model_input,identity_model_input_v1,-0.168445281626,0.89672117362799997,-0.98115082805300002,-0.381671547931,-0.39750401667099999,-1.1674830704400001,0.80234087821400002,-0.59421189454699996,-0.487975475682,-1.1412735756679999,-0.69735349770900001,-0.51093057202299996,-0.34888549929599999,0.54279391369499996,0.17838825451099999,-0.249781977539
433,0,-0.10887097653155632,0.47855241762328338,false,flipguard_tabular_validation_v2,sha256:0eb6aeae2b31fecf2bfdec45a15931643fa2da0de8b99485309b90a67f97bca5,sha256:edb34de653b4d4b756b3e497b1edc448b941926d02b32f3d93817db66bde9b78,model_input,identity_model_input_v1,2.8364417515659999,-0.70538168699100001,-1.1661010425880001,-0.381671547931,1.537242611813,0.37480219281299998,1.132860731337,-0.22370578006399999,-0.487975475682,-1.649394068406,0.88615633928399995,-0.51093057202299996,-0.34888549929599999,-0.16136894088199999,0.60937585208699996,-0.249781977539
436,1,0.39244723173337842,0.57731210465147553,true,flipguard_tabular_validation_v2,sha256:0eb6aeae2b31fecf2bfdec45a15931643fa2da0de8b99485309b90a67f97bca5,sha256:edb34de653b4d4b756b3e497b1edc448b941926d02b32f3d93817db66bde9b78,model_input,identity_model_input_v1,-0.168445281626,1.7815168968699999,2.1924091292979999,-0.26769678940500002,-0.32869168828000001,0.070991126483999994,1.75356914598,0.057806218685000001,2.9498434645930001,2.5444834746180001,2.7960997375429999,-0.033912214927000001,0.99805418977500004,-0.11575255158,0.55303282150400002,2.0728928459780001
437,0,-0.1653920808179567,0.46741776007886254,false,flipguard_tabular_validation_v2,sha256:0eb6aeae2b31fecf2bfdec45a15931643fa2da0de8b99485309b90a67f97bca5,sha256:edb34de653b4d4b756b3e497b1edc448b941926d02b32f3d93817db66bde9b78,model_input,identity_model_input_v1,-0.168445281626,-0.73870402344700004,-0.20265745641300001,-0.381671547931,-0.39750401667099999,-1.7213575182,0.60461918036399998,-0.59421189454699996,-0.487975475682,-0.545257445801,-1.0823655851639999,-0.51093057202299996,-0.34888549929599999,0.283872718079,-1.164332019772,-0.249781977539
438,1,0.018027252273029124,0.50355136869778672,true,flipguard_tabular_validation_v2,sha256:0eb6aeae2b31fecf2bfdec45a15931643fa2da0de8b99485309b90a67f97bca5,sha256:edb34de653b4d4b756b3e497b1edc448b941926d02b32f3d93817db66bde9b78,model_input,identity_model_input_v1,-0.168445281626,-0.110841052345,0.60059912386699998,-0.381671547931,-0.39750401667099999,-0.64959224223000001,-0.70663964169500004,-0.59421189454699996,-0.487975475682,-0.26985111613000001,-0.61137533830099999,-0.51093057202299996,-0.34888549929599999,0.084702567606000007,-0.071862608598000005,-0.249781977539
441,0,-0.045549340683345978,0.49102677988538085,false,flipguard_tabular_validation_v2,sha256:0eb6aeae2b31fecf2bfdec45a15931643fa2da0de8b99485309b90a67f97bca5,sha256:edb34de653b4d4b756b3e497b1edc448b941926d02b32f3d93817db66bde9b78,model_input,identity_model_input_v1,-0.168445281626,-0.119610088254,0.89001912485500001,-0.381671547931,-0.39750401667099999,0.94006386195000002,0.26819718700799999,-0.59421189454699996,-0.487975475682,-0.786342621927,0.58050870666700005,-0.51093057202299996,-0.34888549929599999,1.476966167851,0.68108516373799999,-0.249781977539
443,1,0.010642844862244091,0.50209664043786206,true,flipguard_tabular_validation_v2,sha256:0eb6aeae2b31fecf2bfdec45a15931643fa2da0de8b99485309b90a67f97bca5,sha256:edb34de653b4d4b756b3e497b1edc448b941926d02b32f3d93817db66bde9b78,model_input,identity_model_input_v1,-0.168445281626,1.3632338839989999,-0.098961520230999994,-0.381671547931,-0.39750401667099999,-0.236463850685,0.12998873652099999,-0.59421189454699996,-0.487975475682,-0.332633714079,1.6268912511,-0.51093057202299996,-0.34888549929599999,0.11232939493000001,-0.30747891830899998,-0.249781977539
448,1,0.21103451227936187,0.54157379891903434,true,flipguard_tabular_validation_v2,sha256:0eb6aeae2b31fecf2bfdec45a15931643fa2da0de8b99485309b90a67f97bca5,sha256:edb34de653b4d4b756b3e497b1edc448b941926d02b32f3d93817db66bde9b78,model_input,identity_model_input_v1,-0.168445281626,-0.73870402344700004,1.5377318008609999,1.3307991989300001,-0.39750401667099999,-0.43596796920399999,0.14769515722400001,-0.59421189454699996,-0.487975475682,2.1401635438239999,1.3514776965149999,-0.51093057202299996,-0.34888549929599999,0.063500583846000005,-0.54236350034900005,-0.249781977539
449,0,-0.13071030857412802,0.4742500692108968,false,flipguard_tabular_validation_v2,sha256:0eb6aeae2b31fecf2bfdec45a15931643fa2da0de8b99485309b90a67f97bca5,sha256:edb34de653b4d4b756b3e497b1edc448b941926d02b32f3d93817db66bde9b78,model_input,identity_model_input_v1,-0.168445281626,-0.73870402344700004,-1.1661010425880001,-0.381671547931,3.007906095334,1.452033335044,-0.87485063837300003,0.52457127467599995,-0.487975475682,-1.6925047856640001,-0.94111575185200003,1.3315066095500001,-0.34888549929599999,-1.3814467336209999,2.612114484628,-0.249781977539
451,0,-0.11358015639397685,0.47762470919038658,false,flipguard_tabular_validation_v2,sha256:0eb6aeae2b31fecf2bfdec45a15931643fa2da0de8b99485309b90a67f97bca5,sha256:edb34de653b4d4b756b3e497b1edc448b941926d02b32f3d93817db66bde9b78,model_input,identity_model_input_v1,-0.168445281626,-0.73870402344700004,-1.1661010425880001,-0.381671547931,-0.39750401667099999,0.32105450791500001,2.2670553463659999,-0.25821370249100001,1.8116881772519999,0.29895922129199998,1.401080480789,-0.51093057202299996,2.8567747210409999,0.237613844421,-1.089695797441,-0.249781977539
452,0,-0.053962580742007188,0.4893693715938246,false,flipguard_tabular_validation_v2,sha256:0eb6aeae2b31fecf2bfdec45a15931643fa2da0de8b99485309b90a67f97bca5,sha256:edb34de653b4d4b756b3e497b1edc448b941926d02b32f3d93817db66bde9b78,model_input,identity_model_input_v1,-0.168445281626,-0.66241341103600004,1.666964795955,-0.14802329295200001,-0.39750401667099999,0.57066240049100003,2.737751030054,-0.098387535459999995,1.7158176454880001,-0.100756652319,0.76663724955900003,-0.51093057202299996,5.9583915833500001,1.6896284898080001,-1.0238403071490001,-0.249781977539
456,0,-0.12766979727845679,0.47484904993614402,false,flipguard_tabular_validation_v2,sha256:0eb6aeae2b31fecf2bfdec45a15931643fa2da0de8b99485309b90a67f97bca5,sha256:edb34de653b4d4b756b3e497b1edc448b941926d02b32f3d93817db66bde9b78,model_input,identity_model_input_v1,-0.168445281626,-0.73870402344700004,-1.1661010425880001,-0.381671547931,-0.39750401667099999,1.1072282717590001,0.38574814667500001,-0.59421189454699996,-0.487975475682,-1.681622468687,-0.65956090016699997,-0.51093057202299996,-0.34888549929599999,-0.092623114751000005,-0.13844982655999999,-0.249781977539
458,1,-0.012281994540646449,0.49758044707549265,false,flipguard_tabular_validation_v2,sha256:0eb6aeae2b31fecf2bfdec45a15931643fa2da0de8b99485309b90a67f97bca5,sha256:edb34de653b4d4b756b3e497b1edc448b941926d02b32f3d93817db66bde9b78,model_input,identity_model_input_v1,-0.168445281626,-0.73870402344700004,0.95347484699600005,-0.381671547931,-0.39750401667099999,-1.037668746746,-0.12577067363300001,-0.59421189454699996,-0.487975475682,-0.068528252038000004,-0.88489926300900001,-0.51093057202299996,-0.34888549929599999,0.23375893828300001,-0.98359528530399998,-0.249781977539
460,0,-0.055586494402041088,0.48904946060279791,false,flipguard_tabular_validation_v2,sha256:0eb6aeae2b31fecf2bfdec45a15931643fa2da0de8b99485309b90a67f97bca5,sha256:edb34de653b4d4b756b3e497b1edc448b941926d02b32f3d93817db66bde9b78,model_input,identity_model_input_v1,-0.168445281626,-0.73870402344700004,-0.17557269696300001,-0.381671547931,-0.39750401667099999,-1.5573815303759999,-0.99486082313799995,-0.59421189454699996,-0.487975475682,-0.85665913163100005,-1.3695893264800001,-0.51093057202299996,-0.34888549929599999,-0.56420663232400003,-0.68870903433099995,-0.249781977539
462,0,-0.0091865416718818343,0.49819025129063926,false,flipguard_tabular_validation_v2,sha256:0eb6aeae2b31fecf2bfdec45a15931643fa2da0de8b99485309b90a67f97bca5,sha256:edb34de653b4d4b756b3e497b1edc448b941926d02b32f3d93817db66bde9b78,model_input,identity_model_input_v1,-0.168445281626,-0.73870402344700004,-1.1661010425880001,0.974628078535,-0.39750401667099999,-0.35580193071299998,-1.2432425579990001,1.0449144207509999,-0.487975475682,-0.70974785242899996,-1.0951205868339999,-0.51093057202299996,-0.34888549929599999,0.55885602260400002,-1.035547949868,-0.249781977539
464,1,0.058906320216229394,0.51160454508259723,true,flipguard_tabular_validation_v2,sha256:0eb6aeae2b31fecf2bfdec45a15931643fa2da0de8b99485309b90a67f97bca5,sha256:edb34de653b4d4b756b3e497b1edc448b941926d02b32f3d93817db66bde9b78,model_input,identity_model_input_v1,-0.168445281626,-0.73870402344700004,-0.297841039626,-0.381671547931,-0.39750401667099999,-0.58582380252099997,-0.67171864530799996,-0.59421189454699996,-0.487975475682,0.14535113164300001,0.48744443522100001,-0.51093057202299996,-0.34888549929599999,-1.1732818021589999,-0.36309022122200002,-0.249781977539
466,0,-0.068807435564366304,0.48644493519381982,false,flipguard_tabular_validation_v2,sha256:0eb6aeae2b31fecf2bfdec45a15931643fa2da0de8b99485309b90a67f97bca5,sha256:edb34de653b4d4b756b3e497b1edc448b941926d02b32f3d93817db66bde9b78,model_input,identity_model_input_v1,-0.168445281626,-0.73870402344700004,0.096048747813999996,-0.381671547931,-0.39750401667099999,-1.559658974652,0.089657444919999996,-0.59421189454699996,-0.487975475682,-0.51344759617400004,-0.744121837166,-0.51093057202299996,-0.34888549929599999,-0.82826770278999995,-0.027958948402999999,-0.249781977539
468,1,0.069500967400784999,0.51369169057795461,true,flipguard_tabular_validation_v2,sha256:0eb6aeae2b31fecf2bfdec45a15931643fa2da0de8b99485309b90a67f97bca5,sha256:edb34de653b4d4b756b3e497b1edc448b941926d02b32f3d93817db66bde9b78,model_input,identity_model_input_v1,-0.168445281626,-0.18362405039099999,0.356062438541,-0.381671547931,-0.39750401667099999,0.71596334525700001,0.66167320262999996,-0.59421189454699996,-0.487975475682,0.66560959331699998,0.17990717272599999,-0.51093057202299996,-0.34888549929599999,0.68092805031299997,0.56839910257199999,-0.249781977539
469,1,0.063533977012779047,0.51251619347151744,true,flipguard_tabular_validation_v2,sha256:0eb6aeae2b31fecf2bfdec45a15931643fa2da0de8b99485309b90a67f97bca5,sha256:edb34de653b4d4b756b3e497b1edc448b941926d02b32f3d93817db66bde9b78,model_input,identity_model_input_v1,-0.168445281626,-0.57559995553499999,-0.317961146646,-0.381671547931,-0.39750401667099999,-0.47377354417500001,-1.255046838468,-0.59421189454699996,-0.487975475682,0.10307751569,-0.35958215717999997,-0.51093057202299996,-0.34888549929599999,-1.3814467336209999,-0.409189064426,-0.249781977539
472,0,-0.025696720368016832,0.49493774608750069,false,flipguard_tabular_validation_v2,sha256:0eb6aeae2b31fecf2bfdec45a15931643fa2da0de8b99485309b90a67f97bca5,sha256:edb34de653b4d4b756b3e497b1edc448b941926d02b32f3d93817db66bde9b78,model_input,identity_model_input_v1,-0.168445281626,-0.73870402344700004,-0.51916221685099995,-0.381671547931,-0.39750401667099999,0.61028993088200001,0.21261869980100001,-0.59421189454699996,-0.487975475682,-0.065598397466999997,0.521457773008,-0.51093057202299996,-0.34888549929599999,-1.3814467336209999,1.2942729511219999,-0.249781977539
473,1,0.14539898595707612,0.52864360023354395,true,flipguard_tabular_validation_v2,sha256:0eb6aeae2b31fecf2bfdec45a15931643fa2da0de8b99485309b90a67f97bca5,sha256:edb34de653b4d4b756b3e497b1edc448b941926d02b32f3d93817db66bde9b78,model_input,identity_model_input_v1,-0.168445281626,0.37934805498200003,0.95579639780600001,-0.381671547931,-0.39750401667099999,-1.8019790455469999,-0.080029086816999995,-0.59421189454699996,0.60961920206800002,0.84265651953499998,0.72789983707899997,0.13803626262999999,0.54813696586799998,-0.60275569370600002,-1.2104308629760001,-0.249781977539
479,1,0.1222841095604513,0.52408996958340892,true,flipguard_tabular_validation_v2,sha256:0eb6aeae2b31fecf2bfdec45a15931643fa2da0de8b99485309b90a67f97bca5,sha256:edb34de653b4d4b756b3e497b1edc448b941926d02b32f3d93817db66bde9b78,model_input,identity_model_input_v1,-0.168445281626,-0.56156949808000001,1.191046879892,-0.381671547931,-0.39750401667099999,0.029086151817999999,-0.964366431927,-0.59421189454699996,-0.487975475682,0.62668438258900006,0.037712524476000001,-0.51093057202299996,-0.34888549929599999,-0.33548220145699997,-0.123083545492,-0.249781977539
482,1,0.041757956357056189,0.50822631740234003,true,flipguard_tabular_validation_v2,sha256:0eb6aeae2b31fecf2bfdec45a15931643fa2da0de8b99485309b90a67f97bca5,sha256:edb34de653b4d4b756b3e497b1edc448b941926d02b32f3d93817db66bde9b78,model_input,identity_model_input_v1,-0.168445281626,-0.36514309371300002,-0.71958943678700005,-0.381671547931,-0.39750401667099999,-0.107105015847,-0.377103478612,-0.59421189454699996,-0.487975475682,-0.02123202825,0.62727704612400004,-0.48689476333199999,-0.34888549929599999,-0.32327499868699999,-1.136526368315,-0.249781977539
483,0,-0.039754945287991249,0.49216827577826572,false,flipguard_tabular_validation_v2,sha256:0eb6aeae2b31fecf2bfdec45a15931643fa2da0de8b99485309b90a67f97bca5,sha256:edb34de653b4d4b756b3e497b1edc448b941926d02b32f3d93817db66bde9b78,model_input,identity_model_input_v1,-0.168445281626,-0.73870402344700004,0.71125971247999997,1.6299829400620001,-0.39750401667099999,-0.52706574021700003,-1.2948862850489999,-0.59421189454699996,-0.487975475682,-0.59673917612000005,-0.83387925632799997,-0.51093057202299996,-0.34888549929599999,-0.15173167553700001,-0.24601379403599999,-0.249781977539
484,0,-0.5621205850424843,0.38926224474663057,false,flipguard_tabular_validation_v2,sha256:0eb6aeae2b31fecf2bfdec45a15931643fa2da0de8b99485309b90a67f97bca5,sha256:edb34de653b4d4b756b3e497b1edc448b941926d02b32f3d93817db66bde9b78,model_input,identity_model_input_v1,-0.168445281626,0.156614542887,1.9424554920820001,5.6134007505649999,-0.39750401667099999,0.75376892022800002,-1.6480310090700001,-0.41985607596699998,0.13887030892300001,-0.62478206987100005,1.18046619264,-0.51093057202299996,3.05642548915,1.117817412642,-0.090155800346000001,-0.249781977539
485,1,0.0056824873071858982,0.50111944999951563,true,flipguard_tabular_validation_v2,sha256:0eb6aeae2b31fecf2bfdec45a15931643fa2da0de8b99485309b90a67f97bca5,sha256:edb34de653b4d4b756b3e497b1edc448b941926d02b32f3d93817db66bde9b78,model_input,identity_model_input_v1,-0.168445281626,-0.53964690830700002,-0.85810863512000002,-0.381671547931,-0.39750401667099999,-0.38130930659599999,-0.73467480780799999,-0.59421189454699996,-0.487975475682,-0.32761110624299999,0.038184931945,-0.51093057202299996,-0.34888549929599999,-1.3814467336209999,-0.0082023013160000009,-0.249781977539
486,1,0.28858862570058458,0.55685195926301512,true,flipguard_tabular_validation_v2,sha256:0eb6aeae2b31fecf2bfdec45a15931643fa2da0de8b99485309b90a67f97bca5,sha256:edb34de653b4d4b756b3e497b1edc448b941926d02b32f3d93817db66bde9b78,model_input,identity_model_input_v1,-0.168445281626,-0.553677365762,1.986564957473,-0.381671547931,-0.39750401667099999,0.42353950030499998,-0.42825536064300002,-0.465261237055,-0.487975475682,2.270332796905,0.89749411854700001,1.282510537988,-0.34888549929599999,-0.19670558048199999,-0.117229724132,-0.249781977539
490,1,0.21510163550027522,0.54237502219355427,true,flipguard_tabular_validation_v2,sha256:0eb6aeae2b31fecf2bfdec45a15931643fa2da0de8b99485309b90a67f97bca5,sha256:edb34de653b4d4b756b3e497b1edc448b941926d02b32f3d93817db66bde9b78,model_input,identity_model_input_v1,-0.168445281626,0.62225034966799997,0.24540184992799999,-0.381671547931,-0.39750401667099999,0.42490596686999998,0.79004475272600005,-0.45708830805900003,-0.487975475682,1.069510973459,-0.83907573848899997,-0.51093057202299996,-0.34888549929599999,-0.62588513053499994,1.7655055705430001,-0.249781977539
492,0,-0.076829573485750813,0.48486457402330707,false,flipguard_tabular_validation_v2,sha256:0eb6aeae2b31fecf2bfdec45a15931643fa2da0de8b99485309b90a67f97bca5,sha256:edb34de653b4d4b756b3e497b1edc448b941926d02b32f3d93817db66bde9b78,model_input,identity_model_input_v1,-0.168445281626,-0.73870402344700004,0.51934484551500004,-0.16227013776800001,-0.39750401667099999,-1.5942761276370001,1.236640030457,-0.53700139157500004,-0.487975475682,0.98956779873599998,-1.2850283894800001,-0.51093057202299996,-0.34888549929599999,0.18107522106099999,-1.2104308629760001,-0.249781977539
493,1,0.31173915359920518,0.56141261325904346,true,flipguard_tabular_validation_v2,sha256:0eb6aeae2b31fecf2bfdec45a15931643fa2da0de8b99485309b90a67f97bca5,sha256:edb34de653b4d4b756b3e497b1edc448b941926d02b32f3d93817db66bde9b78,model_input,identity_model_input_v1,-0.168445281626,1.2413442848609999,2.6938641042709999,-0.381671547931,-0.39750401667099999,-0.59994395702799996,0.18458353368800001,-0.59421189454699996,-0.487975475682,2.3251629324479999,1.0637815477300001,-0.227123138635,-0.34888549929599999,-0.58605110043999997,0.50693397829999998,-0.249781977539
494,1,0.0034605393287474636,0.5006817262477633,true,flipguard_tabular_validation_v2,sha256:0eb6aeae2b31fecf2bfdec45a15931643fa2da0de8b99485309b90a67f97bca5,sha256:edb34de653b4d4b756b3e497b1edc448b941926d02b32f3d93817db66bde9b78,model_input,identity_model_input_v1,-0.168445281626,1.0098417368570001,0.092179496464000005,-0.381671547931,-0.39750401667099999,0.020431863572000001,-0.81435370097100002,-0.59421189454699996,-0.487975475682,-0.32384415036600001,-0.46114976307400002,-0.51093057202299996,-0.34888549929599999,-0.76016436101499996,0.88889582199299999,-0.249781977539
496,1,0.014777906084576003,0.50291124749866145,true,flipguard_tabular_validation_v2,sha256:0eb6aeae2b31fecf2bfdec45a15931643fa2da0de8b99485309b90a67f97bca5,sha256:edb34de653b4d4b756b3e497b1edc448b941926d02b32f3d93817db66bde9b78,model_input,identity_model_input_v1,-0.168445281626,1.407079063546,0.18504152886700001,-0.381671547931,-0.39750401667099999,-0.74160099095300003,-1.21078078671,-0.17557630931000001,-0.487975475682,-0.52684121706999998,-1.778221787398,0.91550222836200001,-0.34888549929599999,-0.15879900345699999,0.78864913121500002,-0.23772657188099999
497,0,-0.19113985225720137,0.46234544910533132,false,flipguard_tabular_validation_v2,sha256:0eb6aeae2b31fecf2bfdec45a15931643fa2da0de8b99485309b90a67f97bca5,sha256:edb34de653b4d4b756b3e497b1edc448b941926d02b32f3d93817db66bde9b78,model_input,identity_model_input_v1,-0.168445281626,-0.73870402344700004,-1.1661010425880001,-0.381671547931,-0.21347104539299999,0.71186394556199994,1.843576784553,-0.337218682785,-0.487975475682,-1.2480039921820001,0.20352754618900001,-0.51093057202299996,-0.34888549929599999,1.2161175191660001,-0.90603215229400003,-0.249781977539
