row_id,label,scaled_logit,polynomial_score,plaintext_decision,materialization_schema,source_data_sha256,source_model_sha256,source_feature_space,preprocessing_method,x_0,x_1,x_2,x_3,x_4,x_5,x_6,x_7
1,1,-0.0035887911087117749,0.49929300815158378,false,flipguard_tabular_validation_v2,sha256:fe285c03409dd3e50b6710caebf16fd5156ad9feb39c91b3b80f96de75cab957,sha256:025eb7dea28322d4b60adcfff3b1ff48c3fb44aa57280d39eea813405a6561d5,model_input,identity_model_input_v1,0.26127968584799999,-1.016111775245,-0.402342990831,0.20929704215,-0.67504030634300005,-1.0566774002379999,-0.36512309574500001,-0.083129335880000002
5,0,-0.044228111318415191,0.49128706207027223,false,flipguard_tabular_validation_v2,sha256:fe285c03409dd3e50b6710caebf16fd5156ad9feb39c91b3b80f96de75cab957,sha256:025eb7dea28322d4b60adcfff3b1ff48c3fb44aa57280d39eea813405a6561d5,model_input,identity_model_input_v1,-0.45114670268000001,-0.485838110085,-0.402342990831,0.91039332991099997,-0.67504030634300005,-1.0566774002379999,-1.143812833363,-0.083129335880000002
9,1,-0.018351791939140577,0.49638469698798932,false,flipguard_tabular_validation_v2,sha256:fe285c03409dd3e50b6710caebf16fd5156ad9feb39c91b3b80f96de75cab957,sha256:025eb7dea28322d4b60adcfff3b1ff48c3fb44aa57280d39eea813405a6561d5,model_input,identity_model_input_v1,-0.45114670268000001,1.635256550557,1.1731870386859999,1.085667401851,-0.67504030634300005,-1.0566774002379999,0.10209074682499999,-0.083129335880000002
11,1,0.087910628038269906,0.51731839372353916,true,flipguard_tabular_validation_v2,sha256:fe285c03409dd3e50b6710caebf16fd5156ad9feb39c91b3b80f96de75cab957,sha256:025eb7dea28322d4b60adcfff3b1ff48c3fb44aa57280d39eea813405a6561d5,model_input,identity_model_input_v1,0.023804223005999998,-1.016111775245,-0.402342990831,0.91039332991099997,0.46545117896999999,1.419656306776,-1.143812833363,-0.083129335880000002
14,1,0.0039021664920655657,0.50076872679893691,true,flipguard_tabular_validation_v2,sha256:fe285c03409dd3e50b6710caebf16fd5156ad9feb39c91b3b80f96de75cab957,sha256:025eb7dea28322d4b60adcfff3b1ff48c3fb44aa57280d39eea813405a6561d5,model_input,identity_model_input_v1,0.97370607437599999,-1.016111775245,-0.402342990831,-0.49179924561100002,-0.67504030634300005,-0.59236483017300001,1.347994327014,-0.083129335880000002
16,0,-0.048668850659719383,0.49041223642003529,false,flipguard_tabular_validation_v2,sha256:fe285c03409dd3e50b6710caebf16fd5156ad9feb39c91b3b80f96de75cab957,sha256:025eb7dea28322d4b60adcfff3b1ff48c3fb44aa57280d39eea813405a6561d5,model_input,identity_model_input_v1,0.73623061153400005,0.75146710862300004,-0.402342990831,0.034022970210000003,-0.67504030634300005,-1.0566774002379999,-1.143812833363,-0.083129335880000002
17,1,0.065733271270180305,0.51294945444022555,true,flipguard_tabular_validation_v2,sha256:fe285c03409dd3e50b6710caebf16fd5156ad9feb39c91b3b80f96de75cab957,sha256:025eb7dea28322d4b60adcfff3b1ff48c3fb44aa57280d39eea813405a6561d5,model_input,identity_model_input_v1,-0.92609762836499998,0.75146710862300004,-0.402342990831,1.085667401851,0.46545117896999999,1.2648854500869999,-0.98807488584000003,-0.083129335880000002
18,1,0.087828126332530648,0.51730214088750859,true,flipguard_tabular_validation_v2,sha256:fe285c03409dd3e50b6710caebf16fd5156ad9feb39c91b3b80f96de75cab957,sha256:025eb7dea28322d4b60adcfff3b1ff48c3fb44aa57280d39eea813405a6561d5,model_input,identity_model_input_v1,0.26127968584799999,-1.016111775245,-0.402342990831,0.73511925797099997,-0.67504030634300005,0.800572880022,1.347994327014,2.9902111112240002
20,1,0.00042634970831865668,0.50008399089253874,true,flipguard_tabular_validation_v2,sha256:fe285c03409dd3e50b6710caebf16fd5156ad9feb39c91b3b80f96de75cab957,sha256:025eb7dea28322d4b60adcfff3b1ff48c3fb44aa57280d39eea813405a6561d5,model_input,identity_model_input_v1,0.49875514869100002,0.397951331849,-0.087236984928,1.085667401851,0.180328307642,-0.59236483017300001,0.56930458939600004,-0.083129335880000002
22,1,0.051155904697981952,0.51007771322550244,true,flipguard_tabular_validation_v2,sha256:fe285c03409dd3e50b6710caebf16fd5156ad9feb39c91b3b80f96de75cab957,sha256:025eb7dea28322d4b60adcfff3b1ff48c3fb44aa57280d39eea813405a6561d5,model_input,identity_model_input_v1,-2.825901331107,0.397951331849,-0.402342990831,-1.7187177491929999,2.7464341495969999,1.419656306776,1.347994327014,-0.083129335880000002
28,1,0.054710933226267959,0.51077805384557484,true,flipguard_tabular_validation_v2,sha256:fe285c03409dd3e50b6710caebf16fd5156ad9feb39c91b3b80f96de75cab957,sha256:025eb7dea28322d4b60adcfff3b1ff48c3fb44aa57280d39eea813405a6561d5,model_input,identity_model_input_v1,0.49875514869100002,-0.66259599847100004,-0.402342990831,1.085667401851,0.46545117896999999,0.800572880022,-1.143812833363,-0.083129335880000002
29,1,0.0074758413419364761,0.50147274074436143,true,flipguard_tabular_validation_v2,sha256:fe285c03409dd3e50b6710caebf16fd5156ad9feb39c91b3b80f96de75cab957,sha256:025eb7dea28322d4b60adcfff3b1ff48c3fb44aa57280d39eea813405a6561d5,model_input,identity_model_input_v1,-2.1134749425789998,-0.13232233331099999,-0.402342990831,0.55984518603,1.035696921627,-1.0566774002379999,-1.143812833363,-0.083129335880000002
31,0,-0.042521591597312745,0.4916232464553294,false,flipguard_tabular_validation_v2,sha256:fe285c03409dd3e50b6710caebf16fd5156ad9feb39c91b3b80f96de75cab957,sha256:025eb7dea28322d4b60adcfff3b1ff48c3fb44aa57280d39eea813405a6561d5,model_input,identity_model_input_v1,0.73623061153400005,-1.016111775245,-0.402342990831,-1.7187177491929999,-0.67504030634300005,-1.0566774002379999,-1.143812833363,-0.083129335880000002
32,0,-0.019289446091259189,0.49619997912002195,false,flipguard_tabular_validation_v2,sha256:fe285c03409dd3e50b6710caebf16fd5156ad9feb39c91b3b80f96de75cab957,sha256:025eb7dea28322d4b60adcfff3b1ff48c3fb44aa57280d39eea813405a6561d5,model_input,identity_model_input_v1,0.26127968584799999,-1.016111775245,-0.402342990831,-0.66707331755199994,-0.67504030634300005,-1.0566774002379999,-0.67659899079300001,-0.083129335880000002
35,0,-0.0056787022613416852,0.49888129565451567,false,flipguard_tabular_validation_v2,sha256:fe285c03409dd3e50b6710caebf16fd5156ad9feb39c91b3b80f96de75cab957,sha256:025eb7dea28322d4b60adcfff3b1ff48c3fb44aa57280d39eea813405a6561d5,model_input,identity_model_input_v1,0.49875514869100002,-1.016111775245,-0.402342990831,0.38457111409,-0.67504030634300005,-0.128052260108,-1.143812833363,-0.083129335880000002
36,1,0.042900189689598613,0.50845133736885095,true,flipguard_tabular_validation_v2,sha256:fe285c03409dd3e50b6710caebf16fd5156ad9feb39c91b3b80f96de75cab957,sha256:025eb7dea28322d4b60adcfff3b1ff48c3fb44aa57280d39eea813405a6561d5,model_input,identity_model_input_v1,0.49875514869100002,-0.485838110085,-0.402342990831,0.55984518603,0.46545117896999999,0.800572880022,-1.143812833363,-0.083129335880000002
37,0,-0.047308099660596951,0.49068030436686239,false,flipguard_tabular_validation_v2,sha256:fe285c03409dd3e50b6710caebf16fd5156ad9feb39c91b3b80f96de75cab957,sha256:025eb7dea28322d4b60adcfff3b1ff48c3fb44aa57280d39eea813405a6561d5,model_input,identity_model_input_v1,0.49875514869100002,-0.83935388685800005,-0.402342990831,-1.7187177491929999,-0.67504030634300005,-1.0566774002379999,-1.143812833363,-0.083129335880000002
41,1,0.036822335540394206,0.50725400010145771,true,flipguard_tabular_validation_v2,sha256:fe285c03409dd3e50b6710caebf16fd5156ad9feb39c91b3b80f96de75cab957,sha256:025eb7dea28322d4b60adcfff3b1ff48c3fb44aa57280d39eea813405a6561d5,model_input,identity_model_input_v1,0.26127968584799999,-0.13232233331099999,-0.402342990831,1.085667401851,-0.67504030634300005,1.419656306776,-0.52086104326899996,-0.083129335880000002
42,1,0.19128969182136688,0.5376840692888093,true,flipguard_tabular_validation_v2,sha256:fe285c03409dd3e50b6710caebf16fd5156ad9feb39c91b3b80f96de75cab957,sha256:025eb7dea28322d4b60adcfff3b1ff48c3fb44aa57280d39eea813405a6561d5,model_input,identity_model_input_v1,0.26127968584799999,-1.016111775245,-0.402342990831,0.38457111409,-0.38991743501499998,1.419656306776,1.1922563794909999,6.0635515583290003
45,1,0.048971065676517531,0.50964729993827396,true,flipguard_tabular_validation_v2,sha256:fe285c03409dd3e50b6710caebf16fd5156ad9feb39c91b3b80f96de75cab957,sha256:025eb7dea28322d4b60adcfff3b1ff48c3fb44aa57280d39eea813405a6561d5,model_input,identity_model_input_v1,0.97370607437599999,-1.016111775245,-0.402342990831,0.73511925797099997,-0.104794563686,1.419656306776,0.10209074682499999,-0.083129335880000002
47,1,0.012623063358160847,0.50248674348155764,true,flipguard_tabular_validation_v2,sha256:fe285c03409dd3e50b6710caebf16fd5156ad9feb39c91b3b80f96de75cab957,sha256:025eb7dea28322d4b60adcfff3b1ff48c3fb44aa57280d39eea813405a6561d5,model_input,identity_model_input_v1,0.73623061153400005,-0.13232233331099999,-0.402342990831,-0.49179924561100002,-0.67504030634300005,0.49103116664500002,0.88078048444299994,-0.083129335880000002
48,0,-0.036550215148064572,0.4927996076158313,false,flipguard_tabular_validation_v2,sha256:fe285c03409dd3e50b6710caebf16fd5156ad9feb39c91b3b80f96de75cab957,sha256:025eb7dea28322d4b60adcfff3b1ff48c3fb44aa57280d39eea813405a6561d5,model_input,identity_model_input_v1,0.49875514869100002,-0.485838110085,-0.402342990831,0.91039332991099997,-0.67504030634300005,-1.0566774002379999,-1.143812833363,-0.083129335880000002
49,0,0.029551731051288943,0.50582169101710395,true,flipguard_tabular_validation_v2,sha256:fe285c03409dd3e50b6710caebf16fd5156ad9feb39c91b3b80f96de75cab957,sha256:025eb7dea28322d4b60adcfff3b1ff48c3fb44aa57280d39eea813405a6561d5,model_input,identity_model_input_v1,0.73623061153400005,-0.83935388685800005,-0.402342990831,1.085667401851,1.8910655356120001,0.95534373671100004,1.347994327014,-0.083129335880000002
50,1,0.017890906767760471,0.50352450863324882,true,flipguard_tabular_validation_v2,sha256:fe285c03409dd3e50b6710caebf16fd5156ad9feb39c91b3b80f96de75cab957,sha256:025eb7dea28322d4b60adcfff3b1ff48c3fb44aa57280d39eea813405a6561d5,model_input,identity_model_input_v1,0.97370607437599999,-1.016111775245,-0.087236984928,-0.31652517367100003,-0.67504030634300005,1.419656306776,0.56930458939600004,-0.083129335880000002
51,0,-0.10084375011928788,0.4801337812265003,false,flipguard_tabular_validation_v2,sha256:fe285c03409dd3e50b6710caebf16fd5156ad9feb39c91b3b80f96de75cab957,sha256:025eb7dea28322d4b60adcfff3b1ff48c3fb44aa57280d39eea813405a6561d5,model_input,identity_model_input_v1,0.97370607437599999,1.104982885396,4.639353103625,0.034022970210000003,-0.67504030634300005,-0.43759397348500001,0.88078048444299994,-0.083129335880000002
54,0,-0.038697239125701055,0.4923766438922369,false,flipguard_tabular_validation_v2,sha256:fe285c03409dd3e50b6710caebf16fd5156ad9feb39c91b3b80f96de75cab957,sha256:025eb7dea28322d4b60adcfff3b1ff48c3fb44aa57280d39eea813405a6561d5,model_input,identity_model_input_v1,-0.92609762836499998,1.45849866217,0.54297502687900001,1.085667401851,-0.67504030634300005,-1.0566774002379999,-0.67659899079300001,-0.083129335880000002
55,1,0.19199103707797927,0.53782223430436193,true,flipguard_tabular_validation_v2,sha256:fe285c03409dd3e50b6710caebf16fd5156ad9feb39c91b3b80f96de75cab957,sha256:025eb7dea28322d4b60adcfff3b1ff48c3fb44aa57280d39eea813405a6561d5,model_input,identity_model_input_v1,0.49875514869100002,-0.83935388685800005,-0.402342990831,0.38457111409,0.46545117896999999,1.2648854500869999,0.10209074682499999,6.0635515583290003
56,1,0.099064558538627362,0.51951571803210961,true,flipguard_tabular_validation_v2,sha256:fe285c03409dd3e50b6710caebf16fd5156ad9feb39c91b3b80f96de75cab957,sha256:025eb7dea28322d4b60adcfff3b1ff48c3fb44aa57280d39eea813405a6561d5,model_input,identity_model_input_v1,0.49875514869100002,-0.83935388685800005,-0.402342990831,1.085667401851,1.035696921627,1.2648854500869999,-1.143812833363,-0.083129335880000002
57,1,0.024307274128349959,0.50478853300328497,true,flipguard_tabular_validation_v2,sha256:fe285c03409dd3e50b6710caebf16fd5156ad9feb39c91b3b80f96de75cab957,sha256:025eb7dea28322d4b60adcfff3b1ff48c3fb44aa57280d39eea813405a6561d5,model_input,identity_model_input_v1,0.023804223005999998,0.22119344346299999,-0.402342990831,0.55984518603,-0.67504030634300005,0.49103116664500002,-0.053647200697999997,-0.083129335880000002
58,0,-0.041696416746653669,0.4917858059009092,false,flipguard_tabular_validation_v2,sha256:fe285c03409dd3e50b6710caebf16fd5156ad9feb39c91b3b80f96de75cab957,sha256:025eb7dea28322d4b60adcfff3b1ff48c3fb44aa57280d39eea813405a6561d5,model_input,identity_model_input_v1,0.97370607437599999,0.75146710862300004,-0.402342990831,0.73511925797099997,-0.67504030634300005,-1.0566774002379999,-1.143812833363,-0.083129335880000002
59,0,0.013556495173401115,0.50267062954915998,true,flipguard_tabular_validation_v2,sha256:fe285c03409dd3e50b6710caebf16fd5156ad9feb39c91b3b80f96de75cab957,sha256:025eb7dea28322d4b60adcfff3b1ff48c3fb44aa57280d39eea813405a6561d5,model_input,identity_model_input_v1,0.49875514869100002,-0.66259599847100004,-0.402342990831,-1.0176214614320001,-0.67504030634300005,-0.128052260108,0.41356664187300002,-0.083129335880000002
60,1,-0.007248807067123355,0.49857198500777672,false,flipguard_tabular_validation_v2,sha256:fe285c03409dd3e50b6710caebf16fd5156ad9feb39c91b3b80f96de75cab957,sha256:025eb7dea28322d4b60adcfff3b1ff48c3fb44aa57280d39eea813405a6561d5,model_input,identity_model_input_v1,-2.1134749425789998,0.75146710862300004,-0.087236984928,-1.7187177491929999,-0.67504030634300005,1.2648854500869999,1.347994327014,-0.083129335880000002
61,0,-0.039014807506255238,0.49231408292126771,false,flipguard_tabular_validation_v2,sha256:fe285c03409dd3e50b6710caebf16fd5156ad9feb39c91b3b80f96de75cab957,sha256:025eb7dea28322d4b60adcfff3b1ff48c3fb44aa57280d39eea813405a6561d5,model_input,identity_model_input_v1,0.023804223005999998,1.45849866217,1.803399050493,1.085667401851,-0.67504030634300005,-0.59236483017300001,-1.143812833363,-0.083129335880000002
63,0,-0.050678833448411766,0.49001626981066287,false,flipguard_tabular_validation_v2,sha256:fe285c03409dd3e50b6710caebf16fd5156ad9feb39c91b3b80f96de75cab957,sha256:025eb7dea28322d4b60adcfff3b1ff48c3fb44aa57280d39eea813405a6561d5,model_input,identity_model_input_v1,-0.21367123983700001,1.104982885396,1.48829304459,0.034022970210000003,-0.104794563686,-1.0566774002379999,-1.143812833363,-0.083129335880000002
66,0,-0.013680215887673337,0.49730499747012835,false,flipguard_tabular_validation_v2,sha256:fe285c03409dd3e50b6710caebf16fd5156ad9feb39c91b3b80f96de75cab957,sha256:025eb7dea28322d4b60adcfff3b1ff48c3fb44aa57280d39eea813405a6561d5,model_input,identity_model_input_v1,0.97370607437599999,0.57470922023600002,-0.402342990831,-1.543443677253,-0.67504030634300005,-0.28282311679599997,1.1922563794909999,-0.083129335880000002
67,0,-0.043679704735052491,0.49139509816719468,false,flipguard_tabular_validation_v2,sha256:fe285c03409dd3e50b6710caebf16fd5156ad9feb39c91b3b80f96de75cab957,sha256:025eb7dea28322d4b60adcfff3b1ff48c3fb44aa57280d39eea813405a6561d5,model_input,identity_model_input_v1,0.97370607437599999,0.75146710862300004,-0.087236984928,-0.141251101731,-0.67504030634300005,-1.0566774002379999,-1.143812833363,-0.083129335880000002
69,1,0.0093308638980415977,0.50183818018791415,true,flipguard_tabular_validation_v2,sha256:fe285c03409dd3e50b6710caebf16fd5156ad9feb39c91b3b80f96de75cab957,sha256:025eb7dea28322d4b60adcfff3b1ff48c3fb44aa57280d39eea813405a6561d5,model_input,identity_model_input_v1,0.73623061153400005,-1.016111775245,-0.402342990831,0.73511925797099997,-0.67504030634300005,-1.0566774002379999,-0.053647200697999997,-0.083129335880000002
70,0,-0.017160109036650283,0.4966194585197799,false,flipguard_tabular_validation_v2,sha256:fe285c03409dd3e50b6710caebf16fd5156ad9feb39c91b3b80f96de75cab957,sha256:025eb7dea28322d4b60adcfff3b1ff48c3fb44aa57280d39eea813405a6561d5,model_input,identity_model_input_v1,0.97370607437599999,1.635256550557,0.54297502687900001,0.73511925797099997,-0.104794563686,0.49103116664500002,0.72504253691999998,-0.083129335880000002
71,0,-0.047291544167802159,0.49068356579894296,false,flipguard_tabular_validation_v2,sha256:fe285c03409dd3e50b6710caebf16fd5156ad9feb39c91b3b80f96de75cab957,sha256:025eb7dea28322d4b60adcfff3b1ff48c3fb44aa57280d39eea813405a6561d5,model_input,identity_model_input_v1,0.26127968584799999,0.22119344346299999,-0.402342990831,0.38457111409,-0.67504030634300005,-1.0566774002379999,-1.143812833363,-0.083129335880000002
74,1,0.061479898017979762,0.51211153990954206,true,flipguard_tabular_validation_v2,sha256:fe285c03409dd3e50b6710caebf16fd5156ad9feb39c91b3b80f96de75cab957,sha256:025eb7dea28322d4b60adcfff3b1ff48c3fb44aa57280d39eea813405a6561d5,model_input,identity_model_input_v1,0.73623061153400005,-1.016111775245,-0.402342990831,1.085667401851,2.7464341495969999,0.64580202333400005,1.036518431967,-0.083129335880000002
75,0,-0.048433568729010723,0.49045858696038491,false,flipguard_tabular_validation_v2,sha256:fe285c03409dd3e50b6710caebf16fd5156ad9feb39c91b3b80f96de75cab957,sha256:025eb7dea28322d4b60adcfff3b1ff48c3fb44aa57280d39eea813405a6561d5,model_input,identity_model_input_v1,-2.350950405421,1.812014438944,2.7487170682039999,0.91039332991099997,-0.38991743501499998,-1.0566774002379999,-1.143812833363,-0.083129335880000002
79,0,-0.011902143583284527,0.49765527771409296,false,flipguard_tabular_validation_v2,sha256:fe285c03409dd3e50b6710caebf16fd5156ad9feb39c91b3b80f96de75cab957,sha256:025eb7dea28322d4b60adcfff3b1ff48c3fb44aa57280d39eea813405a6561d5,model_input,identity_model_input_v1,0.97370607437599999,0.044435555076,-0.402342990831,-1.543443677253,-0.67504030634300005,-1.0566774002379999,0.10209074682499999,-0.083129335880000002
80,0,-0.033345248223571752,0.49343098609995639,false,flipguard_tabular_validation_v2,sha256:fe285c03409dd3e50b6710caebf16fd5156ad9feb39c91b3b80f96de75cab957,sha256:025eb7dea28322d4b60adcfff3b1ff48c3fb44aa57280d39eea813405a6561d5,model_input,identity_model_input_v1,0.023804223005999998,0.397951331849,-0.087236984928,-0.84234738949200005,0.180328307642,1.110114593399,1.347994327014,-0.083129335880000002
82,0,-0.10523059405852091,0.4792695729704714,false,flipguard_tabular_validation_v2,sha256:fe285c03409dd3e50b6710caebf16fd5156ad9feb39c91b3b80f96de75cab957,sha256:025eb7dea28322d4b60adcfff3b1ff48c3fb44aa57280d39eea813405a6561d5,model_input,identity_model_input_v1,0.49875514869100002,1.812014438944,4.324247097722,0.91039332991099997,-0.67504030634300005,-0.74713568686200005,1.347994327014,-0.083129335880000002
83,1,0.082410849659765056,0.51623493738297377,true,flipguard_tabular_validation_v2,sha256:fe285c03409dd3e50b6710caebf16fd5156ad9feb39c91b3b80f96de75cab957,sha256:025eb7dea28322d4b60adcfff3b1ff48c3fb44aa57280d39eea813405a6561d5,model_input,identity_model_input_v1,0.023804223005999998,-1.016111775245,-0.402342990831,-1.0176214614320001,-0.67504030634300005,0.18148945326900001,1.347994327014,2.9902111112240002
84,1,0.0033798367567456833,0.50066582784107894,true,flipguard_tabular_validation_v2,sha256:fe285c03409dd3e50b6710caebf16fd5156ad9feb39c91b3b80f96de75cab957,sha256:025eb7dea28322d4b60adcfff3b1ff48c3fb44aa57280d39eea813405a6561d5,model_input,identity_model_input_v1,0.26127968584799999,-0.83935388685800005,-0.402342990831,-0.66707331755199994,-0.67504030634300005,0.18148945326900001,1.347994327014,-0.083129335880000002
90,1,0.063840805514163795,0.51257663868629022,true,flipguard_tabular_validation_v2,sha256:fe285c03409dd3e50b6710caebf16fd5156ad9feb39c91b3b80f96de75cab957,sha256:025eb7dea28322d4b60adcfff3b1ff48c3fb44aa57280d39eea813405a6561d5,model_input,identity_model_input_v1,-2.350950405421,-1.016111775245,-0.402342990831,-0.84234738949200005,0.46545117896999999,0.49103116664500002,1.036518431967,-0.083129335880000002
93,0,-0.054938538950513913,0.48917710782674878,false,flipguard_tabular_validation_v2,sha256:fe285c03409dd3e50b6710caebf16fd5156ad9feb39c91b3b80f96de75cab957,sha256:025eb7dea28322d4b60adcfff3b1ff48c3fb44aa57280d39eea813405a6561d5,model_input,identity_model_input_v1,-2.5884258682639998,1.104982885396,4.0091410918179999,0.034022970210000003,-0.67504030634300005,-1.0566774002379999,-1.143812833363,-0.083129335880000002
95,0,-0.01699200916497786,0.49665257419449937,false,flipguard_tabular_validation_v2,sha256:fe285c03409dd3e50b6710caebf16fd5156ad9feb39c91b3b80f96de75cab957,sha256:025eb7dea28322d4b60adcfff3b1ff48c3fb44aa57280d39eea813405a6561d5,model_input,identity_model_input_v1,-0.92609762836499998,1.281740773783,2.1185050563969998,1.085667401851,0.75057405029900004,-1.0566774002379999,-1.143812833363,-0.083129335880000002
96,0,-0.052438827026360456,0.48966955107580701,false,flipguard_tabular_validation_v2,sha256:fe285c03409dd3e50b6710caebf16fd5156ad9feb39c91b3b80f96de75cab957,sha256:025eb7dea28322d4b60adcfff3b1ff48c3fb44aa57280d39eea813405a6561d5,model_input,identity_model_input_v1,-0.21367123983700001,1.635256550557,1.48829304459,0.55984518603,-0.38991743501499998,-1.0566774002379999,-1.143812833363,-0.083129335880000002
97,0,-0.055023295406688502,0.48916041080488237,false,flipguard_tabular_validation_v2,sha256:fe285c03409dd3e50b6710caebf16fd5156ad9feb39c91b3b80f96de75cab957,sha256:025eb7dea28322d4b60adcfff3b1ff48c3fb44aa57280d39eea813405a6561d5,model_input,identity_model_input_v1,0.023804223005999998,0.57470922023600002,-0.087236984928,-0.31652517367100003,-0.67504030634300005,-1.0566774002379999,-1.143812833363,-0.083129335880000002
100,0,-0.04753328663413639,0.49063594253307513,false,flipguard_tabular_validation_v2,sha256:fe285c03409dd3e50b6710caebf16fd5156ad9feb39c91b3b80f96de75cab957,sha256:025eb7dea28322d4b60adcfff3b1ff48c3fb44aa57280d39eea813405a6561d5,model_input,identity_model_input_v1,0.26127968584799999,1.635256550557,3.694035085915,1.085667401851,-0.38991743501499998,-1.0566774002379999,-1.143812833363,-0.083129335880000002
101,1,0.052561845045538014,0.51035468347397095,true,flipguard_tabular_validation_v2,sha256:fe285c03409dd3e50b6710caebf16fd5156ad9feb39c91b3b80f96de75cab957,sha256:025eb7dea28322d4b60adcfff3b1ff48c3fb44aa57280d39eea813405a6561d5,model_input,identity_model_input_v1,-2.5884258682639998,0.397951331849,-0.402342990831,-1.3681696053129999,2.4613112782690001,1.419656306776,1.347994327014,-0.083129335880000002
103,1,0.09766263492398472,0.51923953908002496,true,flipguard_tabular_validation_v2,sha256:fe285c03409dd3e50b6710caebf16fd5156ad9feb39c91b3b80f96de75cab957,sha256:025eb7dea28322d4b60adcfff3b1ff48c3fb44aa57280d39eea813405a6561d5,model_input,identity_model_input_v1,0.023804223005999998,-0.83935388685800005,-0.402342990831,0.55984518603,1.3208197929550001,0.95534373671100004,-1.143812833363,-0.083129335880000002
104,0,-0.05519916466672084,0.48912576456065598,false,flipguard_tabular_validation_v2,sha256:fe285c03409dd3e50b6710caebf16fd5156ad9feb39c91b3b80f96de75cab957,sha256:025eb7dea28322d4b60adcfff3b1ff48c3fb44aa57280d39eea813405a6561d5,model_input,identity_model_input_v1,-1.638524016893,0.92822499701000005,4.324247097722,0.73511925797099997,-0.67504030634300005,-1.0566774002379999,-0.83233693831599997,-0.083129335880000002
109,1,-0.0078579728908876149,0.49845197934049512,false,flipguard_tabular_validation_v2,sha256:fe285c03409dd3e50b6710caebf16fd5156ad9feb39c91b3b80f96de75cab957,sha256:025eb7dea28322d4b60adcfff3b1ff48c3fb44aa57280d39eea813405a6561d5,model_input,identity_model_input_v1,0.023804223005999998,-1.016111775245,-0.087236984928,-1.3681696053129999,-0.67504030634300005,0.18148945326900001,1.347994327014,-0.083129335880000002
111,0,-0.060393493517389776,0.48810248177707422,false,flipguard_tabular_validation_v2,sha256:fe285c03409dd3e50b6710caebf16fd5156ad9feb39c91b3b80f96de75cab957,sha256:025eb7dea28322d4b60adcfff3b1ff48c3fb44aa57280d39eea813405a6561d5,model_input,identity_model_input_v1,-2.5884258682639998,1.812014438944,2.4336110622999998,0.91039332991099997,-0.67504030634300005,-1.0566774002379999,-1.143812833363,-0.083129335880000002
114,0,-0.047577548159311561,0.49062722301261563,false,flipguard_tabular_validation_v2,sha256:fe285c03409dd3e50b6710caebf16fd5156ad9feb39c91b3b80f96de75cab957,sha256:025eb7dea28322d4b60adcfff3b1ff48c3fb44aa57280d39eea813405a6561d5,model_input,identity_model_input_v1,0.97370607437599999,-0.30908022169799998,-0.402342990831,-1.7187177491929999,-0.67504030634300005,-1.0566774002379999,-1.143812833363,-0.083129335880000002
117,1,0.11454831802723003,0.52256601865136432,true,flipguard_tabular_validation_v2,sha256:fe285c03409dd3e50b6710caebf16fd5156ad9feb39c91b3b80f96de75cab957,sha256:025eb7dea28322d4b60adcfff3b1ff48c3fb44aa57280d39eea813405a6561d5,model_input,identity_model_input_v1,-0.45114670268000001,-1.016111775245,-0.402342990831,0.73511925797099997,2.7464341495969999,1.419656306776,1.347994327014,-0.083129335880000002
119,1,0.10330998518981654,0.5203520670823939,true,flipguard_tabular_validation_v2,sha256:fe285c03409dd3e50b6710caebf16fd5156ad9feb39c91b3b80f96de75cab957,sha256:025eb7dea28322d4b60adcfff3b1ff48c3fb44aa57280d39eea813405a6561d5,model_input,identity_model_input_v1,0.97370607437599999,-0.83935388685800005,-0.402342990831,0.73511925797099997,1.8910655356120001,1.110114593399,-1.143812833363,-0.083129335880000002
121,0,-0.058079759961720955,0.48855828728754097,false,flipguard_tabular_validation_v2,sha256:fe285c03409dd3e50b6710caebf16fd5156ad9feb39c91b3b80f96de75cab957,sha256:025eb7dea28322d4b60adcfff3b1ff48c3fb44aa57280d39eea813405a6561d5,model_input,identity_model_input_v1,0.023804223005999998,1.281740773783,-0.402342990831,0.91039332991099997,-0.67504030634300005,-1.0566774002379999,-1.143812833363,-0.083129335880000002
122,0,-0.0061436172734861336,0.49878970739712325,false,flipguard_tabular_validation_v2,sha256:fe285c03409dd3e50b6710caebf16fd5156ad9feb39c91b3b80f96de75cab957,sha256:025eb7dea28322d4b60adcfff3b1ff48c3fb44aa57280d39eea813405a6561d5,model_input,identity_model_input_v1,0.97370607437599999,-0.13232233331099999,-0.402342990831,-1.7187177491929999,-0.67504030634300005,-0.74713568686200005,0.10209074682499999,-0.083129335880000002
124,1,0.045218074417650161,0.5089079606602771,true,flipguard_tabular_validation_v2,sha256:fe285c03409dd3e50b6710caebf16fd5156ad9feb39c91b3b80f96de75cab957,sha256:025eb7dea28322d4b60adcfff3b1ff48c3fb44aa57280d39eea813405a6561d5,model_input,identity_model_input_v1,-2.825901331107,0.044435555076,-0.402342990831,-1.543443677253,0.75057405029900004,0.64580202333400005,0.72504253691999998,-0.083129335880000002
126,1,0.072351974692687393,0.51425333901445947,true,flipguard_tabular_validation_v2,sha256:fe285c03409dd3e50b6710caebf16fd5156ad9feb39c91b3b80f96de75cab957,sha256:025eb7dea28322d4b60adcfff3b1ff48c3fb44aa57280d39eea813405a6561d5,model_input,identity_model_input_v1,-0.45114670268000001,-1.016111775245,-0.402342990831,1.085667401851,0.46545117896999999,1.2648854500869999,0.88078048444299994,-0.083129335880000002
131,1,0.063901760506330396,0.51258864681974714,true,flipguard_tabular_validation_v2,sha256:fe285c03409dd3e50b6710caebf16fd5156ad9feb39c91b3b80f96de75cab957,sha256:025eb7dea28322d4b60adcfff3b1ff48c3fb44aa57280d39eea813405a6561d5,model_input,identity_model_input_v1,0.97370607437599999,-0.13232233331099999,-0.402342990831,0.55984518603,1.035696921627,1.419656306776,-0.98807488584000003,-0.083129335880000002
132,0,-0.03256786409281584,0.49358413077371527,false,flipguard_tabular_validation_v2,sha256:fe285c03409dd3e50b6710caebf16fd5156ad9feb39c91b3b80f96de75cab957,sha256:025eb7dea28322d4b60adcfff3b1ff48c3fb44aa57280d39eea813405a6561d5,model_input,identity_model_input_v1,-0.21367123983700001,-0.83935388685800005,-0.402342990831,0.38457111409,-0.67504030634300005,-1.0566774002379999,-0.98807488584000003,-0.083129335880000002
138,1,0.012023826562429781,0.5023686938327987,true,flipguard_tabular_validation_v2,sha256:fe285c03409dd3e50b6710caebf16fd5156ad9feb39c91b3b80f96de75cab957,sha256:025eb7dea28322d4b60adcfff3b1ff48c3fb44aa57280d39eea813405a6561d5,model_input,identity_model_input_v1,0.73623061153400005,-1.016111775245,-0.402342990831,-0.141251101731,-0.67504030634300005,-1.0566774002379999,0.56930458939600004,-0.083129335880000002
140,1,0.077445259294914109,0.51525671608109813,true,flipguard_tabular_validation_v2,sha256:fe285c03409dd3e50b6710caebf16fd5156ad9feb39c91b3b80f96de75cab957,sha256:025eb7dea28322d4b60adcfff3b1ff48c3fb44aa57280d39eea813405a6561d5,model_input,identity_model_input_v1,-1.638524016893,-0.485838110085,-0.402342990831,-0.31652517367100003,1.8910655356120001,1.2648854500869999,1.347994327014,-0.083129335880000002
141,0,-0.14300646230017108,0.47182772692686631,false,flipguard_tabular_validation_v2,sha256:fe285c03409dd3e50b6710caebf16fd5156ad9feb39c91b3b80f96de75cab957,sha256:025eb7dea28322d4b60adcfff3b1ff48c3fb44aa57280d39eea813405a6561d5,model_input,identity_model_input_v1,-0.92609762836499998,1.45849866217,0.22786902097600001,-1.7187177491929999,1.605942664284,-1.0566774002379999,-1.143812833363,-0.083129335880000002
148,0,0.0062155932344736958,0.50122447186719132,true,flipguard_tabular_validation_v2,sha256:fe285c03409dd3e50b6710caebf16fd5156ad9feb39c91b3b80f96de75cab957,sha256:025eb7dea28322d4b60adcfff3b1ff48c3fb44aa57280d39eea813405a6561d5,model_input,identity_model_input_v1,-2.825901331107,0.92822499701000005,-0.402342990831,-1.7187177491929999,-0.67504030634300005,1.2648854500869999,1.347994327014,-0.083129335880000002
151,0,-0.036456617243365186,0.49281804640305704,false,flipguard_tabular_validation_v2,sha256:fe285c03409dd3e50b6710caebf16fd5156ad9feb39c91b3b80f96de75cab957,sha256:025eb7dea28322d4b60adcfff3b1ff48c3fb44aa57280d39eea813405a6561d5,model_input,identity_model_input_v1,-0.21367123983700001,1.812014438944,1.1731870386859999,-1.0176214614320001,-0.67504030634300005,-0.90190654354999999,1.036518431967,-0.083129335880000002
152,1,0.088000621351598418,0.51733612240626492,true,flipguard_tabular_validation_v2,sha256:fe285c03409dd3e50b6710caebf16fd5156ad9feb39c91b3b80f96de75cab957,sha256:025eb7dea28322d4b60adcfff3b1ff48c3fb44aa57280d39eea813405a6561d5,model_input,identity_model_input_v1,-1.40104855405,-1.016111775245,-0.402342990831,0.38457111409,1.035696921627,1.419656306776,1.347994327014,-0.083129335880000002
153,1,-0.011771161033897207,0.49768108127632227,false,flipguard_tabular_validation_v2,sha256:fe285c03409dd3e50b6710caebf16fd5156ad9feb39c91b3b80f96de75cab957,sha256:025eb7dea28322d4b60adcfff3b1ff48c3fb44aa57280d39eea813405a6561d5,model_input,identity_model_input_v1,-0.68862216552199995,1.104982885396,0.22786902097600001,0.55984518603,-0.67504030634300005,-1.0566774002379999,0.25782869434900002,-0.083129335880000002
154,0,-0.04407035632404574,0.491318139804163,false,flipguard_tabular_validation_v2,sha256:fe285c03409dd3e50b6710caebf16fd5156ad9feb39c91b3b80f96de75cab957,sha256:025eb7dea28322d4b60adcfff3b1ff48c3fb44aa57280d39eea813405a6561d5,model_input,identity_model_input_v1,0.023804223005999998,-0.485838110085,-0.402342990831,0.034022970210000003,-0.67504030634300005,-1.0566774002379999,-1.143812833363,-0.083129335880000002
156,0,-0.0075269693323108001,0.49851718704153475,false,flipguard_tabular_validation_v2,sha256:fe285c03409dd3e50b6710caebf16fd5156ad9feb39c91b3b80f96de75cab957,sha256:025eb7dea28322d4b60adcfff3b1ff48c3fb44aa57280d39eea813405a6561d5,model_input,identity_model_input_v1,0.73623061153400005,-0.83935388685800005,-0.402342990831,-1.3681696053129999,-0.67504030634300005,-0.90190654354999999,1.347994327014,-0.083129335880000002
158,0,-0.0030404364297593424,0.49940103402333741,false,flipguard_tabular_validation_v2,sha256:fe285c03409dd3e50b6710caebf16fd5156ad9feb39c91b3b80f96de75cab957,sha256:025eb7dea28322d4b60adcfff3b1ff48c3fb44aa57280d39eea813405a6561d5,model_input,identity_model_input_v1,0.49875514869100002,-1.016111775245,-0.402342990831,-1.3681696053129999,-0.67504030634300005,0.18148945326900001,1.347994327014,-0.083129335880000002
160,1,0.097931033721820049,0.51929241364319856,true,flipguard_tabular_validation_v2,sha256:fe285c03409dd3e50b6710caebf16fd5156ad9feb39c91b3b80f96de75cab957,sha256:025eb7dea28322d4b60adcfff3b1ff48c3fb44aa57280d39eea813405a6561d5,model_input,identity_model_input_v1,0.26127968584799999,-1.016111775245,-0.402342990831,0.38457111409,1.035696921627,1.419656306776,-0.52086104326899996,-0.083129335880000002
163,0,0.010368212174847107,0.50204253779844488,true,flipguard_tabular_validation_v2,sha256:fe285c03409dd3e50b6710caebf16fd5156ad9feb39c91b3b80f96de75cab957,sha256:025eb7dea28322d4b60adcfff3b1ff48c3fb44aa57280d39eea813405a6561d5,model_input,identity_model_input_v1,0.023804223005999998,0.044435555076,-0.402342990831,1.085667401851,-0.67504030634300005,-0.59236483017300001,1.347994327014,-0.083129335880000002
165,0,-0.049584103487633591,0.49023193161293616,false,flipguard_tabular_validation_v2,sha256:fe285c03409dd3e50b6710caebf16fd5156ad9feb39c91b3b80f96de75cab957,sha256:025eb7dea28322d4b60adcfff3b1ff48c3fb44aa57280d39eea813405a6561d5,model_input,identity_model_input_v1,0.73623061153400005,1.281740773783,0.22786902097600001,1.085667401851,1.035696921627,-1.0566774002379999,0.56930458939600004,-0.083129335880000002
168,0,-0.037081688796573781,0.49269490730707499,false,flipguard_tabular_validation_v2,sha256:fe285c03409dd3e50b6710caebf16fd5156ad9feb39c91b3b80f96de75cab957,sha256:025eb7dea28322d4b60adcfff3b1ff48c3fb44aa57280d39eea813405a6561d5,model_input,identity_model_input_v1,0.97370607437599999,1.812014438944,2.7487170682039999,0.034022970210000003,-0.67504030634300005,-1.0566774002379999,-1.143812833363,-0.083129335880000002
169,1,0.062924978652658753,0.51239622079457381,true,flipguard_tabular_validation_v2,sha256:fe285c03409dd3e50b6710caebf16fd5156ad9feb39c91b3b80f96de75cab957,sha256:025eb7dea28322d4b60adcfff3b1ff48c3fb44aa57280d39eea813405a6561d5,model_input,identity_model_input_v1,0.49875514869100002,-0.30908022169799998,-0.402342990831,1.085667401851,0.46545117896999999,1.2648854500869999,-0.053647200697999997,-0.083129335880000002
171,0,-0.050784854988215292,0.48999538356732159,false,flipguard_tabular_validation_v2,sha256:fe285c03409dd3e50b6710caebf16fd5156ad9feb39c91b3b80f96de75cab957,sha256:025eb7dea28322d4b60adcfff3b1ff48c3fb44aa57280d39eea813405a6561d5,model_input,identity_model_input_v1,0.73623061153400005,-0.30908022169799998,-0.402342990831,-1.7187177491929999,-0.67504030634300005,-1.0566774002379999,-1.143812833363,-0.083129335880000002
172,0,-0.037684917460404879,0.49257607126030023,false,flipguard_tabular_validation_v2,sha256:fe285c03409dd3e50b6710caebf16fd5156ad9feb39c91b3b80f96de75cab957,sha256:025eb7dea28322d4b60adcfff3b1ff48c3fb44aa57280d39eea813405a6561d5,model_input,identity_model_input_v1,0.97370607437599999,0.397951331849,-0.402342990831,1.085667401851,-0.67504030634300005,-1.0566774002379999,-1.143812833363,-0.083129335880000002
178,0,-0.0021716352857319441,0.49957218784871082,false,flipguard_tabular_validation_v2,sha256:fe285c03409dd3e50b6710caebf16fd5156ad9feb39c91b3b80f96de75cab957,sha256:025eb7dea28322d4b60adcfff3b1ff48c3fb44aa57280d39eea813405a6561d5,model_input,identity_model_input_v1,0.26127968584799999,-1.016111775245,-0.402342990831,-1.3681696053129999,-0.67504030634300005,0.18148945326900001,1.347994327014,-0.083129335880000002
182,1,0.0073319487534498264,0.50144439390442963,true,flipguard_tabular_validation_v2,sha256:fe285c03409dd3e50b6710caebf16fd5156ad9feb39c91b3b80f96de75cab957,sha256:025eb7dea28322d4b60adcfff3b1ff48c3fb44aa57280d39eea813405a6561d5,model_input,identity_model_input_v1,0.49875514869100002,-1.016111775245,-0.402342990831,0.034022970210000003,-0.67504030634300005,-0.90190654354999999,1.347994327014,-0.083129335880000002
183,1,0.057997673110922729,0.51142554160285181,true,flipguard_tabular_validation_v2,sha256:fe285c03409dd3e50b6710caebf16fd5156ad9feb39c91b3b80f96de75cab957,sha256:025eb7dea28322d4b60adcfff3b1ff48c3fb44aa57280d39eea813405a6561d5,model_input,identity_model_input_v1,-1.40104855405,-0.485838110085,-0.402342990831,0.20929704215,0.180328307642,1.419656306776,1.036518431967,-0.083129335880000002
184,0,-0.035420966282251297,0.49302206964239648,false,flipguard_tabular_validation_v2,sha256:fe285c03409dd3e50b6710caebf16fd5156ad9feb39c91b3b80f96de75cab957,sha256:025eb7dea28322d4b60adcfff3b1ff48c3fb44aa57280d39eea813405a6561d5,model_input,identity_model_input_v1,0.26127968584799999,-1.016111775245,-0.402342990831,0.38457111409,-0.67504030634300005,-1.0566774002379999,-1.143812833363,-0.083129335880000002
188,1,0.11842481420471519,0.52332968839832894,true,flipguard_tabular_validation_v2,sha256:fe285c03409dd3e50b6710caebf16fd5156ad9feb39c91b3b80f96de75cab957,sha256:025eb7dea28322d4b60adcfff3b1ff48c3fb44aa57280d39eea813405a6561d5,model_input,identity_model_input_v1,0.26127968584799999,-0.83935388685800005,-0.402342990831,1.085667401851,1.605942664284,0.95534373671100004,-1.143812833363,-0.083129335880000002
189,1,-0.018888872276356709,0.49627889216155774,false,flipguard_tabular_validation_v2,sha256:fe285c03409dd3e50b6710caebf16fd5156ad9feb39c91b3b80f96de75cab957,sha256:025eb7dea28322d4b60adcfff3b1ff48c3fb44aa57280d39eea813405a6561d5,model_input,identity_model_input_v1,0.97370607437599999,0.397951331849,-0.402342990831,-1.7187177491929999,-0.67504030634300005,-0.28282311679599997,1.347994327014,-0.083129335880000002
190,0,-0.02995002415246651,0.4940998452419641,false,flipguard_tabular_validation_v2,sha256:fe285c03409dd3e50b6710caebf16fd5156ad9feb39c91b3b80f96de75cab957,sha256:025eb7dea28322d4b60adcfff3b1ff48c3fb44aa57280d39eea813405a6561d5,model_input,identity_model_input_v1,0.73623061153400005,-1.016111775245,-0.402342990831,1.085667401851,-0.67504030634300005,-1.0566774002379999,-1.143812833363,-0.083129335880000002
193,0,-0.045186494316440881,0.49109826061966116,false,flipguard_tabular_validation_v2,sha256:fe285c03409dd3e50b6710caebf16fd5156ad9feb39c91b3b80f96de75cab957,sha256:025eb7dea28322d4b60adcfff3b1ff48c3fb44aa57280d39eea813405a6561d5,model_input,identity_model_input_v1,0.49875514869100002,-1.016111775245,-0.402342990831,-1.7187177491929999,-0.67504030634300005,-1.0566774002379999,-1.143812833363,-0.083129335880000002
194,0,-0.0094106283424993387,0.49814610621652761,false,flipguard_tabular_validation_v2,sha256:fe285c03409dd3e50b6710caebf16fd5156ad9feb39c91b3b80f96de75cab957,sha256:025eb7dea28322d4b60adcfff3b1ff48c3fb44aa57280d39eea813405a6561d5,model_input,identity_model_input_v1,0.73623061153400005,0.75146710862300004,-0.402342990831,-0.66707331755199994,-0.67504030634300005,-1.0566774002379999,0.25782869434900002,-0.083129335880000002
195,0,-0.0075981778187729811,0.49850315896970171,false,flipguard_tabular_validation_v2,sha256:fe285c03409dd3e50b6710caebf16fd5156ad9feb39c91b3b80f96de75cab957,sha256:025eb7dea28322d4b60adcfff3b1ff48c3fb44aa57280d39eea813405a6561d5,model_input,identity_model_input_v1,-1.875999479736,1.104982885396,-0.402342990831,1.085667401851,-0.67504030634300005,-1.0566774002379999,0.25782869434900002,-0.083129335880000002
197,0,-0.078430938832483449,0.48454910505000076,false,flipguard_tabular_validation_v2,sha256:fe285c03409dd3e50b6710caebf16fd5156ad9feb39c91b3b80f96de75cab957,sha256:025eb7dea28322d4b60adcfff3b1ff48c3fb44aa57280d39eea813405a6561d5,model_input,identity_model_input_v1,0.97370607437599999,1.812014438944,0.85808103278299996,0.55984518603,1.3208197929550001,-1.0566774002379999,-0.52086104326899996,-0.083129335880000002
199,1,-0.010478262843659734,0.49793578221979901,false,flipguard_tabular_validation_v2,sha256:fe285c03409dd3e50b6710caebf16fd5156ad9feb39c91b3b80f96de75cab957,sha256:025eb7dea28322d4b60adcfff3b1ff48c3fb44aa57280d39eea813405a6561d5,model_input,identity_model_input_v1,0.97370607437599999,0.75146710862300004,-0.402342990831,0.20929704215,1.605942664284,1.110114593399,0.41356664187300002,-0.083129335880000002
200,1,0.064997283454496596,0.51280446484053588,true,flipguard_tabular_validation_v2,sha256:fe285c03409dd3e50b6710caebf16fd5156ad9feb39c91b3b80f96de75cab957,sha256:025eb7dea28322d4b60adcfff3b1ff48c3fb44aa57280d39eea813405a6561d5,model_input,identity_model_input_v1,0.49875514869100002,-0.83935388685800005,-0.402342990831,0.55984518603,0.46545117896999999,1.110114593399,-0.52086104326899996,-0.083129335880000002
201,0,-0.14431625963668201,0.47156969685157363,false,flipguard_tabular_validation_v2,sha256:fe285c03409dd3e50b6710caebf16fd5156ad9feb39c91b3b80f96de75cab957,sha256:025eb7dea28322d4b60adcfff3b1ff48c3fb44aa57280d39eea813405a6561d5,model_input,identity_model_input_v1,0.023804223005999998,1.812014438944,1.48829304459,-1.7187177491929999,1.8910655356120001,-0.43759397348500001,0.25782869434900002,-0.083129335880000002
205,1,-0.023098593857587744,0.49544957701005521,false,flipguard_tabular_validation_v2,sha256:fe285c03409dd3e50b6710caebf16fd5156ad9feb39c91b3b80f96de75cab957,sha256:025eb7dea28322d4b60adcfff3b1ff48c3fb44aa57280d39eea813405a6561d5,model_input,identity_model_input_v1,0.97370607437599999,0.75146710862300004,-0.402342990831,0.20929704215,-0.67504030634300005,-1.0566774002379999,-0.67659899079300001,-0.083129335880000002
206,0,-0.043430571401255724,0.49144417743395263,false,flipguard_tabular_validation_v2,sha256:fe285c03409dd3e50b6710caebf16fd5156ad9feb39c91b3b80f96de75cab957,sha256:025eb7dea28322d4b60adcfff3b1ff48c3fb44aa57280d39eea813405a6561d5,model_input,identity_model_input_v1,0.023804223005999998,0.044435555076,-0.402342990831,0.91039332991099997,-0.38991743501499998,-1.0566774002379999,-1.143812833363,-0.083129335880000002
207,1,0.01631016116949062,0.50321310175038969,true,flipguard_tabular_validation_v2,sha256:fe285c03409dd3e50b6710caebf16fd5156ad9feb39c91b3b80f96de75cab957,sha256:025eb7dea28322d4b60adcfff3b1ff48c3fb44aa57280d39eea813405a6561d5,model_input,identity_model_input_v1,0.73623061153400005,-0.83935388685800005,-0.402342990831,0.20929704215,-0.67504030634300005,-0.128052260108,1.036518431967,-0.083129335880000002
211,0,-0.034895150786646623,0.49312565529503061,false,flipguard_tabular_validation_v2,sha256:fe285c03409dd3e50b6710caebf16fd5156ad9feb39c91b3b80f96de75cab957,sha256:025eb7dea28322d4b60adcfff3b1ff48c3fb44aa57280d39eea813405a6561d5,model_input,identity_model_input_v1,0.023804223005999998,1.812014438944,1.803399050493,-1.7187177491929999,-0.67504030634300005,-0.59236483017300001,-0.52086104326899996,-0.083129335880000002
213,1,0.020007253188808687,0.50394142887819526,true,flipguard_tabular_validation_v2,sha256:fe285c03409dd3e50b6710caebf16fd5156ad9feb39c91b3b80f96de75cab957,sha256:025eb7dea28322d4b60adcfff3b1ff48c3fb44aa57280d39eea813405a6561d5,model_input,identity_model_input_v1,-0.45114670268000001,0.22119344346299999,-0.402342990831,-1.7187177491929999,-0.67504030634300005,1.2648854500869999,-0.20938514822199999,-0.083129335880000002
215,0,-0.14000481289594024,0.47241905185949978,false,flipguard_tabular_validation_v2,sha256:fe285c03409dd3e50b6710caebf16fd5156ad9feb39c91b3b80f96de75cab957,sha256:025eb7dea28322d4b60adcfff3b1ff48c3fb44aa57280d39eea813405a6561d5,model_input,identity_model_input_v1,0.26127968584799999,1.812014438944,0.85808103278299996,-0.84234738949200005,1.8910655356120001,0.95534373671100004,1.347994327014,-0.083129335880000002
217,0,0.0027442885824739902,0.50054062485074735,true,flipguard_tabular_validation_v2,sha256:fe285c03409dd3e50b6710caebf16fd5156ad9feb39c91b3b80f96de75cab957,sha256:025eb7dea28322d4b60adcfff3b1ff48c3fb44aa57280d39eea813405a6561d5,model_input,identity_model_input_v1,0.97370607437599999,0.397951331849,-0.402342990831,0.20929704215,-0.67504030634300005,0.49103116664500002,-1.143812833363,-0.083129335880000002
220,1,0.0084493499958755089,0.50166452194918743,true,flipguard_tabular_validation_v2,sha256:fe285c03409dd3e50b6710caebf16fd5156ad9feb39c91b3b80f96de75cab957,sha256:025eb7dea28322d4b60adcfff3b1ff48c3fb44aa57280d39eea813405a6561d5,model_input,identity_model_input_v1,0.97370607437599999,0.397951331849,-0.402342990831,-0.141251101731,-0.67504030634300005,0.64580202333400005,1.036518431967,-0.083129335880000002
221,1,0.012017472726876787,0.50236744212719475,true,flipguard_tabular_validation_v2,sha256:fe285c03409dd3e50b6710caebf16fd5156ad9feb39c91b3b80f96de75cab957,sha256:025eb7dea28322d4b60adcfff3b1ff48c3fb44aa57280d39eea813405a6561d5,model_input,identity_model_input_v1,-0.68862216552199995,0.22119344346299999,-0.402342990831,1.085667401851,-0.67504030634300005,-0.74713568686200005,1.1922563794909999,-0.083129335880000002
225,0,-0.064726356761371617,0.48724890771800977,false,flipguard_tabular_validation_v2,sha256:fe285c03409dd3e50b6710caebf16fd5156ad9feb39c91b3b80f96de75cab957,sha256:025eb7dea28322d4b60adcfff3b1ff48c3fb44aa57280d39eea813405a6561d5,model_input,identity_model_input_v1,0.49875514869100002,1.812014438944,4.324247097722,-1.7187177491929999,-0.67504030634300005,-0.90190654354999999,0.56930458939600004,-0.083129335880000002
226,0,-0.0012093738737549682,0.49976175334687029,false,flipguard_tabular_validation_v2,sha256:fe285c03409dd3e50b6710caebf16fd5156ad9feb39c91b3b80f96de75cab957,sha256:025eb7dea28322d4b60adcfff3b1ff48c3fb44aa57280d39eea813405a6561d5,model_input,identity_model_input_v1,-0.21367123983700001,-0.13232233331099999,-0.402342990831,-0.84234738949200005,-0.67504030634300005,0.33626030995700001,1.347994327014,-0.083129335880000002
228,0,-0.0559094541469898,0.48898583753304303,false,flipguard_tabular_validation_v2,sha256:fe285c03409dd3e50b6710caebf16fd5156ad9feb39c91b3b80f96de75cab957,sha256:025eb7dea28322d4b60adcfff3b1ff48c3fb44aa57280d39eea813405a6561d5,model_input,identity_model_input_v1,-0.68862216552199995,0.044435555076,-0.402342990831,0.034022970210000003,-0.67504030634300005,-1.0566774002379999,-1.143812833363,-0.083129335880000002
229,0,-0.047577548159311561,0.49062722301261563,false,flipguard_tabular_validation_v2,sha256:fe285c03409dd3e50b6710caebf16fd5156ad9feb39c91b3b80f96de75cab957,sha256:025eb7dea28322d4b60adcfff3b1ff48c3fb44aa57280d39eea813405a6561d5,model_input,identity_model_input_v1,0.97370607437599999,-0.30908022169799998,-0.402342990831,-1.7187177491929999,-0.67504030634300005,-1.0566774002379999,-1.143812833363,-0.083129335880000002
231,0,-0.042958757288007479,0.49153712481426254,false,flipguard_tabular_validation_v2,sha256:fe285c03409dd3e50b6710caebf16fd5156ad9feb39c91b3b80f96de75cab957,sha256:025eb7dea28322d4b60adcfff3b1ff48c3fb44aa57280d39eea813405a6561d5,model_input,identity_model_input_v1,0.49875514869100002,0.044435555076,-0.402342990831,0.38457111409,-0.67504030634300005,-1.0566774002379999,-1.143812833363,-0.083129335880000002
233,0,-0.011198254069803917,0.49779394394824861,false,flipguard_tabular_validation_v2,sha256:fe285c03409dd3e50b6710caebf16fd5156ad9feb39c91b3b80f96de75cab957,sha256:025eb7dea28322d4b60adcfff3b1ff48c3fb44aa57280d39eea813405a6561d5,model_input,identity_model_input_v1,0.97370607437599999,0.397951331849,-0.402342990831,1.085667401851,1.035696921627,1.419656306776,1.347994327014,-0.083129335880000002
235,1,0.081818781266426582,0.51611829990948599,true,flipguard_tabular_validation_v2,sha256:fe285c03409dd3e50b6710caebf16fd5156ad9feb39c91b3b80f96de75cab957,sha256:025eb7dea28322d4b60adcfff3b1ff48c3fb44aa57280d39eea813405a6561d5,model_input,identity_model_input_v1,0.73623061153400005,-0.66259599847100004,-0.402342990831,0.73511925797099997,1.035696921627,1.2648854500869999,-0.98807488584000003,-0.083129335880000002
236,0,-0.037405369683192406,0.49263114217241111,false,flipguard_tabular_validation_v2,sha256:fe285c03409dd3e50b6710caebf16fd5156ad9feb39c91b3b80f96de75cab957,sha256:025eb7dea28322d4b60adcfff3b1ff48c3fb44aa57280d39eea813405a6561d5,model_input,identity_model_input_v1,0.73623061153400005,-1.016111775245,-0.402342990831,-1.7187177491929999,0.75057405029900004,0.02671859658,0.72504253691999998,-0.083129335880000002
238,0,-0.12620993880723996,0.47513664205497375,false,flipguard_tabular_validation_v2,sha256:fe285c03409dd3e50b6710caebf16fd5156ad9feb39c91b3b80f96de75cab957,sha256:025eb7dea28322d4b60adcfff3b1ff48c3fb44aa57280d39eea813405a6561d5,model_input,identity_model_input_v1,0.73623061153400005,1.104982885396,3.0638230741079999,0.034022970210000003,-0.67504030634300005,1.419656306776,1.347994327014,-0.083129335880000002
239,1,0.026879952819396195,0.50529535070542109,true,flipguard_tabular_validation_v2,sha256:fe285c03409dd3e50b6710caebf16fd5156ad9feb39c91b3b80f96de75cab957,sha256:025eb7dea28322d4b60adcfff3b1ff48c3fb44aa57280d39eea813405a6561d5,model_input,identity_model_input_v1,-1.40104855405,-1.016111775245,-0.402342990831,-1.0176214614320001,-0.67504030634300005,0.95534373671100004,1.036518431967,-0.083129335880000002
240,1,-0.036992846956369091,0.4927124091495953,false,flipguard_tabular_validation_v2,sha256:fe285c03409dd3e50b6710caebf16fd5156ad9feb39c91b3b80f96de75cab957,sha256:025eb7dea28322d4b60adcfff3b1ff48c3fb44aa57280d39eea813405a6561d5,model_input,identity_model_input_v1,0.97370607437599999,-1.016111775245,-0.402342990831,-1.3681696053129999,-0.67504030634300005,-1.0566774002379999,-1.143812833363,-0.083129335880000002
241,0,-0.11105770502314435,0.47812163211044056,false,flipguard_tabular_validation_v2,sha256:fe285c03409dd3e50b6710caebf16fd5156ad9feb39c91b3b80f96de75cab957,sha256:025eb7dea28322d4b60adcfff3b1ff48c3fb44aa57280d39eea813405a6561d5,model_input,identity_model_input_v1,-0.45114670268000001,1.281740773783,3.3789290800109999,-0.66707331755199994,-0.67504030634300005,1.2648854500869999,1.1922563794909999,-0.083129335880000002
243,0,-0.060720434229595603,0.48803807445676967,false,flipguard_tabular_validation_v2,sha256:fe285c03409dd3e50b6710caebf16fd5156ad9feb39c91b3b80f96de75cab957,sha256:025eb7dea28322d4b60adcfff3b1ff48c3fb44aa57280d39eea813405a6561d5,model_input,identity_model_input_v1,-2.5884258682639998,1.812014438944,4.0091410918179999,1.085667401851,-0.67504030634300005,-1.0566774002379999,-1.143812833363,-0.083129335880000002
245,0,-0.068727003712729162,0.48646078026859235,false,flipguard_tabular_validation_v2,sha256:fe285c03409dd3e50b6710caebf16fd5156ad9feb39c91b3b80f96de75cab957,sha256:025eb7dea28322d4b60adcfff3b1ff48c3fb44aa57280d39eea813405a6561d5,model_input,identity_model_input_v1,-0.92609762836499998,1.45849866217,-0.402342990831,1.085667401851,-0.67504030634300005,-1.0566774002379999,-1.143812833363,-0.083129335880000002
247,0,-0.0040264354910241554,0.49920679220826825,false,flipguard_tabular_validation_v2,sha256:fe285c03409dd3e50b6710caebf16fd5156ad9feb39c91b3b80f96de75cab957,sha256:025eb7dea28322d4b60adcfff3b1ff48c3fb44aa57280d39eea813405a6561d5,model_input,identity_model_input_v1,0.97370607437599999,-1.016111775245,-0.402342990831,-1.3681696053129999,-0.67504030634300005,0.02671859658,1.347994327014,-0.083129335880000002
252,0,-0.065532199536152955,0.4870901566913779,false,flipguard_tabular_validation_v2,sha256:fe285c03409dd3e50b6710caebf16fd5156ad9feb39c91b3b80f96de75cab957,sha256:025eb7dea28322d4b60adcfff3b1ff48c3fb44aa57280d39eea813405a6561d5,model_input,identity_model_input_v1,0.73623061153400005,1.635256550557,0.22786902097600001,-1.7187177491929999,-0.67504030634300005,-1.0566774002379999,-1.143812833363,-0.083129335880000002
253,1,0.052167842060906383,0.51027706488599855,true,flipguard_tabular_validation_v2,sha256:fe285c03409dd3e50b6710caebf16fd5156ad9feb39c91b3b80f96de75cab957,sha256:025eb7dea28322d4b60adcfff3b1ff48c3fb44aa57280d39eea813405a6561d5,model_input,identity_model_input_v1,0.26127968584799999,-1.016111775245,-0.402342990831,0.55984518603,0.180328307642,1.419656306776,0.56930458939600004,-0.083129335880000002
254,0,-0.047575395536092448,0.49062764707938977,false,flipguard_tabular_validation_v2,sha256:fe285c03409dd3e50b6710caebf16fd5156ad9feb39c91b3b80f96de75cab957,sha256:025eb7dea28322d4b60adcfff3b1ff48c3fb44aa57280d39eea813405a6561d5,model_input,identity_model_input_v1,0.97370607437599999,0.75146710862300004,-0.402342990831,-0.31652517367100003,-0.67504030634300005,-1.0566774002379999,-1.143812833363,-0.083129335880000002
255,1,0.1416251121275067,0.52790014708911881,true,flipguard_tabular_validation_v2,sha256:fe285c03409dd3e50b6710caebf16fd5156ad9feb39c91b3b80f96de75cab957,sha256:025eb7dea28322d4b60adcfff3b1ff48c3fb44aa57280d39eea813405a6561d5,model_input,identity_model_input_v1,-0.21367123983700001,-1.016111775245,-0.402342990831,0.55984518603,2.1761884069409998,1.419656306776,0.25782869434900002,-0.083129335880000002
258,1,0.024699573447263694,0.50486581596911095,true,flipguard_tabular_validation_v2,sha256:fe285c03409dd3e50b6710caebf16fd5156ad9feb39c91b3b80f96de75cab957,sha256:025eb7dea28322d4b60adcfff3b1ff48c3fb44aa57280d39eea813405a6561d5,model_input,identity_model_input_v1,0.023804223005999998,0.044435555076,-0.402342990831,-1.3681696053129999,-0.67504030634300005,1.419656306776,0.10209074682499999,-0.083129335880000002
261,1,0.081798960081223809,0.5161143951360011,true,flipguard_tabular_validation_v2,sha256:fe285c03409dd3e50b6710caebf16fd5156ad9feb39c91b3b80f96de75cab957,sha256:025eb7dea28322d4b60adcfff3b1ff48c3fb44aa57280d39eea813405a6561d5,model_input,identity_model_input_v1,-1.163573091208,-1.016111775245,-0.402342990831,0.91039332991099997,0.75057405029900004,1.419656306776,1.347994327014,-0.083129335880000002
262,1,0.11047898149612735,0.52176435935473708,true,flipguard_tabular_validation_v2,sha256:fe285c03409dd3e50b6710caebf16fd5156ad9feb39c91b3b80f96de75cab957,sha256:025eb7dea28322d4b60adcfff3b1ff48c3fb44aa57280d39eea813405a6561d5,model_input,identity_model_input_v1,-2.5884258682639998,1.104982885396,-0.402342990831,-0.31652517367100003,2.7464341495969999,1.419656306776,0.88078048444299994,-0.083129335880000002
265,0,-0.012636713072565498,0.49751056752470457,false,flipguard_tabular_validation_v2,sha256:fe285c03409dd3e50b6710caebf16fd5156ad9feb39c91b3b80f96de75cab957,sha256:025eb7dea28322d4b60adcfff3b1ff48c3fb44aa57280d39eea813405a6561d5,model_input,identity_model_input_v1,0.97370607437599999,-0.66259599847100004,-0.402342990831,-1.7187177491929999,-0.67504030634300005,-0.90190654354999999,1.347994327014,-0.083129335880000002
270,0,-0.076139688019046761,0.48500048146024777,false,flipguard_tabular_validation_v2,sha256:fe285c03409dd3e50b6710caebf16fd5156ad9feb39c91b3b80f96de75cab957,sha256:025eb7dea28322d4b60adcfff3b1ff48c3fb44aa57280d39eea813405a6561d5,model_input,identity_model_input_v1,-2.825901331107,1.45849866217,0.54297502687900001,-0.141251101731,-0.67504030634300005,-1.0566774002379999,-1.143812833363,-0.083129335880000002
271,1,0.012362700410101256,0.50243545198078998,true,flipguard_tabular_validation_v2,sha256:fe285c03409dd3e50b6710caebf16fd5156ad9feb39c91b3b80f96de75cab957,sha256:025eb7dea28322d4b60adcfff3b1ff48c3fb44aa57280d39eea813405a6561d5,model_input,identity_model_input_v1,0.49875514869100002,-0.30908022169799998,-0.402342990831,0.20929704215,-0.67504030634300005,-0.74713568686200005,0.72504253691999998,-0.083129335880000002
272,1,0.11624849149828013,0.52290095282516114,true,flipguard_tabular_validation_v2,sha256:fe285c03409dd3e50b6710caebf16fd5156ad9feb39c91b3b80f96de75cab957,sha256:025eb7dea28322d4b60adcfff3b1ff48c3fb44aa57280d39eea813405a6561d5,model_input,identity_model_input_v1,0.73623061153400005,-0.66259599847100004,-0.402342990831,0.73511925797099997,1.8910655356120001,1.419656306776,-0.83233693831599997,-0.083129335880000002
273,0,-0.055104665005116009,0.48914438099399216,false,flipguard_tabular_validation_v2,sha256:fe285c03409dd3e50b6710caebf16fd5156ad9feb39c91b3b80f96de75cab957,sha256:025eb7dea28322d4b60adcfff3b1ff48c3fb44aa57280d39eea813405a6561d5,model_input,identity_model_input_v1,0.97370607437599999,1.812014438944,4.324247097722,1.085667401851,-0.67504030634300005,-1.0566774002379999,0.25782869434900002,-0.083129335880000002
277,0,0.024971083256273514,0.50491930340148583,true,flipguard_tabular_validation_v2,sha256:fe285c03409dd3e50b6710caebf16fd5156ad9feb39c91b3b80f96de75cab957,sha256:025eb7dea28322d4b60adcfff3b1ff48c3fb44aa57280d39eea813405a6561d5,model_input,identity_model_input_v1,0.26127968584799999,-0.83935388685800005,-0.402342990831,-0.84234738949200005,-0.104794563686,0.95534373671100004,-1.143812833363,-0.083129335880000002
278,0,-0.081528053106110762,0.48393897353809617,false,flipguard_tabular_validation_v2,sha256:fe285c03409dd3e50b6710caebf16fd5156ad9feb39c91b3b80f96de75cab957,sha256:025eb7dea28322d4b60adcfff3b1ff48c3fb44aa57280d39eea813405a6561d5,model_input,identity_model_input_v1,-2.825901331107,1.635256550557,-0.402342990831,1.085667401851,-0.67504030634300005,-1.0566774002379999,-1.143812833363,-0.083129335880000002
279,1,0.079958370493093886,0.51575179898713952,true,flipguard_tabular_validation_v2,sha256:fe285c03409dd3e50b6710caebf16fd5156ad9feb39c91b3b80f96de75cab957,sha256:025eb7dea28322d4b60adcfff3b1ff48c3fb44aa57280d39eea813405a6561d5,model_input,identity_model_input_v1,-0.21367123983700001,-1.016111775245,-0.402342990831,0.38457111409,2.1761884069409998,1.419656306776,1.1922563794909999,-0.083129335880000002
281,0,-0.023921774741507792,0.49528741037592294,false,flipguard_tabular_validation_v2,sha256:fe285c03409dd3e50b6710caebf16fd5156ad9feb39c91b3b80f96de75cab957,sha256:025eb7dea28322d4b60adcfff3b1ff48c3fb44aa57280d39eea813405a6561d5,model_input,identity_model_input_v1,-2.825901331107,0.22119344346299999,-0.402342990831,0.034022970210000003,-0.38991743501499998,-1.0566774002379999,-0.52086104326899996,-0.083129335880000002
283,0,0.013789076096325147,0.50271644799097603,true,flipguard_tabular_validation_v2,sha256:fe285c03409dd3e50b6710caebf16fd5156ad9feb39c91b3b80f96de75cab957,sha256:025eb7dea28322d4b60adcfff3b1ff48c3fb44aa57280d39eea813405a6561d5,model_input,identity_model_input_v1,-2.825901331107,1.45849866217,0.54297502687900001,-1.7187177491929999,-0.38991743501499998,1.419656306776,0.25782869434900002,-0.083129335880000002
285,0,-0.030418275041828001,0.4940075998167599,false,flipguard_tabular_validation_v2,sha256:fe285c03409dd3e50b6710caebf16fd5156ad9feb39c91b3b80f96de75cab957,sha256:025eb7dea28322d4b60adcfff3b1ff48c3fb44aa57280d39eea813405a6561d5,model_input,identity_model_input_v1,0.73623061153400005,1.812014438944,1.48829304459,-1.7187177491929999,-0.67504030634300005,-1.0566774002379999,0.10209074682499999,-0.083129335880000002
291,0,-0.046177300335225831,0.49090307183396054,false,flipguard_tabular_validation_v2,sha256:fe285c03409dd3e50b6710caebf16fd5156ad9feb39c91b3b80f96de75cab957,sha256:025eb7dea28322d4b60adcfff3b1ff48c3fb44aa57280d39eea813405a6561d5,model_input,identity_model_input_v1,0.26127968584799999,-1.016111775245,-0.402342990831,-1.543443677253,-0.67504030634300005,-1.0566774002379999,-1.143812833363,-0.083129335880000002
294,0,-0.042493614176998921,0.49162875800713124,false,flipguard_tabular_validation_v2,sha256:fe285c03409dd3e50b6710caebf16fd5156ad9feb39c91b3b80f96de75cab957,sha256:025eb7dea28322d4b60adcfff3b1ff48c3fb44aa57280d39eea813405a6561d5,model_input,identity_model_input_v1,-0.92609762836499998,0.57470922023600002,3.3789290800109999,0.20929704215,-0.67504030634300005,-1.0566774002379999,-0.67659899079300001,-0.083129335880000002
295,0,-0.013131600950804071,0.49741307461269157,false,flipguard_tabular_validation_v2,sha256:fe285c03409dd3e50b6710caebf16fd5156ad9feb39c91b3b80f96de75cab957,sha256:025eb7dea28322d4b60adcfff3b1ff48c3fb44aa57280d39eea813405a6561d5,model_input,identity_model_input_v1,0.023804223005999998,-1.016111775245,-0.402342990831,1.085667401851,-0.67504030634300005,-1.0566774002379999,-0.67659899079300001,-0.083129335880000002
296,1,0.02411947261774882,0.50475153610569656,true,flipguard_tabular_validation_v2,sha256:fe285c03409dd3e50b6710caebf16fd5156ad9feb39c91b3b80f96de75cab957,sha256:025eb7dea28322d4b60adcfff3b1ff48c3fb44aa57280d39eea813405a6561d5,model_input,identity_model_input_v1,0.49875514869100002,-1.016111775245,-0.402342990831,0.55984518603,-0.67504030634300005,0.49103116664500002,0.88078048444299994,-0.083129335880000002
297,0,-0.051151542712014095,0.48992314608573323,false,flipguard_tabular_validation_v2,sha256:fe285c03409dd3e50b6710caebf16fd5156ad9feb39c91b3b80f96de75cab957,sha256:025eb7dea28322d4b60adcfff3b1ff48c3fb44aa57280d39eea813405a6561d5,model_input,identity_model_input_v1,0.26127968584799999,-0.13232233331099999,-0.402342990831,-0.84234738949200005,-0.67504030634300005,-1.0566774002379999,-1.143812833363,-0.083129335880000002
298,1,0.028683826266024715,0.50565071377440685,true,flipguard_tabular_validation_v2,sha256:fe285c03409dd3e50b6710caebf16fd5156ad9feb39c91b3b80f96de75cab957,sha256:025eb7dea28322d4b60adcfff3b1ff48c3fb44aa57280d39eea813405a6561d5,model_input,identity_model_input_v1,-0.45114670268000001,-1.016111775245,-0.402342990831,-1.0176214614320001,-0.67504030634300005,0.64580202333400005,-0.053647200697999997,-0.083129335880000002
300,1,0.015806100801800196,0.50311380185795462,true,flipguard_tabular_validation_v2,sha256:fe285c03409dd3e50b6710caebf16fd5156ad9feb39c91b3b80f96de75cab957,sha256:025eb7dea28322d4b60adcfff3b1ff48c3fb44aa57280d39eea813405a6561d5,model_input,identity_model_input_v1,-0.68862216552199995,-0.13232233331099999,-0.402342990831,-1.1928955333719999,-0.67504030634300005,0.64580202333400005,-0.36512309574500001,-0.083129335880000002
301,1,0.035689374521101061,0.50703080678065693,true,flipguard_tabular_validation_v2,sha256:fe285c03409dd3e50b6710caebf16fd5156ad9feb39c91b3b80f96de75cab957,sha256:025eb7dea28322d4b60adcfff3b1ff48c3fb44aa57280d39eea813405a6561d5,model_input,identity_model_input_v1,0.49875514869100002,-0.30908022169799998,-0.402342990831,0.91039332991099997,-0.67504030634300005,1.110114593399,-0.053647200697999997,-0.083129335880000002
303,1,0.032821202177298267,0.50646577682892779,true,flipguard_tabular_validation_v2,sha256:fe285c03409dd3e50b6710caebf16fd5156ad9feb39c91b3b80f96de75cab957,sha256:025eb7dea28322d4b60adcfff3b1ff48c3fb44aa57280d39eea813405a6561d5,model_input,identity_model_input_v1,0.26127968584799999,-0.83935388685800005,-0.402342990831,0.55984518603,-0.67504030634300005,1.419656306776,0.56930458939600004,-0.083129335880000002
309,1,0.060605755884061301,0.51193933390916002,true,flipguard_tabular_validation_v2,sha256:fe285c03409dd3e50b6710caebf16fd5156ad9feb39c91b3b80f96de75cab957,sha256:025eb7dea28322d4b60adcfff3b1ff48c3fb44aa57280d39eea813405a6561d5,model_input,identity_model_input_v1,0.023804223005999998,-1.016111775245,-0.402342990831,0.73511925797099997,-0.104794563686,1.2648854500869999,-0.67659899079300001,-0.083129335880000002
310,1,0.029068842778356408,0.50572656202733623,true,flipguard_tabular_validation_v2,sha256:fe285c03409dd3e50b6710caebf16fd5156ad9feb39c91b3b80f96de75cab957,sha256:025eb7dea28322d4b60adcfff3b1ff48c3fb44aa57280d39eea813405a6561d5,model_input,identity_model_input_v1,0.97370607437599999,0.044435555076,-0.402342990831,0.55984518603,-0.67504030634300005,0.800572880022,0.25782869434900002,-0.083129335880000002
312,1,0.097931410730533075,0.51929248791391502,true,flipguard_tabular_validation_v2,sha256:fe285c03409dd3e50b6710caebf16fd5156ad9feb39c91b3b80f96de75cab957,sha256:025eb7dea28322d4b60adcfff3b1ff48c3fb44aa57280d39eea813405a6561d5,model_input,identity_model_input_v1,-0.21367123983700001,-1.016111775245,-0.402342990831,1.085667401851,1.3208197929550001,1.419656306776,0.88078048444299994,-0.083129335880000002
313,0,-0.042963302413413784,0.49153622942455749,false,flipguard_tabular_validation_v2,sha256:fe285c03409dd3e50b6710caebf16fd5156ad9feb39c91b3b80f96de75cab957,sha256:025eb7dea28322d4b60adcfff3b1ff48c3fb44aa57280d39eea813405a6561d5,model_input,identity_model_input_v1,0.023804223005999998,-0.30908022169799998,-0.402342990831,0.73511925797099997,-0.67504030634300005,-1.0566774002379999,-1.143812833363,-0.083129335880000002
315,1,0.025143529337428944,0.50495327527947353,true,flipguard_tabular_validation_v2,sha256:fe285c03409dd3e50b6710caebf16fd5156ad9feb39c91b3b80f96de75cab957,sha256:025eb7dea28322d4b60adcfff3b1ff48c3fb44aa57280d39eea813405a6561d5,model_input,identity_model_input_v1,-2.825901331107,0.57470922023600002,-0.402342990831,-1.543443677253,1.035696921627,1.2648854500869999,1.347994327014,-0.083129335880000002
316,0,-0.01234737894600646,0.49756756634763671,false,flipguard_tabular_validation_v2,sha256:fe285c03409dd3e50b6710caebf16fd5156ad9feb39c91b3b80f96de75cab957,sha256:025eb7dea28322d4b60adcfff3b1ff48c3fb44aa57280d39eea813405a6561d5,model_input,identity_model_input_v1,-0.92609762836499998,1.281740773783,4.324247097722,0.55984518603,0.75057405029900004,-1.0566774002379999,-0.83233693831599997,-0.083129335880000002
318,0,-0.025886381841975729,0.49490038277713078,false,flipguard_tabular_validation_v2,sha256:fe285c03409dd3e50b6710caebf16fd5156ad9feb39c91b3b80f96de75cab957,sha256:025eb7dea28322d4b60adcfff3b1ff48c3fb44aa57280d39eea813405a6561d5,model_input,identity_model_input_v1,0.97370607437599999,1.812014438944,2.7487170682039999,1.085667401851,-0.67504030634300005,-1.0566774002379999,0.10209074682499999,-0.083129335880000002
320,0,-0.016159381208989996,0.49681660190182897,false,flipguard_tabular_validation_v2,sha256:fe285c03409dd3e50b6710caebf16fd5156ad9feb39c91b3b80f96de75cab957,sha256:025eb7dea28322d4b60adcfff3b1ff48c3fb44aa57280d39eea813405a6561d5,model_input,identity_model_input_v1,0.26127968584799999,0.397951331849,-0.402342990831,-1.543443677253,-0.67504030634300005,1.419656306776,1.347994327014,-0.083129335880000002
321,1,0.050886208293547397,0.5100245830338288,true,flipguard_tabular_validation_v2,sha256:fe285c03409dd3e50b6710caebf16fd5156ad9feb39c91b3b80f96de75cab957,sha256:025eb7dea28322d4b60adcfff3b1ff48c3fb44aa57280d39eea813405a6561d5,model_input,identity_model_input_v1,-0.21367123983700001,0.75146710862300004,-0.402342990831,0.91039332991099997,0.46545117896999999,1.2648854500869999,-0.98807488584000003,-0.083129335880000002
323,1,0.012432468934166037,0.50244919638003072,true,flipguard_tabular_validation_v2,sha256:fe285c03409dd3e50b6710caebf16fd5156ad9feb39c91b3b80f96de75cab957,sha256:025eb7dea28322d4b60adcfff3b1ff48c3fb44aa57280d39eea813405a6561d5,model_input,identity_model_input_v1,0.73623061153400005,-1.016111775245,-0.402342990831,-0.66707331755199994,-0.67504030634300005,0.64580202333400005,1.036518431967,-0.083129335880000002
324,1,0.085816849880998913,0.51690591942655684,true,flipguard_tabular_validation_v2,sha256:fe285c03409dd3e50b6710caebf16fd5156ad9feb39c91b3b80f96de75cab957,sha256:025eb7dea28322d4b60adcfff3b1ff48c3fb44aa57280d39eea813405a6561d5,model_input,identity_model_input_v1,0.023804223005999998,-1.016111775245,-0.402342990831,0.73511925797099997,0.46545117896999999,1.419656306776,-0.20938514822199999,-0.083129335880000002
325,1,0.11837304017512032,0.52331948891449875,true,flipguard_tabular_validation_v2,sha256:fe285c03409dd3e50b6710caebf16fd5156ad9feb39c91b3b80f96de75cab957,sha256:025eb7dea28322d4b60adcfff3b1ff48c3fb44aa57280d39eea813405a6561d5,model_input,identity_model_input_v1,-0.21367123983700001,-1.016111775245,-0.402342990831,0.91039332991099997,1.605942664284,1.419656306776,0.56930458939600004,-0.083129335880000002
326,0,-0.022624890704911225,0.49554289653113248,false,flipguard_tabular_validation_v2,sha256:fe285c03409dd3e50b6710caebf16fd5156ad9feb39c91b3b80f96de75cab957,sha256:025eb7dea28322d4b60adcfff3b1ff48c3fb44aa57280d39eea813405a6561d5,model_input,identity_model_input_v1,0.73623061153400005,1.45849866217,-0.087236984928,-1.7187177491929999,-0.67504030634300005,0.02671859658,1.036518431967,-0.083129335880000002
328,1,0.0050332919358193227,0.50099155851135646,true,flipguard_tabular_validation_v2,sha256:fe285c03409dd3e50b6710caebf16fd5156ad9feb39c91b3b80f96de75cab957,sha256:025eb7dea28322d4b60adcfff3b1ff48c3fb44aa57280d39eea813405a6561d5,model_input,identity_model_input_v1,0.97370607437599999,-0.83935388685800005,-0.402342990831,-0.66707331755199994,-0.67504030634300005,-0.59236483017300001,1.1922563794909999,-0.083129335880000002
330,1,0.13212850471387733,0.52602931542863385,true,flipguard_tabular_validation_v2,sha256:fe285c03409dd3e50b6710caebf16fd5156ad9feb39c91b3b80f96de75cab957,sha256:025eb7dea28322d4b60adcfff3b1ff48c3fb44aa57280d39eea813405a6561d5,model_input,identity_model_input_v1,0.49875514869100002,-1.016111775245,-0.402342990831,1.085667401851,1.605942664284,1.419656306776,-0.52086104326899996,-0.083129335880000002
331,0,-0.036145879041352018,0.49287926182885367,false,flipguard_tabular_validation_v2,sha256:fe285c03409dd3e50b6710caebf16fd5156ad9feb39c91b3b80f96de75cab957,sha256:025eb7dea28322d4b60adcfff3b1ff48c3fb44aa57280d39eea813405a6561d5,model_input,identity_model_input_v1,0.73623061153400005,1.104982885396,0.85808103278299996,1.085667401851,-0.104794563686,1.419656306776,1.1922563794909999,-0.083129335880000002
332,0,-0.038136482726046909,0.49248711290296876,false,flipguard_tabular_validation_v2,sha256:fe285c03409dd3e50b6710caebf16fd5156ad9feb39c91b3b80f96de75cab957,sha256:025eb7dea28322d4b60adcfff3b1ff48c3fb44aa57280d39eea813405a6561d5,model_input,identity_model_input_v1,0.26127968584799999,-0.66259599847100004,-0.402342990831,0.55984518603,-0.67504030634300005,-1.0566774002379999,-1.143812833363,-0.083129335880000002
334,0,-0.081442164237543205,0.48395589364520397,false,flipguard_tabular_validation_v2,sha256:fe285c03409dd3e50b6710caebf16fd5156ad9feb39c91b3b80f96de75cab957,sha256:025eb7dea28322d4b60adcfff3b1ff48c3fb44aa57280d39eea813405a6561d5,model_input,identity_model_input_v1,0.97370607437599999,1.812014438944,3.694035085915,-1.7187177491929999,0.180328307642,-0.59236483017300001,0.10209074682499999,-0.083129335880000002
335,1,0.020351714752642164,0.50400928780627052,true,flipguard_tabular_validation_v2,sha256:fe285c03409dd3e50b6710caebf16fd5156ad9feb39c91b3b80f96de75cab957,sha256:025eb7dea28322d4b60adcfff3b1ff48c3fb44aa57280d39eea813405a6561d5,model_input,identity_model_input_v1,0.49875514869100002,0.044435555076,-0.402342990831,0.73511925797099997,-0.67504030634300005,0.64580202333400005,0.88078048444299994,-0.083129335880000002
336,0,-0.040752528274661519,0.49197175192989168,false,flipguard_tabular_validation_v2,sha256:fe285c03409dd3e50b6710caebf16fd5156ad9feb39c91b3b80f96de75cab957,sha256:025eb7dea28322d4b60adcfff3b1ff48c3fb44aa57280d39eea813405a6561d5,model_input,identity_model_input_v1,0.26127968584799999,1.812014438944,1.803399050493,1.085667401851,-0.67504030634300005,-0.59236483017300001,1.347994327014,-0.083129335880000002
337,0,-0.074987349884934884,0.4852274920726678,false,flipguard_tabular_validation_v2,sha256:fe285c03409dd3e50b6710caebf16fd5156ad9feb39c91b3b80f96de75cab957,sha256:025eb7dea28322d4b60adcfff3b1ff48c3fb44aa57280d39eea813405a6561d5,model_input,identity_model_input_v1,-0.92609762836499998,1.281740773783,-0.087236984928,-0.141251101731,-0.104794563686,-1.0566774002379999,-1.143812833363,-0.083129335880000002
338,1,0.074456401603385208,0.51466791111586685,true,flipguard_tabular_validation_v2,sha256:fe285c03409dd3e50b6710caebf16fd5156ad9feb39c91b3b80f96de75cab957,sha256:025eb7dea28322d4b60adcfff3b1ff48c3fb44aa57280d39eea813405a6561d5,model_input,identity_model_input_v1,0.26127968584799999,-1.016111775245,-0.402342990831,0.91039332991099997,0.46545117896999999,1.419656306776,0.25782869434900002,-0.083129335880000002
341,0,-0.090348806977027671,0.48220128502552556,false,flipguard_tabular_validation_v2,sha256:fe285c03409dd3e50b6710caebf16fd5156ad9feb39c91b3b80f96de75cab957,sha256:025eb7dea28322d4b60adcfff3b1ff48c3fb44aa57280d39eea813405a6561d5,model_input,identity_model_input_v1,0.023804223005999998,1.812014438944,0.54297502687900001,-1.3681696053129999,0.180328307642,-0.74713568686200005,1.1922563794909999,-0.083129335880000002
342,0,-0.037712252467013582,0.4925706862639983,false,flipguard_tabular_validation_v2,sha256:fe285c03409dd3e50b6710caebf16fd5156ad9feb39c91b3b80f96de75cab957,sha256:025eb7dea28322d4b60adcfff3b1ff48c3fb44aa57280d39eea813405a6561d5,model_input,identity_model_input_v1,-2.825901331107,-0.13232233331099999,-0.402342990831,-1.543443677253,1.035696921627,-1.0566774002379999,-0.98807488584000003,-0.083129335880000002
343,1,0.037297935528781773,0.50734769329916996,true,flipguard_tabular_validation_v2,sha256:fe285c03409dd3e50b6710caebf16fd5156ad9feb39c91b3b80f96de75cab957,sha256:025eb7dea28322d4b60adcfff3b1ff48c3fb44aa57280d39eea813405a6561d5,model_input,identity_model_input_v1,0.49875514869100002,-0.83935388685800005,-0.402342990831,0.034022970210000003,0.180328307642,1.419656306776,0.56930458939600004,-0.083129335880000002
344,0,-0.061155350061914089,0.48795239603780294,false,flipguard_tabular_validation_v2,sha256:fe285c03409dd3e50b6710caebf16fd5156ad9feb39c91b3b80f96de75cab957,sha256:025eb7dea28322d4b60adcfff3b1ff48c3fb44aa57280d39eea813405a6561d5,model_input,identity_model_input_v1,-2.1134749425789998,1.812014438944,4.639353103625,-1.1928955333719999,-0.67504030634300005,0.33626030995700001,0.10209074682499999,-0.083129335880000002
346,0,-0.083781916943756224,0.48349496236208001,false,flipguard_tabular_validation_v2,sha256:fe285c03409dd3e50b6710caebf16fd5156ad9feb39c91b3b80f96de75cab957,sha256:025eb7dea28322d4b60adcfff3b1ff48c3fb44aa57280d39eea813405a6561d5,model_input,identity_model_input_v1,0.49875514869100002,1.45849866217,-0.402342990831,-1.543443677253,0.46545117896999999,-0.43759397348500001,0.25782869434900002,-0.083129335880000002
351,0,-0.055347745870712478,0.48909649406346967,false,flipguard_tabular_validation_v2,sha256:fe285c03409dd3e50b6710caebf16fd5156ad9feb39c91b3b80f96de75cab957,sha256:025eb7dea28322d4b60adcfff3b1ff48c3fb44aa57280d39eea813405a6561d5,model_input,identity_model_input_v1,-0.92609762836499998,1.635256550557,2.7487170682039999,1.085667401851,-0.67504030634300005,-1.0566774002379999,-1.143812833363,-0.083129335880000002
354,1,0.09029164348314192,0.51778745376617896,true,flipguard_tabular_validation_v2,sha256:fe285c03409dd3e50b6710caebf16fd5156ad9feb39c91b3b80f96de75cab957,sha256:025eb7dea28322d4b60adcfff3b1ff48c3fb44aa57280d39eea813405a6561d5,model_input,identity_model_input_v1,0.49875514869100002,-1.016111775245,-0.402342990831,1.085667401851,1.035696921627,1.419656306776,0.25782869434900002,-0.083129335880000002
356,1,0.010369802845195425,0.50204285116050351,true,flipguard_tabular_validation_v2,sha256:fe285c03409dd3e50b6710caebf16fd5156ad9feb39c91b3b80f96de75cab957,sha256:025eb7dea28322d4b60adcfff3b1ff48c3fb44aa57280d39eea813405a6561d5,model_input,identity_model_input_v1,0.26127968584799999,-1.016111775245,-0.402342990831,0.38457111409,-0.38991743501499998,1.2648854500869999,1.347994327014,-0.083129335880000002
357,1,0.0044641456006897454,0.5008794366833359,true,flipguard_tabular_validation_v2,sha256:fe285c03409dd3e50b6710caebf16fd5156ad9feb39c91b3b80f96de75cab957,sha256:025eb7dea28322d4b60adcfff3b1ff48c3fb44aa57280d39eea813405a6561d5,model_input,identity_model_input_v1,0.73623061153400005,-1.016111775245,-0.402342990831,-0.31652517367100003,-0.67504030634300005,-0.90190654354999999,1.347994327014,-0.083129335880000002
358,1,0.036567075392490142,0.50720371385232055,true,flipguard_tabular_validation_v2,sha256:fe285c03409dd3e50b6710caebf16fd5156ad9feb39c91b3b80f96de75cab957,sha256:025eb7dea28322d4b60adcfff3b1ff48c3fb44aa57280d39eea813405a6561d5,model_input,identity_model_input_v1,0.49875514869100002,-1.016111775245,-0.402342990831,1.085667401851,0.180328307642,1.419656306776,1.036518431967,-0.083129335880000002
359,1,0.037380481495075391,0.5073639548545299,true,flipguard_tabular_validation_v2,sha256:fe285c03409dd3e50b6710caebf16fd5156ad9feb39c91b3b80f96de75cab957,sha256:025eb7dea28322d4b60adcfff3b1ff48c3fb44aa57280d39eea813405a6561d5,model_input,identity_model_input_v1,-0.68862216552199995,-1.016111775245,-0.402342990831,0.034022970210000003,-0.67504030634300005,0.800572880022,0.41356664187300002,-0.083129335880000002
360,0,-0.06557366429573426,0.48708198813374037,false,flipguard_tabular_validation_v2,sha256:fe285c03409dd3e50b6710caebf16fd5156ad9feb39c91b3b80f96de75cab957,sha256:025eb7dea28322d4b60adcfff3b1ff48c3fb44aa57280d39eea813405a6561d5,model_input,identity_model_input_v1,-0.68862216552199995,1.104982885396,-0.402342990831,0.55984518603,-0.67504030634300005,-1.0566774002379999,-1.143812833363,-0.083129335880000002
361,0,-0.055948415551940252,0.48897816213626777,false,flipguard_tabular_validation_v2,sha256:fe285c03409dd3e50b6710caebf16fd5156ad9feb39c91b3b80f96de75cab957,sha256:025eb7dea28322d4b60adcfff3b1ff48c3fb44aa57280d39eea813405a6561d5,model_input,identity_model_input_v1,0.97370607437599999,1.104982885396,0.22786902097600001,-1.7187177491929999,-0.67504030634300005,-1.0566774002379999,-1.143812833363,-0.083129335880000002
363,1,0.0073266621108306462,0.5014433524358336,true,flipguard_tabular_validation_v2,sha256:fe285c03409dd3e50b6710caebf16fd5156ad9feb39c91b3b80f96de75cab957,sha256:025eb7dea28322d4b60adcfff3b1ff48c3fb44aa57280d39eea813405a6561d5,model_input,identity_model_input_v1,0.73623061153400005,-1.016111775245,-0.402342990831,0.034022970210000003,-0.67504030634300005,-0.90190654354999999,1.347994327014,-0.083129335880000002
365,1,0.04360375157028918,0.50858993905934702,true,flipguard_tabular_validation_v2,sha256:fe285c03409dd3e50b6710caebf16fd5156ad9feb39c91b3b80f96de75cab957,sha256:025eb7dea28322d4b60adcfff3b1ff48c3fb44aa57280d39eea813405a6561d5,model_input,identity_model_input_v1,-0.68862216552199995,0.044435555076,-0.402342990831,0.91039332991099997,1.035696921627,0.49103116664500002,1.036518431967,-0.083129335880000002
366,1,0.20078132974066476,0.53955392195891094,true,flipguard_tabular_validation_v2,sha256:fe285c03409dd3e50b6710caebf16fd5156ad9feb39c91b3b80f96de75cab957,sha256:025eb7dea28322d4b60adcfff3b1ff48c3fb44aa57280d39eea813405a6561d5,model_input,identity_model_input_v1,-1.40104855405,-1.016111775245,-0.402342990831,0.73511925797099997,3.3166798922540002,1.419656306776,1.347994327014,-0.083129335880000002
367,1,0.084691966439956717,0.51668431738867149,true,flipguard_tabular_validation_v2,sha256:fe285c03409dd3e50b6710caebf16fd5156ad9feb39c91b3b80f96de75cab957,sha256:025eb7dea28322d4b60adcfff3b1ff48c3fb44aa57280d39eea813405a6561d5,model_input,identity_model_input_v1,0.49875514869100002,-0.485838110085,-0.402342990831,1.085667401851,0.75057405029900004,1.419656306776,-0.98807488584000003,-0.083129335880000002
375,1,0.029686438450128826,0.50584822837467536,true,flipguard_tabular_validation_v2,sha256:fe285c03409dd3e50b6710caebf16fd5156ad9feb39c91b3b80f96de75cab957,sha256:025eb7dea28322d4b60adcfff3b1ff48c3fb44aa57280d39eea813405a6561d5,model_input,identity_model_input_v1,-0.68862216552199995,0.57470922023600002,-0.402342990831,-0.49179924561100002,-0.67504030634300005,1.419656306776,0.10209074682499999,-0.083129335880000002
376,1,0.082913223784134904,0.51633390508547461,true,flipguard_tabular_validation_v2,sha256:fe285c03409dd3e50b6710caebf16fd5156ad9feb39c91b3b80f96de75cab957,sha256:025eb7dea28322d4b60adcfff3b1ff48c3fb44aa57280d39eea813405a6561d5,model_input,identity_model_input_v1,-0.21367123983700001,-0.83935388685800005,-0.402342990831,1.085667401851,0.75057405029900004,0.800572880022,-1.143812833363,-0.083129335880000002
377,1,0.18193473655617884,0.53584114310156727,true,flipguard_tabular_validation_v2,sha256:fe285c03409dd3e50b6710caebf16fd5156ad9feb39c91b3b80f96de75cab957,sha256:025eb7dea28322d4b60adcfff3b1ff48c3fb44aa57280d39eea813405a6561d5,model_input,identity_model_input_v1,-1.638524016893,-0.66259599847100004,-0.402342990831,0.38457111409,3.3166798922540002,1.2648854500869999,1.1922563794909999,-0.083129335880000002
378,1,0.050975227974020224,0.510042119910882,true,flipguard_tabular_validation_v2,sha256:fe285c03409dd3e50b6710caebf16fd5156ad9feb39c91b3b80f96de75cab957,sha256:025eb7dea28322d4b60adcfff3b1ff48c3fb44aa57280d39eea813405a6561d5,model_input,identity_model_input_v1,-2.5884258682639998,-0.66259599847100004,-0.402342990831,-1.7187177491929999,0.75057405029900004,1.419656306776,1.347994327014,-0.083129335880000002
380,0,-0.046142308096715143,0.49090996530494713,false,flipguard_tabular_validation_v2,sha256:fe285c03409dd3e50b6710caebf16fd5156ad9feb39c91b3b80f96de75cab957,sha256:025eb7dea28322d4b60adcfff3b1ff48c3fb44aa57280d39eea813405a6561d5,model_input,identity_model_input_v1,-0.68862216552199995,1.104982885396,2.1185050563969998,0.73511925797099997,-0.38991743501499998,-1.0566774002379999,-1.143812833363,-0.083129335880000002
381,1,-0.027308385676106741,0.49462024802180699,false,flipguard_tabular_validation_v2,sha256:fe285c03409dd3e50b6710caebf16fd5156ad9feb39c91b3b80f96de75cab957,sha256:025eb7dea28322d4b60adcfff3b1ff48c3fb44aa57280d39eea813405a6561d5,model_input,identity_model_input_v1,-2.825901331107,1.635256550557,0.85808103278299996,-1.7187177491929999,-0.38991743501499998,1.419656306776,1.347994327014,-0.083129335880000002
384,1,-0.0013882235568439894,0.49972651995930173,false,flipguard_tabular_validation_v2,sha256:fe285c03409dd3e50b6710caebf16fd5156ad9feb39c91b3b80f96de75cab957,sha256:025eb7dea28322d4b60adcfff3b1ff48c3fb44aa57280d39eea813405a6561d5,model_input,identity_model_input_v1,0.49875514869100002,-1.016111775245,-0.402342990831,-1.7187177491929999,-0.67504030634300005,0.33626030995700001,1.1922563794909999,-0.083129335880000002
385,1,0.075338298202553861,0.5148416447459031,true,flipguard_tabular_validation_v2,sha256:fe285c03409dd3e50b6710caebf16fd5156ad9feb39c91b3b80f96de75cab957,sha256:025eb7dea28322d4b60adcfff3b1ff48c3fb44aa57280d39eea813405a6561d5,model_input,identity_model_input_v1,-1.163573091208,0.57470922023600002,-0.087236984928,0.91039332991099997,0.75057405029900004,1.110114593399,-1.143812833363,-0.083129335880000002
388,1,0.090485802996908837,0.51782570319039101,true,flipguard_tabular_validation_v2,sha256:fe285c03409dd3e50b6710caebf16fd5156ad9feb39c91b3b80f96de75cab957,sha256:025eb7dea28322d4b60adcfff3b1ff48c3fb44aa57280d39eea813405a6561d5,model_input,identity_model_input_v1,-0.45114670268000001,0.044435555076,-0.402342990831,1.085667401851,1.035696921627,1.110114593399,-1.143812833363,-0.083129335880000002
392,1,0.0025267716336611033,0.50049777401183126,true,flipguard_tabular_validation_v2,sha256:fe285c03409dd3e50b6710caebf16fd5156ad9feb39c91b3b80f96de75cab957,sha256:025eb7dea28322d4b60adcfff3b1ff48c3fb44aa57280d39eea813405a6561d5,model_input,identity_model_input_v1,0.49875514869100002,-1.016111775245,-0.402342990831,-0.31652517367100003,-0.38991743501499998,-1.0566774002379999,0.25782869434900002,-0.083129335880000002
403,0,-0.032148909516263854,0.49366666482529603,false,flipguard_tabular_validation_v2,sha256:fe285c03409dd3e50b6710caebf16fd5156ad9feb39c91b3b80f96de75cab957,sha256:025eb7dea28322d4b60adcfff3b1ff48c3fb44aa57280d39eea813405a6561d5,model_input,identity_model_input_v1,0.023804223005999998,1.812014438944,1.803399050493,0.034022970210000003,-0.67504030634300005,-1.0566774002379999,-0.52086104326899996,-0.083129335880000002
404,1,0.10941944139433531,0.52155562995468407,true,flipguard_tabular_validation_v2,sha256:fe285c03409dd3e50b6710caebf16fd5156ad9feb39c91b3b80f96de75cab957,sha256:025eb7dea28322d4b60adcfff3b1ff48c3fb44aa57280d39eea813405a6561d5,model_input,identity_model_input_v1,-0.68862216552199995,-0.83935388685800005,-0.402342990831,1.085667401851,0.75057405029900004,1.2648854500869999,0.10209074682499999,-0.083129335880000002
405,1,0.038844284306024997,0.50765232400828697,true,flipguard_tabular_validation_v2,sha256:fe285c03409dd3e50b6710caebf16fd5156ad9feb39c91b3b80f96de75cab957,sha256:025eb7dea28322d4b60adcfff3b1ff48c3fb44aa57280d39eea813405a6561d5,model_input,identity_model_input_v1,0.49875514869100002,-1.016111775245,-0.402342990831,0.034022970210000003,-0.67504030634300005,1.2648854500869999,-0.36512309574500001,-0.083129335880000002
407,0,0.0079930813972047769,0.50157463703524929,true,flipguard_tabular_validation_v2,sha256:fe285c03409dd3e50b6710caebf16fd5156ad9feb39c91b3b80f96de75cab957,sha256:025eb7dea28322d4b60adcfff3b1ff48c3fb44aa57280d39eea813405a6561d5,model_input,identity_model_input_v1,0.97370607437599999,-0.30908022169799998,-0.402342990831,-1.1928955333719999,-0.67504030634300005,0.64580202333400005,0.88078048444299994,-0.083129335880000002
409,0,-0.03935915856036426,0.49224624576360826,false,flipguard_tabular_validation_v2,sha256:fe285c03409dd3e50b6710caebf16fd5156ad9feb39c91b3b80f96de75cab957,sha256:025eb7dea28322d4b60adcfff3b1ff48c3fb44aa57280d39eea813405a6561d5,model_input,identity_model_input_v1,0.023804223005999998,-1.016111775245,-0.402342990831,-0.49179924561100002,-0.104794563686,-1.0566774002379999,-1.143812833363,-0.083129335880000002
410,1,0.0079284517288758793,0.5015619049905885,true,flipguard_tabular_validation_v2,sha256:fe285c03409dd3e50b6710caebf16fd5156ad9feb39c91b3b80f96de75cab957,sha256:025eb7dea28322d4b60adcfff3b1ff48c3fb44aa57280d39eea813405a6561d5,model_input,identity_model_input_v1,0.73623061153400005,0.397951331849,-0.402342990831,1.085667401851,-0.67504030634300005,0.33626030995700001,1.347994327014,-0.083129335880000002
412,0,-0.088910667897106832,0.48248459842426994,false,flipguard_tabular_validation_v2,sha256:fe285c03409dd3e50b6710caebf16fd5156ad9feb39c91b3b80f96de75cab957,sha256:025eb7dea28322d4b60adcfff3b1ff48c3fb44aa57280d39eea813405a6561d5,model_input,identity_model_input_v1,0.97370607437599999,1.812014438944,0.22786902097600001,0.38457111409,1.035696921627,0.33626030995700001,1.347994327014,-0.083129335880000002
414,0,-0.028896616322895398,0.49430736658438962,false,flipguard_tabular_validation_v2,sha256:fe285c03409dd3e50b6710caebf16fd5156ad9feb39c91b3b80f96de75cab957,sha256:025eb7dea28322d4b60adcfff3b1ff48c3fb44aa57280d39eea813405a6561d5,model_input,identity_model_input_v1,0.023804223005999998,1.812014438944,3.0638230741079999,0.91039332991099997,1.3208197929550001,-1.0566774002379999,-1.143812833363,-0.083129335880000002
416,1,-0.023643398880616156,0.4953422504205186,false,flipguard_tabular_validation_v2,sha256:fe285c03409dd3e50b6710caebf16fd5156ad9feb39c91b3b80f96de75cab957,sha256:025eb7dea28322d4b60adcfff3b1ff48c3fb44aa57280d39eea813405a6561d5,model_input,identity_model_input_v1,-0.45114670268000001,0.57470922023600002,-0.402342990831,1.085667401851,-0.67504030634300005,-1.0566774002379999,-0.52086104326899996,-0.083129335880000002
417,1,0.033763703427510325,0.50665144957521957,true,flipguard_tabular_validation_v2,sha256:fe285c03409dd3e50b6710caebf16fd5156ad9feb39c91b3b80f96de75cab957,sha256:025eb7dea28322d4b60adcfff3b1ff48c3fb44aa57280d39eea813405a6561d5,model_input,identity_model_input_v1,0.26127968584799999,0.22119344346299999,-0.402342990831,1.085667401851,-0.67504030634300005,1.2648854500869999,0.25782869434900002,-0.083129335880000002
418,0,-0.062873457880225234,0.48761392879759563,false,flipguard_tabular_validation_v2,sha256:fe285c03409dd3e50b6710caebf16fd5156ad9feb39c91b3b80f96de75cab957,sha256:025eb7dea28322d4b60adcfff3b1ff48c3fb44aa57280d39eea813405a6561d5,model_input,identity_model_input_v1,-2.5884258682639998,1.812014438944,1.803399050493,1.085667401851,-0.67504030634300005,-1.0566774002379999,-1.143812833363,-0.083129335880000002
423,0,-0.011358941211957976,0.49776228858124427,false,flipguard_tabular_validation_v2,sha256:fe285c03409dd3e50b6710caebf16fd5156ad9feb39c91b3b80f96de75cab957,sha256:025eb7dea28322d4b60adcfff3b1ff48c3fb44aa57280d39eea813405a6561d5,model_input,identity_model_input_v1,0.49875514869100002,-0.66259599847100004,-0.402342990831,-1.7187177491929999,-0.67504030634300005,1.2648854500869999,1.347994327014,-0.083129335880000002
425,1,0.012936324036429171,0.5025484558351766,true,flipguard_tabular_validation_v2,sha256:fe285c03409dd3e50b6710caebf16fd5156ad9feb39c91b3b80f96de75cab957,sha256:025eb7dea28322d4b60adcfff3b1ff48c3fb44aa57280d39eea813405a6561d5,model_input,identity_model_input_v1,0.97370607437599999,1.635256550557,0.22786902097600001,0.20929704215,-0.67504030634300005,1.110114593399,-0.67659899079300001,-0.083129335880000002
426,1,0.044927075674120617,0.50885063390780172,true,flipguard_tabular_validation_v2,sha256:fe285c03409dd3e50b6710caebf16fd5156ad9feb39c91b3b80f96de75cab957,sha256:025eb7dea28322d4b60adcfff3b1ff48c3fb44aa57280d39eea813405a6561d5,model_input,identity_model_input_v1,-0.21367123983700001,-1.016111775245,-0.402342990831,-0.31652517367100003,-0.38991743501499998,1.2648854500869999,-0.67659899079300001,-0.083129335880000002
427,0,-0.051658028299269999,0.48982336842504381,false,flipguard_tabular_validation_v2,sha256:fe285c03409dd3e50b6710caebf16fd5156ad9feb39c91b3b80f96de75cab957,sha256:025eb7dea28322d4b60adcfff3b1ff48c3fb44aa57280d39eea813405a6561d5,model_input,identity_model_input_v1,0.97370607437599999,0.044435555076,-0.402342990831,-1.7187177491929999,-0.67504030634300005,-1.0566774002379999,-1.143812833363,-0.083129335880000002
428,1,0.046483302276891354,0.50915721054854757,true,flipguard_tabular_validation_v2,sha256:fe285c03409dd3e50b6710caebf16fd5156ad9feb39c91b3b80f96de75cab957,sha256:025eb7dea28322d4b60adcfff3b1ff48c3fb44aa57280d39eea813405a6561d5,model_input,identity_model_input_v1,0.49875514869100002,-0.66259599847100004,-0.402342990831,0.55984518603,-0.38991743501499998,1.419656306776,-0.36512309574500001,-0.083129335880000002
431,1,0.090882986331347129,0.51790394830727537,true,flipguard_tabular_validation_v2,sha256:fe285c03409dd3e50b6710caebf16fd5156ad9feb39c91b3b80f96de75cab957,sha256:025eb7dea28322d4b60adcfff3b1ff48c3fb44aa57280d39eea813405a6561d5,model_input,identity_model_input_v1,-2.1134749425789998,-0.66259599847100004,-0.402342990831,-0.84234738949200005,1.8910655356120001,1.419656306776,1.347994327014,-0.083129335880000002
436,0,-0.062805126217329865,0.48762739013518602,false,flipguard_tabular_validation_v2,sha256:fe285c03409dd3e50b6710caebf16fd5156ad9feb39c91b3b80f96de75cab957,sha256:025eb7dea28322d4b60adcfff3b1ff48c3fb44aa57280d39eea813405a6561d5,model_input,identity_model_input_v1,-0.92609762836499998,1.812014438944,0.85808103278299996,0.73511925797099997,-0.67504030634300005,-1.0566774002379999,-1.143812833363,-0.083129335880000002
440,0,-0.028939284244619244,0.49429896100380999,false,flipguard_tabular_validation_v2,sha256:fe285c03409dd3e50b6710caebf16fd5156ad9feb39c91b3b80f96de75cab957,sha256:025eb7dea28322d4b60adcfff3b1ff48c3fb44aa57280d39eea813405a6561d5,model_input,identity_model_input_v1,0.26127968584799999,0.044435555076,-0.402342990831,0.73511925797099997,-0.67504030634300005,-0.59236483017300001,-1.143812833363,-0.083129335880000002
443,1,0.083381444768139232,0.51642614461932346,true,flipguard_tabular_validation_v2,sha256:fe285c03409dd3e50b6710caebf16fd5156ad9feb39c91b3b80f96de75cab957,sha256:025eb7dea28322d4b60adcfff3b1ff48c3fb44aa57280d39eea813405a6561d5,model_input,identity_model_input_v1,-0.68862216552199995,-1.016111775245,-0.402342990831,-0.66707331755199994,-0.67504030634300005,0.800572880022,1.347994327014,2.9902111112240002
450,1,0.086320199522979424,0.5170050793060269,true,flipguard_tabular_validation_v2,sha256:fe285c03409dd3e50b6710caebf16fd5156ad9feb39c91b3b80f96de75cab957,sha256:025eb7dea28322d4b60adcfff3b1ff48c3fb44aa57280d39eea813405a6561d5,model_input,identity_model_input_v1,0.49875514869100002,-0.83935388685800005,-0.402342990831,1.085667401851,0.75057405029900004,1.2648854500869999,-1.143812833363,-0.083129335880000002
452,0,-0.041308678704081309,0.49186219029529599,false,flipguard_tabular_validation_v2,sha256:fe285c03409dd3e50b6710caebf16fd5156ad9feb39c91b3b80f96de75cab957,sha256:025eb7dea28322d4b60adcfff3b1ff48c3fb44aa57280d39eea813405a6561d5,model_input,identity_model_input_v1,0.49875514869100002,-0.13232233331099999,-0.402342990831,0.38457111409,-0.67504030634300005,-1.0566774002379999,-1.143812833363,-0.083129335880000002
455,1,0.045218778073153922,0.50890809928041136,true,flipguard_tabular_validation_v2,sha256:fe285c03409dd3e50b6710caebf16fd5156ad9feb39c91b3b80f96de75cab957,sha256:025eb7dea28322d4b60adcfff3b1ff48c3fb44aa57280d39eea813405a6561d5,model_input,identity_model_input_v1,0.023804223005999998,-0.83935388685800005,-0.402342990831,0.034022970210000003,-0.38991743501499998,1.2648854500869999,-0.053647200697999997,-0.083129335880000002
457,0,0.003989649590013372,0.50078596096923267,true,flipguard_tabular_validation_v2,sha256:fe285c03409dd3e50b6710caebf16fd5156ad9feb39c91b3b80f96de75cab957,sha256:025eb7dea28322d4b60adcfff3b1ff48c3fb44aa57280d39eea813405a6561d5,model_input,identity_model_input_v1,0.97370607437599999,-0.66259599847100004,-0.402342990831,-0.141251101731,-0.67504030634300005,0.33626030995700001,1.347994327014,-0.083129335880000002
458,0,-0.040527491998394283,0.49201608407631631,false,flipguard_tabular_validation_v2,sha256:fe285c03409dd3e50b6710caebf16fd5156ad9feb39c91b3b80f96de75cab957,sha256:025eb7dea28322d4b60adcfff3b1ff48c3fb44aa57280d39eea813405a6561d5,model_input,identity_model_input_v1,0.49875514869100002,0.044435555076,-0.402342990831,1.085667401851,-0.67504030634300005,-1.0566774002379999,-1.143812833363,-0.083129335880000002
459,0,-0.053418614022428618,0.48947653303758154,false,flipguard_tabular_validation_v2,sha256:fe285c03409dd3e50b6710caebf16fd5156ad9feb39c91b3b80f96de75cab957,sha256:025eb7dea28322d4b60adcfff3b1ff48c3fb44aa57280d39eea813405a6561d5,model_input,identity_model_input_v1,0.73623061153400005,1.812014438944,2.4336110622999998,0.73511925797099997,1.605942664284,-1.0566774002379999,-0.98807488584000003,-0.083129335880000002
460,1,0.014690660544938628,0.50289406012735294,true,flipguard_tabular_validation_v2,sha256:fe285c03409dd3e50b6710caebf16fd5156ad9feb39c91b3b80f96de75cab957,sha256:025eb7dea28322d4b60adcfff3b1ff48c3fb44aa57280d39eea813405a6561d5,model_input,identity_model_input_v1,0.26127968584799999,-1.016111775245,-0.402342990831,-0.49179924561100002,-0.67504030634300005,-0.43759397348500001,0.10209074682499999,-0.083129335880000002
462,1,0.094255409295965875,0.51856831563130523,true,flipguard_tabular_validation_v2,sha256:fe285c03409dd3e50b6710caebf16fd5156ad9feb39c91b3b80f96de75cab957,sha256:025eb7dea28322d4b60adcfff3b1ff48c3fb44aa57280d39eea813405a6561d5,model_input,identity_model_input_v1,0.97370607437599999,-0.66259599847100004,-0.402342990831,1.085667401851,1.3208197929550001,1.2648854500869999,-0.98807488584000003,-0.083129335880000002
463,0,-0.053360255322084604,0.48948802970154931,false,flipguard_tabular_validation_v2,sha256:fe285c03409dd3e50b6710caebf16fd5156ad9feb39c91b3b80f96de75cab957,sha256:025eb7dea28322d4b60adcfff3b1ff48c3fb44aa57280d39eea813405a6561d5,model_input,identity_model_input_v1,-0.21367123983700001,-0.13232233331099999,-0.402342990831,-0.49179924561100002,-0.67504030634300005,-1.0566774002379999,-1.143812833363,-0.083129335880000002
465,1,0.017249599625162544,0.50339817112615703,true,flipguard_tabular_validation_v2,sha256:fe285c03409dd3e50b6710caebf16fd5156ad9feb39c91b3b80f96de75cab957,sha256:025eb7dea28322d4b60adcfff3b1ff48c3fb44aa57280d39eea813405a6561d5,model_input,identity_model_input_v1,-0.92609762836499998,0.57470922023600002,-0.402342990831,0.91039332991099997,-0.38991743501499998,0.95534373671100004,1.347994327014,-0.083129335880000002
466,0,-0.044971110555991088,0.49114069122046977,false,flipguard_tabular_validation_v2,sha256:fe285c03409dd3e50b6710caebf16fd5156ad9feb39c91b3b80f96de75cab957,sha256:025eb7dea28322d4b60adcfff3b1ff48c3fb44aa57280d39eea813405a6561d5,model_input,identity_model_input_v1,-0.21367123983700001,1.812014438944,2.1185050563969998,-1.7187177491929999,-0.38991743501499998,-0.59236483017300001,-0.36512309574500001,-0.083129335880000002
467,1,0.11420462355265332,0.52249831083987275,true,flipguard_tabular_validation_v2,sha256:fe285c03409dd3e50b6710caebf16fd5156ad9feb39c91b3b80f96de75cab957,sha256:025eb7dea28322d4b60adcfff3b1ff48c3fb44aa57280d39eea813405a6561d5,model_input,identity_model_input_v1,-1.40104855405,0.044435555076,-0.402342990831,0.91039332991099997,2.4613112782690001,1.2648854500869999,1.347994327014,-0.083129335880000002
468,0,-0.060291965955654871,0.48812248270673597,false,flipguard_tabular_validation_v2,sha256:fe285c03409dd3e50b6710caebf16fd5156ad9feb39c91b3b80f96de75cab957,sha256:025eb7dea28322d4b60adcfff3b1ff48c3fb44aa57280d39eea813405a6561d5,model_input,identity_model_input_v1,-0.92609762836499998,1.635256550557,1.1731870386859999,0.38457111409,-0.67504030634300005,-1.0566774002379999,-1.143812833363,-0.083129335880000002
469,0,-0.008941226095232211,0.49823857845923925,false,flipguard_tabular_validation_v2,sha256:fe285c03409dd3e50b6710caebf16fd5156ad9feb39c91b3b80f96de75cab957,sha256:025eb7dea28322d4b60adcfff3b1ff48c3fb44aa57280d39eea813405a6561d5,model_input,identity_model_input_v1,0.49875514869100002,-1.016111775245,-0.402342990831,-1.7187177491929999,-0.67504030634300005,-0.59236483017300001,1.347994327014,-0.083129335880000002
470,1,0.063641857920926789,0.51253744601042261,true,flipguard_tabular_validation_v2,sha256:fe285c03409dd3e50b6710caebf16fd5156ad9feb39c91b3b80f96de75cab957,sha256:025eb7dea28322d4b60adcfff3b1ff48c3fb44aa57280d39eea813405a6561d5,model_input,identity_model_input_v1,0.26127968584799999,-1.016111775245,-0.402342990831,1.085667401851,0.75057405029900004,1.419656306776,0.88078048444299994,-0.083129335880000002
471,0,-0.032914262001569036,0.49351589038569088,false,flipguard_tabular_validation_v2,sha256:fe285c03409dd3e50b6710caebf16fd5156ad9feb39c91b3b80f96de75cab957,sha256:025eb7dea28322d4b60adcfff3b1ff48c3fb44aa57280d39eea813405a6561d5,model_input,identity_model_input_v1,0.49875514869100002,-1.016111775245,-0.402342990831,0.55984518603,-0.67504030634300005,-1.0566774002379999,-1.143812833363,-0.083129335880000002
472,0,-0.025956833282176177,0.49488650384341132,false,flipguard_tabular_validation_v2,sha256:fe285c03409dd3e50b6710caebf16fd5156ad9feb39c91b3b80f96de75cab957,sha256:025eb7dea28322d4b60adcfff3b1ff48c3fb44aa57280d39eea813405a6561d5,model_input,identity_model_input_v1,0.97370607437599999,-0.66259599847100004,-0.402342990831,-1.3681696053129999,-0.67504030634300005,-0.59236483017300001,-1.143812833363,-0.083129335880000002
474,0,-0.036562276718037634,0.49279723148654658,false,flipguard_tabular_validation_v2,sha256:fe285c03409dd3e50b6710caebf16fd5156ad9feb39c91b3b80f96de75cab957,sha256:025eb7dea28322d4b60adcfff3b1ff48c3fb44aa57280d39eea813405a6561d5,model_input,identity_model_input_v1,0.97370607437599999,1.281740773783,-0.402342990831,1.085667401851,-0.67504030634300005,-1.0566774002379999,-0.98807488584000003,-0.083129335880000002
475,1,0.066828873683912923,0.51316528811573081,true,flipguard_tabular_validation_v2,sha256:fe285c03409dd3e50b6710caebf16fd5156ad9feb39c91b3b80f96de75cab957,sha256:025eb7dea28322d4b60adcfff3b1ff48c3fb44aa57280d39eea813405a6561d5,model_input,identity_model_input_v1,-0.92609762836499998,-0.66259599847100004,-0.402342990831,0.91039332991099997,0.180328307642,1.419656306776,0.88078048444299994,-0.083129335880000002
478,1,-0.028489049148107889,0.49438765731782275,false,flipguard_tabular_validation_v2,sha256:fe285c03409dd3e50b6710caebf16fd5156ad9feb39c91b3b80f96de75cab957,sha256:025eb7dea28322d4b60adcfff3b1ff48c3fb44aa57280d39eea813405a6561d5,model_input,identity_model_input_v1,-0.45114670268000001,-1.016111775245,2.7487170682039999,0.91039332991099997,-0.104794563686,-0.28282311679599997,0.72504253691999998,-0.083129335880000002
479,1,0.034842585224808792,0.50686398928928733,true,flipguard_tabular_validation_v2,sha256:fe285c03409dd3e50b6710caebf16fd5156ad9feb39c91b3b80f96de75cab957,sha256:025eb7dea28322d4b60adcfff3b1ff48c3fb44aa57280d39eea813405a6561d5,model_input,identity_model_input_v1,-1.40104855405,-0.30908022169799998,-0.402342990831,-0.31652517367100003,-0.67504030634300005,0.95534373671100004,0.56930458939600004,-0.083129335880000002
481,0,-0.034134762982052612,0.49327545169253562,false,flipguard_tabular_validation_v2,sha256:fe285c03409dd3e50b6710caebf16fd5156ad9feb39c91b3b80f96de75cab957,sha256:025eb7dea28322d4b60adcfff3b1ff48c3fb44aa57280d39eea813405a6561d5,model_input,identity_model_input_v1,0.73623061153400005,-0.485838110085,-0.402342990831,0.91039332991099997,-0.67504030634300005,-1.0566774002379999,-1.143812833363,-0.083129335880000002
482,0,-0.01722237653405408,0.49660719182279134,false,flipguard_tabular_validation_v2,sha256:fe285c03409dd3e50b6710caebf16fd5156ad9feb39c91b3b80f96de75cab957,sha256:025eb7dea28322d4b60adcfff3b1ff48c3fb44aa57280d39eea813405a6561d5,model_input,identity_model_input_v1,-0.21367123983700001,0.57470922023600002,1.1731870386859999,0.38457111409,-0.67504030634300005,-0.59236483017300001,-0.52086104326899996,-0.083129335880000002
483,1,0.010582084108960305,0.50208467056946515,true,flipguard_tabular_validation_v2,sha256:fe285c03409dd3e50b6710caebf16fd5156ad9feb39c91b3b80f96de75cab957,sha256:025eb7dea28322d4b60adcfff3b1ff48c3fb44aa57280d39eea813405a6561d5,model_input,identity_model_input_v1,0.26127968584799999,-1.016111775245,-0.402342990831,0.20929704215,-0.67504030634300005,-0.43759397348500001,1.347994327014,-0.083129335880000002
484,0,-0.037773434253043379,0.49255863345215045,false,flipguard_tabular_validation_v2,sha256:fe285c03409dd3e50b6710caebf16fd5156ad9feb39c91b3b80f96de75cab957,sha256:025eb7dea28322d4b60adcfff3b1ff48c3fb44aa57280d39eea813405a6561d5,model_input,identity_model_input_v1,0.97370607437599999,0.22119344346299999,-0.402342990831,1.085667401851,-0.38991743501499998,-1.0566774002379999,-1.143812833363,-0.083129335880000002
487,1,0.074225845420830369,0.51462249154790363,true,flipguard_tabular_validation_v2,sha256:fe285c03409dd3e50b6710caebf16fd5156ad9feb39c91b3b80f96de75cab957,sha256:025eb7dea28322d4b60adcfff3b1ff48c3fb44aa57280d39eea813405a6561d5,model_input,identity_model_input_v1,0.26127968584799999,-1.016111775245,-0.402342990831,1.085667401851,0.75057405029900004,1.2648854500869999,0.56930458939600004,-0.083129335880000002
490,1,0.027316053434524666,0.50538126252660132,true,flipguard_tabular_validation_v2,sha256:fe285c03409dd3e50b6710caebf16fd5156ad9feb39c91b3b80f96de75cab957,sha256:025eb7dea28322d4b60adcfff3b1ff48c3fb44aa57280d39eea813405a6561d5,model_input,identity_model_input_v1,-2.350950405421,1.281740773783,-0.402342990831,-0.49179924561100002,-0.67504030634300005,1.110114593399,0.25782869434900002,-0.083129335880000002
491,0,0.017548598866110689,0.50345707397662376,true,flipguard_tabular_validation_v2,sha256:fe285c03409dd3e50b6710caebf16fd5156ad9feb39c91b3b80f96de75cab957,sha256:025eb7dea28322d4b60adcfff3b1ff48c3fb44aa57280d39eea813405a6561d5,model_input,identity_model_input_v1,0.73623061153400005,-1.016111775245,-0.402342990831,1.085667401851,-0.67504030634300005,-1.0566774002379999,0.41356664187300002,-0.083129335880000002
492,1,0.0073265395507746186,0.50144332829150262,true,flipguard_tabular_validation_v2,sha256:fe285c03409dd3e50b6710caebf16fd5156ad9feb39c91b3b80f96de75cab957,sha256:025eb7dea28322d4b60adcfff3b1ff48c3fb44aa57280d39eea813405a6561d5,model_input,identity_model_input_v1,0.97370607437599999,-0.13232233331099999,-0.402342990831,0.034022970210000003,-0.67504030634300005,0.64580202333400005,1.1922563794909999,-0.083129335880000002
494,1,0.072843799754829699,0.51435022855170143,true,flipguard_tabular_validation_v2,sha256:fe285c03409dd3e50b6710caebf16fd5156ad9feb39c91b3b80f96de75cab957,sha256:025eb7dea28322d4b60adcfff3b1ff48c3fb44aa57280d39eea813405a6561d5,model_input,identity_model_input_v1,0.97370607437599999,-0.83935388685800005,-0.402342990831,1.085667401851,0.46545117896999999,1.419656306776,-0.98807488584000003,-0.083129335880000002
501,1,0.033812663562488937,0.50666109472181031,true,flipguard_tabular_validation_v2,sha256:fe285c03409dd3e50b6710caebf16fd5156ad9feb39c91b3b80f96de75cab957,sha256:025eb7dea28322d4b60adcfff3b1ff48c3fb44aa57280d39eea813405a6561d5,model_input,identity_model_input_v1,0.73623061153400005,-0.485838110085,-0.402342990831,1.085667401851,1.605942664284,1.419656306776,1.1922563794909999,-0.083129335880000002
503,1,0.066862245142900428,0.51317186229315137,true,flipguard_tabular_validation_v2,sha256:fe285c03409dd3e50b6710caebf16fd5156ad9feb39c91b3b80f96de75cab957,sha256:025eb7dea28322d4b60adcfff3b1ff48c3fb44aa57280d39eea813405a6561d5,model_input,identity_model_input_v1,-0.68862216552199995,0.92822499701000005,-0.402342990831,1.085667401851,0.46545117896999999,1.419656306776,-0.36512309574500001,-0.083129335880000002
505,0,-0.053728482087927021,0.48941548902867837,false,flipguard_tabular_validation_v2,sha256:fe285c03409dd3e50b6710caebf16fd5156ad9feb39c91b3b80f96de75cab957,sha256:025eb7dea28322d4b60adcfff3b1ff48c3fb44aa57280d39eea813405a6561d5,model_input,identity_model_input_v1,0.97370607437599999,0.22119344346299999,-0.402342990831,-1.7187177491929999,-0.67504030634300005,-1.0566774002379999,-1.143812833363,-0.083129335880000002
507,0,-0.051658028299269999,0.48982336842504381,false,flipguard_tabular_validation_v2,sha256:fe285c03409dd3e50b6710caebf16fd5156ad9feb39c91b3b80f96de75cab957,sha256:025eb7dea28322d4b60adcfff3b1ff48c3fb44aa57280d39eea813405a6561d5,model_input,identity_model_input_v1,0.97370607437599999,0.044435555076,-0.402342990831,-1.7187177491929999,-0.67504030634300005,-1.0566774002379999,-1.143812833363,-0.083129335880000002
508,0,-0.050751149021748501,0.49000202364271556,false,flipguard_tabular_validation_v2,sha256:fe285c03409dd3e50b6710caebf16fd5156ad9feb39c91b3b80f96de75cab957,sha256:025eb7dea28322d4b60adcfff3b1ff48c3fb44aa57280d39eea813405a6561d5,model_input,identity_model_input_v1,-0.21367123983700001,0.397951331849,-0.402342990831,1.085667401851,-0.67504030634300005,-1.0566774002379999,-1.143812833363,-0.083129335880000002
509,1,0.0056679747102398991,0.50111659101791728,true,flipguard_tabular_validation_v2,sha256:fe285c03409dd3e50b6710caebf16fd5156ad9feb39c91b3b80f96de75cab957,sha256:025eb7dea28322d4b60adcfff3b1ff48c3fb44aa57280d39eea813405a6561d5,model_input,identity_model_input_v1,0.73623061153400005,-0.83935388685800005,-0.402342990831,-1.3681696053129999,-0.67504030634300005,-0.28282311679599997,0.88078048444299994,-0.083129335880000002
511,0,-0.038529044866813626,0.49240977816123771,false,flipguard_tabular_validation_v2,sha256:fe285c03409dd3e50b6710caebf16fd5156ad9feb39c91b3b80f96de75cab957,sha256:025eb7dea28322d4b60adcfff3b1ff48c3fb44aa57280d39eea813405a6561d5,model_input,identity_model_input_v1,0.26127968584799999,-0.13232233331099999,-0.402342990831,-1.7187177491929999,-0.67504030634300005,-1.0566774002379999,-0.67659899079300001,-0.083129335880000002
512,1,0.085973840093703485,0.51693684649845961,true,flipguard_tabular_validation_v2,sha256:fe285c03409dd3e50b6710caebf16fd5156ad9feb39c91b3b80f96de75cab957,sha256:025eb7dea28322d4b60adcfff3b1ff48c3fb44aa57280d39eea813405a6561d5,model_input,identity_model_input_v1,-0.21367123983700001,-1.016111775245,-0.402342990831,0.73511925797099997,0.46545117896999999,1.419656306776,0.10209074682499999,-0.083129335880000002
516,1,0.11906673327947989,0.52345614645605754,true,flipguard_tabular_validation_v2,sha256:fe285c03409dd3e50b6710caebf16fd5156ad9feb39c91b3b80f96de75cab957,sha256:025eb7dea28322d4b60adcfff3b1ff48c3fb44aa57280d39eea813405a6561d5,model_input,identity_model_input_v1,-2.5884258682639998,0.57470922023600002,-0.402342990831,-0.141251101731,2.7464341495969999,1.419656306776,1.347994327014,-0.083129335880000002
517,0,-0.07539470039484486,0.48514724402221554,false,flipguard_tabular_validation_v2,sha256:fe285c03409dd3e50b6710caebf16fd5156ad9feb39c91b3b80f96de75cab957,sha256:025eb7dea28322d4b60adcfff3b1ff48c3fb44aa57280d39eea813405a6561d5,model_input,identity_model_input_v1,-2.5884258682639998,1.281740773783,-0.402342990831,1.085667401851,-0.67504030634300005,-1.0566774002379999,-1.143812833363,-0.083129335880000002
519,0,-0.0052394178966733646,0.49896783467435535,false,flipguard_tabular_validation_v2,sha256:fe285c03409dd3e50b6710caebf16fd5156ad9feb39c91b3b80f96de75cab957,sha256:025eb7dea28322d4b60adcfff3b1ff48c3fb44aa57280d39eea813405a6561d5,model_input,identity_model_input_v1,0.023804223005999998,-1.016111775245,-0.402342990831,-1.7187177491929999,-0.67504030634300005,-1.0566774002379999,0.56930458939600004,-0.083129335880000002
521,0,-0.081184710820985717,0.48400661196826583,false,flipguard_tabular_validation_v2,sha256:fe285c03409dd3e50b6710caebf16fd5156ad9feb39c91b3b80f96de75cab957,sha256:025eb7dea28322d4b60adcfff3b1ff48c3fb44aa57280d39eea813405a6561d5,model_input,identity_model_input_v1,-2.825901331107,0.92822499701000005,-0.087236984928,-1.543443677253,0.75057405029900004,-1.0566774002379999,-1.143812833363,-0.083129335880000002
525,0,-0.036820684067487404,0.49274632523870499,false,flipguard_tabular_validation_v2,sha256:fe285c03409dd3e50b6710caebf16fd5156ad9feb39c91b3b80f96de75cab957,sha256:025eb7dea28322d4b60adcfff3b1ff48c3fb44aa57280d39eea813405a6561d5,model_input,identity_model_input_v1,0.97370607437599999,0.22119344346299999,-0.402342990831,0.91039332991099997,-0.67504030634300005,-1.0566774002379999,-1.143812833363,-0.083129335880000002
527,1,0.038380335555105664,0.50756092610435577,true,flipguard_tabular_validation_v2,sha256:fe285c03409dd3e50b6710caebf16fd5156ad9feb39c91b3b80f96de75cab957,sha256:025eb7dea28322d4b60adcfff3b1ff48c3fb44aa57280d39eea813405a6561d5,model_input,identity_model_input_v1,0.73623061153400005,-0.83935388685800005,-0.402342990831,-0.84234738949200005,1.3208197929550001,0.95534373671100004,-1.143812833363,-0.083129335880000002
528,1,0.13218027068607879,0.52603951332515753,true,flipguard_tabular_validation_v2,sha256:fe285c03409dd3e50b6710caebf16fd5156ad9feb39c91b3b80f96de75cab957,sha256:025eb7dea28322d4b60adcfff3b1ff48c3fb44aa57280d39eea813405a6561d5,model_input,identity_model_input_v1,0.023804223005999998,-1.016111775245,-0.402342990831,1.085667401851,1.605942664284,0.95534373671100004,-1.143812833363,-0.083129335880000002
529,0,-0.061424402188178975,0.48789939276892874,false,flipguard_tabular_validation_v2,sha256:fe285c03409dd3e50b6710caebf16fd5156ad9feb39c91b3b80f96de75cab957,sha256:025eb7dea28322d4b60adcfff3b1ff48c3fb44aa57280d39eea813405a6561d5,model_input,identity_model_input_v1,-2.5884258682639998,1.812014438944,2.1185050563969998,1.085667401851,-0.67504030634300005,-1.0566774002379999,-1.143812833363,-0.083129335880000002
531,1,0.10247024724392542,0.52018663870705328,true,flipguard_tabular_validation_v2,sha256:fe285c03409dd3e50b6710caebf16fd5156ad9feb39c91b3b80f96de75cab957,sha256:025eb7dea28322d4b60adcfff3b1ff48c3fb44aa57280d39eea813405a6561d5,model_input,identity_model_input_v1,-0.68862216552199995,-0.83935388685800005,-0.402342990831,0.38457111409,2.7464341495969999,1.419656306776,1.347994327014,-0.083129335880000002
532,1,0.014611083547178183,0.5028783834587941,true,flipguard_tabular_validation_v2,sha256:fe285c03409dd3e50b6710caebf16fd5156ad9feb39c91b3b80f96de75cab957,sha256:025eb7dea28322d4b60adcfff3b1ff48c3fb44aa57280d39eea813405a6561d5,model_input,identity_model_input_v1,0.49875514869100002,-1.016111775245,-0.402342990831,0.38457111409,-0.67504030634300005,-0.90190654354999999,1.036518431967,-0.083129335880000002
533,0,-0.062211722033728101,0.48774429075935555,false,flipguard_tabular_validation_v2,sha256:fe285c03409dd3e50b6710caebf16fd5156ad9feb39c91b3b80f96de75cab957,sha256:025eb7dea28322d4b60adcfff3b1ff48c3fb44aa57280d39eea813405a6561d5,model_input,identity_model_input_v1,0.97370607437599999,0.92822499701000005,-0.402342990831,-1.7187177491929999,-0.67504030634300005,-1.0566774002379999,-1.143812833363,-0.083129335880000002
534,0,-0.05215352945789202,0.48972575469679525,false,flipguard_tabular_validation_v2,sha256:fe285c03409dd3e50b6710caebf16fd5156ad9feb39c91b3b80f96de75cab957,sha256:025eb7dea28322d4b60adcfff3b1ff48c3fb44aa57280d39eea813405a6561d5,model_input,identity_model_input_v1,0.023804223005999998,-0.485838110085,-0.402342990831,-1.1928955333719999,-0.67504030634300005,-1.0566774002379999,-1.143812833363,-0.083129335880000002
535,1,0.013856927254918144,0.50272981466921884,true,flipguard_tabular_validation_v2,sha256:fe285c03409dd3e50b6710caebf16fd5156ad9feb39c91b3b80f96de75cab957,sha256:025eb7dea28322d4b60adcfff3b1ff48c3fb44aa57280d39eea813405a6561d5,model_input,identity_model_input_v1,0.73623061153400005,-1.016111775245,-0.402342990831,0.20929704215,-0.67504030634300005,-1.0566774002379999,0.88078048444299994,-0.083129335880000002
537,1,0.089180149547581231,0.51756848946087353,true,flipguard_tabular_validation_v2,sha256:fe285c03409dd3e50b6710caebf16fd5156ad9feb39c91b3b80f96de75cab957,sha256:025eb7dea28322d4b60adcfff3b1ff48c3fb44aa57280d39eea813405a6561d5,model_input,identity_model_input_v1,0.023804223005999998,-1.016111775245,-0.402342990831,0.55984518603,0.75057405029900004,1.2648854500869999,-0.20938514822199999,-0.083129335880000002
539,1,0.0080330654001230274,0.50158251388382424,true,flipguard_tabular_validation_v2,sha256:fe285c03409dd3e50b6710caebf16fd5156ad9feb39c91b3b80f96de75cab957,sha256:025eb7dea28322d4b60adcfff3b1ff48c3fb44aa57280d39eea813405a6561d5,model_input,identity_model_input_v1,0.97370607437599999,-1.016111775245,-0.402342990831,0.034022970210000003,-0.67504030634300005,-0.28282311679599997,1.347994327014,-0.083129335880000002
