row_id,label,scaled_logit,polynomial_score,plaintext_decision,materialization_schema,source_data_sha256,source_model_sha256,source_feature_space,preprocessing_method,x_0,x_1,x_2,x_3,x_4,x_5,x_6,x_7
0,1,0.025083852422744635,0.50494151892728067,true,flipguard_tabular_validation_v2,sha256:b034be406ad044228923f8c0edbb48d26d4bc3835101d0adee012b9edbbba71b,sha256:025eb7dea28322d4b60adcfff3b1ff48c3fb44aa57280d39eea813405a6561d5,model_input,identity_model_input_v1,-0.92609762836499998,-0.66259599847100004,-0.402342990831,0.38457111409,-0.67504030634300005,1.110114593399,1.1922563794909999,-0.083129335880000002
1,1,-0.0035887911087117749,0.49929300815158378,false,flipguard_tabular_validation_v2,sha256:b034be406ad044228923f8c0edbb48d26d4bc3835101d0adee012b9edbbba71b,sha256:025eb7dea28322d4b60adcfff3b1ff48c3fb44aa57280d39eea813405a6561d5,model_input,identity_model_input_v1,0.26127968584799999,-1.016111775245,-0.402342990831,0.20929704215,-0.67504030634300005,-1.0566774002379999,-0.36512309574500001,-0.083129335880000002
2,0,-0.053606118011139431,0.48943959475180554,false,flipguard_tabular_validation_v2,sha256:b034be406ad044228923f8c0edbb48d26d4bc3835101d0adee012b9edbbba71b,sha256:025eb7dea28322d4b60adcfff3b1ff48c3fb44aa57280d39eea813405a6561d5,model_input,identity_model_input_v1,-1.875999479736,1.635256550557,4.639353103625,-1.543443677253,-0.67504030634300005,-1.0566774002379999,-0.98807488584000003,-0.083129335880000002
3,0,-0.016076234684129428,0.49683298176722651,false,flipguard_tabular_validation_v2,sha256:b034be406ad044228923f8c0edbb48d26d4bc3835101d0adee012b9edbbba71b,sha256:025eb7dea28322d4b60adcfff3b1ff48c3fb44aa57280d39eea813405a6561d5,model_input,identity_model_input_v1,0.26127968584799999,-0.66259599847100004,-0.402342990831,-1.7187177491929999,-0.67504030634300005,0.02671859658,-1.143812833363,-0.083129335880000002
5,0,-0.044228111318415191,0.49128706207027223,false,flipguard_tabular_validation_v2,sha256:b034be406ad044228923f8c0edbb48d26d4bc3835101d0adee012b9edbbba71b,sha256:025eb7dea28322d4b60adcfff3b1ff48c3fb44aa57280d39eea813405a6561d5,model_input,identity_model_input_v1,-0.45114670268000001,-0.485838110085,-0.402342990831,0.91039332991099997,-0.67504030634300005,-1.0566774002379999,-1.143812833363,-0.083129335880000002
7,0,-0.049997695310071297,0.49015045402391594,false,flipguard_tabular_validation_v2,sha256:b034be406ad044228923f8c0edbb48d26d4bc3835101d0adee012b9edbbba71b,sha256:025eb7dea28322d4b60adcfff3b1ff48c3fb44aa57280d39eea813405a6561d5,model_input,identity_model_input_v1,0.97370607437599999,0.044435555076,-0.402342990831,-1.543443677253,-0.67504030634300005,-1.0566774002379999,-1.143812833363,-0.083129335880000002
8,0,0.0034657097702660428,0.5006827448247424,true,flipguard_tabular_validation_v2,sha256:b034be406ad044228923f8c0edbb48d26d4bc3835101d0adee012b9edbbba71b,sha256:025eb7dea28322d4b60adcfff3b1ff48c3fb44aa57280d39eea813405a6561d5,model_input,identity_model_input_v1,0.49875514869100002,-0.13232233331099999,-0.402342990831,0.20929704215,-0.67504030634300005,0.95534373671100004,1.347994327014,-0.083129335880000002
9,1,-0.018351791939140577,0.49638469698798932,false,flipguard_tabular_validation_v2,sha256:b034be406ad044228923f8c0edbb48d26d4bc3835101d0adee012b9edbbba71b,sha256:025eb7dea28322d4b60adcfff3b1ff48c3fb44aa57280d39eea813405a6561d5,model_input,identity_model_input_v1,-0.45114670268000001,1.635256550557,1.1731870386859999,1.085667401851,-0.67504030634300005,-1.0566774002379999,0.10209074682499999,-0.083129335880000002
10,1,0.0073841599684713131,0.50145467951378886,true,flipguard_tabular_validation_v2,sha256:b034be406ad044228923f8c0edbb48d26d4bc3835101d0adee012b9edbbba71b,sha256:025eb7dea28322d4b60adcfff3b1ff48c3fb44aa57280d39eea813405a6561d5,model_input,identity_model_input_v1,-0.45114670268000001,1.281740773783,-0.087236984928,0.55984518603,-0.67504030634300005,0.18148945326900001,-0.053647200697999997,-0.083129335880000002
12,0,-0.011254232386639329,0.49778291621983206,false,flipguard_tabular_validation_v2,sha256:b034be406ad044228923f8c0edbb48d26d4bc3835101d0adee012b9edbbba71b,sha256:025eb7dea28322d4b60adcfff3b1ff48c3fb44aa57280d39eea813405a6561d5,model_input,identity_model_input_v1,0.97370607437599999,0.397951331849,-0.402342990831,-1.0176214614320001,-0.67504030634300005,0.95534373671100004,1.347994327014,-0.083129335880000002
15,1,0.098889337893398085,0.51948119956499939,true,flipguard_tabular_validation_v2,sha256:b034be406ad044228923f8c0edbb48d26d4bc3835101d0adee012b9edbbba71b,sha256:025eb7dea28322d4b60adcfff3b1ff48c3fb44aa57280d39eea813405a6561d5,model_input,identity_model_input_v1,-2.350950405421,-0.66259599847100004,-0.402342990831,-0.84234738949200005,0.75057405029900004,0.95534373671100004,-0.053647200697999997,-0.083129335880000002
16,0,-0.048668850659719383,0.49041223642003529,false,flipguard_tabular_validation_v2,sha256:b034be406ad044228923f8c0edbb48d26d4bc3835101d0adee012b9edbbba71b,sha256:025eb7dea28322d4b60adcfff3b1ff48c3fb44aa57280d39eea813405a6561d5,model_input,identity_model_input_v1,0.73623061153400005,0.75146710862300004,-0.402342990831,0.034022970210000003,-0.67504030634300005,-1.0566774002379999,-1.143812833363,-0.083129335880000002
17,1,0.065733271270180305,0.51294945444022555,true,flipguard_tabular_validation_v2,sha256:b034be406ad044228923f8c0edbb48d26d4bc3835101d0adee012b9edbbba71b,sha256:025eb7dea28322d4b60adcfff3b1ff48c3fb44aa57280d39eea813405a6561d5,model_input,identity_model_input_v1,-0.92609762836499998,0.75146710862300004,-0.402342990831,1.085667401851,0.46545117896999999,1.2648854500869999,-0.98807488584000003,-0.083129335880000002
18,1,0.087828126332530648,0.51730214088750859,true,flipguard_tabular_validation_v2,sha256:b034be406ad044228923f8c0edbb48d26d4bc3835101d0adee012b9edbbba71b,sha256:025eb7dea28322d4b60adcfff3b1ff48c3fb44aa57280d39eea813405a6561d5,model_input,identity_model_input_v1,0.26127968584799999,-1.016111775245,-0.402342990831,0.73511925797099997,-0.67504030634300005,0.800572880022,1.347994327014,2.9902111112240002
19,0,-0.025263465923073838,0.49502309721315446,false,flipguard_tabular_validation_v2,sha256:b034be406ad044228923f8c0edbb48d26d4bc3835101d0adee012b9edbbba71b,sha256:025eb7dea28322d4b60adcfff3b1ff48c3fb44aa57280d39eea813405a6561d5,model_input,identity_model_input_v1,-0.45114670268000001,-1.016111775245,-0.402342990831,0.20929704215,-0.67504030634300005,-1.0566774002379999,-0.83233693831599997,-0.083129335880000002
22,1,0.051155904697981952,0.51007771322550244,true,flipguard_tabular_validation_v2,sha256:b034be406ad044228923f8c0edbb48d26d4bc3835101d0adee012b9edbbba71b,sha256:025eb7dea28322d4b60adcfff3b1ff48c3fb44aa57280d39eea813405a6561d5,model_input,identity_model_input_v1,-2.825901331107,0.397951331849,-0.402342990831,-1.7187177491929999,2.7464341495969999,1.419656306776,1.347994327014,-0.083129335880000002
24,1,0.040924970504845622,0.5080622191894546,true,flipguard_tabular_validation_v2,sha256:b034be406ad044228923f8c0edbb48d26d4bc3835101d0adee012b9edbbba71b,sha256:025eb7dea28322d4b60adcfff3b1ff48c3fb44aa57280d39eea813405a6561d5,model_input,identity_model_input_v1,0.49875514869100002,-0.83935388685800005,-0.402342990831,0.91039332991099997,-0.67504030634300005,1.419656306776,-0.20938514822199999,-0.083129335880000002
25,1,0.044542735155792351,0.50877491882569115,true,flipguard_tabular_validation_v2,sha256:b034be406ad044228923f8c0edbb48d26d4bc3835101d0adee012b9edbbba71b,sha256:025eb7dea28322d4b60adcfff3b1ff48c3fb44aa57280d39eea813405a6561d5,model_input,identity_model_input_v1,0.97370607437599999,-1.016111775245,-0.402342990831,0.55984518603,-0.38991743501499998,1.419656306776,-0.83233693831599997,-0.083129335880000002
26,0,0.0029258630357456008,0.50057639501804185,true,flipguard_tabular_validation_v2,sha256:b034be406ad044228923f8c0edbb48d26d4bc3835101d0adee012b9edbbba71b,sha256:025eb7dea28322d4b60adcfff3b1ff48c3fb44aa57280d39eea813405a6561d5,model_input,identity_model_input_v1,0.49875514869100002,-1.016111775245,-0.402342990831,-0.66707331755199994,-0.67504030634300005,-1.0566774002379999,0.10209074682499999,-0.083129335880000002
28,1,0.054710933226267959,0.51077805384557484,true,flipguard_tabular_validation_v2,sha256:b034be406ad044228923f8c0edbb48d26d4bc3835101d0adee012b9edbbba71b,sha256:025eb7dea28322d4b60adcfff3b1ff48c3fb44aa57280d39eea813405a6561d5,model_input,identity_model_input_v1,0.49875514869100002,-0.66259599847100004,-0.402342990831,1.085667401851,0.46545117896999999,0.800572880022,-1.143812833363,-0.083129335880000002
29,1,0.0074758413419364761,0.50147274074436143,true,flipguard_tabular_validation_v2,sha256:b034be406ad044228923f8c0edbb48d26d4bc3835101d0adee012b9edbbba71b,sha256:025eb7dea28322d4b60adcfff3b1ff48c3fb44aa57280d39eea813405a6561d5,model_input,identity_model_input_v1,-2.1134749425789998,-0.13232233331099999,-0.402342990831,0.55984518603,1.035696921627,-1.0566774002379999,-1.143812833363,-0.083129335880000002
32,0,-0.019289446091259189,0.49619997912002195,false,flipguard_tabular_validation_v2,sha256:b034be406ad044228923f8c0edbb48d26d4bc3835101d0adee012b9edbbba71b,sha256:025eb7dea28322d4b60adcfff3b1ff48c3fb44aa57280d39eea813405a6561d5,model_input,identity_model_input_v1,0.26127968584799999,-1.016111775245,-0.402342990831,-0.66707331755199994,-0.67504030634300005,-1.0566774002379999,-0.67659899079300001,-0.083129335880000002
33,0,0.00012504235516845033,0.50002463334396818,true,flipguard_tabular_validation_v2,sha256:b034be406ad044228923f8c0edbb48d26d4bc3835101d0adee012b9edbbba71b,sha256:025eb7dea28322d4b60adcfff3b1ff48c3fb44aa57280d39eea813405a6561d5,model_input,identity_model_input_v1,0.26127968584799999,0.57470922023600002,-0.402342990831,1.085667401851,-0.67504030634300005,-1.0566774002379999,0.10209074682499999,-0.083129335880000002
35,0,-0.0056787022613416852,0.49888129565451567,false,flipguard_tabular_validation_v2,sha256:b034be406ad044228923f8c0edbb48d26d4bc3835101d0adee012b9edbbba71b,sha256:025eb7dea28322d4b60adcfff3b1ff48c3fb44aa57280d39eea813405a6561d5,model_input,identity_model_input_v1,0.49875514869100002,-1.016111775245,-0.402342990831,0.38457111409,-0.67504030634300005,-0.128052260108,-1.143812833363,-0.083129335880000002
37,0,-0.047308099660596951,0.49068030436686239,false,flipguard_tabular_validation_v2,sha256:b034be406ad044228923f8c0edbb48d26d4bc3835101d0adee012b9edbbba71b,sha256:025eb7dea28322d4b60adcfff3b1ff48c3fb44aa57280d39eea813405a6561d5,model_input,identity_model_input_v1,0.49875514869100002,-0.83935388685800005,-0.402342990831,-1.7187177491929999,-0.67504030634300005,-1.0566774002379999,-1.143812833363,-0.083129335880000002
38,1,0.063922829978633036,0.51259279750579068,true,flipguard_tabular_validation_v2,sha256:b034be406ad044228923f8c0edbb48d26d4bc3835101d0adee012b9edbbba71b,sha256:025eb7dea28322d4b60adcfff3b1ff48c3fb44aa57280d39eea813405a6561d5,model_input,identity_model_input_v1,0.49875514869100002,-0.83935388685800005,-0.402342990831,1.085667401851,1.3208197929550001,0.18148945326900001,-1.143812833363,-0.083129335880000002
39,0,-0.026383249108669085,0.49480249992559217,false,flipguard_tabular_validation_v2,sha256:b034be406ad044228923f8c0edbb48d26d4bc3835101d0adee012b9edbbba71b,sha256:025eb7dea28322d4b60adcfff3b1ff48c3fb44aa57280d39eea813405a6561d5,model_input,identity_model_input_v1,0.97370607437599999,-0.83935388685800005,-0.402342990831,1.085667401851,-0.38991743501499998,-1.0566774002379999,-1.143812833363,-0.083129335880000002
40,1,0.011236568619108572,0.50221360401796444,true,flipguard_tabular_validation_v2,sha256:b034be406ad044228923f8c0edbb48d26d4bc3835101d0adee012b9edbbba71b,sha256:025eb7dea28322d4b60adcfff3b1ff48c3fb44aa57280d39eea813405a6561d5,model_input,identity_model_input_v1,-0.21367123983700001,0.22119344346299999,-0.402342990831,0.73511925797099997,-0.67504030634300005,0.95534373671100004,-1.143812833363,-0.083129335880000002
43,0,-0.041007003473827193,0.49192162031565606,false,flipguard_tabular_validation_v2,sha256:b034be406ad044228923f8c0edbb48d26d4bc3835101d0adee012b9edbbba71b,sha256:025eb7dea28322d4b60adcfff3b1ff48c3fb44aa57280d39eea813405a6561d5,model_input,identity_model_input_v1,0.97370607437599999,0.75146710862300004,-0.402342990831,0.91039332991099997,-0.67504030634300005,-1.0566774002379999,-1.143812833363,-0.083129335880000002
47,1,0.012623063358160847,0.50248674348155764,true,flipguard_tabular_validation_v2,sha256:b034be406ad044228923f8c0edbb48d26d4bc3835101d0adee012b9edbbba71b,sha256:025eb7dea28322d4b60adcfff3b1ff48c3fb44aa57280d39eea813405a6561d5,model_input,identity_model_input_v1,0.73623061153400005,-0.13232233331099999,-0.402342990831,-0.49179924561100002,-0.67504030634300005,0.49103116664500002,0.88078048444299994,-0.083129335880000002
50,1,0.017890906767760471,0.50352450863324882,true,flipguard_tabular_validation_v2,sha256:b034be406ad044228923f8c0edbb48d26d4bc3835101d0adee012b9edbbba71b,sha256:025eb7dea28322d4b60adcfff3b1ff48c3fb44aa57280d39eea813405a6561d5,model_input,identity_model_input_v1,0.97370607437599999,-1.016111775245,-0.087236984928,-0.31652517367100003,-0.67504030634300005,1.419656306776,0.56930458939600004,-0.083129335880000002
51,0,-0.10084375011928788,0.4801337812265003,false,flipguard_tabular_validation_v2,sha256:b034be406ad044228923f8c0edbb48d26d4bc3835101d0adee012b9edbbba71b,sha256:025eb7dea28322d4b60adcfff3b1ff48c3fb44aa57280d39eea813405a6561d5,model_input,identity_model_input_v1,0.97370607437599999,1.104982885396,4.639353103625,0.034022970210000003,-0.67504030634300005,-0.43759397348500001,0.88078048444299994,-0.083129335880000002
52,1,0.085275290381802524,0.51679923220521506,true,flipguard_tabular_validation_v2,sha256:b034be406ad044228923f8c0edbb48d26d4bc3835101d0adee012b9edbbba71b,sha256:025eb7dea28322d4b60adcfff3b1ff48c3fb44aa57280d39eea813405a6561d5,model_input,identity_model_input_v1,0.49875514869100002,-0.83935388685800005,-0.402342990831,1.085667401851,1.3208197929550001,0.64580202333400005,-1.143812833363,-0.083129335880000002
54,0,-0.038697239125701055,0.4923766438922369,false,flipguard_tabular_validation_v2,sha256:b034be406ad044228923f8c0edbb48d26d4bc3835101d0adee012b9edbbba71b,sha256:025eb7dea28322d4b60adcfff3b1ff48c3fb44aa57280d39eea813405a6561d5,model_input,identity_model_input_v1,-0.92609762836499998,1.45849866217,0.54297502687900001,1.085667401851,-0.67504030634300005,-1.0566774002379999,-0.67659899079300001,-0.083129335880000002
55,1,0.19199103707797927,0.53782223430436193,true,flipguard_tabular_validation_v2,sha256:b034be406ad044228923f8c0edbb48d26d4bc3835101d0adee012b9edbbba71b,sha256:025eb7dea28322d4b60adcfff3b1ff48c3fb44aa57280d39eea813405a6561d5,model_input,identity_model_input_v1,0.49875514869100002,-0.83935388685800005,-0.402342990831,0.38457111409,0.46545117896999999,1.2648854500869999,0.10209074682499999,6.0635515583290003
59,0,0.013556495173401115,0.50267062954915998,true,flipguard_tabular_validation_v2,sha256:b034be406ad044228923f8c0edbb48d26d4bc3835101d0adee012b9edbbba71b,sha256:025eb7dea28322d4b60adcfff3b1ff48c3fb44aa57280d39eea813405a6561d5,model_input,identity_model_input_v1,0.49875514869100002,-0.66259599847100004,-0.402342990831,-1.0176214614320001,-0.67504030634300005,-0.128052260108,0.41356664187300002,-0.083129335880000002
62,1,0.0062541711931533642,0.50123207172505124,true,flipguard_tabular_validation_v2,sha256:b034be406ad044228923f8c0edbb48d26d4bc3835101d0adee012b9edbbba71b,sha256:025eb7dea28322d4b60adcfff3b1ff48c3fb44aa57280d39eea813405a6561d5,model_input,identity_model_input_v1,-0.92609762836499998,-0.13232233331099999,-0.402342990831,-0.84234738949200005,-0.67504030634300005,0.18148945326900001,1.1922563794909999,-0.083129335880000002
63,0,-0.050678833448411766,0.49001626981066287,false,flipguard_tabular_validation_v2,sha256:b034be406ad044228923f8c0edbb48d26d4bc3835101d0adee012b9edbbba71b,sha256:025eb7dea28322d4b60adcfff3b1ff48c3fb44aa57280d39eea813405a6561d5,model_input,identity_model_input_v1,-0.21367123983700001,1.104982885396,1.48829304459,0.034022970210000003,-0.104794563686,-1.0566774002379999,-1.143812833363,-0.083129335880000002
64,1,0.12591974142451473,0.52480618906062937,true,flipguard_tabular_validation_v2,sha256:b034be406ad044228923f8c0edbb48d26d4bc3835101d0adee012b9edbbba71b,sha256:025eb7dea28322d4b60adcfff3b1ff48c3fb44aa57280d39eea813405a6561d5,model_input,identity_model_input_v1,0.023804223005999998,-0.83935388685800005,-0.402342990831,1.085667401851,1.605942664284,0.95534373671100004,-1.143812833363,-0.083129335880000002
65,0,-0.070972738954706821,0.48601837042592277,false,flipguard_tabular_validation_v2,sha256:b034be406ad044228923f8c0edbb48d26d4bc3835101d0adee012b9edbbba71b,sha256:025eb7dea28322d4b60adcfff3b1ff48c3fb44aa57280d39eea813405a6561d5,model_input,identity_model_input_v1,-0.68862216552199995,1.635256550557,-0.087236984928,0.20929704215,-0.67504030634300005,-1.0566774002379999,-1.143812833363,-0.083129335880000002
67,0,-0.043679704735052491,0.49139509816719468,false,flipguard_tabular_validation_v2,sha256:b034be406ad044228923f8c0edbb48d26d4bc3835101d0adee012b9edbbba71b,sha256:025eb7dea28322d4b60adcfff3b1ff48c3fb44aa57280d39eea813405a6561d5,model_input,identity_model_input_v1,0.97370607437599999,0.75146710862300004,-0.087236984928,-0.141251101731,-0.67504030634300005,-1.0566774002379999,-1.143812833363,-0.083129335880000002
74,1,0.061479898017979762,0.51211153990954206,true,flipguard_tabular_validation_v2,sha256:b034be406ad044228923f8c0edbb48d26d4bc3835101d0adee012b9edbbba71b,sha256:025eb7dea28322d4b60adcfff3b1ff48c3fb44aa57280d39eea813405a6561d5,model_input,identity_model_input_v1,0.73623061153400005,-1.016111775245,-0.402342990831,1.085667401851,2.7464341495969999,0.64580202333400005,1.036518431967,-0.083129335880000002
76,1,-0.011884406961591081,0.49765877182856655,false,flipguard_tabular_validation_v2,sha256:b034be406ad044228923f8c0edbb48d26d4bc3835101d0adee012b9edbbba71b,sha256:025eb7dea28322d4b60adcfff3b1ff48c3fb44aa57280d39eea813405a6561d5,model_input,identity_model_input_v1,-0.92609762836499998,1.45849866217,0.22786902097600001,1.085667401851,-0.67504030634300005,-1.0566774002379999,0.25782869434900002,-0.083129335880000002
77,0,-0.059368036566489722,0.48830449679640153,false,flipguard_tabular_validation_v2,sha256:b034be406ad044228923f8c0edbb48d26d4bc3835101d0adee012b9edbbba71b,sha256:025eb7dea28322d4b60adcfff3b1ff48c3fb44aa57280d39eea813405a6561d5,model_input,identity_model_input_v1,-0.45114670268000001,1.104982885396,-0.087236984928,0.73511925797099997,-0.67504030634300005,-1.0566774002379999,-1.143812833363,-0.083129335880000002
78,1,0.063199510286922,0.51245030352652365,true,flipguard_tabular_validation_v2,sha256:b034be406ad044228923f8c0edbb48d26d4bc3835101d0adee012b9edbbba71b,sha256:025eb7dea28322d4b60adcfff3b1ff48c3fb44aa57280d39eea813405a6561d5,model_input,identity_model_input_v1,-0.92609762836499998,-0.30908022169799998,-0.402342990831,0.73511925797099997,0.180328307642,1.419656306776,0.72504253691999998,-0.083129335880000002
80,0,-0.033345248223571752,0.49343098609995639,false,flipguard_tabular_validation_v2,sha256:b034be406ad044228923f8c0edbb48d26d4bc3835101d0adee012b9edbbba71b,sha256:025eb7dea28322d4b60adcfff3b1ff48c3fb44aa57280d39eea813405a6561d5,model_input,identity_model_input_v1,0.023804223005999998,0.397951331849,-0.087236984928,-0.84234738949200005,0.180328307642,1.110114593399,1.347994327014,-0.083129335880000002
81,1,0.015698992484348986,0.50309270151941676,true,flipguard_tabular_validation_v2,sha256:b034be406ad044228923f8c0edbb48d26d4bc3835101d0adee012b9edbbba71b,sha256:025eb7dea28322d4b60adcfff3b1ff48c3fb44aa57280d39eea813405a6561d5,model_input,identity_model_input_v1,0.49875514869100002,-0.83935388685800005,-0.402342990831,0.73511925797099997,-0.67504030634300005,-0.90190654354999999,1.036518431967,-0.083129335880000002
85,1,0.01142636264845859,0.5022509934417464,true,flipguard_tabular_validation_v2,sha256:b034be406ad044228923f8c0edbb48d26d4bc3835101d0adee012b9edbbba71b,sha256:025eb7dea28322d4b60adcfff3b1ff48c3fb44aa57280d39eea813405a6561d5,model_input,identity_model_input_v1,0.97370607437599999,-0.83935388685800005,-0.402342990831,-0.49179924561100002,-0.67504030634300005,0.95534373671100004,1.036518431967,-0.083129335880000002
87,0,-0.048038804208678225,0.49053635557089037,false,flipguard_tabular_validation_v2,sha256:b034be406ad044228923f8c0edbb48d26d4bc3835101d0adee012b9edbbba71b,sha256:025eb7dea28322d4b60adcfff3b1ff48c3fb44aa57280d39eea813405a6561d5,model_input,identity_model_input_v1,-0.45114670268000001,0.75146710862300004,-0.402342990831,-0.141251101731,-0.104794563686,-0.90190654354999999,-0.83233693831599997,-0.083129335880000002
88,0,-0.036820684067487404,0.49274632523870499,false,flipguard_tabular_validation_v2,sha256:b034be406ad044228923f8c0edbb48d26d4bc3835101d0adee012b9edbbba71b,sha256:025eb7dea28322d4b60adcfff3b1ff48c3fb44aa57280d39eea813405a6561d5,model_input,identity_model_input_v1,0.97370607437599999,0.22119344346299999,-0.402342990831,0.91039332991099997,-0.67504030634300005,-1.0566774002379999,-1.143812833363,-0.083129335880000002
89,1,0.13027762756376077,0.52566469263006088,true,flipguard_tabular_validation_v2,sha256:b034be406ad044228923f8c0edbb48d26d4bc3835101d0adee012b9edbbba71b,sha256:025eb7dea28322d4b60adcfff3b1ff48c3fb44aa57280d39eea813405a6561d5,model_input,identity_model_input_v1,-1.638524016893,-0.30908022169799998,-0.402342990831,0.38457111409,2.7464341495969999,0.800572880022,1.036518431967,-0.083129335880000002
91,1,0.12692077116762251,0.52500339192002166,true,flipguard_tabular_validation_v2,sha256:b034be406ad044228923f8c0edbb48d26d4bc3835101d0adee012b9edbbba71b,sha256:025eb7dea28322d4b60adcfff3b1ff48c3fb44aa57280d39eea813405a6561d5,model_input,identity_model_input_v1,0.023804223005999998,-1.016111775245,-0.402342990831,0.91039332991099997,1.605942664284,0.95534373671100004,-1.143812833363,-0.083129335880000002
92,1,0.028940636764507567,0.50570130544260794,true,flipguard_tabular_validation_v2,sha256:b034be406ad044228923f8c0edbb48d26d4bc3835101d0adee012b9edbbba71b,sha256:025eb7dea28322d4b60adcfff3b1ff48c3fb44aa57280d39eea813405a6561d5,model_input,identity_model_input_v1,0.97370607437599999,-0.13232233331099999,-0.402342990831,-0.141251101731,-0.67504030634300005,1.419656306776,-0.98807488584000003,-0.083129335880000002
93,0,-0.054938538950513913,0.48917710782674878,false,flipguard_tabular_validation_v2,sha256:b034be406ad044228923f8c0edbb48d26d4bc3835101d0adee012b9edbbba71b,sha256:025eb7dea28322d4b60adcfff3b1ff48c3fb44aa57280d39eea813405a6561d5,model_input,identity_model_input_v1,-2.5884258682639998,1.104982885396,4.0091410918179999,0.034022970210000003,-0.67504030634300005,-1.0566774002379999,-1.143812833363,-0.083129335880000002
98,0,-0.040868236195540503,0.49194895746947853,false,flipguard_tabular_validation_v2,sha256:b034be406ad044228923f8c0edbb48d26d4bc3835101d0adee012b9edbbba71b,sha256:025eb7dea28322d4b60adcfff3b1ff48c3fb44aa57280d39eea813405a6561d5,model_input,identity_model_input_v1,-0.21367123983700001,1.104982885396,0.54297502687900001,0.20929704215,-0.67504030634300005,-0.59236483017300001,-1.143812833363,-0.083129335880000002
100,0,-0.04753328663413639,0.49063594253307513,false,flipguard_tabular_validation_v2,sha256:b034be406ad044228923f8c0edbb48d26d4bc3835101d0adee012b9edbbba71b,sha256:025eb7dea28322d4b60adcfff3b1ff48c3fb44aa57280d39eea813405a6561d5,model_input,identity_model_input_v1,0.26127968584799999,1.635256550557,3.694035085915,1.085667401851,-0.38991743501499998,-1.0566774002379999,-1.143812833363,-0.083129335880000002
101,1,0.052561845045538014,0.51035468347397095,true,flipguard_tabular_validation_v2,sha256:b034be406ad044228923f8c0edbb48d26d4bc3835101d0adee012b9edbbba71b,sha256:025eb7dea28322d4b60adcfff3b1ff48c3fb44aa57280d39eea813405a6561d5,model_input,identity_model_input_v1,-2.5884258682639998,0.397951331849,-0.402342990831,-1.3681696053129999,2.4613112782690001,1.419656306776,1.347994327014,-0.083129335880000002
112,0,-0.051233876590369085,0.4899069263116973,false,flipguard_tabular_validation_v2,sha256:b034be406ad044228923f8c0edbb48d26d4bc3835101d0adee012b9edbbba71b,sha256:025eb7dea28322d4b60adcfff3b1ff48c3fb44aa57280d39eea813405a6561d5,model_input,identity_model_input_v1,-0.21367123983700001,-0.30908022169799998,-0.402342990831,-0.49179924561100002,-0.67504030634300005,-1.0566774002379999,-1.143812833363,-0.083129335880000002
113,1,0.023185119336195111,0.5045674685092304,true,flipguard_tabular_validation_v2,sha256:b034be406ad044228923f8c0edbb48d26d4bc3835101d0adee012b9edbbba71b,sha256:025eb7dea28322d4b60adcfff3b1ff48c3fb44aa57280d39eea813405a6561d5,model_input,identity_model_input_v1,0.26127968584799999,-0.83935388685800005,-0.402342990831,-1.543443677253,0.180328307642,1.110114593399,-1.143812833363,-0.083129335880000002
115,1,0.013888393607362215,0.50273601354065034,true,flipguard_tabular_validation_v2,sha256:b034be406ad044228923f8c0edbb48d26d4bc3835101d0adee012b9edbbba71b,sha256:025eb7dea28322d4b60adcfff3b1ff48c3fb44aa57280d39eea813405a6561d5,model_input,identity_model_input_v1,-0.45114670268000001,-0.485838110085,-0.402342990831,0.55984518603,-0.67504030634300005,1.2648854500869999,1.347994327014,-0.083129335880000002
116,1,0.075863196247049264,0.51494504966066867,true,flipguard_tabular_validation_v2,sha256:b034be406ad044228923f8c0edbb48d26d4bc3835101d0adee012b9edbbba71b,sha256:025eb7dea28322d4b60adcfff3b1ff48c3fb44aa57280d39eea813405a6561d5,model_input,identity_model_input_v1,-2.350950405421,-0.13232233331099999,-0.402342990831,-1.1928955333719999,2.4613112782690001,1.419656306776,1.347994327014,-0.083129335880000002
121,0,-0.058079759961720955,0.48855828728754097,false,flipguard_tabular_validation_v2,sha256:b034be406ad044228923f8c0edbb48d26d4bc3835101d0adee012b9edbbba71b,sha256:025eb7dea28322d4b60adcfff3b1ff48c3fb44aa57280d39eea813405a6561d5,model_input,identity_model_input_v1,0.023804223005999998,1.281740773783,-0.402342990831,0.91039332991099997,-0.67504030634300005,-1.0566774002379999,-1.143812833363,-0.083129335880000002
122,0,-0.0061436172734861336,0.49878970739712325,false,flipguard_tabular_validation_v2,sha256:b034be406ad044228923f8c0edbb48d26d4bc3835101d0adee012b9edbbba71b,sha256:025eb7dea28322d4b60adcfff3b1ff48c3fb44aa57280d39eea813405a6561d5,model_input,identity_model_input_v1,0.97370607437599999,-0.13232233331099999,-0.402342990831,-1.7187177491929999,-0.67504030634300005,-0.74713568686200005,0.10209074682499999,-0.083129335880000002
126,1,0.072351974692687393,0.51425333901445947,true,flipguard_tabular_validation_v2,sha256:b034be406ad044228923f8c0edbb48d26d4bc3835101d0adee012b9edbbba71b,sha256:025eb7dea28322d4b60adcfff3b1ff48c3fb44aa57280d39eea813405a6561d5,model_input,identity_model_input_v1,-0.45114670268000001,-1.016111775245,-0.402342990831,1.085667401851,0.46545117896999999,1.2648854500869999,0.88078048444299994,-0.083129335880000002
129,0,-0.10281940837963813,0.47974457654921127,false,flipguard_tabular_validation_v2,sha256:b034be406ad044228923f8c0edbb48d26d4bc3835101d0adee012b9edbbba71b,sha256:025eb7dea28322d4b60adcfff3b1ff48c3fb44aa57280d39eea813405a6561d5,model_input,identity_model_input_v1,-0.21367123983700001,1.812014438944,0.22786902097600001,-1.7187177491929999,0.180328307642,-1.0566774002379999,1.1922563794909999,-0.083129335880000002
131,1,0.063901760506330396,0.51258864681974714,true,flipguard_tabular_validation_v2,sha256:b034be406ad044228923f8c0edbb48d26d4bc3835101d0adee012b9edbbba71b,sha256:025eb7dea28322d4b60adcfff3b1ff48c3fb44aa57280d39eea813405a6561d5,model_input,identity_model_input_v1,0.97370607437599999,-0.13232233331099999,-0.402342990831,0.55984518603,1.035696921627,1.419656306776,-0.98807488584000003,-0.083129335880000002
132,0,-0.03256786409281584,0.49358413077371527,false,flipguard_tabular_validation_v2,sha256:b034be406ad044228923f8c0edbb48d26d4bc3835101d0adee012b9edbbba71b,sha256:025eb7dea28322d4b60adcfff3b1ff48c3fb44aa57280d39eea813405a6561d5,model_input,identity_model_input_v1,-0.21367123983700001,-0.83935388685800005,-0.402342990831,0.38457111409,-0.67504030634300005,-1.0566774002379999,-0.98807488584000003,-0.083129335880000002
133,0,-0.010943831068083505,0.49784406527958752,false,flipguard_tabular_validation_v2,sha256:b034be406ad044228923f8c0edbb48d26d4bc3835101d0adee012b9edbbba71b,sha256:025eb7dea28322d4b60adcfff3b1ff48c3fb44aa57280d39eea813405a6561d5,model_input,identity_model_input_v1,-1.875999479736,1.281740773783,-0.402342990831,-1.1928955333719999,0.180328307642,1.419656306776,1.347994327014,-0.083129335880000002
135,0,0.012271914891812095,0.50241756723368702,true,flipguard_tabular_validation_v2,sha256:b034be406ad044228923f8c0edbb48d26d4bc3835101d0adee012b9edbbba71b,sha256:025eb7dea28322d4b60adcfff3b1ff48c3fb44aa57280d39eea813405a6561d5,model_input,identity_model_input_v1,0.97370607437599999,-1.016111775245,-0.402342990831,0.91039332991099997,-0.67504030634300005,0.49103116664500002,-1.143812833363,-0.083129335880000002
137,1,0.047550788536819849,0.50936750534175346,true,flipguard_tabular_validation_v2,sha256:b034be406ad044228923f8c0edbb48d26d4bc3835101d0adee012b9edbbba71b,sha256:025eb7dea28322d4b60adcfff3b1ff48c3fb44aa57280d39eea813405a6561d5,model_input,identity_model_input_v1,-0.21367123983700001,-0.66259599847100004,-0.402342990831,0.20929704215,0.75057405029900004,0.49103116664500002,-1.143812833363,-0.083129335880000002
139,1,0.032473403969395277,0.50639726058197088,true,flipguard_tabular_validation_v2,sha256:b034be406ad044228923f8c0edbb48d26d4bc3835101d0adee012b9edbbba71b,sha256:025eb7dea28322d4b60adcfff3b1ff48c3fb44aa57280d39eea813405a6561d5,model_input,identity_model_input_v1,-1.163573091208,1.281740773783,-0.087236984928,0.38457111409,-0.38991743501499998,1.419656306776,-0.053647200697999997,-0.083129335880000002
140,1,0.077445259294914109,0.51525671608109813,true,flipguard_tabular_validation_v2,sha256:b034be406ad044228923f8c0edbb48d26d4bc3835101d0adee012b9edbbba71b,sha256:025eb7dea28322d4b60adcfff3b1ff48c3fb44aa57280d39eea813405a6561d5,model_input,identity_model_input_v1,-1.638524016893,-0.485838110085,-0.402342990831,-0.31652517367100003,1.8910655356120001,1.2648854500869999,1.347994327014,-0.083129335880000002
141,0,-0.14300646230017108,0.47182772692686631,false,flipguard_tabular_validation_v2,sha256:b034be406ad044228923f8c0edbb48d26d4bc3835101d0adee012b9edbbba71b,sha256:025eb7dea28322d4b60adcfff3b1ff48c3fb44aa57280d39eea813405a6561d5,model_input,identity_model_input_v1,-0.92609762836499998,1.45849866217,0.22786902097600001,-1.7187177491929999,1.605942664284,-1.0566774002379999,-1.143812833363,-0.083129335880000002
142,0,-0.043080813459465239,0.49151307974848535,false,flipguard_tabular_validation_v2,sha256:b034be406ad044228923f8c0edbb48d26d4bc3835101d0adee012b9edbbba71b,sha256:025eb7dea28322d4b60adcfff3b1ff48c3fb44aa57280d39eea813405a6561d5,model_input,identity_model_input_v1,0.26127968584799999,-0.13232233331099999,-0.402342990831,0.55984518603,-0.67504030634300005,-1.0566774002379999,-1.143812833363,-0.083129335880000002
146,0,-0.038704613633800032,0.49237519111414141,false,flipguard_tabular_validation_v2,sha256:b034be406ad044228923f8c0edbb48d26d4bc3835101d0adee012b9edbbba71b,sha256:025eb7dea28322d4b60adcfff3b1ff48c3fb44aa57280d39eea813405a6561d5,model_input,identity_model_input_v1,0.26127968584799999,1.812014438944,0.85808103278299996,-1.7187177491929999,-0.67504030634300005,-1.0566774002379999,0.88078048444299994,-0.083129335880000002
149,0,-0.035420966282251297,0.49302206964239648,false,flipguard_tabular_validation_v2,sha256:b034be406ad044228923f8c0edbb48d26d4bc3835101d0adee012b9edbbba71b,sha256:025eb7dea28322d4b60adcfff3b1ff48c3fb44aa57280d39eea813405a6561d5,model_input,identity_model_input_v1,0.26127968584799999,-1.016111775245,-0.402342990831,0.38457111409,-0.67504030634300005,-1.0566774002379999,-1.143812833363,-0.083129335880000002
150,0,-0.025983441340783738,0.49488126205586558,false,flipguard_tabular_validation_v2,sha256:b034be406ad044228923f8c0edbb48d26d4bc3835101d0adee012b9edbbba71b,sha256:025eb7dea28322d4b60adcfff3b1ff48c3fb44aa57280d39eea813405a6561d5,model_input,identity_model_input_v1,-1.163573091208,1.812014438944,1.803399050493,0.55984518603,-0.67504030634300005,-1.0566774002379999,0.56930458939600004,-0.083129335880000002
152,1,0.088000621351598418,0.51733612240626492,true,flipguard_tabular_validation_v2,sha256:b034be406ad044228923f8c0edbb48d26d4bc3835101d0adee012b9edbbba71b,sha256:025eb7dea28322d4b60adcfff3b1ff48c3fb44aa57280d39eea813405a6561d5,model_input,identity_model_input_v1,-1.40104855405,-1.016111775245,-0.402342990831,0.38457111409,1.035696921627,1.419656306776,1.347994327014,-0.083129335880000002
153,1,-0.011771161033897207,0.49768108127632227,false,flipguard_tabular_validation_v2,sha256:b034be406ad044228923f8c0edbb48d26d4bc3835101d0adee012b9edbbba71b,sha256:025eb7dea28322d4b60adcfff3b1ff48c3fb44aa57280d39eea813405a6561d5,model_input,identity_model_input_v1,-0.68862216552199995,1.104982885396,0.22786902097600001,0.55984518603,-0.67504030634300005,-1.0566774002379999,0.25782869434900002,-0.083129335880000002
154,0,-0.04407035632404574,0.491318139804163,false,flipguard_tabular_validation_v2,sha256:b034be406ad044228923f8c0edbb48d26d4bc3835101d0adee012b9edbbba71b,sha256:025eb7dea28322d4b60adcfff3b1ff48c3fb44aa57280d39eea813405a6561d5,model_input,identity_model_input_v1,0.023804223005999998,-0.485838110085,-0.402342990831,0.034022970210000003,-0.67504030634300005,-1.0566774002379999,-1.143812833363,-0.083129335880000002
157,1,0.086116711113312885,0.51696499208932267,true,flipguard_tabular_validation_v2,sha256:b034be406ad044228923f8c0edbb48d26d4bc3835101d0adee012b9edbbba71b,sha256:025eb7dea28322d4b60adcfff3b1ff48c3fb44aa57280d39eea813405a6561d5,model_input,identity_model_input_v1,-2.1134749425789998,-0.485838110085,-0.402342990831,-1.0176214614320001,2.1761884069409998,0.800572880022,0.88078048444299994,-0.083129335880000002
158,0,-0.0030404364297593424,0.49940103402333741,false,flipguard_tabular_validation_v2,sha256:b034be406ad044228923f8c0edbb48d26d4bc3835101d0adee012b9edbbba71b,sha256:025eb7dea28322d4b60adcfff3b1ff48c3fb44aa57280d39eea813405a6561d5,model_input,identity_model_input_v1,0.49875514869100002,-1.016111775245,-0.402342990831,-1.3681696053129999,-0.67504030634300005,0.18148945326900001,1.347994327014,-0.083129335880000002
160,1,0.097931033721820049,0.51929241364319856,true,flipguard_tabular_validation_v2,sha256:b034be406ad044228923f8c0edbb48d26d4bc3835101d0adee012b9edbbba71b,sha256:025eb7dea28322d4b60adcfff3b1ff48c3fb44aa57280d39eea813405a6561d5,model_input,identity_model_input_v1,0.26127968584799999,-1.016111775245,-0.402342990831,0.38457111409,1.035696921627,1.419656306776,-0.52086104326899996,-0.083129335880000002
161,0,-0.020867817720905558,0.49588903990898159,false,flipguard_tabular_validation_v2,sha256:b034be406ad044228923f8c0edbb48d26d4bc3835101d0adee012b9edbbba71b,sha256:025eb7dea28322d4b60adcfff3b1ff48c3fb44aa57280d39eea813405a6561d5,model_input,identity_model_input_v1,0.023804223005999998,1.812014438944,1.803399050493,0.91039332991099997,0.75057405029900004,-0.43759397348500001,-0.52086104326899996,-0.083129335880000002
162,1,0.0032181453547812833,0.5006339746348919,true,flipguard_tabular_validation_v2,sha256:b034be406ad044228923f8c0edbb48d26d4bc3835101d0adee012b9edbbba71b,sha256:025eb7dea28322d4b60adcfff3b1ff48c3fb44aa57280d39eea813405a6561d5,model_input,identity_model_input_v1,0.97370607437599999,-0.83935388685800005,-0.402342990831,-1.543443677253,-0.67504030634300005,0.95534373671100004,1.036518431967,-0.083129335880000002
165,0,-0.049584103487633591,0.49023193161293616,false,flipguard_tabular_validation_v2,sha256:b034be406ad044228923f8c0edbb48d26d4bc3835101d0adee012b9edbbba71b,sha256:025eb7dea28322d4b60adcfff3b1ff48c3fb44aa57280d39eea813405a6561d5,model_input,identity_model_input_v1,0.73623061153400005,1.281740773783,0.22786902097600001,1.085667401851,1.035696921627,-1.0566774002379999,0.56930458939600004,-0.083129335880000002
166,1,0.093751400206238455,0.51846902584062893,true,flipguard_tabular_validation_v2,sha256:b034be406ad044228923f8c0edbb48d26d4bc3835101d0adee012b9edbbba71b,sha256:025eb7dea28322d4b60adcfff3b1ff48c3fb44aa57280d39eea813405a6561d5,model_input,identity_model_input_v1,-1.163573091208,-0.83935388685800005,-0.402342990831,-0.141251101731,2.1761884069409998,1.2648854500869999,1.1922563794909999,-0.083129335880000002
167,0,-0.033564589827829491,0.49338777580391757,false,flipguard_tabular_validation_v2,sha256:b034be406ad044228923f8c0edbb48d26d4bc3835101d0adee012b9edbbba71b,sha256:025eb7dea28322d4b60adcfff3b1ff48c3fb44aa57280d39eea813405a6561d5,model_input,identity_model_input_v1,0.73623061153400005,1.104982885396,3.0638230741079999,1.085667401851,-0.67504030634300005,-0.90190654354999999,-0.053647200697999997,-0.083129335880000002
168,0,-0.037081688796573781,0.49269490730707499,false,flipguard_tabular_validation_v2,sha256:b034be406ad044228923f8c0edbb48d26d4bc3835101d0adee012b9edbbba71b,sha256:025eb7dea28322d4b60adcfff3b1ff48c3fb44aa57280d39eea813405a6561d5,model_input,identity_model_input_v1,0.97370607437599999,1.812014438944,2.7487170682039999,0.034022970210000003,-0.67504030634300005,-1.0566774002379999,-1.143812833363,-0.083129335880000002
169,1,0.062924978652658753,0.51239622079457381,true,flipguard_tabular_validation_v2,sha256:b034be406ad044228923f8c0edbb48d26d4bc3835101d0adee012b9edbbba71b,sha256:025eb7dea28322d4b60adcfff3b1ff48c3fb44aa57280d39eea813405a6561d5,model_input,identity_model_input_v1,0.49875514869100002,-0.30908022169799998,-0.402342990831,1.085667401851,0.46545117896999999,1.2648854500869999,-0.053647200697999997,-0.083129335880000002
173,1,0.082698785223654037,0.51629166068905985,true,flipguard_tabular_validation_v2,sha256:b034be406ad044228923f8c0edbb48d26d4bc3835101d0adee012b9edbbba71b,sha256:025eb7dea28322d4b60adcfff3b1ff48c3fb44aa57280d39eea813405a6561d5,model_input,identity_model_input_v1,-2.350950405421,-0.66259599847100004,-0.402342990831,0.034022970210000003,0.46545117896999999,1.419656306776,1.347994327014,-0.083129335880000002
174,1,0.028033889897524533,0.50552267630981229,true,flipguard_tabular_validation_v2,sha256:b034be406ad044228923f8c0edbb48d26d4bc3835101d0adee012b9edbbba71b,sha256:025eb7dea28322d4b60adcfff3b1ff48c3fb44aa57280d39eea813405a6561d5,model_input,identity_model_input_v1,0.26127968584799999,-1.016111775245,-0.402342990831,0.73511925797099997,1.3208197929550001,0.18148945326900001,1.1922563794909999,-0.083129335880000002
176,0,-0.060312956062937288,0.48811834765560136,false,flipguard_tabular_validation_v2,sha256:b034be406ad044228923f8c0edbb48d26d4bc3835101d0adee012b9edbbba71b,sha256:025eb7dea28322d4b60adcfff3b1ff48c3fb44aa57280d39eea813405a6561d5,model_input,identity_model_input_v1,0.97370607437599999,0.92822499701000005,-0.402342990831,-1.543443677253,-0.67504030634300005,-1.0566774002379999,-1.143812833363,-0.083129335880000002
178,0,-0.0021716352857319441,0.49957218784871082,false,flipguard_tabular_validation_v2,sha256:b034be406ad044228923f8c0edbb48d26d4bc3835101d0adee012b9edbbba71b,sha256:025eb7dea28322d4b60adcfff3b1ff48c3fb44aa57280d39eea813405a6561d5,model_input,identity_model_input_v1,0.26127968584799999,-1.016111775245,-0.402342990831,-1.3681696053129999,-0.67504030634300005,0.18148945326900001,1.347994327014,-0.083129335880000002
179,1,0.0077173632819872145,0.50152032056655149,true,flipguard_tabular_validation_v2,sha256:b034be406ad044228923f8c0edbb48d26d4bc3835101d0adee012b9edbbba71b,sha256:025eb7dea28322d4b60adcfff3b1ff48c3fb44aa57280d39eea813405a6561d5,model_input,identity_model_input_v1,0.26127968584799999,-1.016111775245,-0.402342990831,0.91039332991099997,-0.67504030634300005,-1.0566774002379999,-0.053647200697999997,-0.083129335880000002
183,1,0.057997673110922729,0.51142554160285181,true,flipguard_tabular_validation_v2,sha256:b034be406ad044228923f8c0edbb48d26d4bc3835101d0adee012b9edbbba71b,sha256:025eb7dea28322d4b60adcfff3b1ff48c3fb44aa57280d39eea813405a6561d5,model_input,identity_model_input_v1,-1.40104855405,-0.485838110085,-0.402342990831,0.20929704215,0.180328307642,1.419656306776,1.036518431967,-0.083129335880000002
185,0,-0.060529994941460226,0.48807559099653236,false,flipguard_tabular_validation_v2,sha256:b034be406ad044228923f8c0edbb48d26d4bc3835101d0adee012b9edbbba71b,sha256:025eb7dea28322d4b60adcfff3b1ff48c3fb44aa57280d39eea813405a6561d5,model_input,identity_model_input_v1,0.49875514869100002,1.45849866217,0.54297502687900001,0.20929704215,-0.104794563686,-1.0566774002379999,-1.143812833363,-0.083129335880000002
186,1,0.077104330040402791,0.51518955301795932,true,flipguard_tabular_validation_v2,sha256:b034be406ad044228923f8c0edbb48d26d4bc3835101d0adee012b9edbbba71b,sha256:025eb7dea28322d4b60adcfff3b1ff48c3fb44aa57280d39eea813405a6561d5,model_input,identity_model_input_v1,-2.1134749425789998,0.22119344346299999,-0.402342990831,-0.66707331755199994,1.605942664284,1.110114593399,0.72504253691999998,-0.083129335880000002
189,1,-0.018888872276356709,0.49627889216155774,false,flipguard_tabular_validation_v2,sha256:b034be406ad044228923f8c0edbb48d26d4bc3835101d0adee012b9edbbba71b,sha256:025eb7dea28322d4b60adcfff3b1ff48c3fb44aa57280d39eea813405a6561d5,model_input,identity_model_input_v1,0.97370607437599999,0.397951331849,-0.402342990831,-1.7187177491929999,-0.67504030634300005,-0.28282311679599997,1.347994327014,-0.083129335880000002
190,0,-0.02995002415246651,0.4940998452419641,false,flipguard_tabular_validation_v2,sha256:b034be406ad044228923f8c0edbb48d26d4bc3835101d0adee012b9edbbba71b,sha256:025eb7dea28322d4b60adcfff3b1ff48c3fb44aa57280d39eea813405a6561d5,model_input,identity_model_input_v1,0.73623061153400005,-1.016111775245,-0.402342990831,1.085667401851,-0.67504030634300005,-1.0566774002379999,-1.143812833363,-0.083129335880000002
191,0,-0.048011213376682446,0.49054179096479356,false,flipguard_tabular_validation_v2,sha256:b034be406ad044228923f8c0edbb48d26d4bc3835101d0adee012b9edbbba71b,sha256:025eb7dea28322d4b60adcfff3b1ff48c3fb44aa57280d39eea813405a6561d5,model_input,identity_model_input_v1,0.26127968584799999,1.812014438944,3.0638230741079999,1.085667401851,-0.67504030634300005,-1.0566774002379999,-1.143812833363,-0.083129335880000002
192,0,-0.04438062755777699,0.49125701637111796,false,flipguard_tabular_validation_v2,sha256:b034be406ad044228923f8c0edbb48d26d4bc3835101d0adee012b9edbbba71b,sha256:025eb7dea28322d4b60adcfff3b1ff48c3fb44aa57280d39eea813405a6561d5,model_input,identity_model_input_v1,0.26127968584799999,-0.83935388685800005,-0.402342990831,-1.7187177491929999,-0.67504030634300005,-0.90190654354999999,-1.143812833363,-0.083129335880000002
194,0,-0.0094106283424993387,0.49814610621652761,false,flipguard_tabular_validation_v2,sha256:b034be406ad044228923f8c0edbb48d26d4bc3835101d0adee012b9edbbba71b,sha256:025eb7dea28322d4b60adcfff3b1ff48c3fb44aa57280d39eea813405a6561d5,model_input,identity_model_input_v1,0.73623061153400005,0.75146710862300004,-0.402342990831,-0.66707331755199994,-0.67504030634300005,-1.0566774002379999,0.25782869434900002,-0.083129335880000002
196,0,-0.0062107348705325192,0.49877648523050511,false,flipguard_tabular_validation_v2,sha256:b034be406ad044228923f8c0edbb48d26d4bc3835101d0adee012b9edbbba71b,sha256:025eb7dea28322d4b60adcfff3b1ff48c3fb44aa57280d39eea813405a6561d5,model_input,identity_model_input_v1,0.49875514869100002,-1.016111775245,-0.402342990831,-1.7187177491929999,-0.67504030634300005,-0.74713568686200005,1.1922563794909999,-0.083129335880000002
197,0,-0.078430938832483449,0.48454910505000076,false,flipguard_tabular_validation_v2,sha256:b034be406ad044228923f8c0edbb48d26d4bc3835101d0adee012b9edbbba71b,sha256:025eb7dea28322d4b60adcfff3b1ff48c3fb44aa57280d39eea813405a6561d5,model_input,identity_model_input_v1,0.97370607437599999,1.812014438944,0.85808103278299996,0.55984518603,1.3208197929550001,-1.0566774002379999,-0.52086104326899996,-0.083129335880000002
198,0,-0.010374292514278485,0.49795626437468715,false,flipguard_tabular_validation_v2,sha256:b034be406ad044228923f8c0edbb48d26d4bc3835101d0adee012b9edbbba71b,sha256:025eb7dea28322d4b60adcfff3b1ff48c3fb44aa57280d39eea813405a6561d5,model_input,identity_model_input_v1,0.73623061153400005,-0.66259599847100004,-0.402342990831,-1.7187177491929999,-0.67504030634300005,-0.128052260108,1.347994327014,-0.083129335880000002
199,1,-0.010478262843659734,0.49793578221979901,false,flipguard_tabular_validation_v2,sha256:b034be406ad044228923f8c0edbb48d26d4bc3835101d0adee012b9edbbba71b,sha256:025eb7dea28322d4b60adcfff3b1ff48c3fb44aa57280d39eea813405a6561d5,model_input,identity_model_input_v1,0.97370607437599999,0.75146710862300004,-0.402342990831,0.20929704215,1.605942664284,1.110114593399,0.41356664187300002,-0.083129335880000002
203,1,0.064328459110224279,0.51267270644471419,true,flipguard_tabular_validation_v2,sha256:b034be406ad044228923f8c0edbb48d26d4bc3835101d0adee012b9edbbba71b,sha256:025eb7dea28322d4b60adcfff3b1ff48c3fb44aa57280d39eea813405a6561d5,model_input,identity_model_input_v1,0.26127968584799999,-0.83935388685800005,-0.402342990831,0.91039332991099997,0.75057405029900004,0.64580202333400005,-1.143812833363,-0.083129335880000002
204,1,0.11948401310957323,0.52353835058258591,true,flipguard_tabular_validation_v2,sha256:b034be406ad044228923f8c0edbb48d26d4bc3835101d0adee012b9edbbba71b,sha256:025eb7dea28322d4b60adcfff3b1ff48c3fb44aa57280d39eea813405a6561d5,model_input,identity_model_input_v1,-1.163573091208,-1.016111775245,-0.402342990831,0.20929704215,1.605942664284,0.800572880022,0.41356664187300002,-0.083129335880000002
208,0,-0.019113999680683079,0.49623454206290546,false,flipguard_tabular_validation_v2,sha256:b034be406ad044228923f8c0edbb48d26d4bc3835101d0adee012b9edbbba71b,sha256:025eb7dea28322d4b60adcfff3b1ff48c3fb44aa57280d39eea813405a6561d5,model_input,identity_model_input_v1,0.023804223005999998,-0.13232233331099999,-0.402342990831,-1.7187177491929999,-0.67504030634300005,0.18148945326900001,-1.143812833363,-0.083129335880000002
209,1,0.076589655543917876,0.51508816214215181,true,flipguard_tabular_validation_v2,sha256:b034be406ad044228923f8c0edbb48d26d4bc3835101d0adee012b9edbbba71b,sha256:025eb7dea28322d4b60adcfff3b1ff48c3fb44aa57280d39eea813405a6561d5,model_input,identity_model_input_v1,0.73623061153400005,-1.016111775245,-0.402342990831,1.085667401851,1.035696921627,1.110114593399,0.25782869434900002,-0.083129335880000002
212,0,-0.032774174839550599,0.49354348755660854,false,flipguard_tabular_validation_v2,sha256:b034be406ad044228923f8c0edbb48d26d4bc3835101d0adee012b9edbbba71b,sha256:025eb7dea28322d4b60adcfff3b1ff48c3fb44aa57280d39eea813405a6561d5,model_input,identity_model_input_v1,0.73623061153400005,-0.66259599847100004,-0.402342990831,0.91039332991099997,-0.67504030634300005,-1.0566774002379999,-1.143812833363,-0.083129335880000002
213,1,0.020007253188808687,0.50394142887819526,true,flipguard_tabular_validation_v2,sha256:b034be406ad044228923f8c0edbb48d26d4bc3835101d0adee012b9edbbba71b,sha256:025eb7dea28322d4b60adcfff3b1ff48c3fb44aa57280d39eea813405a6561d5,model_input,identity_model_input_v1,-0.45114670268000001,0.22119344346299999,-0.402342990831,-1.7187177491929999,-0.67504030634300005,1.2648854500869999,-0.20938514822199999,-0.083129335880000002
215,0,-0.14000481289594024,0.47241905185949978,false,flipguard_tabular_validation_v2,sha256:b034be406ad044228923f8c0edbb48d26d4bc3835101d0adee012b9edbbba71b,sha256:025eb7dea28322d4b60adcfff3b1ff48c3fb44aa57280d39eea813405a6561d5,model_input,identity_model_input_v1,0.26127968584799999,1.812014438944,0.85808103278299996,-0.84234738949200005,1.8910655356120001,0.95534373671100004,1.347994327014,-0.083129335880000002
218,0,0.013555870585371155,0.50267050650531808,true,flipguard_tabular_validation_v2,sha256:b034be406ad044228923f8c0edbb48d26d4bc3835101d0adee012b9edbbba71b,sha256:025eb7dea28322d4b60adcfff3b1ff48c3fb44aa57280d39eea813405a6561d5,model_input,identity_model_input_v1,0.73623061153400005,-0.83935388685800005,-0.402342990831,1.085667401851,-0.67504030634300005,-0.28282311679599997,1.347994327014,-0.083129335880000002
222,0,-0.066208398965872328,0.48695694540372314,false,flipguard_tabular_validation_v2,sha256:b034be406ad044228923f8c0edbb48d26d4bc3835101d0adee012b9edbbba71b,sha256:025eb7dea28322d4b60adcfff3b1ff48c3fb44aa57280d39eea813405a6561d5,model_input,identity_model_input_v1,-2.825901331107,1.635256550557,1.48829304459,0.20929704215,-0.67504030634300005,-1.0566774002379999,-1.143812833363,-0.083129335880000002
225,0,-0.064726356761371617,0.48724890771800977,false,flipguard_tabular_validation_v2,sha256:b034be406ad044228923f8c0edbb48d26d4bc3835101d0adee012b9edbbba71b,sha256:025eb7dea28322d4b60adcfff3b1ff48c3fb44aa57280d39eea813405a6561d5,model_input,identity_model_input_v1,0.49875514869100002,1.812014438944,4.324247097722,-1.7187177491929999,-0.67504030634300005,-0.90190654354999999,0.56930458939600004,-0.083129335880000002
228,0,-0.0559094541469898,0.48898583753304303,false,flipguard_tabular_validation_v2,sha256:b034be406ad044228923f8c0edbb48d26d4bc3835101d0adee012b9edbbba71b,sha256:025eb7dea28322d4b60adcfff3b1ff48c3fb44aa57280d39eea813405a6561d5,model_input,identity_model_input_v1,-0.68862216552199995,0.044435555076,-0.402342990831,0.034022970210000003,-0.67504030634300005,-1.0566774002379999,-1.143812833363,-0.083129335880000002
229,0,-0.047577548159311561,0.49062722301261563,false,flipguard_tabular_validation_v2,sha256:b034be406ad044228923f8c0edbb48d26d4bc3835101d0adee012b9edbbba71b,sha256:025eb7dea28322d4b60adcfff3b1ff48c3fb44aa57280d39eea813405a6561d5,model_input,identity_model_input_v1,0.97370607437599999,-0.30908022169799998,-0.402342990831,-1.7187177491929999,-0.67504030634300005,-1.0566774002379999,-1.143812833363,-0.083129335880000002
231,0,-0.042958757288007479,0.49153712481426254,false,flipguard_tabular_validation_v2,sha256:b034be406ad044228923f8c0edbb48d26d4bc3835101d0adee012b9edbbba71b,sha256:025eb7dea28322d4b60adcfff3b1ff48c3fb44aa57280d39eea813405a6561d5,model_input,identity_model_input_v1,0.49875514869100002,0.044435555076,-0.402342990831,0.38457111409,-0.67504030634300005,-1.0566774002379999,-1.143812833363,-0.083129335880000002
232,0,-0.018029500701945898,0.49644818836171667,false,flipguard_tabular_validation_v2,sha256:b034be406ad044228923f8c0edbb48d26d4bc3835101d0adee012b9edbbba71b,sha256:025eb7dea28322d4b60adcfff3b1ff48c3fb44aa57280d39eea813405a6561d5,model_input,identity_model_input_v1,0.73623061153400005,0.92822499701000005,-0.402342990831,-1.7187177491929999,-0.67504030634300005,-0.59236483017300001,-0.053647200697999997,-0.083129335880000002
233,0,-0.011198254069803917,0.49779394394824861,false,flipguard_tabular_validation_v2,sha256:b034be406ad044228923f8c0edbb48d26d4bc3835101d0adee012b9edbbba71b,sha256:025eb7dea28322d4b60adcfff3b1ff48c3fb44aa57280d39eea813405a6561d5,model_input,identity_model_input_v1,0.97370607437599999,0.397951331849,-0.402342990831,1.085667401851,1.035696921627,1.419656306776,1.347994327014,-0.083129335880000002
236,0,-0.037405369683192406,0.49263114217241111,false,flipguard_tabular_validation_v2,sha256:b034be406ad044228923f8c0edbb48d26d4bc3835101d0adee012b9edbbba71b,sha256:025eb7dea28322d4b60adcfff3b1ff48c3fb44aa57280d39eea813405a6561d5,model_input,identity_model_input_v1,0.73623061153400005,-1.016111775245,-0.402342990831,-1.7187177491929999,0.75057405029900004,0.02671859658,0.72504253691999998,-0.083129335880000002
241,0,-0.11105770502314435,0.47812163211044056,false,flipguard_tabular_validation_v2,sha256:b034be406ad044228923f8c0edbb48d26d4bc3835101d0adee012b9edbbba71b,sha256:025eb7dea28322d4b60adcfff3b1ff48c3fb44aa57280d39eea813405a6561d5,model_input,identity_model_input_v1,-0.45114670268000001,1.281740773783,3.3789290800109999,-0.66707331755199994,-0.67504030634300005,1.2648854500869999,1.1922563794909999,-0.083129335880000002
245,0,-0.068727003712729162,0.48646078026859235,false,flipguard_tabular_validation_v2,sha256:b034be406ad044228923f8c0edbb48d26d4bc3835101d0adee012b9edbbba71b,sha256:025eb7dea28322d4b60adcfff3b1ff48c3fb44aa57280d39eea813405a6561d5,model_input,identity_model_input_v1,-0.92609762836499998,1.45849866217,-0.402342990831,1.085667401851,-0.67504030634300005,-1.0566774002379999,-1.143812833363,-0.083129335880000002
249,1,0.03521519681593574,0.50693739377273939,true,flipguard_tabular_validation_v2,sha256:b034be406ad044228923f8c0edbb48d26d4bc3835101d0adee012b9edbbba71b,sha256:025eb7dea28322d4b60adcfff3b1ff48c3fb44aa57280d39eea813405a6561d5,model_input,identity_model_input_v1,-0.68862216552199995,-0.66259599847100004,-0.402342990831,0.73511925797099997,-0.67504030634300005,1.110114593399,-0.67659899079300001,-0.083129335880000002
251,1,0.11725959332171403,0.52310013988437765,true,flipguard_tabular_validation_v2,sha256:b034be406ad044228923f8c0edbb48d26d4bc3835101d0adee012b9edbbba71b,sha256:025eb7dea28322d4b60adcfff3b1ff48c3fb44aa57280d39eea813405a6561d5,model_input,identity_model_input_v1,0.26127968584799999,-1.016111775245,-0.402342990831,1.085667401851,1.605942664284,0.800572880022,-1.143812833363,-0.083129335880000002
253,1,0.052167842060906383,0.51027706488599855,true,flipguard_tabular_validation_v2,sha256:b034be406ad044228923f8c0edbb48d26d4bc3835101d0adee012b9edbbba71b,sha256:025eb7dea28322d4b60adcfff3b1ff48c3fb44aa57280d39eea813405a6561d5,model_input,identity_model_input_v1,0.26127968584799999,-1.016111775245,-0.402342990831,0.55984518603,0.180328307642,1.419656306776,0.56930458939600004,-0.083129335880000002
255,1,0.1416251121275067,0.52790014708911881,true,flipguard_tabular_validation_v2,sha256:b034be406ad044228923f8c0edbb48d26d4bc3835101d0adee012b9edbbba71b,sha256:025eb7dea28322d4b60adcfff3b1ff48c3fb44aa57280d39eea813405a6561d5,model_input,identity_model_input_v1,-0.21367123983700001,-1.016111775245,-0.402342990831,0.55984518603,2.1761884069409998,1.419656306776,0.25782869434900002,-0.083129335880000002
258,1,0.024699573447263694,0.50486581596911095,true,flipguard_tabular_validation_v2,sha256:b034be406ad044228923f8c0edbb48d26d4bc3835101d0adee012b9edbbba71b,sha256:025eb7dea28322d4b60adcfff3b1ff48c3fb44aa57280d39eea813405a6561d5,model_input,identity_model_input_v1,0.023804223005999998,0.044435555076,-0.402342990831,-1.3681696053129999,-0.67504030634300005,1.419656306776,0.10209074682499999,-0.083129335880000002
262,1,0.11047898149612735,0.52176435935473708,true,flipguard_tabular_validation_v2,sha256:b034be406ad044228923f8c0edbb48d26d4bc3835101d0adee012b9edbbba71b,sha256:025eb7dea28322d4b60adcfff3b1ff48c3fb44aa57280d39eea813405a6561d5,model_input,identity_model_input_v1,-2.5884258682639998,1.104982885396,-0.402342990831,-0.31652517367100003,2.7464341495969999,1.419656306776,0.88078048444299994,-0.083129335880000002
263,1,0.062981703092012939,0.51240739550912651,true,flipguard_tabular_validation_v2,sha256:b034be406ad044228923f8c0edbb48d26d4bc3835101d0adee012b9edbbba71b,sha256:025eb7dea28322d4b60adcfff3b1ff48c3fb44aa57280d39eea813405a6561d5,model_input,identity_model_input_v1,-2.825901331107,-0.66259599847100004,-0.402342990831,-1.0176214614320001,1.035696921627,-0.28282311679599997,0.41356664187300002,-0.083129335880000002
264,1,0.044555312992547724,0.50877739665953192,true,flipguard_tabular_validation_v2,sha256:b034be406ad044228923f8c0edbb48d26d4bc3835101d0adee012b9edbbba71b,sha256:025eb7dea28322d4b60adcfff3b1ff48c3fb44aa57280d39eea813405a6561d5,model_input,identity_model_input_v1,0.023804223005999998,-1.016111775245,-0.402342990831,0.73511925797099997,-0.104794563686,0.95534373671100004,-1.143812833363,-0.083129335880000002
265,0,-0.012636713072565498,0.49751056752470457,false,flipguard_tabular_validation_v2,sha256:b034be406ad044228923f8c0edbb48d26d4bc3835101d0adee012b9edbbba71b,sha256:025eb7dea28322d4b60adcfff3b1ff48c3fb44aa57280d39eea813405a6561d5,model_input,identity_model_input_v1,0.97370607437599999,-0.66259599847100004,-0.402342990831,-1.7187177491929999,-0.67504030634300005,-0.90190654354999999,1.347994327014,-0.083129335880000002
266,0,0.020637502199643457,0.50406558793332978,true,flipguard_tabular_validation_v2,sha256:b034be406ad044228923f8c0edbb48d26d4bc3835101d0adee012b9edbbba71b,sha256:025eb7dea28322d4b60adcfff3b1ff48c3fb44aa57280d39eea813405a6561d5,model_input,identity_model_input_v1,-2.825901331107,1.45849866217,2.7487170682039999,-0.141251101731,0.75057405029900004,-0.43759397348500001,-1.143812833363,-0.083129335880000002
267,0,-2.2939996676778142e-05,0.49999548082065465,false,flipguard_tabular_validation_v2,sha256:b034be406ad044228923f8c0edbb48d26d4bc3835101d0adee012b9edbbba71b,sha256:025eb7dea28322d4b60adcfff3b1ff48c3fb44aa57280d39eea813405a6561d5,model_input,identity_model_input_v1,0.73623061153400005,1.812014438944,-0.087236984928,1.085667401851,-0.67504030634300005,-1.0566774002379999,0.72504253691999998,-0.083129335880000002
268,0,-0.043080813459465239,0.49151307974848535,false,flipguard_tabular_validation_v2,sha256:b034be406ad044228923f8c0edbb48d26d4bc3835101d0adee012b9edbbba71b,sha256:025eb7dea28322d4b60adcfff3b1ff48c3fb44aa57280d39eea813405a6561d5,model_input,identity_model_input_v1,0.26127968584799999,-0.13232233331099999,-0.402342990831,0.55984518603,-0.67504030634300005,-1.0566774002379999,-1.143812833363,-0.083129335880000002
270,0,-0.076139688019046761,0.48500048146024777,false,flipguard_tabular_validation_v2,sha256:b034be406ad044228923f8c0edbb48d26d4bc3835101d0adee012b9edbbba71b,sha256:025eb7dea28322d4b60adcfff3b1ff48c3fb44aa57280d39eea813405a6561d5,model_input,identity_model_input_v1,-2.825901331107,1.45849866217,0.54297502687900001,-0.141251101731,-0.67504030634300005,-1.0566774002379999,-1.143812833363,-0.083129335880000002
271,1,0.012362700410101256,0.50243545198078998,true,flipguard_tabular_validation_v2,sha256:b034be406ad044228923f8c0edbb48d26d4bc3835101d0adee012b9edbbba71b,sha256:025eb7dea28322d4b60adcfff3b1ff48c3fb44aa57280d39eea813405a6561d5,model_input,identity_model_input_v1,0.49875514869100002,-0.30908022169799998,-0.402342990831,0.20929704215,-0.67504030634300005,-0.74713568686200005,0.72504253691999998,-0.083129335880000002
272,1,0.11624849149828013,0.52290095282516114,true,flipguard_tabular_validation_v2,sha256:b034be406ad044228923f8c0edbb48d26d4bc3835101d0adee012b9edbbba71b,sha256:025eb7dea28322d4b60adcfff3b1ff48c3fb44aa57280d39eea813405a6561d5,model_input,identity_model_input_v1,0.73623061153400005,-0.66259599847100004,-0.402342990831,0.73511925797099997,1.8910655356120001,1.419656306776,-0.83233693831599997,-0.083129335880000002
275,0,-0.043799238090620952,0.49137155009614769,false,flipguard_tabular_validation_v2,sha256:b034be406ad044228923f8c0edbb48d26d4bc3835101d0adee012b9edbbba71b,sha256:025eb7dea28322d4b60adcfff3b1ff48c3fb44aa57280d39eea813405a6561d5,model_input,identity_model_input_v1,0.26127968584799999,-0.13232233331099999,-0.402342990831,0.38457111409,-0.67504030634300005,-1.0566774002379999,-1.143812833363,-0.083129335880000002
278,0,-0.081528053106110762,0.48393897353809617,false,flipguard_tabular_validation_v2,sha256:b034be406ad044228923f8c0edbb48d26d4bc3835101d0adee012b9edbbba71b,sha256:025eb7dea28322d4b60adcfff3b1ff48c3fb44aa57280d39eea813405a6561d5,model_input,identity_model_input_v1,-2.825901331107,1.635256550557,-0.402342990831,1.085667401851,-0.67504030634300005,-1.0566774002379999,-1.143812833363,-0.083129335880000002
279,1,0.079958370493093886,0.51575179898713952,true,flipguard_tabular_validation_v2,sha256:b034be406ad044228923f8c0edbb48d26d4bc3835101d0adee012b9edbbba71b,sha256:025eb7dea28322d4b60adcfff3b1ff48c3fb44aa57280d39eea813405a6561d5,model_input,identity_model_input_v1,-0.21367123983700001,-1.016111775245,-0.402342990831,0.38457111409,2.1761884069409998,1.419656306776,1.1922563794909999,-0.083129335880000002
281,0,-0.023921774741507792,0.49528741037592294,false,flipguard_tabular_validation_v2,sha256:b034be406ad044228923f8c0edbb48d26d4bc3835101d0adee012b9edbbba71b,sha256:025eb7dea28322d4b60adcfff3b1ff48c3fb44aa57280d39eea813405a6561d5,model_input,identity_model_input_v1,-2.825901331107,0.22119344346299999,-0.402342990831,0.034022970210000003,-0.38991743501499998,-1.0566774002379999,-0.52086104326899996,-0.083129335880000002
282,1,0.11583205162158292,0.52281891416945181,true,flipguard_tabular_validation_v2,sha256:b034be406ad044228923f8c0edbb48d26d4bc3835101d0adee012b9edbbba71b,sha256:025eb7dea28322d4b60adcfff3b1ff48c3fb44aa57280d39eea813405a6561d5,model_input,identity_model_input_v1,-0.92609762836499998,-1.016111775245,-0.402342990831,0.38457111409,2.4613112782690001,1.419656306776,1.347994327014,-0.083129335880000002
283,0,0.013789076096325147,0.50271644799097603,true,flipguard_tabular_validation_v2,sha256:b034be406ad044228923f8c0edbb48d26d4bc3835101d0adee012b9edbbba71b,sha256:025eb7dea28322d4b60adcfff3b1ff48c3fb44aa57280d39eea813405a6561d5,model_input,identity_model_input_v1,-2.825901331107,1.45849866217,0.54297502687900001,-1.7187177491929999,-0.38991743501499998,1.419656306776,0.25782869434900002,-0.083129335880000002
284,0,-0.043846780805335051,0.49136218418134897,false,flipguard_tabular_validation_v2,sha256:b034be406ad044228923f8c0edbb48d26d4bc3835101d0adee012b9edbbba71b,sha256:025eb7dea28322d4b60adcfff3b1ff48c3fb44aa57280d39eea813405a6561d5,model_input,identity_model_input_v1,0.97370607437599999,0.57470922023600002,-0.402342990831,-1.0176214614320001,-0.67504030634300005,-1.0566774002379999,-0.98807488584000003,-0.083129335880000002
288,1,0.012756777364689534,0.50251308514084381,true,flipguard_tabular_validation_v2,sha256:b034be406ad044228923f8c0edbb48d26d4bc3835101d0adee012b9edbbba71b,sha256:025eb7dea28322d4b60adcfff3b1ff48c3fb44aa57280d39eea813405a6561d5,model_input,identity_model_input_v1,0.97370607437599999,-0.13232233331099999,-0.402342990831,0.38457111409,-0.67504030634300005,-0.90190654354999999,0.56930458939600004,-0.083129335880000002
290,0,-0.032096261950939356,0.49367703639566496,false,flipguard_tabular_validation_v2,sha256:b034be406ad044228923f8c0edbb48d26d4bc3835101d0adee012b9edbbba71b,sha256:025eb7dea28322d4b60adcfff3b1ff48c3fb44aa57280d39eea813405a6561d5,model_input,identity_model_input_v1,0.97370607437599999,1.635256550557,2.1185050563969998,-1.7187177491929999,-0.67504030634300005,-1.0566774002379999,-0.67659899079300001,-0.083129335880000002
291,0,-0.046177300335225831,0.49090307183396054,false,flipguard_tabular_validation_v2,sha256:b034be406ad044228923f8c0edbb48d26d4bc3835101d0adee012b9edbbba71b,sha256:025eb7dea28322d4b60adcfff3b1ff48c3fb44aa57280d39eea813405a6561d5,model_input,identity_model_input_v1,0.26127968584799999,-1.016111775245,-0.402342990831,-1.543443677253,-0.67504030634300005,-1.0566774002379999,-1.143812833363,-0.083129335880000002
294,0,-0.042493614176998921,0.49162875800713124,false,flipguard_tabular_validation_v2,sha256:b034be406ad044228923f8c0edbb48d26d4bc3835101d0adee012b9edbbba71b,sha256:025eb7dea28322d4b60adcfff3b1ff48c3fb44aa57280d39eea813405a6561d5,model_input,identity_model_input_v1,-0.92609762836499998,0.57470922023600002,3.3789290800109999,0.20929704215,-0.67504030634300005,-1.0566774002379999,-0.67659899079300001,-0.083129335880000002
296,1,0.02411947261774882,0.50475153610569656,true,flipguard_tabular_validation_v2,sha256:b034be406ad044228923f8c0edbb48d26d4bc3835101d0adee012b9edbbba71b,sha256:025eb7dea28322d4b60adcfff3b1ff48c3fb44aa57280d39eea813405a6561d5,model_input,identity_model_input_v1,0.49875514869100002,-1.016111775245,-0.402342990831,0.55984518603,-0.67504030634300005,0.49103116664500002,0.88078048444299994,-0.083129335880000002
297,0,-0.051151542712014095,0.48992314608573323,false,flipguard_tabular_validation_v2,sha256:b034be406ad044228923f8c0edbb48d26d4bc3835101d0adee012b9edbbba71b,sha256:025eb7dea28322d4b60adcfff3b1ff48c3fb44aa57280d39eea813405a6561d5,model_input,identity_model_input_v1,0.26127968584799999,-0.13232233331099999,-0.402342990831,-0.84234738949200005,-0.67504030634300005,-1.0566774002379999,-1.143812833363,-0.083129335880000002
300,1,0.015806100801800196,0.50311380185795462,true,flipguard_tabular_validation_v2,sha256:b034be406ad044228923f8c0edbb48d26d4bc3835101d0adee012b9edbbba71b,sha256:025eb7dea28322d4b60adcfff3b1ff48c3fb44aa57280d39eea813405a6561d5,model_input,identity_model_input_v1,-0.68862216552199995,-0.13232233331099999,-0.402342990831,-1.1928955333719999,-0.67504030634300005,0.64580202333400005,-0.36512309574500001,-0.083129335880000002
302,1,0.049776015128187301,0.50980587498025287,true,flipguard_tabular_validation_v2,sha256:b034be406ad044228923f8c0edbb48d26d4bc3835101d0adee012b9edbbba71b,sha256:025eb7dea28322d4b60adcfff3b1ff48c3fb44aa57280d39eea813405a6561d5,model_input,identity_model_input_v1,-0.21367123983700001,1.104982885396,-0.087236984928,0.91039332991099997,1.605942664284,1.419656306776,0.41356664187300002,-0.083129335880000002
304,0,-0.045000001222998243,0.49113499975906932,false,flipguard_tabular_validation_v2,sha256:b034be406ad044228923f8c0edbb48d26d4bc3835101d0adee012b9edbbba71b,sha256:025eb7dea28322d4b60adcfff3b1ff48c3fb44aa57280d39eea813405a6561d5,model_input,identity_model_input_v1,-1.40104855405,1.45849866217,1.48829304459,1.085667401851,-0.67504030634300005,-1.0566774002379999,-0.83233693831599997,-0.083129335880000002
307,1,0.0825598512664205,0.51626429069948487,true,flipguard_tabular_validation_v2,sha256:b034be406ad044228923f8c0edbb48d26d4bc3835101d0adee012b9edbbba71b,sha256:025eb7dea28322d4b60adcfff3b1ff48c3fb44aa57280d39eea813405a6561d5,model_input,identity_model_input_v1,0.023804223005999998,-1.016111775245,-0.402342990831,1.085667401851,0.75057405029900004,0.800572880022,-1.143812833363,-0.083129335880000002
308,0,-0.046500641080834904,0.49083937370707553,false,flipguard_tabular_validation_v2,sha256:b034be406ad044228923f8c0edbb48d26d4bc3835101d0adee012b9edbbba71b,sha256:025eb7dea28322d4b60adcfff3b1ff48c3fb44aa57280d39eea813405a6561d5,model_input,identity_model_input_v1,0.023804223005999998,-0.83935388685800005,-0.402342990831,-0.84234738949200005,-0.38991743501499998,-1.0566774002379999,-1.143812833363,-0.083129335880000002
312,1,0.097931410730533075,0.51929248791391502,true,flipguard_tabular_validation_v2,sha256:b034be406ad044228923f8c0edbb48d26d4bc3835101d0adee012b9edbbba71b,sha256:025eb7dea28322d4b60adcfff3b1ff48c3fb44aa57280d39eea813405a6561d5,model_input,identity_model_input_v1,-0.21367123983700001,-1.016111775245,-0.402342990831,1.085667401851,1.3208197929550001,1.419656306776,0.88078048444299994,-0.083129335880000002
314,1,0.0016734396735179967,0.50032966761568309,true,flipguard_tabular_validation_v2,sha256:b034be406ad044228923f8c0edbb48d26d4bc3835101d0adee012b9edbbba71b,sha256:025eb7dea28322d4b60adcfff3b1ff48c3fb44aa57280d39eea813405a6561d5,model_input,identity_model_input_v1,0.97370607437599999,0.22119344346299999,-0.402342990831,-0.141251101731,-0.67504030634300005,-0.90190654354999999,1.1922563794909999,-0.083129335880000002
315,1,0.025143529337428944,0.50495327527947353,true,flipguard_tabular_validation_v2,sha256:b034be406ad044228923f8c0edbb48d26d4bc3835101d0adee012b9edbbba71b,sha256:025eb7dea28322d4b60adcfff3b1ff48c3fb44aa57280d39eea813405a6561d5,model_input,identity_model_input_v1,-2.825901331107,0.57470922023600002,-0.402342990831,-1.543443677253,1.035696921627,1.2648854500869999,1.347994327014,-0.083129335880000002
317,1,0.010238153979799382,0.50201691633402046,true,flipguard_tabular_validation_v2,sha256:b034be406ad044228923f8c0edbb48d26d4bc3835101d0adee012b9edbbba71b,sha256:025eb7dea28322d4b60adcfff3b1ff48c3fb44aa57280d39eea813405a6561d5,model_input,identity_model_input_v1,0.73623061153400005,-1.016111775245,-0.402342990831,0.034022970210000003,-0.67504030634300005,-0.90190654354999999,1.1922563794909999,-0.083129335880000002
318,0,-0.025886381841975729,0.49490038277713078,false,flipguard_tabular_validation_v2,sha256:b034be406ad044228923f8c0edbb48d26d4bc3835101d0adee012b9edbbba71b,sha256:025eb7dea28322d4b60adcfff3b1ff48c3fb44aa57280d39eea813405a6561d5,model_input,identity_model_input_v1,0.97370607437599999,1.812014438944,2.7487170682039999,1.085667401851,-0.67504030634300005,-1.0566774002379999,0.10209074682499999,-0.083129335880000002
321,1,0.050886208293547397,0.5100245830338288,true,flipguard_tabular_validation_v2,sha256:b034be406ad044228923f8c0edbb48d26d4bc3835101d0adee012b9edbbba71b,sha256:025eb7dea28322d4b60adcfff3b1ff48c3fb44aa57280d39eea813405a6561d5,model_input,identity_model_input_v1,-0.21367123983700001,0.75146710862300004,-0.402342990831,0.91039332991099997,0.46545117896999999,1.2648854500869999,-0.98807488584000003,-0.083129335880000002
324,1,0.085816849880998913,0.51690591942655684,true,flipguard_tabular_validation_v2,sha256:b034be406ad044228923f8c0edbb48d26d4bc3835101d0adee012b9edbbba71b,sha256:025eb7dea28322d4b60adcfff3b1ff48c3fb44aa57280d39eea813405a6561d5,model_input,identity_model_input_v1,0.023804223005999998,-1.016111775245,-0.402342990831,0.73511925797099997,0.46545117896999999,1.419656306776,-0.20938514822199999,-0.083129335880000002
327,0,-0.10631908649196956,0.47905513996108201,false,flipguard_tabular_validation_v2,sha256:b034be406ad044228923f8c0edbb48d26d4bc3835101d0adee012b9edbbba71b,sha256:025eb7dea28322d4b60adcfff3b1ff48c3fb44aa57280d39eea813405a6561d5,model_input,identity_model_input_v1,0.73623061153400005,1.281740773783,3.694035085915,1.085667401851,-0.67504030634300005,0.18148945326900001,1.1922563794909999,-0.083129335880000002
328,1,0.0050332919358193227,0.50099155851135646,true,flipguard_tabular_validation_v2,sha256:b034be406ad044228923f8c0edbb48d26d4bc3835101d0adee012b9edbbba71b,sha256:025eb7dea28322d4b60adcfff3b1ff48c3fb44aa57280d39eea813405a6561d5,model_input,identity_model_input_v1,0.97370607437599999,-0.83935388685800005,-0.402342990831,-0.66707331755199994,-0.67504030634300005,-0.59236483017300001,1.1922563794909999,-0.083129335880000002
329,0,-0.010742155707340179,0.49788379532565397,false,flipguard_tabular_validation_v2,sha256:b034be406ad044228923f8c0edbb48d26d4bc3835101d0adee012b9edbbba71b,sha256:025eb7dea28322d4b60adcfff3b1ff48c3fb44aa57280d39eea813405a6561d5,model_input,identity_model_input_v1,0.97370607437599999,-0.30908022169799998,-0.402342990831,-0.141251101731,-0.67504030634300005,-1.0566774002379999,-0.52086104326899996,-0.083129335880000002
336,0,-0.040752528274661519,0.49197175192989168,false,flipguard_tabular_validation_v2,sha256:b034be406ad044228923f8c0edbb48d26d4bc3835101d0adee012b9edbbba71b,sha256:025eb7dea28322d4b60adcfff3b1ff48c3fb44aa57280d39eea813405a6561d5,model_input,identity_model_input_v1,0.26127968584799999,1.812014438944,1.803399050493,1.085667401851,-0.67504030634300005,-0.59236483017300001,1.347994327014,-0.083129335880000002
338,1,0.074456401603385208,0.51466791111586685,true,flipguard_tabular_validation_v2,sha256:b034be406ad044228923f8c0edbb48d26d4bc3835101d0adee012b9edbbba71b,sha256:025eb7dea28322d4b60adcfff3b1ff48c3fb44aa57280d39eea813405a6561d5,model_input,identity_model_input_v1,0.26127968584799999,-1.016111775245,-0.402342990831,0.91039332991099997,0.46545117896999999,1.419656306776,0.25782869434900002,-0.083129335880000002
339,0,-0.064088454717679322,0.48737457442061716,false,flipguard_tabular_validation_v2,sha256:b034be406ad044228923f8c0edbb48d26d4bc3835101d0adee012b9edbbba71b,sha256:025eb7dea28322d4b60adcfff3b1ff48c3fb44aa57280d39eea813405a6561d5,model_input,identity_model_input_v1,0.73623061153400005,0.92822499701000005,-0.402342990831,-1.543443677253,-0.67504030634300005,-1.0566774002379999,-1.143812833363,-0.083129335880000002
341,0,-0.090348806977027671,0.48220128502552556,false,flipguard_tabular_validation_v2,sha256:b034be406ad044228923f8c0edbb48d26d4bc3835101d0adee012b9edbbba71b,sha256:025eb7dea28322d4b60adcfff3b1ff48c3fb44aa57280d39eea813405a6561d5,model_input,identity_model_input_v1,0.023804223005999998,1.812014438944,0.54297502687900001,-1.3681696053129999,0.180328307642,-0.74713568686200005,1.1922563794909999,-0.083129335880000002
342,0,-0.037712252467013582,0.4925706862639983,false,flipguard_tabular_validation_v2,sha256:b034be406ad044228923f8c0edbb48d26d4bc3835101d0adee012b9edbbba71b,sha256:025eb7dea28322d4b60adcfff3b1ff48c3fb44aa57280d39eea813405a6561d5,model_input,identity_model_input_v1,-2.825901331107,-0.13232233331099999,-0.402342990831,-1.543443677253,1.035696921627,-1.0566774002379999,-0.98807488584000003,-0.083129335880000002
347,1,0.01282114054150825,0.50252576468667709,true,flipguard_tabular_validation_v2,sha256:b034be406ad044228923f8c0edbb48d26d4bc3835101d0adee012b9edbbba71b,sha256:025eb7dea28322d4b60adcfff3b1ff48c3fb44aa57280d39eea813405a6561d5,model_input,identity_model_input_v1,0.023804223005999998,-1.016111775245,-0.402342990831,0.55984518603,-0.67504030634300005,0.95534373671100004,1.347994327014,-0.083129335880000002
349,1,0.025322923627061768,0.50498861595453115,true,flipguard_tabular_validation_v2,sha256:b034be406ad044228923f8c0edbb48d26d4bc3835101d0adee012b9edbbba71b,sha256:025eb7dea28322d4b60adcfff3b1ff48c3fb44aa57280d39eea813405a6561d5,model_input,identity_model_input_v1,-0.21367123983700001,-0.13232233331099999,-0.402342990831,0.73511925797099997,-0.67504030634300005,0.18148945326900001,0.41356664187300002,-0.083129335880000002
350,1,0.10011808978661141,0.5197232636879624,true,flipguard_tabular_validation_v2,sha256:b034be406ad044228923f8c0edbb48d26d4bc3835101d0adee012b9edbbba71b,sha256:025eb7dea28322d4b60adcfff3b1ff48c3fb44aa57280d39eea813405a6561d5,model_input,identity_model_input_v1,0.023804223005999998,-0.83935388685800005,-0.402342990831,0.91039332991099997,1.3208197929550001,0.800572880022,-1.143812833363,-0.083129335880000002
352,1,0.037067860504702524,0.50730236851942645,true,flipguard_tabular_validation_v2,sha256:b034be406ad044228923f8c0edbb48d26d4bc3835101d0adee012b9edbbba71b,sha256:025eb7dea28322d4b60adcfff3b1ff48c3fb44aa57280d39eea813405a6561d5,model_input,identity_model_input_v1,0.49875514869100002,-0.83935388685800005,-0.402342990831,-0.141251101731,-0.67504030634300005,1.419656306776,0.10209074682499999,-0.083129335880000002
353,0,-0.038357191884076547,0.49244363319883694,false,flipguard_tabular_validation_v2,sha256:b034be406ad044228923f8c0edbb48d26d4bc3835101d0adee012b9edbbba71b,sha256:025eb7dea28322d4b60adcfff3b1ff48c3fb44aa57280d39eea813405a6561d5,model_input,identity_model_input_v1,-0.45114670268000001,1.104982885396,1.1731870386859999,1.085667401851,-0.67504030634300005,-1.0566774002379999,-0.83233693831599997,-0.083129335880000002
355,1,0.042905628513934466,0.50845240881724507,true,flipguard_tabular_validation_v2,sha256:b034be406ad044228923f8c0edbb48d26d4bc3835101d0adee012b9edbbba71b,sha256:025eb7dea28322d4b60adcfff3b1ff48c3fb44aa57280d39eea813405a6561d5,model_input,identity_model_input_v1,-0.68862216552199995,-1.016111775245,-0.402342990831,0.38457111409,-0.67504030634300005,1.2648854500869999,-0.52086104326899996,-0.083129335880000002
357,1,0.0044641456006897454,0.5008794366833359,true,flipguard_tabular_validation_v2,sha256:b034be406ad044228923f8c0edbb48d26d4bc3835101d0adee012b9edbbba71b,sha256:025eb7dea28322d4b60adcfff3b1ff48c3fb44aa57280d39eea813405a6561d5,model_input,identity_model_input_v1,0.73623061153400005,-1.016111775245,-0.402342990831,-0.31652517367100003,-0.67504030634300005,-0.90190654354999999,1.347994327014,-0.083129335880000002
358,1,0.036567075392490142,0.50720371385232055,true,flipguard_tabular_validation_v2,sha256:b034be406ad044228923f8c0edbb48d26d4bc3835101d0adee012b9edbbba71b,sha256:025eb7dea28322d4b60adcfff3b1ff48c3fb44aa57280d39eea813405a6561d5,model_input,identity_model_input_v1,0.49875514869100002,-1.016111775245,-0.402342990831,1.085667401851,0.180328307642,1.419656306776,1.036518431967,-0.083129335880000002
361,0,-0.055948415551940252,0.48897816213626777,false,flipguard_tabular_validation_v2,sha256:b034be406ad044228923f8c0edbb48d26d4bc3835101d0adee012b9edbbba71b,sha256:025eb7dea28322d4b60adcfff3b1ff48c3fb44aa57280d39eea813405a6561d5,model_input,identity_model_input_v1,0.97370607437599999,1.104982885396,0.22786902097600001,-1.7187177491929999,-0.67504030634300005,-1.0566774002379999,-1.143812833363,-0.083129335880000002
362,1,0.010535024660610147,0.5020753998581402,true,flipguard_tabular_validation_v2,sha256:b034be406ad044228923f8c0edbb48d26d4bc3835101d0adee012b9edbbba71b,sha256:025eb7dea28322d4b60adcfff3b1ff48c3fb44aa57280d39eea813405a6561d5,model_input,identity_model_input_v1,0.73623061153400005,-0.30908022169799998,-0.402342990831,0.91039332991099997,-0.67504030634300005,-0.128052260108,1.347994327014,-0.083129335880000002
365,1,0.04360375157028918,0.50858993905934702,true,flipguard_tabular_validation_v2,sha256:b034be406ad044228923f8c0edbb48d26d4bc3835101d0adee012b9edbbba71b,sha256:025eb7dea28322d4b60adcfff3b1ff48c3fb44aa57280d39eea813405a6561d5,model_input,identity_model_input_v1,-0.68862216552199995,0.044435555076,-0.402342990831,0.91039332991099997,1.035696921627,0.49103116664500002,1.036518431967,-0.083129335880000002
366,1,0.20078132974066476,0.53955392195891094,true,flipguard_tabular_validation_v2,sha256:b034be406ad044228923f8c0edbb48d26d4bc3835101d0adee012b9edbbba71b,sha256:025eb7dea28322d4b60adcfff3b1ff48c3fb44aa57280d39eea813405a6561d5,model_input,identity_model_input_v1,-1.40104855405,-1.016111775245,-0.402342990831,0.73511925797099997,3.3166798922540002,1.419656306776,1.347994327014,-0.083129335880000002
367,1,0.084691966439956717,0.51668431738867149,true,flipguard_tabular_validation_v2,sha256:b034be406ad044228923f8c0edbb48d26d4bc3835101d0adee012b9edbbba71b,sha256:025eb7dea28322d4b60adcfff3b1ff48c3fb44aa57280d39eea813405a6561d5,model_input,identity_model_input_v1,0.49875514869100002,-0.485838110085,-0.402342990831,1.085667401851,0.75057405029900004,1.419656306776,-0.98807488584000003,-0.083129335880000002
369,0,-0.039291847598613275,0.49225950602307317,false,flipguard_tabular_validation_v2,sha256:b034be406ad044228923f8c0edbb48d26d4bc3835101d0adee012b9edbbba71b,sha256:025eb7dea28322d4b60adcfff3b1ff48c3fb44aa57280d39eea813405a6561d5,model_input,identity_model_input_v1,0.023804223005999998,1.812014438944,3.3789290800109999,-0.66707331755199994,-0.67504030634300005,-1.0566774002379999,0.10209074682499999,-0.083129335880000002
373,0,0.0082735942164328634,0.50162989806063729,true,flipguard_tabular_validation_v2,sha256:b034be406ad044228923f8c0edbb48d26d4bc3835101d0adee012b9edbbba71b,sha256:025eb7dea28322d4b60adcfff3b1ff48c3fb44aa57280d39eea813405a6561d5,model_input,identity_model_input_v1,0.023804223005999998,0.044435555076,-0.402342990831,1.085667401851,-0.67504030634300005,-1.0566774002379999,0.41356664187300002,-0.083129335880000002
374,0,-0.058214641681453613,0.48853171558875363,false,flipguard_tabular_validation_v2,sha256:b034be406ad044228923f8c0edbb48d26d4bc3835101d0adee012b9edbbba71b,sha256:025eb7dea28322d4b60adcfff3b1ff48c3fb44aa57280d39eea813405a6561d5,model_input,identity_model_input_v1,0.73623061153400005,1.812014438944,0.54297502687900001,-1.1928955333719999,-0.67504030634300005,-1.0566774002379999,-1.143812833363,-0.083129335880000002
376,1,0.082913223784134904,0.51633390508547461,true,flipguard_tabular_validation_v2,sha256:b034be406ad044228923f8c0edbb48d26d4bc3835101d0adee012b9edbbba71b,sha256:025eb7dea28322d4b60adcfff3b1ff48c3fb44aa57280d39eea813405a6561d5,model_input,identity_model_input_v1,-0.21367123983700001,-0.83935388685800005,-0.402342990831,1.085667401851,0.75057405029900004,0.800572880022,-1.143812833363,-0.083129335880000002
378,1,0.050975227974020224,0.510042119910882,true,flipguard_tabular_validation_v2,sha256:b034be406ad044228923f8c0edbb48d26d4bc3835101d0adee012b9edbbba71b,sha256:025eb7dea28322d4b60adcfff3b1ff48c3fb44aa57280d39eea813405a6561d5,model_input,identity_model_input_v1,-2.5884258682639998,-0.66259599847100004,-0.402342990831,-1.7187177491929999,0.75057405029900004,1.419656306776,1.347994327014,-0.083129335880000002
381,1,-0.027308385676106741,0.49462024802180699,false,flipguard_tabular_validation_v2,sha256:b034be406ad044228923f8c0edbb48d26d4bc3835101d0adee012b9edbbba71b,sha256:025eb7dea28322d4b60adcfff3b1ff48c3fb44aa57280d39eea813405a6561d5,model_input,identity_model_input_v1,-2.825901331107,1.635256550557,0.85808103278299996,-1.7187177491929999,-0.38991743501499998,1.419656306776,1.347994327014,-0.083129335880000002
386,1,0.043367977738331787,0.50854349161445134,true,flipguard_tabular_validation_v2,sha256:b034be406ad044228923f8c0edbb48d26d4bc3835101d0adee012b9edbbba71b,sha256:025eb7dea28322d4b60adcfff3b1ff48c3fb44aa57280d39eea813405a6561d5,model_input,identity_model_input_v1,0.023804223005999998,-1.016111775245,-0.402342990831,-0.31652517367100003,0.180328307642,0.95534373671100004,-1.143812833363,-0.083129335880000002
388,1,0.090485802996908837,0.51782570319039101,true,flipguard_tabular_validation_v2,sha256:b034be406ad044228923f8c0edbb48d26d4bc3835101d0adee012b9edbbba71b,sha256:025eb7dea28322d4b60adcfff3b1ff48c3fb44aa57280d39eea813405a6561d5,model_input,identity_model_input_v1,-0.45114670268000001,0.044435555076,-0.402342990831,1.085667401851,1.035696921627,1.110114593399,-1.143812833363,-0.083129335880000002
389,1,0.10134511791250686,0.5199649882287638,true,flipguard_tabular_validation_v2,sha256:b034be406ad044228923f8c0edbb48d26d4bc3835101d0adee012b9edbbba71b,sha256:025eb7dea28322d4b60adcfff3b1ff48c3fb44aa57280d39eea813405a6561d5,model_input,identity_model_input_v1,-0.45114670268000001,-0.485838110085,-0.402342990831,1.085667401851,1.035696921627,0.95534373671100004,-0.98807488584000003,-0.083129335880000002
391,1,0.032180513434272598,0.50633956114655165,true,flipguard_tabular_validation_v2,sha256:b034be406ad044228923f8c0edbb48d26d4bc3835101d0adee012b9edbbba71b,sha256:025eb7dea28322d4b60adcfff3b1ff48c3fb44aa57280d39eea813405a6561d5,model_input,identity_model_input_v1,0.73623061153400005,-1.016111775245,-0.402342990831,1.085667401851,2.1761884069409998,0.64580202333400005,1.347994327014,-0.083129335880000002
398,1,0.039865824838541689,0.50785356749319266,true,flipguard_tabular_validation_v2,sha256:b034be406ad044228923f8c0edbb48d26d4bc3835101d0adee012b9edbbba71b,sha256:025eb7dea28322d4b60adcfff3b1ff48c3fb44aa57280d39eea813405a6561d5,model_input,identity_model_input_v1,-0.92609762836499998,0.57470922023600002,-0.087236984928,0.91039332991099997,-0.38991743501499998,1.419656306776,0.25782869434900002,-0.083129335880000002
399,0,-0.043101463038861691,0.49150901178134426,false,flipguard_tabular_validation_v2,sha256:b034be406ad044228923f8c0edbb48d26d4bc3835101d0adee012b9edbbba71b,sha256:025eb7dea28322d4b60adcfff3b1ff48c3fb44aa57280d39eea813405a6561d5,model_input,identity_model_input_v1,0.73623061153400005,-0.83935388685800005,-0.402342990831,-1.543443677253,-0.67504030634300005,-1.0566774002379999,-1.143812833363,-0.083129335880000002
402,1,-0.008568398617009804,0.49831202547244907,false,flipguard_tabular_validation_v2,sha256:b034be406ad044228923f8c0edbb48d26d4bc3835101d0adee012b9edbbba71b,sha256:025eb7dea28322d4b60adcfff3b1ff48c3fb44aa57280d39eea813405a6561d5,model_input,identity_model_input_v1,0.26127968584799999,-1.016111775245,-0.402342990831,-1.543443677253,-0.67504030634300005,-0.90190654354999999,1.347994327014,-0.083129335880000002
403,0,-0.032148909516263854,0.49366666482529603,false,flipguard_tabular_validation_v2,sha256:b034be406ad044228923f8c0edbb48d26d4bc3835101d0adee012b9edbbba71b,sha256:025eb7dea28322d4b60adcfff3b1ff48c3fb44aa57280d39eea813405a6561d5,model_input,identity_model_input_v1,0.023804223005999998,1.812014438944,1.803399050493,0.034022970210000003,-0.67504030634300005,-1.0566774002379999,-0.52086104326899996,-0.083129335880000002
406,1,0.020446949423181173,0.50402804903636667,true,flipguard_tabular_validation_v2,sha256:b034be406ad044228923f8c0edbb48d26d4bc3835101d0adee012b9edbbba71b,sha256:025eb7dea28322d4b60adcfff3b1ff48c3fb44aa57280d39eea813405a6561d5,model_input,identity_model_input_v1,-1.40104855405,0.75146710862300004,-0.402342990831,-1.0176214614320001,-0.67504030634300005,1.2648854500869999,-0.52086104326899996,-0.083129335880000002
407,0,0.0079930813972047769,0.50157463703524929,true,flipguard_tabular_validation_v2,sha256:b034be406ad044228923f8c0edbb48d26d4bc3835101d0adee012b9edbbba71b,sha256:025eb7dea28322d4b60adcfff3b1ff48c3fb44aa57280d39eea813405a6561d5,model_input,identity_model_input_v1,0.97370607437599999,-0.30908022169799998,-0.402342990831,-1.1928955333719999,-0.67504030634300005,0.64580202333400005,0.88078048444299994,-0.083129335880000002
410,1,0.0079284517288758793,0.5015619049905885,true,flipguard_tabular_validation_v2,sha256:b034be406ad044228923f8c0edbb48d26d4bc3835101d0adee012b9edbbba71b,sha256:025eb7dea28322d4b60adcfff3b1ff48c3fb44aa57280d39eea813405a6561d5,model_input,identity_model_input_v1,0.73623061153400005,0.397951331849,-0.402342990831,1.085667401851,-0.67504030634300005,0.33626030995700001,1.347994327014,-0.083129335880000002
414,0,-0.028896616322895398,0.49430736658438962,false,flipguard_tabular_validation_v2,sha256:b034be406ad044228923f8c0edbb48d26d4bc3835101d0adee012b9edbbba71b,sha256:025eb7dea28322d4b60adcfff3b1ff48c3fb44aa57280d39eea813405a6561d5,model_input,identity_model_input_v1,0.023804223005999998,1.812014438944,3.0638230741079999,0.91039332991099997,1.3208197929550001,-1.0566774002379999,-1.143812833363,-0.083129335880000002
415,0,-0.035983934081932373,0.4929111649858593,false,flipguard_tabular_validation_v2,sha256:b034be406ad044228923f8c0edbb48d26d4bc3835101d0adee012b9edbbba71b,sha256:025eb7dea28322d4b60adcfff3b1ff48c3fb44aa57280d39eea813405a6561d5,model_input,identity_model_input_v1,0.26127968584799999,-1.016111775245,-0.402342990831,0.20929704215,-0.67504030634300005,-1.0566774002379999,-1.143812833363,-0.083129335880000002
416,1,-0.023643398880616156,0.4953422504205186,false,flipguard_tabular_validation_v2,sha256:b034be406ad044228923f8c0edbb48d26d4bc3835101d0adee012b9edbbba71b,sha256:025eb7dea28322d4b60adcfff3b1ff48c3fb44aa57280d39eea813405a6561d5,model_input,identity_model_input_v1,-0.45114670268000001,0.57470922023600002,-0.402342990831,1.085667401851,-0.67504030634300005,-1.0566774002379999,-0.52086104326899996,-0.083129335880000002
417,1,0.033763703427510325,0.50665144957521957,true,flipguard_tabular_validation_v2,sha256:b034be406ad044228923f8c0edbb48d26d4bc3835101d0adee012b9edbbba71b,sha256:025eb7dea28322d4b60adcfff3b1ff48c3fb44aa57280d39eea813405a6561d5,model_input,identity_model_input_v1,0.26127968584799999,0.22119344346299999,-0.402342990831,1.085667401851,-0.67504030634300005,1.2648854500869999,0.25782869434900002,-0.083129335880000002
420,0,-0.042521591597312745,0.4916232464553294,false,flipguard_tabular_validation_v2,sha256:b034be406ad044228923f8c0edbb48d26d4bc3835101d0adee012b9edbbba71b,sha256:025eb7dea28322d4b60adcfff3b1ff48c3fb44aa57280d39eea813405a6561d5,model_input,identity_model_input_v1,0.73623061153400005,-1.016111775245,-0.402342990831,-1.7187177491929999,-0.67504030634300005,-1.0566774002379999,-1.143812833363,-0.083129335880000002
422,0,0.016466662997468694,0.50324393261050138,true,flipguard_tabular_validation_v2,sha256:b034be406ad044228923f8c0edbb48d26d4bc3835101d0adee012b9edbbba71b,sha256:025eb7dea28322d4b60adcfff3b1ff48c3fb44aa57280d39eea813405a6561d5,model_input,identity_model_input_v1,-0.92609762836499998,-1.016111775245,-0.402342990831,1.085667401851,-0.67504030634300005,-1.0566774002379999,0.41356664187300002,-0.083129335880000002
423,0,-0.011358941211957976,0.49776228858124427,false,flipguard_tabular_validation_v2,sha256:b034be406ad044228923f8c0edbb48d26d4bc3835101d0adee012b9edbbba71b,sha256:025eb7dea28322d4b60adcfff3b1ff48c3fb44aa57280d39eea813405a6561d5,model_input,identity_model_input_v1,0.49875514869100002,-0.66259599847100004,-0.402342990831,-1.7187177491929999,-0.67504030634300005,1.2648854500869999,1.347994327014,-0.083129335880000002
425,1,0.012936324036429171,0.5025484558351766,true,flipguard_tabular_validation_v2,sha256:b034be406ad044228923f8c0edbb48d26d4bc3835101d0adee012b9edbbba71b,sha256:025eb7dea28322d4b60adcfff3b1ff48c3fb44aa57280d39eea813405a6561d5,model_input,identity_model_input_v1,0.97370607437599999,1.635256550557,0.22786902097600001,0.20929704215,-0.67504030634300005,1.110114593399,-0.67659899079300001,-0.083129335880000002
426,1,0.044927075674120617,0.50885063390780172,true,flipguard_tabular_validation_v2,sha256:b034be406ad044228923f8c0edbb48d26d4bc3835101d0adee012b9edbbba71b,sha256:025eb7dea28322d4b60adcfff3b1ff48c3fb44aa57280d39eea813405a6561d5,model_input,identity_model_input_v1,-0.21367123983700001,-1.016111775245,-0.402342990831,-0.31652517367100003,-0.38991743501499998,1.2648854500869999,-0.67659899079300001,-0.083129335880000002
427,0,-0.051658028299269999,0.48982336842504381,false,flipguard_tabular_validation_v2,sha256:b034be406ad044228923f8c0edbb48d26d4bc3835101d0adee012b9edbbba71b,sha256:025eb7dea28322d4b60adcfff3b1ff48c3fb44aa57280d39eea813405a6561d5,model_input,identity_model_input_v1,0.97370607437599999,0.044435555076,-0.402342990831,-1.7187177491929999,-0.67504030634300005,-1.0566774002379999,-1.143812833363,-0.083129335880000002
432,0,-0.0045909289600780355,0.49909558699486462,false,flipguard_tabular_validation_v2,sha256:b034be406ad044228923f8c0edbb48d26d4bc3835101d0adee012b9edbbba71b,sha256:025eb7dea28322d4b60adcfff3b1ff48c3fb44aa57280d39eea813405a6561d5,model_input,identity_model_input_v1,-1.163573091208,1.812014438944,1.48829304459,-0.31652517367100003,-0.104794563686,0.800572880022,-0.20938514822199999,-0.083129335880000002
433,1,0.31401403605513684,0.56186076510286198,true,flipguard_tabular_validation_v2,sha256:b034be406ad044228923f8c0edbb48d26d4bc3835101d0adee012b9edbbba71b,sha256:025eb7dea28322d4b60adcfff3b1ff48c3fb44aa57280d39eea813405a6561d5,model_input,identity_model_input_v1,0.97370607437599999,-0.83935388685800005,-0.402342990831,0.91039332991099997,0.46545117896999999,1.419656306776,-0.36512309574500001,9.1368920054329994
434,0,-0.026687846519509489,0.49474249423565664,false,flipguard_tabular_validation_v2,sha256:b034be406ad044228923f8c0edbb48d26d4bc3835101d0adee012b9edbbba71b,sha256:025eb7dea28322d4b60adcfff3b1ff48c3fb44aa57280d39eea813405a6561d5,model_input,identity_model_input_v1,0.26127968584799999,1.45849866217,-0.402342990831,-1.7187177491929999,-0.67504030634300005,-0.74713568686200005,0.56930458939600004,-0.083129335880000002
435,0,-0.051944974249718195,0.48976684007280552,false,flipguard_tabular_validation_v2,sha256:b034be406ad044228923f8c0edbb48d26d4bc3835101d0adee012b9edbbba71b,sha256:025eb7dea28322d4b60adcfff3b1ff48c3fb44aa57280d39eea813405a6561d5,model_input,identity_model_input_v1,0.023804223005999998,1.635256550557,0.85808103278299996,0.91039332991099997,-0.67504030634300005,-1.0566774002379999,-1.143812833363,-0.083129335880000002
436,0,-0.062805126217329865,0.48762739013518602,false,flipguard_tabular_validation_v2,sha256:b034be406ad044228923f8c0edbb48d26d4bc3835101d0adee012b9edbbba71b,sha256:025eb7dea28322d4b60adcfff3b1ff48c3fb44aa57280d39eea813405a6561d5,model_input,identity_model_input_v1,-0.92609762836499998,1.812014438944,0.85808103278299996,0.73511925797099997,-0.67504030634300005,-1.0566774002379999,-1.143812833363,-0.083129335880000002
440,0,-0.028939284244619244,0.49429896100380999,false,flipguard_tabular_validation_v2,sha256:b034be406ad044228923f8c0edbb48d26d4bc3835101d0adee012b9edbbba71b,sha256:025eb7dea28322d4b60adcfff3b1ff48c3fb44aa57280d39eea813405a6561d5,model_input,identity_model_input_v1,0.26127968584799999,0.044435555076,-0.402342990831,0.73511925797099997,-0.67504030634300005,-0.59236483017300001,-1.143812833363,-0.083129335880000002
443,1,0.083381444768139232,0.51642614461932346,true,flipguard_tabular_validation_v2,sha256:b034be406ad044228923f8c0edbb48d26d4bc3835101d0adee012b9edbbba71b,sha256:025eb7dea28322d4b60adcfff3b1ff48c3fb44aa57280d39eea813405a6561d5,model_input,identity_model_input_v1,-0.68862216552199995,-1.016111775245,-0.402342990831,-0.66707331755199994,-0.67504030634300005,0.800572880022,1.347994327014,2.9902111112240002
444,1,0.10151693122915516,0.51999883545214354,true,flipguard_tabular_validation_v2,sha256:b034be406ad044228923f8c0edbb48d26d4bc3835101d0adee012b9edbbba71b,sha256:025eb7dea28322d4b60adcfff3b1ff48c3fb44aa57280d39eea813405a6561d5,model_input,identity_model_input_v1,-0.68862216552199995,-0.83935388685800005,-0.402342990831,0.91039332991099997,0.46545117896999999,1.419656306776,-0.83233693831599997,-0.083129335880000002
445,0,-0.050396023720680458,0.49007198332702595,false,flipguard_tabular_validation_v2,sha256:b034be406ad044228923f8c0edbb48d26d4bc3835101d0adee012b9edbbba71b,sha256:025eb7dea28322d4b60adcfff3b1ff48c3fb44aa57280d39eea813405a6561d5,model_input,identity_model_input_v1,-0.68862216552199995,0.397951331849,-0.087236984928,0.38457111409,-0.104794563686,-1.0566774002379999,-1.143812833363,-0.083129335880000002
450,1,0.086320199522979424,0.5170050793060269,true,flipguard_tabular_validation_v2,sha256:b034be406ad044228923f8c0edbb48d26d4bc3835101d0adee012b9edbbba71b,sha256:025eb7dea28322d4b60adcfff3b1ff48c3fb44aa57280d39eea813405a6561d5,model_input,identity_model_input_v1,0.49875514869100002,-0.83935388685800005,-0.402342990831,1.085667401851,0.75057405029900004,1.2648854500869999,-1.143812833363,-0.083129335880000002
452,0,-0.041308678704081309,0.49186219029529599,false,flipguard_tabular_validation_v2,sha256:b034be406ad044228923f8c0edbb48d26d4bc3835101d0adee012b9edbbba71b,sha256:025eb7dea28322d4b60adcfff3b1ff48c3fb44aa57280d39eea813405a6561d5,model_input,identity_model_input_v1,0.49875514869100002,-0.13232233331099999,-0.402342990831,0.38457111409,-0.67504030634300005,-1.0566774002379999,-1.143812833363,-0.083129335880000002
454,1,0.010578145625085411,0.50208389468814185,true,flipguard_tabular_validation_v2,sha256:b034be406ad044228923f8c0edbb48d26d4bc3835101d0adee012b9edbbba71b,sha256:025eb7dea28322d4b60adcfff3b1ff48c3fb44aa57280d39eea813405a6561d5,model_input,identity_model_input_v1,0.49875514869100002,-1.016111775245,-0.402342990831,-0.84234738949200005,-0.67504030634300005,0.02671859658,1.036518431967,-0.083129335880000002
458,0,-0.040527491998394283,0.49201608407631631,false,flipguard_tabular_validation_v2,sha256:b034be406ad044228923f8c0edbb48d26d4bc3835101d0adee012b9edbbba71b,sha256:025eb7dea28322d4b60adcfff3b1ff48c3fb44aa57280d39eea813405a6561d5,model_input,identity_model_input_v1,0.49875514869100002,0.044435555076,-0.402342990831,1.085667401851,-0.67504030634300005,-1.0566774002379999,-1.143812833363,-0.083129335880000002
459,0,-0.053418614022428618,0.48947653303758154,false,flipguard_tabular_validation_v2,sha256:b034be406ad044228923f8c0edbb48d26d4bc3835101d0adee012b9edbbba71b,sha256:025eb7dea28322d4b60adcfff3b1ff48c3fb44aa57280d39eea813405a6561d5,model_input,identity_model_input_v1,0.73623061153400005,1.812014438944,2.4336110622999998,0.73511925797099997,1.605942664284,-1.0566774002379999,-0.98807488584000003,-0.083129335880000002
460,1,0.014690660544938628,0.50289406012735294,true,flipguard_tabular_validation_v2,sha256:b034be406ad044228923f8c0edbb48d26d4bc3835101d0adee012b9edbbba71b,sha256:025eb7dea28322d4b60adcfff3b1ff48c3fb44aa57280d39eea813405a6561d5,model_input,identity_model_input_v1,0.26127968584799999,-1.016111775245,-0.402342990831,-0.49179924561100002,-0.67504030634300005,-0.43759397348500001,0.10209074682499999,-0.083129335880000002
461,0,-0.046111979149324765,0.49091594010758299,false,flipguard_tabular_validation_v2,sha256:b034be406ad044228923f8c0edbb48d26d4bc3835101d0adee012b9edbbba71b,sha256:025eb7dea28322d4b60adcfff3b1ff48c3fb44aa57280d39eea813405a6561d5,model_input,identity_model_input_v1,0.97370607437599999,1.812014438944,0.22786902097600001,0.55984518603,-0.67504030634300005,-1.0566774002379999,-1.143812833363,-0.083129335880000002
462,1,0.094255409295965875,0.51856831563130523,true,flipguard_tabular_validation_v2,sha256:b034be406ad044228923f8c0edbb48d26d4bc3835101d0adee012b9edbbba71b,sha256:025eb7dea28322d4b60adcfff3b1ff48c3fb44aa57280d39eea813405a6561d5,model_input,identity_model_input_v1,0.97370607437599999,-0.66259599847100004,-0.402342990831,1.085667401851,1.3208197929550001,1.2648854500869999,-0.98807488584000003,-0.083129335880000002
463,0,-0.053360255322084604,0.48948802970154931,false,flipguard_tabular_validation_v2,sha256:b034be406ad044228923f8c0edbb48d26d4bc3835101d0adee012b9edbbba71b,sha256:025eb7dea28322d4b60adcfff3b1ff48c3fb44aa57280d39eea813405a6561d5,model_input,identity_model_input_v1,-0.21367123983700001,-0.13232233331099999,-0.402342990831,-0.49179924561100002,-0.67504030634300005,-1.0566774002379999,-1.143812833363,-0.083129335880000002
464,0,-0.046820102813377042,0.49077643974576474,false,flipguard_tabular_validation_v2,sha256:b034be406ad044228923f8c0edbb48d26d4bc3835101d0adee012b9edbbba71b,sha256:025eb7dea28322d4b60adcfff3b1ff48c3fb44aa57280d39eea813405a6561d5,model_input,identity_model_input_v1,0.023804223005999998,1.104982885396,1.48829304459,0.91039332991099997,-0.67504030634300005,-1.0566774002379999,-1.143812833363,-0.083129335880000002
465,1,0.017249599625162544,0.50339817112615703,true,flipguard_tabular_validation_v2,sha256:b034be406ad044228923f8c0edbb48d26d4bc3835101d0adee012b9edbbba71b,sha256:025eb7dea28322d4b60adcfff3b1ff48c3fb44aa57280d39eea813405a6561d5,model_input,identity_model_input_v1,-0.92609762836499998,0.57470922023600002,-0.402342990831,0.91039332991099997,-0.38991743501499998,0.95534373671100004,1.347994327014,-0.083129335880000002
466,0,-0.044971110555991088,0.49114069122046977,false,flipguard_tabular_validation_v2,sha256:b034be406ad044228923f8c0edbb48d26d4bc3835101d0adee012b9edbbba71b,sha256:025eb7dea28322d4b60adcfff3b1ff48c3fb44aa57280d39eea813405a6561d5,model_input,identity_model_input_v1,-0.21367123983700001,1.812014438944,2.1185050563969998,-1.7187177491929999,-0.38991743501499998,-0.59236483017300001,-0.36512309574500001,-0.083129335880000002
467,1,0.11420462355265332,0.52249831083987275,true,flipguard_tabular_validation_v2,sha256:b034be406ad044228923f8c0edbb48d26d4bc3835101d0adee012b9edbbba71b,sha256:025eb7dea28322d4b60adcfff3b1ff48c3fb44aa57280d39eea813405a6561d5,model_input,identity_model_input_v1,-1.40104855405,0.044435555076,-0.402342990831,0.91039332991099997,2.4613112782690001,1.2648854500869999,1.347994327014,-0.083129335880000002
468,0,-0.060291965955654871,0.48812248270673597,false,flipguard_tabular_validation_v2,sha256:b034be406ad044228923f8c0edbb48d26d4bc3835101d0adee012b9edbbba71b,sha256:025eb7dea28322d4b60adcfff3b1ff48c3fb44aa57280d39eea813405a6561d5,model_input,identity_model_input_v1,-0.92609762836499998,1.635256550557,1.1731870386859999,0.38457111409,-0.67504030634300005,-1.0566774002379999,-1.143812833363,-0.083129335880000002
469,0,-0.008941226095232211,0.49823857845923925,false,flipguard_tabular_validation_v2,sha256:b034be406ad044228923f8c0edbb48d26d4bc3835101d0adee012b9edbbba71b,sha256:025eb7dea28322d4b60adcfff3b1ff48c3fb44aa57280d39eea813405a6561d5,model_input,identity_model_input_v1,0.49875514869100002,-1.016111775245,-0.402342990831,-1.7187177491929999,-0.67504030634300005,-0.59236483017300001,1.347994327014,-0.083129335880000002
470,1,0.063641857920926789,0.51253744601042261,true,flipguard_tabular_validation_v2,sha256:b034be406ad044228923f8c0edbb48d26d4bc3835101d0adee012b9edbbba71b,sha256:025eb7dea28322d4b60adcfff3b1ff48c3fb44aa57280d39eea813405a6561d5,model_input,identity_model_input_v1,0.26127968584799999,-1.016111775245,-0.402342990831,1.085667401851,0.75057405029900004,1.419656306776,0.88078048444299994,-0.083129335880000002
471,0,-0.032914262001569036,0.49351589038569088,false,flipguard_tabular_validation_v2,sha256:b034be406ad044228923f8c0edbb48d26d4bc3835101d0adee012b9edbbba71b,sha256:025eb7dea28322d4b60adcfff3b1ff48c3fb44aa57280d39eea813405a6561d5,model_input,identity_model_input_v1,0.49875514869100002,-1.016111775245,-0.402342990831,0.55984518603,-0.67504030634300005,-1.0566774002379999,-1.143812833363,-0.083129335880000002
473,0,-0.047394260646554776,0.49066333065262868,false,flipguard_tabular_validation_v2,sha256:b034be406ad044228923f8c0edbb48d26d4bc3835101d0adee012b9edbbba71b,sha256:025eb7dea28322d4b60adcfff3b1ff48c3fb44aa57280d39eea813405a6561d5,model_input,identity_model_input_v1,0.97370607437599999,0.22119344346299999,-0.402342990831,-1.0176214614320001,-0.67504030634300005,-1.0566774002379999,-1.143812833363,-0.083129335880000002
474,0,-0.036562276718037634,0.49279723148654658,false,flipguard_tabular_validation_v2,sha256:b034be406ad044228923f8c0edbb48d26d4bc3835101d0adee012b9edbbba71b,sha256:025eb7dea28322d4b60adcfff3b1ff48c3fb44aa57280d39eea813405a6561d5,model_input,identity_model_input_v1,0.97370607437599999,1.281740773783,-0.402342990831,1.085667401851,-0.67504030634300005,-1.0566774002379999,-0.98807488584000003,-0.083129335880000002
475,1,0.066828873683912923,0.51316528811573081,true,flipguard_tabular_validation_v2,sha256:b034be406ad044228923f8c0edbb48d26d4bc3835101d0adee012b9edbbba71b,sha256:025eb7dea28322d4b60adcfff3b1ff48c3fb44aa57280d39eea813405a6561d5,model_input,identity_model_input_v1,-0.92609762836499998,-0.66259599847100004,-0.402342990831,0.91039332991099997,0.180328307642,1.419656306776,0.88078048444299994,-0.083129335880000002
478,1,-0.028489049148107889,0.49438765731782275,false,flipguard_tabular_validation_v2,sha256:b034be406ad044228923f8c0edbb48d26d4bc3835101d0adee012b9edbbba71b,sha256:025eb7dea28322d4b60adcfff3b1ff48c3fb44aa57280d39eea813405a6561d5,model_input,identity_model_input_v1,-0.45114670268000001,-1.016111775245,2.7487170682039999,0.91039332991099997,-0.104794563686,-0.28282311679599997,0.72504253691999998,-0.083129335880000002
479,1,0.034842585224808792,0.50686398928928733,true,flipguard_tabular_validation_v2,sha256:b034be406ad044228923f8c0edbb48d26d4bc3835101d0adee012b9edbbba71b,sha256:025eb7dea28322d4b60adcfff3b1ff48c3fb44aa57280d39eea813405a6561d5,model_input,identity_model_input_v1,-1.40104855405,-0.30908022169799998,-0.402342990831,-0.31652517367100003,-0.67504030634300005,0.95534373671100004,0.56930458939600004,-0.083129335880000002
480,1,0.11639546191658517,0.52292990599756728,true,flipguard_tabular_validation_v2,sha256:b034be406ad044228923f8c0edbb48d26d4bc3835101d0adee012b9edbbba71b,sha256:025eb7dea28322d4b60adcfff3b1ff48c3fb44aa57280d39eea813405a6561d5,model_input,identity_model_input_v1,-0.21367123983700001,0.75146710862300004,-0.402342990831,1.085667401851,2.1761884069409998,1.419656306776,-0.67659899079300001,-0.083129335880000002
484,0,-0.037773434253043379,0.49255863345215045,false,flipguard_tabular_validation_v2,sha256:b034be406ad044228923f8c0edbb48d26d4bc3835101d0adee012b9edbbba71b,sha256:025eb7dea28322d4b60adcfff3b1ff48c3fb44aa57280d39eea813405a6561d5,model_input,identity_model_input_v1,0.97370607437599999,0.22119344346299999,-0.402342990831,1.085667401851,-0.38991743501499998,-1.0566774002379999,-1.143812833363,-0.083129335880000002
485,1,0.016438262779816085,0.50323833776762372,true,flipguard_tabular_validation_v2,sha256:b034be406ad044228923f8c0edbb48d26d4bc3835101d0adee012b9edbbba71b,sha256:025eb7dea28322d4b60adcfff3b1ff48c3fb44aa57280d39eea813405a6561d5,model_input,identity_model_input_v1,0.49875514869100002,-1.016111775245,-0.402342990831,0.73511925797099997,-0.67504030634300005,-1.0566774002379999,0.56930458939600004,-0.083129335880000002
489,1,0.089711507592035444,0.51767316699563093,true,flipguard_tabular_validation_v2,sha256:b034be406ad044228923f8c0edbb48d26d4bc3835101d0adee012b9edbbba71b,sha256:025eb7dea28322d4b60adcfff3b1ff48c3fb44aa57280d39eea813405a6561d5,model_input,identity_model_input_v1,0.97370607437599999,-1.016111775245,-0.402342990831,0.034022970210000003,-0.67504030634300005,0.800572880022,1.347994327014,2.9902111112240002
492,1,0.0073265395507746186,0.50144332829150262,true,flipguard_tabular_validation_v2,sha256:b034be406ad044228923f8c0edbb48d26d4bc3835101d0adee012b9edbbba71b,sha256:025eb7dea28322d4b60adcfff3b1ff48c3fb44aa57280d39eea813405a6561d5,model_input,identity_model_input_v1,0.97370607437599999,-0.13232233331099999,-0.402342990831,0.034022970210000003,-0.67504030634300005,0.64580202333400005,1.1922563794909999,-0.083129335880000002
493,0,-0.04493909515665178,0.4911469982541396,false,flipguard_tabular_validation_v2,sha256:b034be406ad044228923f8c0edbb48d26d4bc3835101d0adee012b9edbbba71b,sha256:025eb7dea28322d4b60adcfff3b1ff48c3fb44aa57280d39eea813405a6561d5,model_input,identity_model_input_v1,-0.45114670268000001,-0.83935388685800005,-0.402342990831,-0.66707331755199994,-0.104794563686,-1.0566774002379999,-1.143812833363,-0.083129335880000002
495,1,0.00044624679882085145,0.50008791061936775,true,flipguard_tabular_validation_v2,sha256:b034be406ad044228923f8c0edbb48d26d4bc3835101d0adee012b9edbbba71b,sha256:025eb7dea28322d4b60adcfff3b1ff48c3fb44aa57280d39eea813405a6561d5,model_input,identity_model_input_v1,0.97370607437599999,-1.016111775245,-0.402342990831,0.034022970210000003,-0.67504030634300005,-1.0566774002379999,-0.36512309574500001,-0.083129335880000002
498,1,0.062162189947414015,0.51224595141964058,true,flipguard_tabular_validation_v2,sha256:b034be406ad044228923f8c0edbb48d26d4bc3835101d0adee012b9edbbba71b,sha256:025eb7dea28322d4b60adcfff3b1ff48c3fb44aa57280d39eea813405a6561d5,model_input,identity_model_input_v1,0.26127968584799999,-1.016111775245,-0.402342990831,1.085667401851,1.3208197929550001,1.419656306776,1.1922563794909999,-0.083129335880000002
501,1,0.033812663562488937,0.50666109472181031,true,flipguard_tabular_validation_v2,sha256:b034be406ad044228923f8c0edbb48d26d4bc3835101d0adee012b9edbbba71b,sha256:025eb7dea28322d4b60adcfff3b1ff48c3fb44aa57280d39eea813405a6561d5,model_input,identity_model_input_v1,0.73623061153400005,-0.485838110085,-0.402342990831,1.085667401851,1.605942664284,1.419656306776,1.1922563794909999,-0.083129335880000002
503,1,0.066862245142900428,0.51317186229315137,true,flipguard_tabular_validation_v2,sha256:b034be406ad044228923f8c0edbb48d26d4bc3835101d0adee012b9edbbba71b,sha256:025eb7dea28322d4b60adcfff3b1ff48c3fb44aa57280d39eea813405a6561d5,model_input,identity_model_input_v1,-0.68862216552199995,0.92822499701000005,-0.402342990831,1.085667401851,0.46545117896999999,1.419656306776,-0.36512309574500001,-0.083129335880000002
504,0,-0.0058266736029254848,0.4988521453002237,false,flipguard_tabular_validation_v2,sha256:b034be406ad044228923f8c0edbb48d26d4bc3835101d0adee012b9edbbba71b,sha256:025eb7dea28322d4b60adcfff3b1ff48c3fb44aa57280d39eea813405a6561d5,model_input,identity_model_input_v1,-1.638524016893,0.57470922023600002,-0.402342990831,0.55984518603,-0.67504030634300005,-1.0566774002379999,0.25782869434900002,-0.083129335880000002
506,0,-0.036418153413045495,0.49282562377763006,false,flipguard_tabular_validation_v2,sha256:b034be406ad044228923f8c0edbb48d26d4bc3835101d0adee012b9edbbba71b,sha256:025eb7dea28322d4b60adcfff3b1ff48c3fb44aa57280d39eea813405a6561d5,model_input,identity_model_input_v1,0.97370607437599999,-0.83935388685800005,-0.402342990831,-1.0176214614320001,-0.67504030634300005,-1.0566774002379999,-1.143812833363,-0.083129335880000002
508,0,-0.050751149021748501,0.49000202364271556,false,flipguard_tabular_validation_v2,sha256:b034be406ad044228923f8c0edbb48d26d4bc3835101d0adee012b9edbbba71b,sha256:025eb7dea28322d4b60adcfff3b1ff48c3fb44aa57280d39eea813405a6561d5,model_input,identity_model_input_v1,-0.21367123983700001,0.397951331849,-0.402342990831,1.085667401851,-0.67504030634300005,-1.0566774002379999,-1.143812833363,-0.083129335880000002
512,1,0.085973840093703485,0.51693684649845961,true,flipguard_tabular_validation_v2,sha256:b034be406ad044228923f8c0edbb48d26d4bc3835101d0adee012b9edbbba71b,sha256:025eb7dea28322d4b60adcfff3b1ff48c3fb44aa57280d39eea813405a6561d5,model_input,identity_model_input_v1,-0.21367123983700001,-1.016111775245,-0.402342990831,0.73511925797099997,0.46545117896999999,1.419656306776,0.10209074682499999,-0.083129335880000002
514,0,-0.056693456263427054,0.48883138911610485,false,flipguard_tabular_validation_v2,sha256:b034be406ad044228923f8c0edbb48d26d4bc3835101d0adee012b9edbbba71b,sha256:025eb7dea28322d4b60adcfff3b1ff48c3fb44aa57280d39eea813405a6561d5,model_input,identity_model_input_v1,-0.21367123983700001,1.281740773783,1.1731870386859999,-1.7187177491929999,-0.67504030634300005,0.95534373671100004,1.347994327014,-0.083129335880000002
517,0,-0.07539470039484486,0.48514724402221554,false,flipguard_tabular_validation_v2,sha256:b034be406ad044228923f8c0edbb48d26d4bc3835101d0adee012b9edbbba71b,sha256:025eb7dea28322d4b60adcfff3b1ff48c3fb44aa57280d39eea813405a6561d5,model_input,identity_model_input_v1,-2.5884258682639998,1.281740773783,-0.402342990831,1.085667401851,-0.67504030634300005,-1.0566774002379999,-1.143812833363,-0.083129335880000002
518,0,-0.03719491482129661,0.49267260178020456,false,flipguard_tabular_validation_v2,sha256:b034be406ad044228923f8c0edbb48d26d4bc3835101d0adee012b9edbbba71b,sha256:025eb7dea28322d4b60adcfff3b1ff48c3fb44aa57280d39eea813405a6561d5,model_input,identity_model_input_v1,-0.92609762836499998,0.92822499701000005,4.0091410918179999,1.085667401851,-0.104794563686,-1.0566774002379999,-1.143812833363,-0.083129335880000002
521,0,-0.081184710820985717,0.48400661196826583,false,flipguard_tabular_validation_v2,sha256:b034be406ad044228923f8c0edbb48d26d4bc3835101d0adee012b9edbbba71b,sha256:025eb7dea28322d4b60adcfff3b1ff48c3fb44aa57280d39eea813405a6561d5,model_input,identity_model_input_v1,-2.825901331107,0.92822499701000005,-0.087236984928,-1.543443677253,0.75057405029900004,-1.0566774002379999,-1.143812833363,-0.083129335880000002
523,1,0.077682471465035347,0.51530344687861196,true,flipguard_tabular_validation_v2,sha256:b034be406ad044228923f8c0edbb48d26d4bc3835101d0adee012b9edbbba71b,sha256:025eb7dea28322d4b60adcfff3b1ff48c3fb44aa57280d39eea813405a6561d5,model_input,identity_model_input_v1,0.023804223005999998,-1.016111775245,-0.402342990831,0.73511925797099997,1.605942664284,1.419656306776,1.036518431967,-0.083129335880000002
528,1,0.13218027068607879,0.52603951332515753,true,flipguard_tabular_validation_v2,sha256:b034be406ad044228923f8c0edbb48d26d4bc3835101d0adee012b9edbbba71b,sha256:025eb7dea28322d4b60adcfff3b1ff48c3fb44aa57280d39eea813405a6561d5,model_input,identity_model_input_v1,0.023804223005999998,-1.016111775245,-0.402342990831,1.085667401851,1.605942664284,0.95534373671100004,-1.143812833363,-0.083129335880000002
529,0,-0.061424402188178975,0.48789939276892874,false,flipguard_tabular_validation_v2,sha256:b034be406ad044228923f8c0edbb48d26d4bc3835101d0adee012b9edbbba71b,sha256:025eb7dea28322d4b60adcfff3b1ff48c3fb44aa57280d39eea813405a6561d5,model_input,identity_model_input_v1,-2.5884258682639998,1.812014438944,2.1185050563969998,1.085667401851,-0.67504030634300005,-1.0566774002379999,-1.143812833363,-0.083129335880000002
530,1,0.07027856037890684,0.5138448763946446,true,flipguard_tabular_validation_v2,sha256:b034be406ad044228923f8c0edbb48d26d4bc3835101d0adee012b9edbbba71b,sha256:025eb7dea28322d4b60adcfff3b1ff48c3fb44aa57280d39eea813405a6561d5,model_input,identity_model_input_v1,0.73623061153400005,-0.83935388685800005,-0.402342990831,0.38457111409,0.75057405029900004,1.2648854500869999,-0.83233693831599997,-0.083129335880000002
534,0,-0.05215352945789202,0.48972575469679525,false,flipguard_tabular_validation_v2,sha256:b034be406ad044228923f8c0edbb48d26d4bc3835101d0adee012b9edbbba71b,sha256:025eb7dea28322d4b60adcfff3b1ff48c3fb44aa57280d39eea813405a6561d5,model_input,identity_model_input_v1,0.023804223005999998,-0.485838110085,-0.402342990831,-1.1928955333719999,-0.67504030634300005,-1.0566774002379999,-1.143812833363,-0.083129335880000002
535,1,0.013856927254918144,0.50272981466921884,true,flipguard_tabular_validation_v2,sha256:b034be406ad044228923f8c0edbb48d26d4bc3835101d0adee012b9edbbba71b,sha256:025eb7dea28322d4b60adcfff3b1ff48c3fb44aa57280d39eea813405a6561d5,model_input,identity_model_input_v1,0.73623061153400005,-1.016111775245,-0.402342990831,0.20929704215,-0.67504030634300005,-1.0566774002379999,0.88078048444299994,-0.083129335880000002
538,1,0.070434441200446923,0.51387558491648799,true,flipguard_tabular_validation_v2,sha256:b034be406ad044228923f8c0edbb48d26d4bc3835101d0adee012b9edbbba71b,sha256:025eb7dea28322d4b60adcfff3b1ff48c3fb44aa57280d39eea813405a6561d5,model_input,identity_model_input_v1,0.26127968584799999,0.22119344346299999,-0.402342990831,1.085667401851,1.035696921627,1.110114593399,-0.98807488584000003,-0.083129335880000002
539,1,0.0080330654001230274,0.50158251388382424,true,flipguard_tabular_validation_v2,sha256:b034be406ad044228923f8c0edbb48d26d4bc3835101d0adee012b9edbbba71b,sha256:025eb7dea28322d4b60adcfff3b1ff48c3fb44aa57280d39eea813405a6561d5,model_input,identity_model_input_v1,0.97370607437599999,-1.016111775245,-0.402342990831,0.034022970210000003,-0.67504030634300005,-0.28282311679599997,1.347994327014,-0.083129335880000002
