row_id,label,scaled_logit,polynomial_score,plaintext_decision,materialization_schema,source_data_sha256,source_model_sha256,source_feature_space,preprocessing_method,x_0,x_1,x_2,x_3,x_4,x_5,x_6,x_7
1,1,-0.023892571832436767,0.49529321790578529,false,flipguard_tabular_validation_v2,sha256:44297c544c48f190808d427e3fdcbd36a13e1db3e0702982e8c229989cda7564,sha256:4732af06a200e574b79412c23f8a91a98989217b2dc0ffb6e5f48ddd4e9caa36,model_input,identity_model_input_v1,0.26127968584799999,-1.016111775245,-0.402342990831,0.20929704215,-0.67504030634300005,-1.0566774002379999,-0.36512309574500001,-0.083129335880000002
3,0,-0.06292283898531148,0.48760519723736806,false,flipguard_tabular_validation_v2,sha256:44297c544c48f190808d427e3fdcbd36a13e1db3e0702982e8c229989cda7564,sha256:4732af06a200e574b79412c23f8a91a98989217b2dc0ffb6e5f48ddd4e9caa36,model_input,identity_model_input_v1,0.26127968584799999,-0.66259599847100004,-0.402342990831,-1.7187177491929999,-0.67504030634300005,0.02671859658,-1.143812833363,-0.083129335880000002
5,0,-0.02041264369939251,0.49597874321305646,false,flipguard_tabular_validation_v2,sha256:44297c544c48f190808d427e3fdcbd36a13e1db3e0702982e8c229989cda7564,sha256:4732af06a200e574b79412c23f8a91a98989217b2dc0ffb6e5f48ddd4e9caa36,model_input,identity_model_input_v1,-0.45114670268000001,-0.485838110085,-0.402342990831,0.91039332991099997,-0.67504030634300005,-1.0566774002379999,-1.143812833363,-0.083129335880000002
8,0,0.076823309507344464,0.51513237838329728,true,flipguard_tabular_validation_v2,sha256:44297c544c48f190808d427e3fdcbd36a13e1db3e0702982e8c229989cda7564,sha256:4732af06a200e574b79412c23f8a91a98989217b2dc0ffb6e5f48ddd4e9caa36,model_input,identity_model_input_v1,0.49875514869100002,-0.13232233331099999,-0.402342990831,0.20929704215,-0.67504030634300005,0.95534373671100004,1.347994327014,-0.083129335880000002
9,1,-0.13707079502736397,0.47300735474487277,false,flipguard_tabular_validation_v2,sha256:44297c544c48f190808d427e3fdcbd36a13e1db3e0702982e8c229989cda7564,sha256:4732af06a200e574b79412c23f8a91a98989217b2dc0ffb6e5f48ddd4e9caa36,model_input,identity_model_input_v1,-0.45114670268000001,1.635256550557,1.1731870386859999,1.085667401851,-0.67504030634300005,-1.0566774002379999,0.10209074682499999,-0.083129335880000002
10,1,-0.032639393499388984,0.49357017856752172,false,flipguard_tabular_validation_v2,sha256:44297c544c48f190808d427e3fdcbd36a13e1db3e0702982e8c229989cda7564,sha256:4732af06a200e574b79412c23f8a91a98989217b2dc0ffb6e5f48ddd4e9caa36,model_input,identity_model_input_v1,-0.45114670268000001,1.281740773783,-0.087236984928,0.55984518603,-0.67504030634300005,0.18148945326900001,-0.053647200697999997,-0.083129335880000002
11,1,0.15658082807048179,0.53083106721317785,true,flipguard_tabular_validation_v2,sha256:44297c544c48f190808d427e3fdcbd36a13e1db3e0702982e8c229989cda7564,sha256:4732af06a200e574b79412c23f8a91a98989217b2dc0ffb6e5f48ddd4e9caa36,model_input,identity_model_input_v1,0.023804223005999998,-1.016111775245,-0.402342990831,0.91039332991099997,0.46545117896999999,1.419656306776,-1.143812833363,-0.083129335880000002
13,0,-0.014122169798239756,0.49721794381560491,false,flipguard_tabular_validation_v2,sha256:44297c544c48f190808d427e3fdcbd36a13e1db3e0702982e8c229989cda7564,sha256:4732af06a200e574b79412c23f8a91a98989217b2dc0ffb6e5f48ddd4e9caa36,model_input,identity_model_input_v1,0.73623061153400005,-1.016111775245,-0.402342990831,1.085667401851,-0.67504030634300005,-1.0566774002379999,-1.143812833363,-0.083129335880000002
17,1,0.097066704455297123,0.51911848254904658,true,flipguard_tabular_validation_v2,sha256:44297c544c48f190808d427e3fdcbd36a13e1db3e0702982e8c229989cda7564,sha256:4732af06a200e574b79412c23f8a91a98989217b2dc0ffb6e5f48ddd4e9caa36,model_input,identity_model_input_v1,-0.92609762836499998,0.75146710862300004,-0.402342990831,1.085667401851,0.46545117896999999,1.2648854500869999,-0.98807488584000003,-0.083129335880000002
19,0,-0.017547752062595876,0.49654311445713673,false,flipguard_tabular_validation_v2,sha256:44297c544c48f190808d427e3fdcbd36a13e1db3e0702982e8c229989cda7564,sha256:4732af06a200e574b79412c23f8a91a98989217b2dc0ffb6e5f48ddd4e9caa36,model_input,identity_model_input_v1,-0.45114670268000001,-1.016111775245,-0.402342990831,0.20929704215,-0.67504030634300005,-1.0566774002379999,-0.83233693831599997,-0.083129335880000002
23,0,0.010432844411405729,0.5020552658068268,true,flipguard_tabular_validation_v2,sha256:44297c544c48f190808d427e3fdcbd36a13e1db3e0702982e8c229989cda7564,sha256:4732af06a200e574b79412c23f8a91a98989217b2dc0ffb6e5f48ddd4e9caa36,model_input,identity_model_input_v1,-0.45114670268000001,-1.016111775245,-0.402342990831,0.38457111409,-0.67504030634300005,-1.0566774002379999,0.41356664187300002,-0.083129335880000002
24,1,0.13451566604452758,0.52648985025504391,true,flipguard_tabular_validation_v2,sha256:44297c544c48f190808d427e3fdcbd36a13e1db3e0702982e8c229989cda7564,sha256:4732af06a200e574b79412c23f8a91a98989217b2dc0ffb6e5f48ddd4e9caa36,model_input,identity_model_input_v1,0.49875514869100002,-0.83935388685800005,-0.402342990831,0.91039332991099997,-0.67504030634300005,1.419656306776,-0.20938514822199999,-0.083129335880000002
25,1,0.11417718533168948,0.52248695165896586,true,flipguard_tabular_validation_v2,sha256:44297c544c48f190808d427e3fdcbd36a13e1db3e0702982e8c229989cda7564,sha256:4732af06a200e574b79412c23f8a91a98989217b2dc0ffb6e5f48ddd4e9caa36,model_input,identity_model_input_v1,0.97370607437599999,-1.016111775245,-0.402342990831,0.55984518603,-0.38991743501499998,1.419656306776,-0.83233693831599997,-0.083129335880000002
26,0,-0.053401697943916977,0.48948047465636768,false,flipguard_tabular_validation_v2,sha256:44297c544c48f190808d427e3fdcbd36a13e1db3e0702982e8c229989cda7564,sha256:4732af06a200e574b79412c23f8a91a98989217b2dc0ffb6e5f48ddd4e9caa36,model_input,identity_model_input_v1,0.49875514869100002,-1.016111775245,-0.402342990831,-0.66707331755199994,-0.67504030634300005,-1.0566774002379999,0.10209074682499999,-0.083129335880000002
28,1,0.10218174503323203,0.52012553620858859,true,flipguard_tabular_validation_v2,sha256:44297c544c48f190808d427e3fdcbd36a13e1db3e0702982e8c229989cda7564,sha256:4732af06a200e574b79412c23f8a91a98989217b2dc0ffb6e5f48ddd4e9caa36,model_input,identity_model_input_v1,0.49875514869100002,-0.66259599847100004,-0.402342990831,1.085667401851,0.46545117896999999,0.800572880022,-1.143812833363,-0.083129335880000002
29,1,0.015208128117468064,0.50299598716936211,true,flipguard_tabular_validation_v2,sha256:44297c544c48f190808d427e3fdcbd36a13e1db3e0702982e8c229989cda7564,sha256:4732af06a200e574b79412c23f8a91a98989217b2dc0ffb6e5f48ddd4e9caa36,model_input,identity_model_input_v1,-2.1134749425789998,-0.13232233331099999,-0.402342990831,0.55984518603,1.035696921627,-1.0566774002379999,-1.143812833363,-0.083129335880000002
31,0,-0.11892776311375096,0.47657795903468253,false,flipguard_tabular_validation_v2,sha256:44297c544c48f190808d427e3fdcbd36a13e1db3e0702982e8c229989cda7564,sha256:4732af06a200e574b79412c23f8a91a98989217b2dc0ffb6e5f48ddd4e9caa36,model_input,identity_model_input_v1,0.73623061153400005,-1.016111775245,-0.402342990831,-1.7187177491929999,-0.67504030634300005,-1.0566774002379999,-1.143812833363,-0.083129335880000002
33,0,-0.054230666065179407,0.48931719674715374,false,flipguard_tabular_validation_v2,sha256:44297c544c48f190808d427e3fdcbd36a13e1db3e0702982e8c229989cda7564,sha256:4732af06a200e574b79412c23f8a91a98989217b2dc0ffb6e5f48ddd4e9caa36,model_input,identity_model_input_v1,0.26127968584799999,0.57470922023600002,-0.402342990831,1.085667401851,-0.67504030634300005,-1.0566774002379999,0.10209074682499999,-0.083129335880000002
35,0,0.017804410989746104,0.50350744638919687,true,flipguard_tabular_validation_v2,sha256:44297c544c48f190808d427e3fdcbd36a13e1db3e0702982e8c229989cda7564,sha256:4732af06a200e574b79412c23f8a91a98989217b2dc0ffb6e5f48ddd4e9caa36,model_input,identity_model_input_v1,0.49875514869100002,-1.016111775245,-0.402342990831,0.38457111409,-0.67504030634300005,-0.128052260108,-1.143812833363,-0.083129335880000002
37,0,-0.1220369517432478,0.47596599050045629,false,flipguard_tabular_validation_v2,sha256:44297c544c48f190808d427e3fdcbd36a13e1db3e0702982e8c229989cda7564,sha256:4732af06a200e574b79412c23f8a91a98989217b2dc0ffb6e5f48ddd4e9caa36,model_input,identity_model_input_v1,0.49875514869100002,-0.83935388685800005,-0.402342990831,-1.7187177491929999,-0.67504030634300005,-1.0566774002379999,-1.143812833363,-0.083129335880000002
39,0,-0.021656925944488495,0.49573362621927286,false,flipguard_tabular_validation_v2,sha256:44297c544c48f190808d427e3fdcbd36a13e1db3e0702982e8c229989cda7564,sha256:4732af06a200e574b79412c23f8a91a98989217b2dc0ffb6e5f48ddd4e9caa36,model_input,identity_model_input_v1,0.97370607437599999,-0.83935388685800005,-0.402342990831,1.085667401851,-0.38991743501499998,-1.0566774002379999,-1.143812833363,-0.083129335880000002
40,1,0.052189207996194184,0.51028070538146308,true,flipguard_tabular_validation_v2,sha256:44297c544c48f190808d427e3fdcbd36a13e1db3e0702982e8c229989cda7564,sha256:4732af06a200e574b79412c23f8a91a98989217b2dc0ffb6e5f48ddd4e9caa36,model_input,identity_model_input_v1,-0.21367123983700001,0.22119344346299999,-0.402342990831,0.73511925797099997,-0.67504030634300005,0.95534373671100004,-1.143812833363,-0.083129335880000002
44,1,0.018937633021540792,0.50373068653853148,true,flipguard_tabular_validation_v2,sha256:44297c544c48f190808d427e3fdcbd36a13e1db3e0702982e8c229989cda7564,sha256:4732af06a200e574b79412c23f8a91a98989217b2dc0ffb6e5f48ddd4e9caa36,model_input,identity_model_input_v1,0.97370607437599999,-0.66259599847100004,-0.402342990831,-1.1928955333719999,-0.67504030634300005,0.800572880022,0.72504253691999998,-0.083129335880000002
46,0,-0.04687391770932766,0.49076625017003084,false,flipguard_tabular_validation_v2,sha256:44297c544c48f190808d427e3fdcbd36a13e1db3e0702982e8c229989cda7564,sha256:4732af06a200e574b79412c23f8a91a98989217b2dc0ffb6e5f48ddd4e9caa36,model_input,identity_model_input_v1,0.73623061153400005,-1.016111775245,-0.402342990831,0.20929704215,-0.67504030634300005,-1.0566774002379999,-1.143812833363,-0.083129335880000002
47,1,0.011124718643172602,0.50219156406555265,true,flipguard_tabular_validation_v2,sha256:44297c544c48f190808d427e3fdcbd36a13e1db3e0702982e8c229989cda7564,sha256:4732af06a200e574b79412c23f8a91a98989217b2dc0ffb6e5f48ddd4e9caa36,model_input,identity_model_input_v1,0.73623061153400005,-0.13232233331099999,-0.402342990831,-0.49179924561100002,-0.67504030634300005,0.49103116664500002,0.88078048444299994,-0.083129335880000002
49,0,0.18284984076547584,0.53599696497748861,true,flipguard_tabular_validation_v2,sha256:44297c544c48f190808d427e3fdcbd36a13e1db3e0702982e8c229989cda7564,sha256:4732af06a200e574b79412c23f8a91a98989217b2dc0ffb6e5f48ddd4e9caa36,model_input,identity_model_input_v1,0.73623061153400005,-0.83935388685800005,-0.402342990831,1.085667401851,1.8910655356120001,0.95534373671100004,1.347994327014,-0.083129335880000002
50,1,0.09041182415492903,0.51780817314576677,true,flipguard_tabular_validation_v2,sha256:44297c544c48f190808d427e3fdcbd36a13e1db3e0702982e8c229989cda7564,sha256:4732af06a200e574b79412c23f8a91a98989217b2dc0ffb6e5f48ddd4e9caa36,model_input,identity_model_input_v1,0.97370607437599999,-1.016111775245,-0.087236984928,-0.31652517367100003,-0.67504030634300005,1.419656306776,0.56930458939600004,-0.083129335880000002
52,1,0.11668123355043129,0.52297984877802839,true,flipguard_tabular_validation_v2,sha256:44297c544c48f190808d427e3fdcbd36a13e1db3e0702982e8c229989cda7564,sha256:4732af06a200e574b79412c23f8a91a98989217b2dc0ffb6e5f48ddd4e9caa36,model_input,identity_model_input_v1,0.49875514869100002,-0.83935388685800005,-0.402342990831,1.085667401851,1.3208197929550001,0.64580202333400005,-1.143812833363,-0.083129335880000002
56,1,0.14707553171906218,0.52896115406061084,true,flipguard_tabular_validation_v2,sha256:44297c544c48f190808d427e3fdcbd36a13e1db3e0702982e8c229989cda7564,sha256:4732af06a200e574b79412c23f8a91a98989217b2dc0ffb6e5f48ddd4e9caa36,model_input,identity_model_input_v1,0.49875514869100002,-0.83935388685800005,-0.402342990831,1.085667401851,1.035696921627,1.2648854500869999,-1.143812833363,-0.083129335880000002
58,0,-0.1110456838898973,0.47812947755492502,false,flipguard_tabular_validation_v2,sha256:44297c544c48f190808d427e3fdcbd36a13e1db3e0702982e8c229989cda7564,sha256:4732af06a200e574b79412c23f8a91a98989217b2dc0ffb6e5f48ddd4e9caa36,model_input,identity_model_input_v1,0.97370607437599999,0.75146710862300004,-0.402342990831,0.73511925797099997,-0.67504030634300005,-1.0566774002379999,-1.143812833363,-0.083129335880000002
59,0,-0.023616395881791482,0.49534762269796945,false,flipguard_tabular_validation_v2,sha256:44297c544c48f190808d427e3fdcbd36a13e1db3e0702982e8c229989cda7564,sha256:4732af06a200e574b79412c23f8a91a98989217b2dc0ffb6e5f48ddd4e9caa36,model_input,identity_model_input_v1,0.49875514869100002,-0.66259599847100004,-0.402342990831,-1.0176214614320001,-0.67504030634300005,-0.128052260108,0.41356664187300002,-0.083129335880000002
60,1,0.025803164808477587,0.50508315474793952,true,flipguard_tabular_validation_v2,sha256:44297c544c48f190808d427e3fdcbd36a13e1db3e0702982e8c229989cda7564,sha256:4732af06a200e574b79412c23f8a91a98989217b2dc0ffb6e5f48ddd4e9caa36,model_input,identity_model_input_v1,-2.1134749425789998,0.75146710862300004,-0.087236984928,-1.7187177491929999,-0.67504030634300005,1.2648854500869999,1.347994327014,-0.083129335880000002
61,0,-0.15343997884073562,0.46978677442570738,false,flipguard_tabular_validation_v2,sha256:44297c544c48f190808d427e3fdcbd36a13e1db3e0702982e8c229989cda7564,sha256:4732af06a200e574b79412c23f8a91a98989217b2dc0ffb6e5f48ddd4e9caa36,model_input,identity_model_input_v1,0.023804223005999998,1.45849866217,1.803399050493,1.085667401851,-0.67504030634300005,-0.59236483017300001,-1.143812833363,-0.083129335880000002
62,1,0.019159540584304795,0.50377440136215867,true,flipguard_tabular_validation_v2,sha256:44297c544c48f190808d427e3fdcbd36a13e1db3e0702982e8c229989cda7564,sha256:4732af06a200e574b79412c23f8a91a98989217b2dc0ffb6e5f48ddd4e9caa36,model_input,identity_model_input_v1,-0.92609762836499998,-0.13232233331099999,-0.402342990831,-0.84234738949200005,-0.67504030634300005,0.18148945326900001,1.1922563794909999,-0.083129335880000002
64,1,0.14920863528342365,0.52938081369402579,true,flipguard_tabular_validation_v2,sha256:44297c544c48f190808d427e3fdcbd36a13e1db3e0702982e8c229989cda7564,sha256:4732af06a200e574b79412c23f8a91a98989217b2dc0ffb6e5f48ddd4e9caa36,model_input,identity_model_input_v1,0.023804223005999998,-0.83935388685800005,-0.402342990831,1.085667401851,1.605942664284,0.95534373671100004,-1.143812833363,-0.083129335880000002
65,0,-0.14661600118071766,0.47112925454531712,false,flipguard_tabular_validation_v2,sha256:44297c544c48f190808d427e3fdcbd36a13e1db3e0702982e8c229989cda7564,sha256:4732af06a200e574b79412c23f8a91a98989217b2dc0ffb6e5f48ddd4e9caa36,model_input,identity_model_input_v1,-0.68862216552199995,1.635256550557,-0.087236984928,0.20929704215,-0.67504030634300005,-1.0566774002379999,-1.143812833363,-0.083129335880000002
66,0,-0.10367039084564628,0.47958138981421855,false,flipguard_tabular_validation_v2,sha256:44297c544c48f190808d427e3fdcbd36a13e1db3e0702982e8c229989cda7564,sha256:4732af06a200e574b79412c23f8a91a98989217b2dc0ffb6e5f48ddd4e9caa36,model_input,identity_model_input_v1,0.97370607437599999,0.57470922023600002,-0.402342990831,-1.543443677253,-0.67504030634300005,-0.28282311679599997,1.1922563794909999,-0.083129335880000002
67,0,-0.15375819876719854,0.46972417519215742,false,flipguard_tabular_validation_v2,sha256:44297c544c48f190808d427e3fdcbd36a13e1db3e0702982e8c229989cda7564,sha256:4732af06a200e574b79412c23f8a91a98989217b2dc0ffb6e5f48ddd4e9caa36,model_input,identity_model_input_v1,0.97370607437599999,0.75146710862300004,-0.087236984928,-0.141251101731,-0.67504030634300005,-1.0566774002379999,-1.143812833363,-0.083129335880000002
68,0,-0.17553641832635297,0.46544096082832448,false,flipguard_tabular_validation_v2,sha256:44297c544c48f190808d427e3fdcbd36a13e1db3e0702982e8c229989cda7564,sha256:4732af06a200e574b79412c23f8a91a98989217b2dc0ffb6e5f48ddd4e9caa36,model_input,identity_model_input_v1,-2.825901331107,0.92822499701000005,4.0091410918179999,0.20929704215,-0.67504030634300005,-0.74713568686200005,-0.67659899079300001,-0.083129335880000002
70,0,-0.049082982863021235,0.4903311253669384,false,flipguard_tabular_validation_v2,sha256:44297c544c48f190808d427e3fdcbd36a13e1db3e0702982e8c229989cda7564,sha256:4732af06a200e574b79412c23f8a91a98989217b2dc0ffb6e5f48ddd4e9caa36,model_input,identity_model_input_v1,0.97370607437599999,1.635256550557,0.54297502687900001,0.73511925797099997,-0.104794563686,0.49103116664500002,0.72504253691999998,-0.083129335880000002
71,0,-0.086056492457359163,0.48304942022701308,false,flipguard_tabular_validation_v2,sha256:44297c544c48f190808d427e3fdcbd36a13e1db3e0702982e8c229989cda7564,sha256:4732af06a200e574b79412c23f8a91a98989217b2dc0ffb6e5f48ddd4e9caa36,model_input,identity_model_input_v1,0.26127968584799999,0.22119344346299999,-0.402342990831,0.38457111409,-0.67504030634300005,-1.0566774002379999,-1.143812833363,-0.083129335880000002
72,1,0.24787877710993206,0.54877119654724305,true,flipguard_tabular_validation_v2,sha256:44297c544c48f190808d427e3fdcbd36a13e1db3e0702982e8c229989cda7564,sha256:4732af06a200e574b79412c23f8a91a98989217b2dc0ffb6e5f48ddd4e9caa36,model_input,identity_model_input_v1,-0.92609762836499998,-0.66259599847100004,-0.402342990831,0.73511925797099997,3.3166798922540002,1.419656306776,1.347994327014,-0.083129335880000002
74,1,0.1831027245043429,0.5360466814744872,true,flipguard_tabular_validation_v2,sha256:44297c544c48f190808d427e3fdcbd36a13e1db3e0702982e8c229989cda7564,sha256:4732af06a200e574b79412c23f8a91a98989217b2dc0ffb6e5f48ddd4e9caa36,model_input,identity_model_input_v1,0.73623061153400005,-1.016111775245,-0.402342990831,1.085667401851,2.7464341495969999,0.64580202333400005,1.036518431967,-0.083129335880000002
76,1,-0.087019362283562413,0.48285982140116712,false,flipguard_tabular_validation_v2,sha256:44297c544c48f190808d427e3fdcbd36a13e1db3e0702982e8c229989cda7564,sha256:4732af06a200e574b79412c23f8a91a98989217b2dc0ffb6e5f48ddd4e9caa36,model_input,identity_model_input_v1,-0.92609762836499998,1.45849866217,0.22786902097600001,1.085667401851,-0.67504030634300005,-1.0566774002379999,0.25782869434900002,-0.083129335880000002
78,1,0.16457722025523613,0.5324038816588158,true,flipguard_tabular_validation_v2,sha256:44297c544c48f190808d427e3fdcbd36a13e1db3e0702982e8c229989cda7564,sha256:4732af06a200e574b79412c23f8a91a98989217b2dc0ffb6e5f48ddd4e9caa36,model_input,identity_model_input_v1,-0.92609762836499998,-0.30908022169799998,-0.402342990831,0.73511925797099997,0.180328307642,1.419656306776,0.72504253691999998,-0.083129335880000002
79,0,-0.14315834391001447,0.47180954197646335,false,flipguard_tabular_validation_v2,sha256:44297c544c48f190808d427e3fdcbd36a13e1db3e0702982e8c229989cda7564,sha256:4732af06a200e574b79412c23f8a91a98989217b2dc0ffb6e5f48ddd4e9caa36,model_input,identity_model_input_v1,0.97370607437599999,0.044435555076,-0.402342990831,-1.543443677253,-0.67504030634300005,-1.0566774002379999,0.10209074682499999,-0.083129335880000002
82,0,-0.23109827382235437,0.45452300857564448,false,flipguard_tabular_validation_v2,sha256:44297c544c48f190808d427e3fdcbd36a13e1db3e0702982e8c229989cda7564,sha256:4732af06a200e574b79412c23f8a91a98989217b2dc0ffb6e5f48ddd4e9caa36,model_input,identity_model_input_v1,0.49875514869100002,1.812014438944,4.324247097722,0.91039332991099997,-0.67504030634300005,-0.74713568686200005,1.347994327014,-0.083129335880000002
85,1,0.067288545543009309,0.51325462480956563,true,flipguard_tabular_validation_v2,sha256:44297c544c48f190808d427e3fdcbd36a13e1db3e0702982e8c229989cda7564,sha256:4732af06a200e574b79412c23f8a91a98989217b2dc0ffb6e5f48ddd4e9caa36,model_input,identity_model_input_v1,0.97370607437599999,-0.83935388685800005,-0.402342990831,-0.49179924561100002,-0.67504030634300005,0.95534373671100004,1.036518431967,-0.083129335880000002
88,0,-0.080786606064956315,0.48408714761249533,false,flipguard_tabular_validation_v2,sha256:44297c544c48f190808d427e3fdcbd36a13e1db3e0702982e8c229989cda7564,sha256:4732af06a200e574b79412c23f8a91a98989217b2dc0ffb6e5f48ddd4e9caa36,model_input,identity_model_input_v1,0.97370607437599999,0.22119344346299999,-0.402342990831,0.91039332991099997,-0.67504030634300005,-1.0566774002379999,-1.143812833363,-0.083129335880000002
90,1,0.12318321382428758,0.52425961634371132,true,flipguard_tabular_validation_v2,sha256:44297c544c48f190808d427e3fdcbd36a13e1db3e0702982e8c229989cda7564,sha256:4732af06a200e574b79412c23f8a91a98989217b2dc0ffb6e5f48ddd4e9caa36,model_input,identity_model_input_v1,-2.350950405421,-1.016111775245,-0.402342990831,-0.84234738949200005,0.46545117896999999,0.49103116664500002,1.036518431967,-0.083129335880000002
91,1,0.15056119511547206,0.529646903347468,true,flipguard_tabular_validation_v2,sha256:44297c544c48f190808d427e3fdcbd36a13e1db3e0702982e8c229989cda7564,sha256:4732af06a200e574b79412c23f8a91a98989217b2dc0ffb6e5f48ddd4e9caa36,model_input,identity_model_input_v1,0.023804223005999998,-1.016111775245,-0.402342990831,0.91039332991099997,1.605942664284,0.95534373671100004,-1.143812833363,-0.083129335880000002
92,1,0.040620585017332102,0.50800198714736577,true,flipguard_tabular_validation_v2,sha256:44297c544c48f190808d427e3fdcbd36a13e1db3e0702982e8c229989cda7564,sha256:4732af06a200e574b79412c23f8a91a98989217b2dc0ffb6e5f48ddd4e9caa36,model_input,identity_model_input_v1,0.97370607437599999,-0.13232233331099999,-0.402342990831,-0.141251101731,-0.67504030634300005,1.419656306776,-0.98807488584000003,-0.083129335880000002
93,0,-0.2205978268026077,0.45658516828207563,false,flipguard_tabular_validation_v2,sha256:44297c544c48f190808d427e3fdcbd36a13e1db3e0702982e8c229989cda7564,sha256:4732af06a200e574b79412c23f8a91a98989217b2dc0ffb6e5f48ddd4e9caa36,model_input,identity_model_input_v1,-2.5884258682639998,1.104982885396,4.0091410918179999,0.034022970210000003,-0.67504030634300005,-1.0566774002379999,-1.143812833363,-0.083129335880000002
97,0,-0.13323075579614374,0.47376300072326438,false,flipguard_tabular_validation_v2,sha256:44297c544c48f190808d427e3fdcbd36a13e1db3e0702982e8c229989cda7564,sha256:4732af06a200e574b79412c23f8a91a98989217b2dc0ffb6e5f48ddd4e9caa36,model_input,identity_model_input_v1,0.023804223005999998,0.57470922023600002,-0.087236984928,-0.31652517367100003,-0.67504030634300005,-1.0566774002379999,-1.143812833363,-0.083129335880000002
98,0,-0.12574911927377777,0.47523537730638071,false,flipguard_tabular_validation_v2,sha256:44297c544c48f190808d427e3fdcbd36a13e1db3e0702982e8c229989cda7564,sha256:4732af06a200e574b79412c23f8a91a98989217b2dc0ffb6e5f48ddd4e9caa36,model_input,identity_model_input_v1,-0.21367123983700001,1.104982885396,0.54297502687900001,0.20929704215,-0.67504030634300005,-0.59236483017300001,-1.143812833363,-0.083129335880000002
101,1,0.139927548972819,0.52755476817930991,true,flipguard_tabular_validation_v2,sha256:44297c544c48f190808d427e3fdcbd36a13e1db3e0702982e8c229989cda7564,sha256:4732af06a200e574b79412c23f8a91a98989217b2dc0ffb6e5f48ddd4e9caa36,model_input,identity_model_input_v1,-2.5884258682639998,0.397951331849,-0.402342990831,-1.3681696053129999,2.4613112782690001,1.419656306776,1.347994327014,-0.083129335880000002
103,1,0.12439571248398655,0.52449825561639207,true,flipguard_tabular_validation_v2,sha256:44297c544c48f190808d427e3fdcbd36a13e1db3e0702982e8c229989cda7564,sha256:4732af06a200e574b79412c23f8a91a98989217b2dc0ffb6e5f48ddd4e9caa36,model_input,identity_model_input_v1,0.023804223005999998,-0.83935388685800005,-0.402342990831,0.55984518603,1.3208197929550001,0.95534373671100004,-1.143812833363,-0.083129335880000002
107,1,0.21434276606504482,0.54218613486916545,true,flipguard_tabular_validation_v2,sha256:44297c544c48f190808d427e3fdcbd36a13e1db3e0702982e8c229989cda7564,sha256:4732af06a200e574b79412c23f8a91a98989217b2dc0ffb6e5f48ddd4e9caa36,model_input,identity_model_input_v1,-1.638524016893,-1.016111775245,-0.402342990831,-0.141251101731,1.605942664284,1.419656306776,1.347994327014,-0.083129335880000002
111,0,-0.16965388171757934,0.46659771751203832,false,flipguard_tabular_validation_v2,sha256:44297c544c48f190808d427e3fdcbd36a13e1db3e0702982e8c229989cda7564,sha256:4732af06a200e574b79412c23f8a91a98989217b2dc0ffb6e5f48ddd4e9caa36,model_input,identity_model_input_v1,-2.5884258682639998,1.812014438944,2.4336110622999998,0.91039332991099997,-0.67504030634300005,-1.0566774002379999,-1.143812833363,-0.083129335880000002
114,0,-0.15533312155548185,0.46941436679906656,false,flipguard_tabular_validation_v2,sha256:44297c544c48f190808d427e3fdcbd36a13e1db3e0702982e8c229989cda7564,sha256:4732af06a200e574b79412c23f8a91a98989217b2dc0ffb6e5f48ddd4e9caa36,model_input,identity_model_input_v1,0.97370607437599999,-0.30908022169799998,-0.402342990831,-1.7187177491929999,-0.67504030634300005,-1.0566774002379999,-1.143812833363,-0.083129335880000002
120,0,-0.078290134980649004,0.48457876287787538,false,flipguard_tabular_validation_v2,sha256:44297c544c48f190808d427e3fdcbd36a13e1db3e0702982e8c229989cda7564,sha256:4732af06a200e574b79412c23f8a91a98989217b2dc0ffb6e5f48ddd4e9caa36,model_input,identity_model_input_v1,0.97370607437599999,-0.83935388685800005,-0.402342990831,-1.7187177491929999,-0.67504030634300005,-0.128052260108,-1.143812833363,-0.083129335880000002
121,0,-0.1090291794114117,0.47852643593323269,false,flipguard_tabular_validation_v2,sha256:44297c544c48f190808d427e3fdcbd36a13e1db3e0702982e8c229989cda7564,sha256:4732af06a200e574b79412c23f8a91a98989217b2dc0ffb6e5f48ddd4e9caa36,model_input,identity_model_input_v1,0.023804223005999998,1.281740773783,-0.402342990831,0.91039332991099997,-0.67504030634300005,-1.0566774002379999,-1.143812833363,-0.083129335880000002
123,1,0.1533325895459135,0.53019210020224294,true,flipguard_tabular_validation_v2,sha256:44297c544c48f190808d427e3fdcbd36a13e1db3e0702982e8c229989cda7564,sha256:4732af06a200e574b79412c23f8a91a98989217b2dc0ffb6e5f48ddd4e9caa36,model_input,identity_model_input_v1,-0.21367123983700001,-1.016111775245,-0.402342990831,1.085667401851,1.3208197929550001,0.33626030995700001,0.72504253691999998,-0.083129335880000002
125,0,-0.049106712114417264,0.49032645139074993,false,flipguard_tabular_validation_v2,sha256:44297c544c48f190808d427e3fdcbd36a13e1db3e0702982e8c229989cda7564,sha256:4732af06a200e574b79412c23f8a91a98989217b2dc0ffb6e5f48ddd4e9caa36,model_input,identity_model_input_v1,-0.45114670268000001,-1.016111775245,-0.402342990831,-0.49179924561100002,-0.67504030634300005,-1.0566774002379999,-1.143812833363,-0.083129335880000002
127,0,-0.18284327245872295,0.46400432634377409,false,flipguard_tabular_validation_v2,sha256:44297c544c48f190808d427e3fdcbd36a13e1db3e0702982e8c229989cda7564,sha256:4732af06a200e574b79412c23f8a91a98989217b2dc0ffb6e5f48ddd4e9caa36,model_input,identity_model_input_v1,-0.21367123983700001,1.635256550557,0.22786902097600001,-0.66707331755199994,-0.67504030634300005,-1.0566774002379999,-0.20938514822199999,-0.083129335880000002
131,1,0.097793227662753737,0.51926152486141652,true,flipguard_tabular_validation_v2,sha256:44297c544c48f190808d427e3fdcbd36a13e1db3e0702982e8c229989cda7564,sha256:4732af06a200e574b79412c23f8a91a98989217b2dc0ffb6e5f48ddd4e9caa36,model_input,identity_model_input_v1,0.97370607437599999,-0.13232233331099999,-0.402342990831,0.55984518603,1.035696921627,1.419656306776,-0.98807488584000003,-0.083129335880000002
133,0,0.05128719670748922,0.51010303813281799,true,flipguard_tabular_validation_v2,sha256:44297c544c48f190808d427e3fdcbd36a13e1db3e0702982e8c229989cda7564,sha256:4732af06a200e574b79412c23f8a91a98989217b2dc0ffb6e5f48ddd4e9caa36,model_input,identity_model_input_v1,-1.875999479736,1.281740773783,-0.402342990831,-1.1928955333719999,0.180328307642,1.419656306776,1.347994327014,-0.083129335880000002
134,1,-0.074983930597258969,0.48522985208788771,false,flipguard_tabular_validation_v2,sha256:44297c544c48f190808d427e3fdcbd36a13e1db3e0702982e8c229989cda7564,sha256:4732af06a200e574b79412c23f8a91a98989217b2dc0ffb6e5f48ddd4e9caa36,model_input,identity_model_input_v1,-1.875999479736,1.635256550557,0.85808103278299996,-1.0176214614320001,-0.38991743501499998,0.95534373671100004,-0.98807488584000003,-0.083129335880000002
135,0,0.063424190388292806,0.51249354497881583,true,flipguard_tabular_validation_v2,sha256:44297c544c48f190808d427e3fdcbd36a13e1db3e0702982e8c229989cda7564,sha256:4732af06a200e574b79412c23f8a91a98989217b2dc0ffb6e5f48ddd4e9caa36,model_input,identity_model_input_v1,0.97370607437599999,-1.016111775245,-0.402342990831,0.91039332991099997,-0.67504030634300005,0.49103116664500002,-1.143812833363,-0.083129335880000002
136,1,0.24579017598922981,0.54836126916846817,true,flipguard_tabular_validation_v2,sha256:44297c544c48f190808d427e3fdcbd36a13e1db3e0702982e8c229989cda7564,sha256:4732af06a200e574b79412c23f8a91a98989217b2dc0ffb6e5f48ddd4e9caa36,model_input,identity_model_input_v1,-0.68862216552199995,-1.016111775245,-0.402342990831,0.38457111409,3.3166798922540002,1.419656306776,1.347994327014,-0.083129335880000002
138,1,-0.030508027397586991,0.49399003218280879,false,flipguard_tabular_validation_v2,sha256:44297c544c48f190808d427e3fdcbd36a13e1db3e0702982e8c229989cda7564,sha256:4732af06a200e574b79412c23f8a91a98989217b2dc0ffb6e5f48ddd4e9caa36,model_input,identity_model_input_v1,0.73623061153400005,-1.016111775245,-0.402342990831,-0.141251101731,-0.67504030634300005,-1.0566774002379999,0.56930458939600004,-0.083129335880000002
140,1,0.18035651923746648,0.53550676740037118,true,flipguard_tabular_validation_v2,sha256:44297c544c48f190808d427e3fdcbd36a13e1db3e0702982e8c229989cda7564,sha256:4732af06a200e574b79412c23f8a91a98989217b2dc0ffb6e5f48ddd4e9caa36,model_input,identity_model_input_v1,-1.638524016893,-0.485838110085,-0.402342990831,-0.31652517367100003,1.8910655356120001,1.2648854500869999,1.347994327014,-0.083129335880000002
141,0,-0.17463899093026386,0.46561742388940452,false,flipguard_tabular_validation_v2,sha256:44297c544c48f190808d427e3fdcbd36a13e1db3e0702982e8c229989cda7564,sha256:4732af06a200e574b79412c23f8a91a98989217b2dc0ffb6e5f48ddd4e9caa36,model_input,identity_model_input_v1,-0.92609762836499998,1.45849866217,0.22786902097600001,-1.7187177491929999,1.605942664284,-1.0566774002379999,-1.143812833363,-0.083129335880000002
143,0,-0.19908877473099568,0.46081107597963383,false,flipguard_tabular_validation_v2,sha256:44297c544c48f190808d427e3fdcbd36a13e1db3e0702982e8c229989cda7564,sha256:4732af06a200e574b79412c23f8a91a98989217b2dc0ffb6e5f48ddd4e9caa36,model_input,identity_model_input_v1,0.023804223005999998,1.635256550557,1.48829304459,0.38457111409,-0.38991743501499998,-1.0566774002379999,-1.143812833363,-0.083129335880000002
145,0,-0.070637754520508397,0.48608577220211713,false,flipguard_tabular_validation_v2,sha256:44297c544c48f190808d427e3fdcbd36a13e1db3e0702982e8c229989cda7564,sha256:4732af06a200e574b79412c23f8a91a98989217b2dc0ffb6e5f48ddd4e9caa36,model_input,identity_model_input_v1,0.97370607437599999,1.281740773783,2.7487170682039999,0.91039332991099997,-0.104794563686,0.800572880022,1.1922563794909999,-0.083129335880000002
147,0,0.010299491423680147,0.50202899544020441,true,flipguard_tabular_validation_v2,sha256:44297c544c48f190808d427e3fdcbd36a13e1db3e0702982e8c229989cda7564,sha256:4732af06a200e574b79412c23f8a91a98989217b2dc0ffb6e5f48ddd4e9caa36,model_input,identity_model_input_v1,0.73623061153400005,-0.13232233331099999,-0.402342990831,-1.7187177491929999,-0.104794563686,0.95534373671100004,1.347994327014,-0.083129335880000002
148,0,0.042242184714659868,0.50832140888060384,true,flipguard_tabular_validation_v2,sha256:44297c544c48f190808d427e3fdcbd36a13e1db3e0702982e8c229989cda7564,sha256:4732af06a200e574b79412c23f8a91a98989217b2dc0ffb6e5f48ddd4e9caa36,model_input,identity_model_input_v1,-2.825901331107,0.92822499701000005,-0.402342990831,-1.7187177491929999,-0.67504030634300005,1.2648854500869999,1.347994327014,-0.083129335880000002
149,0,-0.030736126557594182,0.49394509921499397,false,flipguard_tabular_validation_v2,sha256:44297c544c48f190808d427e3fdcbd36a13e1db3e0702982e8c229989cda7564,sha256:4732af06a200e574b79412c23f8a91a98989217b2dc0ffb6e5f48ddd4e9caa36,model_input,identity_model_input_v1,0.26127968584799999,-1.016111775245,-0.402342990831,0.38457111409,-0.67504030634300005,-1.0566774002379999,-1.143812833363,-0.083129335880000002
152,1,0.21887634592143018,0.54307669743722553,true,flipguard_tabular_validation_v2,sha256:44297c544c48f190808d427e3fdcbd36a13e1db3e0702982e8c229989cda7564,sha256:4732af06a200e574b79412c23f8a91a98989217b2dc0ffb6e5f48ddd4e9caa36,model_input,identity_model_input_v1,-1.40104855405,-1.016111775245,-0.402342990831,0.38457111409,1.035696921627,1.419656306776,1.347994327014,-0.083129335880000002
153,1,-0.095658312986474744,0.48115881363215074,false,flipguard_tabular_validation_v2,sha256:44297c544c48f190808d427e3fdcbd36a13e1db3e0702982e8c229989cda7564,sha256:4732af06a200e574b79412c23f8a91a98989217b2dc0ffb6e5f48ddd4e9caa36,model_input,identity_model_input_v1,-0.68862216552199995,1.104982885396,0.22786902097600001,0.55984518603,-0.67504030634300005,-1.0566774002379999,0.25782869434900002,-0.083129335880000002
154,0,-0.062751833180003783,0.48763887727834843,false,flipguard_tabular_validation_v2,sha256:44297c544c48f190808d427e3fdcbd36a13e1db3e0702982e8c229989cda7564,sha256:4732af06a200e574b79412c23f8a91a98989217b2dc0ffb6e5f48ddd4e9caa36,model_input,identity_model_input_v1,0.023804223005999998,-0.485838110085,-0.402342990831,0.034022970210000003,-0.67504030634300005,-1.0566774002379999,-1.143812833363,-0.083129335880000002
155,0,-0.14873762528349077,0.47071184983839387,false,flipguard_tabular_validation_v2,sha256:44297c544c48f190808d427e3fdcbd36a13e1db3e0702982e8c229989cda7564,sha256:4732af06a200e574b79412c23f8a91a98989217b2dc0ffb6e5f48ddd4e9caa36,model_input,identity_model_input_v1,0.49875514869100002,1.635256550557,3.0638230741079999,-1.0176214614320001,-0.67504030634300005,1.110114593399,1.347994327014,-0.083129335880000002
158,0,0.012939495061818504,0.50254907186131204,true,flipguard_tabular_validation_v2,sha256:44297c544c48f190808d427e3fdcbd36a13e1db3e0702982e8c229989cda7564,sha256:4732af06a200e574b79412c23f8a91a98989217b2dc0ffb6e5f48ddd4e9caa36,model_input,identity_model_input_v1,0.49875514869100002,-1.016111775245,-0.402342990831,-1.3681696053129999,-0.67504030634300005,0.18148945326900001,1.347994327014,-0.083129335880000002
162,1,0.027986448049673929,0.50551324258522079,true,flipguard_tabular_validation_v2,sha256:44297c544c48f190808d427e3fdcbd36a13e1db3e0702982e8c229989cda7564,sha256:4732af06a200e574b79412c23f8a91a98989217b2dc0ffb6e5f48ddd4e9caa36,model_input,identity_model_input_v1,0.97370607437599999,-0.83935388685800005,-0.402342990831,-1.543443677253,-0.67504030634300005,0.95534373671100004,1.036518431967,-0.083129335880000002
163,0,0.022369159020135441,0.5044066795547123,true,flipguard_tabular_validation_v2,sha256:44297c544c48f190808d427e3fdcbd36a13e1db3e0702982e8c229989cda7564,sha256:4732af06a200e574b79412c23f8a91a98989217b2dc0ffb6e5f48ddd4e9caa36,model_input,identity_model_input_v1,0.023804223005999998,0.044435555076,-0.402342990831,1.085667401851,-0.67504030634300005,-0.59236483017300001,1.347994327014,-0.083129335880000002
165,0,-0.076343692323107878,0.4849620724462419,false,flipguard_tabular_validation_v2,sha256:44297c544c48f190808d427e3fdcbd36a13e1db3e0702982e8c229989cda7564,sha256:4732af06a200e574b79412c23f8a91a98989217b2dc0ffb6e5f48ddd4e9caa36,model_input,identity_model_input_v1,0.73623061153400005,1.281740773783,0.22786902097600001,1.085667401851,1.035696921627,-1.0566774002379999,0.56930458939600004,-0.083129335880000002
168,0,-0.2842722083661991,0.44409026388331918,false,flipguard_tabular_validation_v2,sha256:44297c544c48f190808d427e3fdcbd36a13e1db3e0702982e8c229989cda7564,sha256:4732af06a200e574b79412c23f8a91a98989217b2dc0ffb6e5f48ddd4e9caa36,model_input,identity_model_input_v1,0.97370607437599999,1.812014438944,2.7487170682039999,0.034022970210000003,-0.67504030634300005,-1.0566774002379999,-1.143812833363,-0.083129335880000002
169,1,0.1317945214011218,0.52595436374028626,true,flipguard_tabular_validation_v2,sha256:44297c544c48f190808d427e3fdcbd36a13e1db3e0702982e8c229989cda7564,sha256:4732af06a200e574b79412c23f8a91a98989217b2dc0ffb6e5f48ddd4e9caa36,model_input,identity_model_input_v1,0.49875514869100002,-0.30908022169799998,-0.402342990831,1.085667401851,0.46545117896999999,1.2648854500869999,-0.053647200697999997,-0.083129335880000002
170,1,0.11060619170025321,0.52178400725996565,true,flipguard_tabular_validation_v2,sha256:44297c544c48f190808d427e3fdcbd36a13e1db3e0702982e8c229989cda7564,sha256:4732af06a200e574b79412c23f8a91a98989217b2dc0ffb6e5f48ddd4e9caa36,model_input,identity_model_input_v1,0.49875514869100002,-0.30908022169799998,-0.402342990831,0.91039332991099997,1.035696921627,1.110114593399,-0.98807488584000003,-0.083129335880000002
171,0,-0.15053940077074035,0.47035738421071577,false,flipguard_tabular_validation_v2,sha256:44297c544c48f190808d427e3fdcbd36a13e1db3e0702982e8c229989cda7564,sha256:4732af06a200e574b79412c23f8a91a98989217b2dc0ffb6e5f48ddd4e9caa36,model_input,identity_model_input_v1,0.73623061153400005,-0.30908022169799998,-0.402342990831,-1.7187177491929999,-0.67504030634300005,-1.0566774002379999,-1.143812833363,-0.083129335880000002
173,1,0.1988209629619988,0.53913629231154003,true,flipguard_tabular_validation_v2,sha256:44297c544c48f190808d427e3fdcbd36a13e1db3e0702982e8c229989cda7564,sha256:4732af06a200e574b79412c23f8a91a98989217b2dc0ffb6e5f48ddd4e9caa36,model_input,identity_model_input_v1,-2.350950405421,-0.66259599847100004,-0.402342990831,0.034022970210000003,0.46545117896999999,1.419656306776,1.347994327014,-0.083129335880000002
177,0,-0.039919499161659981,0.49213611312264538,false,flipguard_tabular_validation_v2,sha256:44297c544c48f190808d427e3fdcbd36a13e1db3e0702982e8c229989cda7564,sha256:4732af06a200e574b79412c23f8a91a98989217b2dc0ffb6e5f48ddd4e9caa36,model_input,identity_model_input_v1,0.97370607437599999,-0.83935388685800005,-0.402342990831,0.73511925797099997,-0.67504030634300005,-1.0566774002379999,-1.143812833363,-0.083129335880000002
179,1,0.0076663882193846161,0.50151027667689663,true,flipguard_tabular_validation_v2,sha256:44297c544c48f190808d427e3fdcbd36a13e1db3e0702982e8c229989cda7564,sha256:4732af06a200e574b79412c23f8a91a98989217b2dc0ffb6e5f48ddd4e9caa36,model_input,identity_model_input_v1,0.26127968584799999,-1.016111775245,-0.402342990831,0.91039332991099997,-0.67504030634300005,-1.0566774002379999,-0.053647200697999997,-0.083129335880000002
180,1,0.20959738807259659,0.5412538541043117,true,flipguard_tabular_validation_v2,sha256:44297c544c48f190808d427e3fdcbd36a13e1db3e0702982e8c229989cda7564,sha256:4732af06a200e574b79412c23f8a91a98989217b2dc0ffb6e5f48ddd4e9caa36,model_input,identity_model_input_v1,0.49875514869100002,-1.016111775245,-0.402342990831,1.085667401851,2.1761884069409998,1.110114593399,1.347994327014,-0.083129335880000002
181,0,-0.10007493891959827,0.48028924603225021,false,flipguard_tabular_validation_v2,sha256:44297c544c48f190808d427e3fdcbd36a13e1db3e0702982e8c229989cda7564,sha256:4732af06a200e574b79412c23f8a91a98989217b2dc0ffb6e5f48ddd4e9caa36,model_input,identity_model_input_v1,0.26127968584799999,0.75146710862300004,-0.087236984928,0.91039332991099997,-0.67504030634300005,-1.0566774002379999,-1.143812833363,-0.083129335880000002
184,0,-0.030736126557594182,0.49394509921499397,false,flipguard_tabular_validation_v2,sha256:44297c544c48f190808d427e3fdcbd36a13e1db3e0702982e8c229989cda7564,sha256:4732af06a200e574b79412c23f8a91a98989217b2dc0ffb6e5f48ddd4e9caa36,model_input,identity_model_input_v1,0.26127968584799999,-1.016111775245,-0.402342990831,0.38457111409,-0.67504030634300005,-1.0566774002379999,-1.143812833363,-0.083129335880000002
187,1,0.15865676095618303,0.5312394070968578,true,flipguard_tabular_validation_v2,sha256:44297c544c48f190808d427e3fdcbd36a13e1db3e0702982e8c229989cda7564,sha256:4732af06a200e574b79412c23f8a91a98989217b2dc0ffb6e5f48ddd4e9caa36,model_input,identity_model_input_v1,-2.5884258682639998,-0.66259599847100004,-0.402342990831,-0.66707331755199994,1.8910655356120001,1.110114593399,-0.20938514822199999,-0.083129335880000002
191,0,-0.24054971548484372,0.45266738288379227,false,flipguard_tabular_validation_v2,sha256:44297c544c48f190808d427e3fdcbd36a13e1db3e0702982e8c229989cda7564,sha256:4732af06a200e574b79412c23f8a91a98989217b2dc0ffb6e5f48ddd4e9caa36,model_input,identity_model_input_v1,0.26127968584799999,1.812014438944,3.0638230741079999,1.085667401851,-0.67504030634300005,-1.0566774002379999,-1.143812833363,-0.083129335880000002
192,0,-0.10835418790315494,0.47865931356881064,false,flipguard_tabular_validation_v2,sha256:44297c544c48f190808d427e3fdcbd36a13e1db3e0702982e8c229989cda7564,sha256:4732af06a200e574b79412c23f8a91a98989217b2dc0ffb6e5f48ddd4e9caa36,model_input,identity_model_input_v1,0.26127968584799999,-0.83935388685800005,-0.402342990831,-1.7187177491929999,-0.67504030634300005,-0.90190654354999999,-1.143812833363,-0.083129335880000002
197,0,-0.15800831600723597,0.46888814148591534,false,flipguard_tabular_validation_v2,sha256:44297c544c48f190808d427e3fdcbd36a13e1db3e0702982e8c229989cda7564,sha256:4732af06a200e574b79412c23f8a91a98989217b2dc0ffb6e5f48ddd4e9caa36,model_input,identity_model_input_v1,0.97370607437599999,1.812014438944,0.85808103278299996,0.55984518603,1.3208197929550001,-1.0566774002379999,-0.52086104326899996,-0.083129335880000002
199,1,0.06183267117515831,0.51218009060723779,true,flipguard_tabular_validation_v2,sha256:44297c544c48f190808d427e3fdcbd36a13e1db3e0702982e8c229989cda7564,sha256:4732af06a200e574b79412c23f8a91a98989217b2dc0ffb6e5f48ddd4e9caa36,model_input,identity_model_input_v1,0.97370607437599999,0.75146710862300004,-0.402342990831,0.20929704215,1.605942664284,1.110114593399,0.41356664187300002,-0.083129335880000002
201,0,-0.18463568673518627,0.46365194688416467,false,flipguard_tabular_validation_v2,sha256:44297c544c48f190808d427e3fdcbd36a13e1db3e0702982e8c229989cda7564,sha256:4732af06a200e574b79412c23f8a91a98989217b2dc0ffb6e5f48ddd4e9caa36,model_input,identity_model_input_v1,0.023804223005999998,1.812014438944,1.48829304459,-1.7187177491929999,1.8910655356120001,-0.43759397348500001,0.25782869434900002,-0.083129335880000002
204,1,0.16622716626972889,0.53272837935076878,true,flipguard_tabular_validation_v2,sha256:44297c544c48f190808d427e3fdcbd36a13e1db3e0702982e8c229989cda7564,sha256:4732af06a200e574b79412c23f8a91a98989217b2dc0ffb6e5f48ddd4e9caa36,model_input,identity_model_input_v1,-1.163573091208,-1.016111775245,-0.402342990831,0.20929704215,1.605942664284,0.800572880022,0.41356664187300002,-0.083129335880000002
206,0,-0.048546939458940168,0.49043671058933164,false,flipguard_tabular_validation_v2,sha256:44297c544c48f190808d427e3fdcbd36a13e1db3e0702982e8c229989cda7564,sha256:4732af06a200e574b79412c23f8a91a98989217b2dc0ffb6e5f48ddd4e9caa36,model_input,identity_model_input_v1,0.023804223005999998,0.044435555076,-0.402342990831,0.91039332991099997,-0.38991743501499998,-1.0566774002379999,-1.143812833363,-0.083129335880000002
208,0,-0.072948803387912237,0.48563063852895588,false,flipguard_tabular_validation_v2,sha256:44297c544c48f190808d427e3fdcbd36a13e1db3e0702982e8c229989cda7564,sha256:4732af06a200e574b79412c23f8a91a98989217b2dc0ffb6e5f48ddd4e9caa36,model_input,identity_model_input_v1,0.023804223005999998,-0.13232233331099999,-0.402342990831,-1.7187177491929999,-0.67504030634300005,0.18148945326900001,-1.143812833363,-0.083129335880000002
211,0,-0.26333626753887673,0.44819580055133357,false,flipguard_tabular_validation_v2,sha256:44297c544c48f190808d427e3fdcbd36a13e1db3e0702982e8c229989cda7564,sha256:4732af06a200e574b79412c23f8a91a98989217b2dc0ffb6e5f48ddd4e9caa36,model_input,identity_model_input_v1,0.023804223005999998,1.812014438944,1.803399050493,-1.7187177491929999,-0.67504030634300005,-0.59236483017300001,-0.52086104326899996,-0.083129335880000002
212,0,-0.036478338208966898,0.49281396153523194,false,flipguard_tabular_validation_v2,sha256:44297c544c48f190808d427e3fdcbd36a13e1db3e0702982e8c229989cda7564,sha256:4732af06a200e574b79412c23f8a91a98989217b2dc0ffb6e5f48ddd4e9caa36,model_input,identity_model_input_v1,0.73623061153400005,-0.66259599847100004,-0.402342990831,0.91039332991099997,-0.67504030634300005,-1.0566774002379999,-1.143812833363,-0.083129335880000002
214,1,-0.05422599511126823,0.48931811676024306,false,flipguard_tabular_validation_v2,sha256:44297c544c48f190808d427e3fdcbd36a13e1db3e0702982e8c229989cda7564,sha256:4732af06a200e574b79412c23f8a91a98989217b2dc0ffb6e5f48ddd4e9caa36,model_input,identity_model_input_v1,0.97370607437599999,0.044435555076,-0.402342990831,-0.141251101731,-0.67504030634300005,-0.74713568686200005,1.1922563794909999,-0.083129335880000002
215,0,-0.03800327214793487,0.49251357493156145,false,flipguard_tabular_validation_v2,sha256:44297c544c48f190808d427e3fdcbd36a13e1db3e0702982e8c229989cda7564,sha256:4732af06a200e574b79412c23f8a91a98989217b2dc0ffb6e5f48ddd4e9caa36,model_input,identity_model_input_v1,0.26127968584799999,1.812014438944,0.85808103278299996,-0.84234738949200005,1.8910655356120001,0.95534373671100004,1.347994327014,-0.083129335880000002
216,0,-0.11088790627871105,0.47816053643054396,false,flipguard_tabular_validation_v2,sha256:44297c544c48f190808d427e3fdcbd36a13e1db3e0702982e8c229989cda7564,sha256:4732af06a200e574b79412c23f8a91a98989217b2dc0ffb6e5f48ddd4e9caa36,model_input,identity_model_input_v1,0.97370607437599999,-0.30908022169799998,-0.402342990831,-1.7187177491929999,-0.67504030634300005,-0.28282311679599997,-1.143812833363,-0.083129335880000002
219,1,0.073396149481767953,0.5144574599092181,true,flipguard_tabular_validation_v2,sha256:44297c544c48f190808d427e3fdcbd36a13e1db3e0702982e8c229989cda7564,sha256:4732af06a200e574b79412c23f8a91a98989217b2dc0ffb6e5f48ddd4e9caa36,model_input,identity_model_input_v1,0.73623061153400005,0.75146710862300004,-0.402342990831,0.55984518603,1.605942664284,1.419656306776,-0.98807488584000003,-0.083129335880000002
224,1,0.091169646989521361,0.51795738928332768,true,flipguard_tabular_validation_v2,sha256:44297c544c48f190808d427e3fdcbd36a13e1db3e0702982e8c229989cda7564,sha256:4732af06a200e574b79412c23f8a91a98989217b2dc0ffb6e5f48ddd4e9caa36,model_input,identity_model_input_v1,0.26127968584799999,-0.30908022169799998,-0.402342990831,1.085667401851,0.46545117896999999,0.800572880022,-1.143812833363,-0.083129335880000002
226,0,0.01634620214683432,0.50322018435221505,true,flipguard_tabular_validation_v2,sha256:44297c544c48f190808d427e3fdcbd36a13e1db3e0702982e8c229989cda7564,sha256:4732af06a200e574b79412c23f8a91a98989217b2dc0ffb6e5f48ddd4e9caa36,model_input,identity_model_input_v1,-0.21367123983700001,-0.13232233331099999,-0.402342990831,-0.84234738949200005,-0.67504030634300005,0.33626030995700001,1.347994327014,-0.083129335880000002
227,1,0.1190608137855917,0.52344822934027124,true,flipguard_tabular_validation_v2,sha256:44297c544c48f190808d427e3fdcbd36a13e1db3e0702982e8c229989cda7564,sha256:4732af06a200e574b79412c23f8a91a98989217b2dc0ffb6e5f48ddd4e9caa36,model_input,identity_model_input_v1,-1.638524016893,-1.016111775245,-0.402342990831,-1.7187177491929999,-0.104794563686,1.419656306776,1.036518431967,-0.083129335880000002
228,0,-0.072079399068514502,0.48580185632020878,false,flipguard_tabular_validation_v2,sha256:44297c544c48f190808d427e3fdcbd36a13e1db3e0702982e8c229989cda7564,sha256:4732af06a200e574b79412c23f8a91a98989217b2dc0ffb6e5f48ddd4e9caa36,model_input,identity_model_input_v1,-0.68862216552199995,0.044435555076,-0.402342990831,0.034022970210000003,-0.67504030634300005,-1.0566774002379999,-1.143812833363,-0.083129335880000002
229,0,-0.15533312155548185,0.46941436679906656,false,flipguard_tabular_validation_v2,sha256:44297c544c48f190808d427e3fdcbd36a13e1db3e0702982e8c229989cda7564,sha256:4732af06a200e574b79412c23f8a91a98989217b2dc0ffb6e5f48ddd4e9caa36,model_input,identity_model_input_v1,0.97370607437599999,-0.30908022169799998,-0.402342990831,-1.7187177491929999,-0.67504030634300005,-1.0566774002379999,-1.143812833363,-0.083129335880000002
230,1,0.23843552882483643,0.54691757750728398,true,flipguard_tabular_validation_v2,sha256:44297c544c48f190808d427e3fdcbd36a13e1db3e0702982e8c229989cda7564,sha256:4732af06a200e574b79412c23f8a91a98989217b2dc0ffb6e5f48ddd4e9caa36,model_input,identity_model_input_v1,0.97370607437599999,-1.016111775245,-0.402342990831,1.085667401851,3.3166798922540002,1.419656306776,1.347994327014,-0.083129335880000002
233,0,0.13391726108879315,0.52637209383540529,true,flipguard_tabular_validation_v2,sha256:44297c544c48f190808d427e3fdcbd36a13e1db3e0702982e8c229989cda7564,sha256:4732af06a200e574b79412c23f8a91a98989217b2dc0ffb6e5f48ddd4e9caa36,model_input,identity_model_input_v1,0.97370607437599999,0.397951331849,-0.402342990831,1.085667401851,1.035696921627,1.419656306776,1.347994327014,-0.083129335880000002
237,1,0.098457134467337781,0.51939223779209931,true,flipguard_tabular_validation_v2,sha256:44297c544c48f190808d427e3fdcbd36a13e1db3e0702982e8c229989cda7564,sha256:4732af06a200e574b79412c23f8a91a98989217b2dc0ffb6e5f48ddd4e9caa36,model_input,identity_model_input_v1,0.73623061153400005,-1.016111775245,-0.402342990831,0.91039332991099997,1.035696921627,-0.128052260108,0.88078048444299994,-0.083129335880000002
241,0,-0.10440672892383494,0.4794364268548888,false,flipguard_tabular_validation_v2,sha256:44297c544c48f190808d427e3fdcbd36a13e1db3e0702982e8c229989cda7564,sha256:4732af06a200e574b79412c23f8a91a98989217b2dc0ffb6e5f48ddd4e9caa36,model_input,identity_model_input_v1,-0.45114670268000001,1.281740773783,3.3789290800109999,-0.66707331755199994,-0.67504030634300005,1.2648854500869999,1.1922563794909999,-0.083129335880000002
242,0,-0.11430622377879589,0.47748764797618432,false,flipguard_tabular_validation_v2,sha256:44297c544c48f190808d427e3fdcbd36a13e1db3e0702982e8c229989cda7564,sha256:4732af06a200e574b79412c23f8a91a98989217b2dc0ffb6e5f48ddd4e9caa36,model_input,identity_model_input_v1,-2.350950405421,1.281740773783,1.48829304459,1.085667401851,-0.67504030634300005,-1.0566774002379999,-1.143812833363,-0.083129335880000002
243,0,-0.21290736696634377,0.45809585268554254,false,flipguard_tabular_validation_v2,sha256:44297c544c48f190808d427e3fdcbd36a13e1db3e0702982e8c229989cda7564,sha256:4732af06a200e574b79412c23f8a91a98989217b2dc0ffb6e5f48ddd4e9caa36,model_input,identity_model_input_v1,-2.5884258682639998,1.812014438944,4.0091410918179999,1.085667401851,-0.67504030634300005,-1.0566774002379999,-1.143812833363,-0.083129335880000002
244,1,0.1556481811395915,0.53064760853132953,true,flipguard_tabular_validation_v2,sha256:44297c544c48f190808d427e3fdcbd36a13e1db3e0702982e8c229989cda7564,sha256:4732af06a200e574b79412c23f8a91a98989217b2dc0ffb6e5f48ddd4e9caa36,model_input,identity_model_input_v1,-0.45114670268000001,-1.016111775245,-0.402342990831,0.20929704215,1.035696921627,1.419656306776,-0.83233693831599997,-0.083129335880000002
247,0,-0.005536989563073285,0.49890921373509228,false,flipguard_tabular_validation_v2,sha256:44297c544c48f190808d427e3fdcbd36a13e1db3e0702982e8c229989cda7564,sha256:4732af06a200e574b79412c23f8a91a98989217b2dc0ffb6e5f48ddd4e9caa36,model_input,identity_model_input_v1,0.97370607437599999,-1.016111775245,-0.402342990831,-1.3681696053129999,-0.67504030634300005,0.02671859658,1.347994327014,-0.083129335880000002
250,1,0.012507604492363524,0.50246399025822852,true,flipguard_tabular_validation_v2,sha256:44297c544c48f190808d427e3fdcbd36a13e1db3e0702982e8c229989cda7564,sha256:4732af06a200e574b79412c23f8a91a98989217b2dc0ffb6e5f48ddd4e9caa36,model_input,identity_model_input_v1,-2.1134749425789998,0.75146710862300004,-0.402342990831,-1.7187177491929999,-0.67504030634300005,1.419656306776,-0.52086104326899996,-0.083129335880000002
253,1,0.16299112354472967,0.53209193118022013,true,flipguard_tabular_validation_v2,sha256:44297c544c48f190808d427e3fdcbd36a13e1db3e0702982e8c229989cda7564,sha256:4732af06a200e574b79412c23f8a91a98989217b2dc0ffb6e5f48ddd4e9caa36,model_input,identity_model_input_v1,0.26127968584799999,-1.016111775245,-0.402342990831,0.55984518603,0.180328307642,1.419656306776,0.56930458939600004,-0.083129335880000002
254,0,-0.15034778138323268,0.47039508118635831,false,flipguard_tabular_validation_v2,sha256:44297c544c48f190808d427e3fdcbd36a13e1db3e0702982e8c229989cda7564,sha256:4732af06a200e574b79412c23f8a91a98989217b2dc0ffb6e5f48ddd4e9caa36,model_input,identity_model_input_v1,0.97370607437599999,0.75146710862300004,-0.402342990831,-0.31652517367100003,-0.67504030634300005,-1.0566774002379999,-1.143812833363,-0.083129335880000002
255,1,0.20335412176060247,0.54002712485713766,true,flipguard_tabular_validation_v2,sha256:44297c544c48f190808d427e3fdcbd36a13e1db3e0702982e8c229989cda7564,sha256:4732af06a200e574b79412c23f8a91a98989217b2dc0ffb6e5f48ddd4e9caa36,model_input,identity_model_input_v1,-0.21367123983700001,-1.016111775245,-0.402342990831,0.55984518603,2.1761884069409998,1.419656306776,0.25782869434900002,-0.083129335880000002
256,1,0.13384133928802866,0.52635715357022006,true,flipguard_tabular_validation_v2,sha256:44297c544c48f190808d427e3fdcbd36a13e1db3e0702982e8c229989cda7564,sha256:4732af06a200e574b79412c23f8a91a98989217b2dc0ffb6e5f48ddd4e9caa36,model_input,identity_model_input_v1,0.73623061153400005,-1.016111775245,-0.402342990831,1.085667401851,1.605942664284,0.800572880022,-1.143812833363,-0.083129335880000002
257,0,-0.012437637642974911,0.49754979308048691,false,flipguard_tabular_validation_v2,sha256:44297c544c48f190808d427e3fdcbd36a13e1db3e0702982e8c229989cda7564,sha256:4732af06a200e574b79412c23f8a91a98989217b2dc0ffb6e5f48ddd4e9caa36,model_input,identity_model_input_v1,0.26127968584799999,-0.83935388685800005,-0.402342990831,1.085667401851,-0.67504030634300005,-1.0566774002379999,-1.143812833363,-0.083129335880000002
259,0,-0.083683345116516109,0.48351672511718946,false,flipguard_tabular_validation_v2,sha256:44297c544c48f190808d427e3fdcbd36a13e1db3e0702982e8c229989cda7564,sha256:4732af06a200e574b79412c23f8a91a98989217b2dc0ffb6e5f48ddd4e9caa36,model_input,identity_model_input_v1,0.73623061153400005,-0.485838110085,-0.402342990831,-0.141251101731,-0.67504030634300005,-1.0566774002379999,-1.143812833363,-0.083129335880000002
261,1,0.22857179983060516,0.54498087757002367,true,flipguard_tabular_validation_v2,sha256:44297c544c48f190808d427e3fdcbd36a13e1db3e0702982e8c229989cda7564,sha256:4732af06a200e574b79412c23f8a91a98989217b2dc0ffb6e5f48ddd4e9caa36,model_input,identity_model_input_v1,-1.163573091208,-1.016111775245,-0.402342990831,0.91039332991099997,0.75057405029900004,1.419656306776,1.347994327014,-0.083129335880000002
264,1,0.11303960121671812,0.52226302378155143,true,flipguard_tabular_validation_v2,sha256:44297c544c48f190808d427e3fdcbd36a13e1db3e0702982e8c229989cda7564,sha256:4732af06a200e574b79412c23f8a91a98989217b2dc0ffb6e5f48ddd4e9caa36,model_input,identity_model_input_v1,0.023804223005999998,-1.016111775245,-0.402342990831,0.73511925797099997,-0.104794563686,0.95534373671100004,-1.143812833363,-0.083129335880000002
266,0,-0.13695166407866882,0.47303079670573989,false,flipguard_tabular_validation_v2,sha256:44297c544c48f190808d427e3fdcbd36a13e1db3e0702982e8c229989cda7564,sha256:4732af06a200e574b79412c23f8a91a98989217b2dc0ffb6e5f48ddd4e9caa36,model_input,identity_model_input_v1,-2.825901331107,1.45849866217,2.7487170682039999,-0.141251101731,0.75057405029900004,-0.43759397348500001,-1.143812833363,-0.083129335880000002
267,0,-0.11838411705473932,0.47668496545871847,false,flipguard_tabular_validation_v2,sha256:44297c544c48f190808d427e3fdcbd36a13e1db3e0702982e8c229989cda7564,sha256:4732af06a200e574b79412c23f8a91a98989217b2dc0ffb6e5f48ddd4e9caa36,model_input,identity_model_input_v1,0.73623061153400005,1.812014438944,-0.087236984928,1.085667401851,-0.67504030634300005,-1.0566774002379999,0.72504253691999998,-0.083129335880000002
268,0,-0.063700324046632006,0.48745207007800412,false,flipguard_tabular_validation_v2,sha256:44297c544c48f190808d427e3fdcbd36a13e1db3e0702982e8c229989cda7564,sha256:4732af06a200e574b79412c23f8a91a98989217b2dc0ffb6e5f48ddd4e9caa36,model_input,identity_model_input_v1,0.26127968584799999,-0.13232233331099999,-0.402342990831,0.55984518603,-0.67504030634300005,-1.0566774002379999,-1.143812833363,-0.083129335880000002
269,1,0.15297327420718981,0.53012141621699405,true,flipguard_tabular_validation_v2,sha256:44297c544c48f190808d427e3fdcbd36a13e1db3e0702982e8c229989cda7564,sha256:4732af06a200e574b79412c23f8a91a98989217b2dc0ffb6e5f48ddd4e9caa36,model_input,identity_model_input_v1,0.49875514869100002,-0.83935388685800005,-0.402342990831,0.55984518603,0.180328307642,1.419656306776,0.72504253691999998,-0.083129335880000002
270,0,-0.1285918378004855,0.47467591346019761,false,flipguard_tabular_validation_v2,sha256:44297c544c48f190808d427e3fdcbd36a13e1db3e0702982e8c229989cda7564,sha256:4732af06a200e574b79412c23f8a91a98989217b2dc0ffb6e5f48ddd4e9caa36,model_input,identity_model_input_v1,-2.825901331107,1.45849866217,0.54297502687900001,-0.141251101731,-0.67504030634300005,-1.0566774002379999,-1.143812833363,-0.083129335880000002
272,1,0.15101042929222586,0.5297352799127919,true,flipguard_tabular_validation_v2,sha256:44297c544c48f190808d427e3fdcbd36a13e1db3e0702982e8c229989cda7564,sha256:4732af06a200e574b79412c23f8a91a98989217b2dc0ffb6e5f48ddd4e9caa36,model_input,identity_model_input_v1,0.73623061153400005,-0.66259599847100004,-0.402342990831,0.73511925797099997,1.8910655356120001,1.419656306776,-0.83233693831599997,-0.083129335880000002
273,0,-0.27066491795062092,0.44675832626758222,false,flipguard_tabular_validation_v2,sha256:44297c544c48f190808d427e3fdcbd36a13e1db3e0702982e8c229989cda7564,sha256:4732af06a200e574b79412c23f8a91a98989217b2dc0ffb6e5f48ddd4e9caa36,model_input,identity_model_input_v1,0.97370607437599999,1.812014438944,4.324247097722,1.085667401851,-0.67504030634300005,-1.0566774002379999,0.25782869434900002,-0.083129335880000002
275,0,-0.070250673628842117,0.48616200408757382,false,flipguard_tabular_validation_v2,sha256:44297c544c48f190808d427e3fdcbd36a13e1db3e0702982e8c229989cda7564,sha256:4732af06a200e574b79412c23f8a91a98989217b2dc0ffb6e5f48ddd4e9caa36,model_input,identity_model_input_v1,0.26127968584799999,-0.13232233331099999,-0.402342990831,0.38457111409,-0.67504030634300005,-1.0566774002379999,-1.143812833363,-0.083129335880000002
279,1,0.21287645734724026,0.54189807493048159,true,flipguard_tabular_validation_v2,sha256:44297c544c48f190808d427e3fdcbd36a13e1db3e0702982e8c229989cda7564,sha256:4732af06a200e574b79412c23f8a91a98989217b2dc0ffb6e5f48ddd4e9caa36,model_input,identity_model_input_v1,-0.21367123983700001,-1.016111775245,-0.402342990831,0.38457111409,2.1761884069409998,1.419656306776,1.1922563794909999,-0.083129335880000002
281,0,-0.020961823921319865,0.49587055752983922,false,flipguard_tabular_validation_v2,sha256:44297c544c48f190808d427e3fdcbd36a13e1db3e0702982e8c229989cda7564,sha256:4732af06a200e574b79412c23f8a91a98989217b2dc0ffb6e5f48ddd4e9caa36,model_input,identity_model_input_v1,-2.825901331107,0.22119344346299999,-0.402342990831,0.034022970210000003,-0.38991743501499998,-1.0566774002379999,-0.52086104326899996,-0.083129335880000002
283,0,-0.016049393348801667,0.49683828604649138,false,flipguard_tabular_validation_v2,sha256:44297c544c48f190808d427e3fdcbd36a13e1db3e0702982e8c229989cda7564,sha256:4732af06a200e574b79412c23f8a91a98989217b2dc0ffb6e5f48ddd4e9caa36,model_input,identity_model_input_v1,-2.825901331107,1.45849866217,0.54297502687900001,-1.7187177491929999,-0.38991743501499998,1.419656306776,0.25782869434900002,-0.083129335880000002
285,0,-0.28370866864712946,0.44420073581020786,false,flipguard_tabular_validation_v2,sha256:44297c544c48f190808d427e3fdcbd36a13e1db3e0702982e8c229989cda7564,sha256:4732af06a200e574b79412c23f8a91a98989217b2dc0ffb6e5f48ddd4e9caa36,model_input,identity_model_input_v1,0.73623061153400005,1.812014438944,1.48829304459,-1.7187177491929999,-0.67504030634300005,-1.0566774002379999,0.10209074682499999,-0.083129335880000002
287,1,0.14944285718415895,0.52942689273579679,true,flipguard_tabular_validation_v2,sha256:44297c544c48f190808d427e3fdcbd36a13e1db3e0702982e8c229989cda7564,sha256:4732af06a200e574b79412c23f8a91a98989217b2dc0ffb6e5f48ddd4e9caa36,model_input,identity_model_input_v1,0.023804223005999998,-1.016111775245,-0.402342990831,0.91039332991099997,0.75057405029900004,0.64580202333400005,0.72504253691999998,-0.083129335880000002
289,1,-0.11218579414403319,0.47790504627926617,false,flipguard_tabular_validation_v2,sha256:44297c544c48f190808d427e3fdcbd36a13e1db3e0702982e8c229989cda7564,sha256:4732af06a200e574b79412c23f8a91a98989217b2dc0ffb6e5f48ddd4e9caa36,model_input,identity_model_input_v1,0.97370607437599999,0.044435555076,-0.402342990831,-0.141251101731,-0.67504030634300005,-1.0566774002379999,-1.143812833363,-0.083129335880000002
292,1,-0.043338090766752449,0.49146272170764382,false,flipguard_tabular_validation_v2,sha256:44297c544c48f190808d427e3fdcbd36a13e1db3e0702982e8c229989cda7564,sha256:4732af06a200e574b79412c23f8a91a98989217b2dc0ffb6e5f48ddd4e9caa36,model_input,identity_model_input_v1,0.97370607437599999,-1.016111775245,-0.402342990831,-0.141251101731,-0.67504030634300005,-1.0566774002379999,0.10209074682499999,-0.083129335880000002
293,0,-0.072907836695112402,0.48563870635284151,false,flipguard_tabular_validation_v2,sha256:44297c544c48f190808d427e3fdcbd36a13e1db3e0702982e8c229989cda7564,sha256:4732af06a200e574b79412c23f8a91a98989217b2dc0ffb6e5f48ddd4e9caa36,model_input,identity_model_input_v1,0.49875514869100002,0.57470922023600002,-0.402342990831,0.73511925797099997,0.46545117896999999,-1.0566774002379999,-1.143812833363,-0.083129335880000002
294,0,-0.1959369179541679,0.46143051623606884,false,flipguard_tabular_validation_v2,sha256:44297c544c48f190808d427e3fdcbd36a13e1db3e0702982e8c229989cda7564,sha256:4732af06a200e574b79412c23f8a91a98989217b2dc0ffb6e5f48ddd4e9caa36,model_input,identity_model_input_v1,-0.92609762836499998,0.57470922023600002,3.3789290800109999,0.20929704215,-0.67504030634300005,-1.0566774002379999,-0.67659899079300001,-0.083129335880000002
295,0,0.0082953351404318736,0.50163417873937133,true,flipguard_tabular_validation_v2,sha256:44297c544c48f190808d427e3fdcbd36a13e1db3e0702982e8c229989cda7564,sha256:4732af06a200e574b79412c23f8a91a98989217b2dc0ffb6e5f48ddd4e9caa36,model_input,identity_model_input_v1,0.023804223005999998,-1.016111775245,-0.402342990831,1.085667401851,-0.67504030634300005,-1.0566774002379999,-0.67659899079300001,-0.083129335880000002
302,1,0.10401417374387567,0.52048629093165422,true,flipguard_tabular_validation_v2,sha256:44297c544c48f190808d427e3fdcbd36a13e1db3e0702982e8c229989cda7564,sha256:4732af06a200e574b79412c23f8a91a98989217b2dc0ffb6e5f48ddd4e9caa36,model_input,identity_model_input_v1,-0.21367123983700001,1.104982885396,-0.087236984928,0.91039332991099997,1.605942664284,1.419656306776,0.41356664187300002,-0.083129335880000002
303,1,0.13960259197219921,0.52749082782381473,true,flipguard_tabular_validation_v2,sha256:44297c544c48f190808d427e3fdcbd36a13e1db3e0702982e8c229989cda7564,sha256:4732af06a200e574b79412c23f8a91a98989217b2dc0ffb6e5f48ddd4e9caa36,model_input,identity_model_input_v1,0.26127968584799999,-0.83935388685800005,-0.402342990831,0.55984518603,-0.67504030634300005,1.419656306776,0.56930458939600004,-0.083129335880000002
306,1,0.06328517833516932,0.51246616629997888,true,flipguard_tabular_validation_v2,sha256:44297c544c48f190808d427e3fdcbd36a13e1db3e0702982e8c229989cda7564,sha256:4732af06a200e574b79412c23f8a91a98989217b2dc0ffb6e5f48ddd4e9caa36,model_input,identity_model_input_v1,0.26127968584799999,0.397951331849,-0.402342990831,1.085667401851,0.180328307642,0.95534373671100004,-1.143812833363,-0.083129335880000002
307,1,0.13273687948402163,0.52613981045199598,true,flipguard_tabular_validation_v2,sha256:44297c544c48f190808d427e3fdcbd36a13e1db3e0702982e8c229989cda7564,sha256:4732af06a200e574b79412c23f8a91a98989217b2dc0ffb6e5f48ddd4e9caa36,model_input,identity_model_input_v1,0.023804223005999998,-1.016111775245,-0.402342990831,1.085667401851,0.75057405029900004,0.800572880022,-1.143812833363,-0.083129335880000002
310,1,0.044793148602303261,0.50882389077807288,true,flipguard_tabular_validation_v2,sha256:44297c544c48f190808d427e3fdcbd36a13e1db3e0702982e8c229989cda7564,sha256:4732af06a200e574b79412c23f8a91a98989217b2dc0ffb6e5f48ddd4e9caa36,model_input,identity_model_input_v1,0.97370607437599999,0.044435555076,-0.402342990831,0.55984518603,-0.67504030634300005,0.800572880022,0.25782869434900002,-0.083129335880000002
313,0,-0.044453344265384498,0.49124304255670098,false,flipguard_tabular_validation_v2,sha256:44297c544c48f190808d427e3fdcbd36a13e1db3e0702982e8c229989cda7564,sha256:4732af06a200e574b79412c23f8a91a98989217b2dc0ffb6e5f48ddd4e9caa36,model_input,identity_model_input_v1,0.023804223005999998,-0.30908022169799998,-0.402342990831,0.73511925797099997,-0.67504030634300005,-1.0566774002379999,-1.143812833363,-0.083129335880000002
316,0,-0.22119956794299872,0.45646697763005806,false,flipguard_tabular_validation_v2,sha256:44297c544c48f190808d427e3fdcbd36a13e1db3e0702982e8c229989cda7564,sha256:4732af06a200e574b79412c23f8a91a98989217b2dc0ffb6e5f48ddd4e9caa36,model_input,identity_model_input_v1,-0.92609762836499998,1.281740773783,4.324247097722,0.55984518603,0.75057405029900004,-1.0566774002379999,-0.83233693831599997,-0.083129335880000002
317,1,-0.0043535113141039798,0.49914235860117095,false,flipguard_tabular_validation_v2,sha256:44297c544c48f190808d427e3fdcbd36a13e1db3e0702982e8c229989cda7564,sha256:4732af06a200e574b79412c23f8a91a98989217b2dc0ffb6e5f48ddd4e9caa36,model_input,identity_model_input_v1,0.73623061153400005,-1.016111775245,-0.402342990831,0.034022970210000003,-0.67504030634300005,-0.90190654354999999,1.1922563794909999,-0.083129335880000002
318,0,-0.22353986398112674,0.45600732800702698,false,flipguard_tabular_validation_v2,sha256:44297c544c48f190808d427e3fdcbd36a13e1db3e0702982e8c229989cda7564,sha256:4732af06a200e574b79412c23f8a91a98989217b2dc0ffb6e5f48ddd4e9caa36,model_input,identity_model_input_v1,0.97370607437599999,1.812014438944,2.7487170682039999,1.085667401851,-0.67504030634300005,-1.0566774002379999,0.10209074682499999,-0.083129335880000002
320,0,0.019071935393213092,0.50375714352365752,true,flipguard_tabular_validation_v2,sha256:44297c544c48f190808d427e3fdcbd36a13e1db3e0702982e8c229989cda7564,sha256:4732af06a200e574b79412c23f8a91a98989217b2dc0ffb6e5f48ddd4e9caa36,model_input,identity_model_input_v1,0.26127968584799999,0.397951331849,-0.402342990831,-1.543443677253,-0.67504030634300005,1.419656306776,1.347994327014,-0.083129335880000002
321,1,0.076135192518822156,0.51499686763506558,true,flipguard_tabular_validation_v2,sha256:44297c544c48f190808d427e3fdcbd36a13e1db3e0702982e8c229989cda7564,sha256:4732af06a200e574b79412c23f8a91a98989217b2dc0ffb6e5f48ddd4e9caa36,model_input,identity_model_input_v1,-0.21367123983700001,0.75146710862300004,-0.402342990831,0.91039332991099997,0.46545117896999999,1.2648854500869999,-0.98807488584000003,-0.083129335880000002
326,0,-0.13980302843135672,0.47246973313645951,false,flipguard_tabular_validation_v2,sha256:44297c544c48f190808d427e3fdcbd36a13e1db3e0702982e8c229989cda7564,sha256:4732af06a200e574b79412c23f8a91a98989217b2dc0ffb6e5f48ddd4e9caa36,model_input,identity_model_input_v1,0.73623061153400005,1.45849866217,-0.087236984928,-1.7187177491929999,-0.67504030634300005,0.02671859658,1.036518431967,-0.083129335880000002
328,1,-0.025473453731299372,0.49498179573350903,false,flipguard_tabular_validation_v2,sha256:44297c544c48f190808d427e3fdcbd36a13e1db3e0702982e8c229989cda7564,sha256:4732af06a200e574b79412c23f8a91a98989217b2dc0ffb6e5f48ddd4e9caa36,model_input,identity_model_input_v1,0.97370607437599999,-0.83935388685800005,-0.402342990831,-0.66707331755199994,-0.67504030634300005,-0.59236483017300001,1.1922563794909999,-0.083129335880000002
329,0,-0.08566485186962898,0.48312653877638428,false,flipguard_tabular_validation_v2,sha256:44297c544c48f190808d427e3fdcbd36a13e1db3e0702982e8c229989cda7564,sha256:4732af06a200e574b79412c23f8a91a98989217b2dc0ffb6e5f48ddd4e9caa36,model_input,identity_model_input_v1,0.97370607437599999,-0.30908022169799998,-0.402342990831,-0.141251101731,-0.67504030634300005,-1.0566774002379999,-0.52086104326899996,-0.083129335880000002
330,1,0.1849063557401171,0.53640126402103616,true,flipguard_tabular_validation_v2,sha256:44297c544c48f190808d427e3fdcbd36a13e1db3e0702982e8c229989cda7564,sha256:4732af06a200e574b79412c23f8a91a98989217b2dc0ffb6e5f48ddd4e9caa36,model_input,identity_model_input_v1,0.49875514869100002,-1.016111775245,-0.402342990831,1.085667401851,1.605942664284,1.419656306776,-0.52086104326899996,-0.083129335880000002
333,1,0.14554877921216436,0.52866077602312411,true,flipguard_tabular_validation_v2,sha256:44297c544c48f190808d427e3fdcbd36a13e1db3e0702982e8c229989cda7564,sha256:4732af06a200e574b79412c23f8a91a98989217b2dc0ffb6e5f48ddd4e9caa36,model_input,identity_model_input_v1,0.023804223005999998,-1.016111775245,-0.402342990831,1.085667401851,0.180328307642,1.110114593399,-0.83233693831599997,-0.083129335880000002
334,0,-0.31607500687090612,0.4378595315304003,false,flipguard_tabular_validation_v2,sha256:44297c544c48f190808d427e3fdcbd36a13e1db3e0702982e8c229989cda7564,sha256:4732af06a200e574b79412c23f8a91a98989217b2dc0ffb6e5f48ddd4e9caa36,model_input,identity_model_input_v1,0.97370607437599999,1.812014438944,3.694035085915,-1.7187177491929999,0.180328307642,-0.59236483017300001,0.10209074682499999,-0.083129335880000002
335,1,0.062757020144609876,0.51236214430855642,true,flipguard_tabular_validation_v2,sha256:44297c544c48f190808d427e3fdcbd36a13e1db3e0702982e8c229989cda7564,sha256:4732af06a200e574b79412c23f8a91a98989217b2dc0ffb6e5f48ddd4e9caa36,model_input,identity_model_input_v1,0.49875514869100002,0.044435555076,-0.402342990831,0.73511925797099997,-0.67504030634300005,0.64580202333400005,0.88078048444299994,-0.083129335880000002
336,0,-0.13117902467042836,0.47416676142123937,false,flipguard_tabular_validation_v2,sha256:44297c544c48f190808d427e3fdcbd36a13e1db3e0702982e8c229989cda7564,sha256:4732af06a200e574b79412c23f8a91a98989217b2dc0ffb6e5f48ddd4e9caa36,model_input,identity_model_input_v1,0.26127968584799999,1.812014438944,1.803399050493,1.085667401851,-0.67504030634300005,-0.59236483017300001,1.347994327014,-0.083129335880000002
337,0,-0.12879341262637589,0.47463624328078891,false,flipguard_tabular_validation_v2,sha256:44297c544c48f190808d427e3fdcbd36a13e1db3e0702982e8c229989cda7564,sha256:4732af06a200e574b79412c23f8a91a98989217b2dc0ffb6e5f48ddd4e9caa36,model_input,identity_model_input_v1,-0.92609762836499998,1.281740773783,-0.087236984928,-0.141251101731,-0.104794563686,-1.0566774002379999,-1.143812833363,-0.083129335880000002
341,0,-0.17432933193059075,0.46567831358252237,false,flipguard_tabular_validation_v2,sha256:44297c544c48f190808d427e3fdcbd36a13e1db3e0702982e8c229989cda7564,sha256:4732af06a200e574b79412c23f8a91a98989217b2dc0ffb6e5f48ddd4e9caa36,model_input,identity_model_input_v1,0.023804223005999998,1.812014438944,0.54297502687900001,-1.3681696053129999,0.180328307642,-0.74713568686200005,1.1922563794909999,-0.083129335880000002
343,1,0.13064344459907912,0.52572783944851553,true,flipguard_tabular_validation_v2,sha256:44297c544c48f190808d427e3fdcbd36a13e1db3e0702982e8c229989cda7564,sha256:4732af06a200e574b79412c23f8a91a98989217b2dc0ffb6e5f48ddd4e9caa36,model_input,identity_model_input_v1,0.49875514869100002,-0.83935388685800005,-0.402342990831,0.034022970210000003,0.180328307642,1.419656306776,0.56930458939600004,-0.083129335880000002
346,0,-0.13791172836060434,0.47284188164132035,false,flipguard_tabular_validation_v2,sha256:44297c544c48f190808d427e3fdcbd36a13e1db3e0702982e8c229989cda7564,sha256:4732af06a200e574b79412c23f8a91a98989217b2dc0ffb6e5f48ddd4e9caa36,model_input,identity_model_input_v1,0.49875514869100002,1.45849866217,-0.402342990831,-1.543443677253,0.46545117896999999,-0.43759397348500001,0.25782869434900002,-0.083129335880000002
347,1,0.1390259973125158,0.52737737296590925,true,flipguard_tabular_validation_v2,sha256:44297c544c48f190808d427e3fdcbd36a13e1db3e0702982e8c229989cda7564,sha256:4732af06a200e574b79412c23f8a91a98989217b2dc0ffb6e5f48ddd4e9caa36,model_input,identity_model_input_v1,0.023804223005999998,-1.016111775245,-0.402342990831,0.55984518603,-0.67504030634300005,0.95534373671100004,1.347994327014,-0.083129335880000002
348,0,-0.12105081810217515,0.47616008400995574,false,flipguard_tabular_validation_v2,sha256:44297c544c48f190808d427e3fdcbd36a13e1db3e0702982e8c229989cda7564,sha256:4732af06a200e574b79412c23f8a91a98989217b2dc0ffb6e5f48ddd4e9caa36,model_input,identity_model_input_v1,0.49875514869100002,-0.66259599847100004,-0.402342990831,-1.7187177491929999,-0.67504030634300005,-0.90190654354999999,-1.143812833363,-0.083129335880000002
349,1,0.050337620162675512,0.50991600097489587,true,flipguard_tabular_validation_v2,sha256:44297c544c48f190808d427e3fdcbd36a13e1db3e0702982e8c229989cda7564,sha256:4732af06a200e574b79412c23f8a91a98989217b2dc0ffb6e5f48ddd4e9caa36,model_input,identity_model_input_v1,-0.21367123983700001,-0.13232233331099999,-0.402342990831,0.73511925797099997,-0.67504030634300005,0.18148945326900001,0.41356664187300002,-0.083129335880000002
350,1,0.12860736859305555,0.52532714302378614,true,flipguard_tabular_validation_v2,sha256:44297c544c48f190808d427e3fdcbd36a13e1db3e0702982e8c229989cda7564,sha256:4732af06a200e574b79412c23f8a91a98989217b2dc0ffb6e5f48ddd4e9caa36,model_input,identity_model_input_v1,0.023804223005999998,-0.83935388685800005,-0.402342990831,0.91039332991099997,1.3208197929550001,0.800572880022,-1.143812833363,-0.083129335880000002
351,0,-0.19871743518060964,0.46088405357780154,false,flipguard_tabular_validation_v2,sha256:44297c544c48f190808d427e3fdcbd36a13e1db3e0702982e8c229989cda7564,sha256:4732af06a200e574b79412c23f8a91a98989217b2dc0ffb6e5f48ddd4e9caa36,model_input,identity_model_input_v1,-0.92609762836499998,1.635256550557,2.7487170682039999,1.085667401851,-0.67504030634300005,-1.0566774002379999,-1.143812833363,-0.083129335880000002
352,1,0.10057113027413578,0.51980844373619894,true,flipguard_tabular_validation_v2,sha256:44297c544c48f190808d427e3fdcbd36a13e1db3e0702982e8c229989cda7564,sha256:4732af06a200e574b79412c23f8a91a98989217b2dc0ffb6e5f48ddd4e9caa36,model_input,identity_model_input_v1,0.49875514869100002,-0.83935388685800005,-0.402342990831,-0.141251101731,-0.67504030634300005,1.419656306776,0.10209074682499999,-0.083129335880000002
353,0,-0.12943475195341908,0.47451002773057854,false,flipguard_tabular_validation_v2,sha256:44297c544c48f190808d427e3fdcbd36a13e1db3e0702982e8c229989cda7564,sha256:4732af06a200e574b79412c23f8a91a98989217b2dc0ffb6e5f48ddd4e9caa36,model_input,identity_model_input_v1,-0.45114670268000001,1.104982885396,1.1731870386859999,1.085667401851,-0.67504030634300005,-1.0566774002379999,-0.83233693831599997,-0.083129335880000002
358,1,0.18588479409105962,0.53659361281028439,true,flipguard_tabular_validation_v2,sha256:44297c544c48f190808d427e3fdcbd36a13e1db3e0702982e8c229989cda7564,sha256:4732af06a200e574b79412c23f8a91a98989217b2dc0ffb6e5f48ddd4e9caa36,model_input,identity_model_input_v1,0.49875514869100002,-1.016111775245,-0.402342990831,1.085667401851,0.180328307642,1.419656306776,1.036518431967,-0.083129335880000002
360,0,-0.099845806807345922,0.48033435758428572,false,flipguard_tabular_validation_v2,sha256:44297c544c48f190808d427e3fdcbd36a13e1db3e0702982e8c229989cda7564,sha256:4732af06a200e574b79412c23f8a91a98989217b2dc0ffb6e5f48ddd4e9caa36,model_input,identity_model_input_v1,-0.68862216552199995,1.104982885396,-0.402342990831,0.55984518603,-0.67504030634300005,-1.0566774002379999,-1.143812833363,-0.083129335880000002
362,1,0.043910595078228525,0.5086500485672486,true,flipguard_tabular_validation_v2,sha256:44297c544c48f190808d427e3fdcbd36a13e1db3e0702982e8c229989cda7564,sha256:4732af06a200e574b79412c23f8a91a98989217b2dc0ffb6e5f48ddd4e9caa36,model_input,identity_model_input_v1,0.73623061153400005,-0.30908022169799998,-0.402342990831,0.91039332991099997,-0.67504030634300005,-0.128052260108,1.347994327014,-0.083129335880000002
363,1,-0.0016747304526407922,0.49967007811961839,false,flipguard_tabular_validation_v2,sha256:44297c544c48f190808d427e3fdcbd36a13e1db3e0702982e8c229989cda7564,sha256:4732af06a200e574b79412c23f8a91a98989217b2dc0ffb6e5f48ddd4e9caa36,model_input,identity_model_input_v1,0.73623061153400005,-1.016111775245,-0.402342990831,0.034022970210000003,-0.67504030634300005,-0.90190654354999999,1.347994327014,-0.083129335880000002
366,1,0.27327203750795226,0.55375296218234638,true,flipguard_tabular_validation_v2,sha256:44297c544c48f190808d427e3fdcbd36a13e1db3e0702982e8c229989cda7564,sha256:4732af06a200e574b79412c23f8a91a98989217b2dc0ffb6e5f48ddd4e9caa36,model_input,identity_model_input_v1,-1.40104855405,-1.016111775245,-0.402342990831,0.73511925797099997,3.3166798922540002,1.419656306776,1.347994327014,-0.083129335880000002
367,1,0.1376756627546904,0.5271116672207502,true,flipguard_tabular_validation_v2,sha256:44297c544c48f190808d427e3fdcbd36a13e1db3e0702982e8c229989cda7564,sha256:4732af06a200e574b79412c23f8a91a98989217b2dc0ffb6e5f48ddd4e9caa36,model_input,identity_model_input_v1,0.49875514869100002,-0.485838110085,-0.402342990831,1.085667401851,0.75057405029900004,1.419656306776,-0.98807488584000003,-0.083129335880000002
368,1,0.00055219769897242761,0.50010878294602412,true,flipguard_tabular_validation_v2,sha256:44297c544c48f190808d427e3fdcbd36a13e1db3e0702982e8c229989cda7564,sha256:4732af06a200e574b79412c23f8a91a98989217b2dc0ffb6e5f48ddd4e9caa36,model_input,identity_model_input_v1,0.023804223005999998,-1.016111775245,-0.402342990831,0.73511925797099997,-0.67504030634300005,-1.0566774002379999,-0.36512309574500001,-0.083129335880000002
370,0,-0.11892776311375096,0.47657795903468253,false,flipguard_tabular_validation_v2,sha256:44297c544c48f190808d427e3fdcbd36a13e1db3e0702982e8c229989cda7564,sha256:4732af06a200e574b79412c23f8a91a98989217b2dc0ffb6e5f48ddd4e9caa36,model_input,identity_model_input_v1,0.73623061153400005,-1.016111775245,-0.402342990831,-1.7187177491929999,-0.67504030634300005,-1.0566774002379999,-1.143812833363,-0.083129335880000002
371,0,-0.079460385035496836,0.48434831098448627,false,flipguard_tabular_validation_v2,sha256:44297c544c48f190808d427e3fdcbd36a13e1db3e0702982e8c229989cda7564,sha256:4732af06a200e574b79412c23f8a91a98989217b2dc0ffb6e5f48ddd4e9caa36,model_input,identity_model_input_v1,0.97370607437599999,0.397951331849,-0.402342990831,1.085667401851,-0.67504030634300005,-1.0566774002379999,-0.98807488584000003,-0.083129335880000002
373,0,-0.020370655314746269,0.49598701471531664,false,flipguard_tabular_validation_v2,sha256:44297c544c48f190808d427e3fdcbd36a13e1db3e0702982e8c229989cda7564,sha256:4732af06a200e574b79412c23f8a91a98989217b2dc0ffb6e5f48ddd4e9caa36,model_input,identity_model_input_v1,0.023804223005999998,0.044435555076,-0.402342990831,1.085667401851,-0.67504030634300005,-1.0566774002379999,0.41356664187300002,-0.083129335880000002
376,1,0.1296276908545248,0.5255279423866045,true,flipguard_tabular_validation_v2,sha256:44297c544c48f190808d427e3fdcbd36a13e1db3e0702982e8c229989cda7564,sha256:4732af06a200e574b79412c23f8a91a98989217b2dc0ffb6e5f48ddd4e9caa36,model_input,identity_model_input_v1,-0.21367123983700001,-0.83935388685800005,-0.402342990831,1.085667401851,0.75057405029900004,0.800572880022,-1.143812833363,-0.083129335880000002
377,1,0.2375914163828875,0.54675186118864427,true,flipguard_tabular_validation_v2,sha256:44297c544c48f190808d427e3fdcbd36a13e1db3e0702982e8c229989cda7564,sha256:4732af06a200e574b79412c23f8a91a98989217b2dc0ffb6e5f48ddd4e9caa36,model_input,identity_model_input_v1,-1.638524016893,-0.66259599847100004,-0.402342990831,0.38457111409,3.3166798922540002,1.2648854500869999,1.1922563794909999,-0.083129335880000002
381,1,-0.015161603698956645,0.49701317801235323,false,flipguard_tabular_validation_v2,sha256:44297c544c48f190808d427e3fdcbd36a13e1db3e0702982e8c229989cda7564,sha256:4732af06a200e574b79412c23f8a91a98989217b2dc0ffb6e5f48ddd4e9caa36,model_input,identity_model_input_v1,-2.825901331107,1.635256550557,0.85808103278299996,-1.7187177491929999,-0.38991743501499998,1.419656306776,1.347994327014,-0.083129335880000002
384,1,0.0060490580912662857,0.50119166355861255,true,flipguard_tabular_validation_v2,sha256:44297c544c48f190808d427e3fdcbd36a13e1db3e0702982e8c229989cda7564,sha256:4732af06a200e574b79412c23f8a91a98989217b2dc0ffb6e5f48ddd4e9caa36,model_input,identity_model_input_v1,0.49875514869100002,-1.016111775245,-0.402342990831,-1.7187177491929999,-0.67504030634300005,0.33626030995700001,1.1922563794909999,-0.083129335880000002
385,1,0.086846268241906277,0.5171060947701448,true,flipguard_tabular_validation_v2,sha256:44297c544c48f190808d427e3fdcbd36a13e1db3e0702982e8c229989cda7564,sha256:4732af06a200e574b79412c23f8a91a98989217b2dc0ffb6e5f48ddd4e9caa36,model_input,identity_model_input_v1,-1.163573091208,0.57470922023600002,-0.087236984928,0.91039332991099997,0.75057405029900004,1.110114593399,-1.143812833363,-0.083129335880000002
386,1,0.078899377776133997,0.51554121279210374,true,flipguard_tabular_validation_v2,sha256:44297c544c48f190808d427e3fdcbd36a13e1db3e0702982e8c229989cda7564,sha256:4732af06a200e574b79412c23f8a91a98989217b2dc0ffb6e5f48ddd4e9caa36,model_input,identity_model_input_v1,0.023804223005999998,-1.016111775245,-0.402342990831,-0.31652517367100003,0.180328307642,0.95534373671100004,-1.143812833363,-0.083129335880000002
388,1,0.11784682473150963,0.52320927790464788,true,flipguard_tabular_validation_v2,sha256:44297c544c48f190808d427e3fdcbd36a13e1db3e0702982e8c229989cda7564,sha256:4732af06a200e574b79412c23f8a91a98989217b2dc0ffb6e5f48ddd4e9caa36,model_input,identity_model_input_v1,-0.45114670268000001,0.044435555076,-0.402342990831,1.085667401851,1.035696921627,1.110114593399,-1.143812833363,-0.083129335880000002
389,1,0.13534529078041718,0.52665310507533813,true,flipguard_tabular_validation_v2,sha256:44297c544c48f190808d427e3fdcbd36a13e1db3e0702982e8c229989cda7564,sha256:4732af06a200e574b79412c23f8a91a98989217b2dc0ffb6e5f48ddd4e9caa36,model_input,identity_model_input_v1,-0.45114670268000001,-0.485838110085,-0.402342990831,1.085667401851,1.035696921627,0.95534373671100004,-0.98807488584000003,-0.083129335880000002
392,1,-0.032460343865227725,0.49360544906902171,false,flipguard_tabular_validation_v2,sha256:44297c544c48f190808d427e3fdcbd36a13e1db3e0702982e8c229989cda7564,sha256:4732af06a200e574b79412c23f8a91a98989217b2dc0ffb6e5f48ddd4e9caa36,model_input,identity_model_input_v1,0.49875514869100002,-1.016111775245,-0.402342990831,-0.31652517367100003,-0.38991743501499998,-1.0566774002379999,0.25782869434900002,-0.083129335880000002
395,1,0.13556265634218534,0.52669587823289288,true,flipguard_tabular_validation_v2,sha256:44297c544c48f190808d427e3fdcbd36a13e1db3e0702982e8c229989cda7564,sha256:4732af06a200e574b79412c23f8a91a98989217b2dc0ffb6e5f48ddd4e9caa36,model_input,identity_model_input_v1,-0.45114670268000001,0.22119344346299999,-0.402342990831,1.085667401851,1.3208197929550001,1.419656306776,-0.98807488584000003,-0.083129335880000002
398,1,0.10329216511007781,0.52034414831812426,true,flipguard_tabular_validation_v2,sha256:44297c544c48f190808d427e3fdcbd36a13e1db3e0702982e8c229989cda7564,sha256:4732af06a200e574b79412c23f8a91a98989217b2dc0ffb6e5f48ddd4e9caa36,model_input,identity_model_input_v1,-0.92609762836499998,0.57470922023600002,-0.087236984928,0.91039332991099997,-0.38991743501499998,1.419656306776,0.25782869434900002,-0.083129335880000002
400,0,-0.20368781341748465,0.45990730374773525,false,flipguard_tabular_validation_v2,sha256:44297c544c48f190808d427e3fdcbd36a13e1db3e0702982e8c229989cda7564,sha256:4732af06a200e574b79412c23f8a91a98989217b2dc0ffb6e5f48ddd4e9caa36,model_input,identity_model_input_v1,-2.5884258682639998,1.281740773783,4.0091410918179999,0.55984518603,-0.38991743501499998,-1.0566774002379999,-1.143812833363,-0.083129335880000002
401,1,0.13269826996686179,0.52613221253791087,true,flipguard_tabular_validation_v2,sha256:44297c544c48f190808d427e3fdcbd36a13e1db3e0702982e8c229989cda7564,sha256:4732af06a200e574b79412c23f8a91a98989217b2dc0ffb6e5f48ddd4e9caa36,model_input,identity_model_input_v1,-2.350950405421,0.397951331849,-0.402342990831,-0.141251101731,1.3208197929550001,1.2648854500869999,0.25782869434900002,-0.083129335880000002
405,1,0.098099003630846393,0.51932172752577554,true,flipguard_tabular_validation_v2,sha256:44297c544c48f190808d427e3fdcbd36a13e1db3e0702982e8c229989cda7564,sha256:4732af06a200e574b79412c23f8a91a98989217b2dc0ffb6e5f48ddd4e9caa36,model_input,identity_model_input_v1,0.49875514869100002,-1.016111775245,-0.402342990831,0.034022970210000003,-0.67504030634300005,1.2648854500869999,-0.36512309574500001,-0.083129335880000002
406,1,0.015438797411567659,0.50304142837033006,true,flipguard_tabular_validation_v2,sha256:44297c544c48f190808d427e3fdcbd36a13e1db3e0702982e8c229989cda7564,sha256:4732af06a200e574b79412c23f8a91a98989217b2dc0ffb6e5f48ddd4e9caa36,model_input,identity_model_input_v1,-1.40104855405,0.75146710862300004,-0.402342990831,-1.0176214614320001,-0.67504030634300005,1.2648854500869999,-0.52086104326899996,-0.083129335880000002
408,1,0.14496959959979516,0.52854682428957267,true,flipguard_tabular_validation_v2,sha256:44297c544c48f190808d427e3fdcbd36a13e1db3e0702982e8c229989cda7564,sha256:4732af06a200e574b79412c23f8a91a98989217b2dc0ffb6e5f48ddd4e9caa36,model_input,identity_model_input_v1,-1.40104855405,-1.016111775245,-0.402342990831,0.38457111409,-0.38991743501499998,0.95534373671100004,0.10209074682499999,-0.083129335880000002
410,1,0.045516436169500227,0.50896636073142032,true,flipguard_tabular_validation_v2,sha256:44297c544c48f190808d427e3fdcbd36a13e1db3e0702982e8c229989cda7564,sha256:4732af06a200e574b79412c23f8a91a98989217b2dc0ffb6e5f48ddd4e9caa36,model_input,identity_model_input_v1,0.73623061153400005,0.397951331849,-0.402342990831,1.085667401851,-0.67504030634300005,0.33626030995700001,1.347994327014,-0.083129335880000002
412,0,-0.037652247873982241,0.49258272068595321,false,flipguard_tabular_validation_v2,sha256:44297c544c48f190808d427e3fdcbd36a13e1db3e0702982e8c229989cda7564,sha256:4732af06a200e574b79412c23f8a91a98989217b2dc0ffb6e5f48ddd4e9caa36,model_input,identity_model_input_v1,0.97370607437599999,1.812014438944,0.22786902097600001,0.38457111409,1.035696921627,0.33626030995700001,1.347994327014,-0.083129335880000002
413,0,-0.079668202255660139,0.48430738677910823,false,flipguard_tabular_validation_v2,sha256:44297c544c48f190808d427e3fdcbd36a13e1db3e0702982e8c229989cda7564,sha256:4732af06a200e574b79412c23f8a91a98989217b2dc0ffb6e5f48ddd4e9caa36,model_input,identity_model_input_v1,0.97370607437599999,-1.016111775245,-0.402342990831,-1.543443677253,-0.67504030634300005,-1.0566774002379999,1.036518431967,-0.083129335880000002
414,0,-0.20617322591301723,0.45941893004551237,false,flipguard_tabular_validation_v2,sha256:44297c544c48f190808d427e3fdcbd36a13e1db3e0702982e8c229989cda7564,sha256:4732af06a200e574b79412c23f8a91a98989217b2dc0ffb6e5f48ddd4e9caa36,model_input,identity_model_input_v1,0.023804223005999998,1.812014438944,3.0638230741079999,0.91039332991099997,1.3208197929550001,-1.0566774002379999,-1.143812833363,-0.083129335880000002
416,1,-0.050564627156801698,0.49003928558092708,false,flipguard_tabular_validation_v2,sha256:44297c544c48f190808d427e3fdcbd36a13e1db3e0702982e8c229989cda7564,sha256:4732af06a200e574b79412c23f8a91a98989217b2dc0ffb6e5f48ddd4e9caa36,model_input,identity_model_input_v1,-0.45114670268000001,0.57470922023600002,-0.402342990831,1.085667401851,-0.67504030634300005,-1.0566774002379999,-0.52086104326899996,-0.083129335880000002
417,1,0.097589579455028275,0.5192214294869727,true,flipguard_tabular_validation_v2,sha256:44297c544c48f190808d427e3fdcbd36a13e1db3e0702982e8c229989cda7564,sha256:4732af06a200e574b79412c23f8a91a98989217b2dc0ffb6e5f48ddd4e9caa36,model_input,identity_model_input_v1,0.26127968584799999,0.22119344346299999,-0.402342990831,1.085667401851,-0.67504030634300005,1.2648854500869999,0.25782869434900002,-0.083129335880000002
418,0,-0.14318199820298572,0.47180488789905062,false,flipguard_tabular_validation_v2,sha256:44297c544c48f190808d427e3fdcbd36a13e1db3e0702982e8c229989cda7564,sha256:4732af06a200e574b79412c23f8a91a98989217b2dc0ffb6e5f48ddd4e9caa36,model_input,identity_model_input_v1,-2.5884258682639998,1.812014438944,1.803399050493,1.085667401851,-0.67504030634300005,-1.0566774002379999,-1.143812833363,-0.083129335880000002
419,1,0.031696134857881253,0.50624401119355344,true,flipguard_tabular_validation_v2,sha256:44297c544c48f190808d427e3fdcbd36a13e1db3e0702982e8c229989cda7564,sha256:4732af06a200e574b79412c23f8a91a98989217b2dc0ffb6e5f48ddd4e9caa36,model_input,identity_model_input_v1,0.26127968584799999,-0.485838110085,0.54297502687900001,-0.31652517367100003,-0.67504030634300005,1.419656306776,-1.143812833363,-0.083129335880000002
422,0,0.046221684309786695,0.50910527680884898,true,flipguard_tabular_validation_v2,sha256:44297c544c48f190808d427e3fdcbd36a13e1db3e0702982e8c229989cda7564,sha256:4732af06a200e574b79412c23f8a91a98989217b2dc0ffb6e5f48ddd4e9caa36,model_input,identity_model_input_v1,-0.92609762836499998,-1.016111775245,-0.402342990831,1.085667401851,-0.67504030634300005,-1.0566774002379999,0.41356664187300002,-0.083129335880000002
423,0,0.046256278456314408,0.50911209096814947,true,flipguard_tabular_validation_v2,sha256:44297c544c48f190808d427e3fdcbd36a13e1db3e0702982e8c229989cda7564,sha256:4732af06a200e574b79412c23f8a91a98989217b2dc0ffb6e5f48ddd4e9caa36,model_input,identity_model_input_v1,0.49875514869100002,-0.66259599847100004,-0.402342990831,-1.7187177491929999,-0.67504030634300005,1.2648854500869999,1.347994327014,-0.083129335880000002
426,1,0.099183779150444157,0.5195353016418548,true,flipguard_tabular_validation_v2,sha256:44297c544c48f190808d427e3fdcbd36a13e1db3e0702982e8c229989cda7564,sha256:4732af06a200e574b79412c23f8a91a98989217b2dc0ffb6e5f48ddd4e9caa36,model_input,identity_model_input_v1,-0.21367123983700001,-1.016111775245,-0.402342990831,-0.31652517367100003,-0.38991743501499998,1.2648854500869999,-0.67659899079300001,-0.083129335880000002
427,0,-0.17113894038399891,0.46630567838104486,false,flipguard_tabular_validation_v2,sha256:44297c544c48f190808d427e3fdcbd36a13e1db3e0702982e8c229989cda7564,sha256:4732af06a200e574b79412c23f8a91a98989217b2dc0ffb6e5f48ddd4e9caa36,model_input,identity_model_input_v1,0.97370607437599999,0.044435555076,-0.402342990831,-1.7187177491929999,-0.67504030634300005,-1.0566774002379999,-1.143812833363,-0.083129335880000002
428,1,0.11599515065709957,0.52284480187844906,true,flipguard_tabular_validation_v2,sha256:44297c544c48f190808d427e3fdcbd36a13e1db3e0702982e8c229989cda7564,sha256:4732af06a200e574b79412c23f8a91a98989217b2dc0ffb6e5f48ddd4e9caa36,model_input,identity_model_input_v1,0.49875514869100002,-0.66259599847100004,-0.402342990831,0.55984518603,-0.38991743501499998,1.419656306776,-0.36512309574500001,-0.083129335880000002
431,1,0.18708486452992462,0.5368295258726985,true,flipguard_tabular_validation_v2,sha256:44297c544c48f190808d427e3fdcbd36a13e1db3e0702982e8c229989cda7564,sha256:4732af06a200e574b79412c23f8a91a98989217b2dc0ffb6e5f48ddd4e9caa36,model_input,identity_model_input_v1,-2.1134749425789998,-0.66259599847100004,-0.402342990831,-0.84234738949200005,1.8910655356120001,1.419656306776,1.347994327014,-0.083129335880000002
432,0,-0.081321402664539771,0.4839818348443003,false,flipguard_tabular_validation_v2,sha256:44297c544c48f190808d427e3fdcbd36a13e1db3e0702982e8c229989cda7564,sha256:4732af06a200e574b79412c23f8a91a98989217b2dc0ffb6e5f48ddd4e9caa36,model_input,identity_model_input_v1,-1.163573091208,1.812014438944,1.48829304459,-0.31652517367100003,-0.104794563686,0.800572880022,-0.20938514822199999,-0.083129335880000002
435,0,-0.16467806610469576,0.4675762845066479,false,flipguard_tabular_validation_v2,sha256:44297c544c48f190808d427e3fdcbd36a13e1db3e0702982e8c229989cda7564,sha256:4732af06a200e574b79412c23f8a91a98989217b2dc0ffb6e5f48ddd4e9caa36,model_input,identity_model_input_v1,0.023804223005999998,1.635256550557,0.85808103278299996,0.91039332991099997,-0.67504030634300005,-1.0566774002379999,-1.143812833363,-0.083129335880000002
437,0,-0.041748224601369739,0.49177589080783363,false,flipguard_tabular_validation_v2,sha256:44297c544c48f190808d427e3fdcbd36a13e1db3e0702982e8c229989cda7564,sha256:4732af06a200e574b79412c23f8a91a98989217b2dc0ffb6e5f48ddd4e9caa36,model_input,identity_model_input_v1,0.023804223005999998,-0.66259599847100004,-0.402342990831,0.38457111409,-0.67504030634300005,-1.0566774002379999,-1.143812833363,-0.083129335880000002
439,0,0.030159333050213719,0.50594127888093965,true,flipguard_tabular_validation_v2,sha256:44297c544c48f190808d427e3fdcbd36a13e1db3e0702982e8c229989cda7564,sha256:4732af06a200e574b79412c23f8a91a98989217b2dc0ffb6e5f48ddd4e9caa36,model_input,identity_model_input_v1,0.49875514869100002,-0.13232233331099999,-0.402342990831,-1.1928955333719999,1.605942664284,0.33626030995700001,1.347994327014,-0.083129335880000002
442,1,0.043038175988192914,0.50847820179387293,true,flipguard_tabular_validation_v2,sha256:44297c544c48f190808d427e3fdcbd36a13e1db3e0702982e8c229989cda7564,sha256:4732af06a200e574b79412c23f8a91a98989217b2dc0ffb6e5f48ddd4e9caa36,model_input,identity_model_input_v1,-0.92609762836499998,-0.30908022169799998,-0.402342990831,-0.66707331755199994,-0.38991743501499998,0.95534373671100004,-1.143812833363,-0.083129335880000002
443,1,0.24868900652941298,0.54893021238429851,true,flipguard_tabular_validation_v2,sha256:44297c544c48f190808d427e3fdcbd36a13e1db3e0702982e8c229989cda7564,sha256:4732af06a200e574b79412c23f8a91a98989217b2dc0ffb6e5f48ddd4e9caa36,model_input,identity_model_input_v1,-0.68862216552199995,-1.016111775245,-0.402342990831,-0.66707331755199994,-0.67504030634300005,0.800572880022,1.347994327014,2.9902111112240002
445,0,-0.07442153759322194,0.48534060584830546,false,flipguard_tabular_validation_v2,sha256:44297c544c48f190808d427e3fdcbd36a13e1db3e0702982e8c229989cda7564,sha256:4732af06a200e574b79412c23f8a91a98989217b2dc0ffb6e5f48ddd4e9caa36,model_input,identity_model_input_v1,-0.68862216552199995,0.397951331849,-0.087236984928,0.38457111409,-0.104794563686,-1.0566774002379999,-1.143812833363,-0.083129335880000002
446,0,-0.063000537879760718,0.4875898942513055,false,flipguard_tabular_validation_v2,sha256:44297c544c48f190808d427e3fdcbd36a13e1db3e0702982e8c229989cda7564,sha256:4732af06a200e574b79412c23f8a91a98989217b2dc0ffb6e5f48ddd4e9caa36,model_input,identity_model_input_v1,-0.92609762836499998,1.281740773783,4.639353103625,0.55984518603,0.75057405029900004,1.2648854500869999,1.1922563794909999,-0.083129335880000002
449,1,0.026854926578910178,0.5052903430663408,true,flipguard_tabular_validation_v2,sha256:44297c544c48f190808d427e3fdcbd36a13e1db3e0702982e8c229989cda7564,sha256:4732af06a200e574b79412c23f8a91a98989217b2dc0ffb6e5f48ddd4e9caa36,model_input,identity_model_input_v1,-0.21367123983700001,-1.016111775245,-0.402342990831,-0.66707331755199994,-0.67504030634300005,-0.28282311679599997,1.347994327014,-0.083129335880000002
450,1,0.14191365766631092,0.52794555828764433,true,flipguard_tabular_validation_v2,sha256:44297c544c48f190808d427e3fdcbd36a13e1db3e0702982e8c229989cda7564,sha256:4732af06a200e574b79412c23f8a91a98989217b2dc0ffb6e5f48ddd4e9caa36,model_input,identity_model_input_v1,0.49875514869100002,-0.83935388685800005,-0.402342990831,1.085667401851,0.75057405029900004,1.2648854500869999,-1.143812833363,-0.083129335880000002
453,0,0.0041804095222017518,0.5008235403836494,true,flipguard_tabular_validation_v2,sha256:44297c544c48f190808d427e3fdcbd36a13e1db3e0702982e8c229989cda7564,sha256:4732af06a200e574b79412c23f8a91a98989217b2dc0ffb6e5f48ddd4e9caa36,model_input,identity_model_input_v1,0.97370607437599999,0.22119344346299999,-0.402342990831,1.085667401851,-0.67504030634300005,-0.43759397348500001,1.347994327014,-0.083129335880000002
456,1,-0.08127864416148195,0.48399025487795533,false,flipguard_tabular_validation_v2,sha256:44297c544c48f190808d427e3fdcbd36a13e1db3e0702982e8c229989cda7564,sha256:4732af06a200e574b79412c23f8a91a98989217b2dc0ffb6e5f48ddd4e9caa36,model_input,identity_model_input_v1,0.73623061153400005,-0.66259599847100004,-0.402342990831,-1.7187177491929999,-0.67504030634300005,-0.59236483017300001,0.41356664187300002,-0.083129335880000002
459,0,-0.19934254900284454,0.46076120330620463,false,flipguard_tabular_validation_v2,sha256:44297c544c48f190808d427e3fdcbd36a13e1db3e0702982e8c229989cda7564,sha256:4732af06a200e574b79412c23f8a91a98989217b2dc0ffb6e5f48ddd4e9caa36,model_input,identity_model_input_v1,0.73623061153400005,1.812014438944,2.4336110622999998,0.73511925797099997,1.605942664284,-1.0566774002379999,-0.98807488584000003,-0.083129335880000002
460,1,-0.006501455355525639,0.49871921439419947,false,flipguard_tabular_validation_v2,sha256:44297c544c48f190808d427e3fdcbd36a13e1db3e0702982e8c229989cda7564,sha256:4732af06a200e574b79412c23f8a91a98989217b2dc0ffb6e5f48ddd4e9caa36,model_input,identity_model_input_v1,0.26127968584799999,-1.016111775245,-0.402342990831,-0.49179924561100002,-0.67504030634300005,-0.43759397348500001,0.10209074682499999,-0.083129335880000002
463,0,-0.093414979970426845,0.48160050963623746,false,flipguard_tabular_validation_v2,sha256:44297c544c48f190808d427e3fdcbd36a13e1db3e0702982e8c229989cda7564,sha256:4732af06a200e574b79412c23f8a91a98989217b2dc0ffb6e5f48ddd4e9caa36,model_input,identity_model_input_v1,-0.21367123983700001,-0.13232233331099999,-0.402342990831,-0.49179924561100002,-0.67504030634300005,-1.0566774002379999,-1.143812833363,-0.083129335880000002
464,0,-0.16089087179430367,0.46832115745897851,false,flipguard_tabular_validation_v2,sha256:44297c544c48f190808d427e3fdcbd36a13e1db3e0702982e8c229989cda7564,sha256:4732af06a200e574b79412c23f8a91a98989217b2dc0ffb6e5f48ddd4e9caa36,model_input,identity_model_input_v1,0.023804223005999998,1.104982885396,1.48829304459,0.91039332991099997,-0.67504030634300005,-1.0566774002379999,-1.143812833363,-0.083129335880000002
466,0,-0.26066265880609091,0.44872029913523159,false,flipguard_tabular_validation_v2,sha256:44297c544c48f190808d427e3fdcbd36a13e1db3e0702982e8c229989cda7564,sha256:4732af06a200e574b79412c23f8a91a98989217b2dc0ffb6e5f48ddd4e9caa36,model_input,identity_model_input_v1,-0.21367123983700001,1.812014438944,2.1185050563969998,-1.7187177491929999,-0.38991743501499998,-0.59236483017300001,-0.36512309574500001,-0.083129335880000002
467,1,0.20803026539099539,0.54094595091891717,true,flipguard_tabular_validation_v2,sha256:44297c544c48f190808d427e3fdcbd36a13e1db3e0702982e8c229989cda7564,sha256:4732af06a200e574b79412c23f8a91a98989217b2dc0ffb6e5f48ddd4e9caa36,model_input,identity_model_input_v1,-1.40104855405,0.044435555076,-0.402342990831,0.91039332991099997,2.4613112782690001,1.2648854500869999,1.347994327014,-0.083129335880000002
469,0,-0.044606419379372507,0.49121289040165972,false,flipguard_tabular_validation_v2,sha256:44297c544c48f190808d427e3fdcbd36a13e1db3e0702982e8c229989cda7564,sha256:4732af06a200e574b79412c23f8a91a98989217b2dc0ffb6e5f48ddd4e9caa36,model_input,identity_model_input_v1,0.49875514869100002,-1.016111775245,-0.402342990831,-1.7187177491929999,-0.67504030634300005,-0.59236483017300001,1.347994327014,-0.083129335880000002
476,1,0.1693975115094683,0.53335186597074413,true,flipguard_tabular_validation_v2,sha256:44297c544c48f190808d427e3fdcbd36a13e1db3e0702982e8c229989cda7564,sha256:4732af06a200e574b79412c23f8a91a98989217b2dc0ffb6e5f48ddd4e9caa36,model_input,identity_model_input_v1,0.73623061153400005,-1.016111775245,-0.402342990831,1.085667401851,1.605942664284,1.419656306776,-1.143812833363,-0.083129335880000002
477,1,0.064279633475069695,0.51266202541390304,true,flipguard_tabular_validation_v2,sha256:44297c544c48f190808d427e3fdcbd36a13e1db3e0702982e8c229989cda7564,sha256:4732af06a200e574b79412c23f8a91a98989217b2dc0ffb6e5f48ddd4e9caa36,model_input,identity_model_input_v1,-0.68862216552199995,0.57470922023600002,-0.402342990831,0.91039332991099997,0.46545117896999999,0.800572880022,-1.143812833363,-0.083129335880000002
479,1,0.09003103214560064,0.51773319431531861,true,flipguard_tabular_validation_v2,sha256:44297c544c48f190808d427e3fdcbd36a13e1db3e0702982e8c229989cda7564,sha256:4732af06a200e574b79412c23f8a91a98989217b2dc0ffb6e5f48ddd4e9caa36,model_input,identity_model_input_v1,-1.40104855405,-0.30908022169799998,-0.402342990831,-0.31652517367100003,-0.67504030634300005,0.95534373671100004,0.56930458939600004,-0.083129335880000002
480,1,0.12790339119592636,0.5251885984373289,true,flipguard_tabular_validation_v2,sha256:44297c544c48f190808d427e3fdcbd36a13e1db3e0702982e8c229989cda7564,sha256:4732af06a200e574b79412c23f8a91a98989217b2dc0ffb6e5f48ddd4e9caa36,model_input,identity_model_input_v1,-0.21367123983700001,0.75146710862300004,-0.402342990831,1.085667401851,2.1761884069409998,1.419656306776,-0.67659899079300001,-0.083129335880000002
485,1,0.0070374412982999665,0.5013863745416316,true,flipguard_tabular_validation_v2,sha256:44297c544c48f190808d427e3fdcbd36a13e1db3e0702982e8c229989cda7564,sha256:4732af06a200e574b79412c23f8a91a98989217b2dc0ffb6e5f48ddd4e9caa36,model_input,identity_model_input_v1,0.49875514869100002,-1.016111775245,-0.402342990831,0.73511925797099997,-0.67504030634300005,-1.0566774002379999,0.56930458939600004,-0.083129335880000002
488,1,0.22589301896914193,0.54445481757184477,true,flipguard_tabular_validation_v2,sha256:44297c544c48f190808d427e3fdcbd36a13e1db3e0702982e8c229989cda7564,sha256:4732af06a200e574b79412c23f8a91a98989217b2dc0ffb6e5f48ddd4e9caa36,model_input,identity_model_input_v1,-1.163573091208,-1.016111775245,-0.402342990831,0.91039332991099997,0.75057405029900004,1.419656306776,1.1922563794909999,-0.083129335880000002
496,1,0.18182038918297705,0.53579457371975814,true,flipguard_tabular_validation_v2,sha256:44297c544c48f190808d427e3fdcbd36a13e1db3e0702982e8c229989cda7564,sha256:4732af06a200e574b79412c23f8a91a98989217b2dc0ffb6e5f48ddd4e9caa36,model_input,identity_model_input_v1,0.023804223005999998,-0.83935388685800005,-0.402342990831,1.085667401851,0.75057405029900004,1.419656306776,0.10209074682499999,-0.083129335880000002
497,1,-0.034428504268550972,0.49321774789453665,false,flipguard_tabular_validation_v2,sha256:44297c544c48f190808d427e3fdcbd36a13e1db3e0702982e8c229989cda7564,sha256:4732af06a200e574b79412c23f8a91a98989217b2dc0ffb6e5f48ddd4e9caa36,model_input,identity_model_input_v1,0.97370607437599999,-0.66259599847100004,-0.402342990831,0.73511925797099997,-0.67504030634300005,-1.0566774002379999,-0.36512309574500001,-0.083129335880000002
499,0,0.52606954106951831,0.60305334237202979,true,flipguard_tabular_validation_v2,sha256:44297c544c48f190808d427e3fdcbd36a13e1db3e0702982e8c229989cda7564,sha256:4732af06a200e574b79412c23f8a91a98989217b2dc0ffb6e5f48ddd4e9caa36,model_input,identity_model_input_v1,0.97370607437599999,-0.66259599847100004,-0.402342990831,0.034022970210000003,-0.67504030634300005,-1.0566774002379999,-1.143812833363,12.210232452536999
502,0,-0.038566939329648942,0.4924025424112804,false,flipguard_tabular_validation_v2,sha256:44297c544c48f190808d427e3fdcbd36a13e1db3e0702982e8c229989cda7564,sha256:4732af06a200e574b79412c23f8a91a98989217b2dc0ffb6e5f48ddd4e9caa36,model_input,identity_model_input_v1,0.97370607437599999,-1.016111775245,-0.402342990831,0.55984518603,-0.67504030634300005,-1.0566774002379999,-1.143812833363,-0.083129335880000002
506,0,-0.10542299498387318,0.47923635667616132,false,flipguard_tabular_validation_v2,sha256:44297c544c48f190808d427e3fdcbd36a13e1db3e0702982e8c229989cda7564,sha256:4732af06a200e574b79412c23f8a91a98989217b2dc0ffb6e5f48ddd4e9caa36,model_input,identity_model_input_v1,0.97370607437599999,-0.83935388685800005,-0.402342990831,-1.0176214614320001,-0.67504030634300005,-1.0566774002379999,-1.143812833363,-0.083129335880000002
507,0,-0.17113894038399891,0.46630567838104486,false,flipguard_tabular_validation_v2,sha256:44297c544c48f190808d427e3fdcbd36a13e1db3e0702982e8c229989cda7564,sha256:4732af06a200e574b79412c23f8a91a98989217b2dc0ffb6e5f48ddd4e9caa36,model_input,identity_model_input_v1,0.97370607437599999,0.044435555076,-0.402342990831,-1.7187177491929999,-0.67504030634300005,-1.0566774002379999,-1.143812833363,-0.083129335880000002
508,0,-0.058170561973191995,0.48854118664479435,false,flipguard_tabular_validation_v2,sha256:44297c544c48f190808d427e3fdcbd36a13e1db3e0702982e8c229989cda7564,sha256:4732af06a200e574b79412c23f8a91a98989217b2dc0ffb6e5f48ddd4e9caa36,model_input,identity_model_input_v1,-0.21367123983700001,0.397951331849,-0.402342990831,1.085667401851,-0.67504030634300005,-1.0566774002379999,-1.143812833363,-0.083129335880000002
509,1,-0.034460606887676645,0.49321142413561808,false,flipguard_tabular_validation_v2,sha256:44297c544c48f190808d427e3fdcbd36a13e1db3e0702982e8c229989cda7564,sha256:4732af06a200e574b79412c23f8a91a98989217b2dc0ffb6e5f48ddd4e9caa36,model_input,identity_model_input_v1,0.73623061153400005,-0.83935388685800005,-0.402342990831,-1.3681696053129999,-0.67504030634300005,-0.28282311679599997,0.88078048444299994,-0.083129335880000002
511,0,-0.14081852603106876,0.47226992001697016,false,flipguard_tabular_validation_v2,sha256:44297c544c48f190808d427e3fdcbd36a13e1db3e0702982e8c229989cda7564,sha256:4732af06a200e574b79412c23f8a91a98989217b2dc0ffb6e5f48ddd4e9caa36,model_input,identity_model_input_v1,0.26127968584799999,-0.13232233331099999,-0.402342990831,-1.7187177491929999,-0.67504030634300005,-1.0566774002379999,-0.67659899079300001,-0.083129335880000002
513,0,-0.13122557584939437,0.47415760045499145,false,flipguard_tabular_validation_v2,sha256:44297c544c48f190808d427e3fdcbd36a13e1db3e0702982e8c229989cda7564,sha256:4732af06a200e574b79412c23f8a91a98989217b2dc0ffb6e5f48ddd4e9caa36,model_input,identity_model_input_v1,0.023804223005999998,1.45849866217,-0.402342990831,0.38457111409,-0.67504030634300005,-1.0566774002379999,-0.83233693831599997,-0.083129335880000002
514,0,-0.093876483687735698,0.48150964197003598,false,flipguard_tabular_validation_v2,sha256:44297c544c48f190808d427e3fdcbd36a13e1db3e0702982e8c229989cda7564,sha256:4732af06a200e574b79412c23f8a91a98989217b2dc0ffb6e5f48ddd4e9caa36,model_input,identity_model_input_v1,-0.21367123983700001,1.281740773783,1.1731870386859999,-1.7187177491929999,-0.67504030634300005,0.95534373671100004,1.347994327014,-0.083129335880000002
515,0,0.12111261855012138,0.52385207980577431,true,flipguard_tabular_validation_v2,sha256:44297c544c48f190808d427e3fdcbd36a13e1db3e0702982e8c229989cda7564,sha256:4732af06a200e574b79412c23f8a91a98989217b2dc0ffb6e5f48ddd4e9caa36,model_input,identity_model_input_v1,0.49875514869100002,0.57470922023600002,-0.402342990831,0.55984518603,1.3208197929550001,1.419656306776,1.347994327014,-0.083129335880000002
516,1,0.18303896068685721,0.53603414564692398,true,flipguard_tabular_validation_v2,sha256:44297c544c48f190808d427e3fdcbd36a13e1db3e0702982e8c229989cda7564,sha256:4732af06a200e574b79412c23f8a91a98989217b2dc0ffb6e5f48ddd4e9caa36,model_input,identity_model_input_v1,-2.5884258682639998,0.57470922023600002,-0.402342990831,-0.141251101731,2.7464341495969999,1.419656306776,1.347994327014,-0.083129335880000002
518,0,-0.19662511728286663,0.46129525913341368,false,flipguard_tabular_validation_v2,sha256:44297c544c48f190808d427e3fdcbd36a13e1db3e0702982e8c229989cda7564,sha256:4732af06a200e574b79412c23f8a91a98989217b2dc0ffb6e5f48ddd4e9caa36,model_input,identity_model_input_v1,-0.92609762836499998,0.92822499701000005,4.0091410918179999,1.085667401851,-0.104794563686,-1.0566774002379999,-1.143812833363,-0.083129335880000002
520,1,0.13699623698659485,0.52697797412187197,true,flipguard_tabular_validation_v2,sha256:44297c544c48f190808d427e3fdcbd36a13e1db3e0702982e8c229989cda7564,sha256:4732af06a200e574b79412c23f8a91a98989217b2dc0ffb6e5f48ddd4e9caa36,model_input,identity_model_input_v1,0.26127968584799999,0.397951331849,-0.402342990831,1.085667401851,1.8910655356120001,1.419656306776,-0.20938514822199999,-0.083129335880000002
522,0,-0.082054424400363077,0.48383748825943973,false,flipguard_tabular_validation_v2,sha256:44297c544c48f190808d427e3fdcbd36a13e1db3e0702982e8c229989cda7564,sha256:4732af06a200e574b79412c23f8a91a98989217b2dc0ffb6e5f48ddd4e9caa36,model_input,identity_model_input_v1,0.49875514869100002,1.812014438944,-0.402342990831,1.085667401851,0.180328307642,-0.43759397348500001,-0.98807488584000003,-0.083129335880000002
523,1,0.20818090675993517,0.54097554898099554,true,flipguard_tabular_validation_v2,sha256:44297c544c48f190808d427e3fdcbd36a13e1db3e0702982e8c229989cda7564,sha256:4732af06a200e574b79412c23f8a91a98989217b2dc0ffb6e5f48ddd4e9caa36,model_input,identity_model_input_v1,0.023804223005999998,-1.016111775245,-0.402342990831,0.73511925797099997,1.605942664284,1.419656306776,1.036518431967,-0.083129335880000002
526,1,0.012045676161978471,0.50237299121268053,true,flipguard_tabular_validation_v2,sha256:44297c544c48f190808d427e3fdcbd36a13e1db3e0702982e8c229989cda7564,sha256:4732af06a200e574b79412c23f8a91a98989217b2dc0ffb6e5f48ddd4e9caa36,model_input,identity_model_input_v1,0.73623061153400005,-0.485838110085,-0.402342990831,0.55984518603,-0.67504030634300005,-0.59236483017300001,1.347994327014,-0.083129335880000002
528,1,0.15711154469768218,0.53093546171641359,true,flipguard_tabular_validation_v2,sha256:44297c544c48f190808d427e3fdcbd36a13e1db3e0702982e8c229989cda7564,sha256:4732af06a200e574b79412c23f8a91a98989217b2dc0ffb6e5f48ddd4e9caa36,model_input,identity_model_input_v1,0.023804223005999998,-1.016111775245,-0.402342990831,1.085667401851,1.605942664284,0.95534373671100004,-1.143812833363,-0.083129335880000002
531,1,0.22756351846945067,0.54478287549023285,true,flipguard_tabular_validation_v2,sha256:44297c544c48f190808d427e3fdcbd36a13e1db3e0702982e8c229989cda7564,sha256:4732af06a200e574b79412c23f8a91a98989217b2dc0ffb6e5f48ddd4e9caa36,model_input,identity_model_input_v1,-0.68862216552199995,-0.83935388685800005,-0.402342990831,0.38457111409,2.7464341495969999,1.419656306776,1.347994327014,-0.083129335880000002
532,1,0.010862127773597522,0.50213983404509055,true,flipguard_tabular_validation_v2,sha256:44297c544c48f190808d427e3fdcbd36a13e1db3e0702982e8c229989cda7564,sha256:4732af06a200e574b79412c23f8a91a98989217b2dc0ffb6e5f48ddd4e9caa36,model_input,identity_model_input_v1,0.49875514869100002,-1.016111775245,-0.402342990831,0.38457111409,-0.67504030634300005,-0.90190654354999999,1.036518431967,-0.083129335880000002
533,0,-0.21065348745524681,0.45853865387414955,false,flipguard_tabular_validation_v2,sha256:44297c544c48f190808d427e3fdcbd36a13e1db3e0702982e8c229989cda7564,sha256:4732af06a200e574b79412c23f8a91a98989217b2dc0ffb6e5f48ddd4e9caa36,model_input,identity_model_input_v1,0.97370607437599999,0.92822499701000005,-0.402342990831,-1.7187177491929999,-0.67504030634300005,-1.0566774002379999,-1.143812833363,-0.083129335880000002
535,1,-0.012049766510185833,0.49762620299584709,false,flipguard_tabular_validation_v2,sha256:44297c544c48f190808d427e3fdcbd36a13e1db3e0702982e8c229989cda7564,sha256:4732af06a200e574b79412c23f8a91a98989217b2dc0ffb6e5f48ddd4e9caa36,model_input,identity_model_input_v1,0.73623061153400005,-1.016111775245,-0.402342990831,0.20929704215,-0.67504030634300005,-1.0566774002379999,0.88078048444299994,-0.083129335880000002
537,1,0.15582564507223562,0.5306825172755617,true,flipguard_tabular_validation_v2,sha256:44297c544c48f190808d427e3fdcbd36a13e1db3e0702982e8c229989cda7564,sha256:4732af06a200e574b79412c23f8a91a98989217b2dc0ffb6e5f48ddd4e9caa36,model_input,identity_model_input_v1,0.023804223005999998,-1.016111775245,-0.402342990831,0.55984518603,0.75057405029900004,1.2648854500869999,-0.20938514822199999,-0.083129335880000002
