row_id,label,scaled_logit,polynomial_score,plaintext_decision,materialization_schema,source_data_sha256,source_model_sha256,source_feature_space,preprocessing_method,x_0,x_1,x_2,x_3,x_4,x_5,x_6,x_7
0,1,0.025083852422744635,0.50494151892728067,true,flipguard_tabular_validation_v2,sha256:5ab8f6012f10c07a3c85a4a5e3dbe1432c374948700aee0726362ddf8cbf4694,sha256:025eb7dea28322d4b60adcfff3b1ff48c3fb44aa57280d39eea813405a6561d5,model_input,identity_model_input_v1,-0.92609762836499998,-0.66259599847100004,-0.402342990831,0.38457111409,-0.67504030634300005,1.110114593399,1.1922563794909999,-0.083129335880000002
4,0,-0.065045088999441336,0.48718611746711005,false,flipguard_tabular_validation_v2,sha256:5ab8f6012f10c07a3c85a4a5e3dbe1432c374948700aee0726362ddf8cbf4694,sha256:025eb7dea28322d4b60adcfff3b1ff48c3fb44aa57280d39eea813405a6561d5,model_input,identity_model_input_v1,0.73623061153400005,1.635256550557,3.0638230741079999,1.085667401851,-0.38991743501499998,-1.0566774002379999,1.1922563794909999,-0.083129335880000002
6,0,-0.014727783097590917,0.49709862672977456,false,flipguard_tabular_validation_v2,sha256:5ab8f6012f10c07a3c85a4a5e3dbe1432c374948700aee0726362ddf8cbf4694,sha256:025eb7dea28322d4b60adcfff3b1ff48c3fb44aa57280d39eea813405a6561d5,model_input,identity_model_input_v1,0.26127968584799999,1.812014438944,0.85808103278299996,0.73511925797099997,-0.67504030634300005,-1.0566774002379999,0.88078048444299994,-0.083129335880000002
7,0,-0.049997695310071297,0.49015045402391594,false,flipguard_tabular_validation_v2,sha256:5ab8f6012f10c07a3c85a4a5e3dbe1432c374948700aee0726362ddf8cbf4694,sha256:025eb7dea28322d4b60adcfff3b1ff48c3fb44aa57280d39eea813405a6561d5,model_input,identity_model_input_v1,0.97370607437599999,0.044435555076,-0.402342990831,-1.543443677253,-0.67504030634300005,-1.0566774002379999,-1.143812833363,-0.083129335880000002
9,1,-0.018351791939140577,0.49638469698798932,false,flipguard_tabular_validation_v2,sha256:5ab8f6012f10c07a3c85a4a5e3dbe1432c374948700aee0726362ddf8cbf4694,sha256:025eb7dea28322d4b60adcfff3b1ff48c3fb44aa57280d39eea813405a6561d5,model_input,identity_model_input_v1,-0.45114670268000001,1.635256550557,1.1731870386859999,1.085667401851,-0.67504030634300005,-1.0566774002379999,0.10209074682499999,-0.083129335880000002
10,1,0.0073841599684713131,0.50145467951378886,true,flipguard_tabular_validation_v2,sha256:5ab8f6012f10c07a3c85a4a5e3dbe1432c374948700aee0726362ddf8cbf4694,sha256:025eb7dea28322d4b60adcfff3b1ff48c3fb44aa57280d39eea813405a6561d5,model_input,identity_model_input_v1,-0.45114670268000001,1.281740773783,-0.087236984928,0.55984518603,-0.67504030634300005,0.18148945326900001,-0.053647200697999997,-0.083129335880000002
15,1,0.098889337893398085,0.51948119956499939,true,flipguard_tabular_validation_v2,sha256:5ab8f6012f10c07a3c85a4a5e3dbe1432c374948700aee0726362ddf8cbf4694,sha256:025eb7dea28322d4b60adcfff3b1ff48c3fb44aa57280d39eea813405a6561d5,model_input,identity_model_input_v1,-2.350950405421,-0.66259599847100004,-0.402342990831,-0.84234738949200005,0.75057405029900004,0.95534373671100004,-0.053647200697999997,-0.083129335880000002
16,0,-0.048668850659719383,0.49041223642003529,false,flipguard_tabular_validation_v2,sha256:5ab8f6012f10c07a3c85a4a5e3dbe1432c374948700aee0726362ddf8cbf4694,sha256:025eb7dea28322d4b60adcfff3b1ff48c3fb44aa57280d39eea813405a6561d5,model_input,identity_model_input_v1,0.73623061153400005,0.75146710862300004,-0.402342990831,0.034022970210000003,-0.67504030634300005,-1.0566774002379999,-1.143812833363,-0.083129335880000002
17,1,0.065733271270180305,0.51294945444022555,true,flipguard_tabular_validation_v2,sha256:5ab8f6012f10c07a3c85a4a5e3dbe1432c374948700aee0726362ddf8cbf4694,sha256:025eb7dea28322d4b60adcfff3b1ff48c3fb44aa57280d39eea813405a6561d5,model_input,identity_model_input_v1,-0.92609762836499998,0.75146710862300004,-0.402342990831,1.085667401851,0.46545117896999999,1.2648854500869999,-0.98807488584000003,-0.083129335880000002
18,1,0.087828126332530648,0.51730214088750859,true,flipguard_tabular_validation_v2,sha256:5ab8f6012f10c07a3c85a4a5e3dbe1432c374948700aee0726362ddf8cbf4694,sha256:025eb7dea28322d4b60adcfff3b1ff48c3fb44aa57280d39eea813405a6561d5,model_input,identity_model_input_v1,0.26127968584799999,-1.016111775245,-0.402342990831,0.73511925797099997,-0.67504030634300005,0.800572880022,1.347994327014,2.9902111112240002
20,1,0.00042634970831865668,0.50008399089253874,true,flipguard_tabular_validation_v2,sha256:5ab8f6012f10c07a3c85a4a5e3dbe1432c374948700aee0726362ddf8cbf4694,sha256:025eb7dea28322d4b60adcfff3b1ff48c3fb44aa57280d39eea813405a6561d5,model_input,identity_model_input_v1,0.49875514869100002,0.397951331849,-0.087236984928,1.085667401851,0.180328307642,-0.59236483017300001,0.56930458939600004,-0.083129335880000002
21,1,0.091174481722734207,0.5179613728993786,true,flipguard_tabular_validation_v2,sha256:5ab8f6012f10c07a3c85a4a5e3dbe1432c374948700aee0726362ddf8cbf4694,sha256:025eb7dea28322d4b60adcfff3b1ff48c3fb44aa57280d39eea813405a6561d5,model_input,identity_model_input_v1,-1.40104855405,-1.016111775245,-0.402342990831,-0.84234738949200005,2.1761884069409998,0.800572880022,0.72504253691999998,-0.083129335880000002
25,1,0.044542735155792351,0.50877491882569115,true,flipguard_tabular_validation_v2,sha256:5ab8f6012f10c07a3c85a4a5e3dbe1432c374948700aee0726362ddf8cbf4694,sha256:025eb7dea28322d4b60adcfff3b1ff48c3fb44aa57280d39eea813405a6561d5,model_input,identity_model_input_v1,0.97370607437599999,-1.016111775245,-0.402342990831,0.55984518603,-0.38991743501499998,1.419656306776,-0.83233693831599997,-0.083129335880000002
26,0,0.0029258630357456008,0.50057639501804185,true,flipguard_tabular_validation_v2,sha256:5ab8f6012f10c07a3c85a4a5e3dbe1432c374948700aee0726362ddf8cbf4694,sha256:025eb7dea28322d4b60adcfff3b1ff48c3fb44aa57280d39eea813405a6561d5,model_input,identity_model_input_v1,0.49875514869100002,-1.016111775245,-0.402342990831,-0.66707331755199994,-0.67504030634300005,-1.0566774002379999,0.10209074682499999,-0.083129335880000002
29,1,0.0074758413419364761,0.50147274074436143,true,flipguard_tabular_validation_v2,sha256:5ab8f6012f10c07a3c85a4a5e3dbe1432c374948700aee0726362ddf8cbf4694,sha256:025eb7dea28322d4b60adcfff3b1ff48c3fb44aa57280d39eea813405a6561d5,model_input,identity_model_input_v1,-2.1134749425789998,-0.13232233331099999,-0.402342990831,0.55984518603,1.035696921627,-1.0566774002379999,-1.143812833363,-0.083129335880000002
30,1,0.011442779728050766,0.50225422760642602,true,flipguard_tabular_validation_v2,sha256:5ab8f6012f10c07a3c85a4a5e3dbe1432c374948700aee0726362ddf8cbf4694,sha256:025eb7dea28322d4b60adcfff3b1ff48c3fb44aa57280d39eea813405a6561d5,model_input,identity_model_input_v1,0.26127968584799999,-1.016111775245,-0.402342990831,0.55984518603,-0.67504030634300005,0.800572880022,1.347994327014,-0.083129335880000002
32,0,-0.019289446091259189,0.49619997912002195,false,flipguard_tabular_validation_v2,sha256:5ab8f6012f10c07a3c85a4a5e3dbe1432c374948700aee0726362ddf8cbf4694,sha256:025eb7dea28322d4b60adcfff3b1ff48c3fb44aa57280d39eea813405a6561d5,model_input,identity_model_input_v1,0.26127968584799999,-1.016111775245,-0.402342990831,-0.66707331755199994,-0.67504030634300005,-1.0566774002379999,-0.67659899079300001,-0.083129335880000002
35,0,-0.0056787022613416852,0.49888129565451567,false,flipguard_tabular_validation_v2,sha256:5ab8f6012f10c07a3c85a4a5e3dbe1432c374948700aee0726362ddf8cbf4694,sha256:025eb7dea28322d4b60adcfff3b1ff48c3fb44aa57280d39eea813405a6561d5,model_input,identity_model_input_v1,0.49875514869100002,-1.016111775245,-0.402342990831,0.38457111409,-0.67504030634300005,-0.128052260108,-1.143812833363,-0.083129335880000002
36,1,0.042900189689598613,0.50845133736885095,true,flipguard_tabular_validation_v2,sha256:5ab8f6012f10c07a3c85a4a5e3dbe1432c374948700aee0726362ddf8cbf4694,sha256:025eb7dea28322d4b60adcfff3b1ff48c3fb44aa57280d39eea813405a6561d5,model_input,identity_model_input_v1,0.49875514869100002,-0.485838110085,-0.402342990831,0.55984518603,0.46545117896999999,0.800572880022,-1.143812833363,-0.083129335880000002
38,1,0.063922829978633036,0.51259279750579068,true,flipguard_tabular_validation_v2,sha256:5ab8f6012f10c07a3c85a4a5e3dbe1432c374948700aee0726362ddf8cbf4694,sha256:025eb7dea28322d4b60adcfff3b1ff48c3fb44aa57280d39eea813405a6561d5,model_input,identity_model_input_v1,0.49875514869100002,-0.83935388685800005,-0.402342990831,1.085667401851,1.3208197929550001,0.18148945326900001,-1.143812833363,-0.083129335880000002
43,0,-0.041007003473827193,0.49192162031565606,false,flipguard_tabular_validation_v2,sha256:5ab8f6012f10c07a3c85a4a5e3dbe1432c374948700aee0726362ddf8cbf4694,sha256:025eb7dea28322d4b60adcfff3b1ff48c3fb44aa57280d39eea813405a6561d5,model_input,identity_model_input_v1,0.97370607437599999,0.75146710862300004,-0.402342990831,0.91039332991099997,-0.67504030634300005,-1.0566774002379999,-1.143812833363,-0.083129335880000002
44,1,0.014643048998405758,0.50288468065268599,true,flipguard_tabular_validation_v2,sha256:5ab8f6012f10c07a3c85a4a5e3dbe1432c374948700aee0726362ddf8cbf4694,sha256:025eb7dea28322d4b60adcfff3b1ff48c3fb44aa57280d39eea813405a6561d5,model_input,identity_model_input_v1,0.97370607437599999,-0.66259599847100004,-0.402342990831,-1.1928955333719999,-0.67504030634300005,0.800572880022,0.72504253691999998,-0.083129335880000002
46,0,-0.031596794850744521,0.49377543141440333,false,flipguard_tabular_validation_v2,sha256:5ab8f6012f10c07a3c85a4a5e3dbe1432c374948700aee0726362ddf8cbf4694,sha256:025eb7dea28322d4b60adcfff3b1ff48c3fb44aa57280d39eea813405a6561d5,model_input,identity_model_input_v1,0.73623061153400005,-1.016111775245,-0.402342990831,0.20929704215,-0.67504030634300005,-1.0566774002379999,-1.143812833363,-0.083129335880000002
48,0,-0.036550215148064572,0.4927996076158313,false,flipguard_tabular_validation_v2,sha256:5ab8f6012f10c07a3c85a4a5e3dbe1432c374948700aee0726362ddf8cbf4694,sha256:025eb7dea28322d4b60adcfff3b1ff48c3fb44aa57280d39eea813405a6561d5,model_input,identity_model_input_v1,0.49875514869100002,-0.485838110085,-0.402342990831,0.91039332991099997,-0.67504030634300005,-1.0566774002379999,-1.143812833363,-0.083129335880000002
52,1,0.085275290381802524,0.51679923220521506,true,flipguard_tabular_validation_v2,sha256:5ab8f6012f10c07a3c85a4a5e3dbe1432c374948700aee0726362ddf8cbf4694,sha256:025eb7dea28322d4b60adcfff3b1ff48c3fb44aa57280d39eea813405a6561d5,model_input,identity_model_input_v1,0.49875514869100002,-0.83935388685800005,-0.402342990831,1.085667401851,1.3208197929550001,0.64580202333400005,-1.143812833363,-0.083129335880000002
55,1,0.19199103707797927,0.53782223430436193,true,flipguard_tabular_validation_v2,sha256:5ab8f6012f10c07a3c85a4a5e3dbe1432c374948700aee0726362ddf8cbf4694,sha256:025eb7dea28322d4b60adcfff3b1ff48c3fb44aa57280d39eea813405a6561d5,model_input,identity_model_input_v1,0.49875514869100002,-0.83935388685800005,-0.402342990831,0.38457111409,0.46545117896999999,1.2648854500869999,0.10209074682499999,6.0635515583290003
56,1,0.099064558538627362,0.51951571803210961,true,flipguard_tabular_validation_v2,sha256:5ab8f6012f10c07a3c85a4a5e3dbe1432c374948700aee0726362ddf8cbf4694,sha256:025eb7dea28322d4b60adcfff3b1ff48c3fb44aa57280d39eea813405a6561d5,model_input,identity_model_input_v1,0.49875514869100002,-0.83935388685800005,-0.402342990831,1.085667401851,1.035696921627,1.2648854500869999,-1.143812833363,-0.083129335880000002
57,1,0.024307274128349959,0.50478853300328497,true,flipguard_tabular_validation_v2,sha256:5ab8f6012f10c07a3c85a4a5e3dbe1432c374948700aee0726362ddf8cbf4694,sha256:025eb7dea28322d4b60adcfff3b1ff48c3fb44aa57280d39eea813405a6561d5,model_input,identity_model_input_v1,0.023804223005999998,0.22119344346299999,-0.402342990831,0.55984518603,-0.67504030634300005,0.49103116664500002,-0.053647200697999997,-0.083129335880000002
59,0,0.013556495173401115,0.50267062954915998,true,flipguard_tabular_validation_v2,sha256:5ab8f6012f10c07a3c85a4a5e3dbe1432c374948700aee0726362ddf8cbf4694,sha256:025eb7dea28322d4b60adcfff3b1ff48c3fb44aa57280d39eea813405a6561d5,model_input,identity_model_input_v1,0.49875514869100002,-0.66259599847100004,-0.402342990831,-1.0176214614320001,-0.67504030634300005,-0.128052260108,0.41356664187300002,-0.083129335880000002
60,1,-0.007248807067123355,0.49857198500777672,false,flipguard_tabular_validation_v2,sha256:5ab8f6012f10c07a3c85a4a5e3dbe1432c374948700aee0726362ddf8cbf4694,sha256:025eb7dea28322d4b60adcfff3b1ff48c3fb44aa57280d39eea813405a6561d5,model_input,identity_model_input_v1,-2.1134749425789998,0.75146710862300004,-0.087236984928,-1.7187177491929999,-0.67504030634300005,1.2648854500869999,1.347994327014,-0.083129335880000002
62,1,0.0062541711931533642,0.50123207172505124,true,flipguard_tabular_validation_v2,sha256:5ab8f6012f10c07a3c85a4a5e3dbe1432c374948700aee0726362ddf8cbf4694,sha256:025eb7dea28322d4b60adcfff3b1ff48c3fb44aa57280d39eea813405a6561d5,model_input,identity_model_input_v1,-0.92609762836499998,-0.13232233331099999,-0.402342990831,-0.84234738949200005,-0.67504030634300005,0.18148945326900001,1.1922563794909999,-0.083129335880000002
63,0,-0.050678833448411766,0.49001626981066287,false,flipguard_tabular_validation_v2,sha256:5ab8f6012f10c07a3c85a4a5e3dbe1432c374948700aee0726362ddf8cbf4694,sha256:025eb7dea28322d4b60adcfff3b1ff48c3fb44aa57280d39eea813405a6561d5,model_input,identity_model_input_v1,-0.21367123983700001,1.104982885396,1.48829304459,0.034022970210000003,-0.104794563686,-1.0566774002379999,-1.143812833363,-0.083129335880000002
65,0,-0.070972738954706821,0.48601837042592277,false,flipguard_tabular_validation_v2,sha256:5ab8f6012f10c07a3c85a4a5e3dbe1432c374948700aee0726362ddf8cbf4694,sha256:025eb7dea28322d4b60adcfff3b1ff48c3fb44aa57280d39eea813405a6561d5,model_input,identity_model_input_v1,-0.68862216552199995,1.635256550557,-0.087236984928,0.20929704215,-0.67504030634300005,-1.0566774002379999,-1.143812833363,-0.083129335880000002
68,0,-0.040093554699771279,0.49210156972414504,false,flipguard_tabular_validation_v2,sha256:5ab8f6012f10c07a3c85a4a5e3dbe1432c374948700aee0726362ddf8cbf4694,sha256:025eb7dea28322d4b60adcfff3b1ff48c3fb44aa57280d39eea813405a6561d5,model_input,identity_model_input_v1,-2.825901331107,0.92822499701000005,4.0091410918179999,0.20929704215,-0.67504030634300005,-0.74713568686200005,-0.67659899079300001,-0.083129335880000002
69,1,0.0093308638980415977,0.50183818018791415,true,flipguard_tabular_validation_v2,sha256:5ab8f6012f10c07a3c85a4a5e3dbe1432c374948700aee0726362ddf8cbf4694,sha256:025eb7dea28322d4b60adcfff3b1ff48c3fb44aa57280d39eea813405a6561d5,model_input,identity_model_input_v1,0.73623061153400005,-1.016111775245,-0.402342990831,0.73511925797099997,-0.67504030634300005,-1.0566774002379999,-0.053647200697999997,-0.083129335880000002
70,0,-0.017160109036650283,0.4966194585197799,false,flipguard_tabular_validation_v2,sha256:5ab8f6012f10c07a3c85a4a5e3dbe1432c374948700aee0726362ddf8cbf4694,sha256:025eb7dea28322d4b60adcfff3b1ff48c3fb44aa57280d39eea813405a6561d5,model_input,identity_model_input_v1,0.97370607437599999,1.635256550557,0.54297502687900001,0.73511925797099997,-0.104794563686,0.49103116664500002,0.72504253691999998,-0.083129335880000002
71,0,-0.047291544167802159,0.49068356579894296,false,flipguard_tabular_validation_v2,sha256:5ab8f6012f10c07a3c85a4a5e3dbe1432c374948700aee0726362ddf8cbf4694,sha256:025eb7dea28322d4b60adcfff3b1ff48c3fb44aa57280d39eea813405a6561d5,model_input,identity_model_input_v1,0.26127968584799999,0.22119344346299999,-0.402342990831,0.38457111409,-0.67504030634300005,-1.0566774002379999,-1.143812833363,-0.083129335880000002
72,1,0.14708343780504538,0.52897543724759399,true,flipguard_tabular_validation_v2,sha256:5ab8f6012f10c07a3c85a4a5e3dbe1432c374948700aee0726362ddf8cbf4694,sha256:025eb7dea28322d4b60adcfff3b1ff48c3fb44aa57280d39eea813405a6561d5,model_input,identity_model_input_v1,-0.92609762836499998,-0.66259599847100004,-0.402342990831,0.73511925797099997,3.3166798922540002,1.419656306776,1.347994327014,-0.083129335880000002
77,0,-0.059368036566489722,0.48830449679640153,false,flipguard_tabular_validation_v2,sha256:5ab8f6012f10c07a3c85a4a5e3dbe1432c374948700aee0726362ddf8cbf4694,sha256:025eb7dea28322d4b60adcfff3b1ff48c3fb44aa57280d39eea813405a6561d5,model_input,identity_model_input_v1,-0.45114670268000001,1.104982885396,-0.087236984928,0.73511925797099997,-0.67504030634300005,-1.0566774002379999,-1.143812833363,-0.083129335880000002
81,1,0.015698992484348986,0.50309270151941676,true,flipguard_tabular_validation_v2,sha256:5ab8f6012f10c07a3c85a4a5e3dbe1432c374948700aee0726362ddf8cbf4694,sha256:025eb7dea28322d4b60adcfff3b1ff48c3fb44aa57280d39eea813405a6561d5,model_input,identity_model_input_v1,0.49875514869100002,-0.83935388685800005,-0.402342990831,0.73511925797099997,-0.67504030634300005,-0.90190654354999999,1.036518431967,-0.083129335880000002
84,1,0.0033798367567456833,0.50066582784107894,true,flipguard_tabular_validation_v2,sha256:5ab8f6012f10c07a3c85a4a5e3dbe1432c374948700aee0726362ddf8cbf4694,sha256:025eb7dea28322d4b60adcfff3b1ff48c3fb44aa57280d39eea813405a6561d5,model_input,identity_model_input_v1,0.26127968584799999,-0.83935388685800005,-0.402342990831,-0.66707331755199994,-0.67504030634300005,0.18148945326900001,1.347994327014,-0.083129335880000002
87,0,-0.048038804208678225,0.49053635557089037,false,flipguard_tabular_validation_v2,sha256:5ab8f6012f10c07a3c85a4a5e3dbe1432c374948700aee0726362ddf8cbf4694,sha256:025eb7dea28322d4b60adcfff3b1ff48c3fb44aa57280d39eea813405a6561d5,model_input,identity_model_input_v1,-0.45114670268000001,0.75146710862300004,-0.402342990831,-0.141251101731,-0.104794563686,-0.90190654354999999,-0.83233693831599997,-0.083129335880000002
90,1,0.063840805514163795,0.51257663868629022,true,flipguard_tabular_validation_v2,sha256:5ab8f6012f10c07a3c85a4a5e3dbe1432c374948700aee0726362ddf8cbf4694,sha256:025eb7dea28322d4b60adcfff3b1ff48c3fb44aa57280d39eea813405a6561d5,model_input,identity_model_input_v1,-2.350950405421,-1.016111775245,-0.402342990831,-0.84234738949200005,0.46545117896999999,0.49103116664500002,1.036518431967,-0.083129335880000002
91,1,0.12692077116762251,0.52500339192002166,true,flipguard_tabular_validation_v2,sha256:5ab8f6012f10c07a3c85a4a5e3dbe1432c374948700aee0726362ddf8cbf4694,sha256:025eb7dea28322d4b60adcfff3b1ff48c3fb44aa57280d39eea813405a6561d5,model_input,identity_model_input_v1,0.023804223005999998,-1.016111775245,-0.402342990831,0.91039332991099997,1.605942664284,0.95534373671100004,-1.143812833363,-0.083129335880000002
92,1,0.028940636764507567,0.50570130544260794,true,flipguard_tabular_validation_v2,sha256:5ab8f6012f10c07a3c85a4a5e3dbe1432c374948700aee0726362ddf8cbf4694,sha256:025eb7dea28322d4b60adcfff3b1ff48c3fb44aa57280d39eea813405a6561d5,model_input,identity_model_input_v1,0.97370607437599999,-0.13232233331099999,-0.402342990831,-0.141251101731,-0.67504030634300005,1.419656306776,-0.98807488584000003,-0.083129335880000002
93,0,-0.054938538950513913,0.48917710782674878,false,flipguard_tabular_validation_v2,sha256:5ab8f6012f10c07a3c85a4a5e3dbe1432c374948700aee0726362ddf8cbf4694,sha256:025eb7dea28322d4b60adcfff3b1ff48c3fb44aa57280d39eea813405a6561d5,model_input,identity_model_input_v1,-2.5884258682639998,1.104982885396,4.0091410918179999,0.034022970210000003,-0.67504030634300005,-1.0566774002379999,-1.143812833363,-0.083129335880000002
94,1,0.033966116559798219,0.5066913249622802,true,flipguard_tabular_validation_v2,sha256:5ab8f6012f10c07a3c85a4a5e3dbe1432c374948700aee0726362ddf8cbf4694,sha256:025eb7dea28322d4b60adcfff3b1ff48c3fb44aa57280d39eea813405a6561d5,model_input,identity_model_input_v1,0.26127968584799999,-1.016111775245,-0.402342990831,0.73511925797099997,-0.67504030634300005,1.419656306776,0.56930458939600004,-0.083129335880000002
95,0,-0.01699200916497786,0.49665257419449937,false,flipguard_tabular_validation_v2,sha256:5ab8f6012f10c07a3c85a4a5e3dbe1432c374948700aee0726362ddf8cbf4694,sha256:025eb7dea28322d4b60adcfff3b1ff48c3fb44aa57280d39eea813405a6561d5,model_input,identity_model_input_v1,-0.92609762836499998,1.281740773783,2.1185050563969998,1.085667401851,0.75057405029900004,-1.0566774002379999,-1.143812833363,-0.083129335880000002
97,0,-0.055023295406688502,0.48916041080488237,false,flipguard_tabular_validation_v2,sha256:5ab8f6012f10c07a3c85a4a5e3dbe1432c374948700aee0726362ddf8cbf4694,sha256:025eb7dea28322d4b60adcfff3b1ff48c3fb44aa57280d39eea813405a6561d5,model_input,identity_model_input_v1,0.023804223005999998,0.57470922023600002,-0.087236984928,-0.31652517367100003,-0.67504030634300005,-1.0566774002379999,-1.143812833363,-0.083129335880000002
100,0,-0.04753328663413639,0.49063594253307513,false,flipguard_tabular_validation_v2,sha256:5ab8f6012f10c07a3c85a4a5e3dbe1432c374948700aee0726362ddf8cbf4694,sha256:025eb7dea28322d4b60adcfff3b1ff48c3fb44aa57280d39eea813405a6561d5,model_input,identity_model_input_v1,0.26127968584799999,1.635256550557,3.694035085915,1.085667401851,-0.38991743501499998,-1.0566774002379999,-1.143812833363,-0.083129335880000002
101,1,0.052561845045538014,0.51035468347397095,true,flipguard_tabular_validation_v2,sha256:5ab8f6012f10c07a3c85a4a5e3dbe1432c374948700aee0726362ddf8cbf4694,sha256:025eb7dea28322d4b60adcfff3b1ff48c3fb44aa57280d39eea813405a6561d5,model_input,identity_model_input_v1,-2.5884258682639998,0.397951331849,-0.402342990831,-1.3681696053129999,2.4613112782690001,1.419656306776,1.347994327014,-0.083129335880000002
106,0,-0.060327193537719287,0.4881155428730693,false,flipguard_tabular_validation_v2,sha256:5ab8f6012f10c07a3c85a4a5e3dbe1432c374948700aee0726362ddf8cbf4694,sha256:025eb7dea28322d4b60adcfff3b1ff48c3fb44aa57280d39eea813405a6561d5,model_input,identity_model_input_v1,-2.5884258682639998,1.104982885396,-0.402342990831,0.20929704215,0.180328307642,-1.0566774002379999,-1.143812833363,-0.083129335880000002
108,0,-0.042406271073478219,0.49164596459852478,false,flipguard_tabular_validation_v2,sha256:5ab8f6012f10c07a3c85a4a5e3dbe1432c374948700aee0726362ddf8cbf4694,sha256:025eb7dea28322d4b60adcfff3b1ff48c3fb44aa57280d39eea813405a6561d5,model_input,identity_model_input_v1,0.97370607437599999,-0.30908022169799998,-0.402342990831,-1.7187177491929999,-0.67504030634300005,-0.90190654354999999,-1.143812833363,-0.083129335880000002
110,1,0.010391445617660519,0.50204711478667907,true,flipguard_tabular_validation_v2,sha256:5ab8f6012f10c07a3c85a4a5e3dbe1432c374948700aee0726362ddf8cbf4694,sha256:025eb7dea28322d4b60adcfff3b1ff48c3fb44aa57280d39eea813405a6561d5,model_input,identity_model_input_v1,0.49875514869100002,-1.016111775245,-0.402342990831,0.91039332991099997,-0.38991743501499998,1.419656306776,1.347994327014,-0.083129335880000002
111,0,-0.060393493517389776,0.48810248177707422,false,flipguard_tabular_validation_v2,sha256:5ab8f6012f10c07a3c85a4a5e3dbe1432c374948700aee0726362ddf8cbf4694,sha256:025eb7dea28322d4b60adcfff3b1ff48c3fb44aa57280d39eea813405a6561d5,model_input,identity_model_input_v1,-2.5884258682639998,1.812014438944,2.4336110622999998,0.91039332991099997,-0.67504030634300005,-1.0566774002379999,-1.143812833363,-0.083129335880000002
116,1,0.075863196247049264,0.51494504966066867,true,flipguard_tabular_validation_v2,sha256:5ab8f6012f10c07a3c85a4a5e3dbe1432c374948700aee0726362ddf8cbf4694,sha256:025eb7dea28322d4b60adcfff3b1ff48c3fb44aa57280d39eea813405a6561d5,model_input,identity_model_input_v1,-2.350950405421,-0.13232233331099999,-0.402342990831,-1.1928955333719999,2.4613112782690001,1.419656306776,1.347994327014,-0.083129335880000002
123,1,0.078245115492540041,0.51541428775203035,true,flipguard_tabular_validation_v2,sha256:5ab8f6012f10c07a3c85a4a5e3dbe1432c374948700aee0726362ddf8cbf4694,sha256:025eb7dea28322d4b60adcfff3b1ff48c3fb44aa57280d39eea813405a6561d5,model_input,identity_model_input_v1,-0.21367123983700001,-1.016111775245,-0.402342990831,1.085667401851,1.3208197929550001,0.33626030995700001,0.72504253691999998,-0.083129335880000002
124,1,0.045218074417650161,0.5089079606602771,true,flipguard_tabular_validation_v2,sha256:5ab8f6012f10c07a3c85a4a5e3dbe1432c374948700aee0726362ddf8cbf4694,sha256:025eb7dea28322d4b60adcfff3b1ff48c3fb44aa57280d39eea813405a6561d5,model_input,identity_model_input_v1,-2.825901331107,0.044435555076,-0.402342990831,-1.543443677253,0.75057405029900004,0.64580202333400005,0.72504253691999998,-0.083129335880000002
125,0,-0.044564309417088444,0.49122083104483355,false,flipguard_tabular_validation_v2,sha256:5ab8f6012f10c07a3c85a4a5e3dbe1432c374948700aee0726362ddf8cbf4694,sha256:025eb7dea28322d4b60adcfff3b1ff48c3fb44aa57280d39eea813405a6561d5,model_input,identity_model_input_v1,-0.45114670268000001,-1.016111775245,-0.402342990831,-0.49179924561100002,-0.67504030634300005,-1.0566774002379999,-1.143812833363,-0.083129335880000002
128,0,-0.05965278009081261,0.48824840232210992,false,flipguard_tabular_validation_v2,sha256:5ab8f6012f10c07a3c85a4a5e3dbe1432c374948700aee0726362ddf8cbf4694,sha256:025eb7dea28322d4b60adcfff3b1ff48c3fb44aa57280d39eea813405a6561d5,model_input,identity_model_input_v1,-1.638524016893,1.812014438944,2.1185050563969998,1.085667401851,-0.67504030634300005,-1.0566774002379999,-1.143812833363,-0.083129335880000002
130,1,0.024353600982625897,0.50479765939357735,true,flipguard_tabular_validation_v2,sha256:5ab8f6012f10c07a3c85a4a5e3dbe1432c374948700aee0726362ddf8cbf4694,sha256:025eb7dea28322d4b60adcfff3b1ff48c3fb44aa57280d39eea813405a6561d5,model_input,identity_model_input_v1,-0.92609762836499998,1.281740773783,-0.087236984928,0.91039332991099997,-0.67504030634300005,1.2648854500869999,0.41356664187300002,-0.083129335880000002
136,1,0.12983735620546677,0.52557795917247696,true,flipguard_tabular_validation_v2,sha256:5ab8f6012f10c07a3c85a4a5e3dbe1432c374948700aee0726362ddf8cbf4694,sha256:025eb7dea28322d4b60adcfff3b1ff48c3fb44aa57280d39eea813405a6561d5,model_input,identity_model_input_v1,-0.68862216552199995,-1.016111775245,-0.402342990831,0.38457111409,3.3166798922540002,1.419656306776,1.347994327014,-0.083129335880000002
138,1,0.012023826562429781,0.5023686938327987,true,flipguard_tabular_validation_v2,sha256:5ab8f6012f10c07a3c85a4a5e3dbe1432c374948700aee0726362ddf8cbf4694,sha256:025eb7dea28322d4b60adcfff3b1ff48c3fb44aa57280d39eea813405a6561d5,model_input,identity_model_input_v1,0.73623061153400005,-1.016111775245,-0.402342990831,-0.141251101731,-0.67504030634300005,-1.0566774002379999,0.56930458939600004,-0.083129335880000002
141,0,-0.14300646230017108,0.47182772692686631,false,flipguard_tabular_validation_v2,sha256:5ab8f6012f10c07a3c85a4a5e3dbe1432c374948700aee0726362ddf8cbf4694,sha256:025eb7dea28322d4b60adcfff3b1ff48c3fb44aa57280d39eea813405a6561d5,model_input,identity_model_input_v1,-0.92609762836499998,1.45849866217,0.22786902097600001,-1.7187177491929999,1.605942664284,-1.0566774002379999,-1.143812833363,-0.083129335880000002
142,0,-0.043080813459465239,0.49151307974848535,false,flipguard_tabular_validation_v2,sha256:5ab8f6012f10c07a3c85a4a5e3dbe1432c374948700aee0726362ddf8cbf4694,sha256:025eb7dea28322d4b60adcfff3b1ff48c3fb44aa57280d39eea813405a6561d5,model_input,identity_model_input_v1,0.26127968584799999,-0.13232233331099999,-0.402342990831,0.55984518603,-0.67504030634300005,-1.0566774002379999,-1.143812833363,-0.083129335880000002
146,0,-0.038704613633800032,0.49237519111414141,false,flipguard_tabular_validation_v2,sha256:5ab8f6012f10c07a3c85a4a5e3dbe1432c374948700aee0726362ddf8cbf4694,sha256:025eb7dea28322d4b60adcfff3b1ff48c3fb44aa57280d39eea813405a6561d5,model_input,identity_model_input_v1,0.26127968584799999,1.812014438944,0.85808103278299996,-1.7187177491929999,-0.67504030634300005,-1.0566774002379999,0.88078048444299994,-0.083129335880000002
148,0,0.0062155932344736958,0.50122447186719132,true,flipguard_tabular_validation_v2,sha256:5ab8f6012f10c07a3c85a4a5e3dbe1432c374948700aee0726362ddf8cbf4694,sha256:025eb7dea28322d4b60adcfff3b1ff48c3fb44aa57280d39eea813405a6561d5,model_input,identity_model_input_v1,-2.825901331107,0.92822499701000005,-0.402342990831,-1.7187177491929999,-0.67504030634300005,1.2648854500869999,1.347994327014,-0.083129335880000002
149,0,-0.035420966282251297,0.49302206964239648,false,flipguard_tabular_validation_v2,sha256:5ab8f6012f10c07a3c85a4a5e3dbe1432c374948700aee0726362ddf8cbf4694,sha256:025eb7dea28322d4b60adcfff3b1ff48c3fb44aa57280d39eea813405a6561d5,model_input,identity_model_input_v1,0.26127968584799999,-1.016111775245,-0.402342990831,0.38457111409,-0.67504030634300005,-1.0566774002379999,-1.143812833363,-0.083129335880000002
150,0,-0.025983441340783738,0.49488126205586558,false,flipguard_tabular_validation_v2,sha256:5ab8f6012f10c07a3c85a4a5e3dbe1432c374948700aee0726362ddf8cbf4694,sha256:025eb7dea28322d4b60adcfff3b1ff48c3fb44aa57280d39eea813405a6561d5,model_input,identity_model_input_v1,-1.163573091208,1.812014438944,1.803399050493,0.55984518603,-0.67504030634300005,-1.0566774002379999,0.56930458939600004,-0.083129335880000002
151,0,-0.036456617243365186,0.49281804640305704,false,flipguard_tabular_validation_v2,sha256:5ab8f6012f10c07a3c85a4a5e3dbe1432c374948700aee0726362ddf8cbf4694,sha256:025eb7dea28322d4b60adcfff3b1ff48c3fb44aa57280d39eea813405a6561d5,model_input,identity_model_input_v1,-0.21367123983700001,1.812014438944,1.1731870386859999,-1.0176214614320001,-0.67504030634300005,-0.90190654354999999,1.036518431967,-0.083129335880000002
152,1,0.088000621351598418,0.51733612240626492,true,flipguard_tabular_validation_v2,sha256:5ab8f6012f10c07a3c85a4a5e3dbe1432c374948700aee0726362ddf8cbf4694,sha256:025eb7dea28322d4b60adcfff3b1ff48c3fb44aa57280d39eea813405a6561d5,model_input,identity_model_input_v1,-1.40104855405,-1.016111775245,-0.402342990831,0.38457111409,1.035696921627,1.419656306776,1.347994327014,-0.083129335880000002
155,0,-0.11422241212306528,0.47749818481175615,false,flipguard_tabular_validation_v2,sha256:5ab8f6012f10c07a3c85a4a5e3dbe1432c374948700aee0726362ddf8cbf4694,sha256:025eb7dea28322d4b60adcfff3b1ff48c3fb44aa57280d39eea813405a6561d5,model_input,identity_model_input_v1,0.49875514869100002,1.635256550557,3.0638230741079999,-1.0176214614320001,-0.67504030634300005,1.110114593399,1.347994327014,-0.083129335880000002
156,0,-0.0075269693323108001,0.49851718704153475,false,flipguard_tabular_validation_v2,sha256:5ab8f6012f10c07a3c85a4a5e3dbe1432c374948700aee0726362ddf8cbf4694,sha256:025eb7dea28322d4b60adcfff3b1ff48c3fb44aa57280d39eea813405a6561d5,model_input,identity_model_input_v1,0.73623061153400005,-0.83935388685800005,-0.402342990831,-1.3681696053129999,-0.67504030634300005,-0.90190654354999999,1.347994327014,-0.083129335880000002
157,1,0.086116711113312885,0.51696499208932267,true,flipguard_tabular_validation_v2,sha256:5ab8f6012f10c07a3c85a4a5e3dbe1432c374948700aee0726362ddf8cbf4694,sha256:025eb7dea28322d4b60adcfff3b1ff48c3fb44aa57280d39eea813405a6561d5,model_input,identity_model_input_v1,-2.1134749425789998,-0.485838110085,-0.402342990831,-1.0176214614320001,2.1761884069409998,0.800572880022,0.88078048444299994,-0.083129335880000002
158,0,-0.0030404364297593424,0.49940103402333741,false,flipguard_tabular_validation_v2,sha256:5ab8f6012f10c07a3c85a4a5e3dbe1432c374948700aee0726362ddf8cbf4694,sha256:025eb7dea28322d4b60adcfff3b1ff48c3fb44aa57280d39eea813405a6561d5,model_input,identity_model_input_v1,0.49875514869100002,-1.016111775245,-0.402342990831,-1.3681696053129999,-0.67504030634300005,0.18148945326900001,1.347994327014,-0.083129335880000002
159,0,0.002601087433737422,0.50051241422444626,true,flipguard_tabular_validation_v2,sha256:5ab8f6012f10c07a3c85a4a5e3dbe1432c374948700aee0726362ddf8cbf4694,sha256:025eb7dea28322d4b60adcfff3b1ff48c3fb44aa57280d39eea813405a6561d5,model_input,identity_model_input_v1,0.73623061153400005,1.104982885396,-0.402342990831,1.085667401851,-0.67504030634300005,-1.0566774002379999,0.25782869434900002,-0.083129335880000002
160,1,0.097931033721820049,0.51929241364319856,true,flipguard_tabular_validation_v2,sha256:5ab8f6012f10c07a3c85a4a5e3dbe1432c374948700aee0726362ddf8cbf4694,sha256:025eb7dea28322d4b60adcfff3b1ff48c3fb44aa57280d39eea813405a6561d5,model_input,identity_model_input_v1,0.26127968584799999,-1.016111775245,-0.402342990831,0.38457111409,1.035696921627,1.419656306776,-0.52086104326899996,-0.083129335880000002
161,0,-0.020867817720905558,0.49588903990898159,false,flipguard_tabular_validation_v2,sha256:5ab8f6012f10c07a3c85a4a5e3dbe1432c374948700aee0726362ddf8cbf4694,sha256:025eb7dea28322d4b60adcfff3b1ff48c3fb44aa57280d39eea813405a6561d5,model_input,identity_model_input_v1,0.023804223005999998,1.812014438944,1.803399050493,0.91039332991099997,0.75057405029900004,-0.43759397348500001,-0.52086104326899996,-0.083129335880000002
165,0,-0.049584103487633591,0.49023193161293616,false,flipguard_tabular_validation_v2,sha256:5ab8f6012f10c07a3c85a4a5e3dbe1432c374948700aee0726362ddf8cbf4694,sha256:025eb7dea28322d4b60adcfff3b1ff48c3fb44aa57280d39eea813405a6561d5,model_input,identity_model_input_v1,0.73623061153400005,1.281740773783,0.22786902097600001,1.085667401851,1.035696921627,-1.0566774002379999,0.56930458939600004,-0.083129335880000002
166,1,0.093751400206238455,0.51846902584062893,true,flipguard_tabular_validation_v2,sha256:5ab8f6012f10c07a3c85a4a5e3dbe1432c374948700aee0726362ddf8cbf4694,sha256:025eb7dea28322d4b60adcfff3b1ff48c3fb44aa57280d39eea813405a6561d5,model_input,identity_model_input_v1,-1.163573091208,-0.83935388685800005,-0.402342990831,-0.141251101731,2.1761884069409998,1.2648854500869999,1.1922563794909999,-0.083129335880000002
168,0,-0.037081688796573781,0.49269490730707499,false,flipguard_tabular_validation_v2,sha256:5ab8f6012f10c07a3c85a4a5e3dbe1432c374948700aee0726362ddf8cbf4694,sha256:025eb7dea28322d4b60adcfff3b1ff48c3fb44aa57280d39eea813405a6561d5,model_input,identity_model_input_v1,0.97370607437599999,1.812014438944,2.7487170682039999,0.034022970210000003,-0.67504030634300005,-1.0566774002379999,-1.143812833363,-0.083129335880000002
173,1,0.082698785223654037,0.51629166068905985,true,flipguard_tabular_validation_v2,sha256:5ab8f6012f10c07a3c85a4a5e3dbe1432c374948700aee0726362ddf8cbf4694,sha256:025eb7dea28322d4b60adcfff3b1ff48c3fb44aa57280d39eea813405a6561d5,model_input,identity_model_input_v1,-2.350950405421,-0.66259599847100004,-0.402342990831,0.034022970210000003,0.46545117896999999,1.419656306776,1.347994327014,-0.083129335880000002
176,0,-0.060312956062937288,0.48811834765560136,false,flipguard_tabular_validation_v2,sha256:5ab8f6012f10c07a3c85a4a5e3dbe1432c374948700aee0726362ddf8cbf4694,sha256:025eb7dea28322d4b60adcfff3b1ff48c3fb44aa57280d39eea813405a6561d5,model_input,identity_model_input_v1,0.97370607437599999,0.92822499701000005,-0.402342990831,-1.543443677253,-0.67504030634300005,-1.0566774002379999,-1.143812833363,-0.083129335880000002
177,0,-0.029252126096959791,0.4942373311588989,false,flipguard_tabular_validation_v2,sha256:5ab8f6012f10c07a3c85a4a5e3dbe1432c374948700aee0726362ddf8cbf4694,sha256:025eb7dea28322d4b60adcfff3b1ff48c3fb44aa57280d39eea813405a6561d5,model_input,identity_model_input_v1,0.97370607437599999,-0.83935388685800005,-0.402342990831,0.73511925797099997,-0.67504030634300005,-1.0566774002379999,-1.143812833363,-0.083129335880000002
178,0,-0.0021716352857319441,0.49957218784871082,false,flipguard_tabular_validation_v2,sha256:5ab8f6012f10c07a3c85a4a5e3dbe1432c374948700aee0726362ddf8cbf4694,sha256:025eb7dea28322d4b60adcfff3b1ff48c3fb44aa57280d39eea813405a6561d5,model_input,identity_model_input_v1,0.26127968584799999,-1.016111775245,-0.402342990831,-1.3681696053129999,-0.67504030634300005,0.18148945326900001,1.347994327014,-0.083129335880000002
180,1,0.054867182906073841,0.51080883503249652,true,flipguard_tabular_validation_v2,sha256:5ab8f6012f10c07a3c85a4a5e3dbe1432c374948700aee0726362ddf8cbf4694,sha256:025eb7dea28322d4b60adcfff3b1ff48c3fb44aa57280d39eea813405a6561d5,model_input,identity_model_input_v1,0.49875514869100002,-1.016111775245,-0.402342990831,1.085667401851,2.1761884069409998,1.110114593399,1.347994327014,-0.083129335880000002
183,1,0.057997673110922729,0.51142554160285181,true,flipguard_tabular_validation_v2,sha256:5ab8f6012f10c07a3c85a4a5e3dbe1432c374948700aee0726362ddf8cbf4694,sha256:025eb7dea28322d4b60adcfff3b1ff48c3fb44aa57280d39eea813405a6561d5,model_input,identity_model_input_v1,-1.40104855405,-0.485838110085,-0.402342990831,0.20929704215,0.180328307642,1.419656306776,1.036518431967,-0.083129335880000002
185,0,-0.060529994941460226,0.48807559099653236,false,flipguard_tabular_validation_v2,sha256:5ab8f6012f10c07a3c85a4a5e3dbe1432c374948700aee0726362ddf8cbf4694,sha256:025eb7dea28322d4b60adcfff3b1ff48c3fb44aa57280d39eea813405a6561d5,model_input,identity_model_input_v1,0.49875514869100002,1.45849866217,0.54297502687900001,0.20929704215,-0.104794563686,-1.0566774002379999,-1.143812833363,-0.083129335880000002
188,1,0.11842481420471519,0.52332968839832894,true,flipguard_tabular_validation_v2,sha256:5ab8f6012f10c07a3c85a4a5e3dbe1432c374948700aee0726362ddf8cbf4694,sha256:025eb7dea28322d4b60adcfff3b1ff48c3fb44aa57280d39eea813405a6561d5,model_input,identity_model_input_v1,0.26127968584799999,-0.83935388685800005,-0.402342990831,1.085667401851,1.605942664284,0.95534373671100004,-1.143812833363,-0.083129335880000002
190,0,-0.02995002415246651,0.4940998452419641,false,flipguard_tabular_validation_v2,sha256:5ab8f6012f10c07a3c85a4a5e3dbe1432c374948700aee0726362ddf8cbf4694,sha256:025eb7dea28322d4b60adcfff3b1ff48c3fb44aa57280d39eea813405a6561d5,model_input,identity_model_input_v1,0.73623061153400005,-1.016111775245,-0.402342990831,1.085667401851,-0.67504030634300005,-1.0566774002379999,-1.143812833363,-0.083129335880000002
192,0,-0.04438062755777699,0.49125701637111796,false,flipguard_tabular_validation_v2,sha256:5ab8f6012f10c07a3c85a4a5e3dbe1432c374948700aee0726362ddf8cbf4694,sha256:025eb7dea28322d4b60adcfff3b1ff48c3fb44aa57280d39eea813405a6561d5,model_input,identity_model_input_v1,0.26127968584799999,-0.83935388685800005,-0.402342990831,-1.7187177491929999,-0.67504030634300005,-0.90190654354999999,-1.143812833363,-0.083129335880000002
193,0,-0.045186494316440881,0.49109826061966116,false,flipguard_tabular_validation_v2,sha256:5ab8f6012f10c07a3c85a4a5e3dbe1432c374948700aee0726362ddf8cbf4694,sha256:025eb7dea28322d4b60adcfff3b1ff48c3fb44aa57280d39eea813405a6561d5,model_input,identity_model_input_v1,0.49875514869100002,-1.016111775245,-0.402342990831,-1.7187177491929999,-0.67504030634300005,-1.0566774002379999,-1.143812833363,-0.083129335880000002
195,0,-0.0075981778187729811,0.49850315896970171,false,flipguard_tabular_validation_v2,sha256:5ab8f6012f10c07a3c85a4a5e3dbe1432c374948700aee0726362ddf8cbf4694,sha256:025eb7dea28322d4b60adcfff3b1ff48c3fb44aa57280d39eea813405a6561d5,model_input,identity_model_input_v1,-1.875999479736,1.104982885396,-0.402342990831,1.085667401851,-0.67504030634300005,-1.0566774002379999,0.25782869434900002,-0.083129335880000002
197,0,-0.078430938832483449,0.48454910505000076,false,flipguard_tabular_validation_v2,sha256:5ab8f6012f10c07a3c85a4a5e3dbe1432c374948700aee0726362ddf8cbf4694,sha256:025eb7dea28322d4b60adcfff3b1ff48c3fb44aa57280d39eea813405a6561d5,model_input,identity_model_input_v1,0.97370607437599999,1.812014438944,0.85808103278299996,0.55984518603,1.3208197929550001,-1.0566774002379999,-0.52086104326899996,-0.083129335880000002
198,0,-0.010374292514278485,0.49795626437468715,false,flipguard_tabular_validation_v2,sha256:5ab8f6012f10c07a3c85a4a5e3dbe1432c374948700aee0726362ddf8cbf4694,sha256:025eb7dea28322d4b60adcfff3b1ff48c3fb44aa57280d39eea813405a6561d5,model_input,identity_model_input_v1,0.73623061153400005,-0.66259599847100004,-0.402342990831,-1.7187177491929999,-0.67504030634300005,-0.128052260108,1.347994327014,-0.083129335880000002
199,1,-0.010478262843659734,0.49793578221979901,false,flipguard_tabular_validation_v2,sha256:5ab8f6012f10c07a3c85a4a5e3dbe1432c374948700aee0726362ddf8cbf4694,sha256:025eb7dea28322d4b60adcfff3b1ff48c3fb44aa57280d39eea813405a6561d5,model_input,identity_model_input_v1,0.97370607437599999,0.75146710862300004,-0.402342990831,0.20929704215,1.605942664284,1.110114593399,0.41356664187300002,-0.083129335880000002
200,1,0.064997283454496596,0.51280446484053588,true,flipguard_tabular_validation_v2,sha256:5ab8f6012f10c07a3c85a4a5e3dbe1432c374948700aee0726362ddf8cbf4694,sha256:025eb7dea28322d4b60adcfff3b1ff48c3fb44aa57280d39eea813405a6561d5,model_input,identity_model_input_v1,0.49875514869100002,-0.83935388685800005,-0.402342990831,0.55984518603,0.46545117896999999,1.110114593399,-0.52086104326899996,-0.083129335880000002
202,0,-0.041430890238798465,0.49183811462295668,false,flipguard_tabular_validation_v2,sha256:5ab8f6012f10c07a3c85a4a5e3dbe1432c374948700aee0726362ddf8cbf4694,sha256:025eb7dea28322d4b60adcfff3b1ff48c3fb44aa57280d39eea813405a6561d5,model_input,identity_model_input_v1,0.97370607437599999,1.281740773783,-0.402342990831,-1.7187177491929999,-0.67504030634300005,-1.0566774002379999,-0.52086104326899996,-0.083129335880000002
203,1,0.064328459110224279,0.51267270644471419,true,flipguard_tabular_validation_v2,sha256:5ab8f6012f10c07a3c85a4a5e3dbe1432c374948700aee0726362ddf8cbf4694,sha256:025eb7dea28322d4b60adcfff3b1ff48c3fb44aa57280d39eea813405a6561d5,model_input,identity_model_input_v1,0.26127968584799999,-0.83935388685800005,-0.402342990831,0.91039332991099997,0.75057405029900004,0.64580202333400005,-1.143812833363,-0.083129335880000002
206,0,-0.043430571401255724,0.49144417743395263,false,flipguard_tabular_validation_v2,sha256:5ab8f6012f10c07a3c85a4a5e3dbe1432c374948700aee0726362ddf8cbf4694,sha256:025eb7dea28322d4b60adcfff3b1ff48c3fb44aa57280d39eea813405a6561d5,model_input,identity_model_input_v1,0.023804223005999998,0.044435555076,-0.402342990831,0.91039332991099997,-0.38991743501499998,-1.0566774002379999,-1.143812833363,-0.083129335880000002
207,1,0.01631016116949062,0.50321310175038969,true,flipguard_tabular_validation_v2,sha256:5ab8f6012f10c07a3c85a4a5e3dbe1432c374948700aee0726362ddf8cbf4694,sha256:025eb7dea28322d4b60adcfff3b1ff48c3fb44aa57280d39eea813405a6561d5,model_input,identity_model_input_v1,0.73623061153400005,-0.83935388685800005,-0.402342990831,0.20929704215,-0.67504030634300005,-0.128052260108,1.036518431967,-0.083129335880000002
208,0,-0.019113999680683079,0.49623454206290546,false,flipguard_tabular_validation_v2,sha256:5ab8f6012f10c07a3c85a4a5e3dbe1432c374948700aee0726362ddf8cbf4694,sha256:025eb7dea28322d4b60adcfff3b1ff48c3fb44aa57280d39eea813405a6561d5,model_input,identity_model_input_v1,0.023804223005999998,-0.13232233331099999,-0.402342990831,-1.7187177491929999,-0.67504030634300005,0.18148945326900001,-1.143812833363,-0.083129335880000002
209,1,0.076589655543917876,0.51508816214215181,true,flipguard_tabular_validation_v2,sha256:5ab8f6012f10c07a3c85a4a5e3dbe1432c374948700aee0726362ddf8cbf4694,sha256:025eb7dea28322d4b60adcfff3b1ff48c3fb44aa57280d39eea813405a6561d5,model_input,identity_model_input_v1,0.73623061153400005,-1.016111775245,-0.402342990831,1.085667401851,1.035696921627,1.110114593399,0.25782869434900002,-0.083129335880000002
212,0,-0.032774174839550599,0.49354348755660854,false,flipguard_tabular_validation_v2,sha256:5ab8f6012f10c07a3c85a4a5e3dbe1432c374948700aee0726362ddf8cbf4694,sha256:025eb7dea28322d4b60adcfff3b1ff48c3fb44aa57280d39eea813405a6561d5,model_input,identity_model_input_v1,0.73623061153400005,-0.66259599847100004,-0.402342990831,0.91039332991099997,-0.67504030634300005,-1.0566774002379999,-1.143812833363,-0.083129335880000002
214,1,0.0036146023262809438,0.50071207665827733,true,flipguard_tabular_validation_v2,sha256:5ab8f6012f10c07a3c85a4a5e3dbe1432c374948700aee0726362ddf8cbf4694,sha256:025eb7dea28322d4b60adcfff3b1ff48c3fb44aa57280d39eea813405a6561d5,model_input,identity_model_input_v1,0.97370607437599999,0.044435555076,-0.402342990831,-0.141251101731,-0.67504030634300005,-0.74713568686200005,1.1922563794909999,-0.083129335880000002
217,0,0.0027442885824739902,0.50054062485074735,true,flipguard_tabular_validation_v2,sha256:5ab8f6012f10c07a3c85a4a5e3dbe1432c374948700aee0726362ddf8cbf4694,sha256:025eb7dea28322d4b60adcfff3b1ff48c3fb44aa57280d39eea813405a6561d5,model_input,identity_model_input_v1,0.97370607437599999,0.397951331849,-0.402342990831,0.20929704215,-0.67504030634300005,0.49103116664500002,-1.143812833363,-0.083129335880000002
218,0,0.013555870585371155,0.50267050650531808,true,flipguard_tabular_validation_v2,sha256:5ab8f6012f10c07a3c85a4a5e3dbe1432c374948700aee0726362ddf8cbf4694,sha256:025eb7dea28322d4b60adcfff3b1ff48c3fb44aa57280d39eea813405a6561d5,model_input,identity_model_input_v1,0.73623061153400005,-0.83935388685800005,-0.402342990831,1.085667401851,-0.67504030634300005,-0.28282311679599997,1.347994327014,-0.083129335880000002
220,1,0.0084493499958755089,0.50166452194918743,true,flipguard_tabular_validation_v2,sha256:5ab8f6012f10c07a3c85a4a5e3dbe1432c374948700aee0726362ddf8cbf4694,sha256:025eb7dea28322d4b60adcfff3b1ff48c3fb44aa57280d39eea813405a6561d5,model_input,identity_model_input_v1,0.97370607437599999,0.397951331849,-0.402342990831,-0.141251101731,-0.67504030634300005,0.64580202333400005,1.036518431967,-0.083129335880000002
224,1,0.050621529545877696,0.50997244132053787,true,flipguard_tabular_validation_v2,sha256:5ab8f6012f10c07a3c85a4a5e3dbe1432c374948700aee0726362ddf8cbf4694,sha256:025eb7dea28322d4b60adcfff3b1ff48c3fb44aa57280d39eea813405a6561d5,model_input,identity_model_input_v1,0.26127968584799999,-0.30908022169799998,-0.402342990831,1.085667401851,0.46545117896999999,0.800572880022,-1.143812833363,-0.083129335880000002
225,0,-0.064726356761371617,0.48724890771800977,false,flipguard_tabular_validation_v2,sha256:5ab8f6012f10c07a3c85a4a5e3dbe1432c374948700aee0726362ddf8cbf4694,sha256:025eb7dea28322d4b60adcfff3b1ff48c3fb44aa57280d39eea813405a6561d5,model_input,identity_model_input_v1,0.49875514869100002,1.812014438944,4.324247097722,-1.7187177491929999,-0.67504030634300005,-0.90190654354999999,0.56930458939600004,-0.083129335880000002
227,1,0.032130042900134125,0.5063296184513264,true,flipguard_tabular_validation_v2,sha256:5ab8f6012f10c07a3c85a4a5e3dbe1432c374948700aee0726362ddf8cbf4694,sha256:025eb7dea28322d4b60adcfff3b1ff48c3fb44aa57280d39eea813405a6561d5,model_input,identity_model_input_v1,-1.638524016893,-1.016111775245,-0.402342990831,-1.7187177491929999,-0.104794563686,1.419656306776,1.036518431967,-0.083129335880000002
228,0,-0.0559094541469898,0.48898583753304303,false,flipguard_tabular_validation_v2,sha256:5ab8f6012f10c07a3c85a4a5e3dbe1432c374948700aee0726362ddf8cbf4694,sha256:025eb7dea28322d4b60adcfff3b1ff48c3fb44aa57280d39eea813405a6561d5,model_input,identity_model_input_v1,-0.68862216552199995,0.044435555076,-0.402342990831,0.034022970210000003,-0.67504030634300005,-1.0566774002379999,-1.143812833363,-0.083129335880000002
229,0,-0.047577548159311561,0.49062722301261563,false,flipguard_tabular_validation_v2,sha256:5ab8f6012f10c07a3c85a4a5e3dbe1432c374948700aee0726362ddf8cbf4694,sha256:025eb7dea28322d4b60adcfff3b1ff48c3fb44aa57280d39eea813405a6561d5,model_input,identity_model_input_v1,0.97370607437599999,-0.30908022169799998,-0.402342990831,-1.7187177491929999,-0.67504030634300005,-1.0566774002379999,-1.143812833363,-0.083129335880000002
230,1,0.059698787648369667,0.5117606611667288,true,flipguard_tabular_validation_v2,sha256:5ab8f6012f10c07a3c85a4a5e3dbe1432c374948700aee0726362ddf8cbf4694,sha256:025eb7dea28322d4b60adcfff3b1ff48c3fb44aa57280d39eea813405a6561d5,model_input,identity_model_input_v1,0.97370607437599999,-1.016111775245,-0.402342990831,1.085667401851,3.3166798922540002,1.419656306776,1.347994327014,-0.083129335880000002
231,0,-0.042958757288007479,0.49153712481426254,false,flipguard_tabular_validation_v2,sha256:5ab8f6012f10c07a3c85a4a5e3dbe1432c374948700aee0726362ddf8cbf4694,sha256:025eb7dea28322d4b60adcfff3b1ff48c3fb44aa57280d39eea813405a6561d5,model_input,identity_model_input_v1,0.49875514869100002,0.044435555076,-0.402342990831,0.38457111409,-0.67504030634300005,-1.0566774002379999,-1.143812833363,-0.083129335880000002
232,0,-0.018029500701945898,0.49644818836171667,false,flipguard_tabular_validation_v2,sha256:5ab8f6012f10c07a3c85a4a5e3dbe1432c374948700aee0726362ddf8cbf4694,sha256:025eb7dea28322d4b60adcfff3b1ff48c3fb44aa57280d39eea813405a6561d5,model_input,identity_model_input_v1,0.73623061153400005,0.92822499701000005,-0.402342990831,-1.7187177491929999,-0.67504030634300005,-0.59236483017300001,-0.053647200697999997,-0.083129335880000002
233,0,-0.011198254069803917,0.49779394394824861,false,flipguard_tabular_validation_v2,sha256:5ab8f6012f10c07a3c85a4a5e3dbe1432c374948700aee0726362ddf8cbf4694,sha256:025eb7dea28322d4b60adcfff3b1ff48c3fb44aa57280d39eea813405a6561d5,model_input,identity_model_input_v1,0.97370607437599999,0.397951331849,-0.402342990831,1.085667401851,1.035696921627,1.419656306776,1.347994327014,-0.083129335880000002
242,0,-0.059376205798819817,0.48830288745763251,false,flipguard_tabular_validation_v2,sha256:5ab8f6012f10c07a3c85a4a5e3dbe1432c374948700aee0726362ddf8cbf4694,sha256:025eb7dea28322d4b60adcfff3b1ff48c3fb44aa57280d39eea813405a6561d5,model_input,identity_model_input_v1,-2.350950405421,1.281740773783,1.48829304459,1.085667401851,-0.67504030634300005,-1.0566774002379999,-1.143812833363,-0.083129335880000002
243,0,-0.060720434229595603,0.48803807445676967,false,flipguard_tabular_validation_v2,sha256:5ab8f6012f10c07a3c85a4a5e3dbe1432c374948700aee0726362ddf8cbf4694,sha256:025eb7dea28322d4b60adcfff3b1ff48c3fb44aa57280d39eea813405a6561d5,model_input,identity_model_input_v1,-2.5884258682639998,1.812014438944,4.0091410918179999,1.085667401851,-0.67504030634300005,-1.0566774002379999,-1.143812833363,-0.083129335880000002
246,1,0.0041226422319487199,0.50081216051969391,true,flipguard_tabular_validation_v2,sha256:5ab8f6012f10c07a3c85a4a5e3dbe1432c374948700aee0726362ddf8cbf4694,sha256:025eb7dea28322d4b60adcfff3b1ff48c3fb44aa57280d39eea813405a6561d5,model_input,identity_model_input_v1,-2.5884258682639998,0.92822499701000005,-0.402342990831,-1.7187177491929999,-0.67504030634300005,1.419656306776,1.347994327014,-0.083129335880000002
247,0,-0.0040264354910241554,0.49920679220826825,false,flipguard_tabular_validation_v2,sha256:5ab8f6012f10c07a3c85a4a5e3dbe1432c374948700aee0726362ddf8cbf4694,sha256:025eb7dea28322d4b60adcfff3b1ff48c3fb44aa57280d39eea813405a6561d5,model_input,identity_model_input_v1,0.97370607437599999,-1.016111775245,-0.402342990831,-1.3681696053129999,-0.67504030634300005,0.02671859658,1.347994327014,-0.083129335880000002
248,0,-0.032899748761284257,0.49351874949402702,false,flipguard_tabular_validation_v2,sha256:5ab8f6012f10c07a3c85a4a5e3dbe1432c374948700aee0726362ddf8cbf4694,sha256:025eb7dea28322d4b60adcfff3b1ff48c3fb44aa57280d39eea813405a6561d5,model_input,identity_model_input_v1,-0.92609762836499998,0.397951331849,0.85808103278299996,0.55984518603,0.180328307642,-1.0566774002379999,-1.143812833363,-0.083129335880000002
250,1,0.020642648451370926,0.50406660174492002,true,flipguard_tabular_validation_v2,sha256:5ab8f6012f10c07a3c85a4a5e3dbe1432c374948700aee0726362ddf8cbf4694,sha256:025eb7dea28322d4b60adcfff3b1ff48c3fb44aa57280d39eea813405a6561d5,model_input,identity_model_input_v1,-2.1134749425789998,0.75146710862300004,-0.402342990831,-1.7187177491929999,-0.67504030634300005,1.419656306776,-0.52086104326899996,-0.083129335880000002
251,1,0.11725959332171403,0.52310013988437765,true,flipguard_tabular_validation_v2,sha256:5ab8f6012f10c07a3c85a4a5e3dbe1432c374948700aee0726362ddf8cbf4694,sha256:025eb7dea28322d4b60adcfff3b1ff48c3fb44aa57280d39eea813405a6561d5,model_input,identity_model_input_v1,0.26127968584799999,-1.016111775245,-0.402342990831,1.085667401851,1.605942664284,0.800572880022,-1.143812833363,-0.083129335880000002
252,0,-0.065532199536152955,0.4870901566913779,false,flipguard_tabular_validation_v2,sha256:5ab8f6012f10c07a3c85a4a5e3dbe1432c374948700aee0726362ddf8cbf4694,sha256:025eb7dea28322d4b60adcfff3b1ff48c3fb44aa57280d39eea813405a6561d5,model_input,identity_model_input_v1,0.73623061153400005,1.635256550557,0.22786902097600001,-1.7187177491929999,-0.67504030634300005,-1.0566774002379999,-1.143812833363,-0.083129335880000002
253,1,0.052167842060906383,0.51027706488599855,true,flipguard_tabular_validation_v2,sha256:5ab8f6012f10c07a3c85a4a5e3dbe1432c374948700aee0726362ddf8cbf4694,sha256:025eb7dea28322d4b60adcfff3b1ff48c3fb44aa57280d39eea813405a6561d5,model_input,identity_model_input_v1,0.26127968584799999,-1.016111775245,-0.402342990831,0.55984518603,0.180328307642,1.419656306776,0.56930458939600004,-0.083129335880000002
254,0,-0.047575395536092448,0.49062764707938977,false,flipguard_tabular_validation_v2,sha256:5ab8f6012f10c07a3c85a4a5e3dbe1432c374948700aee0726362ddf8cbf4694,sha256:025eb7dea28322d4b60adcfff3b1ff48c3fb44aa57280d39eea813405a6561d5,model_input,identity_model_input_v1,0.97370607437599999,0.75146710862300004,-0.402342990831,-0.31652517367100003,-0.67504030634300005,-1.0566774002379999,-1.143812833363,-0.083129335880000002
255,1,0.1416251121275067,0.52790014708911881,true,flipguard_tabular_validation_v2,sha256:5ab8f6012f10c07a3c85a4a5e3dbe1432c374948700aee0726362ddf8cbf4694,sha256:025eb7dea28322d4b60adcfff3b1ff48c3fb44aa57280d39eea813405a6561d5,model_input,identity_model_input_v1,-0.21367123983700001,-1.016111775245,-0.402342990831,0.55984518603,2.1761884069409998,1.419656306776,0.25782869434900002,-0.083129335880000002
257,0,-0.035443479602864973,0.4930176345182356,false,flipguard_tabular_validation_v2,sha256:5ab8f6012f10c07a3c85a4a5e3dbe1432c374948700aee0726362ddf8cbf4694,sha256:025eb7dea28322d4b60adcfff3b1ff48c3fb44aa57280d39eea813405a6561d5,model_input,identity_model_input_v1,0.26127968584799999,-0.83935388685800005,-0.402342990831,1.085667401851,-0.67504030634300005,-1.0566774002379999,-1.143812833363,-0.083129335880000002
258,1,0.024699573447263694,0.50486581596911095,true,flipguard_tabular_validation_v2,sha256:5ab8f6012f10c07a3c85a4a5e3dbe1432c374948700aee0726362ddf8cbf4694,sha256:025eb7dea28322d4b60adcfff3b1ff48c3fb44aa57280d39eea813405a6561d5,model_input,identity_model_input_v1,0.023804223005999998,0.044435555076,-0.402342990831,-1.3681696053129999,-0.67504030634300005,1.419656306776,0.10209074682499999,-0.083129335880000002
259,0,-0.037716031904779804,0.49256994171475837,false,flipguard_tabular_validation_v2,sha256:5ab8f6012f10c07a3c85a4a5e3dbe1432c374948700aee0726362ddf8cbf4694,sha256:025eb7dea28322d4b60adcfff3b1ff48c3fb44aa57280d39eea813405a6561d5,model_input,identity_model_input_v1,0.73623061153400005,-0.485838110085,-0.402342990831,-0.141251101731,-0.67504030634300005,-1.0566774002379999,-1.143812833363,-0.083129335880000002
260,1,-0.001502565281159926,0.49970399463961152,false,flipguard_tabular_validation_v2,sha256:5ab8f6012f10c07a3c85a4a5e3dbe1432c374948700aee0726362ddf8cbf4694,sha256:025eb7dea28322d4b60adcfff3b1ff48c3fb44aa57280d39eea813405a6561d5,model_input,identity_model_input_v1,-1.163573091208,0.57470922023600002,-0.402342990831,-1.0176214614320001,-0.67504030634300005,0.800572880022,-0.98807488584000003,-0.083129335880000002
261,1,0.081798960081223809,0.5161143951360011,true,flipguard_tabular_validation_v2,sha256:5ab8f6012f10c07a3c85a4a5e3dbe1432c374948700aee0726362ddf8cbf4694,sha256:025eb7dea28322d4b60adcfff3b1ff48c3fb44aa57280d39eea813405a6561d5,model_input,identity_model_input_v1,-1.163573091208,-1.016111775245,-0.402342990831,0.91039332991099997,0.75057405029900004,1.419656306776,1.347994327014,-0.083129335880000002
262,1,0.11047898149612735,0.52176435935473708,true,flipguard_tabular_validation_v2,sha256:5ab8f6012f10c07a3c85a4a5e3dbe1432c374948700aee0726362ddf8cbf4694,sha256:025eb7dea28322d4b60adcfff3b1ff48c3fb44aa57280d39eea813405a6561d5,model_input,identity_model_input_v1,-2.5884258682639998,1.104982885396,-0.402342990831,-0.31652517367100003,2.7464341495969999,1.419656306776,0.88078048444299994,-0.083129335880000002
263,1,0.062981703092012939,0.51240739550912651,true,flipguard_tabular_validation_v2,sha256:5ab8f6012f10c07a3c85a4a5e3dbe1432c374948700aee0726362ddf8cbf4694,sha256:025eb7dea28322d4b60adcfff3b1ff48c3fb44aa57280d39eea813405a6561d5,model_input,identity_model_input_v1,-2.825901331107,-0.66259599847100004,-0.402342990831,-1.0176214614320001,1.035696921627,-0.28282311679599997,0.41356664187300002,-0.083129335880000002
264,1,0.044555312992547724,0.50877739665953192,true,flipguard_tabular_validation_v2,sha256:5ab8f6012f10c07a3c85a4a5e3dbe1432c374948700aee0726362ddf8cbf4694,sha256:025eb7dea28322d4b60adcfff3b1ff48c3fb44aa57280d39eea813405a6561d5,model_input,identity_model_input_v1,0.023804223005999998,-1.016111775245,-0.402342990831,0.73511925797099997,-0.104794563686,0.95534373671100004,-1.143812833363,-0.083129335880000002
265,0,-0.012636713072565498,0.49751056752470457,false,flipguard_tabular_validation_v2,sha256:5ab8f6012f10c07a3c85a4a5e3dbe1432c374948700aee0726362ddf8cbf4694,sha256:025eb7dea28322d4b60adcfff3b1ff48c3fb44aa57280d39eea813405a6561d5,model_input,identity_model_input_v1,0.97370607437599999,-0.66259599847100004,-0.402342990831,-1.7187177491929999,-0.67504030634300005,-0.90190654354999999,1.347994327014,-0.083129335880000002
267,0,-2.2939996676778142e-05,0.49999548082065465,false,flipguard_tabular_validation_v2,sha256:5ab8f6012f10c07a3c85a4a5e3dbe1432c374948700aee0726362ddf8cbf4694,sha256:025eb7dea28322d4b60adcfff3b1ff48c3fb44aa57280d39eea813405a6561d5,model_input,identity_model_input_v1,0.73623061153400005,1.812014438944,-0.087236984928,1.085667401851,-0.67504030634300005,-1.0566774002379999,0.72504253691999998,-0.083129335880000002
270,0,-0.076139688019046761,0.48500048146024777,false,flipguard_tabular_validation_v2,sha256:5ab8f6012f10c07a3c85a4a5e3dbe1432c374948700aee0726362ddf8cbf4694,sha256:025eb7dea28322d4b60adcfff3b1ff48c3fb44aa57280d39eea813405a6561d5,model_input,identity_model_input_v1,-2.825901331107,1.45849866217,0.54297502687900001,-0.141251101731,-0.67504030634300005,-1.0566774002379999,-1.143812833363,-0.083129335880000002
271,1,0.012362700410101256,0.50243545198078998,true,flipguard_tabular_validation_v2,sha256:5ab8f6012f10c07a3c85a4a5e3dbe1432c374948700aee0726362ddf8cbf4694,sha256:025eb7dea28322d4b60adcfff3b1ff48c3fb44aa57280d39eea813405a6561d5,model_input,identity_model_input_v1,0.49875514869100002,-0.30908022169799998,-0.402342990831,0.20929704215,-0.67504030634300005,-0.74713568686200005,0.72504253691999998,-0.083129335880000002
272,1,0.11624849149828013,0.52290095282516114,true,flipguard_tabular_validation_v2,sha256:5ab8f6012f10c07a3c85a4a5e3dbe1432c374948700aee0726362ddf8cbf4694,sha256:025eb7dea28322d4b60adcfff3b1ff48c3fb44aa57280d39eea813405a6561d5,model_input,identity_model_input_v1,0.73623061153400005,-0.66259599847100004,-0.402342990831,0.73511925797099997,1.8910655356120001,1.419656306776,-0.83233693831599997,-0.083129335880000002
274,1,0.046744839853701592,0.50920873345117923,true,flipguard_tabular_validation_v2,sha256:5ab8f6012f10c07a3c85a4a5e3dbe1432c374948700aee0726362ddf8cbf4694,sha256:025eb7dea28322d4b60adcfff3b1ff48c3fb44aa57280d39eea813405a6561d5,model_input,identity_model_input_v1,0.26127968584799999,0.22119344346299999,-0.087236984928,0.73511925797099997,0.75057405029900004,0.95534373671100004,-1.143812833363,-0.083129335880000002
278,0,-0.081528053106110762,0.48393897353809617,false,flipguard_tabular_validation_v2,sha256:5ab8f6012f10c07a3c85a4a5e3dbe1432c374948700aee0726362ddf8cbf4694,sha256:025eb7dea28322d4b60adcfff3b1ff48c3fb44aa57280d39eea813405a6561d5,model_input,identity_model_input_v1,-2.825901331107,1.635256550557,-0.402342990831,1.085667401851,-0.67504030634300005,-1.0566774002379999,-1.143812833363,-0.083129335880000002
279,1,0.079958370493093886,0.51575179898713952,true,flipguard_tabular_validation_v2,sha256:5ab8f6012f10c07a3c85a4a5e3dbe1432c374948700aee0726362ddf8cbf4694,sha256:025eb7dea28322d4b60adcfff3b1ff48c3fb44aa57280d39eea813405a6561d5,model_input,identity_model_input_v1,-0.21367123983700001,-1.016111775245,-0.402342990831,0.38457111409,2.1761884069409998,1.419656306776,1.1922563794909999,-0.083129335880000002
280,0,-0.062943210972144781,0.48760018743848749,false,flipguard_tabular_validation_v2,sha256:5ab8f6012f10c07a3c85a4a5e3dbe1432c374948700aee0726362ddf8cbf4694,sha256:025eb7dea28322d4b60adcfff3b1ff48c3fb44aa57280d39eea813405a6561d5,model_input,identity_model_input_v1,-1.875999479736,1.635256550557,4.324247097722,1.085667401851,-0.67504030634300005,-1.0566774002379999,-1.143812833363,-0.083129335880000002
282,1,0.11583205162158292,0.52281891416945181,true,flipguard_tabular_validation_v2,sha256:5ab8f6012f10c07a3c85a4a5e3dbe1432c374948700aee0726362ddf8cbf4694,sha256:025eb7dea28322d4b60adcfff3b1ff48c3fb44aa57280d39eea813405a6561d5,model_input,identity_model_input_v1,-0.92609762836499998,-1.016111775245,-0.402342990831,0.38457111409,2.4613112782690001,1.419656306776,1.347994327014,-0.083129335880000002
283,0,0.013789076096325147,0.50271644799097603,true,flipguard_tabular_validation_v2,sha256:5ab8f6012f10c07a3c85a4a5e3dbe1432c374948700aee0726362ddf8cbf4694,sha256:025eb7dea28322d4b60adcfff3b1ff48c3fb44aa57280d39eea813405a6561d5,model_input,identity_model_input_v1,-2.825901331107,1.45849866217,0.54297502687900001,-1.7187177491929999,-0.38991743501499998,1.419656306776,0.25782869434900002,-0.083129335880000002
284,0,-0.043846780805335051,0.49136218418134897,false,flipguard_tabular_validation_v2,sha256:5ab8f6012f10c07a3c85a4a5e3dbe1432c374948700aee0726362ddf8cbf4694,sha256:025eb7dea28322d4b60adcfff3b1ff48c3fb44aa57280d39eea813405a6561d5,model_input,identity_model_input_v1,0.97370607437599999,0.57470922023600002,-0.402342990831,-1.0176214614320001,-0.67504030634300005,-1.0566774002379999,-0.98807488584000003,-0.083129335880000002
286,0,-0.014962104566672324,0.49705246540036557,false,flipguard_tabular_validation_v2,sha256:5ab8f6012f10c07a3c85a4a5e3dbe1432c374948700aee0726362ddf8cbf4694,sha256:025eb7dea28322d4b60adcfff3b1ff48c3fb44aa57280d39eea813405a6561d5,model_input,identity_model_input_v1,0.023804223005999998,0.22119344346299999,1.48829304459,0.55984518603,-0.67504030634300005,-1.0566774002379999,0.10209074682499999,-0.083129335880000002
288,1,0.012756777364689534,0.50251308514084381,true,flipguard_tabular_validation_v2,sha256:5ab8f6012f10c07a3c85a4a5e3dbe1432c374948700aee0726362ddf8cbf4694,sha256:025eb7dea28322d4b60adcfff3b1ff48c3fb44aa57280d39eea813405a6561d5,model_input,identity_model_input_v1,0.97370607437599999,-0.13232233331099999,-0.402342990831,0.38457111409,-0.67504030634300005,-0.90190654354999999,0.56930458939600004,-0.083129335880000002
291,0,-0.046177300335225831,0.49090307183396054,false,flipguard_tabular_validation_v2,sha256:5ab8f6012f10c07a3c85a4a5e3dbe1432c374948700aee0726362ddf8cbf4694,sha256:025eb7dea28322d4b60adcfff3b1ff48c3fb44aa57280d39eea813405a6561d5,model_input,identity_model_input_v1,0.26127968584799999,-1.016111775245,-0.402342990831,-1.543443677253,-0.67504030634300005,-1.0566774002379999,-1.143812833363,-0.083129335880000002
294,0,-0.042493614176998921,0.49162875800713124,false,flipguard_tabular_validation_v2,sha256:5ab8f6012f10c07a3c85a4a5e3dbe1432c374948700aee0726362ddf8cbf4694,sha256:025eb7dea28322d4b60adcfff3b1ff48c3fb44aa57280d39eea813405a6561d5,model_input,identity_model_input_v1,-0.92609762836499998,0.57470922023600002,3.3789290800109999,0.20929704215,-0.67504030634300005,-1.0566774002379999,-0.67659899079300001,-0.083129335880000002
297,0,-0.051151542712014095,0.48992314608573323,false,flipguard_tabular_validation_v2,sha256:5ab8f6012f10c07a3c85a4a5e3dbe1432c374948700aee0726362ddf8cbf4694,sha256:025eb7dea28322d4b60adcfff3b1ff48c3fb44aa57280d39eea813405a6561d5,model_input,identity_model_input_v1,0.26127968584799999,-0.13232233331099999,-0.402342990831,-0.84234738949200005,-0.67504030634300005,-1.0566774002379999,-1.143812833363,-0.083129335880000002
300,1,0.015806100801800196,0.50311380185795462,true,flipguard_tabular_validation_v2,sha256:5ab8f6012f10c07a3c85a4a5e3dbe1432c374948700aee0726362ddf8cbf4694,sha256:025eb7dea28322d4b60adcfff3b1ff48c3fb44aa57280d39eea813405a6561d5,model_input,identity_model_input_v1,-0.68862216552199995,-0.13232233331099999,-0.402342990831,-1.1928955333719999,-0.67504030634300005,0.64580202333400005,-0.36512309574500001,-0.083129335880000002
301,1,0.035689374521101061,0.50703080678065693,true,flipguard_tabular_validation_v2,sha256:5ab8f6012f10c07a3c85a4a5e3dbe1432c374948700aee0726362ddf8cbf4694,sha256:025eb7dea28322d4b60adcfff3b1ff48c3fb44aa57280d39eea813405a6561d5,model_input,identity_model_input_v1,0.49875514869100002,-0.30908022169799998,-0.402342990831,0.91039332991099997,-0.67504030634300005,1.110114593399,-0.053647200697999997,-0.083129335880000002
302,1,0.049776015128187301,0.50980587498025287,true,flipguard_tabular_validation_v2,sha256:5ab8f6012f10c07a3c85a4a5e3dbe1432c374948700aee0726362ddf8cbf4694,sha256:025eb7dea28322d4b60adcfff3b1ff48c3fb44aa57280d39eea813405a6561d5,model_input,identity_model_input_v1,-0.21367123983700001,1.104982885396,-0.087236984928,0.91039332991099997,1.605942664284,1.419656306776,0.41356664187300002,-0.083129335880000002
303,1,0.032821202177298267,0.50646577682892779,true,flipguard_tabular_validation_v2,sha256:5ab8f6012f10c07a3c85a4a5e3dbe1432c374948700aee0726362ddf8cbf4694,sha256:025eb7dea28322d4b60adcfff3b1ff48c3fb44aa57280d39eea813405a6561d5,model_input,identity_model_input_v1,0.26127968584799999,-0.83935388685800005,-0.402342990831,0.55984518603,-0.67504030634300005,1.419656306776,0.56930458939600004,-0.083129335880000002
304,0,-0.045000001222998243,0.49113499975906932,false,flipguard_tabular_validation_v2,sha256:5ab8f6012f10c07a3c85a4a5e3dbe1432c374948700aee0726362ddf8cbf4694,sha256:025eb7dea28322d4b60adcfff3b1ff48c3fb44aa57280d39eea813405a6561d5,model_input,identity_model_input_v1,-1.40104855405,1.45849866217,1.48829304459,1.085667401851,-0.67504030634300005,-1.0566774002379999,-0.83233693831599997,-0.083129335880000002
305,1,0.019981346078201959,0.50393632517740583,true,flipguard_tabular_validation_v2,sha256:5ab8f6012f10c07a3c85a4a5e3dbe1432c374948700aee0726362ddf8cbf4694,sha256:025eb7dea28322d4b60adcfff3b1ff48c3fb44aa57280d39eea813405a6561d5,model_input,identity_model_input_v1,-1.163573091208,-1.016111775245,-0.402342990831,0.91039332991099997,-0.67504030634300005,-0.90190654354999999,1.347994327014,-0.083129335880000002
307,1,0.0825598512664205,0.51626429069948487,true,flipguard_tabular_validation_v2,sha256:5ab8f6012f10c07a3c85a4a5e3dbe1432c374948700aee0726362ddf8cbf4694,sha256:025eb7dea28322d4b60adcfff3b1ff48c3fb44aa57280d39eea813405a6561d5,model_input,identity_model_input_v1,0.023804223005999998,-1.016111775245,-0.402342990831,1.085667401851,0.75057405029900004,0.800572880022,-1.143812833363,-0.083129335880000002
309,1,0.060605755884061301,0.51193933390916002,true,flipguard_tabular_validation_v2,sha256:5ab8f6012f10c07a3c85a4a5e3dbe1432c374948700aee0726362ddf8cbf4694,sha256:025eb7dea28322d4b60adcfff3b1ff48c3fb44aa57280d39eea813405a6561d5,model_input,identity_model_input_v1,0.023804223005999998,-1.016111775245,-0.402342990831,0.73511925797099997,-0.104794563686,1.2648854500869999,-0.67659899079300001,-0.083129335880000002
310,1,0.029068842778356408,0.50572656202733623,true,flipguard_tabular_validation_v2,sha256:5ab8f6012f10c07a3c85a4a5e3dbe1432c374948700aee0726362ddf8cbf4694,sha256:025eb7dea28322d4b60adcfff3b1ff48c3fb44aa57280d39eea813405a6561d5,model_input,identity_model_input_v1,0.97370607437599999,0.044435555076,-0.402342990831,0.55984518603,-0.67504030634300005,0.800572880022,0.25782869434900002,-0.083129335880000002
311,0,-0.0017753545890410393,0.4996502551459589,false,flipguard_tabular_validation_v2,sha256:5ab8f6012f10c07a3c85a4a5e3dbe1432c374948700aee0726362ddf8cbf4694,sha256:025eb7dea28322d4b60adcfff3b1ff48c3fb44aa57280d39eea813405a6561d5,model_input,identity_model_input_v1,0.73623061153400005,-0.66259599847100004,-0.402342990831,-1.0176214614320001,-0.67504030634300005,-0.90190654354999999,1.1922563794909999,-0.083129335880000002
315,1,0.025143529337428944,0.50495327527947353,true,flipguard_tabular_validation_v2,sha256:5ab8f6012f10c07a3c85a4a5e3dbe1432c374948700aee0726362ddf8cbf4694,sha256:025eb7dea28322d4b60adcfff3b1ff48c3fb44aa57280d39eea813405a6561d5,model_input,identity_model_input_v1,-2.825901331107,0.57470922023600002,-0.402342990831,-1.543443677253,1.035696921627,1.2648854500869999,1.347994327014,-0.083129335880000002
317,1,0.010238153979799382,0.50201691633402046,true,flipguard_tabular_validation_v2,sha256:5ab8f6012f10c07a3c85a4a5e3dbe1432c374948700aee0726362ddf8cbf4694,sha256:025eb7dea28322d4b60adcfff3b1ff48c3fb44aa57280d39eea813405a6561d5,model_input,identity_model_input_v1,0.73623061153400005,-1.016111775245,-0.402342990831,0.034022970210000003,-0.67504030634300005,-0.90190654354999999,1.1922563794909999,-0.083129335880000002
318,0,-0.025886381841975729,0.49490038277713078,false,flipguard_tabular_validation_v2,sha256:5ab8f6012f10c07a3c85a4a5e3dbe1432c374948700aee0726362ddf8cbf4694,sha256:025eb7dea28322d4b60adcfff3b1ff48c3fb44aa57280d39eea813405a6561d5,model_input,identity_model_input_v1,0.97370607437599999,1.812014438944,2.7487170682039999,1.085667401851,-0.67504030634300005,-1.0566774002379999,0.10209074682499999,-0.083129335880000002
322,0,-0.032914262001569036,0.49351589038569088,false,flipguard_tabular_validation_v2,sha256:5ab8f6012f10c07a3c85a4a5e3dbe1432c374948700aee0726362ddf8cbf4694,sha256:025eb7dea28322d4b60adcfff3b1ff48c3fb44aa57280d39eea813405a6561d5,model_input,identity_model_input_v1,0.49875514869100002,-1.016111775245,-0.402342990831,0.55984518603,-0.67504030634300005,-1.0566774002379999,-1.143812833363,-0.083129335880000002
323,1,0.012432468934166037,0.50244919638003072,true,flipguard_tabular_validation_v2,sha256:5ab8f6012f10c07a3c85a4a5e3dbe1432c374948700aee0726362ddf8cbf4694,sha256:025eb7dea28322d4b60adcfff3b1ff48c3fb44aa57280d39eea813405a6561d5,model_input,identity_model_input_v1,0.73623061153400005,-1.016111775245,-0.402342990831,-0.66707331755199994,-0.67504030634300005,0.64580202333400005,1.036518431967,-0.083129335880000002
325,1,0.11837304017512032,0.52331948891449875,true,flipguard_tabular_validation_v2,sha256:5ab8f6012f10c07a3c85a4a5e3dbe1432c374948700aee0726362ddf8cbf4694,sha256:025eb7dea28322d4b60adcfff3b1ff48c3fb44aa57280d39eea813405a6561d5,model_input,identity_model_input_v1,-0.21367123983700001,-1.016111775245,-0.402342990831,0.91039332991099997,1.605942664284,1.419656306776,0.56930458939600004,-0.083129335880000002
326,0,-0.022624890704911225,0.49554289653113248,false,flipguard_tabular_validation_v2,sha256:5ab8f6012f10c07a3c85a4a5e3dbe1432c374948700aee0726362ddf8cbf4694,sha256:025eb7dea28322d4b60adcfff3b1ff48c3fb44aa57280d39eea813405a6561d5,model_input,identity_model_input_v1,0.73623061153400005,1.45849866217,-0.087236984928,-1.7187177491929999,-0.67504030634300005,0.02671859658,1.036518431967,-0.083129335880000002
328,1,0.0050332919358193227,0.50099155851135646,true,flipguard_tabular_validation_v2,sha256:5ab8f6012f10c07a3c85a4a5e3dbe1432c374948700aee0726362ddf8cbf4694,sha256:025eb7dea28322d4b60adcfff3b1ff48c3fb44aa57280d39eea813405a6561d5,model_input,identity_model_input_v1,0.97370607437599999,-0.83935388685800005,-0.402342990831,-0.66707331755199994,-0.67504030634300005,-0.59236483017300001,1.1922563794909999,-0.083129335880000002
333,1,0.070715745561319515,0.51393100187557994,true,flipguard_tabular_validation_v2,sha256:5ab8f6012f10c07a3c85a4a5e3dbe1432c374948700aee0726362ddf8cbf4694,sha256:025eb7dea28322d4b60adcfff3b1ff48c3fb44aa57280d39eea813405a6561d5,model_input,identity_model_input_v1,0.023804223005999998,-1.016111775245,-0.402342990831,1.085667401851,0.180328307642,1.110114593399,-0.83233693831599997,-0.083129335880000002
336,0,-0.040752528274661519,0.49197175192989168,false,flipguard_tabular_validation_v2,sha256:5ab8f6012f10c07a3c85a4a5e3dbe1432c374948700aee0726362ddf8cbf4694,sha256:025eb7dea28322d4b60adcfff3b1ff48c3fb44aa57280d39eea813405a6561d5,model_input,identity_model_input_v1,0.26127968584799999,1.812014438944,1.803399050493,1.085667401851,-0.67504030634300005,-0.59236483017300001,1.347994327014,-0.083129335880000002
337,0,-0.074987349884934884,0.4852274920726678,false,flipguard_tabular_validation_v2,sha256:5ab8f6012f10c07a3c85a4a5e3dbe1432c374948700aee0726362ddf8cbf4694,sha256:025eb7dea28322d4b60adcfff3b1ff48c3fb44aa57280d39eea813405a6561d5,model_input,identity_model_input_v1,-0.92609762836499998,1.281740773783,-0.087236984928,-0.141251101731,-0.104794563686,-1.0566774002379999,-1.143812833363,-0.083129335880000002
338,1,0.074456401603385208,0.51466791111586685,true,flipguard_tabular_validation_v2,sha256:5ab8f6012f10c07a3c85a4a5e3dbe1432c374948700aee0726362ddf8cbf4694,sha256:025eb7dea28322d4b60adcfff3b1ff48c3fb44aa57280d39eea813405a6561d5,model_input,identity_model_input_v1,0.26127968584799999,-1.016111775245,-0.402342990831,0.91039332991099997,0.46545117896999999,1.419656306776,0.25782869434900002,-0.083129335880000002
340,0,-0.012018010382568611,0.49763245195463396,false,flipguard_tabular_validation_v2,sha256:5ab8f6012f10c07a3c85a4a5e3dbe1432c374948700aee0726362ddf8cbf4694,sha256:025eb7dea28322d4b60adcfff3b1ff48c3fb44aa57280d39eea813405a6561d5,model_input,identity_model_input_v1,0.49875514869100002,-0.66259599847100004,-0.402342990831,-1.7187177491929999,-0.67504030634300005,-1.0566774002379999,1.1922563794909999,-0.083129335880000002
341,0,-0.090348806977027671,0.48220128502552556,false,flipguard_tabular_validation_v2,sha256:5ab8f6012f10c07a3c85a4a5e3dbe1432c374948700aee0726362ddf8cbf4694,sha256:025eb7dea28322d4b60adcfff3b1ff48c3fb44aa57280d39eea813405a6561d5,model_input,identity_model_input_v1,0.023804223005999998,1.812014438944,0.54297502687900001,-1.3681696053129999,0.180328307642,-0.74713568686200005,1.1922563794909999,-0.083129335880000002
343,1,0.037297935528781773,0.50734769329916996,true,flipguard_tabular_validation_v2,sha256:5ab8f6012f10c07a3c85a4a5e3dbe1432c374948700aee0726362ddf8cbf4694,sha256:025eb7dea28322d4b60adcfff3b1ff48c3fb44aa57280d39eea813405a6561d5,model_input,identity_model_input_v1,0.49875514869100002,-0.83935388685800005,-0.402342990831,0.034022970210000003,0.180328307642,1.419656306776,0.56930458939600004,-0.083129335880000002
349,1,0.025322923627061768,0.50498861595453115,true,flipguard_tabular_validation_v2,sha256:5ab8f6012f10c07a3c85a4a5e3dbe1432c374948700aee0726362ddf8cbf4694,sha256:025eb7dea28322d4b60adcfff3b1ff48c3fb44aa57280d39eea813405a6561d5,model_input,identity_model_input_v1,-0.21367123983700001,-0.13232233331099999,-0.402342990831,0.73511925797099997,-0.67504030634300005,0.18148945326900001,0.41356664187300002,-0.083129335880000002
351,0,-0.055347745870712478,0.48909649406346967,false,flipguard_tabular_validation_v2,sha256:5ab8f6012f10c07a3c85a4a5e3dbe1432c374948700aee0726362ddf8cbf4694,sha256:025eb7dea28322d4b60adcfff3b1ff48c3fb44aa57280d39eea813405a6561d5,model_input,identity_model_input_v1,-0.92609762836499998,1.635256550557,2.7487170682039999,1.085667401851,-0.67504030634300005,-1.0566774002379999,-1.143812833363,-0.083129335880000002
352,1,0.037067860504702524,0.50730236851942645,true,flipguard_tabular_validation_v2,sha256:5ab8f6012f10c07a3c85a4a5e3dbe1432c374948700aee0726362ddf8cbf4694,sha256:025eb7dea28322d4b60adcfff3b1ff48c3fb44aa57280d39eea813405a6561d5,model_input,identity_model_input_v1,0.49875514869100002,-0.83935388685800005,-0.402342990831,-0.141251101731,-0.67504030634300005,1.419656306776,0.10209074682499999,-0.083129335880000002
353,0,-0.038357191884076547,0.49244363319883694,false,flipguard_tabular_validation_v2,sha256:5ab8f6012f10c07a3c85a4a5e3dbe1432c374948700aee0726362ddf8cbf4694,sha256:025eb7dea28322d4b60adcfff3b1ff48c3fb44aa57280d39eea813405a6561d5,model_input,identity_model_input_v1,-0.45114670268000001,1.104982885396,1.1731870386859999,1.085667401851,-0.67504030634300005,-1.0566774002379999,-0.83233693831599997,-0.083129335880000002
357,1,0.0044641456006897454,0.5008794366833359,true,flipguard_tabular_validation_v2,sha256:5ab8f6012f10c07a3c85a4a5e3dbe1432c374948700aee0726362ddf8cbf4694,sha256:025eb7dea28322d4b60adcfff3b1ff48c3fb44aa57280d39eea813405a6561d5,model_input,identity_model_input_v1,0.73623061153400005,-1.016111775245,-0.402342990831,-0.31652517367100003,-0.67504030634300005,-0.90190654354999999,1.347994327014,-0.083129335880000002
359,1,0.037380481495075391,0.5073639548545299,true,flipguard_tabular_validation_v2,sha256:5ab8f6012f10c07a3c85a4a5e3dbe1432c374948700aee0726362ddf8cbf4694,sha256:025eb7dea28322d4b60adcfff3b1ff48c3fb44aa57280d39eea813405a6561d5,model_input,identity_model_input_v1,-0.68862216552199995,-1.016111775245,-0.402342990831,0.034022970210000003,-0.67504030634300005,0.800572880022,0.41356664187300002,-0.083129335880000002
363,1,0.0073266621108306462,0.5014433524358336,true,flipguard_tabular_validation_v2,sha256:5ab8f6012f10c07a3c85a4a5e3dbe1432c374948700aee0726362ddf8cbf4694,sha256:025eb7dea28322d4b60adcfff3b1ff48c3fb44aa57280d39eea813405a6561d5,model_input,identity_model_input_v1,0.73623061153400005,-1.016111775245,-0.402342990831,0.034022970210000003,-0.67504030634300005,-0.90190654354999999,1.347994327014,-0.083129335880000002
365,1,0.04360375157028918,0.50858993905934702,true,flipguard_tabular_validation_v2,sha256:5ab8f6012f10c07a3c85a4a5e3dbe1432c374948700aee0726362ddf8cbf4694,sha256:025eb7dea28322d4b60adcfff3b1ff48c3fb44aa57280d39eea813405a6561d5,model_input,identity_model_input_v1,-0.68862216552199995,0.044435555076,-0.402342990831,0.91039332991099997,1.035696921627,0.49103116664500002,1.036518431967,-0.083129335880000002
366,1,0.20078132974066476,0.53955392195891094,true,flipguard_tabular_validation_v2,sha256:5ab8f6012f10c07a3c85a4a5e3dbe1432c374948700aee0726362ddf8cbf4694,sha256:025eb7dea28322d4b60adcfff3b1ff48c3fb44aa57280d39eea813405a6561d5,model_input,identity_model_input_v1,-1.40104855405,-1.016111775245,-0.402342990831,0.73511925797099997,3.3166798922540002,1.419656306776,1.347994327014,-0.083129335880000002
369,0,-0.039291847598613275,0.49225950602307317,false,flipguard_tabular_validation_v2,sha256:5ab8f6012f10c07a3c85a4a5e3dbe1432c374948700aee0726362ddf8cbf4694,sha256:025eb7dea28322d4b60adcfff3b1ff48c3fb44aa57280d39eea813405a6561d5,model_input,identity_model_input_v1,0.023804223005999998,1.812014438944,3.3789290800109999,-0.66707331755199994,-0.67504030634300005,-1.0566774002379999,0.10209074682499999,-0.083129335880000002
370,0,-0.042521591597312745,0.4916232464553294,false,flipguard_tabular_validation_v2,sha256:5ab8f6012f10c07a3c85a4a5e3dbe1432c374948700aee0726362ddf8cbf4694,sha256:025eb7dea28322d4b60adcfff3b1ff48c3fb44aa57280d39eea813405a6561d5,model_input,identity_model_input_v1,0.73623061153400005,-1.016111775245,-0.402342990831,-1.7187177491929999,-0.67504030634300005,-1.0566774002379999,-1.143812833363,-0.083129335880000002
372,0,-0.073512584631795261,0.48551802082753631,false,flipguard_tabular_validation_v2,sha256:5ab8f6012f10c07a3c85a4a5e3dbe1432c374948700aee0726362ddf8cbf4694,sha256:025eb7dea28322d4b60adcfff3b1ff48c3fb44aa57280d39eea813405a6561d5,model_input,identity_model_input_v1,0.97370607437599999,1.281740773783,0.22786902097600001,-0.141251101731,1.035696921627,-0.59236483017300001,-1.143812833363,-0.083129335880000002
375,1,0.029686438450128826,0.50584822837467536,true,flipguard_tabular_validation_v2,sha256:5ab8f6012f10c07a3c85a4a5e3dbe1432c374948700aee0726362ddf8cbf4694,sha256:025eb7dea28322d4b60adcfff3b1ff48c3fb44aa57280d39eea813405a6561d5,model_input,identity_model_input_v1,-0.68862216552199995,0.57470922023600002,-0.402342990831,-0.49179924561100002,-0.67504030634300005,1.419656306776,0.10209074682499999,-0.083129335880000002
376,1,0.082913223784134904,0.51633390508547461,true,flipguard_tabular_validation_v2,sha256:5ab8f6012f10c07a3c85a4a5e3dbe1432c374948700aee0726362ddf8cbf4694,sha256:025eb7dea28322d4b60adcfff3b1ff48c3fb44aa57280d39eea813405a6561d5,model_input,identity_model_input_v1,-0.21367123983700001,-0.83935388685800005,-0.402342990831,1.085667401851,0.75057405029900004,0.800572880022,-1.143812833363,-0.083129335880000002
377,1,0.18193473655617884,0.53584114310156727,true,flipguard_tabular_validation_v2,sha256:5ab8f6012f10c07a3c85a4a5e3dbe1432c374948700aee0726362ddf8cbf4694,sha256:025eb7dea28322d4b60adcfff3b1ff48c3fb44aa57280d39eea813405a6561d5,model_input,identity_model_input_v1,-1.638524016893,-0.66259599847100004,-0.402342990831,0.38457111409,3.3166798922540002,1.2648854500869999,1.1922563794909999,-0.083129335880000002
380,0,-0.046142308096715143,0.49090996530494713,false,flipguard_tabular_validation_v2,sha256:5ab8f6012f10c07a3c85a4a5e3dbe1432c374948700aee0726362ddf8cbf4694,sha256:025eb7dea28322d4b60adcfff3b1ff48c3fb44aa57280d39eea813405a6561d5,model_input,identity_model_input_v1,-0.68862216552199995,1.104982885396,2.1185050563969998,0.73511925797099997,-0.38991743501499998,-1.0566774002379999,-1.143812833363,-0.083129335880000002
382,0,-0.011372880982126835,0.49775954244652099,false,flipguard_tabular_validation_v2,sha256:5ab8f6012f10c07a3c85a4a5e3dbe1432c374948700aee0726362ddf8cbf4694,sha256:025eb7dea28322d4b60adcfff3b1ff48c3fb44aa57280d39eea813405a6561d5,model_input,identity_model_input_v1,0.73623061153400005,-0.66259599847100004,-0.402342990831,0.91039332991099997,-0.67504030634300005,-1.0566774002379999,-0.67659899079300001,-0.083129335880000002
383,0,-0.056811991690000049,0.48880803763706998,false,flipguard_tabular_validation_v2,sha256:5ab8f6012f10c07a3c85a4a5e3dbe1432c374948700aee0726362ddf8cbf4694,sha256:025eb7dea28322d4b60adcfff3b1ff48c3fb44aa57280d39eea813405a6561d5,model_input,identity_model_input_v1,0.73623061153400005,1.812014438944,4.0091410918179999,-1.7187177491929999,-0.67504030634300005,-1.0566774002379999,0.56930458939600004,-0.083129335880000002
384,1,-0.0013882235568439894,0.49972651995930173,false,flipguard_tabular_validation_v2,sha256:5ab8f6012f10c07a3c85a4a5e3dbe1432c374948700aee0726362ddf8cbf4694,sha256:025eb7dea28322d4b60adcfff3b1ff48c3fb44aa57280d39eea813405a6561d5,model_input,identity_model_input_v1,0.49875514869100002,-1.016111775245,-0.402342990831,-1.7187177491929999,-0.67504030634300005,0.33626030995700001,1.1922563794909999,-0.083129335880000002
385,1,0.075338298202553861,0.5148416447459031,true,flipguard_tabular_validation_v2,sha256:5ab8f6012f10c07a3c85a4a5e3dbe1432c374948700aee0726362ddf8cbf4694,sha256:025eb7dea28322d4b60adcfff3b1ff48c3fb44aa57280d39eea813405a6561d5,model_input,identity_model_input_v1,-1.163573091208,0.57470922023600002,-0.087236984928,0.91039332991099997,0.75057405029900004,1.110114593399,-1.143812833363,-0.083129335880000002
387,0,-0.013794511148894878,0.4972824813036677,false,flipguard_tabular_validation_v2,sha256:5ab8f6012f10c07a3c85a4a5e3dbe1432c374948700aee0726362ddf8cbf4694,sha256:025eb7dea28322d4b60adcfff3b1ff48c3fb44aa57280d39eea813405a6561d5,model_input,identity_model_input_v1,0.26127968584799999,1.281740773783,-0.402342990831,-0.84234738949200005,-0.67504030634300005,1.110114593399,1.347994327014,-0.083129335880000002
390,0,-0.022467178942184765,0.49557396574838958,false,flipguard_tabular_validation_v2,sha256:5ab8f6012f10c07a3c85a4a5e3dbe1432c374948700aee0726362ddf8cbf4694,sha256:025eb7dea28322d4b60adcfff3b1ff48c3fb44aa57280d39eea813405a6561d5,model_input,identity_model_input_v1,0.97370607437599999,0.92822499701000005,-0.402342990831,-1.7187177491929999,-0.67504030634300005,-1.0566774002379999,1.036518431967,-0.083129335880000002
391,1,0.032180513434272598,0.50633956114655165,true,flipguard_tabular_validation_v2,sha256:5ab8f6012f10c07a3c85a4a5e3dbe1432c374948700aee0726362ddf8cbf4694,sha256:025eb7dea28322d4b60adcfff3b1ff48c3fb44aa57280d39eea813405a6561d5,model_input,identity_model_input_v1,0.73623061153400005,-1.016111775245,-0.402342990831,1.085667401851,2.1761884069409998,0.64580202333400005,1.347994327014,-0.083129335880000002
392,1,0.0025267716336611033,0.50049777401183126,true,flipguard_tabular_validation_v2,sha256:5ab8f6012f10c07a3c85a4a5e3dbe1432c374948700aee0726362ddf8cbf4694,sha256:025eb7dea28322d4b60adcfff3b1ff48c3fb44aa57280d39eea813405a6561d5,model_input,identity_model_input_v1,0.49875514869100002,-1.016111775245,-0.402342990831,-0.31652517367100003,-0.38991743501499998,-1.0566774002379999,0.25782869434900002,-0.083129335880000002
393,0,-0.031720942820834909,0.49375097426429554,false,flipguard_tabular_validation_v2,sha256:5ab8f6012f10c07a3c85a4a5e3dbe1432c374948700aee0726362ddf8cbf4694,sha256:025eb7dea28322d4b60adcfff3b1ff48c3fb44aa57280d39eea813405a6561d5,model_input,identity_model_input_v1,-0.21367123983700001,1.281740773783,-0.402342990831,-0.31652517367100003,0.46545117896999999,0.18148945326900001,0.88078048444299994,-0.083129335880000002
394,1,0.034665646724674551,0.50682913240476091,true,flipguard_tabular_validation_v2,sha256:5ab8f6012f10c07a3c85a4a5e3dbe1432c374948700aee0726362ddf8cbf4694,sha256:025eb7dea28322d4b60adcfff3b1ff48c3fb44aa57280d39eea813405a6561d5,model_input,identity_model_input_v1,0.49875514869100002,-0.13232233331099999,-0.402342990831,0.91039332991099997,-0.67504030634300005,1.419656306776,-0.67659899079300001,-0.083129335880000002
395,1,0.11280555201308332,0.52222269374657737,true,flipguard_tabular_validation_v2,sha256:5ab8f6012f10c07a3c85a4a5e3dbe1432c374948700aee0726362ddf8cbf4694,sha256:025eb7dea28322d4b60adcfff3b1ff48c3fb44aa57280d39eea813405a6561d5,model_input,identity_model_input_v1,-0.45114670268000001,0.22119344346299999,-0.402342990831,1.085667401851,1.3208197929550001,1.419656306776,-0.98807488584000003,-0.083129335880000002
409,0,-0.03935915856036426,0.49224624576360826,false,flipguard_tabular_validation_v2,sha256:5ab8f6012f10c07a3c85a4a5e3dbe1432c374948700aee0726362ddf8cbf4694,sha256:025eb7dea28322d4b60adcfff3b1ff48c3fb44aa57280d39eea813405a6561d5,model_input,identity_model_input_v1,0.023804223005999998,-1.016111775245,-0.402342990831,-0.49179924561100002,-0.104794563686,-1.0566774002379999,-1.143812833363,-0.083129335880000002
416,1,-0.023643398880616156,0.4953422504205186,false,flipguard_tabular_validation_v2,sha256:5ab8f6012f10c07a3c85a4a5e3dbe1432c374948700aee0726362ddf8cbf4694,sha256:025eb7dea28322d4b60adcfff3b1ff48c3fb44aa57280d39eea813405a6561d5,model_input,identity_model_input_v1,-0.45114670268000001,0.57470922023600002,-0.402342990831,1.085667401851,-0.67504030634300005,-1.0566774002379999,-0.52086104326899996,-0.083129335880000002
419,1,0.014636042616212229,0.50288330039539386,true,flipguard_tabular_validation_v2,sha256:5ab8f6012f10c07a3c85a4a5e3dbe1432c374948700aee0726362ddf8cbf4694,sha256:025eb7dea28322d4b60adcfff3b1ff48c3fb44aa57280d39eea813405a6561d5,model_input,identity_model_input_v1,0.26127968584799999,-0.485838110085,0.54297502687900001,-0.31652517367100003,-0.67504030634300005,1.419656306776,-1.143812833363,-0.083129335880000002
421,1,-0.00030000088496198285,0.49994089982566248,false,flipguard_tabular_validation_v2,sha256:5ab8f6012f10c07a3c85a4a5e3dbe1432c374948700aee0726362ddf8cbf4694,sha256:025eb7dea28322d4b60adcfff3b1ff48c3fb44aa57280d39eea813405a6561d5,model_input,identity_model_input_v1,0.97370607437599999,1.104982885396,-0.402342990831,0.38457111409,-0.67504030634300005,-1.0566774002379999,0.25782869434900002,-0.083129335880000002
422,0,0.016466662997468694,0.50324393261050138,true,flipguard_tabular_validation_v2,sha256:5ab8f6012f10c07a3c85a4a5e3dbe1432c374948700aee0726362ddf8cbf4694,sha256:025eb7dea28322d4b60adcfff3b1ff48c3fb44aa57280d39eea813405a6561d5,model_input,identity_model_input_v1,-0.92609762836499998,-1.016111775245,-0.402342990831,1.085667401851,-0.67504030634300005,-1.0566774002379999,0.41356664187300002,-0.083129335880000002
423,0,-0.011358941211957976,0.49776228858124427,false,flipguard_tabular_validation_v2,sha256:5ab8f6012f10c07a3c85a4a5e3dbe1432c374948700aee0726362ddf8cbf4694,sha256:025eb7dea28322d4b60adcfff3b1ff48c3fb44aa57280d39eea813405a6561d5,model_input,identity_model_input_v1,0.49875514869100002,-0.66259599847100004,-0.402342990831,-1.7187177491929999,-0.67504030634300005,1.2648854500869999,1.347994327014,-0.083129335880000002
425,1,0.012936324036429171,0.5025484558351766,true,flipguard_tabular_validation_v2,sha256:5ab8f6012f10c07a3c85a4a5e3dbe1432c374948700aee0726362ddf8cbf4694,sha256:025eb7dea28322d4b60adcfff3b1ff48c3fb44aa57280d39eea813405a6561d5,model_input,identity_model_input_v1,0.97370607437599999,1.635256550557,0.22786902097600001,0.20929704215,-0.67504030634300005,1.110114593399,-0.67659899079300001,-0.083129335880000002
427,0,-0.051658028299269999,0.48982336842504381,false,flipguard_tabular_validation_v2,sha256:5ab8f6012f10c07a3c85a4a5e3dbe1432c374948700aee0726362ddf8cbf4694,sha256:025eb7dea28322d4b60adcfff3b1ff48c3fb44aa57280d39eea813405a6561d5,model_input,identity_model_input_v1,0.97370607437599999,0.044435555076,-0.402342990831,-1.7187177491929999,-0.67504030634300005,-1.0566774002379999,-1.143812833363,-0.083129335880000002
428,1,0.046483302276891354,0.50915721054854757,true,flipguard_tabular_validation_v2,sha256:5ab8f6012f10c07a3c85a4a5e3dbe1432c374948700aee0726362ddf8cbf4694,sha256:025eb7dea28322d4b60adcfff3b1ff48c3fb44aa57280d39eea813405a6561d5,model_input,identity_model_input_v1,0.49875514869100002,-0.66259599847100004,-0.402342990831,0.55984518603,-0.38991743501499998,1.419656306776,-0.36512309574500001,-0.083129335880000002
432,0,-0.0045909289600780355,0.49909558699486462,false,flipguard_tabular_validation_v2,sha256:5ab8f6012f10c07a3c85a4a5e3dbe1432c374948700aee0726362ddf8cbf4694,sha256:025eb7dea28322d4b60adcfff3b1ff48c3fb44aa57280d39eea813405a6561d5,model_input,identity_model_input_v1,-1.163573091208,1.812014438944,1.48829304459,-0.31652517367100003,-0.104794563686,0.800572880022,-0.20938514822199999,-0.083129335880000002
435,0,-0.051944974249718195,0.48976684007280552,false,flipguard_tabular_validation_v2,sha256:5ab8f6012f10c07a3c85a4a5e3dbe1432c374948700aee0726362ddf8cbf4694,sha256:025eb7dea28322d4b60adcfff3b1ff48c3fb44aa57280d39eea813405a6561d5,model_input,identity_model_input_v1,0.023804223005999998,1.635256550557,0.85808103278299996,0.91039332991099997,-0.67504030634300005,-1.0566774002379999,-1.143812833363,-0.083129335880000002
436,0,-0.062805126217329865,0.48762739013518602,false,flipguard_tabular_validation_v2,sha256:5ab8f6012f10c07a3c85a4a5e3dbe1432c374948700aee0726362ddf8cbf4694,sha256:025eb7dea28322d4b60adcfff3b1ff48c3fb44aa57280d39eea813405a6561d5,model_input,identity_model_input_v1,-0.92609762836499998,1.812014438944,0.85808103278299996,0.73511925797099997,-0.67504030634300005,-1.0566774002379999,-1.143812833363,-0.083129335880000002
438,1,-0.018323670465743572,0.49639023691824852,false,flipguard_tabular_validation_v2,sha256:5ab8f6012f10c07a3c85a4a5e3dbe1432c374948700aee0726362ddf8cbf4694,sha256:025eb7dea28322d4b60adcfff3b1ff48c3fb44aa57280d39eea813405a6561d5,model_input,identity_model_input_v1,0.023804223005999998,1.812014438944,0.54297502687900001,0.73511925797099997,-0.67504030634300005,-0.59236483017300001,1.347994327014,-0.083129335880000002
440,0,-0.028939284244619244,0.49429896100380999,false,flipguard_tabular_validation_v2,sha256:5ab8f6012f10c07a3c85a4a5e3dbe1432c374948700aee0726362ddf8cbf4694,sha256:025eb7dea28322d4b60adcfff3b1ff48c3fb44aa57280d39eea813405a6561d5,model_input,identity_model_input_v1,0.26127968584799999,0.044435555076,-0.402342990831,0.73511925797099997,-0.67504030634300005,-0.59236483017300001,-1.143812833363,-0.083129335880000002
441,0,-0.013357543039054634,0.49736856402130625,false,flipguard_tabular_validation_v2,sha256:5ab8f6012f10c07a3c85a4a5e3dbe1432c374948700aee0726362ddf8cbf4694,sha256:025eb7dea28322d4b60adcfff3b1ff48c3fb44aa57280d39eea813405a6561d5,model_input,identity_model_input_v1,0.023804223005999998,0.397951331849,-0.087236984928,0.20929704215,0.180328307642,0.95534373671100004,1.347994327014,-0.083129335880000002
442,1,0.018726803051357419,0.50368918020111741,true,flipguard_tabular_validation_v2,sha256:5ab8f6012f10c07a3c85a4a5e3dbe1432c374948700aee0726362ddf8cbf4694,sha256:025eb7dea28322d4b60adcfff3b1ff48c3fb44aa57280d39eea813405a6561d5,model_input,identity_model_input_v1,-0.92609762836499998,-0.30908022169799998,-0.402342990831,-0.66707331755199994,-0.38991743501499998,0.95534373671100004,-1.143812833363,-0.083129335880000002
444,1,0.10151693122915516,0.51999883545214354,true,flipguard_tabular_validation_v2,sha256:5ab8f6012f10c07a3c85a4a5e3dbe1432c374948700aee0726362ddf8cbf4694,sha256:025eb7dea28322d4b60adcfff3b1ff48c3fb44aa57280d39eea813405a6561d5,model_input,identity_model_input_v1,-0.68862216552199995,-0.83935388685800005,-0.402342990831,0.91039332991099997,0.46545117896999999,1.419656306776,-0.83233693831599997,-0.083129335880000002
445,0,-0.050396023720680458,0.49007198332702595,false,flipguard_tabular_validation_v2,sha256:5ab8f6012f10c07a3c85a4a5e3dbe1432c374948700aee0726362ddf8cbf4694,sha256:025eb7dea28322d4b60adcfff3b1ff48c3fb44aa57280d39eea813405a6561d5,model_input,identity_model_input_v1,-0.68862216552199995,0.397951331849,-0.087236984928,0.38457111409,-0.104794563686,-1.0566774002379999,-1.143812833363,-0.083129335880000002
446,0,-0.11050461112992536,0.47823059160740472,false,flipguard_tabular_validation_v2,sha256:5ab8f6012f10c07a3c85a4a5e3dbe1432c374948700aee0726362ddf8cbf4694,sha256:025eb7dea28322d4b60adcfff3b1ff48c3fb44aa57280d39eea813405a6561d5,model_input,identity_model_input_v1,-0.92609762836499998,1.281740773783,4.639353103625,0.55984518603,0.75057405029900004,1.2648854500869999,1.1922563794909999,-0.083129335880000002
449,1,0.0056558669805110897,0.50111420579516064,true,flipguard_tabular_validation_v2,sha256:5ab8f6012f10c07a3c85a4a5e3dbe1432c374948700aee0726362ddf8cbf4694,sha256:025eb7dea28322d4b60adcfff3b1ff48c3fb44aa57280d39eea813405a6561d5,model_input,identity_model_input_v1,-0.21367123983700001,-1.016111775245,-0.402342990831,-0.66707331755199994,-0.67504030634300005,-0.28282311679599997,1.347994327014,-0.083129335880000002
455,1,0.045218778073153922,0.50890809928041136,true,flipguard_tabular_validation_v2,sha256:5ab8f6012f10c07a3c85a4a5e3dbe1432c374948700aee0726362ddf8cbf4694,sha256:025eb7dea28322d4b60adcfff3b1ff48c3fb44aa57280d39eea813405a6561d5,model_input,identity_model_input_v1,0.023804223005999998,-0.83935388685800005,-0.402342990831,0.034022970210000003,-0.38991743501499998,1.2648854500869999,-0.053647200697999997,-0.083129335880000002
459,0,-0.053418614022428618,0.48947653303758154,false,flipguard_tabular_validation_v2,sha256:5ab8f6012f10c07a3c85a4a5e3dbe1432c374948700aee0726362ddf8cbf4694,sha256:025eb7dea28322d4b60adcfff3b1ff48c3fb44aa57280d39eea813405a6561d5,model_input,identity_model_input_v1,0.73623061153400005,1.812014438944,2.4336110622999998,0.73511925797099997,1.605942664284,-1.0566774002379999,-0.98807488584000003,-0.083129335880000002
460,1,0.014690660544938628,0.50289406012735294,true,flipguard_tabular_validation_v2,sha256:5ab8f6012f10c07a3c85a4a5e3dbe1432c374948700aee0726362ddf8cbf4694,sha256:025eb7dea28322d4b60adcfff3b1ff48c3fb44aa57280d39eea813405a6561d5,model_input,identity_model_input_v1,0.26127968584799999,-1.016111775245,-0.402342990831,-0.49179924561100002,-0.67504030634300005,-0.43759397348500001,0.10209074682499999,-0.083129335880000002
462,1,0.094255409295965875,0.51856831563130523,true,flipguard_tabular_validation_v2,sha256:5ab8f6012f10c07a3c85a4a5e3dbe1432c374948700aee0726362ddf8cbf4694,sha256:025eb7dea28322d4b60adcfff3b1ff48c3fb44aa57280d39eea813405a6561d5,model_input,identity_model_input_v1,0.97370607437599999,-0.66259599847100004,-0.402342990831,1.085667401851,1.3208197929550001,1.2648854500869999,-0.98807488584000003,-0.083129335880000002
463,0,-0.053360255322084604,0.48948802970154931,false,flipguard_tabular_validation_v2,sha256:5ab8f6012f10c07a3c85a4a5e3dbe1432c374948700aee0726362ddf8cbf4694,sha256:025eb7dea28322d4b60adcfff3b1ff48c3fb44aa57280d39eea813405a6561d5,model_input,identity_model_input_v1,-0.21367123983700001,-0.13232233331099999,-0.402342990831,-0.49179924561100002,-0.67504030634300005,-1.0566774002379999,-1.143812833363,-0.083129335880000002
464,0,-0.046820102813377042,0.49077643974576474,false,flipguard_tabular_validation_v2,sha256:5ab8f6012f10c07a3c85a4a5e3dbe1432c374948700aee0726362ddf8cbf4694,sha256:025eb7dea28322d4b60adcfff3b1ff48c3fb44aa57280d39eea813405a6561d5,model_input,identity_model_input_v1,0.023804223005999998,1.104982885396,1.48829304459,0.91039332991099997,-0.67504030634300005,-1.0566774002379999,-1.143812833363,-0.083129335880000002
465,1,0.017249599625162544,0.50339817112615703,true,flipguard_tabular_validation_v2,sha256:5ab8f6012f10c07a3c85a4a5e3dbe1432c374948700aee0726362ddf8cbf4694,sha256:025eb7dea28322d4b60adcfff3b1ff48c3fb44aa57280d39eea813405a6561d5,model_input,identity_model_input_v1,-0.92609762836499998,0.57470922023600002,-0.402342990831,0.91039332991099997,-0.38991743501499998,0.95534373671100004,1.347994327014,-0.083129335880000002
466,0,-0.044971110555991088,0.49114069122046977,false,flipguard_tabular_validation_v2,sha256:5ab8f6012f10c07a3c85a4a5e3dbe1432c374948700aee0726362ddf8cbf4694,sha256:025eb7dea28322d4b60adcfff3b1ff48c3fb44aa57280d39eea813405a6561d5,model_input,identity_model_input_v1,-0.21367123983700001,1.812014438944,2.1185050563969998,-1.7187177491929999,-0.38991743501499998,-0.59236483017300001,-0.36512309574500001,-0.083129335880000002
467,1,0.11420462355265332,0.52249831083987275,true,flipguard_tabular_validation_v2,sha256:5ab8f6012f10c07a3c85a4a5e3dbe1432c374948700aee0726362ddf8cbf4694,sha256:025eb7dea28322d4b60adcfff3b1ff48c3fb44aa57280d39eea813405a6561d5,model_input,identity_model_input_v1,-1.40104855405,0.044435555076,-0.402342990831,0.91039332991099997,2.4613112782690001,1.2648854500869999,1.347994327014,-0.083129335880000002
468,0,-0.060291965955654871,0.48812248270673597,false,flipguard_tabular_validation_v2,sha256:5ab8f6012f10c07a3c85a4a5e3dbe1432c374948700aee0726362ddf8cbf4694,sha256:025eb7dea28322d4b60adcfff3b1ff48c3fb44aa57280d39eea813405a6561d5,model_input,identity_model_input_v1,-0.92609762836499998,1.635256550557,1.1731870386859999,0.38457111409,-0.67504030634300005,-1.0566774002379999,-1.143812833363,-0.083129335880000002
472,0,-0.025956833282176177,0.49488650384341132,false,flipguard_tabular_validation_v2,sha256:5ab8f6012f10c07a3c85a4a5e3dbe1432c374948700aee0726362ddf8cbf4694,sha256:025eb7dea28322d4b60adcfff3b1ff48c3fb44aa57280d39eea813405a6561d5,model_input,identity_model_input_v1,0.97370607437599999,-0.66259599847100004,-0.402342990831,-1.3681696053129999,-0.67504030634300005,-0.59236483017300001,-1.143812833363,-0.083129335880000002
473,0,-0.047394260646554776,0.49066333065262868,false,flipguard_tabular_validation_v2,sha256:5ab8f6012f10c07a3c85a4a5e3dbe1432c374948700aee0726362ddf8cbf4694,sha256:025eb7dea28322d4b60adcfff3b1ff48c3fb44aa57280d39eea813405a6561d5,model_input,identity_model_input_v1,0.97370607437599999,0.22119344346299999,-0.402342990831,-1.0176214614320001,-0.67504030634300005,-1.0566774002379999,-1.143812833363,-0.083129335880000002
474,0,-0.036562276718037634,0.49279723148654658,false,flipguard_tabular_validation_v2,sha256:5ab8f6012f10c07a3c85a4a5e3dbe1432c374948700aee0726362ddf8cbf4694,sha256:025eb7dea28322d4b60adcfff3b1ff48c3fb44aa57280d39eea813405a6561d5,model_input,identity_model_input_v1,0.97370607437599999,1.281740773783,-0.402342990831,1.085667401851,-0.67504030634300005,-1.0566774002379999,-0.98807488584000003,-0.083129335880000002
482,0,-0.01722237653405408,0.49660719182279134,false,flipguard_tabular_validation_v2,sha256:5ab8f6012f10c07a3c85a4a5e3dbe1432c374948700aee0726362ddf8cbf4694,sha256:025eb7dea28322d4b60adcfff3b1ff48c3fb44aa57280d39eea813405a6561d5,model_input,identity_model_input_v1,-0.21367123983700001,0.57470922023600002,1.1731870386859999,0.38457111409,-0.67504030634300005,-0.59236483017300001,-0.52086104326899996,-0.083129335880000002
487,1,0.074225845420830369,0.51462249154790363,true,flipguard_tabular_validation_v2,sha256:5ab8f6012f10c07a3c85a4a5e3dbe1432c374948700aee0726362ddf8cbf4694,sha256:025eb7dea28322d4b60adcfff3b1ff48c3fb44aa57280d39eea813405a6561d5,model_input,identity_model_input_v1,0.26127968584799999,-1.016111775245,-0.402342990831,1.085667401851,0.75057405029900004,1.2648854500869999,0.56930458939600004,-0.083129335880000002
489,1,0.089711507592035444,0.51767316699563093,true,flipguard_tabular_validation_v2,sha256:5ab8f6012f10c07a3c85a4a5e3dbe1432c374948700aee0726362ddf8cbf4694,sha256:025eb7dea28322d4b60adcfff3b1ff48c3fb44aa57280d39eea813405a6561d5,model_input,identity_model_input_v1,0.97370607437599999,-1.016111775245,-0.402342990831,0.034022970210000003,-0.67504030634300005,0.800572880022,1.347994327014,2.9902111112240002
492,1,0.0073265395507746186,0.50144332829150262,true,flipguard_tabular_validation_v2,sha256:5ab8f6012f10c07a3c85a4a5e3dbe1432c374948700aee0726362ddf8cbf4694,sha256:025eb7dea28322d4b60adcfff3b1ff48c3fb44aa57280d39eea813405a6561d5,model_input,identity_model_input_v1,0.97370607437599999,-0.13232233331099999,-0.402342990831,0.034022970210000003,-0.67504030634300005,0.64580202333400005,1.1922563794909999,-0.083129335880000002
495,1,0.00044624679882085145,0.50008791061936775,true,flipguard_tabular_validation_v2,sha256:5ab8f6012f10c07a3c85a4a5e3dbe1432c374948700aee0726362ddf8cbf4694,sha256:025eb7dea28322d4b60adcfff3b1ff48c3fb44aa57280d39eea813405a6561d5,model_input,identity_model_input_v1,0.97370607437599999,-1.016111775245,-0.402342990831,0.034022970210000003,-0.67504030634300005,-1.0566774002379999,-0.36512309574500001,-0.083129335880000002
497,1,0.00080487129235910695,0.50015855964459477,true,flipguard_tabular_validation_v2,sha256:5ab8f6012f10c07a3c85a4a5e3dbe1432c374948700aee0726362ddf8cbf4694,sha256:025eb7dea28322d4b60adcfff3b1ff48c3fb44aa57280d39eea813405a6561d5,model_input,identity_model_input_v1,0.97370607437599999,-0.66259599847100004,-0.402342990831,0.73511925797099997,-0.67504030634300005,-1.0566774002379999,-0.36512309574500001,-0.083129335880000002
500,1,0.0082957671952307212,0.50163426613746043,true,flipguard_tabular_validation_v2,sha256:5ab8f6012f10c07a3c85a4a5e3dbe1432c374948700aee0726362ddf8cbf4694,sha256:025eb7dea28322d4b60adcfff3b1ff48c3fb44aa57280d39eea813405a6561d5,model_input,identity_model_input_v1,0.73623061153400005,-1.016111775245,-0.402342990831,0.034022970210000003,-0.67504030634300005,-0.43759397348500001,1.347994327014,-0.083129335880000002
502,0,-0.028265662991235133,0.49443166439072667,false,flipguard_tabular_validation_v2,sha256:5ab8f6012f10c07a3c85a4a5e3dbe1432c374948700aee0726362ddf8cbf4694,sha256:025eb7dea28322d4b60adcfff3b1ff48c3fb44aa57280d39eea813405a6561d5,model_input,identity_model_input_v1,0.97370607437599999,-1.016111775245,-0.402342990831,0.55984518603,-0.67504030634300005,-1.0566774002379999,-1.143812833363,-0.083129335880000002
504,0,-0.0058266736029254848,0.4988521453002237,false,flipguard_tabular_validation_v2,sha256:5ab8f6012f10c07a3c85a4a5e3dbe1432c374948700aee0726362ddf8cbf4694,sha256:025eb7dea28322d4b60adcfff3b1ff48c3fb44aa57280d39eea813405a6561d5,model_input,identity_model_input_v1,-1.638524016893,0.57470922023600002,-0.402342990831,0.55984518603,-0.67504030634300005,-1.0566774002379999,0.25782869434900002,-0.083129335880000002
505,0,-0.053728482087927021,0.48941548902867837,false,flipguard_tabular_validation_v2,sha256:5ab8f6012f10c07a3c85a4a5e3dbe1432c374948700aee0726362ddf8cbf4694,sha256:025eb7dea28322d4b60adcfff3b1ff48c3fb44aa57280d39eea813405a6561d5,model_input,identity_model_input_v1,0.97370607437599999,0.22119344346299999,-0.402342990831,-1.7187177491929999,-0.67504030634300005,-1.0566774002379999,-1.143812833363,-0.083129335880000002
506,0,-0.036418153413045495,0.49282562377763006,false,flipguard_tabular_validation_v2,sha256:5ab8f6012f10c07a3c85a4a5e3dbe1432c374948700aee0726362ddf8cbf4694,sha256:025eb7dea28322d4b60adcfff3b1ff48c3fb44aa57280d39eea813405a6561d5,model_input,identity_model_input_v1,0.97370607437599999,-0.83935388685800005,-0.402342990831,-1.0176214614320001,-0.67504030634300005,-1.0566774002379999,-1.143812833363,-0.083129335880000002
507,0,-0.051658028299269999,0.48982336842504381,false,flipguard_tabular_validation_v2,sha256:5ab8f6012f10c07a3c85a4a5e3dbe1432c374948700aee0726362ddf8cbf4694,sha256:025eb7dea28322d4b60adcfff3b1ff48c3fb44aa57280d39eea813405a6561d5,model_input,identity_model_input_v1,0.97370607437599999,0.044435555076,-0.402342990831,-1.7187177491929999,-0.67504030634300005,-1.0566774002379999,-1.143812833363,-0.083129335880000002
508,0,-0.050751149021748501,0.49000202364271556,false,flipguard_tabular_validation_v2,sha256:5ab8f6012f10c07a3c85a4a5e3dbe1432c374948700aee0726362ddf8cbf4694,sha256:025eb7dea28322d4b60adcfff3b1ff48c3fb44aa57280d39eea813405a6561d5,model_input,identity_model_input_v1,-0.21367123983700001,0.397951331849,-0.402342990831,1.085667401851,-0.67504030634300005,-1.0566774002379999,-1.143812833363,-0.083129335880000002
510,1,0.0054913538471512945,0.50108179670788877,true,flipguard_tabular_validation_v2,sha256:5ab8f6012f10c07a3c85a4a5e3dbe1432c374948700aee0726362ddf8cbf4694,sha256:025eb7dea28322d4b60adcfff3b1ff48c3fb44aa57280d39eea813405a6561d5,model_input,identity_model_input_v1,0.97370607437599999,-1.016111775245,-0.402342990831,-0.31652517367100003,-0.67504030634300005,-0.43759397348500001,1.347994327014,-0.083129335880000002
512,1,0.085973840093703485,0.51693684649845961,true,flipguard_tabular_validation_v2,sha256:5ab8f6012f10c07a3c85a4a5e3dbe1432c374948700aee0726362ddf8cbf4694,sha256:025eb7dea28322d4b60adcfff3b1ff48c3fb44aa57280d39eea813405a6561d5,model_input,identity_model_input_v1,-0.21367123983700001,-1.016111775245,-0.402342990831,0.73511925797099997,0.46545117896999999,1.419656306776,0.10209074682499999,-0.083129335880000002
513,0,-0.046986113456602342,0.49074373564904933,false,flipguard_tabular_validation_v2,sha256:5ab8f6012f10c07a3c85a4a5e3dbe1432c374948700aee0726362ddf8cbf4694,sha256:025eb7dea28322d4b60adcfff3b1ff48c3fb44aa57280d39eea813405a6561d5,model_input,identity_model_input_v1,0.023804223005999998,1.45849866217,-0.402342990831,0.38457111409,-0.67504030634300005,-1.0566774002379999,-0.83233693831599997,-0.083129335880000002
515,0,-0.018361140200971543,0.49638285538040861,false,flipguard_tabular_validation_v2,sha256:5ab8f6012f10c07a3c85a4a5e3dbe1432c374948700aee0726362ddf8cbf4694,sha256:025eb7dea28322d4b60adcfff3b1ff48c3fb44aa57280d39eea813405a6561d5,model_input,identity_model_input_v1,0.49875514869100002,0.57470922023600002,-0.402342990831,0.55984518603,1.3208197929550001,1.419656306776,1.347994327014,-0.083129335880000002
516,1,0.11906673327947989,0.52345614645605754,true,flipguard_tabular_validation_v2,sha256:5ab8f6012f10c07a3c85a4a5e3dbe1432c374948700aee0726362ddf8cbf4694,sha256:025eb7dea28322d4b60adcfff3b1ff48c3fb44aa57280d39eea813405a6561d5,model_input,identity_model_input_v1,-2.5884258682639998,0.57470922023600002,-0.402342990831,-0.141251101731,2.7464341495969999,1.419656306776,1.347994327014,-0.083129335880000002
517,0,-0.07539470039484486,0.48514724402221554,false,flipguard_tabular_validation_v2,sha256:5ab8f6012f10c07a3c85a4a5e3dbe1432c374948700aee0726362ddf8cbf4694,sha256:025eb7dea28322d4b60adcfff3b1ff48c3fb44aa57280d39eea813405a6561d5,model_input,identity_model_input_v1,-2.5884258682639998,1.281740773783,-0.402342990831,1.085667401851,-0.67504030634300005,-1.0566774002379999,-1.143812833363,-0.083129335880000002
518,0,-0.03719491482129661,0.49267260178020456,false,flipguard_tabular_validation_v2,sha256:5ab8f6012f10c07a3c85a4a5e3dbe1432c374948700aee0726362ddf8cbf4694,sha256:025eb7dea28322d4b60adcfff3b1ff48c3fb44aa57280d39eea813405a6561d5,model_input,identity_model_input_v1,-0.92609762836499998,0.92822499701000005,4.0091410918179999,1.085667401851,-0.104794563686,-1.0566774002379999,-1.143812833363,-0.083129335880000002
520,1,0.093232223495477343,0.51836674802860905,true,flipguard_tabular_validation_v2,sha256:5ab8f6012f10c07a3c85a4a5e3dbe1432c374948700aee0726362ddf8cbf4694,sha256:025eb7dea28322d4b60adcfff3b1ff48c3fb44aa57280d39eea813405a6561d5,model_input,identity_model_input_v1,0.26127968584799999,0.397951331849,-0.402342990831,1.085667401851,1.8910655356120001,1.419656306776,-0.20938514822199999,-0.083129335880000002
524,1,0.10285868917078481,0.52026316176664456,true,flipguard_tabular_validation_v2,sha256:5ab8f6012f10c07a3c85a4a5e3dbe1432c374948700aee0726362ddf8cbf4694,sha256:025eb7dea28322d4b60adcfff3b1ff48c3fb44aa57280d39eea813405a6561d5,model_input,identity_model_input_v1,0.49875514869100002,-1.016111775245,-0.402342990831,1.085667401851,1.605942664284,1.419656306776,0.41356664187300002,-0.083129335880000002
526,1,0.0090293480056701132,0.50177878155711697,true,flipguard_tabular_validation_v2,sha256:5ab8f6012f10c07a3c85a4a5e3dbe1432c374948700aee0726362ddf8cbf4694,sha256:025eb7dea28322d4b60adcfff3b1ff48c3fb44aa57280d39eea813405a6561d5,model_input,identity_model_input_v1,0.73623061153400005,-0.485838110085,-0.402342990831,0.55984518603,-0.67504030634300005,-0.59236483017300001,1.347994327014,-0.083129335880000002
527,1,0.038380335555105664,0.50756092610435577,true,flipguard_tabular_validation_v2,sha256:5ab8f6012f10c07a3c85a4a5e3dbe1432c374948700aee0726362ddf8cbf4694,sha256:025eb7dea28322d4b60adcfff3b1ff48c3fb44aa57280d39eea813405a6561d5,model_input,identity_model_input_v1,0.73623061153400005,-0.83935388685800005,-0.402342990831,-0.84234738949200005,1.3208197929550001,0.95534373671100004,-1.143812833363,-0.083129335880000002
529,0,-0.061424402188178975,0.48789939276892874,false,flipguard_tabular_validation_v2,sha256:5ab8f6012f10c07a3c85a4a5e3dbe1432c374948700aee0726362ddf8cbf4694,sha256:025eb7dea28322d4b60adcfff3b1ff48c3fb44aa57280d39eea813405a6561d5,model_input,identity_model_input_v1,-2.5884258682639998,1.812014438944,2.1185050563969998,1.085667401851,-0.67504030634300005,-1.0566774002379999,-1.143812833363,-0.083129335880000002
531,1,0.10247024724392542,0.52018663870705328,true,flipguard_tabular_validation_v2,sha256:5ab8f6012f10c07a3c85a4a5e3dbe1432c374948700aee0726362ddf8cbf4694,sha256:025eb7dea28322d4b60adcfff3b1ff48c3fb44aa57280d39eea813405a6561d5,model_input,identity_model_input_v1,-0.68862216552199995,-0.83935388685800005,-0.402342990831,0.38457111409,2.7464341495969999,1.419656306776,1.347994327014,-0.083129335880000002
533,0,-0.062211722033728101,0.48774429075935555,false,flipguard_tabular_validation_v2,sha256:5ab8f6012f10c07a3c85a4a5e3dbe1432c374948700aee0726362ddf8cbf4694,sha256:025eb7dea28322d4b60adcfff3b1ff48c3fb44aa57280d39eea813405a6561d5,model_input,identity_model_input_v1,0.97370607437599999,0.92822499701000005,-0.402342990831,-1.7187177491929999,-0.67504030634300005,-1.0566774002379999,-1.143812833363,-0.083129335880000002
534,0,-0.05215352945789202,0.48972575469679525,false,flipguard_tabular_validation_v2,sha256:5ab8f6012f10c07a3c85a4a5e3dbe1432c374948700aee0726362ddf8cbf4694,sha256:025eb7dea28322d4b60adcfff3b1ff48c3fb44aa57280d39eea813405a6561d5,model_input,identity_model_input_v1,0.023804223005999998,-0.485838110085,-0.402342990831,-1.1928955333719999,-0.67504030634300005,-1.0566774002379999,-1.143812833363,-0.083129335880000002
536,0,-0.060234453247811098,0.48813381271018119,false,flipguard_tabular_validation_v2,sha256:5ab8f6012f10c07a3c85a4a5e3dbe1432c374948700aee0726362ddf8cbf4694,sha256:025eb7dea28322d4b60adcfff3b1ff48c3fb44aa57280d39eea813405a6561d5,model_input,identity_model_input_v1,0.023804223005999998,0.92822499701000005,-0.402342990831,0.38457111409,-0.38991743501499998,-1.0566774002379999,-1.143812833363,-0.083129335880000002
537,1,0.089180149547581231,0.51756848946087353,true,flipguard_tabular_validation_v2,sha256:5ab8f6012f10c07a3c85a4a5e3dbe1432c374948700aee0726362ddf8cbf4694,sha256:025eb7dea28322d4b60adcfff3b1ff48c3fb44aa57280d39eea813405a6561d5,model_input,identity_model_input_v1,0.023804223005999998,-1.016111775245,-0.402342990831,0.55984518603,0.75057405029900004,1.2648854500869999,-0.20938514822199999,-0.083129335880000002
538,1,0.070434441200446923,0.51387558491648799,true,flipguard_tabular_validation_v2,sha256:5ab8f6012f10c07a3c85a4a5e3dbe1432c374948700aee0726362ddf8cbf4694,sha256:025eb7dea28322d4b60adcfff3b1ff48c3fb44aa57280d39eea813405a6561d5,model_input,identity_model_input_v1,0.26127968584799999,0.22119344346299999,-0.402342990831,1.085667401851,1.035696921627,1.110114593399,-0.98807488584000003,-0.083129335880000002
539,1,0.0080330654001230274,0.50158251388382424,true,flipguard_tabular_validation_v2,sha256:5ab8f6012f10c07a3c85a4a5e3dbe1432c374948700aee0726362ddf8cbf4694,sha256:025eb7dea28322d4b60adcfff3b1ff48c3fb44aa57280d39eea813405a6561d5,model_input,identity_model_input_v1,0.97370607437599999,-1.016111775245,-0.402342990831,0.034022970210000003,-0.67504030634300005,-0.28282311679599997,1.347994327014,-0.083129335880000002
