row_id,label,scaled_logit,polynomial_score,plaintext_decision,materialization_schema,source_data_sha256,source_model_sha256,source_feature_space,preprocessing_method,x_0,x_1,x_2,x_3,x_4,x_5,x_6,x_7
1,1,-0.023892571832436767,0.49529321790578529,false,flipguard_tabular_validation_v2,sha256:4baf786bbf5683b96a17d49c15441e198215b62e27d8f6c8b9afd64f3012bfa0,sha256:4732af06a200e574b79412c23f8a91a98989217b2dc0ffb6e5f48ddd4e9caa36,model_input,identity_model_input_v1,0.26127968584799999,-1.016111775245,-0.402342990831,0.20929704215,-0.67504030634300005,-1.0566774002379999,-0.36512309574500001,-0.083129335880000002
2,0,-0.33488361671057154,0.43417815232908641,false,flipguard_tabular_validation_v2,sha256:4baf786bbf5683b96a17d49c15441e198215b62e27d8f6c8b9afd64f3012bfa0,sha256:4732af06a200e574b79412c23f8a91a98989217b2dc0ffb6e5f48ddd4e9caa36,model_input,identity_model_input_v1,-1.875999479736,1.635256550557,4.639353103625,-1.543443677253,-0.67504030634300005,-1.0566774002379999,-0.98807488584000003,-0.083129335880000002
3,0,-0.06292283898531148,0.48760519723736806,false,flipguard_tabular_validation_v2,sha256:4baf786bbf5683b96a17d49c15441e198215b62e27d8f6c8b9afd64f3012bfa0,sha256:4732af06a200e574b79412c23f8a91a98989217b2dc0ffb6e5f48ddd4e9caa36,model_input,identity_model_input_v1,0.26127968584799999,-0.66259599847100004,-0.402342990831,-1.7187177491929999,-0.67504030634300005,0.02671859658,-1.143812833363,-0.083129335880000002
4,0,-0.19689066066525474,0.46124307044899854,false,flipguard_tabular_validation_v2,sha256:4baf786bbf5683b96a17d49c15441e198215b62e27d8f6c8b9afd64f3012bfa0,sha256:4732af06a200e574b79412c23f8a91a98989217b2dc0ffb6e5f48ddd4e9caa36,model_input,identity_model_input_v1,0.73623061153400005,1.635256550557,3.0638230741079999,1.085667401851,-0.38991743501499998,-1.0566774002379999,1.1922563794909999,-0.083129335880000002
10,1,-0.032639393499388984,0.49357017856752172,false,flipguard_tabular_validation_v2,sha256:4baf786bbf5683b96a17d49c15441e198215b62e27d8f6c8b9afd64f3012bfa0,sha256:4732af06a200e574b79412c23f8a91a98989217b2dc0ffb6e5f48ddd4e9caa36,model_input,identity_model_input_v1,-0.45114670268000001,1.281740773783,-0.087236984928,0.55984518603,-0.67504030634300005,0.18148945326900001,-0.053647200697999997,-0.083129335880000002
11,1,0.15658082807048179,0.53083106721317785,true,flipguard_tabular_validation_v2,sha256:4baf786bbf5683b96a17d49c15441e198215b62e27d8f6c8b9afd64f3012bfa0,sha256:4732af06a200e574b79412c23f8a91a98989217b2dc0ffb6e5f48ddd4e9caa36,model_input,identity_model_input_v1,0.023804223005999998,-1.016111775245,-0.402342990831,0.91039332991099997,0.46545117896999999,1.419656306776,-1.143812833363,-0.083129335880000002
13,0,-0.014122169798239756,0.49721794381560491,false,flipguard_tabular_validation_v2,sha256:4baf786bbf5683b96a17d49c15441e198215b62e27d8f6c8b9afd64f3012bfa0,sha256:4732af06a200e574b79412c23f8a91a98989217b2dc0ffb6e5f48ddd4e9caa36,model_input,identity_model_input_v1,0.73623061153400005,-1.016111775245,-0.402342990831,1.085667401851,-0.67504030634300005,-1.0566774002379999,-1.143812833363,-0.083129335880000002
15,1,0.12045493218433724,0.52372263072962921,true,flipguard_tabular_validation_v2,sha256:4baf786bbf5683b96a17d49c15441e198215b62e27d8f6c8b9afd64f3012bfa0,sha256:4732af06a200e574b79412c23f8a91a98989217b2dc0ffb6e5f48ddd4e9caa36,model_input,identity_model_input_v1,-2.350950405421,-0.66259599847100004,-0.402342990831,-0.84234738949200005,0.75057405029900004,0.95534373671100004,-0.053647200697999997,-0.083129335880000002
19,0,-0.017547752062595876,0.49654311445713673,false,flipguard_tabular_validation_v2,sha256:4baf786bbf5683b96a17d49c15441e198215b62e27d8f6c8b9afd64f3012bfa0,sha256:4732af06a200e574b79412c23f8a91a98989217b2dc0ffb6e5f48ddd4e9caa36,model_input,identity_model_input_v1,-0.45114670268000001,-1.016111775245,-0.402342990831,0.20929704215,-0.67504030634300005,-1.0566774002379999,-0.83233693831599997,-0.083129335880000002
20,1,-0.010893150493111639,0.49785405452321363,false,flipguard_tabular_validation_v2,sha256:4baf786bbf5683b96a17d49c15441e198215b62e27d8f6c8b9afd64f3012bfa0,sha256:4732af06a200e574b79412c23f8a91a98989217b2dc0ffb6e5f48ddd4e9caa36,model_input,identity_model_input_v1,0.49875514869100002,0.397951331849,-0.087236984928,1.085667401851,0.180328307642,-0.59236483017300001,0.56930458939600004,-0.083129335880000002
21,1,0.14740009938959919,0.52902500945614206,true,flipguard_tabular_validation_v2,sha256:4baf786bbf5683b96a17d49c15441e198215b62e27d8f6c8b9afd64f3012bfa0,sha256:4732af06a200e574b79412c23f8a91a98989217b2dc0ffb6e5f48ddd4e9caa36,model_input,identity_model_input_v1,-1.40104855405,-1.016111775245,-0.402342990831,-0.84234738949200005,2.1761884069409998,0.800572880022,0.72504253691999998,-0.083129335880000002
23,0,0.010432844411405729,0.5020552658068268,true,flipguard_tabular_validation_v2,sha256:4baf786bbf5683b96a17d49c15441e198215b62e27d8f6c8b9afd64f3012bfa0,sha256:4732af06a200e574b79412c23f8a91a98989217b2dc0ffb6e5f48ddd4e9caa36,model_input,identity_model_input_v1,-0.45114670268000001,-1.016111775245,-0.402342990831,0.38457111409,-0.67504030634300005,-1.0566774002379999,0.41356664187300002,-0.083129335880000002
24,1,0.13451566604452758,0.52648985025504391,true,flipguard_tabular_validation_v2,sha256:4baf786bbf5683b96a17d49c15441e198215b62e27d8f6c8b9afd64f3012bfa0,sha256:4732af06a200e574b79412c23f8a91a98989217b2dc0ffb6e5f48ddd4e9caa36,model_input,identity_model_input_v1,0.49875514869100002,-0.83935388685800005,-0.402342990831,0.91039332991099997,-0.67504030634300005,1.419656306776,-0.20938514822199999,-0.083129335880000002
25,1,0.11417718533168948,0.52248695165896586,true,flipguard_tabular_validation_v2,sha256:4baf786bbf5683b96a17d49c15441e198215b62e27d8f6c8b9afd64f3012bfa0,sha256:4732af06a200e574b79412c23f8a91a98989217b2dc0ffb6e5f48ddd4e9caa36,model_input,identity_model_input_v1,0.97370607437599999,-1.016111775245,-0.402342990831,0.55984518603,-0.38991743501499998,1.419656306776,-0.83233693831599997,-0.083129335880000002
27,0,-0.12987082392233928,0.47442420951641284,false,flipguard_tabular_validation_v2,sha256:4baf786bbf5683b96a17d49c15441e198215b62e27d8f6c8b9afd64f3012bfa0,sha256:4732af06a200e574b79412c23f8a91a98989217b2dc0ffb6e5f48ddd4e9caa36,model_input,identity_model_input_v1,0.023804223005999998,1.812014438944,2.1185050563969998,0.38457111409,1.035696921627,-0.28282311679599997,0.41356664187300002,-0.083129335880000002
29,1,0.015208128117468064,0.50299598716936211,true,flipguard_tabular_validation_v2,sha256:4baf786bbf5683b96a17d49c15441e198215b62e27d8f6c8b9afd64f3012bfa0,sha256:4732af06a200e574b79412c23f8a91a98989217b2dc0ffb6e5f48ddd4e9caa36,model_input,identity_model_input_v1,-2.1134749425789998,-0.13232233331099999,-0.402342990831,0.55984518603,1.035696921627,-1.0566774002379999,-1.143812833363,-0.083129335880000002
30,1,0.12534323347238568,0.52468473996090836,true,flipguard_tabular_validation_v2,sha256:4baf786bbf5683b96a17d49c15441e198215b62e27d8f6c8b9afd64f3012bfa0,sha256:4732af06a200e574b79412c23f8a91a98989217b2dc0ffb6e5f48ddd4e9caa36,model_input,identity_model_input_v1,0.26127968584799999,-1.016111775245,-0.402342990831,0.55984518603,-0.67504030634300005,0.800572880022,1.347994327014,-0.083129335880000002
31,0,-0.11892776311375096,0.47657795903468253,false,flipguard_tabular_validation_v2,sha256:4baf786bbf5683b96a17d49c15441e198215b62e27d8f6c8b9afd64f3012bfa0,sha256:4732af06a200e574b79412c23f8a91a98989217b2dc0ffb6e5f48ddd4e9caa36,model_input,identity_model_input_v1,0.73623061153400005,-1.016111775245,-0.402342990831,-1.7187177491929999,-0.67504030634300005,-1.0566774002379999,-1.143812833363,-0.083129335880000002
34,0,-0.22074550922513847,0.45655616114333281,false,flipguard_tabular_validation_v2,sha256:4baf786bbf5683b96a17d49c15441e198215b62e27d8f6c8b9afd64f3012bfa0,sha256:4732af06a200e574b79412c23f8a91a98989217b2dc0ffb6e5f48ddd4e9caa36,model_input,identity_model_input_v1,0.023804223005999998,1.635256550557,4.639353103625,1.085667401851,-0.38991743501499998,-0.90190654354999999,1.347994327014,-0.083129335880000002
35,0,0.017804410989746104,0.50350744638919687,true,flipguard_tabular_validation_v2,sha256:4baf786bbf5683b96a17d49c15441e198215b62e27d8f6c8b9afd64f3012bfa0,sha256:4732af06a200e574b79412c23f8a91a98989217b2dc0ffb6e5f48ddd4e9caa36,model_input,identity_model_input_v1,0.49875514869100002,-1.016111775245,-0.402342990831,0.38457111409,-0.67504030634300005,-0.128052260108,-1.143812833363,-0.083129335880000002
36,1,0.074627786872350513,0.51470001151375711,true,flipguard_tabular_validation_v2,sha256:4baf786bbf5683b96a17d49c15441e198215b62e27d8f6c8b9afd64f3012bfa0,sha256:4732af06a200e574b79412c23f8a91a98989217b2dc0ffb6e5f48ddd4e9caa36,model_input,identity_model_input_v1,0.49875514869100002,-0.485838110085,-0.402342990831,0.55984518603,0.46545117896999999,0.800572880022,-1.143812833363,-0.083129335880000002
38,1,0.090014104384380303,0.51772986119256192,true,flipguard_tabular_validation_v2,sha256:4baf786bbf5683b96a17d49c15441e198215b62e27d8f6c8b9afd64f3012bfa0,sha256:4732af06a200e574b79412c23f8a91a98989217b2dc0ffb6e5f48ddd4e9caa36,model_input,identity_model_input_v1,0.49875514869100002,-0.83935388685800005,-0.402342990831,1.085667401851,1.3208197929550001,0.18148945326900001,-1.143812833363,-0.083129335880000002
39,0,-0.021656925944488495,0.49573362621927286,false,flipguard_tabular_validation_v2,sha256:4baf786bbf5683b96a17d49c15441e198215b62e27d8f6c8b9afd64f3012bfa0,sha256:4732af06a200e574b79412c23f8a91a98989217b2dc0ffb6e5f48ddd4e9caa36,model_input,identity_model_input_v1,0.97370607437599999,-0.83935388685800005,-0.402342990831,1.085667401851,-0.38991743501499998,-1.0566774002379999,-1.143812833363,-0.083129335880000002
40,1,0.052189207996194184,0.51028070538146308,true,flipguard_tabular_validation_v2,sha256:4baf786bbf5683b96a17d49c15441e198215b62e27d8f6c8b9afd64f3012bfa0,sha256:4732af06a200e574b79412c23f8a91a98989217b2dc0ffb6e5f48ddd4e9caa36,model_input,identity_model_input_v1,-0.21367123983700001,0.22119344346299999,-0.402342990831,0.73511925797099997,-0.67504030634300005,0.95534373671100004,-1.143812833363,-0.083129335880000002
45,1,0.14196209413553706,0.52795508856225881,true,flipguard_tabular_validation_v2,sha256:4baf786bbf5683b96a17d49c15441e198215b62e27d8f6c8b9afd64f3012bfa0,sha256:4732af06a200e574b79412c23f8a91a98989217b2dc0ffb6e5f48ddd4e9caa36,model_input,identity_model_input_v1,0.97370607437599999,-1.016111775245,-0.402342990831,0.73511925797099997,-0.104794563686,1.419656306776,0.10209074682499999,-0.083129335880000002
46,0,-0.04687391770932766,0.49076625017003084,false,flipguard_tabular_validation_v2,sha256:4baf786bbf5683b96a17d49c15441e198215b62e27d8f6c8b9afd64f3012bfa0,sha256:4732af06a200e574b79412c23f8a91a98989217b2dc0ffb6e5f48ddd4e9caa36,model_input,identity_model_input_v1,0.73623061153400005,-1.016111775245,-0.402342990831,0.20929704215,-0.67504030634300005,-1.0566774002379999,-1.143812833363,-0.083129335880000002
47,1,0.011124718643172602,0.50219156406555265,true,flipguard_tabular_validation_v2,sha256:4baf786bbf5683b96a17d49c15441e198215b62e27d8f6c8b9afd64f3012bfa0,sha256:4732af06a200e574b79412c23f8a91a98989217b2dc0ffb6e5f48ddd4e9caa36,model_input,identity_model_input_v1,0.73623061153400005,-0.13232233331099999,-0.402342990831,-0.49179924561100002,-0.67504030634300005,0.49103116664500002,0.88078048444299994,-0.083129335880000002
48,0,-0.03958752683841904,0.4922015053747304,false,flipguard_tabular_validation_v2,sha256:4baf786bbf5683b96a17d49c15441e198215b62e27d8f6c8b9afd64f3012bfa0,sha256:4732af06a200e574b79412c23f8a91a98989217b2dc0ffb6e5f48ddd4e9caa36,model_input,identity_model_input_v1,0.49875514869100002,-0.485838110085,-0.402342990831,0.91039332991099997,-0.67504030634300005,-1.0566774002379999,-1.143812833363,-0.083129335880000002
51,0,-0.24204484908579149,0.45237388620644298,false,flipguard_tabular_validation_v2,sha256:4baf786bbf5683b96a17d49c15441e198215b62e27d8f6c8b9afd64f3012bfa0,sha256:4732af06a200e574b79412c23f8a91a98989217b2dc0ffb6e5f48ddd4e9caa36,model_input,identity_model_input_v1,0.97370607437599999,1.104982885396,4.639353103625,0.034022970210000003,-0.67504030634300005,-0.43759397348500001,0.88078048444299994,-0.083129335880000002
52,1,0.11668123355043129,0.52297984877802839,true,flipguard_tabular_validation_v2,sha256:4baf786bbf5683b96a17d49c15441e198215b62e27d8f6c8b9afd64f3012bfa0,sha256:4732af06a200e574b79412c23f8a91a98989217b2dc0ffb6e5f48ddd4e9caa36,model_input,identity_model_input_v1,0.49875514869100002,-0.83935388685800005,-0.402342990831,1.085667401851,1.3208197929550001,0.64580202333400005,-1.143812833363,-0.083129335880000002
53,1,0.22258175339855474,0.54380449627151761,true,flipguard_tabular_validation_v2,sha256:4baf786bbf5683b96a17d49c15441e198215b62e27d8f6c8b9afd64f3012bfa0,sha256:4732af06a200e574b79412c23f8a91a98989217b2dc0ffb6e5f48ddd4e9caa36,model_input,identity_model_input_v1,0.73623061153400005,-1.016111775245,-0.402342990831,1.085667401851,2.1761884069409998,1.419656306776,1.347994327014,-0.083129335880000002
55,1,0.43202730616361984,0.58478683188654201,true,flipguard_tabular_validation_v2,sha256:4baf786bbf5683b96a17d49c15441e198215b62e27d8f6c8b9afd64f3012bfa0,sha256:4732af06a200e574b79412c23f8a91a98989217b2dc0ffb6e5f48ddd4e9caa36,model_input,identity_model_input_v1,0.49875514869100002,-0.83935388685800005,-0.402342990831,0.38457111409,0.46545117896999999,1.2648854500869999,0.10209074682499999,6.0635515583290003
56,1,0.14707553171906218,0.52896115406061084,true,flipguard_tabular_validation_v2,sha256:4baf786bbf5683b96a17d49c15441e198215b62e27d8f6c8b9afd64f3012bfa0,sha256:4732af06a200e574b79412c23f8a91a98989217b2dc0ffb6e5f48ddd4e9caa36,model_input,identity_model_input_v1,0.49875514869100002,-0.83935388685800005,-0.402342990831,1.085667401851,1.035696921627,1.2648854500869999,-1.143812833363,-0.083129335880000002
57,1,0.032929474493387706,0.50648696364685641,true,flipguard_tabular_validation_v2,sha256:4baf786bbf5683b96a17d49c15441e198215b62e27d8f6c8b9afd64f3012bfa0,sha256:4732af06a200e574b79412c23f8a91a98989217b2dc0ffb6e5f48ddd4e9caa36,model_input,identity_model_input_v1,0.023804223005999998,0.22119344346299999,-0.402342990831,0.55984518603,-0.67504030634300005,0.49103116664500002,-0.053647200697999997,-0.083129335880000002
62,1,0.019159540584304795,0.50377440136215867,true,flipguard_tabular_validation_v2,sha256:4baf786bbf5683b96a17d49c15441e198215b62e27d8f6c8b9afd64f3012bfa0,sha256:4732af06a200e574b79412c23f8a91a98989217b2dc0ffb6e5f48ddd4e9caa36,model_input,identity_model_input_v1,-0.92609762836499998,-0.13232233331099999,-0.402342990831,-0.84234738949200005,-0.67504030634300005,0.18148945326900001,1.1922563794909999,-0.083129335880000002
65,0,-0.14661600118071766,0.47112925454531712,false,flipguard_tabular_validation_v2,sha256:4baf786bbf5683b96a17d49c15441e198215b62e27d8f6c8b9afd64f3012bfa0,sha256:4732af06a200e574b79412c23f8a91a98989217b2dc0ffb6e5f48ddd4e9caa36,model_input,identity_model_input_v1,-0.68862216552199995,1.635256550557,-0.087236984928,0.20929704215,-0.67504030634300005,-1.0566774002379999,-1.143812833363,-0.083129335880000002
67,0,-0.15375819876719854,0.46972417519215742,false,flipguard_tabular_validation_v2,sha256:4baf786bbf5683b96a17d49c15441e198215b62e27d8f6c8b9afd64f3012bfa0,sha256:4732af06a200e574b79412c23f8a91a98989217b2dc0ffb6e5f48ddd4e9caa36,model_input,identity_model_input_v1,0.97370607437599999,0.75146710862300004,-0.087236984928,-0.141251101731,-0.67504030634300005,-1.0566774002379999,-1.143812833363,-0.083129335880000002
69,1,-0.0084714029323488555,0.49833113605411694,false,flipguard_tabular_validation_v2,sha256:4baf786bbf5683b96a17d49c15441e198215b62e27d8f6c8b9afd64f3012bfa0,sha256:4732af06a200e574b79412c23f8a91a98989217b2dc0ffb6e5f48ddd4e9caa36,model_input,identity_model_input_v1,0.73623061153400005,-1.016111775245,-0.402342990831,0.73511925797099997,-0.67504030634300005,-1.0566774002379999,-0.053647200697999997,-0.083129335880000002
70,0,-0.049082982863021235,0.4903311253669384,false,flipguard_tabular_validation_v2,sha256:4baf786bbf5683b96a17d49c15441e198215b62e27d8f6c8b9afd64f3012bfa0,sha256:4732af06a200e574b79412c23f8a91a98989217b2dc0ffb6e5f48ddd4e9caa36,model_input,identity_model_input_v1,0.97370607437599999,1.635256550557,0.54297502687900001,0.73511925797099997,-0.104794563686,0.49103116664500002,0.72504253691999998,-0.083129335880000002
72,1,0.24787877710993206,0.54877119654724305,true,flipguard_tabular_validation_v2,sha256:4baf786bbf5683b96a17d49c15441e198215b62e27d8f6c8b9afd64f3012bfa0,sha256:4732af06a200e574b79412c23f8a91a98989217b2dc0ffb6e5f48ddd4e9caa36,model_input,identity_model_input_v1,-0.92609762836499998,-0.66259599847100004,-0.402342990831,0.73511925797099997,3.3166798922540002,1.419656306776,1.347994327014,-0.083129335880000002
75,0,-0.17924649541579729,0.4647114766651757,false,flipguard_tabular_validation_v2,sha256:4baf786bbf5683b96a17d49c15441e198215b62e27d8f6c8b9afd64f3012bfa0,sha256:4732af06a200e574b79412c23f8a91a98989217b2dc0ffb6e5f48ddd4e9caa36,model_input,identity_model_input_v1,-2.350950405421,1.812014438944,2.7487170682039999,0.91039332991099997,-0.38991743501499998,-1.0566774002379999,-1.143812833363,-0.083129335880000002
76,1,-0.087019362283562413,0.48285982140116712,false,flipguard_tabular_validation_v2,sha256:4baf786bbf5683b96a17d49c15441e198215b62e27d8f6c8b9afd64f3012bfa0,sha256:4732af06a200e574b79412c23f8a91a98989217b2dc0ffb6e5f48ddd4e9caa36,model_input,identity_model_input_v1,-0.92609762836499998,1.45849866217,0.22786902097600001,1.085667401851,-0.67504030634300005,-1.0566774002379999,0.25782869434900002,-0.083129335880000002
77,0,-0.10804994497601587,0.47871920668165663,false,flipguard_tabular_validation_v2,sha256:4baf786bbf5683b96a17d49c15441e198215b62e27d8f6c8b9afd64f3012bfa0,sha256:4732af06a200e574b79412c23f8a91a98989217b2dc0ffb6e5f48ddd4e9caa36,model_input,identity_model_input_v1,-0.45114670268000001,1.104982885396,-0.087236984928,0.73511925797099997,-0.67504030634300005,-1.0566774002379999,-1.143812833363,-0.083129335880000002
80,0,0.037813823588208541,0.50744910696916201,true,flipguard_tabular_validation_v2,sha256:4baf786bbf5683b96a17d49c15441e198215b62e27d8f6c8b9afd64f3012bfa0,sha256:4732af06a200e574b79412c23f8a91a98989217b2dc0ffb6e5f48ddd4e9caa36,model_input,identity_model_input_v1,0.023804223005999998,0.397951331849,-0.087236984928,-0.84234738949200005,0.180328307642,1.110114593399,1.347994327014,-0.083129335880000002
81,1,0.016059917523796593,0.50316378718343113,true,flipguard_tabular_validation_v2,sha256:4baf786bbf5683b96a17d49c15441e198215b62e27d8f6c8b9afd64f3012bfa0,sha256:4732af06a200e574b79412c23f8a91a98989217b2dc0ffb6e5f48ddd4e9caa36,model_input,identity_model_input_v1,0.49875514869100002,-0.83935388685800005,-0.402342990831,0.73511925797099997,-0.67504030634300005,-0.90190654354999999,1.036518431967,-0.083129335880000002
82,0,-0.23109827382235437,0.45452300857564448,false,flipguard_tabular_validation_v2,sha256:4baf786bbf5683b96a17d49c15441e198215b62e27d8f6c8b9afd64f3012bfa0,sha256:4732af06a200e574b79412c23f8a91a98989217b2dc0ffb6e5f48ddd4e9caa36,model_input,identity_model_input_v1,0.49875514869100002,1.812014438944,4.324247097722,0.91039332991099997,-0.67504030634300005,-0.74713568686200005,1.347994327014,-0.083129335880000002
86,0,-0.097502432337234879,0.4807957285445405,false,flipguard_tabular_validation_v2,sha256:4baf786bbf5683b96a17d49c15441e198215b62e27d8f6c8b9afd64f3012bfa0,sha256:4732af06a200e574b79412c23f8a91a98989217b2dc0ffb6e5f48ddd4e9caa36,model_input,identity_model_input_v1,0.73623061153400005,1.104982885396,-0.402342990831,-1.7187177491929999,-0.104794563686,0.18148945326900001,0.88078048444299994,-0.083129335880000002
88,0,-0.080786606064956315,0.48408714761249533,false,flipguard_tabular_validation_v2,sha256:4baf786bbf5683b96a17d49c15441e198215b62e27d8f6c8b9afd64f3012bfa0,sha256:4732af06a200e574b79412c23f8a91a98989217b2dc0ffb6e5f48ddd4e9caa36,model_input,identity_model_input_v1,0.97370607437599999,0.22119344346299999,-0.402342990831,0.91039332991099997,-0.67504030634300005,-1.0566774002379999,-1.143812833363,-0.083129335880000002
92,1,0.040620585017332102,0.50800198714736577,true,flipguard_tabular_validation_v2,sha256:4baf786bbf5683b96a17d49c15441e198215b62e27d8f6c8b9afd64f3012bfa0,sha256:4732af06a200e574b79412c23f8a91a98989217b2dc0ffb6e5f48ddd4e9caa36,model_input,identity_model_input_v1,0.97370607437599999,-0.13232233331099999,-0.402342990831,-0.141251101731,-0.67504030634300005,1.419656306776,-0.98807488584000003,-0.083129335880000002
93,0,-0.2205978268026077,0.45658516828207563,false,flipguard_tabular_validation_v2,sha256:4baf786bbf5683b96a17d49c15441e198215b62e27d8f6c8b9afd64f3012bfa0,sha256:4732af06a200e574b79412c23f8a91a98989217b2dc0ffb6e5f48ddd4e9caa36,model_input,identity_model_input_v1,-2.5884258682639998,1.104982885396,4.0091410918179999,0.034022970210000003,-0.67504030634300005,-1.0566774002379999,-1.143812833363,-0.083129335880000002
94,1,0.15405585096870522,0.53033437768433089,true,flipguard_tabular_validation_v2,sha256:4baf786bbf5683b96a17d49c15441e198215b62e27d8f6c8b9afd64f3012bfa0,sha256:4732af06a200e574b79412c23f8a91a98989217b2dc0ffb6e5f48ddd4e9caa36,model_input,identity_model_input_v1,0.26127968584799999,-1.016111775245,-0.402342990831,0.73511925797099997,-0.67504030634300005,1.419656306776,0.56930458939600004,-0.083129335880000002
96,0,-0.18774470436402391,0.46304076379723003,false,flipguard_tabular_validation_v2,sha256:4baf786bbf5683b96a17d49c15441e198215b62e27d8f6c8b9afd64f3012bfa0,sha256:4732af06a200e574b79412c23f8a91a98989217b2dc0ffb6e5f48ddd4e9caa36,model_input,identity_model_input_v1,-0.21367123983700001,1.635256550557,1.48829304459,0.55984518603,-0.38991743501499998,-1.0566774002379999,-1.143812833363,-0.083129335880000002
97,0,-0.13323075579614374,0.47376300072326438,false,flipguard_tabular_validation_v2,sha256:4baf786bbf5683b96a17d49c15441e198215b62e27d8f6c8b9afd64f3012bfa0,sha256:4732af06a200e574b79412c23f8a91a98989217b2dc0ffb6e5f48ddd4e9caa36,model_input,identity_model_input_v1,0.023804223005999998,0.57470922023600002,-0.087236984928,-0.31652517367100003,-0.67504030634300005,-1.0566774002379999,-1.143812833363,-0.083129335880000002
101,1,0.139927548972819,0.52755476817930991,true,flipguard_tabular_validation_v2,sha256:4baf786bbf5683b96a17d49c15441e198215b62e27d8f6c8b9afd64f3012bfa0,sha256:4732af06a200e574b79412c23f8a91a98989217b2dc0ffb6e5f48ddd4e9caa36,model_input,identity_model_input_v1,-2.5884258682639998,0.397951331849,-0.402342990831,-1.3681696053129999,2.4613112782690001,1.419656306776,1.347994327014,-0.083129335880000002
105,1,0.1392530404459128,0.52742204771704537,true,flipguard_tabular_validation_v2,sha256:4baf786bbf5683b96a17d49c15441e198215b62e27d8f6c8b9afd64f3012bfa0,sha256:4732af06a200e574b79412c23f8a91a98989217b2dc0ffb6e5f48ddd4e9caa36,model_input,identity_model_input_v1,0.26127968584799999,-0.83935388685800005,-0.402342990831,1.085667401851,1.3208197929550001,0.95534373671100004,-1.143812833363,-0.083129335880000002
106,0,-0.059111117535441154,0.48835593601186705,false,flipguard_tabular_validation_v2,sha256:4baf786bbf5683b96a17d49c15441e198215b62e27d8f6c8b9afd64f3012bfa0,sha256:4732af06a200e574b79412c23f8a91a98989217b2dc0ffb6e5f48ddd4e9caa36,model_input,identity_model_input_v1,-2.5884258682639998,1.104982885396,-0.402342990831,0.20929704215,0.180328307642,-1.0566774002379999,-1.143812833363,-0.083129335880000002
107,1,0.21434276606504482,0.54218613486916545,true,flipguard_tabular_validation_v2,sha256:4baf786bbf5683b96a17d49c15441e198215b62e27d8f6c8b9afd64f3012bfa0,sha256:4732af06a200e574b79412c23f8a91a98989217b2dc0ffb6e5f48ddd4e9caa36,model_input,identity_model_input_v1,-1.638524016893,-1.016111775245,-0.402342990831,-0.141251101731,1.605942664284,1.419656306776,1.347994327014,-0.083129335880000002
111,0,-0.16965388171757934,0.46659771751203832,false,flipguard_tabular_validation_v2,sha256:4baf786bbf5683b96a17d49c15441e198215b62e27d8f6c8b9afd64f3012bfa0,sha256:4732af06a200e574b79412c23f8a91a98989217b2dc0ffb6e5f48ddd4e9caa36,model_input,identity_model_input_v1,-2.5884258682639998,1.812014438944,2.4336110622999998,0.91039332991099997,-0.67504030634300005,-1.0566774002379999,-1.143812833363,-0.083129335880000002
112,0,-0.085512070556168315,0.48315662326494974,false,flipguard_tabular_validation_v2,sha256:4baf786bbf5683b96a17d49c15441e198215b62e27d8f6c8b9afd64f3012bfa0,sha256:4732af06a200e574b79412c23f8a91a98989217b2dc0ffb6e5f48ddd4e9caa36,model_input,identity_model_input_v1,-0.21367123983700001,-0.30908022169799998,-0.402342990831,-0.49179924561100002,-0.67504030634300005,-1.0566774002379999,-1.143812833363,-0.083129335880000002
113,1,0.029239343556919657,0.50576005068926788,true,flipguard_tabular_validation_v2,sha256:4baf786bbf5683b96a17d49c15441e198215b62e27d8f6c8b9afd64f3012bfa0,sha256:4732af06a200e574b79412c23f8a91a98989217b2dc0ffb6e5f48ddd4e9caa36,model_input,identity_model_input_v1,0.26127968584799999,-0.83935388685800005,-0.402342990831,-1.543443677253,0.180328307642,1.110114593399,-1.143812833363,-0.083129335880000002
114,0,-0.15533312155548185,0.46941436679906656,false,flipguard_tabular_validation_v2,sha256:4baf786bbf5683b96a17d49c15441e198215b62e27d8f6c8b9afd64f3012bfa0,sha256:4732af06a200e574b79412c23f8a91a98989217b2dc0ffb6e5f48ddd4e9caa36,model_input,identity_model_input_v1,0.97370607437599999,-0.30908022169799998,-0.402342990831,-1.7187177491929999,-0.67504030634300005,-1.0566774002379999,-1.143812833363,-0.083129335880000002
115,1,0.14268279674997064,0.52809689179708263,true,flipguard_tabular_validation_v2,sha256:4baf786bbf5683b96a17d49c15441e198215b62e27d8f6c8b9afd64f3012bfa0,sha256:4732af06a200e574b79412c23f8a91a98989217b2dc0ffb6e5f48ddd4e9caa36,model_input,identity_model_input_v1,-0.45114670268000001,-0.485838110085,-0.402342990831,0.55984518603,-0.67504030634300005,1.2648854500869999,1.347994327014,-0.083129335880000002
119,1,0.13098397008807955,0.52579485304401952,true,flipguard_tabular_validation_v2,sha256:4baf786bbf5683b96a17d49c15441e198215b62e27d8f6c8b9afd64f3012bfa0,sha256:4732af06a200e574b79412c23f8a91a98989217b2dc0ffb6e5f48ddd4e9caa36,model_input,identity_model_input_v1,0.97370607437599999,-0.83935388685800005,-0.402342990831,0.73511925797099997,1.8910655356120001,1.110114593399,-1.143812833363,-0.083129335880000002
120,0,-0.078290134980649004,0.48457876287787538,false,flipguard_tabular_validation_v2,sha256:4baf786bbf5683b96a17d49c15441e198215b62e27d8f6c8b9afd64f3012bfa0,sha256:4732af06a200e574b79412c23f8a91a98989217b2dc0ffb6e5f48ddd4e9caa36,model_input,identity_model_input_v1,0.97370607437599999,-0.83935388685800005,-0.402342990831,-1.7187177491929999,-0.67504030634300005,-0.128052260108,-1.143812833363,-0.083129335880000002
121,0,-0.1090291794114117,0.47852643593323269,false,flipguard_tabular_validation_v2,sha256:4baf786bbf5683b96a17d49c15441e198215b62e27d8f6c8b9afd64f3012bfa0,sha256:4732af06a200e574b79412c23f8a91a98989217b2dc0ffb6e5f48ddd4e9caa36,model_input,identity_model_input_v1,0.023804223005999998,1.281740773783,-0.402342990831,0.91039332991099997,-0.67504030634300005,-1.0566774002379999,-1.143812833363,-0.083129335880000002
122,0,-0.1240276979673037,0.47557417510819011,false,flipguard_tabular_validation_v2,sha256:4baf786bbf5683b96a17d49c15441e198215b62e27d8f6c8b9afd64f3012bfa0,sha256:4732af06a200e574b79412c23f8a91a98989217b2dc0ffb6e5f48ddd4e9caa36,model_input,identity_model_input_v1,0.97370607437599999,-0.13232233331099999,-0.402342990831,-1.7187177491929999,-0.67504030634300005,-0.74713568686200005,0.10209074682499999,-0.083129335880000002
124,1,0.067845155964641135,0.51336424656947,true,flipguard_tabular_validation_v2,sha256:4baf786bbf5683b96a17d49c15441e198215b62e27d8f6c8b9afd64f3012bfa0,sha256:4732af06a200e574b79412c23f8a91a98989217b2dc0ffb6e5f48ddd4e9caa36,model_input,identity_model_input_v1,-2.825901331107,0.044435555076,-0.402342990831,-1.543443677253,0.75057405029900004,0.64580202333400005,0.72504253691999998,-0.083129335880000002
128,0,-0.17231764830821983,0.46607389005135802,false,flipguard_tabular_validation_v2,sha256:4baf786bbf5683b96a17d49c15441e198215b62e27d8f6c8b9afd64f3012bfa0,sha256:4732af06a200e574b79412c23f8a91a98989217b2dc0ffb6e5f48ddd4e9caa36,model_input,identity_model_input_v1,-1.638524016893,1.812014438944,2.1185050563969998,1.085667401851,-0.67504030634300005,-1.0566774002379999,-1.143812833363,-0.083129335880000002
129,0,-0.19045362945473571,0.46250826797924793,false,flipguard_tabular_validation_v2,sha256:4baf786bbf5683b96a17d49c15441e198215b62e27d8f6c8b9afd64f3012bfa0,sha256:4732af06a200e574b79412c23f8a91a98989217b2dc0ffb6e5f48ddd4e9caa36,model_input,identity_model_input_v1,-0.21367123983700001,1.812014438944,0.22786902097600001,-1.7187177491929999,0.180328307642,-1.0566774002379999,1.1922563794909999,-0.083129335880000002
130,1,0.060308391206428905,0.51187987567657334,true,flipguard_tabular_validation_v2,sha256:4baf786bbf5683b96a17d49c15441e198215b62e27d8f6c8b9afd64f3012bfa0,sha256:4732af06a200e574b79412c23f8a91a98989217b2dc0ffb6e5f48ddd4e9caa36,model_input,identity_model_input_v1,-0.92609762836499998,1.281740773783,-0.087236984928,0.91039332991099997,-0.67504030634300005,1.2648854500869999,0.41356664187300002,-0.083129335880000002
131,1,0.097793227662753737,0.51926152486141652,true,flipguard_tabular_validation_v2,sha256:4baf786bbf5683b96a17d49c15441e198215b62e27d8f6c8b9afd64f3012bfa0,sha256:4732af06a200e574b79412c23f8a91a98989217b2dc0ffb6e5f48ddd4e9caa36,model_input,identity_model_input_v1,0.97370607437599999,-0.13232233331099999,-0.402342990831,0.55984518603,1.035696921627,1.419656306776,-0.98807488584000003,-0.083129335880000002
136,1,0.24579017598922981,0.54836126916846817,true,flipguard_tabular_validation_v2,sha256:4baf786bbf5683b96a17d49c15441e198215b62e27d8f6c8b9afd64f3012bfa0,sha256:4732af06a200e574b79412c23f8a91a98989217b2dc0ffb6e5f48ddd4e9caa36,model_input,identity_model_input_v1,-0.68862216552199995,-1.016111775245,-0.402342990831,0.38457111409,3.3166798922540002,1.419656306776,1.347994327014,-0.083129335880000002
137,1,0.07119494741845854,0.51402396117226756,true,flipguard_tabular_validation_v2,sha256:4baf786bbf5683b96a17d49c15441e198215b62e27d8f6c8b9afd64f3012bfa0,sha256:4732af06a200e574b79412c23f8a91a98989217b2dc0ffb6e5f48ddd4e9caa36,model_input,identity_model_input_v1,-0.21367123983700001,-0.66259599847100004,-0.402342990831,0.20929704215,0.75057405029900004,0.49103116664500002,-1.143812833363,-0.083129335880000002
141,0,-0.17463899093026386,0.46561742388940452,false,flipguard_tabular_validation_v2,sha256:4baf786bbf5683b96a17d49c15441e198215b62e27d8f6c8b9afd64f3012bfa0,sha256:4732af06a200e574b79412c23f8a91a98989217b2dc0ffb6e5f48ddd4e9caa36,model_input,identity_model_input_v1,-0.92609762836499998,1.45849866217,0.22786902097600001,-1.7187177491929999,1.605942664284,-1.0566774002379999,-1.143812833363,-0.083129335880000002
145,0,-0.070637754520508397,0.48608577220211713,false,flipguard_tabular_validation_v2,sha256:4baf786bbf5683b96a17d49c15441e198215b62e27d8f6c8b9afd64f3012bfa0,sha256:4732af06a200e574b79412c23f8a91a98989217b2dc0ffb6e5f48ddd4e9caa36,model_input,identity_model_input_v1,0.97370607437599999,1.281740773783,2.7487170682039999,0.91039332991099997,-0.104794563686,0.800572880022,1.1922563794909999,-0.083129335880000002
146,0,-0.24080578883785503,0.45261711443225155,false,flipguard_tabular_validation_v2,sha256:4baf786bbf5683b96a17d49c15441e198215b62e27d8f6c8b9afd64f3012bfa0,sha256:4732af06a200e574b79412c23f8a91a98989217b2dc0ffb6e5f48ddd4e9caa36,model_input,identity_model_input_v1,0.26127968584799999,1.812014438944,0.85808103278299996,-1.7187177491929999,-0.67504030634300005,-1.0566774002379999,0.88078048444299994,-0.083129335880000002
149,0,-0.030736126557594182,0.49394509921499397,false,flipguard_tabular_validation_v2,sha256:4baf786bbf5683b96a17d49c15441e198215b62e27d8f6c8b9afd64f3012bfa0,sha256:4732af06a200e574b79412c23f8a91a98989217b2dc0ffb6e5f48ddd4e9caa36,model_input,identity_model_input_v1,0.26127968584799999,-1.016111775245,-0.402342990831,0.38457111409,-0.67504030634300005,-1.0566774002379999,-1.143812833363,-0.083129335880000002
150,0,-0.16212878218198484,0.46807767661151345,false,flipguard_tabular_validation_v2,sha256:4baf786bbf5683b96a17d49c15441e198215b62e27d8f6c8b9afd64f3012bfa0,sha256:4732af06a200e574b79412c23f8a91a98989217b2dc0ffb6e5f48ddd4e9caa36,model_input,identity_model_input_v1,-1.163573091208,1.812014438944,1.803399050493,0.55984518603,-0.67504030634300005,-1.0566774002379999,0.56930458939600004,-0.083129335880000002
152,1,0.21887634592143018,0.54307669743722553,true,flipguard_tabular_validation_v2,sha256:4baf786bbf5683b96a17d49c15441e198215b62e27d8f6c8b9afd64f3012bfa0,sha256:4732af06a200e574b79412c23f8a91a98989217b2dc0ffb6e5f48ddd4e9caa36,model_input,identity_model_input_v1,-1.40104855405,-1.016111775245,-0.402342990831,0.38457111409,1.035696921627,1.419656306776,1.347994327014,-0.083129335880000002
153,1,-0.095658312986474744,0.48115881363215074,false,flipguard_tabular_validation_v2,sha256:4baf786bbf5683b96a17d49c15441e198215b62e27d8f6c8b9afd64f3012bfa0,sha256:4732af06a200e574b79412c23f8a91a98989217b2dc0ffb6e5f48ddd4e9caa36,model_input,identity_model_input_v1,-0.68862216552199995,1.104982885396,0.22786902097600001,0.55984518603,-0.67504030634300005,-1.0566774002379999,0.25782869434900002,-0.083129335880000002
154,0,-0.062751833180003783,0.48763887727834843,false,flipguard_tabular_validation_v2,sha256:4baf786bbf5683b96a17d49c15441e198215b62e27d8f6c8b9afd64f3012bfa0,sha256:4732af06a200e574b79412c23f8a91a98989217b2dc0ffb6e5f48ddd4e9caa36,model_input,identity_model_input_v1,0.023804223005999998,-0.485838110085,-0.402342990831,0.034022970210000003,-0.67504030634300005,-1.0566774002379999,-1.143812833363,-0.083129335880000002
157,1,0.1342009647804065,0.52642792227848234,true,flipguard_tabular_validation_v2,sha256:4baf786bbf5683b96a17d49c15441e198215b62e27d8f6c8b9afd64f3012bfa0,sha256:4732af06a200e574b79412c23f8a91a98989217b2dc0ffb6e5f48ddd4e9caa36,model_input,identity_model_input_v1,-2.1134749425789998,-0.485838110085,-0.402342990831,-1.0176214614320001,2.1761884069409998,0.800572880022,0.88078048444299994,-0.083129335880000002
166,1,0.19560833926995197,0.53850490488409175,true,flipguard_tabular_validation_v2,sha256:4baf786bbf5683b96a17d49c15441e198215b62e27d8f6c8b9afd64f3012bfa0,sha256:4732af06a200e574b79412c23f8a91a98989217b2dc0ffb6e5f48ddd4e9caa36,model_input,identity_model_input_v1,-1.163573091208,-0.83935388685800005,-0.402342990831,-0.141251101731,2.1761884069409998,1.2648854500869999,1.1922563794909999,-0.083129335880000002
168,0,-0.2842722083661991,0.44409026388331918,false,flipguard_tabular_validation_v2,sha256:4baf786bbf5683b96a17d49c15441e198215b62e27d8f6c8b9afd64f3012bfa0,sha256:4732af06a200e574b79412c23f8a91a98989217b2dc0ffb6e5f48ddd4e9caa36,model_input,identity_model_input_v1,0.97370607437599999,1.812014438944,2.7487170682039999,0.034022970210000003,-0.67504030634300005,-1.0566774002379999,-1.143812833363,-0.083129335880000002
169,1,0.1317945214011218,0.52595436374028626,true,flipguard_tabular_validation_v2,sha256:4baf786bbf5683b96a17d49c15441e198215b62e27d8f6c8b9afd64f3012bfa0,sha256:4732af06a200e574b79412c23f8a91a98989217b2dc0ffb6e5f48ddd4e9caa36,model_input,identity_model_input_v1,0.49875514869100002,-0.30908022169799998,-0.402342990831,1.085667401851,0.46545117896999999,1.2648854500869999,-0.053647200697999997,-0.083129335880000002
173,1,0.1988209629619988,0.53913629231154003,true,flipguard_tabular_validation_v2,sha256:4baf786bbf5683b96a17d49c15441e198215b62e27d8f6c8b9afd64f3012bfa0,sha256:4732af06a200e574b79412c23f8a91a98989217b2dc0ffb6e5f48ddd4e9caa36,model_input,identity_model_input_v1,-2.350950405421,-0.66259599847100004,-0.402342990831,0.034022970210000003,0.46545117896999999,1.419656306776,1.347994327014,-0.083129335880000002
174,1,0.12979174834108287,0.52556022858901053,true,flipguard_tabular_validation_v2,sha256:4baf786bbf5683b96a17d49c15441e198215b62e27d8f6c8b9afd64f3012bfa0,sha256:4732af06a200e574b79412c23f8a91a98989217b2dc0ffb6e5f48ddd4e9caa36,model_input,identity_model_input_v1,0.26127968584799999,-1.016111775245,-0.402342990831,0.73511925797099997,1.3208197929550001,0.18148945326900001,1.1922563794909999,-0.083129335880000002
175,0,-0.13205990197329204,0.47399341171372988,false,flipguard_tabular_validation_v2,sha256:4baf786bbf5683b96a17d49c15441e198215b62e27d8f6c8b9afd64f3012bfa0,sha256:4732af06a200e574b79412c23f8a91a98989217b2dc0ffb6e5f48ddd4e9caa36,model_input,identity_model_input_v1,-0.21367123983700001,1.45849866217,0.22786902097600001,0.91039332991099997,-0.67504030634300005,-1.0566774002379999,-1.143812833363,-0.083129335880000002
176,0,-0.20410313787303669,0.45982569202728524,false,flipguard_tabular_validation_v2,sha256:4baf786bbf5683b96a17d49c15441e198215b62e27d8f6c8b9afd64f3012bfa0,sha256:4732af06a200e574b79412c23f8a91a98989217b2dc0ffb6e5f48ddd4e9caa36,model_input,identity_model_input_v1,0.97370607437599999,0.92822499701000005,-0.402342990831,-1.543443677253,-0.67504030634300005,-1.0566774002379999,-1.143812833363,-0.083129335880000002
177,0,-0.039919499161659981,0.49213611312264538,false,flipguard_tabular_validation_v2,sha256:4baf786bbf5683b96a17d49c15441e198215b62e27d8f6c8b9afd64f3012bfa0,sha256:4732af06a200e574b79412c23f8a91a98989217b2dc0ffb6e5f48ddd4e9caa36,model_input,identity_model_input_v1,0.97370607437599999,-0.83935388685800005,-0.402342990831,0.73511925797099997,-0.67504030634300005,-1.0566774002379999,-1.143812833363,-0.083129335880000002
178,0,0.017733215846580188,0.50349342121573548,true,flipguard_tabular_validation_v2,sha256:4baf786bbf5683b96a17d49c15441e198215b62e27d8f6c8b9afd64f3012bfa0,sha256:4732af06a200e574b79412c23f8a91a98989217b2dc0ffb6e5f48ddd4e9caa36,model_input,identity_model_input_v1,0.26127968584799999,-1.016111775245,-0.402342990831,-1.3681696053129999,-0.67504030634300005,0.18148945326900001,1.347994327014,-0.083129335880000002
179,1,0.0076663882193846161,0.50151027667689663,true,flipguard_tabular_validation_v2,sha256:4baf786bbf5683b96a17d49c15441e198215b62e27d8f6c8b9afd64f3012bfa0,sha256:4732af06a200e574b79412c23f8a91a98989217b2dc0ffb6e5f48ddd4e9caa36,model_input,identity_model_input_v1,0.26127968584799999,-1.016111775245,-0.402342990831,0.91039332991099997,-0.67504030634300005,-1.0566774002379999,-0.053647200697999997,-0.083129335880000002
181,0,-0.10007493891959827,0.48028924603225021,false,flipguard_tabular_validation_v2,sha256:4baf786bbf5683b96a17d49c15441e198215b62e27d8f6c8b9afd64f3012bfa0,sha256:4732af06a200e574b79412c23f8a91a98989217b2dc0ffb6e5f48ddd4e9caa36,model_input,identity_model_input_v1,0.26127968584799999,0.75146710862300004,-0.087236984928,0.91039332991099997,-0.67504030634300005,-1.0566774002379999,-1.143812833363,-0.083129335880000002
183,1,0.16777408421527373,0.53303260447452783,true,flipguard_tabular_validation_v2,sha256:4baf786bbf5683b96a17d49c15441e198215b62e27d8f6c8b9afd64f3012bfa0,sha256:4732af06a200e574b79412c23f8a91a98989217b2dc0ffb6e5f48ddd4e9caa36,model_input,identity_model_input_v1,-1.40104855405,-0.485838110085,-0.402342990831,0.20929704215,0.180328307642,1.419656306776,1.036518431967,-0.083129335880000002
184,0,-0.030736126557594182,0.49394509921499397,false,flipguard_tabular_validation_v2,sha256:4baf786bbf5683b96a17d49c15441e198215b62e27d8f6c8b9afd64f3012bfa0,sha256:4732af06a200e574b79412c23f8a91a98989217b2dc0ffb6e5f48ddd4e9caa36,model_input,identity_model_input_v1,0.26127968584799999,-1.016111775245,-0.402342990831,0.38457111409,-0.67504030634300005,-1.0566774002379999,-1.143812833363,-0.083129335880000002
192,0,-0.10835418790315494,0.47865931356881064,false,flipguard_tabular_validation_v2,sha256:4baf786bbf5683b96a17d49c15441e198215b62e27d8f6c8b9afd64f3012bfa0,sha256:4732af06a200e574b79412c23f8a91a98989217b2dc0ffb6e5f48ddd4e9caa36,model_input,identity_model_input_v1,0.26127968584799999,-0.83935388685800005,-0.402342990831,-1.7187177491929999,-0.67504030634300005,-0.90190654354999999,-1.143812833363,-0.083129335880000002
193,0,-0.11413404232898929,0.47752154076594738,false,flipguard_tabular_validation_v2,sha256:4baf786bbf5683b96a17d49c15441e198215b62e27d8f6c8b9afd64f3012bfa0,sha256:4732af06a200e574b79412c23f8a91a98989217b2dc0ffb6e5f48ddd4e9caa36,model_input,identity_model_input_v1,0.49875514869100002,-1.016111775245,-0.402342990831,-1.7187177491929999,-0.67504030634300005,-1.0566774002379999,-1.143812833363,-0.083129335880000002
194,0,-0.13454573200969411,0.47350423327960806,false,flipguard_tabular_validation_v2,sha256:4baf786bbf5683b96a17d49c15441e198215b62e27d8f6c8b9afd64f3012bfa0,sha256:4732af06a200e574b79412c23f8a91a98989217b2dc0ffb6e5f48ddd4e9caa36,model_input,identity_model_input_v1,0.73623061153400005,0.75146710862300004,-0.402342990831,-0.66707331755199994,-0.67504030634300005,-1.0566774002379999,0.25782869434900002,-0.083129335880000002
195,0,-0.032117126383635328,0.49367305861894722,false,flipguard_tabular_validation_v2,sha256:4baf786bbf5683b96a17d49c15441e198215b62e27d8f6c8b9afd64f3012bfa0,sha256:4732af06a200e574b79412c23f8a91a98989217b2dc0ffb6e5f48ddd4e9caa36,model_input,identity_model_input_v1,-1.875999479736,1.104982885396,-0.402342990831,1.085667401851,-0.67504030634300005,-1.0566774002379999,0.25782869434900002,-0.083129335880000002
200,1,0.1189268152574298,0.52342185439849653,true,flipguard_tabular_validation_v2,sha256:4baf786bbf5683b96a17d49c15441e198215b62e27d8f6c8b9afd64f3012bfa0,sha256:4732af06a200e574b79412c23f8a91a98989217b2dc0ffb6e5f48ddd4e9caa36,model_input,identity_model_input_v1,0.49875514869100002,-0.83935388685800005,-0.402342990831,0.55984518603,0.46545117896999999,1.110114593399,-0.52086104326899996,-0.083129335880000002
202,0,-0.21574418283783198,0.45753856370964069,false,flipguard_tabular_validation_v2,sha256:4baf786bbf5683b96a17d49c15441e198215b62e27d8f6c8b9afd64f3012bfa0,sha256:4732af06a200e574b79412c23f8a91a98989217b2dc0ffb6e5f48ddd4e9caa36,model_input,identity_model_input_v1,0.97370607437599999,1.281740773783,-0.402342990831,-1.7187177491929999,-0.67504030634300005,-1.0566774002379999,-0.52086104326899996,-0.083129335880000002
203,1,0.1046008566474803,0.52060179086573599,true,flipguard_tabular_validation_v2,sha256:4baf786bbf5683b96a17d49c15441e198215b62e27d8f6c8b9afd64f3012bfa0,sha256:4732af06a200e574b79412c23f8a91a98989217b2dc0ffb6e5f48ddd4e9caa36,model_input,identity_model_input_v1,0.26127968584799999,-0.83935388685800005,-0.402342990831,0.91039332991099997,0.75057405029900004,0.64580202333400005,-1.143812833363,-0.083129335880000002
207,1,0.036060363269138015,0.50710370399967564,true,flipguard_tabular_validation_v2,sha256:4baf786bbf5683b96a17d49c15441e198215b62e27d8f6c8b9afd64f3012bfa0,sha256:4732af06a200e574b79412c23f8a91a98989217b2dc0ffb6e5f48ddd4e9caa36,model_input,identity_model_input_v1,0.73623061153400005,-0.83935388685800005,-0.402342990831,0.20929704215,-0.67504030634300005,-0.128052260108,1.036518431967,-0.083129335880000002
211,0,-0.26333626753887673,0.44819580055133357,false,flipguard_tabular_validation_v2,sha256:4baf786bbf5683b96a17d49c15441e198215b62e27d8f6c8b9afd64f3012bfa0,sha256:4732af06a200e574b79412c23f8a91a98989217b2dc0ffb6e5f48ddd4e9caa36,model_input,identity_model_input_v1,0.023804223005999998,1.812014438944,1.803399050493,-1.7187177491929999,-0.67504030634300005,-0.59236483017300001,-0.52086104326899996,-0.083129335880000002
213,1,-0.0008711940906420512,0.49982837476678837,false,flipguard_tabular_validation_v2,sha256:4baf786bbf5683b96a17d49c15441e198215b62e27d8f6c8b9afd64f3012bfa0,sha256:4732af06a200e574b79412c23f8a91a98989217b2dc0ffb6e5f48ddd4e9caa36,model_input,identity_model_input_v1,-0.45114670268000001,0.22119344346299999,-0.402342990831,-1.7187177491929999,-0.67504030634300005,1.2648854500869999,-0.20938514822199999,-0.083129335880000002
215,0,-0.03800327214793487,0.49251357493156145,false,flipguard_tabular_validation_v2,sha256:4baf786bbf5683b96a17d49c15441e198215b62e27d8f6c8b9afd64f3012bfa0,sha256:4732af06a200e574b79412c23f8a91a98989217b2dc0ffb6e5f48ddd4e9caa36,model_input,identity_model_input_v1,0.26127968584799999,1.812014438944,0.85808103278299996,-0.84234738949200005,1.8910655356120001,0.95534373671100004,1.347994327014,-0.083129335880000002
216,0,-0.11088790627871105,0.47816053643054396,false,flipguard_tabular_validation_v2,sha256:4baf786bbf5683b96a17d49c15441e198215b62e27d8f6c8b9afd64f3012bfa0,sha256:4732af06a200e574b79412c23f8a91a98989217b2dc0ffb6e5f48ddd4e9caa36,model_input,identity_model_input_v1,0.97370607437599999,-0.30908022169799998,-0.402342990831,-1.7187177491929999,-0.67504030634300005,-0.28282311679599997,-1.143812833363,-0.083129335880000002
217,0,-0.026000483254563774,0.49487797510677112,false,flipguard_tabular_validation_v2,sha256:4baf786bbf5683b96a17d49c15441e198215b62e27d8f6c8b9afd64f3012bfa0,sha256:4732af06a200e574b79412c23f8a91a98989217b2dc0ffb6e5f48ddd4e9caa36,model_input,identity_model_input_v1,0.97370607437599999,0.397951331849,-0.402342990831,0.20929704215,-0.67504030634300005,0.49103116664500002,-1.143812833363,-0.083129335880000002
218,0,0.06528062984783832,0.51285917129057501,true,flipguard_tabular_validation_v2,sha256:4baf786bbf5683b96a17d49c15441e198215b62e27d8f6c8b9afd64f3012bfa0,sha256:4732af06a200e574b79412c23f8a91a98989217b2dc0ffb6e5f48ddd4e9caa36,model_input,identity_model_input_v1,0.73623061153400005,-0.83935388685800005,-0.402342990831,1.085667401851,-0.67504030634300005,-0.28282311679599997,1.347994327014,-0.083129335880000002
219,1,0.073396149481767953,0.5144574599092181,true,flipguard_tabular_validation_v2,sha256:4baf786bbf5683b96a17d49c15441e198215b62e27d8f6c8b9afd64f3012bfa0,sha256:4732af06a200e574b79412c23f8a91a98989217b2dc0ffb6e5f48ddd4e9caa36,model_input,identity_model_input_v1,0.73623061153400005,0.75146710862300004,-0.402342990831,0.55984518603,1.605942664284,1.419656306776,-0.98807488584000003,-0.083129335880000002
220,1,0.0072907926969894669,0.50143628461111944,true,flipguard_tabular_validation_v2,sha256:4baf786bbf5683b96a17d49c15441e198215b62e27d8f6c8b9afd64f3012bfa0,sha256:4732af06a200e574b79412c23f8a91a98989217b2dc0ffb6e5f48ddd4e9caa36,model_input,identity_model_input_v1,0.97370607437599999,0.397951331849,-0.402342990831,-0.141251101731,-0.67504030634300005,0.64580202333400005,1.036518431967,-0.083129335880000002
223,0,0.18396747534879165,0.53621668783923149,true,flipguard_tabular_validation_v2,sha256:4baf786bbf5683b96a17d49c15441e198215b62e27d8f6c8b9afd64f3012bfa0,sha256:4732af06a200e574b79412c23f8a91a98989217b2dc0ffb6e5f48ddd4e9caa36,model_input,identity_model_input_v1,-0.45114670268000001,-0.30908022169799998,-0.402342990831,1.085667401851,0.46545117896999999,1.419656306776,1.347994327014,-0.083129335880000002
224,1,0.091169646989521361,0.51795738928332768,true,flipguard_tabular_validation_v2,sha256:4baf786bbf5683b96a17d49c15441e198215b62e27d8f6c8b9afd64f3012bfa0,sha256:4732af06a200e574b79412c23f8a91a98989217b2dc0ffb6e5f48ddd4e9caa36,model_input,identity_model_input_v1,0.26127968584799999,-0.30908022169799998,-0.402342990831,1.085667401851,0.46545117896999999,0.800572880022,-1.143812833363,-0.083129335880000002
225,0,-0.35163646491835426,0.43090153327971731,false,flipguard_tabular_validation_v2,sha256:4baf786bbf5683b96a17d49c15441e198215b62e27d8f6c8b9afd64f3012bfa0,sha256:4732af06a200e574b79412c23f8a91a98989217b2dc0ffb6e5f48ddd4e9caa36,model_input,identity_model_input_v1,0.49875514869100002,1.812014438944,4.324247097722,-1.7187177491929999,-0.67504030634300005,-0.90190654354999999,0.56930458939600004,-0.083129335880000002
226,0,0.01634620214683432,0.50322018435221505,true,flipguard_tabular_validation_v2,sha256:4baf786bbf5683b96a17d49c15441e198215b62e27d8f6c8b9afd64f3012bfa0,sha256:4732af06a200e574b79412c23f8a91a98989217b2dc0ffb6e5f48ddd4e9caa36,model_input,identity_model_input_v1,-0.21367123983700001,-0.13232233331099999,-0.402342990831,-0.84234738949200005,-0.67504030634300005,0.33626030995700001,1.347994327014,-0.083129335880000002
227,1,0.1190608137855917,0.52344822934027124,true,flipguard_tabular_validation_v2,sha256:4baf786bbf5683b96a17d49c15441e198215b62e27d8f6c8b9afd64f3012bfa0,sha256:4732af06a200e574b79412c23f8a91a98989217b2dc0ffb6e5f48ddd4e9caa36,model_input,identity_model_input_v1,-1.638524016893,-1.016111775245,-0.402342990831,-1.7187177491929999,-0.104794563686,1.419656306776,1.036518431967,-0.083129335880000002
230,1,0.23843552882483643,0.54691757750728398,true,flipguard_tabular_validation_v2,sha256:4baf786bbf5683b96a17d49c15441e198215b62e27d8f6c8b9afd64f3012bfa0,sha256:4732af06a200e574b79412c23f8a91a98989217b2dc0ffb6e5f48ddd4e9caa36,model_input,identity_model_input_v1,0.97370607437599999,-1.016111775245,-0.402342990831,1.085667401851,3.3166798922540002,1.419656306776,1.347994327014,-0.083129335880000002
232,0,-0.16044117147414322,0.46840960912150803,false,flipguard_tabular_validation_v2,sha256:4baf786bbf5683b96a17d49c15441e198215b62e27d8f6c8b9afd64f3012bfa0,sha256:4732af06a200e574b79412c23f8a91a98989217b2dc0ffb6e5f48ddd4e9caa36,model_input,identity_model_input_v1,0.73623061153400005,0.92822499701000005,-0.402342990831,-1.7187177491929999,-0.67504030634300005,-0.59236483017300001,-0.053647200697999997,-0.083129335880000002
234,1,0.14612660275187495,0.52877445978605864,true,flipguard_tabular_validation_v2,sha256:4baf786bbf5683b96a17d49c15441e198215b62e27d8f6c8b9afd64f3012bfa0,sha256:4732af06a200e574b79412c23f8a91a98989217b2dc0ffb6e5f48ddd4e9caa36,model_input,identity_model_input_v1,0.26127968584799999,-0.485838110085,-0.402342990831,1.085667401851,-0.67504030634300005,1.419656306776,0.72504253691999998,-0.083129335880000002
236,0,0.0012502788751534068,0.50024630493058753,true,flipguard_tabular_validation_v2,sha256:4baf786bbf5683b96a17d49c15441e198215b62e27d8f6c8b9afd64f3012bfa0,sha256:4732af06a200e574b79412c23f8a91a98989217b2dc0ffb6e5f48ddd4e9caa36,model_input,identity_model_input_v1,0.73623061153400005,-1.016111775245,-0.402342990831,-1.7187177491929999,0.75057405029900004,0.02671859658,0.72504253691999998,-0.083129335880000002
238,0,-0.072742434221421667,0.48567128011360911,false,flipguard_tabular_validation_v2,sha256:4baf786bbf5683b96a17d49c15441e198215b62e27d8f6c8b9afd64f3012bfa0,sha256:4732af06a200e574b79412c23f8a91a98989217b2dc0ffb6e5f48ddd4e9caa36,model_input,identity_model_input_v1,0.73623061153400005,1.104982885396,3.0638230741079999,0.034022970210000003,-0.67504030634300005,1.419656306776,1.347994327014,-0.083129335880000002
240,1,-0.11062078473407223,0.47821312005498134,false,flipguard_tabular_validation_v2,sha256:4baf786bbf5683b96a17d49c15441e198215b62e27d8f6c8b9afd64f3012bfa0,sha256:4732af06a200e574b79412c23f8a91a98989217b2dc0ffb6e5f48ddd4e9caa36,model_input,identity_model_input_v1,0.97370607437599999,-1.016111775245,-0.402342990831,-1.3681696053129999,-0.67504030634300005,-1.0566774002379999,-1.143812833363,-0.083129335880000002
242,0,-0.11430622377879589,0.47748764797618432,false,flipguard_tabular_validation_v2,sha256:4baf786bbf5683b96a17d49c15441e198215b62e27d8f6c8b9afd64f3012bfa0,sha256:4732af06a200e574b79412c23f8a91a98989217b2dc0ffb6e5f48ddd4e9caa36,model_input,identity_model_input_v1,-2.350950405421,1.281740773783,1.48829304459,1.085667401851,-0.67504030634300005,-1.0566774002379999,-1.143812833363,-0.083129335880000002
244,1,0.1556481811395915,0.53064760853132953,true,flipguard_tabular_validation_v2,sha256:4baf786bbf5683b96a17d49c15441e198215b62e27d8f6c8b9afd64f3012bfa0,sha256:4732af06a200e574b79412c23f8a91a98989217b2dc0ffb6e5f48ddd4e9caa36,model_input,identity_model_input_v1,-0.45114670268000001,-1.016111775245,-0.402342990831,0.20929704215,1.035696921627,1.419656306776,-0.83233693831599997,-0.083129335880000002
247,0,-0.005536989563073285,0.49890921373509228,false,flipguard_tabular_validation_v2,sha256:4baf786bbf5683b96a17d49c15441e198215b62e27d8f6c8b9afd64f3012bfa0,sha256:4732af06a200e574b79412c23f8a91a98989217b2dc0ffb6e5f48ddd4e9caa36,model_input,identity_model_input_v1,0.97370607437599999,-1.016111775245,-0.402342990831,-1.3681696053129999,-0.67504030634300005,0.02671859658,1.347994327014,-0.083129335880000002
248,0,-0.087797894072089946,0.48270652201759984,false,flipguard_tabular_validation_v2,sha256:4baf786bbf5683b96a17d49c15441e198215b62e27d8f6c8b9afd64f3012bfa0,sha256:4732af06a200e574b79412c23f8a91a98989217b2dc0ffb6e5f48ddd4e9caa36,model_input,identity_model_input_v1,-0.92609762836499998,0.397951331849,0.85808103278299996,0.55984518603,0.180328307642,-1.0566774002379999,-1.143812833363,-0.083129335880000002
250,1,0.012507604492363524,0.50246399025822852,true,flipguard_tabular_validation_v2,sha256:4baf786bbf5683b96a17d49c15441e198215b62e27d8f6c8b9afd64f3012bfa0,sha256:4732af06a200e574b79412c23f8a91a98989217b2dc0ffb6e5f48ddd4e9caa36,model_input,identity_model_input_v1,-2.1134749425789998,0.75146710862300004,-0.402342990831,-1.7187177491929999,-0.67504030634300005,1.419656306776,-0.52086104326899996,-0.083129335880000002
253,1,0.16299112354472967,0.53209193118022013,true,flipguard_tabular_validation_v2,sha256:4baf786bbf5683b96a17d49c15441e198215b62e27d8f6c8b9afd64f3012bfa0,sha256:4732af06a200e574b79412c23f8a91a98989217b2dc0ffb6e5f48ddd4e9caa36,model_input,identity_model_input_v1,0.26127968584799999,-1.016111775245,-0.402342990831,0.55984518603,0.180328307642,1.419656306776,0.56930458939600004,-0.083129335880000002
262,1,0.14474354027749231,0.52850234752507885,true,flipguard_tabular_validation_v2,sha256:4baf786bbf5683b96a17d49c15441e198215b62e27d8f6c8b9afd64f3012bfa0,sha256:4732af06a200e574b79412c23f8a91a98989217b2dc0ffb6e5f48ddd4e9caa36,model_input,identity_model_input_v1,-2.5884258682639998,1.104982885396,-0.402342990831,-0.31652517367100003,2.7464341495969999,1.419656306776,0.88078048444299994,-0.083129335880000002
266,0,-0.13695166407866882,0.47303079670573989,false,flipguard_tabular_validation_v2,sha256:4baf786bbf5683b96a17d49c15441e198215b62e27d8f6c8b9afd64f3012bfa0,sha256:4732af06a200e574b79412c23f8a91a98989217b2dc0ffb6e5f48ddd4e9caa36,model_input,identity_model_input_v1,-2.825901331107,1.45849866217,2.7487170682039999,-0.141251101731,0.75057405029900004,-0.43759397348500001,-1.143812833363,-0.083129335880000002
269,1,0.15297327420718981,0.53012141621699405,true,flipguard_tabular_validation_v2,sha256:4baf786bbf5683b96a17d49c15441e198215b62e27d8f6c8b9afd64f3012bfa0,sha256:4732af06a200e574b79412c23f8a91a98989217b2dc0ffb6e5f48ddd4e9caa36,model_input,identity_model_input_v1,0.49875514869100002,-0.83935388685800005,-0.402342990831,0.55984518603,0.180328307642,1.419656306776,0.72504253691999998,-0.083129335880000002
271,1,-0.023768378133214363,0.49531768321818753,false,flipguard_tabular_validation_v2,sha256:4baf786bbf5683b96a17d49c15441e198215b62e27d8f6c8b9afd64f3012bfa0,sha256:4732af06a200e574b79412c23f8a91a98989217b2dc0ffb6e5f48ddd4e9caa36,model_input,identity_model_input_v1,0.49875514869100002,-0.30908022169799998,-0.402342990831,0.20929704215,-0.67504030634300005,-0.74713568686200005,0.72504253691999998,-0.083129335880000002
272,1,0.15101042929222586,0.5297352799127919,true,flipguard_tabular_validation_v2,sha256:4baf786bbf5683b96a17d49c15441e198215b62e27d8f6c8b9afd64f3012bfa0,sha256:4732af06a200e574b79412c23f8a91a98989217b2dc0ffb6e5f48ddd4e9caa36,model_input,identity_model_input_v1,0.73623061153400005,-0.66259599847100004,-0.402342990831,0.73511925797099997,1.8910655356120001,1.419656306776,-0.83233693831599997,-0.083129335880000002
275,0,-0.070250673628842117,0.48616200408757382,false,flipguard_tabular_validation_v2,sha256:4baf786bbf5683b96a17d49c15441e198215b62e27d8f6c8b9afd64f3012bfa0,sha256:4732af06a200e574b79412c23f8a91a98989217b2dc0ffb6e5f48ddd4e9caa36,model_input,identity_model_input_v1,0.26127968584799999,-0.13232233331099999,-0.402342990831,0.38457111409,-0.67504030634300005,-1.0566774002379999,-1.143812833363,-0.083129335880000002
276,0,-0.018915890582981251,0.49627359662840126,false,flipguard_tabular_validation_v2,sha256:4baf786bbf5683b96a17d49c15441e198215b62e27d8f6c8b9afd64f3012bfa0,sha256:4732af06a200e574b79412c23f8a91a98989217b2dc0ffb6e5f48ddd4e9caa36,model_input,identity_model_input_v1,0.97370607437599999,-1.016111775245,-0.402342990831,1.085667401851,-0.67504030634300005,-1.0566774002379999,-1.143812833363,-0.083129335880000002
277,0,0.041389824777715009,0.50815351185866153,true,flipguard_tabular_validation_v2,sha256:4baf786bbf5683b96a17d49c15441e198215b62e27d8f6c8b9afd64f3012bfa0,sha256:4732af06a200e574b79412c23f8a91a98989217b2dc0ffb6e5f48ddd4e9caa36,model_input,identity_model_input_v1,0.26127968584799999,-0.83935388685800005,-0.402342990831,-0.84234738949200005,-0.104794563686,0.95534373671100004,-1.143812833363,-0.083129335880000002
278,0,-0.060759999240639059,0.48803117739918839,false,flipguard_tabular_validation_v2,sha256:4baf786bbf5683b96a17d49c15441e198215b62e27d8f6c8b9afd64f3012bfa0,sha256:4732af06a200e574b79412c23f8a91a98989217b2dc0ffb6e5f48ddd4e9caa36,model_input,identity_model_input_v1,-2.825901331107,1.635256550557,-0.402342990831,1.085667401851,-0.67504030634300005,-1.0566774002379999,-1.143812833363,-0.083129335880000002
280,0,-0.22934638687255771,0.45486701605047586,false,flipguard_tabular_validation_v2,sha256:4baf786bbf5683b96a17d49c15441e198215b62e27d8f6c8b9afd64f3012bfa0,sha256:4732af06a200e574b79412c23f8a91a98989217b2dc0ffb6e5f48ddd4e9caa36,model_input,identity_model_input_v1,-1.875999479736,1.635256550557,4.324247097722,1.085667401851,-0.67504030634300005,-1.0566774002379999,-1.143812833363,-0.083129335880000002
281,0,-0.020961823921319865,0.49587055752983922,false,flipguard_tabular_validation_v2,sha256:4baf786bbf5683b96a17d49c15441e198215b62e27d8f6c8b9afd64f3012bfa0,sha256:4732af06a200e574b79412c23f8a91a98989217b2dc0ffb6e5f48ddd4e9caa36,model_input,identity_model_input_v1,-2.825901331107,0.22119344346299999,-0.402342990831,0.034022970210000003,-0.38991743501499998,-1.0566774002379999,-0.52086104326899996,-0.083129335880000002
282,1,0.23509827461571958,0.54626238344546985,true,flipguard_tabular_validation_v2,sha256:4baf786bbf5683b96a17d49c15441e198215b62e27d8f6c8b9afd64f3012bfa0,sha256:4732af06a200e574b79412c23f8a91a98989217b2dc0ffb6e5f48ddd4e9caa36,model_input,identity_model_input_v1,-0.92609762836499998,-1.016111775245,-0.402342990831,0.38457111409,2.4613112782690001,1.419656306776,1.347994327014,-0.083129335880000002
284,0,-0.16596748943638878,0.46732269101680357,false,flipguard_tabular_validation_v2,sha256:4baf786bbf5683b96a17d49c15441e198215b62e27d8f6c8b9afd64f3012bfa0,sha256:4732af06a200e574b79412c23f8a91a98989217b2dc0ffb6e5f48ddd4e9caa36,model_input,identity_model_input_v1,0.97370607437599999,0.57470922023600002,-0.402342990831,-1.0176214614320001,-0.67504030634300005,-1.0566774002379999,-0.98807488584000003,-0.083129335880000002
285,0,-0.28370866864712946,0.44420073581020786,false,flipguard_tabular_validation_v2,sha256:4baf786bbf5683b96a17d49c15441e198215b62e27d8f6c8b9afd64f3012bfa0,sha256:4732af06a200e574b79412c23f8a91a98989217b2dc0ffb6e5f48ddd4e9caa36,model_input,identity_model_input_v1,0.73623061153400005,1.812014438944,1.48829304459,-1.7187177491929999,-0.67504030634300005,-1.0566774002379999,0.10209074682499999,-0.083129335880000002
286,0,-0.11304677699578379,0.47773556369034359,false,flipguard_tabular_validation_v2,sha256:4baf786bbf5683b96a17d49c15441e198215b62e27d8f6c8b9afd64f3012bfa0,sha256:4732af06a200e574b79412c23f8a91a98989217b2dc0ffb6e5f48ddd4e9caa36,model_input,identity_model_input_v1,0.023804223005999998,0.22119344346299999,1.48829304459,0.55984518603,-0.67504030634300005,-1.0566774002379999,0.10209074682499999,-0.083129335880000002
287,1,0.14944285718415895,0.52942689273579679,true,flipguard_tabular_validation_v2,sha256:4baf786bbf5683b96a17d49c15441e198215b62e27d8f6c8b9afd64f3012bfa0,sha256:4732af06a200e574b79412c23f8a91a98989217b2dc0ffb6e5f48ddd4e9caa36,model_input,identity_model_input_v1,0.023804223005999998,-1.016111775245,-0.402342990831,0.91039332991099997,0.75057405029900004,0.64580202333400005,0.72504253691999998,-0.083129335880000002
288,1,-0.04627620345157752,0.49088398431959274,false,flipguard_tabular_validation_v2,sha256:4baf786bbf5683b96a17d49c15441e198215b62e27d8f6c8b9afd64f3012bfa0,sha256:4732af06a200e574b79412c23f8a91a98989217b2dc0ffb6e5f48ddd4e9caa36,model_input,identity_model_input_v1,0.97370607437599999,-0.13232233331099999,-0.402342990831,0.38457111409,-0.67504030634300005,-0.90190654354999999,0.56930458939600004,-0.083129335880000002
290,0,-0.31391491825736345,0.43828249704193911,false,flipguard_tabular_validation_v2,sha256:4baf786bbf5683b96a17d49c15441e198215b62e27d8f6c8b9afd64f3012bfa0,sha256:4732af06a200e574b79412c23f8a91a98989217b2dc0ffb6e5f48ddd4e9caa36,model_input,identity_model_input_v1,0.97370607437599999,1.635256550557,2.1185050563969998,-1.7187177491929999,-0.67504030634300005,-1.0566774002379999,-0.67659899079300001,-0.083129335880000002
292,1,-0.043338090766752449,0.49146272170764382,false,flipguard_tabular_validation_v2,sha256:4baf786bbf5683b96a17d49c15441e198215b62e27d8f6c8b9afd64f3012bfa0,sha256:4732af06a200e574b79412c23f8a91a98989217b2dc0ffb6e5f48ddd4e9caa36,model_input,identity_model_input_v1,0.97370607437599999,-1.016111775245,-0.402342990831,-0.141251101731,-0.67504030634300005,-1.0566774002379999,0.10209074682499999,-0.083129335880000002
293,0,-0.072907836695112402,0.48563870635284151,false,flipguard_tabular_validation_v2,sha256:4baf786bbf5683b96a17d49c15441e198215b62e27d8f6c8b9afd64f3012bfa0,sha256:4732af06a200e574b79412c23f8a91a98989217b2dc0ffb6e5f48ddd4e9caa36,model_input,identity_model_input_v1,0.49875514869100002,0.57470922023600002,-0.402342990831,0.73511925797099997,0.46545117896999999,-1.0566774002379999,-1.143812833363,-0.083129335880000002
296,1,0.094735083992480207,0.51865941065699084,true,flipguard_tabular_validation_v2,sha256:4baf786bbf5683b96a17d49c15441e198215b62e27d8f6c8b9afd64f3012bfa0,sha256:4732af06a200e574b79412c23f8a91a98989217b2dc0ffb6e5f48ddd4e9caa36,model_input,identity_model_input_v1,0.49875514869100002,-1.016111775245,-0.402342990831,0.55984518603,-0.67504030634300005,0.49103116664500002,0.88078048444299994,-0.083129335880000002
297,0,-0.11610312070438762,0.47713394547114873,false,flipguard_tabular_validation_v2,sha256:4baf786bbf5683b96a17d49c15441e198215b62e27d8f6c8b9afd64f3012bfa0,sha256:4732af06a200e574b79412c23f8a91a98989217b2dc0ffb6e5f48ddd4e9caa36,model_input,identity_model_input_v1,0.26127968584799999,-0.13232233331099999,-0.402342990831,-0.84234738949200005,-0.67504030634300005,-1.0566774002379999,-1.143812833363,-0.083129335880000002
301,1,0.095707632552557306,0.51885089690398312,true,flipguard_tabular_validation_v2,sha256:4baf786bbf5683b96a17d49c15441e198215b62e27d8f6c8b9afd64f3012bfa0,sha256:4732af06a200e574b79412c23f8a91a98989217b2dc0ffb6e5f48ddd4e9caa36,model_input,identity_model_input_v1,0.49875514869100002,-0.30908022169799998,-0.402342990831,0.91039332991099997,-0.67504030634300005,1.110114593399,-0.053647200697999997,-0.083129335880000002
302,1,0.10401417374387567,0.52048629093165422,true,flipguard_tabular_validation_v2,sha256:4baf786bbf5683b96a17d49c15441e198215b62e27d8f6c8b9afd64f3012bfa0,sha256:4732af06a200e574b79412c23f8a91a98989217b2dc0ffb6e5f48ddd4e9caa36,model_input,identity_model_input_v1,-0.21367123983700001,1.104982885396,-0.087236984928,0.91039332991099997,1.605942664284,1.419656306776,0.41356664187300002,-0.083129335880000002
307,1,0.13273687948402163,0.52613981045199598,true,flipguard_tabular_validation_v2,sha256:4baf786bbf5683b96a17d49c15441e198215b62e27d8f6c8b9afd64f3012bfa0,sha256:4732af06a200e574b79412c23f8a91a98989217b2dc0ffb6e5f48ddd4e9caa36,model_input,identity_model_input_v1,0.023804223005999998,-1.016111775245,-0.402342990831,1.085667401851,0.75057405029900004,0.800572880022,-1.143812833363,-0.083129335880000002
308,0,-0.074535888209905463,0.48531808638856272,false,flipguard_tabular_validation_v2,sha256:4baf786bbf5683b96a17d49c15441e198215b62e27d8f6c8b9afd64f3012bfa0,sha256:4732af06a200e574b79412c23f8a91a98989217b2dc0ffb6e5f48ddd4e9caa36,model_input,identity_model_input_v1,0.023804223005999998,-0.83935388685800005,-0.402342990831,-0.84234738949200005,-0.38991743501499998,-1.0566774002379999,-1.143812833363,-0.083129335880000002
309,1,0.13885402991178725,0.52734353522455091,true,flipguard_tabular_validation_v2,sha256:4baf786bbf5683b96a17d49c15441e198215b62e27d8f6c8b9afd64f3012bfa0,sha256:4732af06a200e574b79412c23f8a91a98989217b2dc0ffb6e5f48ddd4e9caa36,model_input,identity_model_input_v1,0.023804223005999998,-1.016111775245,-0.402342990831,0.73511925797099997,-0.104794563686,1.2648854500869999,-0.67659899079300001,-0.083129335880000002
310,1,0.044793148602303261,0.50882389077807288,true,flipguard_tabular_validation_v2,sha256:4baf786bbf5683b96a17d49c15441e198215b62e27d8f6c8b9afd64f3012bfa0,sha256:4732af06a200e574b79412c23f8a91a98989217b2dc0ffb6e5f48ddd4e9caa36,model_input,identity_model_input_v1,0.97370607437599999,0.044435555076,-0.402342990831,0.55984518603,-0.67504030634300005,0.800572880022,0.25782869434900002,-0.083129335880000002
317,1,-0.0043535113141039798,0.49914235860117095,false,flipguard_tabular_validation_v2,sha256:4baf786bbf5683b96a17d49c15441e198215b62e27d8f6c8b9afd64f3012bfa0,sha256:4732af06a200e574b79412c23f8a91a98989217b2dc0ffb6e5f48ddd4e9caa36,model_input,identity_model_input_v1,0.73623061153400005,-1.016111775245,-0.402342990831,0.034022970210000003,-0.67504030634300005,-0.90190654354999999,1.1922563794909999,-0.083129335880000002
319,0,-0.17216146124626486,0.4661046033003447,false,flipguard_tabular_validation_v2,sha256:4baf786bbf5683b96a17d49c15441e198215b62e27d8f6c8b9afd64f3012bfa0,sha256:4732af06a200e574b79412c23f8a91a98989217b2dc0ffb6e5f48ddd4e9caa36,model_input,identity_model_input_v1,-0.92609762836499998,1.45849866217,4.0091410918179999,1.085667401851,-0.38991743501499998,-0.128052260108,-1.143812833363,-0.083129335880000002
323,1,0.055656740049042044,0.51096368816420157,true,flipguard_tabular_validation_v2,sha256:4baf786bbf5683b96a17d49c15441e198215b62e27d8f6c8b9afd64f3012bfa0,sha256:4732af06a200e574b79412c23f8a91a98989217b2dc0ffb6e5f48ddd4e9caa36,model_input,identity_model_input_v1,0.73623061153400005,-1.016111775245,-0.402342990831,-0.66707331755199994,-0.67504030634300005,0.64580202333400005,1.036518431967,-0.083129335880000002
325,1,0.21148863454248296,0.54162542362187116,true,flipguard_tabular_validation_v2,sha256:4baf786bbf5683b96a17d49c15441e198215b62e27d8f6c8b9afd64f3012bfa0,sha256:4732af06a200e574b79412c23f8a91a98989217b2dc0ffb6e5f48ddd4e9caa36,model_input,identity_model_input_v1,-0.21367123983700001,-1.016111775245,-0.402342990831,0.91039332991099997,1.605942664284,1.419656306776,0.56930458939600004,-0.083129335880000002
326,0,-0.13980302843135672,0.47246973313645951,false,flipguard_tabular_validation_v2,sha256:4baf786bbf5683b96a17d49c15441e198215b62e27d8f6c8b9afd64f3012bfa0,sha256:4732af06a200e574b79412c23f8a91a98989217b2dc0ffb6e5f48ddd4e9caa36,model_input,identity_model_input_v1,0.73623061153400005,1.45849866217,-0.087236984928,-1.7187177491929999,-0.67504030634300005,0.02671859658,1.036518431967,-0.083129335880000002
329,0,-0.08566485186962898,0.48312653877638428,false,flipguard_tabular_validation_v2,sha256:4baf786bbf5683b96a17d49c15441e198215b62e27d8f6c8b9afd64f3012bfa0,sha256:4732af06a200e574b79412c23f8a91a98989217b2dc0ffb6e5f48ddd4e9caa36,model_input,identity_model_input_v1,0.97370607437599999,-0.30908022169799998,-0.402342990831,-0.141251101731,-0.67504030634300005,-1.0566774002379999,-0.52086104326899996,-0.083129335880000002
332,0,-0.039991595803901131,0.49212191146530482,false,flipguard_tabular_validation_v2,sha256:4baf786bbf5683b96a17d49c15441e198215b62e27d8f6c8b9afd64f3012bfa0,sha256:4732af06a200e574b79412c23f8a91a98989217b2dc0ffb6e5f48ddd4e9caa36,model_input,identity_model_input_v1,0.26127968584799999,-0.66259599847100004,-0.402342990831,0.55984518603,-0.67504030634300005,-1.0566774002379999,-1.143812833363,-0.083129335880000002
333,1,0.14554877921216436,0.52866077602312411,true,flipguard_tabular_validation_v2,sha256:4baf786bbf5683b96a17d49c15441e198215b62e27d8f6c8b9afd64f3012bfa0,sha256:4732af06a200e574b79412c23f8a91a98989217b2dc0ffb6e5f48ddd4e9caa36,model_input,identity_model_input_v1,0.023804223005999998,-1.016111775245,-0.402342990831,1.085667401851,0.180328307642,1.110114593399,-0.83233693831599997,-0.083129335880000002
334,0,-0.31607500687090612,0.4378595315304003,false,flipguard_tabular_validation_v2,sha256:4baf786bbf5683b96a17d49c15441e198215b62e27d8f6c8b9afd64f3012bfa0,sha256:4732af06a200e574b79412c23f8a91a98989217b2dc0ffb6e5f48ddd4e9caa36,model_input,identity_model_input_v1,0.97370607437599999,1.812014438944,3.694035085915,-1.7187177491929999,0.180328307642,-0.59236483017300001,0.10209074682499999,-0.083129335880000002
337,0,-0.12879341262637589,0.47463624328078891,false,flipguard_tabular_validation_v2,sha256:4baf786bbf5683b96a17d49c15441e198215b62e27d8f6c8b9afd64f3012bfa0,sha256:4732af06a200e574b79412c23f8a91a98989217b2dc0ffb6e5f48ddd4e9caa36,model_input,identity_model_input_v1,-0.92609762836499998,1.281740773783,-0.087236984928,-0.141251101731,-0.104794563686,-1.0566774002379999,-1.143812833363,-0.083129335880000002
338,1,0.17589613503899498,0.53462977008375479,true,flipguard_tabular_validation_v2,sha256:4baf786bbf5683b96a17d49c15441e198215b62e27d8f6c8b9afd64f3012bfa0,sha256:4732af06a200e574b79412c23f8a91a98989217b2dc0ffb6e5f48ddd4e9caa36,model_input,identity_model_input_v1,0.26127968584799999,-1.016111775245,-0.402342990831,0.91039332991099997,0.46545117896999999,1.419656306776,0.25782869434900002,-0.083129335880000002
340,0,-0.089758148235403734,0.48232053735274899,false,flipguard_tabular_validation_v2,sha256:4baf786bbf5683b96a17d49c15441e198215b62e27d8f6c8b9afd64f3012bfa0,sha256:4732af06a200e574b79412c23f8a91a98989217b2dc0ffb6e5f48ddd4e9caa36,model_input,identity_model_input_v1,0.49875514869100002,-0.66259599847100004,-0.402342990831,-1.7187177491929999,-0.67504030634300005,-1.0566774002379999,1.1922563794909999,-0.083129335880000002
341,0,-0.17432933193059075,0.46567831358252237,false,flipguard_tabular_validation_v2,sha256:4baf786bbf5683b96a17d49c15441e198215b62e27d8f6c8b9afd64f3012bfa0,sha256:4732af06a200e574b79412c23f8a91a98989217b2dc0ffb6e5f48ddd4e9caa36,model_input,identity_model_input_v1,0.023804223005999998,1.812014438944,0.54297502687900001,-1.3681696053129999,0.180328307642,-0.74713568686200005,1.1922563794909999,-0.083129335880000002
343,1,0.13064344459907912,0.52572783944851553,true,flipguard_tabular_validation_v2,sha256:4baf786bbf5683b96a17d49c15441e198215b62e27d8f6c8b9afd64f3012bfa0,sha256:4732af06a200e574b79412c23f8a91a98989217b2dc0ffb6e5f48ddd4e9caa36,model_input,identity_model_input_v1,0.49875514869100002,-0.83935388685800005,-0.402342990831,0.034022970210000003,0.180328307642,1.419656306776,0.56930458939600004,-0.083129335880000002
344,0,-0.22613925264714674,0.45549682533473057,false,flipguard_tabular_validation_v2,sha256:4baf786bbf5683b96a17d49c15441e198215b62e27d8f6c8b9afd64f3012bfa0,sha256:4732af06a200e574b79412c23f8a91a98989217b2dc0ffb6e5f48ddd4e9caa36,model_input,identity_model_input_v1,-2.1134749425789998,1.812014438944,4.639353103625,-1.1928955333719999,-0.67504030634300005,0.33626030995700001,0.10209074682499999,-0.083129335880000002
345,1,0.25783264487031615,0.55072447058268137,true,flipguard_tabular_validation_v2,sha256:4baf786bbf5683b96a17d49c15441e198215b62e27d8f6c8b9afd64f3012bfa0,sha256:4732af06a200e574b79412c23f8a91a98989217b2dc0ffb6e5f48ddd4e9caa36,model_input,identity_model_input_v1,-1.40104855405,-1.016111775245,-0.402342990831,0.55984518603,3.3166798922540002,1.2648854500869999,1.347994327014,-0.083129335880000002
350,1,0.12860736859305555,0.52532714302378614,true,flipguard_tabular_validation_v2,sha256:4baf786bbf5683b96a17d49c15441e198215b62e27d8f6c8b9afd64f3012bfa0,sha256:4732af06a200e574b79412c23f8a91a98989217b2dc0ffb6e5f48ddd4e9caa36,model_input,identity_model_input_v1,0.023804223005999998,-0.83935388685800005,-0.402342990831,0.91039332991099997,1.3208197929550001,0.800572880022,-1.143812833363,-0.083129335880000002
351,0,-0.19871743518060964,0.46088405357780154,false,flipguard_tabular_validation_v2,sha256:4baf786bbf5683b96a17d49c15441e198215b62e27d8f6c8b9afd64f3012bfa0,sha256:4732af06a200e574b79412c23f8a91a98989217b2dc0ffb6e5f48ddd4e9caa36,model_input,identity_model_input_v1,-0.92609762836499998,1.635256550557,2.7487170682039999,1.085667401851,-0.67504030634300005,-1.0566774002379999,-1.143812833363,-0.083129335880000002
353,0,-0.12943475195341908,0.47451002773057854,false,flipguard_tabular_validation_v2,sha256:4baf786bbf5683b96a17d49c15441e198215b62e27d8f6c8b9afd64f3012bfa0,sha256:4732af06a200e574b79412c23f8a91a98989217b2dc0ffb6e5f48ddd4e9caa36,model_input,identity_model_input_v1,-0.45114670268000001,1.104982885396,1.1731870386859999,1.085667401851,-0.67504030634300005,-1.0566774002379999,-0.83233693831599997,-0.083129335880000002
354,1,0.18797651194196402,0.53700480412526541,true,flipguard_tabular_validation_v2,sha256:4baf786bbf5683b96a17d49c15441e198215b62e27d8f6c8b9afd64f3012bfa0,sha256:4732af06a200e574b79412c23f8a91a98989217b2dc0ffb6e5f48ddd4e9caa36,model_input,identity_model_input_v1,0.49875514869100002,-1.016111775245,-0.402342990831,1.085667401851,1.035696921627,1.419656306776,0.25782869434900002,-0.083129335880000002
355,1,0.13248952585755425,0.52609113398790375,true,flipguard_tabular_validation_v2,sha256:4baf786bbf5683b96a17d49c15441e198215b62e27d8f6c8b9afd64f3012bfa0,sha256:4732af06a200e574b79412c23f8a91a98989217b2dc0ffb6e5f48ddd4e9caa36,model_input,identity_model_input_v1,-0.68862216552199995,-1.016111775245,-0.402342990831,0.38457111409,-0.67504030634300005,1.2648854500869999,-0.52086104326899996,-0.083129335880000002
357,1,-0.014775429617098386,0.49708925326812403,false,flipguard_tabular_validation_v2,sha256:4baf786bbf5683b96a17d49c15441e198215b62e27d8f6c8b9afd64f3012bfa0,sha256:4732af06a200e574b79412c23f8a91a98989217b2dc0ffb6e5f48ddd4e9caa36,model_input,identity_model_input_v1,0.73623061153400005,-1.016111775245,-0.402342990831,-0.31652517367100003,-0.67504030634300005,-0.90190654354999999,1.347994327014,-0.083129335880000002
360,0,-0.099845806807345922,0.48033435758428572,false,flipguard_tabular_validation_v2,sha256:4baf786bbf5683b96a17d49c15441e198215b62e27d8f6c8b9afd64f3012bfa0,sha256:4732af06a200e574b79412c23f8a91a98989217b2dc0ffb6e5f48ddd4e9caa36,model_input,identity_model_input_v1,-0.68862216552199995,1.104982885396,-0.402342990831,0.55984518603,-0.67504030634300005,-1.0566774002379999,-1.143812833363,-0.083129335880000002
361,0,-0.23847793080184415,0.45307409823578282,false,flipguard_tabular_validation_v2,sha256:4baf786bbf5683b96a17d49c15441e198215b62e27d8f6c8b9afd64f3012bfa0,sha256:4732af06a200e574b79412c23f8a91a98989217b2dc0ffb6e5f48ddd4e9caa36,model_input,identity_model_input_v1,0.97370607437599999,1.104982885396,0.22786902097600001,-1.7187177491929999,-0.67504030634300005,-1.0566774002379999,-1.143812833363,-0.083129335880000002
362,1,0.043910595078228525,0.5086500485672486,true,flipguard_tabular_validation_v2,sha256:4baf786bbf5683b96a17d49c15441e198215b62e27d8f6c8b9afd64f3012bfa0,sha256:4732af06a200e574b79412c23f8a91a98989217b2dc0ffb6e5f48ddd4e9caa36,model_input,identity_model_input_v1,0.73623061153400005,-0.30908022169799998,-0.402342990831,0.91039332991099997,-0.67504030634300005,-0.128052260108,1.347994327014,-0.083129335880000002
364,0,-0.043825050069018601,0.49136680182410591,false,flipguard_tabular_validation_v2,sha256:4baf786bbf5683b96a17d49c15441e198215b62e27d8f6c8b9afd64f3012bfa0,sha256:4732af06a200e574b79412c23f8a91a98989217b2dc0ffb6e5f48ddd4e9caa36,model_input,identity_model_input_v1,-0.21367123983700001,-0.30908022169799998,-0.402342990831,0.20929704215,0.180328307642,-1.0566774002379999,-1.143812833363,-0.083129335880000002
365,1,0.11803695577322361,0.52324670198252476,true,flipguard_tabular_validation_v2,sha256:4baf786bbf5683b96a17d49c15441e198215b62e27d8f6c8b9afd64f3012bfa0,sha256:4732af06a200e574b79412c23f8a91a98989217b2dc0ffb6e5f48ddd4e9caa36,model_input,identity_model_input_v1,-0.68862216552199995,0.044435555076,-0.402342990831,0.91039332991099997,1.035696921627,0.49103116664500002,1.036518431967,-0.083129335880000002
366,1,0.27327203750795226,0.55375296218234638,true,flipguard_tabular_validation_v2,sha256:4baf786bbf5683b96a17d49c15441e198215b62e27d8f6c8b9afd64f3012bfa0,sha256:4732af06a200e574b79412c23f8a91a98989217b2dc0ffb6e5f48ddd4e9caa36,model_input,identity_model_input_v1,-1.40104855405,-1.016111775245,-0.402342990831,0.73511925797099997,3.3166798922540002,1.419656306776,1.347994327014,-0.083129335880000002
367,1,0.1376756627546904,0.5271116672207502,true,flipguard_tabular_validation_v2,sha256:4baf786bbf5683b96a17d49c15441e198215b62e27d8f6c8b9afd64f3012bfa0,sha256:4732af06a200e574b79412c23f8a91a98989217b2dc0ffb6e5f48ddd4e9caa36,model_input,identity_model_input_v1,0.49875514869100002,-0.485838110085,-0.402342990831,1.085667401851,0.75057405029900004,1.419656306776,-0.98807488584000003,-0.083129335880000002
369,0,-0.28979001059671711,0.44300871214455639,false,flipguard_tabular_validation_v2,sha256:4baf786bbf5683b96a17d49c15441e198215b62e27d8f6c8b9afd64f3012bfa0,sha256:4732af06a200e574b79412c23f8a91a98989217b2dc0ffb6e5f48ddd4e9caa36,model_input,identity_model_input_v1,0.023804223005999998,1.812014438944,3.3789290800109999,-0.66707331755199994,-0.67504030634300005,-1.0566774002379999,0.10209074682499999,-0.083129335880000002
370,0,-0.11892776311375096,0.47657795903468253,false,flipguard_tabular_validation_v2,sha256:4baf786bbf5683b96a17d49c15441e198215b62e27d8f6c8b9afd64f3012bfa0,sha256:4732af06a200e574b79412c23f8a91a98989217b2dc0ffb6e5f48ddd4e9caa36,model_input,identity_model_input_v1,0.73623061153400005,-1.016111775245,-0.402342990831,-1.7187177491929999,-0.67504030634300005,-1.0566774002379999,-1.143812833363,-0.083129335880000002
371,0,-0.079460385035496836,0.48434831098448627,false,flipguard_tabular_validation_v2,sha256:4baf786bbf5683b96a17d49c15441e198215b62e27d8f6c8b9afd64f3012bfa0,sha256:4732af06a200e574b79412c23f8a91a98989217b2dc0ffb6e5f48ddd4e9caa36,model_input,identity_model_input_v1,0.97370607437599999,0.397951331849,-0.402342990831,1.085667401851,-0.67504030634300005,-1.0566774002379999,-0.98807488584000003,-0.083129335880000002
372,0,-0.12978932049354214,0.47444024920617284,false,flipguard_tabular_validation_v2,sha256:4baf786bbf5683b96a17d49c15441e198215b62e27d8f6c8b9afd64f3012bfa0,sha256:4732af06a200e574b79412c23f8a91a98989217b2dc0ffb6e5f48ddd4e9caa36,model_input,identity_model_input_v1,0.97370607437599999,1.281740773783,0.22786902097600001,-0.141251101731,1.035696921627,-0.59236483017300001,-1.143812833363,-0.083129335880000002
373,0,-0.020370655314746269,0.49598701471531664,false,flipguard_tabular_validation_v2,sha256:4baf786bbf5683b96a17d49c15441e198215b62e27d8f6c8b9afd64f3012bfa0,sha256:4732af06a200e574b79412c23f8a91a98989217b2dc0ffb6e5f48ddd4e9caa36,model_input,identity_model_input_v1,0.023804223005999998,0.044435555076,-0.402342990831,1.085667401851,-0.67504030634300005,-1.0566774002379999,0.41356664187300002,-0.083129335880000002
374,0,-0.25560556589364497,0.44971250266503976,false,flipguard_tabular_validation_v2,sha256:4baf786bbf5683b96a17d49c15441e198215b62e27d8f6c8b9afd64f3012bfa0,sha256:4732af06a200e574b79412c23f8a91a98989217b2dc0ffb6e5f48ddd4e9caa36,model_input,identity_model_input_v1,0.73623061153400005,1.812014438944,0.54297502687900001,-1.1928955333719999,-0.67504030634300005,-1.0566774002379999,-1.143812833363,-0.083129335880000002
377,1,0.2375914163828875,0.54675186118864427,true,flipguard_tabular_validation_v2,sha256:4baf786bbf5683b96a17d49c15441e198215b62e27d8f6c8b9afd64f3012bfa0,sha256:4732af06a200e574b79412c23f8a91a98989217b2dc0ffb6e5f48ddd4e9caa36,model_input,identity_model_input_v1,-1.638524016893,-0.66259599847100004,-0.402342990831,0.38457111409,3.3166798922540002,1.2648854500869999,1.1922563794909999,-0.083129335880000002
378,1,0.14327306197731665,0.52821302924736768,true,flipguard_tabular_validation_v2,sha256:4baf786bbf5683b96a17d49c15441e198215b62e27d8f6c8b9afd64f3012bfa0,sha256:4732af06a200e574b79412c23f8a91a98989217b2dc0ffb6e5f48ddd4e9caa36,model_input,identity_model_input_v1,-2.5884258682639998,-0.66259599847100004,-0.402342990831,-1.7187177491929999,0.75057405029900004,1.419656306776,1.347994327014,-0.083129335880000002
379,1,-0.010557887645916218,0.49792010084126281,false,flipguard_tabular_validation_v2,sha256:4baf786bbf5683b96a17d49c15441e198215b62e27d8f6c8b9afd64f3012bfa0,sha256:4732af06a200e574b79412c23f8a91a98989217b2dc0ffb6e5f48ddd4e9caa36,model_input,identity_model_input_v1,0.26127968584799999,0.397951331849,-0.402342990831,0.55984518603,1.605942664284,-0.43759397348500001,-1.143812833363,-0.083129335880000002
381,1,-0.015161603698956645,0.49701317801235323,false,flipguard_tabular_validation_v2,sha256:4baf786bbf5683b96a17d49c15441e198215b62e27d8f6c8b9afd64f3012bfa0,sha256:4732af06a200e574b79412c23f8a91a98989217b2dc0ffb6e5f48ddd4e9caa36,model_input,identity_model_input_v1,-2.825901331107,1.635256550557,0.85808103278299996,-1.7187177491929999,-0.38991743501499998,1.419656306776,1.347994327014,-0.083129335880000002
384,1,0.0060490580912662857,0.50119166355861255,true,flipguard_tabular_validation_v2,sha256:4baf786bbf5683b96a17d49c15441e198215b62e27d8f6c8b9afd64f3012bfa0,sha256:4732af06a200e574b79412c23f8a91a98989217b2dc0ffb6e5f48ddd4e9caa36,model_input,identity_model_input_v1,0.49875514869100002,-1.016111775245,-0.402342990831,-1.7187177491929999,-0.67504030634300005,0.33626030995700001,1.1922563794909999,-0.083129335880000002
385,1,0.086846268241906277,0.5171060947701448,true,flipguard_tabular_validation_v2,sha256:4baf786bbf5683b96a17d49c15441e198215b62e27d8f6c8b9afd64f3012bfa0,sha256:4732af06a200e574b79412c23f8a91a98989217b2dc0ffb6e5f48ddd4e9caa36,model_input,identity_model_input_v1,-1.163573091208,0.57470922023600002,-0.087236984928,0.91039332991099997,0.75057405029900004,1.110114593399,-1.143812833363,-0.083129335880000002
387,0,-0.012019299459876849,0.49763220495180738,false,flipguard_tabular_validation_v2,sha256:4baf786bbf5683b96a17d49c15441e198215b62e27d8f6c8b9afd64f3012bfa0,sha256:4732af06a200e574b79412c23f8a91a98989217b2dc0ffb6e5f48ddd4e9caa36,model_input,identity_model_input_v1,0.26127968584799999,1.281740773783,-0.402342990831,-0.84234738949200005,-0.67504030634300005,1.110114593399,1.347994327014,-0.083129335880000002
388,1,0.11784682473150963,0.52320927790464788,true,flipguard_tabular_validation_v2,sha256:4baf786bbf5683b96a17d49c15441e198215b62e27d8f6c8b9afd64f3012bfa0,sha256:4732af06a200e574b79412c23f8a91a98989217b2dc0ffb6e5f48ddd4e9caa36,model_input,identity_model_input_v1,-0.45114670268000001,0.044435555076,-0.402342990831,1.085667401851,1.035696921627,1.110114593399,-1.143812833363,-0.083129335880000002
391,1,0.17813653812178393,0.53507028704927428,true,flipguard_tabular_validation_v2,sha256:4baf786bbf5683b96a17d49c15441e198215b62e27d8f6c8b9afd64f3012bfa0,sha256:4732af06a200e574b79412c23f8a91a98989217b2dc0ffb6e5f48ddd4e9caa36,model_input,identity_model_input_v1,0.73623061153400005,-1.016111775245,-0.402342990831,1.085667401851,2.1761884069409998,0.64580202333400005,1.347994327014,-0.083129335880000002
393,0,-0.023503913849208719,0.49536978090914729,false,flipguard_tabular_validation_v2,sha256:4baf786bbf5683b96a17d49c15441e198215b62e27d8f6c8b9afd64f3012bfa0,sha256:4732af06a200e574b79412c23f8a91a98989217b2dc0ffb6e5f48ddd4e9caa36,model_input,identity_model_input_v1,-0.21367123983700001,1.281740773783,-0.402342990831,-0.31652517367100003,0.46545117896999999,0.18148945326900001,0.88078048444299994,-0.083129335880000002
394,1,0.094867685803114249,0.51868551891289227,true,flipguard_tabular_validation_v2,sha256:4baf786bbf5683b96a17d49c15441e198215b62e27d8f6c8b9afd64f3012bfa0,sha256:4732af06a200e574b79412c23f8a91a98989217b2dc0ffb6e5f48ddd4e9caa36,model_input,identity_model_input_v1,0.49875514869100002,-0.13232233331099999,-0.402342990831,0.91039332991099997,-0.67504030634300005,1.419656306776,-0.67659899079300001,-0.083129335880000002
398,1,0.10329216511007781,0.52034414831812426,true,flipguard_tabular_validation_v2,sha256:4baf786bbf5683b96a17d49c15441e198215b62e27d8f6c8b9afd64f3012bfa0,sha256:4732af06a200e574b79412c23f8a91a98989217b2dc0ffb6e5f48ddd4e9caa36,model_input,identity_model_input_v1,-0.92609762836499998,0.57470922023600002,-0.087236984928,0.91039332991099997,-0.38991743501499998,1.419656306776,0.25782869434900002,-0.083129335880000002
399,0,-0.12028032294579938,0.47631173693272721,false,flipguard_tabular_validation_v2,sha256:4baf786bbf5683b96a17d49c15441e198215b62e27d8f6c8b9afd64f3012bfa0,sha256:4732af06a200e574b79412c23f8a91a98989217b2dc0ffb6e5f48ddd4e9caa36,model_input,identity_model_input_v1,0.73623061153400005,-0.83935388685800005,-0.402342990831,-1.543443677253,-0.67504030634300005,-1.0566774002379999,-1.143812833363,-0.083129335880000002
400,0,-0.20368781341748465,0.45990730374773525,false,flipguard_tabular_validation_v2,sha256:4baf786bbf5683b96a17d49c15441e198215b62e27d8f6c8b9afd64f3012bfa0,sha256:4732af06a200e574b79412c23f8a91a98989217b2dc0ffb6e5f48ddd4e9caa36,model_input,identity_model_input_v1,-2.5884258682639998,1.281740773783,4.0091410918179999,0.55984518603,-0.38991743501499998,-1.0566774002379999,-1.143812833363,-0.083129335880000002
403,0,-0.22449990088271449,0.4558187788906588,false,flipguard_tabular_validation_v2,sha256:4baf786bbf5683b96a17d49c15441e198215b62e27d8f6c8b9afd64f3012bfa0,sha256:4732af06a200e574b79412c23f8a91a98989217b2dc0ffb6e5f48ddd4e9caa36,model_input,identity_model_input_v1,0.023804223005999998,1.812014438944,1.803399050493,0.034022970210000003,-0.67504030634300005,-1.0566774002379999,-0.52086104326899996,-0.083129335880000002
406,1,0.015438797411567659,0.50304142837033006,true,flipguard_tabular_validation_v2,sha256:4baf786bbf5683b96a17d49c15441e198215b62e27d8f6c8b9afd64f3012bfa0,sha256:4732af06a200e574b79412c23f8a91a98989217b2dc0ffb6e5f48ddd4e9caa36,model_input,identity_model_input_v1,-1.40104855405,0.75146710862300004,-0.402342990831,-1.0176214614320001,-0.67504030634300005,1.2648854500869999,-0.52086104326899996,-0.083129335880000002
409,0,-0.04837040557841997,0.49047148278925534,false,flipguard_tabular_validation_v2,sha256:4baf786bbf5683b96a17d49c15441e198215b62e27d8f6c8b9afd64f3012bfa0,sha256:4732af06a200e574b79412c23f8a91a98989217b2dc0ffb6e5f48ddd4e9caa36,model_input,identity_model_input_v1,0.023804223005999998,-1.016111775245,-0.402342990831,-0.49179924561100002,-0.104794563686,-1.0566774002379999,-1.143812833363,-0.083129335880000002
410,1,0.045516436169500227,0.50896636073142032,true,flipguard_tabular_validation_v2,sha256:4baf786bbf5683b96a17d49c15441e198215b62e27d8f6c8b9afd64f3012bfa0,sha256:4732af06a200e574b79412c23f8a91a98989217b2dc0ffb6e5f48ddd4e9caa36,model_input,identity_model_input_v1,0.73623061153400005,0.397951331849,-0.402342990831,1.085667401851,-0.67504030634300005,0.33626030995700001,1.347994327014,-0.083129335880000002
413,0,-0.079668202255660139,0.48430738677910823,false,flipguard_tabular_validation_v2,sha256:4baf786bbf5683b96a17d49c15441e198215b62e27d8f6c8b9afd64f3012bfa0,sha256:4732af06a200e574b79412c23f8a91a98989217b2dc0ffb6e5f48ddd4e9caa36,model_input,identity_model_input_v1,0.97370607437599999,-1.016111775245,-0.402342990831,-1.543443677253,-0.67504030634300005,-1.0566774002379999,1.036518431967,-0.083129335880000002
417,1,0.097589579455028275,0.5192214294869727,true,flipguard_tabular_validation_v2,sha256:4baf786bbf5683b96a17d49c15441e198215b62e27d8f6c8b9afd64f3012bfa0,sha256:4732af06a200e574b79412c23f8a91a98989217b2dc0ffb6e5f48ddd4e9caa36,model_input,identity_model_input_v1,0.26127968584799999,0.22119344346299999,-0.402342990831,1.085667401851,-0.67504030634300005,1.2648854500869999,0.25782869434900002,-0.083129335880000002
418,0,-0.14318199820298572,0.47180488789905062,false,flipguard_tabular_validation_v2,sha256:4baf786bbf5683b96a17d49c15441e198215b62e27d8f6c8b9afd64f3012bfa0,sha256:4732af06a200e574b79412c23f8a91a98989217b2dc0ffb6e5f48ddd4e9caa36,model_input,identity_model_input_v1,-2.5884258682639998,1.812014438944,1.803399050493,1.085667401851,-0.67504030634300005,-1.0566774002379999,-1.143812833363,-0.083129335880000002
419,1,0.031696134857881253,0.50624401119355344,true,flipguard_tabular_validation_v2,sha256:4baf786bbf5683b96a17d49c15441e198215b62e27d8f6c8b9afd64f3012bfa0,sha256:4732af06a200e574b79412c23f8a91a98989217b2dc0ffb6e5f48ddd4e9caa36,model_input,identity_model_input_v1,0.26127968584799999,-0.485838110085,0.54297502687900001,-0.31652517367100003,-0.67504030634300005,1.419656306776,-1.143812833363,-0.083129335880000002
420,0,-0.11892776311375096,0.47657795903468253,false,flipguard_tabular_validation_v2,sha256:4baf786bbf5683b96a17d49c15441e198215b62e27d8f6c8b9afd64f3012bfa0,sha256:4732af06a200e574b79412c23f8a91a98989217b2dc0ffb6e5f48ddd4e9caa36,model_input,identity_model_input_v1,0.73623061153400005,-1.016111775245,-0.402342990831,-1.7187177491929999,-0.67504030634300005,-1.0566774002379999,-1.143812833363,-0.083129335880000002
423,0,0.046256278456314408,0.50911209096814947,true,flipguard_tabular_validation_v2,sha256:4baf786bbf5683b96a17d49c15441e198215b62e27d8f6c8b9afd64f3012bfa0,sha256:4732af06a200e574b79412c23f8a91a98989217b2dc0ffb6e5f48ddd4e9caa36,model_input,identity_model_input_v1,0.49875514869100002,-0.66259599847100004,-0.402342990831,-1.7187177491929999,-0.67504030634300005,1.2648854500869999,1.347994327014,-0.083129335880000002
426,1,0.099183779150444157,0.5195353016418548,true,flipguard_tabular_validation_v2,sha256:4baf786bbf5683b96a17d49c15441e198215b62e27d8f6c8b9afd64f3012bfa0,sha256:4732af06a200e574b79412c23f8a91a98989217b2dc0ffb6e5f48ddd4e9caa36,model_input,identity_model_input_v1,-0.21367123983700001,-1.016111775245,-0.402342990831,-0.31652517367100003,-0.38991743501499998,1.2648854500869999,-0.67659899079300001,-0.083129335880000002
430,1,0.059742752709297131,0.5117684693492357,true,flipguard_tabular_validation_v2,sha256:4baf786bbf5683b96a17d49c15441e198215b62e27d8f6c8b9afd64f3012bfa0,sha256:4732af06a200e574b79412c23f8a91a98989217b2dc0ffb6e5f48ddd4e9caa36,model_input,identity_model_input_v1,0.73623061153400005,-1.016111775245,-0.402342990831,0.55984518603,-0.67504030634300005,-0.128052260108,1.1922563794909999,-0.083129335880000002
432,0,-0.081321402664539771,0.4839818348443003,false,flipguard_tabular_validation_v2,sha256:4baf786bbf5683b96a17d49c15441e198215b62e27d8f6c8b9afd64f3012bfa0,sha256:4732af06a200e574b79412c23f8a91a98989217b2dc0ffb6e5f48ddd4e9caa36,model_input,identity_model_input_v1,-1.163573091208,1.812014438944,1.48829304459,-0.31652517367100003,-0.104794563686,0.800572880022,-0.20938514822199999,-0.083129335880000002
433,1,0.59296695080533257,0.61598051733347325,true,flipguard_tabular_validation_v2,sha256:4baf786bbf5683b96a17d49c15441e198215b62e27d8f6c8b9afd64f3012bfa0,sha256:4732af06a200e574b79412c23f8a91a98989217b2dc0ffb6e5f48ddd4e9caa36,model_input,identity_model_input_v1,0.97370607437599999,-0.83935388685800005,-0.402342990831,0.91039332991099997,0.46545117896999999,1.419656306776,-0.36512309574500001,9.1368920054329994
434,0,-0.17273637775685219,0.4659915499147006,false,flipguard_tabular_validation_v2,sha256:4baf786bbf5683b96a17d49c15441e198215b62e27d8f6c8b9afd64f3012bfa0,sha256:4732af06a200e574b79412c23f8a91a98989217b2dc0ffb6e5f48ddd4e9caa36,model_input,identity_model_input_v1,0.26127968584799999,1.45849866217,-0.402342990831,-1.7187177491929999,-0.67504030634300005,-0.74713568686200005,0.56930458939600004,-0.083129335880000002
435,0,-0.16467806610469576,0.4675762845066479,false,flipguard_tabular_validation_v2,sha256:4baf786bbf5683b96a17d49c15441e198215b62e27d8f6c8b9afd64f3012bfa0,sha256:4732af06a200e574b79412c23f8a91a98989217b2dc0ffb6e5f48ddd4e9caa36,model_input,identity_model_input_v1,0.023804223005999998,1.635256550557,0.85808103278299996,0.91039332991099997,-0.67504030634300005,-1.0566774002379999,-1.143812833363,-0.083129335880000002
436,0,-0.15995644196213787,0.46850495155607214,false,flipguard_tabular_validation_v2,sha256:4baf786bbf5683b96a17d49c15441e198215b62e27d8f6c8b9afd64f3012bfa0,sha256:4732af06a200e574b79412c23f8a91a98989217b2dc0ffb6e5f48ddd4e9caa36,model_input,identity_model_input_v1,-0.92609762836499998,1.812014438944,0.85808103278299996,0.73511925797099997,-0.67504030634300005,-1.0566774002379999,-1.143812833363,-0.083129335880000002
437,0,-0.041748224601369739,0.49177589080783363,false,flipguard_tabular_validation_v2,sha256:4baf786bbf5683b96a17d49c15441e198215b62e27d8f6c8b9afd64f3012bfa0,sha256:4732af06a200e574b79412c23f8a91a98989217b2dc0ffb6e5f48ddd4e9caa36,model_input,identity_model_input_v1,0.023804223005999998,-0.66259599847100004,-0.402342990831,0.38457111409,-0.67504030634300005,-1.0566774002379999,-1.143812833363,-0.083129335880000002
438,1,-0.099642935185340051,0.48037429907352253,false,flipguard_tabular_validation_v2,sha256:4baf786bbf5683b96a17d49c15441e198215b62e27d8f6c8b9afd64f3012bfa0,sha256:4732af06a200e574b79412c23f8a91a98989217b2dc0ffb6e5f48ddd4e9caa36,model_input,identity_model_input_v1,0.023804223005999998,1.812014438944,0.54297502687900001,0.73511925797099997,-0.67504030634300005,-0.59236483017300001,1.347994327014,-0.083129335880000002
442,1,0.043038175988192914,0.50847820179387293,true,flipguard_tabular_validation_v2,sha256:4baf786bbf5683b96a17d49c15441e198215b62e27d8f6c8b9afd64f3012bfa0,sha256:4732af06a200e574b79412c23f8a91a98989217b2dc0ffb6e5f48ddd4e9caa36,model_input,identity_model_input_v1,-0.92609762836499998,-0.30908022169799998,-0.402342990831,-0.66707331755199994,-0.38991743501499998,0.95534373671100004,-1.143812833363,-0.083129335880000002
446,0,-0.063000537879760718,0.4875898942513055,false,flipguard_tabular_validation_v2,sha256:4baf786bbf5683b96a17d49c15441e198215b62e27d8f6c8b9afd64f3012bfa0,sha256:4732af06a200e574b79412c23f8a91a98989217b2dc0ffb6e5f48ddd4e9caa36,model_input,identity_model_input_v1,-0.92609762836499998,1.281740773783,4.639353103625,0.55984518603,0.75057405029900004,1.2648854500869999,1.1922563794909999,-0.083129335880000002
449,1,0.026854926578910178,0.5052903430663408,true,flipguard_tabular_validation_v2,sha256:4baf786bbf5683b96a17d49c15441e198215b62e27d8f6c8b9afd64f3012bfa0,sha256:4732af06a200e574b79412c23f8a91a98989217b2dc0ffb6e5f48ddd4e9caa36,model_input,identity_model_input_v1,-0.21367123983700001,-1.016111775245,-0.402342990831,-0.66707331755199994,-0.67504030634300005,-0.28282311679599997,1.347994327014,-0.083129335880000002
451,1,0.081861652628573187,0.51612455123997847,true,flipguard_tabular_validation_v2,sha256:4baf786bbf5683b96a17d49c15441e198215b62e27d8f6c8b9afd64f3012bfa0,sha256:4732af06a200e574b79412c23f8a91a98989217b2dc0ffb6e5f48ddd4e9caa36,model_input,identity_model_input_v1,0.97370607437599999,-0.30908022169799998,-0.402342990831,0.034022970210000003,-0.67504030634300005,1.419656306776,0.56930458939600004,-0.083129335880000002
452,0,-0.07504439441360379,0.48521794479891711,false,flipguard_tabular_validation_v2,sha256:4baf786bbf5683b96a17d49c15441e198215b62e27d8f6c8b9afd64f3012bfa0,sha256:4732af06a200e574b79412c23f8a91a98989217b2dc0ffb6e5f48ddd4e9caa36,model_input,identity_model_input_v1,0.49875514869100002,-0.13232233331099999,-0.402342990831,0.38457111409,-0.67504030634300005,-1.0566774002379999,-1.143812833363,-0.083129335880000002
455,1,0.1103029715617859,0.52172431728492474,true,flipguard_tabular_validation_v2,sha256:4baf786bbf5683b96a17d49c15441e198215b62e27d8f6c8b9afd64f3012bfa0,sha256:4732af06a200e574b79412c23f8a91a98989217b2dc0ffb6e5f48ddd4e9caa36,model_input,identity_model_input_v1,0.023804223005999998,-0.83935388685800005,-0.402342990831,0.034022970210000003,-0.38991743501499998,1.2648854500869999,-0.053647200697999997,-0.083129335880000002
457,0,0.04228772479467497,0.50833037930017333,true,flipguard_tabular_validation_v2,sha256:4baf786bbf5683b96a17d49c15441e198215b62e27d8f6c8b9afd64f3012bfa0,sha256:4732af06a200e574b79412c23f8a91a98989217b2dc0ffb6e5f48ddd4e9caa36,model_input,identity_model_input_v1,0.97370607437599999,-0.66259599847100004,-0.402342990831,-0.141251101731,-0.67504030634300005,0.33626030995700001,1.347994327014,-0.083129335880000002
459,0,-0.19934254900284454,0.46076120330620463,false,flipguard_tabular_validation_v2,sha256:4baf786bbf5683b96a17d49c15441e198215b62e27d8f6c8b9afd64f3012bfa0,sha256:4732af06a200e574b79412c23f8a91a98989217b2dc0ffb6e5f48ddd4e9caa36,model_input,identity_model_input_v1,0.73623061153400005,1.812014438944,2.4336110622999998,0.73511925797099997,1.605942664284,-1.0566774002379999,-0.98807488584000003,-0.083129335880000002
462,1,0.13742583564951494,0.5270625080024175,true,flipguard_tabular_validation_v2,sha256:4baf786bbf5683b96a17d49c15441e198215b62e27d8f6c8b9afd64f3012bfa0,sha256:4732af06a200e574b79412c23f8a91a98989217b2dc0ffb6e5f48ddd4e9caa36,model_input,identity_model_input_v1,0.97370607437599999,-0.66259599847100004,-0.402342990831,1.085667401851,1.3208197929550001,1.2648854500869999,-0.98807488584000003,-0.083129335880000002
463,0,-0.093414979970426845,0.48160050963623746,false,flipguard_tabular_validation_v2,sha256:4baf786bbf5683b96a17d49c15441e198215b62e27d8f6c8b9afd64f3012bfa0,sha256:4732af06a200e574b79412c23f8a91a98989217b2dc0ffb6e5f48ddd4e9caa36,model_input,identity_model_input_v1,-0.21367123983700001,-0.13232233331099999,-0.402342990831,-0.49179924561100002,-0.67504030634300005,-1.0566774002379999,-1.143812833363,-0.083129335880000002
464,0,-0.16089087179430367,0.46832115745897851,false,flipguard_tabular_validation_v2,sha256:4baf786bbf5683b96a17d49c15441e198215b62e27d8f6c8b9afd64f3012bfa0,sha256:4732af06a200e574b79412c23f8a91a98989217b2dc0ffb6e5f48ddd4e9caa36,model_input,identity_model_input_v1,0.023804223005999998,1.104982885396,1.48829304459,0.91039332991099997,-0.67504030634300005,-1.0566774002379999,-1.143812833363,-0.083129335880000002
465,1,0.10533726894051386,0.5207467667171215,true,flipguard_tabular_validation_v2,sha256:4baf786bbf5683b96a17d49c15441e198215b62e27d8f6c8b9afd64f3012bfa0,sha256:4732af06a200e574b79412c23f8a91a98989217b2dc0ffb6e5f48ddd4e9caa36,model_input,identity_model_input_v1,-0.92609762836499998,0.57470922023600002,-0.402342990831,0.91039332991099997,-0.38991743501499998,0.95534373671100004,1.347994327014,-0.083129335880000002
468,0,-0.17511499867851288,0.46552382505012524,false,flipguard_tabular_validation_v2,sha256:4baf786bbf5683b96a17d49c15441e198215b62e27d8f6c8b9afd64f3012bfa0,sha256:4732af06a200e574b79412c23f8a91a98989217b2dc0ffb6e5f48ddd4e9caa36,model_input,identity_model_input_v1,-0.92609762836499998,1.635256550557,1.1731870386859999,0.38457111409,-0.67504030634300005,-1.0566774002379999,-1.143812833363,-0.083129335880000002
469,0,-0.044606419379372507,0.49121289040165972,false,flipguard_tabular_validation_v2,sha256:4baf786bbf5683b96a17d49c15441e198215b62e27d8f6c8b9afd64f3012bfa0,sha256:4732af06a200e574b79412c23f8a91a98989217b2dc0ffb6e5f48ddd4e9caa36,model_input,identity_model_input_v1,0.49875514869100002,-1.016111775245,-0.402342990831,-1.7187177491929999,-0.67504030634300005,-0.59236483017300001,1.347994327014,-0.083129335880000002
471,0,-0.028979497760145773,0.49429113629048888,false,flipguard_tabular_validation_v2,sha256:4baf786bbf5683b96a17d49c15441e198215b62e27d8f6c8b9afd64f3012bfa0,sha256:4732af06a200e574b79412c23f8a91a98989217b2dc0ffb6e5f48ddd4e9caa36,model_input,identity_model_input_v1,0.49875514869100002,-1.016111775245,-0.402342990831,0.55984518603,-0.67504030634300005,-1.0566774002379999,-1.143812833363,-0.083129335880000002
472,0,-0.099759474396538303,0.48035135475017698,false,flipguard_tabular_validation_v2,sha256:4baf786bbf5683b96a17d49c15441e198215b62e27d8f6c8b9afd64f3012bfa0,sha256:4732af06a200e574b79412c23f8a91a98989217b2dc0ffb6e5f48ddd4e9caa36,model_input,identity_model_input_v1,0.97370607437599999,-0.66259599847100004,-0.402342990831,-1.3681696053129999,-0.67504030634300005,-0.59236483017300001,-1.143812833363,-0.083129335880000002
474,0,-0.11897493210674476,0.47656867475203135,false,flipguard_tabular_validation_v2,sha256:4baf786bbf5683b96a17d49c15441e198215b62e27d8f6c8b9afd64f3012bfa0,sha256:4732af06a200e574b79412c23f8a91a98989217b2dc0ffb6e5f48ddd4e9caa36,model_input,identity_model_input_v1,0.97370607437599999,1.281740773783,-0.402342990831,1.085667401851,-0.67504030634300005,-1.0566774002379999,-0.98807488584000003,-0.083129335880000002
475,1,0.1896121695273818,0.5373263290623479,true,flipguard_tabular_validation_v2,sha256:4baf786bbf5683b96a17d49c15441e198215b62e27d8f6c8b9afd64f3012bfa0,sha256:4732af06a200e574b79412c23f8a91a98989217b2dc0ffb6e5f48ddd4e9caa36,model_input,identity_model_input_v1,-0.92609762836499998,-0.66259599847100004,-0.402342990831,0.91039332991099997,0.180328307642,1.419656306776,0.88078048444299994,-0.083129335880000002
479,1,0.09003103214560064,0.51773319431531861,true,flipguard_tabular_validation_v2,sha256:4baf786bbf5683b96a17d49c15441e198215b62e27d8f6c8b9afd64f3012bfa0,sha256:4732af06a200e574b79412c23f8a91a98989217b2dc0ffb6e5f48ddd4e9caa36,model_input,identity_model_input_v1,-1.40104855405,-0.30908022169799998,-0.402342990831,-0.31652517367100003,-0.67504030634300005,0.95534373671100004,0.56930458939600004,-0.083129335880000002
480,1,0.12790339119592636,0.5251885984373289,true,flipguard_tabular_validation_v2,sha256:4baf786bbf5683b96a17d49c15441e198215b62e27d8f6c8b9afd64f3012bfa0,sha256:4732af06a200e574b79412c23f8a91a98989217b2dc0ffb6e5f48ddd4e9caa36,model_input,identity_model_input_v1,-0.21367123983700001,0.75146710862300004,-0.402342990831,1.085667401851,2.1761884069409998,1.419656306776,-0.67659899079300001,-0.083129335880000002
482,0,-0.10469645193533315,0.47937938942531672,false,flipguard_tabular_validation_v2,sha256:4baf786bbf5683b96a17d49c15441e198215b62e27d8f6c8b9afd64f3012bfa0,sha256:4732af06a200e574b79412c23f8a91a98989217b2dc0ffb6e5f48ddd4e9caa36,model_input,identity_model_input_v1,-0.21367123983700001,0.57470922023600002,1.1731870386859999,0.38457111409,-0.67504030634300005,-0.59236483017300001,-0.52086104326899996,-0.083129335880000002
483,1,0.041130189865143663,0.50810236908489537,true,flipguard_tabular_validation_v2,sha256:4baf786bbf5683b96a17d49c15441e198215b62e27d8f6c8b9afd64f3012bfa0,sha256:4732af06a200e574b79412c23f8a91a98989217b2dc0ffb6e5f48ddd4e9caa36,model_input,identity_model_input_v1,0.26127968584799999,-1.016111775245,-0.402342990831,0.20929704215,-0.67504030634300005,-0.43759397348500001,1.347994327014,-0.083129335880000002
484,0,-0.069074382429994932,0.48639366495149072,false,flipguard_tabular_validation_v2,sha256:4baf786bbf5683b96a17d49c15441e198215b62e27d8f6c8b9afd64f3012bfa0,sha256:4732af06a200e574b79412c23f8a91a98989217b2dc0ffb6e5f48ddd4e9caa36,model_input,identity_model_input_v1,0.97370607437599999,0.22119344346299999,-0.402342990831,1.085667401851,-0.38991743501499998,-1.0566774002379999,-1.143812833363,-0.083129335880000002
487,1,0.18407687734152939,0.53623819557411867,true,flipguard_tabular_validation_v2,sha256:4baf786bbf5683b96a17d49c15441e198215b62e27d8f6c8b9afd64f3012bfa0,sha256:4732af06a200e574b79412c23f8a91a98989217b2dc0ffb6e5f48ddd4e9caa36,model_input,identity_model_input_v1,0.26127968584799999,-1.016111775245,-0.402342990831,1.085667401851,0.75057405029900004,1.2648854500869999,0.56930458939600004,-0.083129335880000002
488,1,0.22589301896914193,0.54445481757184477,true,flipguard_tabular_validation_v2,sha256:4baf786bbf5683b96a17d49c15441e198215b62e27d8f6c8b9afd64f3012bfa0,sha256:4732af06a200e574b79412c23f8a91a98989217b2dc0ffb6e5f48ddd4e9caa36,model_input,identity_model_input_v1,-1.163573091208,-1.016111775245,-0.402342990831,0.91039332991099997,0.75057405029900004,1.419656306776,1.1922563794909999,-0.083129335880000002
489,1,0.24133435936505696,0.54748664534833669,true,flipguard_tabular_validation_v2,sha256:4baf786bbf5683b96a17d49c15441e198215b62e27d8f6c8b9afd64f3012bfa0,sha256:4732af06a200e574b79412c23f8a91a98989217b2dc0ffb6e5f48ddd4e9caa36,model_input,identity_model_input_v1,0.97370607437599999,-1.016111775245,-0.402342990831,0.034022970210000003,-0.67504030634300005,0.800572880022,1.347994327014,2.9902111112240002
491,0,0.012665638816495312,0.50249512271964325,true,flipguard_tabular_validation_v2,sha256:4baf786bbf5683b96a17d49c15441e198215b62e27d8f6c8b9afd64f3012bfa0,sha256:4732af06a200e574b79412c23f8a91a98989217b2dc0ffb6e5f48ddd4e9caa36,model_input,identity_model_input_v1,0.73623061153400005,-1.016111775245,-0.402342990831,1.085667401851,-0.67504030634300005,-1.0566774002379999,0.41356664187300002,-0.083129335880000002
492,1,0.040228651383448194,0.50792478390728979,true,flipguard_tabular_validation_v2,sha256:4baf786bbf5683b96a17d49c15441e198215b62e27d8f6c8b9afd64f3012bfa0,sha256:4732af06a200e574b79412c23f8a91a98989217b2dc0ffb6e5f48ddd4e9caa36,model_input,identity_model_input_v1,0.97370607437599999,-0.13232233331099999,-0.402342990831,0.034022970210000003,-0.67504030634300005,0.64580202333400005,1.1922563794909999,-0.083129335880000002
493,0,-0.053236223005402608,0.48951306757408314,false,flipguard_tabular_validation_v2,sha256:4baf786bbf5683b96a17d49c15441e198215b62e27d8f6c8b9afd64f3012bfa0,sha256:4732af06a200e574b79412c23f8a91a98989217b2dc0ffb6e5f48ddd4e9caa36,model_input,identity_model_input_v1,-0.45114670268000001,-0.83935388685800005,-0.402342990831,-0.66707331755199994,-0.104794563686,-1.0566774002379999,-1.143812833363,-0.083129335880000002
494,1,0.13873216596089016,0.52731955619657578,true,flipguard_tabular_validation_v2,sha256:4baf786bbf5683b96a17d49c15441e198215b62e27d8f6c8b9afd64f3012bfa0,sha256:4732af06a200e574b79412c23f8a91a98989217b2dc0ffb6e5f48ddd4e9caa36,model_input,identity_model_input_v1,0.97370607437599999,-0.83935388685800005,-0.402342990831,1.085667401851,0.46545117896999999,1.419656306776,-0.98807488584000003,-0.083129335880000002
498,1,0.21400479194832489,0.54211974000433627,true,flipguard_tabular_validation_v2,sha256:4baf786bbf5683b96a17d49c15441e198215b62e27d8f6c8b9afd64f3012bfa0,sha256:4732af06a200e574b79412c23f8a91a98989217b2dc0ffb6e5f48ddd4e9caa36,model_input,identity_model_input_v1,0.26127968584799999,-1.016111775245,-0.402342990831,1.085667401851,1.3208197929550001,1.419656306776,1.1922563794909999,-0.083129335880000002
499,0,0.52606954106951831,0.60305334237202979,true,flipguard_tabular_validation_v2,sha256:4baf786bbf5683b96a17d49c15441e198215b62e27d8f6c8b9afd64f3012bfa0,sha256:4732af06a200e574b79412c23f8a91a98989217b2dc0ffb6e5f48ddd4e9caa36,model_input,identity_model_input_v1,0.97370607437599999,-0.66259599847100004,-0.402342990831,0.034022970210000003,-0.67504030634300005,-1.0566774002379999,-1.143812833363,12.210232452536999
500,1,0.024992398713410198,0.50492344010353418,true,flipguard_tabular_validation_v2,sha256:4baf786bbf5683b96a17d49c15441e198215b62e27d8f6c8b9afd64f3012bfa0,sha256:4732af06a200e574b79412c23f8a91a98989217b2dc0ffb6e5f48ddd4e9caa36,model_input,identity_model_input_v1,0.73623061153400005,-1.016111775245,-0.402342990831,0.034022970210000003,-0.67504030634300005,-0.43759397348500001,1.347994327014,-0.083129335880000002
501,1,0.18587049618884005,0.53659080205154297,true,flipguard_tabular_validation_v2,sha256:4baf786bbf5683b96a17d49c15441e198215b62e27d8f6c8b9afd64f3012bfa0,sha256:4732af06a200e574b79412c23f8a91a98989217b2dc0ffb6e5f48ddd4e9caa36,model_input,identity_model_input_v1,0.73623061153400005,-0.485838110085,-0.402342990831,1.085667401851,1.605942664284,1.419656306776,1.1922563794909999,-0.083129335880000002
503,1,0.10397424075756988,0.52047842931575683,true,flipguard_tabular_validation_v2,sha256:4baf786bbf5683b96a17d49c15441e198215b62e27d8f6c8b9afd64f3012bfa0,sha256:4732af06a200e574b79412c23f8a91a98989217b2dc0ffb6e5f48ddd4e9caa36,model_input,identity_model_input_v1,-0.68862216552199995,0.92822499701000005,-0.402342990831,1.085667401851,0.46545117896999999,1.419656306776,-0.36512309574500001,-0.083129335880000002
507,0,-0.17113894038399891,0.46630567838104486,false,flipguard_tabular_validation_v2,sha256:4baf786bbf5683b96a17d49c15441e198215b62e27d8f6c8b9afd64f3012bfa0,sha256:4732af06a200e574b79412c23f8a91a98989217b2dc0ffb6e5f48ddd4e9caa36,model_input,identity_model_input_v1,0.97370607437599999,0.044435555076,-0.402342990831,-1.7187177491929999,-0.67504030634300005,-1.0566774002379999,-1.143812833363,-0.083129335880000002
509,1,-0.034460606887676645,0.49321142413561808,false,flipguard_tabular_validation_v2,sha256:4baf786bbf5683b96a17d49c15441e198215b62e27d8f6c8b9afd64f3012bfa0,sha256:4732af06a200e574b79412c23f8a91a98989217b2dc0ffb6e5f48ddd4e9caa36,model_input,identity_model_input_v1,0.73623061153400005,-0.83935388685800005,-0.402342990831,-1.3681696053129999,-0.67504030634300005,-0.28282311679599997,0.88078048444299994,-0.083129335880000002
512,1,0.17625444616480762,0.53470022407297146,true,flipguard_tabular_validation_v2,sha256:4baf786bbf5683b96a17d49c15441e198215b62e27d8f6c8b9afd64f3012bfa0,sha256:4732af06a200e574b79412c23f8a91a98989217b2dc0ffb6e5f48ddd4e9caa36,model_input,identity_model_input_v1,-0.21367123983700001,-1.016111775245,-0.402342990831,0.73511925797099997,0.46545117896999999,1.419656306776,0.10209074682499999,-0.083129335880000002
520,1,0.13699623698659485,0.52697797412187197,true,flipguard_tabular_validation_v2,sha256:4baf786bbf5683b96a17d49c15441e198215b62e27d8f6c8b9afd64f3012bfa0,sha256:4732af06a200e574b79412c23f8a91a98989217b2dc0ffb6e5f48ddd4e9caa36,model_input,identity_model_input_v1,0.26127968584799999,0.397951331849,-0.402342990831,1.085667401851,1.8910655356120001,1.419656306776,-0.20938514822199999,-0.083129335880000002
521,0,-0.11155500201933416,0.47802921759532579,false,flipguard_tabular_validation_v2,sha256:4baf786bbf5683b96a17d49c15441e198215b62e27d8f6c8b9afd64f3012bfa0,sha256:4732af06a200e574b79412c23f8a91a98989217b2dc0ffb6e5f48ddd4e9caa36,model_input,identity_model_input_v1,-2.825901331107,0.92822499701000005,-0.087236984928,-1.543443677253,0.75057405029900004,-1.0566774002379999,-1.143812833363,-0.083129335880000002
522,0,-0.082054424400363077,0.48383748825943973,false,flipguard_tabular_validation_v2,sha256:4baf786bbf5683b96a17d49c15441e198215b62e27d8f6c8b9afd64f3012bfa0,sha256:4732af06a200e574b79412c23f8a91a98989217b2dc0ffb6e5f48ddd4e9caa36,model_input,identity_model_input_v1,0.49875514869100002,1.812014438944,-0.402342990831,1.085667401851,0.180328307642,-0.43759397348500001,-0.98807488584000003,-0.083129335880000002
524,1,0.20097904090896501,0.53956039881522544,true,flipguard_tabular_validation_v2,sha256:4baf786bbf5683b96a17d49c15441e198215b62e27d8f6c8b9afd64f3012bfa0,sha256:4732af06a200e574b79412c23f8a91a98989217b2dc0ffb6e5f48ddd4e9caa36,model_input,identity_model_input_v1,0.49875514869100002,-1.016111775245,-0.402342990831,1.085667401851,1.605942664284,1.419656306776,0.41356664187300002,-0.083129335880000002
527,1,0.057611753471966107,0.5113487505540355,true,flipguard_tabular_validation_v2,sha256:4baf786bbf5683b96a17d49c15441e198215b62e27d8f6c8b9afd64f3012bfa0,sha256:4732af06a200e574b79412c23f8a91a98989217b2dc0ffb6e5f48ddd4e9caa36,model_input,identity_model_input_v1,0.73623061153400005,-0.83935388685800005,-0.402342990831,-0.84234738949200005,1.3208197929550001,0.95534373671100004,-1.143812833363,-0.083129335880000002
529,0,-0.15314276516919328,0.46984524171097991,false,flipguard_tabular_validation_v2,sha256:4baf786bbf5683b96a17d49c15441e198215b62e27d8f6c8b9afd64f3012bfa0,sha256:4732af06a200e574b79412c23f8a91a98989217b2dc0ffb6e5f48ddd4e9caa36,model_input,identity_model_input_v1,-2.5884258682639998,1.812014438944,2.1185050563969998,1.085667401851,-0.67504030634300005,-1.0566774002379999,-1.143812833363,-0.083129335880000002
530,1,0.11627610027561501,0.52290010348163429,true,flipguard_tabular_validation_v2,sha256:4baf786bbf5683b96a17d49c15441e198215b62e27d8f6c8b9afd64f3012bfa0,sha256:4732af06a200e574b79412c23f8a91a98989217b2dc0ffb6e5f48ddd4e9caa36,model_input,identity_model_input_v1,0.73623061153400005,-0.83935388685800005,-0.402342990831,0.38457111409,0.75057405029900004,1.2648854500869999,-0.83233693831599997,-0.083129335880000002
538,1,0.098241533824449417,0.51934978949046384,true,flipguard_tabular_validation_v2,sha256:4baf786bbf5683b96a17d49c15441e198215b62e27d8f6c8b9afd64f3012bfa0,sha256:4732af06a200e574b79412c23f8a91a98989217b2dc0ffb6e5f48ddd4e9caa36,model_input,identity_model_input_v1,0.26127968584799999,0.22119344346299999,-0.402342990831,1.085667401851,1.035696921627,1.110114593399,-0.98807488584000003,-0.083129335880000002
