{
  "dataset_id": "iris_binary",
  "dataset_name": "Iris binary classification",
  "model_id": "mlp_square_linear_score",
  "model_type": "mlp_square_linear_score",
  "task": "binary classification",
  "label_mapping": {
    "0": "negative",
    "1": "positive"
  },
  "random_state": 42,
  "test_size": 0.3,
  "train_samples": 70,
  "test_samples": 30,
  "selected_feature_indices": [
    0,
    1,
    2,
    3
  ],
  "selected_feature_names": [
    "sepal length (cm)",
    "sepal width (cm)",
    "petal length (cm)",
    "petal width (cm)"
  ],
  "input_dim": 4,
  "standardization": {
    "mean": [
      5.468571428571429,
      3.078571428571429,
      2.8614285714285725,
      0.7742857142857144
    ],
    "std": [
      0.6343822320388011,
      0.5002550369969464,
      1.4176734317831003,
      0.5548965706162119
    ]
  },
  "raw_model": {
    "hidden_weights": [
      [
        0.15498595132213241,
        -0.5934971650446058,
        0.507944163211914,
        0.7112355788643657
      ],
      [
        -0.4127038441138518,
        0.20568245959912113,
        -0.6061952281005849,
        -0.6208344441723149
      ],
      [
        0.1677850669968104,
        -0.6267552604358646,
        0.5398926873092723,
        0.7361130662982036
      ],
      [
        -0.41142402012627,
        0.643209335247735,
        -0.5663395500982541,
        -0.6311065638754054
      ]
    ],
    "hidden_bias": [
      0.9822938419674935,
      1.0991547927458232,
      0.9370361660408375,
      0.9042846272391373
    ],
    "output_weights": [
      0.9221563573182574,
      -0.8918223822905665,
      0.972563043922887,
      -0.7669442410303059
    ],
    "output_bias": -0.21793097307267204
  },
  "scaled_model_for_ckks": {
    "hidden_weights": [
      [
        0.15498595132213241,
        -0.5934971650446058,
        0.507944163211914,
        0.7112355788643657
      ],
      [
        -0.4127038441138518,
        0.20568245959912113,
        -0.6061952281005849,
        -0.6208344441723149
      ],
      [
        0.1677850669968104,
        -0.6267552604358646,
        0.5398926873092723,
        0.7361130662982036
      ],
      [
        -0.41142402012627,
        0.643209335247735,
        -0.5663395500982541,
        -0.6311065638754054
      ]
    ],
    "hidden_bias": [
      0.9822938419674935,
      1.0991547927458232,
      0.9370361660408375,
      0.9042846272391373
    ],
    "output_weights": [
      0.042523598992051374,
      -0.041124801727709305,
      0.04484801362161241,
      -0.03536626852487267
    ],
    "output_bias": -0.010049498909100427
  },
  "max_scaled_logit_target": 1.0,
  "polynomial_score": {
    "formula": "0.5 + 0.197*z",
    "decision_threshold": 0.5
  },
  "metrics": {
    "raw_accuracy": 1.0,
    "raw_f1": 1.0,
    "raw_auc": 1.0,
    "polynomial_decision_match_rate": 1.0,
    "test_scaled_logit_min": -0.7478192853691895,
    "test_scaled_logit_max": 0.7366669268321628,
    "test_scaled_logit_max_abs": 0.7478192853691895
  }
}