row_id,label,scaled_logit,polynomial_score,plaintext_decision,materialization_schema,source_data_sha256,source_model_sha256,source_feature_space,preprocessing_method,x_0,x_1,x_2,x_3,x_4,x_5,x_6,x_7,x_8,x_9,x_10,x_11,x_12,x_13,x_14,x_15
1,1,-0.10552714303140456,0.47921585341455081,false,flipguard_tabular_validation_v2,sha256:ce6d203ea4b4b9871425d6e96965cb76418cb282fc41c2c2036d31f0646fe298,sha256:afd5351d9b781a1fad2db90dc7bca0052521a41efd7694c0ade20974824dcb4e,model_input,identity_model_input_v1,-0.168445281626,-0.63347559253600005,0.13009815969499999,-0.381671547931,-0.39750401667099999,0.25728606820599997,0.023258367283,-0.59421189454699996,-0.487975475682,-0.61055134766899999,-0.133771386869,-0.51093057202299996,-0.34888549929599999,0.111044426217,0.067165648684999996,-0.249781977539
2,1,0.33474087143722847,0.56579391887170571,true,flipguard_tabular_validation_v2,sha256:ce6d203ea4b4b9871425d6e96965cb76418cb282fc41c2c2036d31f0646fe298,sha256:afd5351d9b781a1fad2db90dc7bca0052521a41efd7694c0ade20974824dcb4e,model_input,identity_model_input_v1,-0.168445281626,-0.351989539849,-0.99508013291399999,-0.381671547931,1.103564914278,1.829178107038,1.238607410535,3.5821548223800002,2.303331929883,1.0711851760710001,-0.129047312177,3.2395800379319999,-0.34888549929599999,0.19135497076300001,1.31037095986,-0.249781977539
3,1,0.13543522179635858,0.52667080170368885,true,flipguard_tabular_validation_v2,sha256:ce6d203ea4b4b9871425d6e96965cb76418cb282fc41c2c2036d31f0646fe298,sha256:afd5351d9b781a1fad2db90dc7bca0052521a41efd7694c0ade20974824dcb4e,model_input,identity_model_input_v1,-0.168445281626,-0.10294892002599999,0.23921104776800001,-0.381671547931,-0.39750401667099999,2.0601109565570002,1.4441986286970001,0.97499047267399996,-0.458476850524,1.127270963572,1.2409343487060001,-0.51093057202299996,-0.23359421067,2.1997610687629998,0.92767738849799997,-0.249781977539
4,1,0.32547399352646783,0.56398046256128098,true,flipguard_tabular_validation_v2,sha256:ce6d203ea4b4b9871425d6e96965cb76418cb282fc41c2c2036d31f0646fe298,sha256:afd5351d9b781a1fad2db90dc7bca0052521a41efd7694c0ade20974824dcb4e,model_input,identity_model_input_v1,-0.168445281626,0.17415261470599999,0.30189291963999998,-0.381671547931,-0.082247535437999994,0.358404594031,-0.155773219824,-0.59421189454699996,3.3320964822639998,0.77568841505499997,1.40674937042,0.90810659491800005,-0.34888549929599999,-1.3814467336209999,-0.170645844036,-0.249781977539
7,0,-0.0060244410810983686,0.49881318598162522,false,flipguard_tabular_validation_v2,sha256:ce6d203ea4b4b9871425d6e96965cb76418cb282fc41c2c2036d31f0646fe298,sha256:afd5351d9b781a1fad2db90dc7bca0052521a41efd7694c0ade20974824dcb4e,model_input,identity_model_input_v1,-0.168445281626,-0.73870402344700004,-1.1661010425880001,-0.381671547931,0.39303761647300001,0.89542595415299997,-0.679588165621,-0.58785517199399995,-0.485517256919,-0.393742109417,0.94804171775900004,-0.20123842158300001,-0.34888549929599999,-1.3814467336209999,1.321346874909,-0.249781977539
10,1,0.073736190663227646,0.51452442593836778,true,flipguard_tabular_validation_v2,sha256:ce6d203ea4b4b9871425d6e96965cb76418cb282fc41c2c2036d31f0646fe298,sha256:afd5351d9b781a1fad2db90dc7bca0052521a41efd7694c0ade20974824dcb4e,model_input,identity_model_input_v1,-0.168445281626,-0.72467356599199995,1.5578519078819999,-0.381671547931,-0.39750401667099999,-0.031493865906,-0.61859938319899999,-0.59421189454699996,-0.487975475682,0.093032300018000003,-1.081893177694,-0.51093057202299996,-0.34888549929599999,0.22347918858099999,-0.126742183841,-0.249781977539
11,0,-0.16824209575390958,0.46687535577762174,false,flipguard_tabular_validation_v2,sha256:ce6d203ea4b4b9871425d6e96965cb76418cb282fc41c2c2036d31f0646fe298,sha256:afd5351d9b781a1fad2db90dc7bca0052521a41efd7694c0ade20974824dcb4e,model_input,identity_model_input_v1,-0.035361706729999998,1.2045143340419999,-0.48201740388999997,-0.381671547931,-0.39750401667099999,-0.27791333649599997,0.67249379305900003,-0.59421189454699996,-0.487975475682,-0.55948816800300005,0.164790133709,-0.46193450046099999,0.43846964254100002,0.95976626097600004,1.175733068597,-0.249781977539
12,0,-0.086387233925502654,0.48298429366344209,false,flipguard_tabular_validation_v2,sha256:ce6d203ea4b4b9871425d6e96965cb76418cb282fc41c2c2036d31f0646fe298,sha256:afd5351d9b781a1fad2db90dc7bca0052521a41efd7694c0ade20974824dcb4e,model_input,identity_model_input_v1,-0.168445281626,-0.73870402344700004,-0.19259740290300001,-0.381671547931,-0.39750401667099999,-1.6129511706940001,0.346400545113,-0.59421189454699996,-0.487975475682,0.183020690412,-1.6180756553160001,-0.51093057202299996,-0.34888549929599999,0.31856687332299999,-1.2104308629760001,-0.249781977539
13,0,-0.18552655648130237,0.46347681174603533,false,flipguard_tabular_validation_v2,sha256:ce6d203ea4b4b9871425d6e96965cb76418cb282fc41c2c2036d31f0646fe298,sha256:afd5351d9b781a1fad2db90dc7bca0052521a41efd7694c0ade20974824dcb4e,model_input,identity_model_input_v1,-0.168445281626,0.079447026886,0.82346800163300005,-0.381671547931,-0.39750401667099999,-1.3765524549149999,-0.101178422657,-0.59421189454699996,-0.487975475682,-1.18480284358,-0.64964034331200005,-0.51093057202299996,-0.34888549929599999,0.98932054136900005,-1.0911592527809999,-0.249781977539
15,1,0.012346516187558804,0.50243225616071208,true,flipguard_tabular_validation_v2,sha256:ce6d203ea4b4b9871425d6e96965cb76418cb282fc41c2c2036d31f0646fe298,sha256:afd5351d9b781a1fad2db90dc7bca0052521a41efd7694c0ade20974824dcb4e,model_input,identity_model_input_v1,-0.168445281626,-0.57296924476199995,0.14402746455599999,-0.37312344104200001,-0.39750401667099999,0.62942046279499997,0.43493264862800002,-0.038452722823000003,-0.487975475682,0.34248848920399999,-0.64586108355799998,-0.51093057202299996,-0.34888549929599999,-0.741532314681,1.5298892608329999,-0.249781977539
20,1,0.77802669875494446,0.65138742191611887,true,flipguard_tabular_validation_v2,sha256:ce6d203ea4b4b9871425d6e96965cb76418cb282fc41c2c2036d31f0646fe298,sha256:afd5351d9b781a1fad2db90dc7bca0052521a41efd7694c0ade20974824dcb4e,model_input,identity_model_input_v1,-0.168445281626,1.987589240738,2.689994852921,-0.10813212746799999,-0.39750401667099999,-1.568768751753,-1.593436211902,1.705105462978,4.5439983325010003,2.1121206500729999,1.4790277132180001,0.51151575151899997,-0.13236283529099999,-0.41193783986499999,-1.1372580959850001,-0.249781977539
23,0,0.0046506821446349583,0.5009161839801376,true,flipguard_tabular_validation_v2,sha256:ce6d203ea4b4b9871425d6e96965cb76418cb282fc41c2c2036d31f0646fe298,sha256:afd5351d9b781a1fad2db90dc7bca0052521a41efd7694c0ade20974824dcb4e,model_input,identity_model_input_v1,-0.168445281626,-0.73870402344700004,-1.1661010425880001,-0.381671547931,0.152994610457,1.1372905361929999,2.2941068224399999,2.0165848680459999,0.58380790505400004,0.95482809453799999,0.69955538892299995,-0.48412140079100002,-0.34888549929599999,2.3398226584500001,-0.70041667704999999,-0.249781977539
26,0,-0.34309236143035715,0.43257234965609392,false,flipguard_tabular_validation_v2,sha256:ce6d203ea4b4b9871425d6e96965cb76418cb282fc41c2c2036d31f0646fe298,sha256:afd5351d9b781a1fad2db90dc7bca0052521a41efd7694c0ade20974824dcb4e,model_input,identity_model_input_v1,-0.168445281626,-0.73870402344700004,-1.1661010425880001,-0.381671547931,-0.39750401667099999,1.5331103512449999,0.99219305575200001,0.459187842708,-0.487975475682,-1.5250845244660001,0.072198269731999998,-0.51093057202299996,-0.34888549929599999,1.084408226111,-0.72017332413699997,-0.249781977539
27,0,-0.1198457681487088,0.47639726905767976,false,flipguard_tabular_validation_v2,sha256:ce6d203ea4b4b9871425d6e96965cb76418cb282fc41c2c2036d31f0646fe298,sha256:afd5351d9b781a1fad2db90dc7bca0052521a41efd7694c0ade20974824dcb4e,model_input,identity_model_input_v1,-0.168445281626,-0.66942863976400002,0.75072607625099996,-0.381671547931,-0.39750401667099999,0.33426368471200002,1.1028581851449999,0.090497934668999996,-0.487975475682,-0.26189865372299997,0.24982347817799999,-0.51093057202299996,0.854643074655,0.88652304435100004,-1.2104308629760001,-0.249781977539
29,1,0.117187965486443,0.52307959182248343,true,flipguard_tabular_validation_v2,sha256:ce6d203ea4b4b9871425d6e96965cb76418cb282fc41c2c2036d31f0646fe298,sha256:afd5351d9b781a1fad2db90dc7bca0052521a41efd7694c0ade20974824dcb4e,model_input,identity_model_input_v1,-0.168445281626,-0.19853141143700001,1.1562236177409999,-0.381671547931,-0.36869885595000002,0.94780717248599999,0.419685453022,0.083233108895000005,1.264734502449,-0.043415212858999998,-0.72522553839500004,1.48681491186,-0.34326153399699999,0.69634767486600002,1.015484708887,-0.20557882345799999
30,0,-0.25130590480485931,0.4505562213071167,false,flipguard_tabular_validation_v2,sha256:ce6d203ea4b4b9871425d6e96965cb76418cb282fc41c2c2036d31f0646fe298,sha256:afd5351d9b781a1fad2db90dc7bca0052521a41efd7694c0ade20974824dcb4e,model_input,identity_model_input_v1,-0.168445281626,-0.73870402344700004,-1.1661010425880001,-0.381671547931,-0.39750401667099999,-0.39269652797299998,0.306561098531,0.105935689439,-0.487975475682,-0.94246201549499997,-1.018590576812,-0.51093057202299996,-0.34888549929599999,0.96105122968900003,-1.2104308629760001,-0.249781977539
32,0,-0.39168106608982645,0.4230791875067354,false,flipguard_tabular_validation_v2,sha256:ce6d203ea4b4b9871425d6e96965cb76418cb282fc41c2c2036d31f0646fe298,sha256:afd5351d9b781a1fad2db90dc7bca0052521a41efd7694c0ade20974824dcb4e,model_input,identity_model_input_v1,-0.168445281626,-0.73870402344700004,-1.1661010425880001,-0.381671547931,-0.39750401667099999,0.84122278039999998,1.0738393289929999,-0.59421189454699996,-0.487975475682,-1.635581896857,-0.12196120013800001,-0.51093057202299996,-0.34888549929599999,0.22733409471900001,0.196681446259,-0.249781977539
33,1,0.37797707736948555,0.57424548293473099,true,flipguard_tabular_validation_v2,sha256:ce6d203ea4b4b9871425d6e96965cb76418cb282fc41c2c2036d31f0646fe298,sha256:afd5351d9b781a1fad2db90dc7bca0052521a41efd7694c0ade20974824dcb4e,model_input,identity_model_input_v1,-0.168445281626,-0.17397811089099999,0.61994538061799997,-0.11668023435700001,-0.17826473784399999,2.3270274256249999,1.802261802913,1.865839733232,1.4921197380410001,2.1510458608010001,0.90741467540200005,0.90903104909900001,0.075723880766000007,2.6128785099059999,0.73450128364199996,-0.249781977539
34,0,-0.16011024270316387,0.46847470007737513,false,flipguard_tabular_validation_v2,sha256:ce6d203ea4b4b9871425d6e96965cb76418cb282fc41c2c2036d31f0646fe298,sha256:afd5351d9b781a1fad2db90dc7bca0052521a41efd7694c0ade20974824dcb4e,model_input,identity_model_input_v1,-0.168445281626,-0.73870402344700004,-1.1661010425880001,-0.381671547931,0.62347890224799996,0.33153075158200002,0.35869667060100002,-0.59421189454699996,-0.48060081939299998,-0.56158092126799997,0.161955688894,-0.51093057202299996,-0.34888549929599999,-1.3814467336209999,0.82816242538999996,-0.249781977539
36,1,-0.035917407307078889,0.49292445610296853,false,flipguard_tabular_validation_v2,sha256:ce6d203ea4b4b9871425d6e96965cb76418cb282fc41c2c2036d31f0646fe298,sha256:afd5351d9b781a1fad2db90dc7bca0052521a41efd7694c0ade20974824dcb4e,model_input,identity_model_input_v1,-0.168445281626,-0.73870402344700004,-0.68244462382600002,-0.381671547931,-0.35109570217500002,-0.82131154059,-1.195041746085,-0.59421189454699996,-0.45233130361599999,-0.49335716482999997,-0.49658032326899998,-0.51093057202299996,-0.34888549929599999,-1.3814467336209999,-0.33747975277499997,-0.249781977539
37,1,-0.077416070890969552,0.48475088992933713,false,flipguard_tabular_validation_v2,sha256:ce6d203ea4b4b9871425d6e96965cb76418cb282fc41c2c2036d31f0646fe298,sha256:afd5351d9b781a1fad2db90dc7bca0052521a41efd7694c0ade20974824dcb4e,model_input,identity_model_input_v1,-0.168445281626,-0.55455426935200003,-0.054078204570000003,-0.381671547931,-0.39750401667099999,-0.712449704229,-1.246193628116,-0.59421189454699996,-0.487975475682,-0.77964581147900003,-1.3176245048599999,-0.51093057202299996,-0.34888549929599999,-0.23910954800299999,-0.23576960665800001,-0.249781977539
38,1,0.47329289165595456,0.59281461756091647,true,flipguard_tabular_validation_v2,sha256:ce6d203ea4b4b9871425d6e96965cb76418cb282fc41c2c2036d31f0646fe298,sha256:afd5351d9b781a1fad2db90dc7bca0052521a41efd7694c0ade20974824dcb4e,model_input,identity_model_input_v1,-0.168445281626,1.4772313508199999,0.53172644983499995,-0.381671547931,-0.28228337378399998,1.0147640341799999,-1.5614662856329999,2.0883250225659999,0.50268668586999998,0.917995637074,-0.48099087678300001,2.5397682233559999,-0.34888549929599999,0.150878456312,-0.23869651733700001,-0.249781977539
39,1,0.44221082523031424,0.58676963453066244,true,flipguard_tabular_validation_v2,sha256:ce6d203ea4b4b9871425d6e96965cb76418cb282fc41c2c2036d31f0646fe298,sha256:afd5351d9b781a1fad2db90dc7bca0052521a41efd7694c0ade20974824dcb4e,model_input,identity_model_input_v1,-0.168445281626,-0.57910756989800005,2.135918059587,2.7725798942909998,-0.31268882121300001,1.603255634925,1.8381664893380001,3.6130303319200001,4.6288068798299999,2.2874933736780001,1.9301768463710001,-0.061645840340000001,1.973812169124,1.5951832894219999,-0.85407948773099995,-0.249781977539
41,0,-0.13885011804935632,0.47265723450730429,false,flipguard_tabular_validation_v2,sha256:ce6d203ea4b4b9871425d6e96965cb76418cb282fc41c2c2036d31f0646fe298,sha256:afd5351d9b781a1fad2db90dc7bca0052521a41efd7694c0ade20974824dcb4e,model_input,identity_model_input_v1,-0.168445281626,-0.73870402344700004,-1.1661010425880001,-0.381671547931,1.161175235722,0.084200303281000005,-0.23791133808600001,-0.59421189454699996,-0.47937171001099999,-0.61096989832199999,-0.49280106351500003,-0.51093057202299996,-0.34888549929599999,-1.3814467336209999,1.191831077335,-0.249781977539
43,0,-0.026037830903581555,0.49487061792332548,false,flipguard_tabular_validation_v2,sha256:ce6d203ea4b4b9871425d6e96965cb76418cb282fc41c2c2036d31f0646fe298,sha256:afd5351d9b781a1fad2db90dc7bca0052521a41efd7694c0ade20974824dcb4e,model_input,identity_model_input_v1,-0.168445281626,-0.73870402344700004,-1.1661010425880001,-0.381671547931,2.5662269642659998,1.4087618938119999,1.3433703996940001,-0.59421189454699996,1.1578019862519999,-0.011605363231000001,0.25927162756299998,0.25821530608499998,-0.34888549929599999,-1.3814467336209999,-0.52041167025199997,12.669594419708
44,0,0.008504714572565979,0.50167542631020567,true,flipguard_tabular_validation_v2,sha256:ce6d203ea4b4b9871425d6e96965cb76418cb282fc41c2c2036d31f0646fe298,sha256:afd5351d9b781a1fad2db90dc7bca0052521a41efd7694c0ade20974824dcb4e,model_input,identity_model_input_v1,-0.168445281626,-0.73870402344700004,-1.1661010425880001,-0.031199165462000002,-0.37510000277700001,0.48730794001400002,-0.28660399501900002,1.7995481980429999,-0.31221283411599998,-0.042159560899999997,0.24179255120000001,-0.51093057202299996,0.10665568991,0.027521459889,-0.155279562968,-0.249781977539
45,0,-0.34298133336160447,0.43259406540386197,false,flipguard_tabular_validation_v2,sha256:ce6d203ea4b4b9871425d6e96965cb76418cb282fc41c2c2036d31f0646fe298,sha256:afd5351d9b781a1fad2db90dc7bca0052521a41efd7694c0ade20974824dcb4e,model_input,identity_model_input_v1,2.6193053925240002,-0.35812786498499999,-1.1661010425880001,-0.381671547931,0.43624535755600002,0.156167542381,0.56281235370500005,-0.59421189454699996,-0.487975475682,-1.4032862844439999,0.32446385832199998,-0.51093057202299996,-0.34888549929599999,0.143811128392,-0.17137757170599999,-0.249781977539
46,1,0.35414984739176486,0.56958984704546967,true,flipguard_tabular_validation_v2,sha256:ce6d203ea4b4b9871425d6e96965cb76418cb282fc41c2c2036d31f0646fe298,sha256:afd5351d9b781a1fad2db90dc7bca0052521a41efd7694c0ade20974824dcb4e,model_input,identity_model_input_v1,-0.168445281626,-0.73870402344700004,1.6530354910939999,1.228221916256,-0.39750401667099999,0.39712114671100002,0.084738994723999997,3.0845142568489998,2.7372075415800001,1.168288927566,0.27202662923299997,0.63539261169500005,1.7488535571699999,1.469898839931,-0.70553877073899995,-0.249781977539
47,1,0.037431534659376806,0.50737380254364173,true,flipguard_tabular_validation_v2,sha256:ce6d203ea4b4b9871425d6e96965cb76418cb282fc41c2c2036d31f0646fe298,sha256:afd5351d9b781a1fad2db90dc7bca0052521a41efd7694c0ade20974824dcb4e,model_input,identity_model_input_v1,-0.168445281626,-0.73870402344700004,1.202654633943,-0.381671547931,-0.39750401667099999,-0.23327542870000001,1.456494754185,-0.59421189454699996,-0.40931247526100001,0.81670637904900001,0.24604421842400001,-0.51093057202299996,-0.16891860973299999,1.6497944597130001,-0.69748976637000004,-0.249781977539
48,0,-0.17885743253344588,0.46478797237450831,false,flipguard_tabular_validation_v2,sha256:ce6d203ea4b4b9871425d6e96965cb76418cb282fc41c2c2036d31f0646fe298,sha256:afd5351d9b781a1fad2db90dc7bca0052521a41efd7694c0ade20974824dcb4e,model_input,identity_model_input_v1,-0.168445281626,-0.73870402344700004,-0.333438152047,-0.381671547931,-0.39750401667099999,-1.762807004011,-0.55121661552400003,-0.59421189454699996,-0.487975475682,-1.0303576526239999,-1.0067803900800001,-0.51093057202299996,-0.34888549929599999,-0.70169828458600003,-0.53504622364999999,-0.249781977539
50,1,-0.03693100285102955,0.49272479391897439,false,flipguard_tabular_validation_v2,sha256:ce6d203ea4b4b9871425d6e96965cb76418cb282fc41c2c2036d31f0646fe298,sha256:afd5351d9b781a1fad2db90dc7bca0052521a41efd7694c0ade20974824dcb4e,model_input,identity_model_input_v1,-0.168445281626,0.34602571852699998,-0.69250467733599996,-0.381671547931,-0.39750401667099999,0.59662526523000003,1.5740457138520001,-0.59421189454699996,-0.487975475682,0.90334636421900005,-0.80742443804800001,-0.51093057202299996,-0.34888549929599999,0.12132417591899999,2.269665935111,-0.249781977539
54,1,0.33422272093811567,0.56569253885966553,true,flipguard_tabular_validation_v2,sha256:ce6d203ea4b4b9871425d6e96965cb76418cb282fc41c2c2036d31f0646fe298,sha256:afd5351d9b781a1fad2db90dc7bca0052521a41efd7694c0ade20974824dcb4e,model_input,identity_model_input_v1,-0.168445281626,-0.46774081385100003,1.512194741951,-0.33893101348400001,-0.39750401667099999,0.266395845307,-1.085360306731,1.678770469547,-0.39333405330100002,0.66393539070499996,-0.018503964368,0.74725156752599997,-0.32638963810100002,1.167288708082,-0.19040249112300001,-0.249781977539
55,1,0.33372358551718723,0.56559487725306778,true,flipguard_tabular_validation_v2,sha256:ce6d203ea4b4b9871425d6e96965cb76418cb282fc41c2c2036d31f0646fe298,sha256:afd5351d9b781a1fad2db90dc7bca0052521a41efd7694c0ade20974824dcb4e,model_input,identity_model_input_v1,-0.168445281626,-0.42564944148700001,0.65399479249900005,-0.381671547931,-0.39750401667099999,-0.026027999645000001,-2.061180825473,-0.59421189454699996,-0.487975475682,0.79661594770499999,1.2149519378960001,-0.51093057202299996,-0.34888549929599999,-0.87966645129900001,-0.88261686685700003,-0.249781977539
56,0,-0.14362435754905117,0.47171785227059587,false,flipguard_tabular_validation_v2,sha256:ce6d203ea4b4b9871425d6e96965cb76418cb282fc41c2c2036d31f0646fe298,sha256:afd5351d9b781a1fad2db90dc7bca0052521a41efd7694c0ade20974824dcb4e,model_input,identity_model_input_v1,-0.168445281626,0.59331253116799998,-1.1405639836770001,-0.381671547931,-0.39750401667099999,-0.373110507205,-1.3991574291890001,-0.59421189454699996,-0.487975475682,-1.354734408696,-0.161643427556,-0.51093057202299996,-0.34888549929599999,-1.3814467336209999,1.046217271023,-0.249781977539
58,1,0.0010787080277326621,0.50021250547644258,true,flipguard_tabular_validation_v2,sha256:ce6d203ea4b4b9871425d6e96965cb76418cb282fc41c2c2036d31f0646fe298,sha256:afd5351d9b781a1fad2db90dc7bca0052521a41efd7694c0ade20974824dcb4e,model_input,identity_model_input_v1,-0.168445281626,-0.60979919558100004,-0.74976959731699999,1.253866236925,-0.39750401667099999,0.79248547290799998,0.58297799950499996,-0.172851999645,-0.487975475682,0.72964784322599996,-0.30572770568399998,0.030799577702000001,-0.34888549929599999,0.366110715694,-1.2104308629760001,-0.249781977539
59,1,0.14149454982295034,0.52786309503106854,true,flipguard_tabular_validation_v2,sha256:ce6d203ea4b4b9871425d6e96965cb76418cb282fc41c2c2036d31f0646fe298,sha256:afd5351d9b781a1fad2db90dc7bca0052521a41efd7694c0ade20974824dcb4e,model_input,identity_model_input_v1,-0.168445281626,-0.73870402344700004,1.164735970712,-0.381671547931,-0.39750401667099999,-0.55393958266599996,0.220980065133,-0.59148758488099995,-0.487975475682,0.88827854071099999,0.083063641524999995,-0.50815720948200005,-0.34888549929599999,0.01145935098,-0.89212932656599997,-0.249781977539
62,0,-0.072440870535788238,0.48573066909039969,false,flipguard_tabular_validation_v2,sha256:ce6d203ea4b4b9871425d6e96965cb76418cb282fc41c2c2036d31f0646fe298,sha256:afd5351d9b781a1fad2db90dc7bca0052521a41efd7694c0ade20974824dcb4e,model_input,identity_model_input_v1,-0.168445281626,-0.73870402344700004,-0.082710664559999994,-0.381671547931,-0.39750401667099999,-1.4895136909719999,0.52739951229899995,-0.59421189454699996,-0.487975475682,0.30858588631099998,-1.4550950784179999,-0.51093057202299996,-0.34888549929599999,-0.0078151797110000004,-1.2104308629760001,-0.249781977539
63,1,0.29998293695344375,0.5589886570068705,true,flipguard_tabular_validation_v2,sha256:ce6d203ea4b4b9871425d6e96965cb76418cb282fc41c2c2036d31f0646fe298,sha256:afd5351d9b781a1fad2db90dc7bca0052521a41efd7694c0ade20974824dcb4e,model_input,identity_model_input_v1,-0.168445281626,-0.73870402344700004,-0.22432526397399999,-0.071090330945999994,-0.39750401667099999,-1.7291008287359999,0.52346475214199994,1.7123702887529999,4.3792976753690001,1.3721230955749999,0.50492351158399995,-0.28906156872299998,0.413161798696,-1.3377577973879999,-1.2104308629760001,-0.249781977539
65,0,-0.042725808522395048,0.49158332770403862,false,flipguard_tabular_validation_v2,sha256:ce6d203ea4b4b9871425d6e96965cb76418cb282fc41c2c2036d31f0646fe298,sha256:afd5351d9b781a1fad2db90dc7bca0052521a41efd7694c0ade20974824dcb4e,model_input,identity_model_input_v1,-0.168445281626,-0.19677760425499999,1.223548591233,1.544501871167,-0.39750401667099999,-1.7099702968229999,-0.72287052733900004,-0.082041677467999993,-0.48182992877399999,-0.193674897284,-1.422971370507,-0.51093057202299996,0.78996747371800002,0.803642562379,-0.11064417510299999,-0.249781977539
67,1,-0.017899722405287973,0.49647377762644695,false,flipguard_tabular_validation_v2,sha256:ce6d203ea4b4b9871425d6e96965cb76418cb282fc41c2c2036d31f0646fe298,sha256:afd5351d9b781a1fad2db90dc7bca0052521a41efd7694c0ade20974824dcb4e,model_input,identity_model_input_v1,-0.168445281626,-0.27482202384799997,-0.83953622863999999,-0.381671547931,2.900686885981,-0.25468340488800001,0.077853164451000004,1.053995452968,2.5479246968170002,-0.85917043554899997,-2.1117414607030001,2.2069647184050001,-0.34888549929599999,-0.023877288619999999,1.383543726851,0.46148695630600001
69,1,-0.080035428940633827,0.48423507122084297,false,flipguard_tabular_validation_v2,sha256:ce6d203ea4b4b9871425d6e96965cb76418cb282fc41c2c2036d31f0646fe298,sha256:afd5351d9b781a1fad2db90dc7bca0052521a41efd7694c0ade20974824dcb4e,model_input,identity_model_input_v1,-0.168445281626,-0.34672811830299999,-0.31873499691599999,-0.381671547931,-0.39750401667099999,0.26275193446700001,0.14130117197,-0.59421189454699996,-0.487975475682,-0.202464460997,-0.438001797079,-0.51093057202299996,-0.34888549929599999,0.49653504003600002,-0.084301978986000004,-0.249781977539
71,0,-0.10712761619579585,0.47890077733528152,false,flipguard_tabular_validation_v2,sha256:ce6d203ea4b4b9871425d6e96965cb76418cb282fc41c2c2036d31f0646fe298,sha256:afd5351d9b781a1fad2db90dc7bca0052521a41efd7694c0ade20974824dcb4e,model_input,identity_model_input_v1,-0.168445281626,-0.73870402344700004,-0.87126408971000002,3.0318724699390001,-0.39750401667099999,-0.49153760952199999,-0.96977672714200003,0.58268988086899998,-0.487975475682,0.16460446168100001,-2.121662017557,-0.51093057202299996,1.6448101991420001,0.68414047209499995,-1.2075039522969999,-0.249781977539
73,1,0.58355342410491873,0.61416514402408129,true,flipguard_tabular_validation_v2,sha256:ce6d203ea4b4b9871425d6e96965cb76418cb282fc41c2c2036d31f0646fe298,sha256:afd5351d9b781a1fad2db90dc7bca0052521a41efd7694c0ade20974824dcb4e,model_input,identity_model_input_v1,-0.168445281626,0.76255492421600002,1.5114208916809999,-0.381671547931,-0.39750401667099999,1.846942172386,-0.41497554511500001,-0.481607095047,-0.487975475682,2.1192360111739998,2.7705897342019998,1.567242425556,-0.34888549929599999,-0.98439140138699999,-0.33674802510500002,-0.249781977539
75,0,-0.17029469578707956,0.46647169930771171,false,flipguard_tabular_validation_v2,sha256:ce6d203ea4b4b9871425d6e96965cb76418cb282fc41c2c2036d31f0646fe298,sha256:afd5351d9b781a1fad2db90dc7bca0052521a41efd7694c0ade20974824dcb4e,model_input,identity_model_input_v1,-0.168445281626,-0.73870402344700004,-1.1661010425880001,-0.381671547931,-0.39750401667099999,0.95964988271700002,1.6552001420739999,1.4145124320110001,-0.28517242772200002,-0.145960122843,-0.011890259798,-0.51093057202299996,-0.34888549929599999,2.407283515869,-1.128477363946,-0.249781977539
76,0,-0.30031032898536669,0.44094720069200116,false,flipguard_tabular_validation_v2,sha256:ce6d203ea4b4b9871425d6e96965cb76418cb282fc41c2c2036d31f0646fe298,sha256:afd5351d9b781a1fad2db90dc7bca0052521a41efd7694c0ade20974824dcb4e,model_input,identity_model_input_v1,-0.168445281626,-0.73870402344700004,-1.1661010425880001,-0.381671547931,0.56746886751100001,-0.011907845138000001,-0.0087115589859999999,-0.59421189454699996,-0.487975475682,-1.5564758234410001,-0.23533899276199999,-0.51093057202299996,-0.34888549929599999,0.20420465789,0.016676439461,-0.249781977539
77,0,-0.39533668416416623,0.42236582363088099,false,flipguard_tabular_validation_v2,sha256:ce6d203ea4b4b9871425d6e96965cb76418cb282fc41c2c2036d31f0646fe298,sha256:afd5351d9b781a1fad2db90dc7bca0052521a41efd7694c0ade20974824dcb4e,model_input,identity_model_input_v1,-0.168445281626,-0.73870402344700004,-1.1661010425880001,-0.381671547931,2.516618076356,0.242254935989,1.0935131297739999,-0.57060121078100001,-0.487975475682,-1.687063627176,0.15014550216200001,-0.51093057202299996,-0.34888549929599999,-0.056643990795000002,0.55888664286400003,-0.249781977539
79,0,-0.13087325899900437,0.47422693426641166,false,flipguard_tabular_validation_v2,sha256:ce6d203ea4b4b9871425d6e96965cb76418cb282fc41c2c2036d31f0646fe298,sha256:afd5351d9b781a1fad2db90dc7bca0052521a41efd7694c0ade20974824dcb4e,model_input,identity_model_input_v1,-0.168445281626,-0.73870402344700004,-0.106700022931,-0.381671547931,-0.39750401667099999,-1.590176727941,-0.83747041688900004,-0.59421189454699996,-0.487975475682,-0.81857102220800004,-1.4867463788590001,-0.51093057202299996,-0.34888549929599999,-0.83790496813600002,-0.72017332413699997,-0.249781977539
80,0,-0.18125166272146337,0.46431724048216622,false,flipguard_tabular_validation_v2,sha256:ce6d203ea4b4b9871425d6e96965cb76418cb282fc41c2c2036d31f0646fe298,sha256:afd5351d9b781a1fad2db90dc7bca0052521a41efd7694c0ade20974824dcb4e,model_input,identity_model_input_v1,-0.168445281626,-0.73870402344700004,-0.516066815771,-0.381671547931,-0.39750401667099999,-1.78968084646,-0.20594141181600001,-0.59421189454699996,-0.487975475682,-0.77253045037800006,-1.07150021337,-0.51093057202299996,-0.34888549929599999,-0.119607457719,-1.1943328542380001,-0.249781977539
83,0,-0.28300274647169399,0.44433912233264794,false,flipguard_tabular_validation_v2,sha256:ce6d203ea4b4b9871425d6e96965cb76418cb282fc41c2c2036d31f0646fe298,sha256:afd5351d9b781a1fad2db90dc7bca0052521a41efd7694c0ade20974824dcb4e,model_input,identity_model_input_v1,-0.168445281626,0.58542039884899999,-0.45957574606000001,-0.381671547931,-0.39750401667099999,0.46453349726100002,0.68970836874300001,-0.59421189454699996,-0.487975475682,-1.1956851605579999,-0.77955239736100002,-0.51093057202299996,-0.34888549929599999,1.306065329058,0.83401624674899999,-0.249781977539
84,0,-0.13625442107651631,0.47316799744689841,false,flipguard_tabular_validation_v2,sha256:ce6d203ea4b4b9871425d6e96965cb76418cb282fc41c2c2036d31f0646fe298,sha256:afd5351d9b781a1fad2db90dc7bca0052521a41efd7694c0ade20974824dcb4e,model_input,identity_model_input_v1,-0.168445281626,0.38373257293700003,-1.1661010425880001,-0.381671547931,-0.39750401667099999,-0.59128966878199996,-1.936744035532,-0.59421189454699996,-0.487975475682,-1.4698358382700001,-0.54334866272600002,-0.51093057202299996,-0.34888549929599999,-1.3814467336209999,0.32327033315300002,-0.249781977539
85,1,0.11756587197870881,0.52315397692284626,true,flipguard_tabular_validation_v2,sha256:ce6d203ea4b4b9871425d6e96965cb76418cb282fc41c2c2036d31f0646fe298,sha256:afd5351d9b781a1fad2db90dc7bca0052521a41efd7694c0ade20974824dcb4e,model_input,identity_model_input_v1,0.97327170301300003,1.8499153769629999,0.70119965897000003,-0.27624489629400001,0.38343589623199997,-1.4990789569280001,-1.9254316000830001,1.406339503016,0.10937168376500001,-0.68337916128999998,0.114242534497,-0.155015712562,-0.056439303756000002,0.24082626620299999,-0.035276225102,-0.249781977539
88,0,0.023125984557390244,0.50455576948566716,true,flipguard_tabular_validation_v2,sha256:ce6d203ea4b4b9871425d6e96965cb76418cb282fc41c2c2036d31f0646fe298,sha256:afd5351d9b781a1fad2db90dc7bca0052521a41efd7694c0ade20974824dcb4e,model_input,identity_model_input_v1,1.148381669982,1.6377047079589999,-0.916921255642,-0.381671547931,0.75310212549599997,1.062590363962,-1.8039458802599999,-0.59421189454699996,-0.487975475682,-0.90311825411299995,0.49642017713699998,0.50319566389500003,-0.34888549929599999,-1.048639837024,1.676234794815,-0.064932424109999998
90,0,-0.018695422214876706,0.4963170279612763,false,flipguard_tabular_validation_v2,sha256:ce6d203ea4b4b9871425d6e96965cb76418cb282fc41c2c2036d31f0646fe298,sha256:afd5351d9b781a1fad2db90dc7bca0052521a41efd7694c0ade20974824dcb4e,model_input,identity_model_input_v1,-0.168445281626,0.112769363341,1.6491662397439999,-0.381671547931,-0.39750401667099999,-0.78806085417000005,0.17917323847300001,-0.59421189454699996,0.30602918481800001,-0.29538270596299998,-0.67467793918399999,-0.51093057202299996,-0.28983386365800001,1.534147275567,-0.35138257850299998,-0.249781977539
91,0,-0.13080458385027033,0.47424044916305907,false,flipguard_tabular_validation_v2,sha256:ce6d203ea4b4b9871425d6e96965cb76418cb282fc41c2c2036d31f0646fe298,sha256:afd5351d9b781a1fad2db90dc7bca0052521a41efd7694c0ade20974824dcb4e,model_input,identity_model_input_v1,-0.168445281626,-0.73870402344700004,-1.1661010425880001,-0.381671547931,-0.325491114867,0.38209001449399999,0.87218287098699998,-0.53700139157500004,-0.46462239743200001,-0.22464764560600001,0.77986465869900001,-0.51093057202299996,-0.34888549929599999,-0.30528543670800001,0.44034676033800002,-0.249781977539
92,0,-0.11436805143080588,0.47747547762799925,false,flipguard_tabular_validation_v2,sha256:ce6d203ea4b4b9871425d6e96965cb76418cb282fc41c2c2036d31f0646fe298,sha256:afd5351d9b781a1fad2db90dc7bca0052521a41efd7694c0ade20974824dcb4e,model_input,identity_model_input_v1,-0.168445281626,-0.73870402344700004,-0.052530504029000002,-0.381671547931,-0.39750401667099999,-1.6384585465779999,0.92431844305699995,-0.59421189454699996,-0.487975475682,0.18929895020699999,-1.204246712235,-0.51093057202299996,-0.34888549929599999,0.52287689864700004,-1.2104308629760001,-0.249781977539
94,0,-0.21980826072183504,0.45674025337265434,false,flipguard_tabular_validation_v2,sha256:ce6d203ea4b4b9871425d6e96965cb76418cb282fc41c2c2036d31f0646fe298,sha256:afd5351d9b781a1fad2db90dc7bca0052521a41efd7694c0ade20974824dcb4e,model_input,identity_model_input_v1,0.770144141329,1.8078240045980001,0.63310083520799998,-0.381671547931,0.25861353310399998,-0.223254673889,0.88743006659300006,-0.59421189454699996,-0.487975475682,-0.72063016940699998,0.441148503232,-0.51093057202299996,3.1211010900859999,1.2874332827229999,0.94011675888599999,-0.249781977539
98,0,-0.14245735997563766,0.4719474642601002,false,flipguard_tabular_validation_v2,sha256:ce6d203ea4b4b9871425d6e96965cb76418cb282fc41c2c2036d31f0646fe298,sha256:afd5351d9b781a1fad2db90dc7bca0052521a41efd7694c0ade20974824dcb4e,model_input,identity_model_input_v1,-0.168445281626,-0.102072016435,-0.52303146820199997,-0.381671547931,-0.39750401667099999,-0.96479052993600001,-1.0209286091730001,-0.59421189454699996,-0.487975475682,-1.0140341771570001,-1.190074488157,-0.51093057202299996,-0.34888549929599999,-1.055707164944,0.115459674899,-0.249781977539
101,1,0.31230325190341712,0.56140190073151752,true,flipguard_tabular_validation_v2,sha256:ce6d203ea4b4b9871425d6e96965cb76418cb282fc41c2c2036d31f0646fe298,sha256:afd5351d9b781a1fad2db90dc7bca0052521a41efd7694c0ade20974824dcb4e,model_input,identity_model_input_v1,-0.168445281626,-0.58699970221700004,1.4278450625179999,-0.381671547931,-0.39750401667099999,1.125903314816,0.535760877631,-0.19737078663300001,1.1332197986200001,1.398073236061,0.54744018381799997,0.46436858831799999,-0.34888549929599999,-1.101966038602,-0.83724975132299995,-0.249781977539
102,1,0.2338572827511905,0.54601872680431029,true,flipguard_tabular_validation_v2,sha256:ce6d203ea4b4b9871425d6e96965cb76418cb282fc41c2c2036d31f0646fe298,sha256:afd5351d9b781a1fad2db90dc7bca0052521a41efd7694c0ade20974824dcb4e,model_input,identity_model_input_v1,-0.168445281626,0.88532142694600002,-1.1661010425880001,-0.381671547931,-0.39750401667099999,-0.076131773702,-0.44399440126700002,1.8113535399259999,-0.487975475682,1.3449173031299999,-0.500831990492,-0.101397370098,-0.34888549929599999,-0.58155370994599997,-0.81237101054600003,-0.249781977539
104,1,0.044678842532916194,0.50880137522754665,true,flipguard_tabular_validation_v2,sha256:ce6d203ea4b4b9871425d6e96965cb76418cb282fc41c2c2036d31f0646fe298,sha256:afd5351d9b781a1fad2db90dc7bca0052521a41efd7694c0ade20974824dcb4e,model_input,identity_model_input_v1,-0.168445281626,1.158038443723,0.45124602175299999,-0.381671547931,-0.39750401667099999,-1.2695125739749999,-1.1291345134690001,-0.59421189454699996,-0.487975475682,-0.36276936109500002,0.178489950318,-0.51093057202299996,-0.34888549929599999,0.172722924428,-0.115766268792,-0.249781977539
106,1,0.1926696400614292,0.53792731027841101,true,flipguard_tabular_validation_v2,sha256:ce6d203ea4b4b9871425d6e96965cb76418cb282fc41c2c2036d31f0646fe298,sha256:afd5351d9b781a1fad2db90dc7bca0052521a41efd7694c0ade20974824dcb4e,model_input,identity_model_input_v1,-0.168445281626,0.624881060441,-0.534639222252,-0.381671547931,-0.39750401667099999,-0.36764464094400001,-2.4640018964650001,-0.59421189454699996,-0.487975475682,0.127772004217,0.27391625911099998,-0.51093057202299996,-0.34888549929599999,-1.1141732413729999,-0.76334525666200004,-0.249781977539
107,0,-0.2175781220889649,0.45717831074986165,false,flipguard_tabular_validation_v2,sha256:ce6d203ea4b4b9871425d6e96965cb76418cb282fc41c2c2036d31f0646fe298,sha256:afd5351d9b781a1fad2db90dc7bca0052521a41efd7694c0ade20974824dcb4e,model_input,identity_model_input_v1,-0.168445281626,-0.67556696490000001,0.0062821164919999997,-0.381671547931,-0.39750401667099999,-1.8019790455469999,-0.52072222431399995,-0.59421189454699996,-0.487975475682,-1.4367703366839999,-0.59814792916199999,-0.51093057202299996,-0.34888549929599999,-0.73767740854300001,-0.56138841976700005,-0.249781977539
108,0,0.13601735476812848,0.52678535321290432,true,flipguard_tabular_validation_v2,sha256:ce6d203ea4b4b9871425d6e96965cb76418cb282fc41c2c2036d31f0646fe298,sha256:afd5351d9b781a1fad2db90dc7bca0052521a41efd7694c0ade20974824dcb4e,model_input,identity_model_input_v1,-0.168445281626,-0.33532837162099999,1.610473726243,0.048583165506000003,-0.39750401667099999,0.60983444202699999,-0.78435115477999995,-0.52247174002700003,-0.487975475682,0.24789604162699999,-0.275021220181,-0.51093057202299996,-0.34888549929599999,0.93984924592899999,0.315221328784,-0.249781977539
113,1,0.051103208187227217,0.51006679818102652,true,flipguard_tabular_validation_v2,sha256:ce6d203ea4b4b9871425d6e96965cb76418cb282fc41c2c2036d31f0646fe298,sha256:afd5351d9b781a1fad2db90dc7bca0052521a41efd7694c0ade20974824dcb4e,model_input,identity_model_input_v1,5.0498317340570003,3.1661476669400002,-0.40231082607800001,-0.381671547931,0.65868520979699996,-1.607940793289,-0.24086240820300001,-0.59421189454699996,-0.487975475682,0.53585889088799998,1.505482531497,-0.51093057202299996,-0.34888549929599999,-0.056643990795000002,-0.026495493064000002,-0.249781977539
116,1,0.34938027179610215,0.56865732293217908,true,flipguard_tabular_validation_v2,sha256:ce6d203ea4b4b9871425d6e96965cb76418cb282fc41c2c2036d31f0646fe298,sha256:afd5351d9b781a1fad2db90dc7bca0052521a41efd7694c0ade20974824dcb4e,model_input,identity_model_input_v1,-0.168445281626,-0.73870402344700004,0.97049955293699997,-0.381671547931,-0.39750401667099999,-0.25878280458399999,-1.8349321164900001,-0.59421189454699996,-0.487975475682,0.74848262260999998,2.056309640666,-0.35654672389300002,-0.34888549929599999,-0.82634024972099995,-1.2104308629760001,-0.249781977539
120,1,-0.18273582031583652,0.46402545133360595,false,flipguard_tabular_validation_v2,sha256:ce6d203ea4b4b9871425d6e96965cb76418cb282fc41c2c2036d31f0646fe298,sha256:afd5351d9b781a1fad2db90dc7bca0052521a41efd7694c0ade20974824dcb4e,model_input,identity_model_input_v1,-0.168445281626,-0.356374057804,-0.774532805958,-0.381671547931,-0.39750401667099999,1.270748770727,0.77479755712099996,-0.024831174495999999,-0.487975475682,-0.69886553545100005,0.096291050665000003,-0.51093057202299996,-0.34888549929599999,0.56335341309800002,-0.86505540277899995,2.486795106917
125,0,-0.45664158174668062,0.41042248680868892,false,flipguard_tabular_validation_v2,sha256:ce6d203ea4b4b9871425d6e96965cb76418cb282fc41c2c2036d31f0646fe298,sha256:afd5351d9b781a1fad2db90dc7bca0052521a41efd7694c0ade20974824dcb4e,model_input,identity_model_input_v1,3.9431367428119999,2.257675546742,0.061999335932999999,-0.381671547931,-0.33029197498700003,-0.51886694082600004,1.6448713966640001,-0.027555484161,-0.355231662472,-1.3091123875199999,0.98111024060800001,-0.51093057202299996,6.1046146811190001,1.392158232811,0.31083096276400002,-0.249781977539
129,0,-0.29257927818573026,0.44246206442490493,false,flipguard_tabular_validation_v2,sha256:ce6d203ea4b4b9871425d6e96965cb76418cb282fc41c2c2036d31f0646fe298,sha256:afd5351d9b781a1fad2db90dc7bca0052521a41efd7694c0ade20974824dcb4e,model_input,identity_model_input_v1,-0.168445281626,-0.736073312674,-0.71649403570600001,-0.381671547931,-0.39750401667099999,-0.23737482839599999,1.946864238654,-0.59421189454699996,-0.487975475682,-0.24390097564400001,-0.76726980316000004,-0.51093057202299996,1.02336203362,0.90387012197200001,-1.2104308629760001,-0.249781977539
130,0,0.051821172430343135,0.51020821431944241,true,flipguard_tabular_validation_v2,sha256:ce6d203ea4b4b9871425d6e96965cb76418cb282fc41c2c2036d31f0646fe298,sha256:afd5351d9b781a1fad2db90dc7bca0052521a41efd7694c0ade20974824dcb4e,model_input,identity_model_input_v1,-0.168445281626,-0.73870402344700004,-1.1661010425880001,-0.381671547931,0.532262559962,0.82710262589299999,0.34197393993699998,0.62173831940500002,0.079873058607000003,0.357556312712,0.86111874341299999,-0.51093057202299996,-0.34888549929599999,-1.3814467336209999,1.9703893181180001,-0.249781977539
132,0,-0.014395467116602933,0.49716410491068952,false,flipguard_tabular_validation_v2,sha256:ce6d203ea4b4b9871425d6e96965cb76418cb282fc41c2c2036d31f0646fe298,sha256:afd5351d9b781a1fad2db90dc7bca0052521a41efd7694c0ade20974824dcb4e,model_input,identity_model_input_v1,-0.168445281626,-0.73870402344700004,-0.350462857987,-0.381671547931,-0.39750401667099999,-0.27244747023600002,-0.48580122792699998,-0.59421189454699996,-0.487975475682,-0.13926331239500001,-0.30383807580700001,-0.51093057202299996,-0.34888549929599999,-1.119313116224,0.58522883898,-0.249781977539
139,1,0.32077873884929592,0.5630613803084169,true,flipguard_tabular_validation_v2,sha256:ce6d203ea4b4b9871425d6e96965cb76418cb282fc41c2c2036d31f0646fe298,sha256:afd5351d9b781a1fad2db90dc7bca0052521a41efd7694c0ade20974824dcb4e,model_input,identity_model_input_v1,-0.168445281626,1.5500143488660001,-0.210395959114,-0.381671547931,-0.39750401667099999,-1.8019790455469999,-0.89944288934899996,-0.59421189454699996,0.42771101359399999,1.3871909190830001,-0.001024888005,0.64741051604099997,-0.21391033212400001,-0.99788357287100005,-1.2104308629760001,-0.249781977539
141,0,-0.037319598326076821,0.49264824703760624,false,flipguard_tabular_validation_v2,sha256:ce6d203ea4b4b9871425d6e96965cb76418cb282fc41c2c2036d31f0646fe298,sha256:afd5351d9b781a1fad2db90dc7bca0052521a41efd7694c0ade20974824dcb4e,model_input,identity_model_input_v1,-0.168445281626,-0.73870402344700004,0.68572265356899997,-0.381671547931,-0.39750401667099999,-1.327815147423,0.37738678134300002,-0.59421189454699996,-0.487975475682,0.241617781832,-1.396044144759,-0.51093057202299996,-0.34888549929599999,0.60254495883699999,-1.1818934838499999,0.12795406642400001
142,1,-0.035060863310425225,0.4930931823240936,false,flipguard_tabular_validation_v2,sha256:ce6d203ea4b4b9871425d6e96965cb76418cb282fc41c2c2036d31f0646fe298,sha256:afd5351d9b781a1fad2db90dc7bca0052521a41efd7694c0ade20974824dcb4e,model_input,identity_model_input_v1,-0.168445281626,-0.60366087044399996,0.493033936334,-0.381671547931,-0.39750401667099999,0.035462995789000001,0.25098261132400002,-0.22824629617299999,-0.487975475682,-0.15349403459700001,-0.493745878453,-0.31032401487200001,-0.34888549929599999,0.78629548475699995,0.41034592587199997,-0.249781977539
144,0,-0.078845236773358959,0.48446944894381205,false,flipguard_tabular_validation_v2,sha256:ce6d203ea4b4b9871425d6e96965cb76418cb282fc41c2c2036d31f0646fe298,sha256:afd5351d9b781a1fad2db90dc7bca0052521a41efd7694c0ade20974824dcb4e,model_input,identity_model_input_v1,-0.168445281626,-0.73870402344700004,0.57738361576700004,-0.381671547931,-0.39750401667099999,-1.58197792855,0.99711150594700004,-0.59421189454699996,-0.487975475682,0.28054299256100002,-1.094175771895,-0.51093057202299996,-0.34888549929599999,0.25688837511200002,-1.117501448898,-0.249781977539
146,1,0.39906574313059767,0.57836174098356652,true,flipguard_tabular_validation_v2,sha256:ce6d203ea4b4b9871425d6e96965cb76418cb282fc41c2c2036d31f0646fe298,sha256:afd5351d9b781a1fad2db90dc7bca0052521a41efd7694c0ade20974824dcb4e,model_input,identity_model_input_v1,-0.168445281626,-0.51509360776099999,1.266884206354,-0.381671547931,-0.39750401667099999,-1.540528442739,0.67544486317600005,-0.59421189454699996,1.7354833955939999,1.8295989592999999,0.99386524227799999,1.274190450364,-0.146422748538,-1.030650275045,-1.2104308629760001,-0.249781977539
147,0,-0.25508237269899336,0.44981516237448049,false,flipguard_tabular_validation_v2,sha256:ce6d203ea4b4b9871425d6e96965cb76418cb282fc41c2c2036d31f0646fe298,sha256:afd5351d9b781a1fad2db90dc7bca0052521a41efd7694c0ade20974824dcb4e,model_input,identity_model_input_v1,-0.168445281626,-0.73870402344700004,-0.74822189677700002,-0.222106885994,-0.123854989814,0.72416214464799999,1.5056792561379999,-0.246408360608,-0.36752275628699999,-0.41927369924899999,-1.094648179365,-0.51093057202299996,-0.34888549929599999,0.80942492158699997,-0.23064751296800001,-0.249781977539
150,0,-0.30882525686814366,0.43927923881039105,false,flipguard_tabular_validation_v2,sha256:ce6d203ea4b4b9871425d6e96965cb76418cb282fc41c2c2036d31f0646fe298,sha256:afd5351d9b781a1fad2db90dc7bca0052521a41efd7694c0ade20974824dcb4e,model_input,identity_model_input_v1,-0.168445281626,-0.73870402344700004,-1.1661010425880001,-0.381671547931,-0.39750401667099999,-0.62454035520200002,1.696515123715,0.402885442958,0.108142574384,-0.477033689363,-0.202270469914,-0.51093057202299996,3.1942126389709999,-0.055359022081999998,-1.1716492964709999,-0.249781977539
151,0,-0.22117301362955238,0.45647219324028726,false,flipguard_tabular_validation_v2,sha256:ce6d203ea4b4b9871425d6e96965cb76418cb282fc41c2c2036d31f0646fe298,sha256:afd5351d9b781a1fad2db90dc7bca0052521a41efd7694c0ade20974824dcb4e,model_input,identity_model_input_v1,-0.168445281626,-0.73870402344700004,-1.1661010425880001,-0.381671547931,-0.39750401667099999,0.82573615932800004,0.13638272177499999,-0.59421189454699996,-0.487975475682,-0.93660230635300001,-0.62743719225700001,-0.51093057202299996,-0.34888549929599999,-1.3814467336209999,0.81938169335099997,-0.249781977539
153,1,-0.036494447971770774,0.4928107881693144,false,flipguard_tabular_validation_v2,sha256:ce6d203ea4b4b9871425d6e96965cb76418cb282fc41c2c2036d31f0646fe298,sha256:afd5351d9b781a1fad2db90dc7bca0052521a41efd7694c0ade20974824dcb4e,model_input,identity_model_input_v1,-0.168445281626,-0.58436899144400001,-1.1661010425880001,2.3451745498159999,-0.39750401667099999,0.34883932807399998,-0.78582668983899995,0.82606154430400003,-0.487975475682,-0.027510288045000001,-0.043541560239,-0.51093057202299996,-0.34888549929599999,-0.12153491078799999,-1.0757929717129999,-0.249781977539
155,1,0.064170310766295161,0.51264049425154912,true,flipguard_tabular_validation_v2,sha256:ce6d203ea4b4b9871425d6e96965cb76418cb282fc41c2c2036d31f0646fe298,sha256:afd5351d9b781a1fad2db90dc7bca0052521a41efd7694c0ade20974824dcb4e,model_input,identity_model_input_v1,-0.168445281626,-0.73870402344700004,0.498450888225,-0.381671547931,-0.39750401667099999,-1.0832176322530001,-0.54433078525099998,-0.59421189454699996,-0.487975475682,0.120238092463,0.18179680260299999,-0.51093057202299996,-0.34888549929599999,-0.53979222678200001,-0.85554294307000001,-0.249781977539
156,1,0.24169411904986907,0.54755726619257483,true,flipguard_tabular_validation_v2,sha256:ce6d203ea4b4b9871425d6e96965cb76418cb282fc41c2c2036d31f0646fe298,sha256:afd5351d9b781a1fad2db90dc7bca0052521a41efd7694c0ade20974824dcb4e,model_input,identity_model_input_v1,-0.168445281626,-0.674690061309,-0.47040964984,0.43039860657000001,-0.23587505928800001,1.006109745934,-0.58023547167599998,3.6429977382379999,1.25735984616,0.75852783828199999,0.93292467874200002,-0.34452881954800002,2.3899856012380001,0.95462638612499995,0.44254194334800001,-0.249781977539
157,0,-0.20815153654596638,0.4590302216787005,false,flipguard_tabular_validation_v2,sha256:ce6d203ea4b4b9871425d6e96965cb76418cb282fc41c2c2036d31f0646fe298,sha256:afd5351d9b781a1fad2db90dc7bca0052521a41efd7694c0ade20974824dcb4e,model_input,identity_model_input_v1,-0.168445281626,0.59682014553100005,0.71745051463999998,-0.381671547931,-0.39750401667099999,-0.77621814393800004,0.065065193943000005,-0.59421189454699996,-0.33679502174800002,-1.3903112142009999,-0.17581565163400001,-0.51093057202299996,-0.34888549929599999,1.1120350534350001,-0.46333691199900001,-0.249781977539
158,1,0.34700348850949458,0.56819255450374451,true,flipguard_tabular_validation_v2,sha256:ce6d203ea4b4b9871425d6e96965cb76418cb282fc41c2c2036d31f0646fe298,sha256:afd5351d9b781a1fad2db90dc7bca0052521a41efd7694c0ade20974824dcb4e,model_input,identity_model_input_v1,-0.042366105409000002,1.4719699292740001,-0.126820129951,-0.381671547931,0.74190011854899995,2.3529902903640001,1.2307378902220001,-0.59421189454699996,-0.487975475682,1.8773137337420001,1.396828813565,1.8233162335319999,-0.34888549929599999,0.74324903288099997,2.609919301618,1.976449600711
159,1,0.29361992055083869,0.55774186933364578,true,flipguard_tabular_validation_v2,sha256:ce6d203ea4b4b9871425d6e96965cb76418cb282fc41c2c2036d31f0646fe298,sha256:afd5351d9b781a1fad2db90dc7bca0052521a41efd7694c0ade20974824dcb4e,model_input,identity_model_input_v1,-0.168445281626,0.24956632352499999,0.153313667796,-0.381671547931,-0.39750401667099999,0.441303565653,-0.218237537304,-0.45163968872900001,-0.487975475682,1.2549289127359999,1.0127615410490001,0.70657558358700001,-0.34888549929599999,-1.2876440175920001,0.45132267538699999,-0.249781977539
160,1,-0.032574268816098914,0.4935830072992386,false,flipguard_tabular_validation_v2,sha256:ce6d203ea4b4b9871425d6e96965cb76418cb282fc41c2c2036d31f0646fe298,sha256:afd5351d9b781a1fad2db90dc7bca0052521a41efd7694c0ade20974824dcb4e,model_input,identity_model_input_v1,-0.168445281626,-0.73870402344700004,1.0610400345290001,1.4105815298990001,-0.39750401667099999,-1.1907130020479999,2.2345935750770001,-0.243684050943,-0.487975475682,0.98538229220600004,0.58712241123700004,-0.51093057202299996,-0.34888549929599999,1.1615063488749999,-0.84822566637100005,-0.249781977539
162,1,0.15868505074389422,0.53124497163819751,true,flipguard_tabular_validation_v2,sha256:ce6d203ea4b4b9871425d6e96965cb76418cb282fc41c2c2036d31f0646fe298,sha256:afd5351d9b781a1fad2db90dc7bca0052521a41efd7694c0ade20974824dcb4e,model_input,identity_model_input_v1,-0.168445281626,1.8876222313719999,-0.46886194930000002,2.8609103321489999,-0.39750401667099999,1.100395938933,-0.66827573017200004,2.1500760416459999,-0.487975475682,0.77903682027900001,0.33154997036099998,-0.51093057202299996,-0.34888549929599999,-0.14337937890399999,2.098441660352,-0.249781977539
164,0,-0.19035711402636052,0.46252723952955471,false,flipguard_tabular_validation_v2,sha256:ce6d203ea4b4b9871425d6e96965cb76418cb282fc41c2c2036d31f0646fe298,sha256:afd5351d9b781a1fad2db90dc7bca0052521a41efd7694c0ade20974824dcb4e,model_input,identity_model_input_v1,-0.168445281626,-0.560692594489,2.0492468293439998,-0.381671547931,-0.39750401667099999,-0.89373426854500004,0.55149991825599998,-0.59421189454699996,0.60224454577800002,-1.230843415409,-0.103064901367,-0.51093057202299996,1.8697688110949999,1.5534218062580001,-0.498459840155,-0.249781977539
166,0,-0.14602351026712118,0.47124582303608381,false,flipguard_tabular_validation_v2,sha256:ce6d203ea4b4b9871425d6e96965cb76418cb282fc41c2c2036d31f0646fe298,sha256:afd5351d9b781a1fad2db90dc7bca0052521a41efd7694c0ade20974824dcb4e,model_input,identity_model_input_v1,-0.168445281626,-0.73870402344700004,-0.043244300788999997,-0.381671547931,-0.39750401667099999,-1.6926617203309999,-0.89550812919300005,-0.59421189454699996,-0.487975475682,-0.98431708079500002,-1.384233958027,-0.51093057202299996,-0.34888549929599999,-0.73574995547300004,-0.721636779477,-0.249781977539
167,1,0.32195749469054746,0.56329213434050307,true,flipguard_tabular_validation_v2,sha256:ce6d203ea4b4b9871425d6e96965cb76418cb282fc41c2c2036d31f0646fe298,sha256:afd5351d9b781a1fad2db90dc7bca0052521a41efd7694c0ade20974824dcb4e,model_input,identity_model_input_v1,-0.168445281626,-0.61155300276299995,1.807805545098,-0.381671547931,-0.39750401667099999,0.35567166090000002,-1.7862394595569999,-0.59421189454699996,-0.487975475682,0.76313189546500004,0.19549661921200001,-0.51093057202299996,-0.34888549929599999,-0.92592532495799995,-0.19332940180300001,-0.249781977539
168,1,-0.069427374222837915,0.48632414588239042,false,flipguard_tabular_validation_v2,sha256:ce6d203ea4b4b9871425d6e96965cb76418cb282fc41c2c2036d31f0646fe298,sha256:afd5351d9b781a1fad2db90dc7bca0052521a41efd7694c0ade20974824dcb4e,model_input,identity_model_input_v1,-0.168445281626,0.15924525366,-0.33808125366699998,-0.381671547931,-0.39750401667099999,1.838287884139,1.2159825396370001,-0.59421189454699996,-0.487975475682,-0.058064485713999997,1.4558797472239999,-0.51093057202299996,-0.34888549929599999,-0.17036372187099999,1.4486674894730001,-0.249781977539
169,1,-0.036565353943505796,0.49279682082831472,false,flipguard_tabular_validation_v2,sha256:ce6d203ea4b4b9871425d6e96965cb76418cb282fc41c2c2036d31f0646fe298,sha256:afd5351d9b781a1fad2db90dc7bca0052521a41efd7694c0ade20974824dcb4e,model_input,identity_model_input_v1,-0.168445281626,0.49597623257500001,0.40249345474199999,-0.381671547931,-0.39750401667099999,-1.7459539163740001,-1.0140427788990001,-0.59421189454699996,-0.487975475682,-0.43476007341,-1.8169591998779999,-0.51093057202299996,-0.34888549929599999,-0.80192584417900004,0.74547719868999995,0.12795406642400001
172,0,-0.0038634187681378116,0.49923890673333843,false,flipguard_tabular_validation_v2,sha256:ce6d203ea4b4b9871425d6e96965cb76418cb282fc41c2c2036d31f0646fe298,sha256:afd5351d9b781a1fad2db90dc7bca0052521a41efd7694c0ade20974824dcb4e,model_input,identity_model_input_v1,1.036311291122,0.062785858658000002,-0.49749440929099997,-0.381671547931,1.6700664084750001,0.490040873145,0.65872213251199996,-0.51429881103099995,-0.487975475682,-0.053878979184000003,1.7634170097190001,0.30628692346600001,-0.34888549929599999,-0.88544881050699997,1.932339479283,-0.249781977539
173,1,0.11856929039860274,0.52335148249927899,true,flipguard_tabular_validation_v2,sha256:ce6d203ea4b4b9871425d6e96965cb76418cb282fc41c2c2036d31f0646fe298,sha256:afd5351d9b781a1fad2db90dc7bca0052521a41efd7694c0ade20974824dcb4e,model_input,identity_model_input_v1,-0.168445281626,-0.73870402344700004,-0.72732793948700003,0.25373773085399998,-0.39750401667099999,-0.89373426854500004,0.688724678704,-0.181933031863,1.508098160002,0.750156825222,0.227620327122,0.96634720828499998,-0.34888549929599999,-0.54236216420700001,-0.97993664695500005,-0.249781977539
174,1,-0.042409967539313878,0.49164554150993262,false,flipguard_tabular_validation_v2,sha256:ce6d203ea4b4b9871425d6e96965cb76418cb282fc41c2c2036d31f0646fe298,sha256:afd5351d9b781a1fad2db90dc7bca0052521a41efd7694c0ade20974824dcb4e,model_input,identity_model_input_v1,-0.168445281626,-0.73870402344700004,-0.82096382215899999,1.7866982330359999,-0.39750401667099999,0.038195928918999998,-0.413991855076,-0.43620193395899998,-0.45233130361599999,0.043643322965000002,0.21628254786000001,-0.51093057202299996,-0.34888549929599999,-1.1809916144349999,0.0035053414030000001,-0.249781977539
175,1,0.067839905914799908,0.51336321259961837,true,flipguard_tabular_validation_v2,sha256:ce6d203ea4b4b9871425d6e96965cb76418cb282fc41c2c2036d31f0646fe298,sha256:afd5351d9b781a1fad2db90dc7bca0052521a41efd7694c0ade20974824dcb4e,model_input,identity_model_input_v1,-0.168445281626,-0.19414689348200001,-1.1413378339469999,0.55007210302300003,-0.335092835107,0.52602449269499996,-0.480882777732,0.033287431696999999,0.33306959121200003,0.099310559812999993,1.0094546887639999,-0.103246278459,-0.34888549929599999,-0.99531363544499996,0.82011342102100004,-0.249781977539
178,1,-0.10327372738402253,0.47965948155372479,false,flipguard_tabular_validation_v2,sha256:ce6d203ea4b4b9871425d6e96965cb76418cb282fc41c2c2036d31f0646fe298,sha256:afd5351d9b781a1fad2db90dc7bca0052521a41efd7694c0ade20974824dcb4e,model_input,identity_model_input_v1,-0.168445281626,0.65644958971400003,-0.0076471883680000003,-0.381671547931,-0.39750401667099999,-1.5168430222760001,-0.040189640236000003,-0.59421189454699996,-0.487975475682,-0.21878793646399999,-1.792394011476,-0.51093057202299996,-0.34888549929599999,-0.35668418521799999,0.032774448199000002,-0.249781977539
179,0,-0.17746492630645833,0.46506176569726104,false,flipguard_tabular_validation_v2,sha256:ce6d203ea4b4b9871425d6e96965cb76418cb282fc41c2c2036d31f0646fe298,sha256:afd5351d9b781a1fad2db90dc7bca0052521a41efd7694c0ade20974824dcb4e,model_input,identity_model_input_v1,-0.168445281626,0.48106887152900002,0.219090940747,-0.381671547931,-0.39750401667099999,-0.83087680654600005,-0.15774059990299999,-0.59421189454699996,-0.487975475682,-1.096488655798,-0.51453180710099999,-0.51093057202299996,-0.34888549929599999,0.24211123491600001,-0.27747808384200001,-0.249781977539
181,1,0.28059630577238481,0.55518910203709027,true,flipguard_tabular_validation_v2,sha256:ce6d203ea4b4b9871425d6e96965cb76418cb282fc41c2c2036d31f0646fe298,sha256:afd5351d9b781a1fad2db90dc7bca0052521a41efd7694c0ade20974824dcb4e,model_input,identity_model_input_v1,-0.168445281626,-0.32743623930299998,1.933943139111,-0.099584020578000004,0.22820808567600001,1.4014740721309999,0.92579397811599995,2.8683856900669999,4.6779712550930004,0.23617662334299999,0.72601020720200005,0.94323585377399999,0.62687248005200003,1.787286111976,-0.20723222753100001,-0.249781977539
182,0,-0.098644740222613048,0.48057082573908982,false,flipguard_tabular_validation_v2,sha256:ce6d203ea4b4b9871425d6e96965cb76418cb282fc41c2c2036d31f0646fe298,sha256:afd5351d9b781a1fad2db90dc7bca0052521a41efd7694c0ade20974824dcb4e,model_input,identity_model_input_v1,-0.168445281626,-0.43529538098699999,-0.69792162922599998,-0.381671547931,0.037773967569999997,0.23678906972800001,0.222455600192,-0.59421189454699996,-0.487975475682,-0.27822212919,-0.17676046657300001,-0.51093057202299996,-0.34888549929599999,-1.3814467336209999,0.83694315742900005,-0.249781977539
185,0,-0.054724904193403881,0.48921984943778568,false,flipguard_tabular_validation_v2,sha256:ce6d203ea4b4b9871425d6e96965cb76418cb282fc41c2c2036d31f0646fe298,sha256:afd5351d9b781a1fad2db90dc7bca0052521a41efd7694c0ade20974824dcb4e,model_input,identity_model_input_v1,-0.168445281626,-0.73870402344700004,-0.26456547801500002,0.13121486543800001,-0.39750401667099999,0.64490708386700002,1.4815788501810001,0.28846443701500002,-0.487975475682,0.45131165898300002,0.61452204445400005,-0.51093057202299996,-0.34888549929599999,1.3157025944030001,-1.2082356799659999,-0.249781977539
186,0,-0.13771385094621802,0.47288081839402579,false,flipguard_tabular_validation_v2,sha256:ce6d203ea4b4b9871425d6e96965cb76418cb282fc41c2c2036d31f0646fe298,sha256:afd5351d9b781a1fad2db90dc7bca0052521a41efd7694c0ade20974824dcb4e,model_input,identity_model_input_v1,-0.168445281626,-0.68784361517299997,-0.82870232485899997,-0.381671547931,-0.39750401667099999,-1.5669467963329999,-1.1802863954989999,-0.59421189454699996,-0.487975475682,-0.88470202538099996,-1.3979337746360001,-0.51093057202299996,-0.34888549929599999,-0.89572856020900005,-0.88920241588600002,-0.249781977539
188,0,0.1679568662086186,0.53306855072024495,true,flipguard_tabular_validation_v2,sha256:ce6d203ea4b4b9871425d6e96965cb76418cb282fc41c2c2036d31f0646fe298,sha256:afd5351d9b781a1fad2db90dc7bca0052521a41efd7694c0ade20974824dcb4e,model_input,identity_model_input_v1,-0.168445281626,-0.18976237552799999,2.0476991288040001,-0.26484742044199999,-0.39750401667099999,-1.576967551144,0.55887759354800004,0.24396737914800001,1.7834186614750001,0.77485131374899996,-0.61373737564800002,-0.51093057202299996,-0.13236283529099999,0.31920935767899999,-1.1848203945289999,-0.249781977539
189,0,-0.29936514663584624,0.44113238192102117,false,flipguard_tabular_validation_v2,sha256:ce6d203ea4b4b9871425d6e96965cb76418cb282fc41c2c2036d31f0646fe298,sha256:afd5351d9b781a1fad2db90dc7bca0052521a41efd7694c0ade20974824dcb4e,model_input,identity_model_input_v1,-0.168445281626,0.68714121539700002,-1.1661010425880001,-0.381671547931,-0.39750401667099999,-0.063833574614999999,-0.16315089511700001,-0.59421189454699996,-0.487975475682,-1.6539981255889999,-0.141329906378,-0.51093057202299996,-0.34888549929599999,0.222194219868,-0.51821648724199998,-0.249781977539
191,0,-0.21929547831352308,0.4568409748950078,false,flipguard_tabular_validation_v2,sha256:ce6d203ea4b4b9871425d6e96965cb76418cb282fc41c2c2036d31f0646fe298,sha256:afd5351d9b781a1fad2db90dc7bca0052521a41efd7694c0ade20974824dcb4e,model_input,identity_model_input_v1,-0.168445281626,-0.73870402344700004,-0.60119034547399997,-0.381671547931,-0.39750401667099999,-0.62226291092599995,1.0817088493060001,-0.59421189454699996,-0.487975475682,-0.356072550647,-0.97654631204700004,-0.51093057202299996,-0.34888549929599999,0.49589255568000001,-1.2104308629760001,-0.249781977539
194,0,0.017775178856655919,0.5035016877699936,true,flipguard_tabular_validation_v2,sha256:ce6d203ea4b4b9871425d6e96965cb76418cb282fc41c2c2036d31f0646fe298,sha256:afd5351d9b781a1fad2db90dc7bca0052521a41efd7694c0ade20974824dcb4e,model_input,identity_model_input_v1,-0.168445281626,-0.73870402344700004,-1.1661010425880001,-0.381671547931,0.94353624360099997,-0.12942396974500001,-0.94616816620499999,1.3118967679510001,0.950082500765,-0.57664874477600003,-1.3861235879039999,0.78053191802099997,-0.34888549929599999,-1.3814467336209999,0.20838908897700001,-0.249781977539
195,0,-0.15777919069253732,0.46893321062656723,false,flipguard_tabular_validation_v2,sha256:ce6d203ea4b4b9871425d6e96965cb76418cb282fc41c2c2036d31f0646fe298,sha256:afd5351d9b781a1fad2db90dc7bca0052521a41efd7694c0ade20974824dcb4e,model_input,identity_model_input_v1,-0.168445281626,-0.73870402344700004,-0.64065670924499996,-0.381671547931,-0.39750401667099999,-1.454896537987,-0.26447096914000001,-0.59421189454699996,-0.487975475682,-0.57037048498099996,-1.510839159791,-0.51093057202299996,-0.34888549929599999,-0.59633085014200005,-0.371870953261,-0.249781977539
201,0,-0.11484804306011813,0.47738099493344177,false,flipguard_tabular_validation_v2,sha256:ce6d203ea4b4b9871425d6e96965cb76418cb282fc41c2c2036d31f0646fe298,sha256:afd5351d9b781a1fad2db90dc7bca0052521a41efd7694c0ade20974824dcb4e,model_input,identity_model_input_v1,-0.168445281626,-0.73870402344700004,-1.1661010425880001,-0.381671547931,-0.27908280036999999,0.62031068569299996,1.8116068582839999,-0.234603018725,-0.157345052037,0.31611979806500001,0.84647411186599997,-0.51093057202299996,-0.34888549929599999,1.029154571464,-0.47138591636799998,-0.249781977539
202,0,-0.23390680531698654,0.45397154975732185,false,flipguard_tabular_validation_v2,sha256:ce6d203ea4b4b9871425d6e96965cb76418cb282fc41c2c2036d31f0646fe298,sha256:afd5351d9b781a1fad2db90dc7bca0052521a41efd7694c0ade20974824dcb4e,model_input,identity_model_input_v1,-0.168445281626,-0.651890567945,0.93954554213599994,0.74952793044499999,-0.39750401667099999,-0.46010887852299998,1.560274053306,0.039644154250000001,1.0594732357250001,-0.48373049981100003,-0.29061066666699997,-0.51093057202299996,3.1998366042700002,0.30057731134499999,-1.1065255338490001,-0.249781977539
203,1,0.16137996388363243,0.53177504129340247,true,flipguard_tabular_validation_v2,sha256:ce6d203ea4b4b9871425d6e96965cb76418cb282fc41c2c2036d31f0646fe298,sha256:afd5351d9b781a1fad2db90dc7bca0052521a41efd7694c0ade20974824dcb4e,model_input,identity_model_input_v1,-0.168445281626,-0.13013293134500001,-1.1661010425880001,-0.381671547931,0.58987288140500005,0.56701848965099999,-0.25217484365199999,0.064162941237000004,0.325694934923,0.33035052026700001,1.4284801140059999,0.99685419623899996,-0.34888549929599999,-0.459481682236,0.38985755111499998,-0.249781977539
205,1,0.21244477374314821,0.54181326753285142,true,flipguard_tabular_validation_v2,sha256:ce6d203ea4b4b9871425d6e96965cb76418cb282fc41c2c2036d31f0646fe298,sha256:afd5351d9b781a1fad2db90dc7bca0052521a41efd7694c0ade20974824dcb4e,model_input,identity_model_input_v1,-0.168445281626,1.1133163605859999,-0.314865745566,-0.381671547931,1.7084732894370001,-0.20913451938200001,0.24311309101199999,-0.59421189454699996,-0.487975475682,0.44294064592299998,0.88001504218399995,3.0491424767659998,-0.34888549929599999,-0.35796915393000001,-0.46480036733899999,2.8243464653519998
207,1,0.74443315336379057,0.64500312920948943,true,flipguard_tabular_validation_v2,sha256:ce6d203ea4b4b9871425d6e96965cb76418cb282fc41c2c2036d31f0646fe298,sha256:afd5351d9b781a1fad2db90dc7bca0052521a41efd7694c0ade20974824dcb4e,model_input,identity_model_input_v1,-0.168445281626,-0.57296924476199995,2.5011753870360001,-0.210709410141,-0.39750401667099999,0.641263173026,-1.820668610924,-0.59421189454699996,-0.487975475682,2.452402330959,2.5296619248750001,1.140144594203,-0.34888549929599999,-0.74345976775,-0.68431866831199994,-0.249781977539
209,0,-0.046207685603286724,0.49089748057755078,false,flipguard_tabular_validation_v2,sha256:ce6d203ea4b4b9871425d6e96965cb76418cb282fc41c2c2036d31f0646fe298,sha256:afd5351d9b781a1fad2db90dc7bca0052521a41efd7694c0ade20974824dcb4e,model_input,identity_model_input_v1,-0.168445281626,0.87216787308199994,1.324922976606,-0.381671547931,-0.39750401667099999,-0.169506988991,-0.086423072071000001,-0.59421189454699996,-0.21265497420900001,-0.72439712528400002,0.67451779305100001,-0.51093057202299996,0.28381059682300003,1.4152876696400001,0.14253359868500001,-0.249781977539
211,1,0.033054555370260114,0.50651160294583242,true,flipguard_tabular_validation_v2,sha256:ce6d203ea4b4b9871425d6e96965cb76418cb282fc41c2c2036d31f0646fe298,sha256:afd5351d9b781a1fad2db90dc7bca0052521a41efd7694c0ade20974824dcb4e,model_input,identity_model_input_v1,-0.168445281626,1.1501463114049999,0.25546190343800002,-0.381671547931,-0.39750401667099999,-0.18271616578800001,-0.41792661523199998,-0.54880673345800002,-0.487975475682,-0.28073343310799997,-2.0753660855690002,1.869538942553,-0.34888549929599999,-0.086840755544000003,0.38180854674600001,0.75483516066
214,0,-0.038097047552700325,0.49249510280605641,false,flipguard_tabular_validation_v2,sha256:ce6d203ea4b4b9871425d6e96965cb76418cb282fc41c2c2036d31f0646fe298,sha256:afd5351d9b781a1fad2db90dc7bca0052521a41efd7694c0ade20974824dcb4e,model_input,identity_model_input_v1,-0.168445281626,-0.036304247115999999,1.9223353850610001,1.695518426215,-0.39750401667099999,-0.41000510446600003,-0.040189640236000003,-0.39715349542200001,-0.487975475682,-0.238041266502,0.122273461475,-0.51093057202299996,1.276440472068,1.014377431267,0.73669646665099997,-0.249781977539
216,1,0.18091043141884269,0.53561567122036535,true,flipguard_tabular_validation_v2,sha256:ce6d203ea4b4b9871425d6e96965cb76418cb282fc41c2c2036d31f0646fe298,sha256:afd5351d9b781a1fad2db90dc7bca0052521a41efd7694c0ade20974824dcb4e,model_input,identity_model_input_v1,-0.168445281626,-0.60979919558100004,1.09663714695,-0.381671547931,-0.39750401667099999,0.38482294762399999,-0.85763606269000003,0.22398910826900001,-0.20773853668200001,0.16293025906899999,-1.0270939112590001,0.96727166246499996,-0.34888549929599999,0.68799537823300005,0.52010507635799996,-0.249781977539
219,0,-0.13740426791477631,0.47294173595419037,false,flipguard_tabular_validation_v2,sha256:ce6d203ea4b4b9871425d6e96965cb76418cb282fc41c2c2036d31f0646fe298,sha256:afd5351d9b781a1fad2db90dc7bca0052521a41efd7694c0ade20974824dcb4e,model_input,identity_model_input_v1,-0.168445281626,-0.70713549417300003,0.73137981950099995,0.38765807212300002,-0.39750401667099999,-0.088885461644000005,0.21556976991900001,0.75886190589299996,0.34044424750199997,-0.94664752202500002,0.448234615271,-0.51093057202299996,1.467655292228,1.3536091714289999,-0.59504789258299995,-0.249781977539
220,1,0.080259852659767345,0.51580912295239734,true,flipguard_tabular_validation_v2,sha256:ce6d203ea4b4b9871425d6e96965cb76418cb282fc41c2c2036d31f0646fe298,sha256:afd5351d9b781a1fad2db90dc7bca0052521a41efd7694c0ade20974824dcb4e,model_input,identity_model_input_v1,-0.168445281626,1.3036044398169999,-1.1661010425880001,-0.381671547931,-0.39750401667099999,-0.32619515513300001,-2.144302633773,-0.59421189454699996,-0.487975475682,-0.44187543451099998,0.96174153436800003,-0.51093057202299996,-0.34888549929599999,-1.3814467336209999,-0.74139342656499996,-0.249781977539
225,0,0.054987062206000775,0.51083178622411352,true,flipguard_tabular_validation_v2,sha256:ce6d203ea4b4b9871425d6e96965cb76418cb282fc41c2c2036d31f0646fe298,sha256:afd5351d9b781a1fad2db90dc7bca0052521a41efd7694c0ade20974824dcb4e,model_input,identity_model_input_v1,-0.168445281626,-0.67732077208200003,-0.0099687391779999992,-0.381671547931,0.58827259469899995,0.77016651900999999,1.772751101741,0.54364144233300005,1.1491982205810001,0.69993074686300005,1.030240617412,-0.51093057202299996,-0.34888549929599999,0.38731269945399999,1.404032101608,-0.249781977539
226,1,0.35572034324101115,0.56989686053141064,true,flipguard_tabular_validation_v2,sha256:ce6d203ea4b4b9871425d6e96965cb76418cb282fc41c2c2036d31f0646fe298,sha256:afd5351d9b781a1fad2db90dc7bca0052521a41efd7694c0ade20974824dcb4e,model_input,identity_model_input_v1,-0.168445281626,-0.47475604257800003,0.381599497452,-0.381671547931,-0.39750401667099999,-0.037415221021999998,-1.0366676497980001,-0.51248260458700001,-0.487975475682,1.474668005559,1.1747973030079999,-0.18644715469600001,-0.34888549929599999,-0.73896237725500002,-1.0311575838489999,-0.249781977539
227,0,-0.058461573882413416,0.48848386917465553,false,flipguard_tabular_validation_v2,sha256:ce6d203ea4b4b9871425d6e96965cb76418cb282fc41c2c2036d31f0646fe298,sha256:afd5351d9b781a1fad2db90dc7bca0052521a41efd7694c0ade20974824dcb4e,model_input,identity_model_input_v1,-0.168445281626,-0.73870402344700004,-1.1661010425880001,-0.31328669281499999,-0.39750401667099999,-0.88143606945899999,-0.53400203984100003,0.88962876982799999,0.35642266946200002,-0.39918326790600001,-0.222583991092,-0.51093057202299996,0.691548080989,0.35583096599199998,-1.1189649042380001,-0.249781977539
229,0,-0.12882835084594871,0.4746293674079744,false,flipguard_tabular_validation_v2,sha256:ce6d203ea4b4b9871425d6e96965cb76418cb282fc41c2c2036d31f0646fe298,sha256:afd5351d9b781a1fad2db90dc7bca0052521a41efd7694c0ade20974824dcb4e,model_input,identity_model_input_v1,0.41992420739000003,1.953390000692,-0.61047654871400003,-0.381671547931,-0.29028480731799999,-1.37609696606,-0.17397148554700001,-0.59421189454699996,-0.487975475682,-0.63692003880799997,-0.120071570261,-0.51093057202299996,-0.34888549929599999,0.37574798104000001,0.16741233946199999,-0.249781977539
233,0,-0.36947809585358454,0.42741457094152818,false,flipguard_tabular_validation_v2,sha256:ce6d203ea4b4b9871425d6e96965cb76418cb282fc41c2c2036d31f0646fe298,sha256:afd5351d9b781a1fad2db90dc7bca0052521a41efd7694c0ade20974824dcb4e,model_input,identity_model_input_v1,-0.168445281626,-0.73870402344700004,-1.1661010425880001,-0.381671547931,0.53546313337499996,1.0266067444119999,1.5917521345550001,0.047817083246000001,-0.487975475682,-1.2530266000179999,-0.060548229133000002,-0.51093057202299996,-0.34888549929599999,1.503308026462,-1.116037993558,-0.249781977539
238,1,0.21697281293427068,0.54270278625666757,true,flipguard_tabular_validation_v2,sha256:ce6d203ea4b4b9871425d6e96965cb76418cb282fc41c2c2036d31f0646fe298,sha256:afd5351d9b781a1fad2db90dc7bca0052521a41efd7694c0ade20974824dcb4e,model_input,identity_model_input_v1,-0.168445281626,-0.73870402344700004,-0.38296456932799999,0.040035058616999998,-0.38790229643099999,0.67314739288100001,-0.034287500000999997,3.8064563181570001,2.3512671957650002,0.139491422501,0.015981780889,1.748435444918,1.166773148741,1.0863356791800001,-0.54602213869899996,-0.249781977539
239,0,-0.27262291013123763,0.44637433558819839,false,flipguard_tabular_validation_v2,sha256:ce6d203ea4b4b9871425d6e96965cb76418cb282fc41c2c2036d31f0646fe298,sha256:afd5351d9b781a1fad2db90dc7bca0052521a41efd7694c0ade20974824dcb4e,model_input,identity_model_input_v1,-0.168445281626,-0.73870402344700004,-1.1661010425880001,-0.381671547931,-0.39750401667099999,-0.80400296409700001,-0.94813554628300001,-0.59421189454699996,-0.487975475682,-1.6925047856640001,-1.0266215037899999,-0.51093057202299996,-0.34888549929599999,-1.068556852071,-0.20430531685100001,-0.249781977539
240,0,0.053632845845257938,0.51056505353582016,true,flipguard_tabular_validation_v2,sha256:ce6d203ea4b4b9871425d6e96965cb76418cb282fc41c2c2036d31f0646fe298,sha256:afd5351d9b781a1fad2db90dc7bca0052521a41efd7694c0ade20974824dcb4e,model_input,identity_model_input_v1,-0.168445281626,-0.71415072290100001,-0.76215120163799999,-0.381671547931,-0.39750401667099999,-0.92288555527000005,0.100478035349,1.141173362258,1.4687666597910001,0.072941868674000002,-0.039762300484999999,0.099209187052999998,-0.078935164951999995,-0.84625726476800001,-1.2009184032669999,-0.249781977539
241,1,0.30980911025511781,0.56091345071878718,true,flipguard_tabular_validation_v2,sha256:ce6d203ea4b4b9871425d6e96965cb76418cb282fc41c2c2036d31f0646fe298,sha256:afd5351d9b781a1fad2db90dc7bca0052521a41efd7694c0ade20974824dcb4e,model_input,identity_model_input_v1,-0.168445281626,0.45651557098399997,-0.89602729835100003,-0.381671547931,0.111387156081,1.516712752463,-0.57777624657899995,2.0547252033599999,0.44614765431800002,0.58148091206499997,-1.8046766056770001,3.7997992712649999,-0.34888549929599999,0.28194526501,1.2474423802479999,0.32084055695800001
245,0,-0.16531996171769234,0.46745004077594227,false,flipguard_tabular_validation_v2,sha256:ce6d203ea4b4b9871425d6e96965cb76418cb282fc41c2c2036d31f0646fe298,sha256:afd5351d9b781a1fad2db90dc7bca0052521a41efd7694c0ade20974824dcb4e,model_input,identity_model_input_v1,-0.168445281626,-0.73870402344700004,-1.1661010425880001,-0.381671547931,1.8364962259790001,0.72689507777899998,1.716188924496,2.7149162455879998,-0.487975475682,-0.12419548888699999,-0.16967435453400001,-0.51093057202299996,0.061663967519000003,1.7725089717789999,-1.2104308629760001,-0.249781977539
247,1,0.01468555657604397,0.50289304197680473,true,flipguard_tabular_validation_v2,sha256:ce6d203ea4b4b9871425d6e96965cb76418cb282fc41c2c2036d31f0646fe298,sha256:afd5351d9b781a1fad2db90dc7bca0052521a41efd7694c0ade20974824dcb4e,model_input,identity_model_input_v1,-0.168445281626,-0.73870402344700004,-0.068781359700000003,-0.381671547931,-0.39750401667099999,-0.30934206749600002,0.60560287040399996,-0.59421189454699996,-0.487975475682,0.56641308855700001,0.0093680763189999995,-0.51093057202299996,-0.34888549929599999,0.066070521270999993,-0.78090672074,-0.249781977539
248,1,0.38255408388522261,0.57513921099573706,true,flipguard_tabular_validation_v2,sha256:ce6d203ea4b4b9871425d6e96965cb76418cb282fc41c2c2036d31f0646fe298,sha256:afd5351d9b781a1fad2db90dc7bca0052521a41efd7694c0ade20974824dcb4e,model_input,identity_model_input_v1,-0.168445281626,-0.078395619479999998,0.86602976648399999,0.52727715131800001,0.98514369797699997,0.69546634677899999,-2.0749524860189998,2.51059302069,2.722458229001,-0.337237771262,0.081174011648000005,2.4269848133449998,-0.26733800246299999,0.35647345034900002,-0.488947380446,-0.249781977539
250,1,0.19117930174940417,0.53763437239363832,true,flipguard_tabular_validation_v2,sha256:ce6d203ea4b4b9871425d6e96965cb76418cb282fc41c2c2036d31f0646fe298,sha256:afd5351d9b781a1fad2db90dc7bca0052521a41efd7694c0ade20974824dcb4e,model_input,identity_model_input_v1,-0.168445281626,-0.73870402344700004,-0.14848793751200001,-0.381671547931,-0.39750401667099999,-0.81584567432900001,-0.12675436367199999,-0.59421189454699996,-0.487975475682,1.4386726494019999,-0.24289751227100001,-0.51093057202299996,-0.34888549929599999,-0.21212520503499999,-1.203845313947,-0.249781977539
253,1,0.33996368435620461,0.56681568018985273,true,flipguard_tabular_validation_v2,sha256:ce6d203ea4b4b9871425d6e96965cb76418cb282fc41c2c2036d31f0646fe298,sha256:afd5351d9b781a1fad2db90dc7bca0052521a41efd7694c0ade20974824dcb4e,model_input,identity_model_input_v1,-0.168445281626,-0.60015325608100001,1.2452163987939999,2.3280783360370001,-0.38630200972399997,1.475263266652,-0.47989908769299999,3.8682073372380001,1.655591285791,0.68486292335499999,-1.170233374448,2.0498075077340001,0.0082362971799999993,2.080901462835,1.618428308892,-0.249781977539
254,0,0.037961369264987457,0.50747817092591563,true,flipguard_tabular_validation_v2,sha256:ce6d203ea4b4b9871425d6e96965cb76418cb282fc41c2c2036d31f0646fe298,sha256:afd5351d9b781a1fad2db90dc7bca0052521a41efd7694c0ade20974824dcb4e,model_input,identity_model_input_v1,-0.168445281626,-0.73870402344700004,-1.1661010425880001,-0.381671547931,-0.39750401667099999,-0.53435356189899996,-1.7449244779169999,-0.59421189454699996,-0.487975475682,-0.39164935615200003,-1.367227289133,0.94600921631599999,-0.34888549929599999,-0.96768680812200003,-0.68870903433099995,-0.249781977539
257,0,-0.10656248397946089,0.47901203096404377,false,flipguard_tabular_validation_v2,sha256:ce6d203ea4b4b9871425d6e96965cb76418cb282fc41c2c2036d31f0646fe298,sha256:afd5351d9b781a1fad2db90dc7bca0052521a41efd7694c0ade20974824dcb4e,model_input,identity_model_input_v1,-0.168445281626,0.225013022979,-0.57874868764300003,-0.381671547931,-0.39750401667099999,-0.440522857755,-0.63089550868800004,-0.59421189454699996,-0.487975475682,-0.80601450261800001,-0.059603414193999997,-0.51093057202299996,-0.34888549929599999,-1.216328254035,0.070824287033999997,-0.249781977539
258,0,-0.0065180319467059806,0.49871594881416648,false,flipguard_tabular_validation_v2,sha256:ce6d203ea4b4b9871425d6e96965cb76418cb282fc41c2c2036d31f0646fe298,sha256:afd5351d9b781a1fad2db90dc7bca0052521a41efd7694c0ade20974824dcb4e,model_input,identity_model_input_v1,-0.168445281626,-0.18362405039099999,1.0594923339889999,2.8495128562960002,-0.39750401667099999,1.455221757029,-0.37956270370900003,-0.59421189454699996,-0.48182992877399999,-0.36151370913600001,1.217313975243,0.147280804435,0.598752653558,1.9652542786889999,1.4442771234530001,-0.249781977539
261,1,0.084472435275095251,0.51663865870575176,true,flipguard_tabular_validation_v2,sha256:ce6d203ea4b4b9871425d6e96965cb76418cb282fc41c2c2036d31f0646fe298,sha256:afd5351d9b781a1fad2db90dc7bca0052521a41efd7694c0ade20974824dcb4e,model_input,identity_model_input_v1,-0.168445281626,-0.71152001212799998,-1.117348475577,1.407732160935,-0.39750401667099999,0.029541640673,-0.74156063808100003,1.004957878993,0.808734921883,0.454241513554,-0.192822320528,-0.51093057202299996,-0.34888549929599999,0.277447874516,-1.1892107605490001,-0.249781977539
264,1,0.06799651088999821,0.51339405511092351,true,flipguard_tabular_validation_v2,sha256:ce6d203ea4b4b9871425d6e96965cb76418cb282fc41c2c2036d31f0646fe298,sha256:afd5351d9b781a1fad2db90dc7bca0052521a41efd7694c0ade20974824dcb4e,model_input,identity_model_input_v1,-0.168445281626,0.117153881296,0.041105378642999998,-0.37027407207899998,-0.39750401667099999,0.56929593392599998,-0.38202192880699998,0.72162967379999998,-0.487975475682,0.079638679121999997,-0.001024888005,-0.51093057202299996,-0.34888549929599999,0.39052512123599997,0.72791573461299997,-0.249781977539
267,1,0.33668924759501989,0.56617511387590036,true,flipguard_tabular_validation_v2,sha256:ce6d203ea4b4b9871425d6e96965cb76418cb282fc41c2c2036d31f0646fe298,sha256:afd5351d9b781a1fad2db90dc7bca0052521a41efd7694c0ade20974824dcb4e,model_input,identity_model_input_v1,-0.168445281626,-0.73870402344700004,-0.55630702981199998,-0.381671547931,1.6748672685949999,1.2985335908860001,-0.0062523338879999996,3.950844730419,2.481552790212,0.65933133352200002,-0.010000629921000001,1.9277795559190001,-0.34888549929599999,0.60447241190599998,-0.34772394015399999,-0.249781977539
268,1,0.030798830984205758,0.50606725284474774,true,flipguard_tabular_validation_v2,sha256:ce6d203ea4b4b9871425d6e96965cb76418cb282fc41c2c2036d31f0646fe298,sha256:afd5351d9b781a1fad2db90dc7bca0052521a41efd7694c0ade20974824dcb4e,model_input,identity_model_input_v1,-0.168445281626,-0.443187513305,-1.105740721526,0.040035058616999998,-0.00063291339299999998,-0.024206044225000001,-1.289475989834,0.102303276552,0.318320278633,-0.337237771262,0.127942351106,-0.51093057202299996,-0.34888549929599999,-1.3814467336209999,0.35692980596899998,-0.249781977539
269,0,-0.086899438574915042,0.48288343548950208,false,flipguard_tabular_validation_v2,sha256:ce6d203ea4b4b9871425d6e96965cb76418cb282fc41c2c2036d31f0646fe298,sha256:afd5351d9b781a1fad2db90dc7bca0052521a41efd7694c0ade20974824dcb4e,model_input,identity_model_input_v1,-0.168445281626,-0.73870402344700004,-0.87049023944000004,-0.381671547931,-0.39750401667099999,-1.1674830704400001,0.34344947499599998,-0.59421189454699996,-0.487975475682,0.071267666061999996,-0.54854514488799999,-0.51093057202299996,-0.34888549929599999,-0.59633085014200005,-0.37113922559099999,-0.249781977539
273,0,-0.062537145965274807,0.4876811605495931,false,flipguard_tabular_validation_v2,sha256:ce6d203ea4b4b9871425d6e96965cb76418cb282fc41c2c2036d31f0646fe298,sha256:afd5351d9b781a1fad2db90dc7bca0052521a41efd7694c0ade20974824dcb4e,model_input,identity_model_input_v1,-0.168445281626,-0.47826365694200001,-0.80858221783899997,-0.381671547931,-0.39750401667099999,-0.31936282230700003,-0.87730986347100004,-0.59421189454699996,-0.487975475682,-0.48791600634100002,-0.52917643864800001,-0.51093057202299996,-0.34888549929599999,-1.3814467336209999,0.071556014703999998,-0.249781977539
274,1,0.028015956241666994,0.50551905542140652,true,flipguard_tabular_validation_v2,sha256:ce6d203ea4b4b9871425d6e96965cb76418cb282fc41c2c2036d31f0646fe298,sha256:afd5351d9b781a1fad2db90dc7bca0052521a41efd7694c0ade20974824dcb4e,model_input,identity_model_input_v1,-0.168445281626,-0.73870402344700004,-0.26456547801500002,-0.099584020578000004,-0.39750401667099999,-0.72019301476499997,-0.81976399618600004,-0.59421189454699996,-0.487975475682,0.28849545496700002,-1.3327415438770001,-0.51093057202299996,-0.34888549929599999,-0.42543001134899999,-1.2104308629760001,-0.249781977539
276,0,0.049377187421125776,0.50972682437456818,true,flipguard_tabular_validation_v2,sha256:ce6d203ea4b4b9871425d6e96965cb76418cb282fc41c2c2036d31f0646fe298,sha256:afd5351d9b781a1fad2db90dc7bca0052521a41efd7694c0ade20974824dcb4e,model_input,identity_model_input_v1,-0.168445281626,-0.19853141143700001,0.33129922989999999,-0.381671547931,-0.39750401667099999,-0.38768615056700001,-0.022975064552000001,-0.59421189454699996,-0.487975475682,0.37011283230199998,-0.201798062444,-0.51093057202299996,-0.34888549929599999,-0.112540129798,-0.13405946054000001,-0.249781977539
279,1,0.20287514549947944,0.53993300365898067,true,flipguard_tabular_validation_v2,sha256:ce6d203ea4b4b9871425d6e96965cb76418cb282fc41c2c2036d31f0646fe298,sha256:afd5351d9b781a1fad2db90dc7bca0052521a41efd7694c0ade20974824dcb4e,model_input,identity_model_input_v1,-0.168445281626,-0.73870402344700004,0.91942543511499997,-0.381671547931,-0.39750401667099999,-0.97390030703700003,-1.0366676497980001,-0.59421189454699996,-0.487975475682,0.83595970908700001,-0.58586533496100002,-0.51093057202299996,-0.34888549929599999,-0.42864243313099998,-1.0933544357909999,-0.249781977539
280,1,0.43687722152042008,0.58573128011108078,true,flipguard_tabular_validation_v2,sha256:ce6d203ea4b4b9871425d6e96965cb76418cb282fc41c2c2036d31f0646fe298,sha256:afd5351d9b781a1fad2db90dc7bca0052521a41efd7694c0ade20974824dcb4e,model_input,identity_model_input_v1,-0.168445281626,-0.28271415616599999,1.450286720349,-0.381671547931,-0.39750401667099999,0.47409876321700001,-0.83353565673300001,-0.36900229554699998,-0.487975475682,1.451229168991,1.4931999372960001,0.92474677016600004,-0.34888549929599999,-1.0338626968269999,-1.0875006144320001,-0.249781977539
281,1,-0.030983287683942366,0.49389641129764084,false,flipguard_tabular_validation_v2,sha256:ce6d203ea4b4b9871425d6e96965cb76418cb282fc41c2c2036d31f0646fe298,sha256:afd5351d9b781a1fad2db90dc7bca0052521a41efd7694c0ade20974824dcb4e,model_input,identity_model_input_v1,-0.168445281626,-0.70888930135499995,-0.89757499889100001,-0.381671547931,-0.39750401667099999,0.86718564513899998,0.54018748280600004,-0.35810505688599997,-0.487975475682,0.124842149646,1.0732296971149999,-0.51093057202299996,-0.34888549929599999,0.28901259292999998,-0.28699054355100001,-0.249781977539
284,0,-0.10251738880163885,0.47980838416124222,false,flipguard_tabular_validation_v2,sha256:ce6d203ea4b4b9871425d6e96965cb76418cb282fc41c2c2036d31f0646fe298,sha256:afd5351d9b781a1fad2db90dc7bca0052521a41efd7694c0ade20974824dcb4e,model_input,identity_model_input_v1,-0.168445281626,0.72046355185199995,-1.094906817746,-0.381671547931,-0.39750401667099999,-1.545538820145,-0.32988635673700001,-0.59421189454699996,-0.487975475682,-0.43517862406300001,-0.31281381772299999,-0.51093057202299996,-0.34888549929599999,-0.87709651387400001,0.472542777814,-0.249781977539
285,1,0.057344517794100359,0.51129611572002875,true,flipguard_tabular_validation_v2,sha256:ce6d203ea4b4b9871425d6e96965cb76418cb282fc41c2c2036d31f0646fe298,sha256:afd5351d9b781a1fad2db90dc7bca0052521a41efd7694c0ade20974824dcb4e,model_input,identity_model_input_v1,-0.168445281626,-0.73870402344700004,0.64703014006799997,-0.381671547931,-0.39750401667099999,-0.72474790331600003,-0.16708565527399999,0.73434311890500004,-0.47199705372200002,0.342907039857,-1.298728206089,-0.51093057202299996,-0.199850418877,0.32434923252999998,-0.18747558044400001,-0.249781977539
286,1,0.2109571124314174,0.54152099833310163,true,flipguard_tabular_validation_v2,sha256:ce6d203ea4b4b9871425d6e96965cb76418cb282fc41c2c2036d31f0646fe298,sha256:afd5351d9b781a1fad2db90dc7bca0052521a41efd7694c0ade20974824dcb4e,model_input,identity_model_input_v1,-0.168445281626,0.80113868221700002,-0.26843472936500001,-0.381671547931,-0.39750401667099999,0.091488124961999998,-1.5816319314339999,0.222172901826,-0.487975475682,0.19390300738999999,1.0070926514180001,0.096435824512000001,-0.34888549929599999,-0.49353335312300001,-0.44138508190199999,-0.249781977539
289,1,0.17468828228836555,0.53439226846313559,true,flipguard_tabular_validation_v2,sha256:ce6d203ea4b4b9871425d6e96965cb76418cb282fc41c2c2036d31f0646fe298,sha256:afd5351d9b781a1fad2db90dc7bca0052521a41efd7694c0ade20974824dcb4e,model_input,identity_model_input_v1,-0.168445281626,1.8262389800079999,1.4889792338500001,-0.381671547931,-0.19426760491200001,-1.1292220066150001,-0.22610705761700001,-0.59421189454699996,-0.093431364195000005,0.69825654425100003,-0.26557307079600001,0.022479490078,2.1959587984279998,-0.86617427981600004,-0.93676471442999998,6.6579654647210003
290,0,-0.0085747960489218449,0.49831076770028288,false,flipguard_tabular_validation_v2,sha256:ce6d203ea4b4b9871425d6e96965cb76418cb282fc41c2c2036d31f0646fe298,sha256:afd5351d9b781a1fad2db90dc7bca0052521a41efd7694c0ade20974824dcb4e,model_input,identity_model_input_v1,-0.168445281626,0.199582818843,1.5802935657120001,3.6387880590930002,-0.39750401667099999,0.65720528295400005,-1.917070234751,-0.47979088860399999,-0.487975475682,-0.91148926717300005,0.28667126078100003,-0.51093057202299996,-0.34888549929599999,0.97325843245999999,0.83621142975899998,-0.249781977539
291,1,0.45462971960765286,0.58918618840188208,true,flipguard_tabular_validation_v2,sha256:ce6d203ea4b4b9871425d6e96965cb76418cb282fc41c2c2036d31f0646fe298,sha256:afd5351d9b781a1fad2db90dc7bca0052521a41efd7694c0ade20974824dcb4e,model_input,identity_model_input_v1,-0.168445281626,1.7762554753249999,0.96353490050699997,-0.381671547931,-0.30628767438600002,3.4716709184060002,1.2922185176630001,3.3378750557229999,3.0321937931590002,1.4323943896069999,0.493585732321,2.8642516406829999,1.5492027890610001,2.7343080532589998,1.500620154036,-0.249781977539
292,1,0.020510092310346381,0.50404045367371764,true,flipguard_tabular_validation_v2,sha256:ce6d203ea4b4b9871425d6e96965cb76418cb282fc41c2c2036d31f0646fe298,sha256:afd5351d9b781a1fad2db90dc7bca0052521a41efd7694c0ade20974824dcb4e,model_input,identity_model_input_v1,-0.168445281626,-0.431787766623,-0.30944879367599998,1.228221916256,-0.39750401667099999,0.33608564013199999,1.467315344615,2.4379447629480002,-0.487975475682,1.193820517399,-1.372423771295,-0.51093057202299996,-0.34888549929599999,1.8380423761289999,-0.194061129473,-0.249781977539
295,0,-0.235268702521853,0.4537041553760407,false,flipguard_tabular_validation_v2,sha256:ce6d203ea4b4b9871425d6e96965cb76418cb282fc41c2c2036d31f0646fe298,sha256:afd5351d9b781a1fad2db90dc7bca0052521a41efd7694c0ade20974824dcb4e,model_input,identity_model_input_v1,-0.168445281626,-0.73870402344700004,-0.52690071955200002,-0.381671547931,-0.39750401667099999,-1.8019790455469999,-0.80205757548300005,-0.59421189454699996,-0.487975475682,-1.52006191663,-0.92410908295799998,-0.51093057202299996,-0.34888549929599999,-1.089116351475,-0.22772060228900001,-0.249781977539
296,1,0.31092356758575601,0.5611317105800282,true,flipguard_tabular_validation_v2,sha256:ce6d203ea4b4b9871425d6e96965cb76418cb282fc41c2c2036d31f0646fe298,sha256:afd5351d9b781a1fad2db90dc7bca0052521a41efd7694c0ade20974824dcb4e,model_input,identity_model_input_v1,-0.168445281626,-0.38005045475799998,-0.68708772544600005,-0.381671547931,1.0987640541579999,2.2327412326260001,1.122531985927,2.7739429550030001,3.2472879349350001,0.77987392158500002,-0.55232440464300003,3.6269263395269999,-0.205474384176,1.0651336954199999,0.16960752247200001,-0.249781977539
301,1,0.086070941145284643,0.51695342488025742,true,flipguard_tabular_validation_v2,sha256:ce6d203ea4b4b9871425d6e96965cb76418cb282fc41c2c2036d31f0646fe298,sha256:afd5351d9b781a1fad2db90dc7bca0052521a41efd7694c0ade20974824dcb4e,model_input,identity_model_input_v1,-0.168445281626,-0.47387913898700001,1.4851099825,-0.381671547931,-0.39750401667099999,0.44494747649299998,0.40591379247600001,-0.50067726270400004,0.33429870059400002,0.16460446168100001,0.223841067368,0.0021414981089999999,-0.34888549929599999,1.243101862134,-0.0052753906359999997,-0.249781977539
302,1,0.028534407524992117,0.50562118535014822,true,flipguard_tabular_validation_v2,sha256:ce6d203ea4b4b9871425d6e96965cb76418cb282fc41c2c2036d31f0646fe298,sha256:afd5351d9b781a1fad2db90dc7bca0052521a41efd7694c0ade20974824dcb4e,model_input,identity_model_input_v1,-0.168445281626,-0.73870402344700004,0.011699068381999999,-0.381671547931,-0.39750401667099999,-0.61952997779600005,-0.480882777732,-0.59421189454699996,-0.487975475682,0.080475780427999993,-0.209356581953,-0.51093057202299996,-0.34888549929599999,-1.26322961205,-0.18820730811299999,-0.249781977539
304,0,0.016978904525072318,0.50334482461250762,true,flipguard_tabular_validation_v2,sha256:ce6d203ea4b4b9871425d6e96965cb76418cb282fc41c2c2036d31f0646fe298,sha256:afd5351d9b781a1fad2db90dc7bca0052521a41efd7694c0ade20974824dcb4e,model_input,identity_model_input_v1,-0.168445281626,-0.64750604999000005,-0.17170344561299999,-0.34462975141000002,0.026571960623000001,1.094474583817,2.186884608183,-0.289089212032,-0.37981385010300001,0.88785999005799998,2.0303272298559998,-0.26595021421199999,-0.34888549929599999,1.4981681516109999,-1.1035986231699999,-0.068950892663000002
313,1,0.27625593364810158,0.55433808645564731,true,flipguard_tabular_validation_v2,sha256:ce6d203ea4b4b9871425d6e96965cb76418cb282fc41c2c2036d31f0646fe298,sha256:afd5351d9b781a1fad2db90dc7bca0052521a41efd7694c0ade20974824dcb4e,model_input,identity_model_input_v1,-0.168445281626,-0.056473029707000001,1.3411738322760001,-0.381671547931,-0.39750401667099999,0.80022878344399995,-2.0218332239099999,-0.59421189454699996,-0.487975475682,0.28096154321400002,0.77844743629099999,-0.51093057202299996,-0.34888549929599999,-0.78457876655699998,0.43449293897899999,-0.249781977539
318,0,-0.29810861507360625,0.44137857298612754,false,flipguard_tabular_validation_v2,sha256:ce6d203ea4b4b9871425d6e96965cb76418cb282fc41c2c2036d31f0646fe298,sha256:afd5351d9b781a1fad2db90dc7bca0052521a41efd7694c0ade20974824dcb4e,model_input,identity_model_input_v1,-0.168445281626,-0.73870402344700004,-1.1661010425880001,-0.381671547931,-0.19746817832499999,0.27277268927800002,1.771275566683,0.67985692559800004,-0.487975475682,-0.70053973806299996,-0.53106606852500005,-0.51093057202299996,-0.34888549929599999,1.263661361537,-0.27162426248299998,-0.249781977539
320,1,0.51379254692868592,0.60067460220279556,true,flipguard_tabular_validation_v2,sha256:ce6d203ea4b4b9871425d6e96965cb76418cb282fc41c2c2036d31f0646fe298,sha256:afd5351d9b781a1fad2db90dc7bca0052521a41efd7694c0ade20974824dcb4e,model_input,identity_model_input_v1,-0.168445281626,-0.73870402344700004,1.7559575770069999,-0.23065499288399999,-0.39750401667099999,0.10925219031,-0.44645362636500002,-0.51066639814400006,-0.081140270380000004,2.583408685347,1.4001356658499999,0.11584936229999999,1.9147605334860001,-0.042509334954999999,-1.0757929717129999,-0.249781977539
323,0,-0.072998815491513991,0.48562078934042602,false,flipguard_tabular_validation_v2,sha256:ce6d203ea4b4b9871425d6e96965cb76418cb282fc41c2c2036d31f0646fe298,sha256:afd5351d9b781a1fad2db90dc7bca0052521a41efd7694c0ade20974824dcb4e,model_input,identity_model_input_v1,-0.168445281626,0.170645000342,0.69113960545999997,-0.142324555026,-0.39750401667099999,-0.47605098844999999,-0.27676709462799998,-0.59421189454699996,-0.13767930193200001,-0.45443195410100001,0.019288633174000001,-0.51093057202299996,2.0384877700600001,0.28001781194100001,-0.26503871345399999,-0.249781977539
325,1,-0.041127646632518763,0.49189813188030646,false,flipguard_tabular_validation_v2,sha256:ce6d203ea4b4b9871425d6e96965cb76418cb282fc41c2c2036d31f0646fe298,sha256:afd5351d9b781a1fad2db90dc7bca0052521a41efd7694c0ade20974824dcb4e,model_input,identity_model_input_v1,-0.168445281626,-0.23536136225599999,0.56809741252599999,-0.381671547931,-0.39750401667099999,1.163708889787,0.87956054628000002,-0.55607155923200002,-0.487975475682,0.00388101093,0.34808423178600001,-0.51093057202299996,-0.34888549929599999,1.2867907983669999,0.77328285014700004,-0.249781977539
328,1,0.13380816185495265,0.52635062474602534,true,flipguard_tabular_validation_v2,sha256:ce6d203ea4b4b9871425d6e96965cb76418cb282fc41c2c2036d31f0646fe298,sha256:afd5351d9b781a1fad2db90dc7bca0052521a41efd7694c0ade20974824dcb4e,model_input,identity_model_input_v1,-0.168445281626,-0.47475604257800003,-1.076334411266,2.5588772220539999,-0.39750401667099999,0.20444936101799999,-0.55761060077799995,0.48189042325199999,0.078643949226000001,0.96487331021,0.92205930694899996,-0.51093057202299996,-0.34888549929599999,-0.47168888500700001,-0.55626632607799997,-0.249781977539
329,1,-0.064517803142132776,0.48729106701453145,false,flipguard_tabular_validation_v2,sha256:ce6d203ea4b4b9871425d6e96965cb76418cb282fc41c2c2036d31f0646fe298,sha256:afd5351d9b781a1fad2db90dc7bca0052521a41efd7694c0ade20974824dcb4e,model_input,identity_model_input_v1,-0.168445281626,-0.029289018388999999,-0.43636023795899997,-0.381671547931,-0.39750401667099999,1.1905827322360001,0.79004475272600005,0.62355452584899995,-0.487975475682,-0.12545114084600001,0.048105488799,-0.51093057202299996,-0.34888549929599999,-0.96897177683400004,2.2967398588969998,-0.249781977539
331,1,0.018493838619402809,0.50364326090681866,true,flipguard_tabular_validation_v2,sha256:ce6d203ea4b4b9871425d6e96965cb76418cb282fc41c2c2036d31f0646fe298,sha256:afd5351d9b781a1fad2db90dc7bca0052521a41efd7694c0ade20974824dcb4e,model_input,identity_model_input_v1,-0.168445281626,-0.147671003163,-0.046339701869000001,-0.381671547931,-0.39750401667099999,0.96739319325399997,1.5450268576999999,-0.59421189454699996,-0.487975475682,0.85646869108400003,0.59798778303,-0.51093057202299996,-0.34888549929599999,0.85182888910700005,0.90353037539100001,-0.249781977539
332,0,-0.054713867560853252,0.48922202325784603,false,flipguard_tabular_validation_v2,sha256:ce6d203ea4b4b9871425d6e96965cb76418cb282fc41c2c2036d31f0646fe298,sha256:afd5351d9b781a1fad2db90dc7bca0052521a41efd7694c0ade20974824dcb4e,model_input,identity_model_input_v1,-0.168445281626,-0.73870402344700004,0.35219318719100001,-0.381671547931,-0.39750401667099999,-1.7072373636930001,-0.23938687314400001,-0.59421189454699996,-0.487975475682,-0.0032343501710000002,-1.8613655019899999,-0.51093057202299996,-0.34888549929599999,-0.018737413769,-1.2104308629760001,-0.249781977539
333,1,-0.15285923511544725,0.46990101748464341,false,flipguard_tabular_validation_v2,sha256:ce6d203ea4b4b9871425d6e96965cb76418cb282fc41c2c2036d31f0646fe298,sha256:afd5351d9b781a1fad2db90dc7bca0052521a41efd7694c0ade20974824dcb4e,model_input,identity_model_input_v1,-0.168445281626,-0.57384614835299996,-0.68631387517599995,0.0086920000220000009,-0.39750401667099999,-0.082964106528000001,-0.15478952978499999,-0.32359713445900001,-0.487975475682,-0.69593568088000002,-0.48477013653700002,-0.38150698676400002,-0.34888549929599999,-0.041866850598000001,-1.2104308629760001,-0.249781977539
335,0,-0.29852140078618794,0.44129769501555999,false,flipguard_tabular_validation_v2,sha256:ce6d203ea4b4b9871425d6e96965cb76418cb282fc41c2c2036d31f0646fe298,sha256:afd5351d9b781a1fad2db90dc7bca0052521a41efd7694c0ade20974824dcb4e,model_input,identity_model_input_v1,-0.168445281626,-0.73870402344700004,-1.1661010425880001,-0.381671547931,0.98034283785700005,0.58888195469399995,-0.33775587704999999,-0.59421189454699996,-0.487975475682,-1.6925047856640001,-0.522562734079,-0.51093057202299996,-0.34888549929599999,-0.90343837248500003,0.48059178218300003,-0.249781977539
337,1,0.24248492502409313,0.5477124988046187,true,flipguard_tabular_validation_v2,sha256:ce6d203ea4b4b9871425d6e96965cb76418cb282fc41c2c2036d31f0646fe298,sha256:afd5351d9b781a1fad2db90dc7bca0052521a41efd7694c0ade20974824dcb4e,model_input,identity_model_input_v1,0.41291980871200001,1.547383638094,-1.1661010425880001,-0.381671547931,2.5518243839050001,-1.13605433944,-1.358826137588,1.1747731814639999,0.099538808711999993,0.32867631765499999,-0.12526805242299999,1.9813978983830001,-0.34888549929599999,-1.1546497558240001,-0.493337746465,-0.249781977539
338,0,-0.11388398748086609,0.47757076256829056,false,flipguard_tabular_validation_v2,sha256:ce6d203ea4b4b9871425d6e96965cb76418cb282fc41c2c2036d31f0646fe298,sha256:afd5351d9b781a1fad2db90dc7bca0052521a41efd7694c0ade20974824dcb4e,model_input,identity_model_input_v1,-0.168445281626,-0.73870402344700004,0.20670933642700001,-0.381671547931,-0.39750401667099999,-1.37700794377,0.35623744550300002,-0.59421189454699996,-0.487975475682,-0.30082386445100001,-0.75640443136699997,-0.51093057202299996,-0.34888549929599999,-0.087483239899999996,-0.67261102559300001,-0.249781977539
339,0,-0.26196542362247771,0.44846472198060017,false,flipguard_tabular_validation_v2,sha256:ce6d203ea4b4b9871425d6e96965cb76418cb282fc41c2c2036d31f0646fe298,sha256:afd5351d9b781a1fad2db90dc7bca0052521a41efd7694c0ade20974824dcb4e,model_input,identity_model_input_v1,-0.168445281626,-0.017012368116000001,-0.612798099524,-0.381671547931,-0.39750401667099999,-1.085495076528,-0.36136443798700002,-0.59421189454699996,-0.487975475682,-1.5162949607530001,-0.61184774577099998,-0.51093057202299996,-0.34888549929599999,-0.140166957122,-0.53358276830999996,-0.249781977539
340,1,0.11077792972325536,0.5218178143993718,true,flipguard_tabular_validation_v2,sha256:ce6d203ea4b4b9871425d6e96965cb76418cb282fc41c2c2036d31f0646fe298,sha256:afd5351d9b781a1fad2db90dc7bca0052521a41efd7694c0ade20974824dcb4e,model_input,identity_model_input_v1,-0.168445281626,0.86339883717200006,0.18504152886700001,-0.381671547931,1.721275583091,0.246354335684,-0.35103569257700001,1.4490203544389999,3.4230505765010002,-0.92906839459900004,-0.69735349770900001,2.427909267525,0.22475896118499999,0.28258774936699999,-0.053569416850000003,-0.249781977539
341,0,-0.44290139299479148,0.41309594664139754,false,flipguard_tabular_validation_v2,sha256:ce6d203ea4b4b9871425d6e96965cb76418cb282fc41c2c2036d31f0646fe298,sha256:afd5351d9b781a1fad2db90dc7bca0052521a41efd7694c0ade20974824dcb4e,model_input,identity_model_input_v1,9.3435281241439991,2.590898911294,0.40713655636200002,-0.381671547931,-0.122254703107,-0.97845519558799998,0.92136737294000004,-0.34266730211599999,-0.14874128636600001,-1.650231169712,-1.07197262084,1.3823515894730001,3.098605228891,1.447411887458,0.84279697878799997,-0.249781977539
342,0,-0.11388779062528209,0.47757001394076176,false,flipguard_tabular_validation_v2,sha256:ce6d203ea4b4b9871425d6e96965cb76418cb282fc41c2c2036d31f0646fe298,sha256:afd5351d9b781a1fad2db90dc7bca0052521a41efd7694c0ade20974824dcb4e,model_input,identity_model_input_v1,-0.168445281626,-0.73870402344700004,-1.1661010425880001,-0.381671547931,0.58987288140500005,0.34246248410300001,-0.14298524931699999,-0.59421189454699996,-0.110638895537,-0.639849893379,0.29375737281999997,-0.51093057202299996,-0.34888549929599999,-1.3814467336209999,0.86694399189500004,0.49765317328100001
344,1,0.23363803819013673,0.54597567937472302,true,flipguard_tabular_validation_v2,sha256:ce6d203ea4b4b9871425d6e96965cb76418cb282fc41c2c2036d31f0646fe298,sha256:afd5351d9b781a1fad2db90dc7bca0052521a41efd7694c0ade20974824dcb4e,model_input,identity_model_input_v1,-0.168445281626,-0.27657583102900002,-1.1661010425880001,-0.381671547931,0.92273251641300003,1.0726111187739999,-1.3947308240130001,2.0356550357029999,1.193446158317,0.22696850897699999,1.2910095404490001,-0.47395240480599998,-0.34888549929599999,-0.93877501208500003,-0.084301978986000004,-0.249781977539
346,1,0.12048273177629383,0.52372810240786583,true,flipguard_tabular_validation_v2,sha256:ce6d203ea4b4b9871425d6e96965cb76418cb282fc41c2c2036d31f0646fe298,sha256:afd5351d9b781a1fad2db90dc7bca0052521a41efd7694c0ade20974824dcb4e,model_input,identity_model_input_v1,-0.168445281626,-0.606291581217,0.94341479348599999,-0.381671547931,-0.39750401667099999,0.89178204331300004,1.4402638685410001,-0.59421189454699996,-0.487975475682,1.216003702007,0.74868576572699996,-0.51093057202299996,-0.34888549929599999,0.60896980239999998,0.69206107878699996,-0.249781977539
354,0,-0.35053518251713078,0.43111685696600394,false,flipguard_tabular_validation_v2,sha256:ce6d203ea4b4b9871425d6e96965cb76418cb282fc41c2c2036d31f0646fe298,sha256:afd5351d9b781a1fad2db90dc7bca0052521a41efd7694c0ade20974824dcb4e,model_input,identity_model_input_v1,-0.168445281626,-0.73870402344700004,-1.1661010425880001,-0.381671547931,4.7106111513369999,0.194428606207,0.67692039823500005,-0.073868748472000006,-0.487975475682,-1.6899934817460001,0.20352754618900001,-0.51093057202299996,-0.34888549929599999,0.35775841906099998,0.82523551471000001,-0.249781977539
358,0,-0.086511425978044371,0.48295983896686506,false,flipguard_tabular_validation_v2,sha256:ce6d203ea4b4b9871425d6e96965cb76418cb282fc41c2c2036d31f0646fe298,sha256:afd5351d9b781a1fad2db90dc7bca0052521a41efd7694c0ade20974824dcb4e,model_input,identity_model_input_v1,-0.168445281626,-0.658905796672,0.81186024758300002,-0.381671547931,-0.39750401667099999,-1.1488080273820001,0.23229250058199999,-0.59421189454699996,-0.487975475682,-0.38244124178599997,-0.49988717555399997,-0.51093057202299996,-0.34888549929599999,1.8020632521719999,-0.98213182996500004,-0.249781977539
359,1,-0.081438448478585237,0.48395878612083587,false,flipguard_tabular_validation_v2,sha256:ce6d203ea4b4b9871425d6e96965cb76418cb282fc41c2c2036d31f0646fe298,sha256:afd5351d9b781a1fad2db90dc7bca0052521a41efd7694c0ade20974824dcb4e,model_input,identity_model_input_v1,-0.168445281626,0.13907647106900001,-0.035505798089,-0.381671547931,-0.32709140157400002,1.696175361359,1.494366820689,-0.59421189454699996,-0.487975475682,0.120656643116,0.52759907010899998,-0.51093057202299996,-0.34888549929599999,1.2379619872830001,1.8438004312239999,-0.249781977539
360,0,-0.15821042654580628,0.46884838633952652,false,flipguard_tabular_validation_v2,sha256:ce6d203ea4b4b9871425d6e96965cb76418cb282fc41c2c2036d31f0646fe298,sha256:afd5351d9b781a1fad2db90dc7bca0052521a41efd7694c0ade20974824dcb4e,model_input,identity_model_input_v1,-0.168445281626,-0.043319475842999999,-1.0941329674760001,-0.381671547931,-0.39750401667099999,-0.89054584656000002,-2.2180793867020001,-0.59421189454699996,-0.487975475682,-1.5903784263330001,-1.2401496799,-0.51093057202299996,-0.34888549929599999,-1.3814467336209999,-0.46041000131999998,-0.249781977539
363,1,0.037087225184383808,0.50730597931300758,true,flipguard_tabular_validation_v2,sha256:ce6d203ea4b4b9871425d6e96965cb76418cb282fc41c2c2036d31f0646fe298,sha256:afd5351d9b781a1fad2db90dc7bca0052521a41efd7694c0ade20974824dcb4e,model_input,identity_model_input_v1,-0.168445281626,-0.73870402344700004,0.36457479151099997,-0.15087266191500001,-0.39750401667099999,-0.20685707510599999,-0.15036292461,-0.27819197337000001,-0.487975475682,0.25417430142199998,-0.376116418605,-0.49151703423400001,-0.34888549929599999,0.070567911765999997,-0.52992412996100002,-0.249781977539
364,1,0.017565183649049923,0.50346031950091952,true,flipguard_tabular_validation_v2,sha256:ce6d203ea4b4b9871425d6e96965cb76418cb282fc41c2c2036d31f0646fe298,sha256:afd5351d9b781a1fad2db90dc7bca0052521a41efd7694c0ade20974824dcb4e,model_input,identity_model_input_v1,-0.168445281626,-0.73870402344700004,-0.690183126526,0.82931026141300002,-0.39750401667099999,-0.26515964855500002,0.012437776854,1.7160027016399999,1.945661099844,0.049503032107000002,-0.060075821662999997,-0.35007554463000001,1.138653322246,0.51837950815300005,-1.1870155775390001,-0.249781977539
365,1,0.18891580647867179,0.53718944487394527,true,flipguard_tabular_validation_v2,sha256:ce6d203ea4b4b9871425d6e96965cb76418cb282fc41c2c2036d31f0646fe298,sha256:afd5351d9b781a1fad2db90dc7bca0052521a41efd7694c0ade20974824dcb4e,model_input,identity_model_input_v1,-0.168445281626,0.883567619764,1.005322815088,-0.381671547931,-0.39750401667099999,0.086933236410999995,-0.70811517675299995,-0.013025832613000001,-0.487975475682,0.33621022940900003,-1.5018634178750001,1.140144594203,-0.34888549929599999,-0.48004118163999998,1.8694108996700001,1.0321094908040001
370,1,-0.057107264189497263,0.48875061391656005,false,flipguard_tabular_validation_v2,sha256:ce6d203ea4b4b9871425d6e96965cb76418cb282fc41c2c2036d31f0646fe298,sha256:afd5351d9b781a1fad2db90dc7bca0052521a41efd7694c0ade20974824dcb4e,model_input,identity_model_input_v1,9.2384621439619998,2.0016196981930001,-0.114438525631,-0.381671547931,-0.35109570217500002,-1.7997016012710001,-0.330378201757,-0.59421189454699996,-0.487975475682,-0.143867369578,0.82852262803300003,0.63261924915400003,-0.34888549929599999,0.46248336914900001,0.67084097635999995,0.43335767643700002
371,1,0.12576216752657493,0.5247671907232041,true,flipguard_tabular_validation_v2,sha256:ce6d203ea4b4b9871425d6e96965cb76418cb282fc41c2c2036d31f0646fe298,sha256:afd5351d9b781a1fad2db90dc7bca0052521a41efd7694c0ade20974824dcb4e,model_input,identity_model_input_v1,-0.168445281626,-0.73870402344700004,-0.35433210933699999,-0.381671547931,-0.39750401667099999,0.69911025762000001,1.159420362391,-0.59421189454699996,0.14870318397599999,0.85939854565499996,1.1048809975560001,1.0005520129600001,-0.34888549929599999,-0.38174107511599997,-0.0074705736460000003,-0.249781977539
372,0,-0.12109282815444775,0.47615181541925311,false,flipguard_tabular_validation_v2,sha256:ce6d203ea4b4b9871425d6e96965cb76418cb282fc41c2c2036d31f0646fe298,sha256:afd5351d9b781a1fad2db90dc7bca0052521a41efd7694c0ade20974824dcb4e,model_input,identity_model_input_v1,-0.168445281626,-0.73870402344700004,-0.24599307153399999,-0.381671547931,-0.39750401667099999,-1.783759491344,0.25934397665600001,-0.59421189454699996,-0.487975475682,-0.066854049425999998,-1.659647512611,-0.51093057202299996,-0.34888549929599999,0.33655643530099999,-1.2104308629760001,-0.249781977539
375,0,-0.098457599089714368,0.48060767073134025,false,flipguard_tabular_validation_v2,sha256:ce6d203ea4b4b9871425d6e96965cb76418cb282fc41c2c2036d31f0646fe298,sha256:afd5351d9b781a1fad2db90dc7bca0052521a41efd7694c0ade20974824dcb4e,model_input,identity_model_input_v1,-0.168445281626,0.799384875035,0.32820382881999999,-0.222106885994,-0.39750401667099999,-1.048144990413,0.32967781444900002,1.0031416725490001,-0.487975475682,-0.013279565843,0.462879246819,-0.51093057202299996,5.9358957221540001,1.0792683512600001,-0.83066420229299998,-0.249781977539
377,1,0.3741289100053099,0.57349392432346602,true,flipguard_tabular_validation_v2,sha256:ce6d203ea4b4b9871425d6e96965cb76418cb282fc41c2c2036d31f0646fe298,sha256:afd5351d9b781a1fad2db90dc7bca0052521a41efd7694c0ade20974824dcb4e,model_input,identity_model_input_v1,3.116617698717,2.6443900303399999,0.96663030158700003,-0.381671547931,-0.39750401667099999,-1.8019790455469999,-0.198563736523,-0.59421189454699996,1.0127670792250001,1.489735829067,0.73356872670999995,1.15493586109,-0.34888549929599999,-1.3692395308500001,-0.46333691199900001,5.2796307511120002
378,0,-0.29238924694574153,0.44249930549984595,false,flipguard_tabular_validation_v2,sha256:ce6d203ea4b4b9871425d6e96965cb76418cb282fc41c2c2036d31f0646fe298,sha256:afd5351d9b781a1fad2db90dc7bca0052521a41efd7694c0ade20974824dcb4e,model_input,identity_model_input_v1,-0.168445281626,-0.110841052345,-1.1661010425880001,-0.381671547931,-0.39750401667099999,1.328595855321,0.65183630223900002,-0.37081850199100003,-0.487975475682,-1.419609759911,0.54177129418699999,-0.46748122554299998,-0.34888549929599999,0.87945571643099996,0.388394095775,-0.249781977539
379,1,0.042806525573592567,0.50843257178352219,true,flipguard_tabular_validation_v2,sha256:ce6d203ea4b4b9871425d6e96965cb76418cb282fc41c2c2036d31f0646fe298,sha256:afd5351d9b781a1fad2db90dc7bca0052521a41efd7694c0ade20974824dcb4e,model_input,identity_model_input_v1,-0.168445281626,-0.73870402344700004,-1.003592485884,2.7896761080700001,0.73549897172099998,-0.46147534508799998,-0.45137207656,0.0024119221570000002,1.100033845317,0.32490936177800001,0.67451779305100001,-0.071814836324,-0.34888549929599999,-0.33419723274500002,-0.99676638336300005,-0.249781977539
382,1,0.14520446879651577,0.52859303419265702,true,flipguard_tabular_validation_v2,sha256:ce6d203ea4b4b9871425d6e96965cb76418cb282fc41c2c2036d31f0646fe298,sha256:afd5351d9b781a1fad2db90dc7bca0052521a41efd7694c0ade20974824dcb4e,model_input,identity_model_input_v1,-0.168445281626,1.7762554753249999,-1.1661010425880001,-0.381671547931,-0.39750401667099999,-0.24557362778700001,-1.7242669870959999,-0.59421189454699996,-0.487975475682,0.0034624602769999999,2.0170998207170001,-0.51093057202299996,-0.34888549929599999,-1.3814467336209999,-1.2104308629760001,-0.249781977539
383,0,-0.11340456360536132,0.47766513477041961,false,flipguard_tabular_validation_v2,sha256:ce6d203ea4b4b9871425d6e96965cb76418cb282fc41c2c2036d31f0646fe298,sha256:afd5351d9b781a1fad2db90dc7bca0052521a41efd7694c0ade20974824dcb4e,model_input,identity_model_input_v1,-0.168445281626,-0.73870402344700004,-0.50987601361099999,-0.381671547931,-0.39750401667099999,1.2324877069019999,2.4751057896259998,-0.59421189454699996,-0.487975475682,0.65598292829799998,0.50870277133800001,-0.51093057202299996,-0.34888549929599999,0.68157053466999995,0.10594721519,-0.249781977539
385,1,0.22214754510442949,0.54371921487621055,true,flipguard_tabular_validation_v2,sha256:ce6d203ea4b4b9871425d6e96965cb76418cb282fc41c2c2036d31f0646fe298,sha256:afd5351d9b781a1fad2db90dc7bca0052521a41efd7694c0ade20974824dcb4e,model_input,identity_model_input_v1,-0.168445281626,0.56437471266700001,1.1244957566710001,-0.381671547931,-0.39750401667099999,-0.47104061104400002,0.410340397651,-0.59421189454699996,-0.487975475682,1.4700639483760001,-0.075192860680000001,-0.51093057202299996,-0.34888549929599999,-0.48903596262900001,0.89914000937100003,-0.249781977539
386,1,0.16943885413165377,0.53335999622766506,true,flipguard_tabular_validation_v2,sha256:ce6d203ea4b4b9871425d6e96965cb76418cb282fc41c2c2036d31f0646fe298,sha256:afd5351d9b781a1fad2db90dc7bca0052521a41efd7694c0ade20974824dcb4e,model_input,identity_model_input_v1,-0.168445281626,0.067170376613000002,0.14712286563599999,-0.381671547931,-0.39750401667099999,-0.195925342585,-2.0169147737149999,-0.59421189454699996,-0.487975475682,0.047828829495000003,0.29422978028899999,-0.51093057202299996,-0.34888549929599999,-1.123168022362,-0.76700389501099997,-0.249781977539
391,0,-0.036012926615133049,0.49290564028192574,false,flipguard_tabular_validation_v2,sha256:ce6d203ea4b4b9871425d6e96965cb76418cb282fc41c2c2036d31f0646fe298,sha256:afd5351d9b781a1fad2db90dc7bca0052521a41efd7694c0ade20974824dcb4e,model_input,identity_model_input_v1,-0.168445281626,-0.50807837903300002,-0.94323216482200001,-0.381671547931,-0.39750401667099999,0.28097148866900001,-0.384972998924,-0.59421189454699996,-0.487975475682,-0.10536070950199999,-0.28163492475099999,-0.51093057202299996,-0.34888549929599999,-1.3814467336209999,0.62840077150499996,-0.249781977539
393,1,0.25998522515784728,0.55114679734076677,true,flipguard_tabular_validation_v2,sha256:ce6d203ea4b4b9871425d6e96965cb76418cb282fc41c2c2036d31f0646fe298,sha256:afd5351d9b781a1fad2db90dc7bca0052521a41efd7694c0ade20974824dcb4e,model_input,identity_model_input_v1,-0.168445281626,0.078570123295000002,1.8464980585990001,-0.381671547931,-0.39750401667099999,1.0776214961799999,0.39017475185099998,-0.21553285106799999,-0.487975475682,1.2453022477169999,1.197000454064,-0.51093057202299996,-0.34888549929599999,0.57491813151299997,-0.59358443724300003,-0.249781977539
396,1,0.015024766746006212,0.50295986548198257,true,flipguard_tabular_validation_v2,sha256:ce6d203ea4b4b9871425d6e96965cb76418cb282fc41c2c2036d31f0646fe298,sha256:afd5351d9b781a1fad2db90dc7bca0052521a41efd7694c0ade20974824dcb4e,model_input,identity_model_input_v1,-0.168445281626,-0.27394512025700002,0.99371506103700002,0.13691360336399999,-0.39750401667099999,0.43902612137699998,-0.143968939356,0.095946553998999998,-0.487975475682,-0.078573467709999997,-0.54712792248099995,-0.51093057202299996,-0.34888549929599999,-0.0058877266420000003,0.58742402198999999,-0.249781977539
397,1,0.36640744261090491,0.57198549892837547,true,flipguard_tabular_validation_v2,sha256:ce6d203ea4b4b9871425d6e96965cb76418cb282fc41c2c2036d31f0646fe298,sha256:afd5351d9b781a1fad2db90dc7bca0052521a41efd7694c0ade20974824dcb4e,model_input,identity_model_input_v1,-0.168445281626,-0.26780679512,1.223548591233,-0.381671547931,-0.39750401667099999,0.34337346181299999,-2.3193994607240001,-0.59421189454699996,-0.487975475682,0.86023564696099997,0.32021219109900001,-0.51093057202299996,-0.34888549929599999,-1.0627744928639999,0.286683949657,-0.249781977539
398,0,-0.022041637924624293,0.49565784016314007,false,flipguard_tabular_validation_v2,sha256:ce6d203ea4b4b9871425d6e96965cb76418cb282fc41c2c2036d31f0646fe298,sha256:afd5351d9b781a1fad2db90dc7bca0052521a41efd7694c0ade20974824dcb4e,model_input,identity_model_input_v1,-0.168445281626,-0.73870402344700004,-1.1661010425880001,-0.381671547931,-0.39750401667099999,0.25910802362599999,-0.386448533983,1.1793136975730001,1.457704675357,-0.46615137238499998,-0.19234991305900001,-0.51093057202299996,-0.31232972485400001,-0.22047750166800001,-0.76041834598199998,-0.249781977539
399,0,0.0063936762438546336,0.5012595531745685,true,flipguard_tabular_validation_v2,sha256:ce6d203ea4b4b9871425d6e96965cb76418cb282fc41c2c2036d31f0646fe298,sha256:afd5351d9b781a1fad2db90dc7bca0052521a41efd7694c0ade20974824dcb4e,model_input,identity_model_input_v1,-0.168445281626,-0.68872051876399998,-0.541603874682,-0.381671547931,1.0363528725940001,1.283502458669,0.84660692997200004,-0.59421189454699996,0.228595293778,0.23617662334299999,1.268333981924,-0.51093057202299996,-0.34888549929599999,-1.3814467336209999,1.8818502700590001,-0.249781977539
401,1,0.24943296389929959,0.54907621820137698,true,flipguard_tabular_validation_v2,sha256:ce6d203ea4b4b9871425d6e96965cb76418cb282fc41c2c2036d31f0646fe298,sha256:afd5351d9b781a1fad2db90dc7bca0052521a41efd7694c0ade20974824dcb4e,model_input,identity_model_input_v1,-0.168445281626,-0.43967989894100001,-1.1661010425880001,-0.381671547931,2.1181466863699998,1.985866273181,-0.69827827636299999,-0.59421189454699996,-0.487975475682,0.21441198938700001,1.819633498562,3.3320254559740001,-0.34888549929599999,-1.3814467336209999,-1.2104308629760001,-0.249781977539
402,1,0.16568160543738827,0.53262108416952225,true,flipguard_tabular_validation_v2,sha256:ce6d203ea4b4b9871425d6e96965cb76418cb282fc41c2c2036d31f0646fe298,sha256:afd5351d9b781a1fad2db90dc7bca0052521a41efd7694c0ade20974824dcb4e,model_input,identity_model_input_v1,-0.168445281626,1.1098087462220001,0.30730987153,-0.381671547931,-0.39750401667099999,-1.283177239627,-0.57285779638300005,-0.20009509629800001,0.48670826390999999,0.38476210515699999,0.80017817987700002,-0.31587073995499998,-0.34888549929599999,0.54536385111999997,-0.29064918190099998,-0.249781977539
406,1,0.49701157835188553,0.59742019272303648,true,flipguard_tabular_validation_v2,sha256:ce6d203ea4b4b9871425d6e96965cb76418cb282fc41c2c2036d31f0646fe298,sha256:afd5351d9b781a1fad2db90dc7bca0052521a41efd7694c0ade20974824dcb4e,model_input,identity_model_input_v1,-0.168445281626,0.90987472749099996,0.22915099425800001,-0.381671547931,1.3292053399329999,1.116793537715,-0.60384403261399999,1.0449144207509999,1.87314364633,0.82340318949699998,1.902304805684,3.485484849923,-0.34888549929599999,-0.149161738111,0.36571053800800002,-0.249781977539
407,1,0.019500409714336149,0.50384155105235462,true,flipguard_tabular_validation_v2,sha256:ce6d203ea4b4b9871425d6e96965cb76418cb282fc41c2c2036d31f0646fe298,sha256:afd5351d9b781a1fad2db90dc7bca0052521a41efd7694c0ade20974824dcb4e,model_input,identity_model_input_v1,-0.168445281626,-0.73870402344700004,0.80799099623299997,-0.381671547931,-0.39750401667099999,-0.38404223972700002,0.78758552762900003,-0.54154190768400001,-0.458476850524,0.55846062615000003,-0.30667252062200001,-0.51093057202299996,-0.28139791571,1.029154571464,-1.070670878024,-0.249781977539
409,1,0.43130433213146629,0.58464602259027276,true,flipguard_tabular_validation_v2,sha256:ce6d203ea4b4b9871425d6e96965cb76418cb282fc41c2c2036d31f0646fe298,sha256:afd5351d9b781a1fad2db90dc7bca0052521a41efd7694c0ade20974824dcb4e,model_input,identity_model_input_v1,-0.168445281626,1.7595943070969999,-1.1661010425880001,-0.381671547931,0.87792448862399997,1.658369786388,1.716188924496,1.585235837705,0.39083773214700002,2.6662817146400002,1.258413425069,2.1579686468429999,-0.34888549929599999,-1.0248679158380001,-0.80578546151700003,-0.249781977539
410,1,0.22673999599080552,0.54462115146707002,true,flipguard_tabular_validation_v2,sha256:ce6d203ea4b4b9871425d6e96965cb76418cb282fc41c2c2036d31f0646fe298,sha256:afd5351d9b781a1fad2db90dc7bca0052521a41efd7694c0ade20974824dcb4e,model_input,identity_model_input_v1,-0.168445281626,-0.58524589503500002,-0.86507328755000001,-0.381671547931,1.2155849837520001,2.0532786237309999,1.3118923184439999,3.204383882123,3.5348995302250001,0.28933255627299997,-0.16117102008699999,3.3810215275359998,0.219134995887,1.1056102098709999,0.54717900014499998,-0.249781977539
413,1,0.16521410034466216,0.53252913923051548,true,flipguard_tabular_validation_v2,sha256:ce6d203ea4b4b9871425d6e96965cb76418cb282fc41c2c2036d31f0646fe298,sha256:afd5351d9b781a1fad2db90dc7bca0052521a41efd7694c0ade20974824dcb4e,model_input,identity_model_input_v1,-0.168445281626,-0.47650984975999999,0.98907195941699999,-0.381671547931,-0.39750401667099999,0.00039035394900000002,-0.25119115361299998,-0.59421189454699996,-0.487975475682,0.78531508007399997,0.24793384830099999,-0.51093057202299996,-0.34888549929599999,-0.139524472766,-0.94408199112900004,-0.249781977539
414,1,-0.10356844590744374,0.47960145983206948,false,flipguard_tabular_validation_v2,sha256:ce6d203ea4b4b9871425d6e96965cb76418cb282fc41c2c2036d31f0646fe298,sha256:afd5351d9b781a1fad2db90dc7bca0052521a41efd7694c0ade20974824dcb4e,model_input,identity_model_input_v1,-0.168445281626,-0.47914056053300003,-0.21426521046399999,-0.381671547931,-0.39750401667099999,0.021342841282000001,-0.42579613554500001,-0.59421189454699996,-0.487975475682,-0.65617336884499999,-0.63924737898799999,-0.51093057202299996,-0.34888549929599999,-0.088125724256999993,0.31229441810399999,-0.249781977539
416,0,0.12305376860889811,0.52423413918210171,true,flipguard_tabular_validation_v2,sha256:ce6d203ea4b4b9871425d6e96965cb76418cb282fc41c2c2036d31f0646fe298,sha256:afd5351d9b781a1fad2db90dc7bca0052521a41efd7694c0ade20974824dcb4e,model_input,identity_model_input_v1,-0.168445281626,-0.048580897388999997,-0.89215804700099999,-0.381671547931,2.8046696835740001,1.160064978946,0.051293533395999999,-0.072052542028000002,-0.17823991152400001,0.17213837343400001,1.71050737316,1.0319834550939999,-0.34888549929599999,-0.843044842987,1.1823186176260001,-0.249781977539
421,0,0.08318946071621941,0.51638602091497776,true,flipguard_tabular_validation_v2,sha256:ce6d203ea4b4b9871425d6e96965cb76418cb282fc41c2c2036d31f0646fe298,sha256:afd5351d9b781a1fad2db90dc7bca0052521a41efd7694c0ade20974824dcb4e,model_input,identity_model_input_v1,-0.168445281626,-0.73870402344700004,-1.1661010425880001,-0.381671547931,-0.37990086289699998,1.0279732109769999,1.28484084237,1.0521792465249999,-0.19298922410300001,1.059047207134,0.89985615589300005,-0.51093057202299996,-0.34888549929599999,-0.60275569370600002,1.4018369185990001,-0.249781977539
423,0,0.074072610104401401,0.51459067851852869,true,flipguard_tabular_validation_v2,sha256:ce6d203ea4b4b9871425d6e96965cb76418cb282fc41c2c2036d31f0646fe298,sha256:afd5351d9b781a1fad2db90dc7bca0052521a41efd7694c0ade20974824dcb4e,model_input,identity_model_input_v1,-0.168445281626,-0.49404792157900002,1.330339928496,-0.381671547931,-0.39750401667099999,-1.3369249245249999,0.62429298114599996,-0.59421189454699996,-0.487975475682,0.63254409173000004,0.13786290796100001,-0.51093057202299996,-0.34888549929599999,-0.051504115943999999,-1.037743132878,-0.249781977539
428,0,-0.25253660351829088,0.45031471092789327,false,flipguard_tabular_validation_v2,sha256:ce6d203ea4b4b9871425d6e96965cb76418cb282fc41c2c2036d31f0646fe298,sha256:afd5351d9b781a1fad2db90dc7bca0052521a41efd7694c0ade20974824dcb4e,model_input,identity_model_input_v1,-0.168445281626,-0.73870402344700004,-1.1661010425880001,-0.381671547931,2.913489179635,0.025442240977,0.59576597001300002,0.805175170203,-0.487975475682,-1.1140677832229999,0.112825312089,-0.51093057202299996,-0.34888549929599999,1.221899878374,-1.2104308629760001,-0.249781977539
431,1,0.084384064546583495,0.51662125723125152,true,flipguard_tabular_validation_v2,sha256:ce6d203ea4b4b9871425d6e96965cb76418cb282fc41c2c2036d31f0646fe298,sha256:afd5351d9b781a1fad2db90dc7bca0052521a41efd7694c0ade20974824dcb4e,model_input,identity_model_input_v1,-0.168445281626,-0.73870402344700004,1.9362646899210001,-0.381671547931,-0.39750401667099999,-0.39861788308899998,0.230325120504,-0.19555458018899999,-0.26673578699799999,0.42075746131399999,-0.16636750224899999,-0.48134803825,0.82089928286199998,1.0638487267079999,-1.1262821809370001,-0.249781977539
432,0,-0.31040447082277817,0.43896995029250974,false,flipguard_tabular_validation_v2,sha256:ce6d203ea4b4b9871425d6e96965cb76418cb282fc41c2c2036d31f0646fe298,sha256:afd5351d9b781a1fad2db90dc7bca0052521a41efd7694c0ade20974824dcb4e,model_input,identity_model_input_v1,-0.168445281626,0.89672117362799997,-0.98115082805300002,-0.381671547931,-0.39750401667099999,-1.1674830704400001,0.80234087821400002,-0.59421189454699996,-0.487975475682,-1.1412735756679999,-0.69735349770900001,-0.51093057202299996,-0.34888549929599999,0.54279391369499996,0.17838825451099999,-0.249781977539
433,0,-0.40002822187739412,0.42145049447998112,false,flipguard_tabular_validation_v2,sha256:ce6d203ea4b4b9871425d6e96965cb76418cb282fc41c2c2036d31f0646fe298,sha256:afd5351d9b781a1fad2db90dc7bca0052521a41efd7694c0ade20974824dcb4e,model_input,identity_model_input_v1,2.8364417515659999,-0.70538168699100001,-1.1661010425880001,-0.381671547931,1.537242611813,0.37480219281299998,1.132860731337,-0.22370578006399999,-0.487975475682,-1.649394068406,0.88615633928399995,-0.51093057202299996,-0.34888549929599999,-0.16136894088199999,0.60937585208699996,-0.249781977539
434,0,-0.24372228534960336,0.45204461873963259,false,flipguard_tabular_validation_v2,sha256:ce6d203ea4b4b9871425d6e96965cb76418cb282fc41c2c2036d31f0646fe298,sha256:afd5351d9b781a1fad2db90dc7bca0052521a41efd7694c0ade20974824dcb4e,model_input,identity_model_input_v1,-0.168445281626,1.154530829359,0.73447522058100001,-0.381671547931,-0.39750401667099999,0.062336838238,1.859315825178,-0.55334724956699999,0.014730261384,-0.47284818283300001,0.84694651933499998,-0.51093057202299996,4.0884231214859996,1.6054630391239999,-0.31113755665800003,-0.249781977539
435,0,-0.20329169679201259,0.45998514189374201,false,flipguard_tabular_validation_v2,sha256:ce6d203ea4b4b9871425d6e96965cb76418cb282fc41c2c2036d31f0646fe298,sha256:afd5351d9b781a1fad2db90dc7bca0052521a41efd7694c0ade20974824dcb4e,model_input,identity_model_input_v1,-0.168445281626,0.26622749175299998,-1.0887160155860001,-0.381671547931,-0.39750401667099999,-0.31116402291599998,-1.6716395700069999,-0.59421189454699996,-0.487975475682,-1.649394068406,-1.2250326408829999,-0.51093057202299996,-0.34888549929599999,-1.1919138484930001,0.31595305645400001,-0.249781977539
436,1,0.51020298415557852,0.59997875007230939,true,flipguard_tabular_validation_v2,sha256:ce6d203ea4b4b9871425d6e96965cb76418cb282fc41c2c2036d31f0646fe298,sha256:afd5351d9b781a1fad2db90dc7bca0052521a41efd7694c0ade20974824dcb4e,model_input,identity_model_input_v1,-0.168445281626,1.7815168968699999,2.1924091292979999,-0.26769678940500002,-0.32869168828000001,0.070991126483999994,1.75356914598,0.057806218685000001,2.9498434645930001,2.5444834746180001,2.7960997375429999,-0.033912214927000001,0.99805418977500004,-0.11575255158,0.55303282150400002,2.0728928459780001
437,0,-0.20131958917829393,0.46037267852303038,false,flipguard_tabular_validation_v2,sha256:ce6d203ea4b4b9871425d6e96965cb76418cb282fc41c2c2036d31f0646fe298,sha256:afd5351d9b781a1fad2db90dc7bca0052521a41efd7694c0ade20974824dcb4e,model_input,identity_model_input_v1,-0.168445281626,-0.73870402344700004,-0.20265745641300001,-0.381671547931,-0.39750401667099999,-1.7213575182,0.60461918036399998,-0.59421189454699996,-0.487975475682,-0.545257445801,-1.0823655851639999,-0.51093057202299996,-0.34888549929599999,0.283872718079,-1.164332019772,-0.249781977539
438,1,0.0047324436384298492,0.50093229097281899,true,flipguard_tabular_validation_v2,sha256:ce6d203ea4b4b9871425d6e96965cb76418cb282fc41c2c2036d31f0646fe298,sha256:afd5351d9b781a1fad2db90dc7bca0052521a41efd7694c0ade20974824dcb4e,model_input,identity_model_input_v1,-0.168445281626,-0.110841052345,0.60059912386699998,-0.381671547931,-0.39750401667099999,-0.64959224223000001,-0.70663964169500004,-0.59421189454699996,-0.487975475682,-0.26985111613000001,-0.61137533830099999,-0.51093057202299996,-0.34888549929599999,0.084702567606000007,-0.071862608598000005,-0.249781977539
440,0,-0.30384031802402017,0.44025565821223572,false,flipguard_tabular_validation_v2,sha256:ce6d203ea4b4b9871425d6e96965cb76418cb282fc41c2c2036d31f0646fe298,sha256:afd5351d9b781a1fad2db90dc7bca0052521a41efd7694c0ade20974824dcb4e,model_input,identity_model_input_v1,-0.168445281626,0.29516531025300002,1.2250962917729999,0.017240106912000001,-0.39750401667099999,-0.121225170354,1.929649662971,0.84967222806999998,0.32077849739699998,-0.78257566604999995,1.1672387835,-0.51093057202299996,7.6849489300930003,2.4162782968580001,-0.33308938675499999,-0.249781977539
443,1,-0.024956775761909335,0.49508357735128222,false,flipguard_tabular_validation_v2,sha256:ce6d203ea4b4b9871425d6e96965cb76418cb282fc41c2c2036d31f0646fe298,sha256:afd5351d9b781a1fad2db90dc7bca0052521a41efd7694c0ade20974824dcb4e,model_input,identity_model_input_v1,-0.168445281626,1.3632338839989999,-0.098961520230999994,-0.381671547931,-0.39750401667099999,-0.236463850685,0.12998873652099999,-0.59421189454699996,-0.487975475682,-0.332633714079,1.6268912511,-0.51093057202299996,-0.34888549929599999,0.11232939493000001,-0.30747891830899998,-0.249781977539
444,0,-0.053772515033926757,0.489407436467649,false,flipguard_tabular_validation_v2,sha256:ce6d203ea4b4b9871425d6e96965cb76418cb282fc41c2c2036d31f0646fe298,sha256:afd5351d9b781a1fad2db90dc7bca0052521a41efd7694c0ade20974824dcb4e,model_input,identity_model_input_v1,-0.168445281626,-0.061734451252999999,-0.360522911497,-0.381671547931,-0.39750401667099999,-0.781228521344,-0.62548521347300001,-0.59421189454699996,-0.487975475682,-0.19702330250799999,-1.3554171024020001,-0.51093057202299996,-0.34888549929599999,-0.64965705171999999,-0.54748559403899999,-0.249781977539
446,1,-0.039375388284158874,0.49224329270176809,false,flipguard_tabular_validation_v2,sha256:ce6d203ea4b4b9871425d6e96965cb76418cb282fc41c2c2036d31f0646fe298,sha256:afd5351d9b781a1fad2db90dc7bca0052521a41efd7694c0ade20974824dcb4e,model_input,identity_model_input_v1,-0.168445281626,-0.73870402344700004,-0.20962210884400001,-0.34462975141000002,-0.39750401667099999,-0.423214281262,0.48313346054099998,-0.59421189454699996,-0.487975475682,0.478098900775,-1.4087991464289999,-0.51093057202299996,-0.34888549929599999,0.59226520913500003,-0.62358527170900002,-0.249781977539
449,0,-0.15187973208459504,0.47009370669367179,false,flipguard_tabular_validation_v2,sha256:ce6d203ea4b4b9871425d6e96965cb76418cb282fc41c2c2036d31f0646fe298,sha256:afd5351d9b781a1fad2db90dc7bca0052521a41efd7694c0ade20974824dcb4e,model_input,identity_model_input_v1,-0.168445281626,-0.73870402344700004,-1.1661010425880001,-0.381671547931,3.007906095334,1.452033335044,-0.87485063837300003,0.52457127467599995,-0.487975475682,-1.6925047856640001,-0.94111575185200003,1.3315066095500001,-0.34888549929599999,-1.3814467336209999,2.612114484628,-0.249781977539
450,0,-0.2095419129758575,0.45875704525252459,false,flipguard_tabular_validation_v2,sha256:ce6d203ea4b4b9871425d6e96965cb76418cb282fc41c2c2036d31f0646fe298,sha256:afd5351d9b781a1fad2db90dc7bca0052521a41efd7694c0ade20974824dcb4e,model_input,identity_model_input_v1,-0.168445281626,-0.73870402344700004,-0.79387906270800002,-0.019801689609999999,-0.29508566743800002,0.26184095675699998,0.78020785233599999,-0.50975829492199998,-0.30606728720900001,-0.425133408391,-0.91749537838799999,-0.51093057202299996,-0.34888549929599999,1.040076805522,-1.2104308629760001,-0.249781977539
453,0,-0.19542335245108844,0.46153145266255435,false,flipguard_tabular_validation_v2,sha256:ce6d203ea4b4b9871425d6e96965cb76418cb282fc41c2c2036d31f0646fe298,sha256:afd5351d9b781a1fad2db90dc7bca0052521a41efd7694c0ade20974824dcb4e,model_input,identity_model_input_v1,-0.168445281626,0.97915011117499995,0.76388153084099997,-0.381671547931,-0.39750401667099999,-0.38768615056700001,0.65331183729800002,-0.59421189454699996,1.702297442291,-1.409145993586,-0.105426938713,-0.47765022152800002,-0.19141447092899999,0.42393430776699997,1.0813401991789999,-0.249781977539
456,0,-0.36085196449592205,0.42910011510760493,false,flipguard_tabular_validation_v2,sha256:ce6d203ea4b4b9871425d6e96965cb76418cb282fc41c2c2036d31f0646fe298,sha256:afd5351d9b781a1fad2db90dc7bca0052521a41efd7694c0ade20974824dcb4e,model_input,identity_model_input_v1,-0.168445281626,-0.73870402344700004,-1.1661010425880001,-0.381671547931,-0.39750401667099999,1.1072282717590001,0.38574814667500001,-0.59421189454699996,-0.487975475682,-1.681622468687,-0.65956090016699997,-0.51093057202299996,-0.34888549929599999,-0.092623114751000005,-0.13844982655999999,-0.249781977539
457,0,-0.28791309569729273,0.44337658516344586,false,flipguard_tabular_validation_v2,sha256:ce6d203ea4b4b9871425d6e96965cb76418cb282fc41c2c2036d31f0646fe298,sha256:afd5351d9b781a1fad2db90dc7bca0052521a41efd7694c0ade20974824dcb4e,model_input,identity_model_input_v1,10.135025174845,1.333419161908,-1.0755605609959999,-0.381671547931,0.053776834638000003,0.27322817813299999,0.12703766640399999,-0.59421189454699996,-0.487975475682,-0.95250723116699998,-0.17156398441099999,0.47083976758099999,-0.34888549929599999,0.15923075294399999,1.976974867147,0.64633650973500001
458,1,-0.016523796893967341,0.49674483005824505,false,flipguard_tabular_validation_v2,sha256:ce6d203ea4b4b9871425d6e96965cb76418cb282fc41c2c2036d31f0646fe298,sha256:afd5351d9b781a1fad2db90dc7bca0052521a41efd7694c0ade20974824dcb4e,model_input,identity_model_input_v1,-0.168445281626,-0.73870402344700004,0.95347484699600005,-0.381671547931,-0.39750401667099999,-1.037668746746,-0.12577067363300001,-0.59421189454699996,-0.487975475682,-0.068528252038000004,-0.88489926300900001,-0.51093057202299996,-0.34888549929599999,0.23375893828300001,-0.98359528530399998,-0.249781977539
459,1,-0.15899046745919473,0.46869495373480602,false,flipguard_tabular_validation_v2,sha256:ce6d203ea4b4b9871425d6e96965cb76418cb282fc41c2c2036d31f0646fe298,sha256:afd5351d9b781a1fad2db90dc7bca0052521a41efd7694c0ade20974824dcb4e,model_input,identity_model_input_v1,2.1850326744399999,0.631896289168,-1.009009437774,-0.381671547931,5.1602917159389996,0.51554824902800001,0.50723386649799995,-0.59421189454699996,-0.487975475682,-0.76708929188899999,-0.97749112698600005,1.5099262663699999,-0.34888549929599999,-0.39587573095599998,1.886972363748,3.181990166551
460,0,-0.12224772090274351,0.47592450670899461,false,flipguard_tabular_validation_v2,sha256:ce6d203ea4b4b9871425d6e96965cb76418cb282fc41c2c2036d31f0646fe298,sha256:afd5351d9b781a1fad2db90dc7bca0052521a41efd7694c0ade20974824dcb4e,model_input,identity_model_input_v1,-0.168445281626,-0.73870402344700004,-0.17557269696300001,-0.381671547931,-0.39750401667099999,-1.5573815303759999,-0.99486082313799995,-0.59421189454699996,-0.487975475682,-0.85665913163100005,-1.3695893264800001,-0.51093057202299996,-0.34888549929599999,-0.56420663232400003,-0.68870903433099995,-0.249781977539
462,0,-0.10205815970763479,0.47989879463486018,false,flipguard_tabular_validation_v2,sha256:ce6d203ea4b4b9871425d6e96965cb76418cb282fc41c2c2036d31f0646fe298,sha256:afd5351d9b781a1fad2db90dc7bca0052521a41efd7694c0ade20974824dcb4e,model_input,identity_model_input_v1,-0.168445281626,-0.73870402344700004,-1.1661010425880001,0.974628078535,-0.39750401667099999,-0.35580193071299998,-1.2432425579990001,1.0449144207509999,-0.487975475682,-0.70974785242899996,-1.0951205868339999,-0.51093057202299996,-0.34888549929599999,0.55885602260400002,-1.035547949868,-0.249781977539
463,0,0.063475016059121606,0.51250355518056934,true,flipguard_tabular_validation_v2,sha256:ce6d203ea4b4b9871425d6e96965cb76418cb282fc41c2c2036d31f0646fe298,sha256:afd5351d9b781a1fad2db90dc7bca0052521a41efd7694c0ade20974824dcb4e,model_input,identity_model_input_v1,-0.168445281626,1.643843033095,2.0670453855550002,-0.381671547931,-0.39750401667099999,-0.32072928887300001,1.575029403891,-0.494320540152,1.971472396857,0.042806221658999999,1.3406123247220001,1.036605725996,3.1857766910229999,1.3857333892470001,1.5313527161730001,-0.145301795166
464,1,0.063724594392158204,0.51255270999782376,true,flipguard_tabular_validation_v2,sha256:ce6d203ea4b4b9871425d6e96965cb76418cb282fc41c2c2036d31f0646fe298,sha256:afd5351d9b781a1fad2db90dc7bca0052521a41efd7694c0ade20974824dcb4e,model_input,identity_model_input_v1,-0.168445281626,-0.73870402344700004,-0.297841039626,-0.381671547931,-0.39750401667099999,-0.58582380252099997,-0.67171864530799996,-0.59421189454699996,-0.487975475682,0.14535113164300001,0.48744443522100001,-0.51093057202299996,-0.34888549929599999,-1.1732818021589999,-0.36309022122200002,-0.249781977539
465,0,0.060801264100644896,0.51197694994890275,true,flipguard_tabular_validation_v2,sha256:ce6d203ea4b4b9871425d6e96965cb76418cb282fc41c2c2036d31f0646fe298,sha256:afd5351d9b781a1fad2db90dc7bca0052521a41efd7694c0ade20974824dcb4e,model_input,identity_model_input_v1,-0.168445281626,1.500030844184,2.2690203060299998,-0.381671547931,-0.39750401667099999,-0.077953729122999998,1.934076268146,-0.59421189454699996,0.83700443765999999,0.79201189052200005,1.634922178077,-0.51093057202299996,2.834278859846,0.734254251892,-0.81822483190499995,-0.249781977539
466,0,-0.12446497149549184,0.47548811322631412,false,flipguard_tabular_validation_v2,sha256:ce6d203ea4b4b9871425d6e96965cb76418cb282fc41c2c2036d31f0646fe298,sha256:afd5351d9b781a1fad2db90dc7bca0052521a41efd7694c0ade20974824dcb4e,model_input,identity_model_input_v1,-0.168445281626,-0.73870402344700004,0.096048747813999996,-0.381671547931,-0.39750401667099999,-1.559658974652,0.089657444919999996,-0.59421189454699996,-0.487975475682,-0.51344759617400004,-0.744121837166,-0.51093057202299996,-0.34888549929599999,-0.82826770278999995,-0.027958948402999999,-0.249781977539
467,1,-0.17098262922018886,0.46633641679297427,false,flipguard_tabular_validation_v2,sha256:ce6d203ea4b4b9871425d6e96965cb76418cb282fc41c2c2036d31f0646fe298,sha256:afd5351d9b781a1fad2db90dc7bca0052521a41efd7694c0ade20974824dcb4e,model_input,identity_model_input_v1,-0.168445281626,-0.73870402344700004,-0.87049023944000004,-0.381671547931,-0.39750401667099999,-0.73932354667800004,-0.507442408786,-0.59421189454699996,-0.487975475682,-0.646965254479,-1.823572904448,-0.51093057202299996,-0.34888549929599999,-0.37852865333399999,-1.2104308629760001,-0.249781977539
474,1,0.43274989277884296,0.58492756031269943,true,flipguard_tabular_validation_v2,sha256:ce6d203ea4b4b9871425d6e96965cb76418cb282fc41c2c2036d31f0646fe298,sha256:afd5351d9b781a1fad2db90dc7bca0052521a41efd7694c0ade20974824dcb4e,model_input,identity_model_input_v1,-0.168445281626,-0.39408091221300001,2.360334637892,4.7870837512469997,-0.39750401667099999,-0.54209687243500004,0.23229250058199999,1.903980068546,3.5594817178559999,2.3958979928040001,1.0968500705790001,-0.51093057202299996,2.5896363693460001,-0.88866123228899996,0.193022807909,-0.249781977539
477,0,-0.30357533408718324,0.44030756674730304,false,flipguard_tabular_validation_v2,sha256:ce6d203ea4b4b9871425d6e96965cb76418cb282fc41c2c2036d31f0646fe298,sha256:afd5351d9b781a1fad2db90dc7bca0052521a41efd7694c0ade20974824dcb4e,model_input,identity_model_input_v1,-0.168445281626,-0.73870402344700004,-1.1661010425880001,-0.381671547931,-0.39750401667099999,-0.157208789904,0.25786844159799999,-0.151965625544,-0.487975475682,-1.2149384905959999,-1.3393552484460001,-0.51093057202299996,-0.34888549929599999,0.364183262625,-1.2104308629760001,-0.249781977539
478,0,0.23535793514367073,0.54631336415820853,true,flipguard_tabular_validation_v2,sha256:ce6d203ea4b4b9871425d6e96965cb76418cb282fc41c2c2036d31f0646fe298,sha256:afd5351d9b781a1fad2db90dc7bca0052521a41efd7694c0ade20974824dcb4e,model_input,identity_model_input_v1,-0.168445281626,-0.73870402344700004,-1.1661010425880001,-0.381671547931,2.4158000138290001,1.29079028035,-0.22069676240200001,-0.54245001090599998,-0.487975475682,0.56683163921000002,2.4786419181929999,1.9111393806720001,-0.34888549929599999,-0.99659860415799995,0.67523134237899995,-0.249781977539
479,1,0.20561772797925762,0.54047191945204476,true,flipguard_tabular_validation_v2,sha256:ce6d203ea4b4b9871425d6e96965cb76418cb282fc41c2c2036d31f0646fe298,sha256:afd5351d9b781a1fad2db90dc7bca0052521a41efd7694c0ade20974824dcb4e,model_input,identity_model_input_v1,-0.168445281626,-0.56156949808000001,1.191046879892,-0.381671547931,-0.39750401667099999,0.029086151817999999,-0.964366431927,-0.59421189454699996,-0.487975475682,0.62668438258900006,0.037712524476000001,-0.51093057202299996,-0.34888549929599999,-0.33548220145699997,-0.123083545492,-0.249781977539
481,1,0.053338884663529117,0.51050715327439533,true,flipguard_tabular_validation_v2,sha256:ce6d203ea4b4b9871425d6e96965cb76418cb282fc41c2c2036d31f0646fe298,sha256:afd5351d9b781a1fad2db90dc7bca0052521a41efd7694c0ade20974824dcb4e,model_input,identity_model_input_v1,-0.168445281626,-0.70976620494599996,-1.134373181517,-0.381671547931,0.73549897172099998,-0.161763678455,-1.120773148137,1.518944302515,2.1460059290409998,-0.852892175754,-1.033235208359,1.419329756689,-0.34888549929599999,-1.304991095214,-1.18262521152,-0.249781977539
483,0,-0.048558252824612583,0.49043448217632951,false,flipguard_tabular_validation_v2,sha256:ce6d203ea4b4b9871425d6e96965cb76418cb282fc41c2c2036d31f0646fe298,sha256:afd5351d9b781a1fad2db90dc7bca0052521a41efd7694c0ade20974824dcb4e,model_input,identity_model_input_v1,-0.168445281626,-0.73870402344700004,0.71125971247999997,1.6299829400620001,-0.39750401667099999,-0.52706574021700003,-1.2948862850489999,-0.59421189454699996,-0.487975475682,-0.59673917612000005,-0.83387925632799997,-0.51093057202299996,-0.34888549929599999,-0.15173167553700001,-0.24601379403599999,-0.249781977539
484,0,-0.038935229411992664,0.49232999590160692,false,flipguard_tabular_validation_v2,sha256:ce6d203ea4b4b9871425d6e96965cb76418cb282fc41c2c2036d31f0646fe298,sha256:afd5351d9b781a1fad2db90dc7bca0052521a41efd7694c0ade20974824dcb4e,model_input,identity_model_input_v1,-0.168445281626,0.156614542887,1.9424554920820001,5.6134007505649999,-0.39750401667099999,0.75376892022800002,-1.6480310090700001,-0.41985607596699998,0.13887030892300001,-0.62478206987100005,1.18046619264,-0.51093057202299996,3.05642548915,1.117817412642,-0.090155800346000001,-0.249781977539
486,1,0.54761653683245504,0.60722357228753465,true,flipguard_tabular_validation_v2,sha256:ce6d203ea4b4b9871425d6e96965cb76418cb282fc41c2c2036d31f0646fe298,sha256:afd5351d9b781a1fad2db90dc7bca0052521a41efd7694c0ade20974824dcb4e,model_input,identity_model_input_v1,-0.168445281626,-0.553677365762,1.986564957473,-0.381671547931,-0.39750401667099999,0.42353950030499998,-0.42825536064300002,-0.465261237055,-0.487975475682,2.270332796905,0.89749411854700001,1.282510537988,-0.34888549929599999,-0.19670558048199999,-0.117229724132,-0.249781977539
489,0,0.00784893428230048,0.50154623811945465,true,flipguard_tabular_validation_v2,sha256:ce6d203ea4b4b9871425d6e96965cb76418cb282fc41c2c2036d31f0646fe298,sha256:afd5351d9b781a1fad2db90dc7bca0052521a41efd7694c0ade20974824dcb4e,model_input,identity_model_input_v1,-0.168445281626,2.0945714788309999,0.86293436540400004,-0.381671547931,-0.39750401667099999,-1.0522443901080001,-0.20544956679699999,-0.59421189454699996,-0.487975475682,-0.40462442639500001,0.48602721281299999,-0.19938951322199999,-0.34888549929599999,0.86403609187800001,0.53181271907700001,-0.249781977539
491,0,-0.17992574942839437,0.46457792650589086,false,flipguard_tabular_validation_v2,sha256:ce6d203ea4b4b9871425d6e96965cb76418cb282fc41c2c2036d31f0646fe298,sha256:afd5351d9b781a1fad2db90dc7bca0052521a41efd7694c0ade20974824dcb4e,model_input,identity_model_input_v1,-0.168445281626,-0.097687498481000001,0.0031867154120000002,-0.381671547931,-0.39750401667099999,-0.46056436737799999,-0.37513609853399998,-0.59421189454699996,-0.487975475682,-1.124112998895,-1.241566902308,-0.51093057202299996,-0.34888549929599999,-0.039939397528999998,1.8335562438449999,-0.076987829768999996
492,0,-0.0036888053613735811,0.49927330554458793,false,flipguard_tabular_validation_v2,sha256:ce6d203ea4b4b9871425d6e96965cb76418cb282fc41c2c2036d31f0646fe298,sha256:afd5351d9b781a1fad2db90dc7bca0052521a41efd7694c0ade20974824dcb4e,model_input,identity_model_input_v1,-0.168445281626,-0.73870402344700004,0.51934484551500004,-0.16227013776800001,-0.39750401667099999,-1.5942761276370001,1.236640030457,-0.53700139157500004,-0.487975475682,0.98956779873599998,-1.2850283894800001,-0.51093057202299996,-0.34888549929599999,0.18107522106099999,-1.2104308629760001,-0.249781977539
497,0,-0.38792353221840542,0.42381257032700892,false,flipguard_tabular_validation_v2,sha256:ce6d203ea4b4b9871425d6e96965cb76418cb282fc41c2c2036d31f0646fe298,sha256:afd5351d9b781a1fad2db90dc7bca0052521a41efd7694c0ade20974824dcb4e,model_input,identity_model_input_v1,-0.168445281626,-0.73870402344700004,-1.1661010425880001,-0.381671547931,-0.21347104539299999,0.71186394556199994,1.843576784553,-0.337218682785,-0.487975475682,-1.2480039921820001,0.20352754618900001,-0.51093057202299996,-0.34888549929599999,1.2161175191660001,-0.90603215229400003,-0.249781977539
498,0,-0.26982438665984854,0.44692317430135997,false,flipguard_tabular_validation_v2,sha256:ce6d203ea4b4b9871425d6e96965cb76418cb282fc41c2c2036d31f0646fe298,sha256:afd5351d9b781a1fad2db90dc7bca0052521a41efd7694c0ade20974824dcb4e,model_input,identity_model_input_v1,-0.168445281626,-0.73870402344700004,-1.1661010425880001,-0.381671547931,0.74830126537599995,0.055049016557000001,-0.699261966402,-0.59421189454699996,-0.487975475682,-1.6925047856640001,-0.43847420454899999,-0.51093057202299996,-0.34888549929599999,-0.73767740854300001,0.195217990919,-0.249781977539
