workload_id,dataset_id,model_id,split_id,validation_digest,candidate_id,profile_family,path,is_reference,log_n,slots,chain_length,scale_bits,status,assurance,reason,success_runs,failed_runs,observed_validation,decision_flips_v_cert,error_violations_v_cert,max_observed_error_v_cert,mean_total_ms,threshold,margin_floor,safety_factor,v_cert,v_amb,coverage_rate,min_margin,min_certified_margin,p5_margin,selected,run_tags
banknote__linear_poly3,banknote,linear_poly3,test_seed42_ratio0.3_prefix412_of412,sha256:fa3e9b6c98a464895133f292750bb0c9212fc76ff6df273367a06942d13d794a,deep_chain_8_scale45__baseline_non_rescale,deep_chain_8_scale45,baseline_non_rescale,false,15,16384,8,45,SAFE,OBSERVED_VALIDATION,"zero failures, zero decision flips, and zero error violations on V_cert=412",3,0,true,0,0,1.00000008274e-10,334.444300297,0.5,0.001,0.5,412,0,1,0.0043121153,0.0043121153,0.0234581013,false,tabular_sweep_banknote_linear_poly3_deep_chain_8_scale45_baseline_non_rescale_r1;tabular_sweep_banknote_linear_poly3_deep_chain_8_scale45_baseline_non_rescale_r2;tabular_sweep_banknote_linear_poly3_deep_chain_8_scale45_baseline_non_rescale_r3
banknote__linear_poly3,banknote,linear_poly3,test_seed42_ratio0.3_prefix412_of412,sha256:fa3e9b6c98a464895133f292750bb0c9212fc76ff6df273367a06942d13d794a,deep_chain_8_scale45__rescale_aware,deep_chain_8_scale45,rescale_aware,false,15,16384,8,45,SAFE,OBSERVED_VALIDATION,"zero failures, zero decision flips, and zero error violations on V_cert=412",3,0,true,0,0,1.00000008274e-10,311.670941478,0.5,0.001,0.5,412,0,1,0.0043121153,0.0043121153,0.0234581013,false,tabular_sweep_banknote_linear_poly3_deep_chain_8_scale45_rescale_aware_r1;tabular_sweep_banknote_linear_poly3_deep_chain_8_scale45_rescale_aware_r2;tabular_sweep_banknote_linear_poly3_deep_chain_8_scale45_rescale_aware_r3
banknote__linear_poly3,banknote,linear_poly3,test_seed42_ratio0.3_prefix412_of412,sha256:fa3e9b6c98a464895133f292750bb0c9212fc76ff6df273367a06942d13d794a,deep_chain_9_scale45__baseline_non_rescale,deep_chain_9_scale45,baseline_non_rescale,false,15,16384,9,45,SAFE,OBSERVED_VALIDATION,"zero failures, zero decision flips, and zero error violations on V_cert=412",3,0,true,0,0,1.00000008274e-10,382.785322689,0.5,0.001,0.5,412,0,1,0.0043121153,0.0043121153,0.0234581013,false,tabular_sweep_banknote_linear_poly3_deep_chain_9_scale45_baseline_non_rescale_r1;tabular_sweep_banknote_linear_poly3_deep_chain_9_scale45_baseline_non_rescale_r2;tabular_sweep_banknote_linear_poly3_deep_chain_9_scale45_baseline_non_rescale_r3
banknote__linear_poly3,banknote,linear_poly3,test_seed42_ratio0.3_prefix412_of412,sha256:fa3e9b6c98a464895133f292750bb0c9212fc76ff6df273367a06942d13d794a,deep_chain_9_scale45__rescale_aware,deep_chain_9_scale45,rescale_aware,false,15,16384,9,45,SAFE,OBSERVED_VALIDATION,"zero failures, zero decision flips, and zero error violations on V_cert=412",3,0,true,0,0,1.00000008274e-10,368.531340702,0.5,0.001,0.5,412,0,1,0.0043121153,0.0043121153,0.0234581013,false,tabular_sweep_banknote_linear_poly3_deep_chain_9_scale45_rescale_aware_r1;tabular_sweep_banknote_linear_poly3_deep_chain_9_scale45_rescale_aware_r2;tabular_sweep_banknote_linear_poly3_deep_chain_9_scale45_rescale_aware_r3
banknote__linear_poly3,banknote,linear_poly3,test_seed42_ratio0.3_prefix412_of412,sha256:fa3e9b6c98a464895133f292750bb0c9212fc76ff6df273367a06942d13d794a,default__baseline_non_rescale,default,baseline_non_rescale,false,14,8192,7,45,SAFE,OBSERVED_VALIDATION,"zero failures, zero decision flips, and zero error violations on V_cert=412",3,0,true,0,0,1.00000008274e-10,145.401472153,0.5,0.001,0.5,412,0,1,0.0043121153,0.0043121153,0.0234581013,false,tabular_sweep_banknote_linear_poly3_default_baseline_non_rescale_r1;tabular_sweep_banknote_linear_poly3_default_baseline_non_rescale_r2;tabular_sweep_banknote_linear_poly3_default_baseline_non_rescale_r3
banknote__linear_poly3,banknote,linear_poly3,test_seed42_ratio0.3_prefix412_of412,sha256:fa3e9b6c98a464895133f292750bb0c9212fc76ff6df273367a06942d13d794a,default__rescale_aware,default,rescale_aware,true,14,8192,7,45,SAFE,OBSERVED_VALIDATION,"zero failures, zero decision flips, and zero error violations on V_cert=412",3,0,true,0,0,2.07900000104e-07,119.330279396,0.5,0.001,0.5,412,0,1,0.0043121153,0.0043121153,0.0234581013,true,tabular_sweep_banknote_linear_poly3_default_rescale_aware_r1;tabular_sweep_banknote_linear_poly3_default_rescale_aware_r2;tabular_sweep_banknote_linear_poly3_default_rescale_aware_r3
banknote__linear_poly3,banknote,linear_poly3,test_seed42_ratio0.3_prefix412_of412,sha256:fa3e9b6c98a464895133f292750bb0c9212fc76ff6df273367a06942d13d794a,scale38__baseline_non_rescale,scale38,baseline_non_rescale,false,14,8192,7,38,SAFE,OBSERVED_VALIDATION,"zero failures, zero decision flips, and zero error violations on V_cert=412",3,0,true,0,0,8.49999998165e-09,145.363037006,0.5,0.001,0.5,412,0,1,0.0043121153,0.0043121153,0.0234581013,false,tabular_sweep_banknote_linear_poly3_scale38_baseline_non_rescale_r1;tabular_sweep_banknote_linear_poly3_scale38_baseline_non_rescale_r2;tabular_sweep_banknote_linear_poly3_scale38_baseline_non_rescale_r3
banknote__linear_poly3,banknote,linear_poly3,test_seed42_ratio0.3_prefix412_of412,sha256:fa3e9b6c98a464895133f292750bb0c9212fc76ff6df273367a06942d13d794a,scale38__rescale_aware,scale38,rescale_aware,false,14,8192,7,38,SAFE,OBSERVED_VALIDATION,"zero failures, zero decision flips, and zero error violations on V_cert=412",3,0,true,0,0,3.89999998962e-09,135.308828016,0.5,0.001,0.5,412,0,1,0.0043121153,0.0043121153,0.0234581013,false,tabular_sweep_banknote_linear_poly3_scale38_rescale_aware_r1;tabular_sweep_banknote_linear_poly3_scale38_rescale_aware_r2;tabular_sweep_banknote_linear_poly3_scale38_rescale_aware_r3
banknote__linear_poly3,banknote,linear_poly3,test_seed42_ratio0.3_prefix412_of412,sha256:fa3e9b6c98a464895133f292750bb0c9212fc76ff6df273367a06942d13d794a,scale40__baseline_non_rescale,scale40,baseline_non_rescale,false,14,8192,7,40,SAFE,OBSERVED_VALIDATION,"zero failures, zero decision flips, and zero error violations on V_cert=412",3,0,true,0,0,1.60000002136e-09,145.502874935,0.5,0.001,0.5,412,0,1,0.0043121153,0.0043121153,0.0234581013,false,tabular_sweep_banknote_linear_poly3_scale40_baseline_non_rescale_r1;tabular_sweep_banknote_linear_poly3_scale40_baseline_non_rescale_r2;tabular_sweep_banknote_linear_poly3_scale40_baseline_non_rescale_r3
banknote__linear_poly3,banknote,linear_poly3,test_seed42_ratio0.3_prefix412_of412,sha256:fa3e9b6c98a464895133f292750bb0c9212fc76ff6df273367a06942d13d794a,scale40__rescale_aware,scale40,rescale_aware,false,14,8192,7,40,SAFE,OBSERVED_VALIDATION,"zero failures, zero decision flips, and zero error violations on V_cert=412",3,0,true,0,0,1.19999998827e-09,135.379270583,0.5,0.001,0.5,412,0,1,0.0043121153,0.0043121153,0.0234581013,false,tabular_sweep_banknote_linear_poly3_scale40_rescale_aware_r1;tabular_sweep_banknote_linear_poly3_scale40_rescale_aware_r2;tabular_sweep_banknote_linear_poly3_scale40_rescale_aware_r3
banknote__linear_poly3,banknote,linear_poly3,test_seed42_ratio0.3_prefix412_of412,sha256:fa3e9b6c98a464895133f292750bb0c9212fc76ff6df273367a06942d13d794a,scale42__baseline_non_rescale,scale42,baseline_non_rescale,false,14,8192,7,42,SAFE,OBSERVED_VALIDATION,"zero failures, zero decision flips, and zero error violations on V_cert=412",3,0,true,0,0,3.00000024822e-10,145.561603423,0.5,0.001,0.5,412,0,1,0.0043121153,0.0043121153,0.0234581013,false,tabular_sweep_banknote_linear_poly3_scale42_baseline_non_rescale_r1;tabular_sweep_banknote_linear_poly3_scale42_baseline_non_rescale_r2;tabular_sweep_banknote_linear_poly3_scale42_baseline_non_rescale_r3
banknote__linear_poly3,banknote,linear_poly3,test_seed42_ratio0.3_prefix412_of412,sha256:fa3e9b6c98a464895133f292750bb0c9212fc76ff6df273367a06942d13d794a,scale42__rescale_aware,scale42,rescale_aware,false,14,8192,7,42,SAFE,OBSERVED_VALIDATION,"zero failures, zero decision flips, and zero error violations on V_cert=412",3,0,true,0,0,3.00000024822e-10,135.15692821,0.5,0.001,0.5,412,0,1,0.0043121153,0.0043121153,0.0234581013,false,tabular_sweep_banknote_linear_poly3_scale42_rescale_aware_r1;tabular_sweep_banknote_linear_poly3_scale42_rescale_aware_r2;tabular_sweep_banknote_linear_poly3_scale42_rescale_aware_r3
banknote__linear_poly3,banknote,linear_poly3,test_seed42_ratio0.3_prefix412_of412,sha256:fa3e9b6c98a464895133f292750bb0c9212fc76ff6df273367a06942d13d794a,short_chain_3__baseline_non_rescale,short_chain_3,baseline_non_rescale,false,14,8192,3,35,REJECTED,NONE,rejected on V_cert: decision_flips=576 error_violations=1236,3,0,true,576,1236,0.6194131478,77.2358960777,0.5,0.001,0.5,412,0,1,0.0043121153,0.0043121153,0.0234581013,false,tabular_sweep_banknote_linear_poly3_short_chain_3_baseline_non_rescale_r1;tabular_sweep_banknote_linear_poly3_short_chain_3_baseline_non_rescale_r2;tabular_sweep_banknote_linear_poly3_short_chain_3_baseline_non_rescale_r3
banknote__linear_poly3,banknote,linear_poly3,test_seed42_ratio0.3_prefix412_of412,sha256:fa3e9b6c98a464895133f292750bb0c9212fc76ff6df273367a06942d13d794a,short_chain_3__rescale_aware,short_chain_3,rescale_aware,false,14,8192,3,35,FAILED,NONE,candidate execution failed in 3 run(s),0,3,false,0,0,0,0,0.5,0.001,0.5,412,0,1,0.0043121153,0.0043121153,0.0234581013,false,tabular_sweep_banknote_linear_poly3_short_chain_3_rescale_aware_r1;tabular_sweep_banknote_linear_poly3_short_chain_3_rescale_aware_r2;tabular_sweep_banknote_linear_poly3_short_chain_3_rescale_aware_r3
banknote__linear_poly3,banknote,linear_poly3,test_seed42_ratio0.3_prefix412_of412,sha256:fa3e9b6c98a464895133f292750bb0c9212fc76ff6df273367a06942d13d794a,short_chain_5__baseline_non_rescale,short_chain_5,baseline_non_rescale,false,14,8192,5,40,REJECTED,NONE,rejected on V_cert: decision_flips=576 error_violations=1236,3,0,true,576,1236,0.6194131478,109.597106377,0.5,0.001,0.5,412,0,1,0.0043121153,0.0043121153,0.0234581013,false,tabular_sweep_banknote_linear_poly3_short_chain_5_baseline_non_rescale_r1;tabular_sweep_banknote_linear_poly3_short_chain_5_baseline_non_rescale_r2;tabular_sweep_banknote_linear_poly3_short_chain_5_baseline_non_rescale_r3
banknote__linear_poly3,banknote,linear_poly3,test_seed42_ratio0.3_prefix412_of412,sha256:fa3e9b6c98a464895133f292750bb0c9212fc76ff6df273367a06942d13d794a,short_chain_5__rescale_aware,short_chain_5,rescale_aware,false,14,8192,5,40,FAILED,NONE,candidate execution failed in 3 run(s),0,3,false,0,0,0,0,0.5,0.001,0.5,412,0,1,0.0043121153,0.0043121153,0.0234581013,false,tabular_sweep_banknote_linear_poly3_short_chain_5_rescale_aware_r1;tabular_sweep_banknote_linear_poly3_short_chain_5_rescale_aware_r2;tabular_sweep_banknote_linear_poly3_short_chain_5_rescale_aware_r3
banknote__linear_poly3,banknote,linear_poly3,test_seed42_ratio0.3_prefix412_of412,sha256:fa3e9b6c98a464895133f292750bb0c9212fc76ff6df273367a06942d13d794a,short_chain_6_scale38__baseline_non_rescale,short_chain_6_scale38,baseline_non_rescale,false,14,8192,6,38,REJECTED,NONE,rejected on V_cert: decision_flips=576 error_violations=1236,3,0,true,576,1236,0.6193849863,126.543135525,0.5,0.001,0.5,412,0,1,0.0043121153,0.0043121153,0.0234581013,false,tabular_sweep_banknote_linear_poly3_short_chain_6_scale38_baseline_non_rescale_r1;tabular_sweep_banknote_linear_poly3_short_chain_6_scale38_baseline_non_rescale_r2;tabular_sweep_banknote_linear_poly3_short_chain_6_scale38_baseline_non_rescale_r3
banknote__linear_poly3,banknote,linear_poly3,test_seed42_ratio0.3_prefix412_of412,sha256:fa3e9b6c98a464895133f292750bb0c9212fc76ff6df273367a06942d13d794a,short_chain_6_scale38__rescale_aware,short_chain_6_scale38,rescale_aware,false,14,8192,6,38,REJECTED,NONE,rejected on V_cert: decision_flips=576 error_violations=1236,3,0,true,576,1236,0.6193848814,105.724904266,0.5,0.001,0.5,412,0,1,0.0043121153,0.0043121153,0.0234581013,false,tabular_sweep_banknote_linear_poly3_short_chain_6_scale38_rescale_aware_r1;tabular_sweep_banknote_linear_poly3_short_chain_6_scale38_rescale_aware_r2;tabular_sweep_banknote_linear_poly3_short_chain_6_scale38_rescale_aware_r3
banknote__linear_poly3,banknote,linear_poly3,test_seed42_ratio0.3_prefix412_of412,sha256:fa3e9b6c98a464895133f292750bb0c9212fc76ff6df273367a06942d13d794a,short_chain_6_scale40__baseline_non_rescale,short_chain_6_scale40,baseline_non_rescale,false,14,8192,6,40,REJECTED,NONE,rejected on V_cert: decision_flips=576 error_violations=1236,3,0,true,576,1236,0.6194135952,126.05752501,0.5,0.001,0.5,412,0,1,0.0043121153,0.0043121153,0.0234581013,false,tabular_sweep_banknote_linear_poly3_short_chain_6_scale40_baseline_non_rescale_r1;tabular_sweep_banknote_linear_poly3_short_chain_6_scale40_baseline_non_rescale_r2;tabular_sweep_banknote_linear_poly3_short_chain_6_scale40_baseline_non_rescale_r3
banknote__linear_poly3,banknote,linear_poly3,test_seed42_ratio0.3_prefix412_of412,sha256:fa3e9b6c98a464895133f292750bb0c9212fc76ff6df273367a06942d13d794a,short_chain_6_scale40__rescale_aware,short_chain_6_scale40,rescale_aware,false,14,8192,6,40,REJECTED,NONE,rejected on V_cert: decision_flips=576 error_violations=1236,3,0,true,576,1236,0.6194134903,105.828822727,0.5,0.001,0.5,412,0,1,0.0043121153,0.0043121153,0.0234581013,false,tabular_sweep_banknote_linear_poly3_short_chain_6_scale40_rescale_aware_r1;tabular_sweep_banknote_linear_poly3_short_chain_6_scale40_rescale_aware_r2;tabular_sweep_banknote_linear_poly3_short_chain_6_scale40_rescale_aware_r3
banknote__linear_poly3,banknote,linear_poly3,test_seed42_ratio0.3_prefix412_of412,sha256:fa3e9b6c98a464895133f292750bb0c9212fc76ff6df273367a06942d13d794a,short_chain_6_scale42__baseline_non_rescale,short_chain_6_scale42,baseline_non_rescale,false,14,8192,6,42,REJECTED,NONE,rejected on V_cert: decision_flips=576 error_violations=1236,3,0,true,576,1236,0.619413148,126.215557922,0.5,0.001,0.5,412,0,1,0.0043121153,0.0043121153,0.0234581013,false,tabular_sweep_banknote_linear_poly3_short_chain_6_scale42_baseline_non_rescale_r1;tabular_sweep_banknote_linear_poly3_short_chain_6_scale42_baseline_non_rescale_r2;tabular_sweep_banknote_linear_poly3_short_chain_6_scale42_baseline_non_rescale_r3
banknote__linear_poly3,banknote,linear_poly3,test_seed42_ratio0.3_prefix412_of412,sha256:fa3e9b6c98a464895133f292750bb0c9212fc76ff6df273367a06942d13d794a,short_chain_6_scale42__rescale_aware,short_chain_6_scale42,rescale_aware,false,14,8192,6,42,REJECTED,NONE,rejected on V_cert: decision_flips=576 error_violations=1236,3,0,true,576,1236,0.6194131473,105.849412859,0.5,0.001,0.5,412,0,1,0.0043121153,0.0043121153,0.0234581013,false,tabular_sweep_banknote_linear_poly3_short_chain_6_scale42_rescale_aware_r1;tabular_sweep_banknote_linear_poly3_short_chain_6_scale42_rescale_aware_r2;tabular_sweep_banknote_linear_poly3_short_chain_6_scale42_rescale_aware_r3
banknote__mlp_square_linear_score,banknote,mlp_square_linear_score,test_seed42_ratio0.3_prefix412_of412,sha256:fb9c56a6221c19e26b7e52f68b65f4cdc053e4a899a3ea40b3b322a320bfc49b,deep_chain_8_scale45__baseline_non_rescale,deep_chain_8_scale45,baseline_non_rescale,false,15,16384,8,45,SAFE,OBSERVED_VALIDATION,"zero failures, zero decision flips, and zero error violations on V_cert=412",3,0,true,0,0,1.00000008274e-10,463.798291612,0.5,0.001,0.5,412,0,1,0.012219453,0.012219453,0.0257434487,false,tabular_sweep_banknote_mlp_square_linear_score_deep_chain_8_scale45_baseline_non_rescale_r1;tabular_sweep_banknote_mlp_square_linear_score_deep_chain_8_scale45_baseline_non_rescale_r2;tabular_sweep_banknote_mlp_square_linear_score_deep_chain_8_scale45_baseline_non_rescale_r3
banknote__mlp_square_linear_score,banknote,mlp_square_linear_score,test_seed42_ratio0.3_prefix412_of412,sha256:fb9c56a6221c19e26b7e52f68b65f4cdc053e4a899a3ea40b3b322a320bfc49b,deep_chain_8_scale45__rescale_aware,deep_chain_8_scale45,rescale_aware,false,15,16384,8,45,SAFE,OBSERVED_VALIDATION,"zero failures, zero decision flips, and zero error violations on V_cert=412",3,0,true,0,0,1.00000008274e-10,478.485147815,0.5,0.001,0.5,412,0,1,0.012219453,0.012219453,0.0257434487,false,tabular_sweep_banknote_mlp_square_linear_score_deep_chain_8_scale45_rescale_aware_r1;tabular_sweep_banknote_mlp_square_linear_score_deep_chain_8_scale45_rescale_aware_r2;tabular_sweep_banknote_mlp_square_linear_score_deep_chain_8_scale45_rescale_aware_r3
banknote__mlp_square_linear_score,banknote,mlp_square_linear_score,test_seed42_ratio0.3_prefix412_of412,sha256:fb9c56a6221c19e26b7e52f68b65f4cdc053e4a899a3ea40b3b322a320bfc49b,deep_chain_9_scale45__baseline_non_rescale,deep_chain_9_scale45,baseline_non_rescale,false,15,16384,9,45,SAFE,OBSERVED_VALIDATION,"zero failures, zero decision flips, and zero error violations on V_cert=412",3,0,true,0,0,1.00000008274e-10,541.067532832,0.5,0.001,0.5,412,0,1,0.012219453,0.012219453,0.0257434487,false,tabular_sweep_banknote_mlp_square_linear_score_deep_chain_9_scale45_baseline_non_rescale_r1;tabular_sweep_banknote_mlp_square_linear_score_deep_chain_9_scale45_baseline_non_rescale_r2;tabular_sweep_banknote_mlp_square_linear_score_deep_chain_9_scale45_baseline_non_rescale_r3
banknote__mlp_square_linear_score,banknote,mlp_square_linear_score,test_seed42_ratio0.3_prefix412_of412,sha256:fb9c56a6221c19e26b7e52f68b65f4cdc053e4a899a3ea40b3b322a320bfc49b,deep_chain_9_scale45__rescale_aware,deep_chain_9_scale45,rescale_aware,false,15,16384,9,45,SAFE,OBSERVED_VALIDATION,"zero failures, zero decision flips, and zero error violations on V_cert=412",3,0,true,0,0,1.00000008274e-10,581.757780477,0.5,0.001,0.5,412,0,1,0.012219453,0.012219453,0.0257434487,false,tabular_sweep_banknote_mlp_square_linear_score_deep_chain_9_scale45_rescale_aware_r1;tabular_sweep_banknote_mlp_square_linear_score_deep_chain_9_scale45_rescale_aware_r2;tabular_sweep_banknote_mlp_square_linear_score_deep_chain_9_scale45_rescale_aware_r3
banknote__mlp_square_linear_score,banknote,mlp_square_linear_score,test_seed42_ratio0.3_prefix412_of412,sha256:fb9c56a6221c19e26b7e52f68b65f4cdc053e4a899a3ea40b3b322a320bfc49b,default__baseline_non_rescale,default,baseline_non_rescale,false,14,8192,7,45,SAFE,OBSERVED_VALIDATION,"zero failures, zero decision flips, and zero error violations on V_cert=412",3,0,true,0,0,1.00000008274e-10,201.470674054,0.5,0.001,0.5,412,0,1,0.012219453,0.012219453,0.0257434487,false,tabular_sweep_banknote_mlp_square_linear_score_default_baseline_non_rescale_r1;tabular_sweep_banknote_mlp_square_linear_score_default_baseline_non_rescale_r2;tabular_sweep_banknote_mlp_square_linear_score_default_baseline_non_rescale_r3
banknote__mlp_square_linear_score,banknote,mlp_square_linear_score,test_seed42_ratio0.3_prefix412_of412,sha256:fb9c56a6221c19e26b7e52f68b65f4cdc053e4a899a3ea40b3b322a320bfc49b,default__rescale_aware,default,rescale_aware,true,14,8192,7,45,SAFE,OBSERVED_VALIDATION,"zero failures, zero decision flips, and zero error violations on V_cert=412",3,0,true,0,0,1.00000008274e-10,205.366783765,0.5,0.001,0.5,412,0,1,0.012219453,0.012219453,0.0257434487,false,tabular_sweep_banknote_mlp_square_linear_score_default_rescale_aware_r1;tabular_sweep_banknote_mlp_square_linear_score_default_rescale_aware_r2;tabular_sweep_banknote_mlp_square_linear_score_default_rescale_aware_r3
banknote__mlp_square_linear_score,banknote,mlp_square_linear_score,test_seed42_ratio0.3_prefix412_of412,sha256:fb9c56a6221c19e26b7e52f68b65f4cdc053e4a899a3ea40b3b322a320bfc49b,scale38__baseline_non_rescale,scale38,baseline_non_rescale,false,14,8192,7,38,SAFE,OBSERVED_VALIDATION,"zero failures, zero decision flips, and zero error violations on V_cert=412",3,0,true,0,0,5.19999998616e-09,201.306420637,0.5,0.001,0.5,412,0,1,0.012219453,0.012219453,0.0257434487,false,tabular_sweep_banknote_mlp_square_linear_score_scale38_baseline_non_rescale_r1;tabular_sweep_banknote_mlp_square_linear_score_scale38_baseline_non_rescale_r2;tabular_sweep_banknote_mlp_square_linear_score_scale38_baseline_non_rescale_r3
banknote__mlp_square_linear_score,banknote,mlp_square_linear_score,test_seed42_ratio0.3_prefix412_of412,sha256:fb9c56a6221c19e26b7e52f68b65f4cdc053e4a899a3ea40b3b322a320bfc49b,scale38__rescale_aware,scale38,rescale_aware,false,14,8192,7,38,SAFE,OBSERVED_VALIDATION,"zero failures, zero decision flips, and zero error violations on V_cert=412",3,0,true,0,0,3.300000051e-09,211.746249847,0.5,0.001,0.5,412,0,1,0.012219453,0.012219453,0.0257434487,false,tabular_sweep_banknote_mlp_square_linear_score_scale38_rescale_aware_r1;tabular_sweep_banknote_mlp_square_linear_score_scale38_rescale_aware_r2;tabular_sweep_banknote_mlp_square_linear_score_scale38_rescale_aware_r3
banknote__mlp_square_linear_score,banknote,mlp_square_linear_score,test_seed42_ratio0.3_prefix412_of412,sha256:fb9c56a6221c19e26b7e52f68b65f4cdc053e4a899a3ea40b3b322a320bfc49b,scale40__baseline_non_rescale,scale40,baseline_non_rescale,false,14,8192,7,40,SAFE,OBSERVED_VALIDATION,"zero failures, zero decision flips, and zero error violations on V_cert=412",3,0,true,0,0,1.59999991034e-09,201.471453981,0.5,0.001,0.5,412,0,1,0.012219453,0.012219453,0.0257434487,false,tabular_sweep_banknote_mlp_square_linear_score_scale40_baseline_non_rescale_r1;tabular_sweep_banknote_mlp_square_linear_score_scale40_baseline_non_rescale_r2;tabular_sweep_banknote_mlp_square_linear_score_scale40_baseline_non_rescale_r3
banknote__mlp_square_linear_score,banknote,mlp_square_linear_score,test_seed42_ratio0.3_prefix412_of412,sha256:fb9c56a6221c19e26b7e52f68b65f4cdc053e4a899a3ea40b3b322a320bfc49b,scale40__rescale_aware,scale40,rescale_aware,false,14,8192,7,40,SAFE,OBSERVED_VALIDATION,"zero failures, zero decision flips, and zero error violations on V_cert=412",3,0,true,0,0,1.50000001309e-09,211.607724037,0.5,0.001,0.5,412,0,1,0.012219453,0.012219453,0.0257434487,false,tabular_sweep_banknote_mlp_square_linear_score_scale40_rescale_aware_r1;tabular_sweep_banknote_mlp_square_linear_score_scale40_rescale_aware_r2;tabular_sweep_banknote_mlp_square_linear_score_scale40_rescale_aware_r3
banknote__mlp_square_linear_score,banknote,mlp_square_linear_score,test_seed42_ratio0.3_prefix412_of412,sha256:fb9c56a6221c19e26b7e52f68b65f4cdc053e4a899a3ea40b3b322a320bfc49b,scale42__baseline_non_rescale,scale42,baseline_non_rescale,false,14,8192,7,42,SAFE,OBSERVED_VALIDATION,"zero failures, zero decision flips, and zero error violations on V_cert=412",3,0,true,0,0,4.00000033096e-10,201.490444582,0.5,0.001,0.5,412,0,1,0.012219453,0.012219453,0.0257434487,false,tabular_sweep_banknote_mlp_square_linear_score_scale42_baseline_non_rescale_r1;tabular_sweep_banknote_mlp_square_linear_score_scale42_baseline_non_rescale_r2;tabular_sweep_banknote_mlp_square_linear_score_scale42_baseline_non_rescale_r3
banknote__mlp_square_linear_score,banknote,mlp_square_linear_score,test_seed42_ratio0.3_prefix412_of412,sha256:fb9c56a6221c19e26b7e52f68b65f4cdc053e4a899a3ea40b3b322a320bfc49b,scale42__rescale_aware,scale42,rescale_aware,false,14,8192,7,42,SAFE,OBSERVED_VALIDATION,"zero failures, zero decision flips, and zero error violations on V_cert=412",3,0,true,0,0,4.99999930348e-10,211.653773638,0.5,0.001,0.5,412,0,1,0.012219453,0.012219453,0.0257434487,false,tabular_sweep_banknote_mlp_square_linear_score_scale42_rescale_aware_r1;tabular_sweep_banknote_mlp_square_linear_score_scale42_rescale_aware_r2;tabular_sweep_banknote_mlp_square_linear_score_scale42_rescale_aware_r3
banknote__mlp_square_linear_score,banknote,mlp_square_linear_score,test_seed42_ratio0.3_prefix412_of412,sha256:fb9c56a6221c19e26b7e52f68b65f4cdc053e4a899a3ea40b3b322a320bfc49b,short_chain_3__baseline_non_rescale,short_chain_3,baseline_non_rescale,false,14,8192,3,35,REJECTED,NONE,rejected on V_cert: decision_flips=549 error_violations=1236,3,0,true,549,1236,0.6212435602,101.138705159,0.5,0.001,0.5,412,0,1,0.012219453,0.012219453,0.0257434487,false,tabular_sweep_banknote_mlp_square_linear_score_short_chain_3_baseline_non_rescale_r1;tabular_sweep_banknote_mlp_square_linear_score_short_chain_3_baseline_non_rescale_r2;tabular_sweep_banknote_mlp_square_linear_score_short_chain_3_baseline_non_rescale_r3
banknote__mlp_square_linear_score,banknote,mlp_square_linear_score,test_seed42_ratio0.3_prefix412_of412,sha256:fb9c56a6221c19e26b7e52f68b65f4cdc053e4a899a3ea40b3b322a320bfc49b,short_chain_3__rescale_aware,short_chain_3,rescale_aware,false,14,8192,3,35,REJECTED,NONE,rejected on V_cert: decision_flips=549 error_violations=1236,3,0,true,549,1236,0.6212435602,75.5817784126,0.5,0.001,0.5,412,0,1,0.012219453,0.012219453,0.0257434487,false,tabular_sweep_banknote_mlp_square_linear_score_short_chain_3_rescale_aware_r1;tabular_sweep_banknote_mlp_square_linear_score_short_chain_3_rescale_aware_r2;tabular_sweep_banknote_mlp_square_linear_score_short_chain_3_rescale_aware_r3
banknote__mlp_square_linear_score,banknote,mlp_square_linear_score,test_seed42_ratio0.3_prefix412_of412,sha256:fb9c56a6221c19e26b7e52f68b65f4cdc053e4a899a3ea40b3b322a320bfc49b,short_chain_5__baseline_non_rescale,short_chain_5,baseline_non_rescale,false,14,8192,5,40,REJECTED,NONE,rejected on V_cert: decision_flips=549 error_violations=1236,3,0,true,549,1236,0.6212435592,148.721446841,0.5,0.001,0.5,412,0,1,0.012219453,0.012219453,0.0257434487,false,tabular_sweep_banknote_mlp_square_linear_score_short_chain_5_baseline_non_rescale_r1;tabular_sweep_banknote_mlp_square_linear_score_short_chain_5_baseline_non_rescale_r2;tabular_sweep_banknote_mlp_square_linear_score_short_chain_5_baseline_non_rescale_r3
banknote__mlp_square_linear_score,banknote,mlp_square_linear_score,test_seed42_ratio0.3_prefix412_of412,sha256:fb9c56a6221c19e26b7e52f68b65f4cdc053e4a899a3ea40b3b322a320bfc49b,short_chain_5__rescale_aware,short_chain_5,rescale_aware,false,14,8192,5,40,REJECTED,NONE,rejected on V_cert: decision_flips=549 error_violations=1236,3,0,true,549,1236,0.6212435627,152.884160622,0.5,0.001,0.5,412,0,1,0.012219453,0.012219453,0.0257434487,false,tabular_sweep_banknote_mlp_square_linear_score_short_chain_5_rescale_aware_r1;tabular_sweep_banknote_mlp_square_linear_score_short_chain_5_rescale_aware_r2;tabular_sweep_banknote_mlp_square_linear_score_short_chain_5_rescale_aware_r3
banknote__mlp_square_linear_score,banknote,mlp_square_linear_score,test_seed42_ratio0.3_prefix412_of412,sha256:fb9c56a6221c19e26b7e52f68b65f4cdc053e4a899a3ea40b3b322a320bfc49b,short_chain_6_scale38__baseline_non_rescale,short_chain_6_scale38,baseline_non_rescale,false,14,8192,6,38,SAFE,OBSERVED_VALIDATION,"zero failures, zero decision flips, and zero error violations on V_cert=412",3,0,true,0,0,8.39999991786e-09,170.484172189,0.5,0.001,0.5,412,0,1,0.012219453,0.012219453,0.0257434487,false,tabular_sweep_banknote_mlp_square_linear_score_short_chain_6_scale38_baseline_non_rescale_r1;tabular_sweep_banknote_mlp_square_linear_score_short_chain_6_scale38_baseline_non_rescale_r2;tabular_sweep_banknote_mlp_square_linear_score_short_chain_6_scale38_baseline_non_rescale_r3
banknote__mlp_square_linear_score,banknote,mlp_square_linear_score,test_seed42_ratio0.3_prefix412_of412,sha256:fb9c56a6221c19e26b7e52f68b65f4cdc053e4a899a3ea40b3b322a320bfc49b,short_chain_6_scale38__rescale_aware,short_chain_6_scale38,rescale_aware,false,14,8192,6,38,SAFE,OBSERVED_VALIDATION,"zero failures, zero decision flips, and zero error violations on V_cert=412",3,0,true,0,0,9.60000001715e-09,176.926964827,0.5,0.001,0.5,412,0,1,0.012219453,0.012219453,0.0257434487,false,tabular_sweep_banknote_mlp_square_linear_score_short_chain_6_scale38_rescale_aware_r1;tabular_sweep_banknote_mlp_square_linear_score_short_chain_6_scale38_rescale_aware_r2;tabular_sweep_banknote_mlp_square_linear_score_short_chain_6_scale38_rescale_aware_r3
banknote__mlp_square_linear_score,banknote,mlp_square_linear_score,test_seed42_ratio0.3_prefix412_of412,sha256:fb9c56a6221c19e26b7e52f68b65f4cdc053e4a899a3ea40b3b322a320bfc49b,short_chain_6_scale40__baseline_non_rescale,short_chain_6_scale40,baseline_non_rescale,false,14,8192,6,40,SAFE,OBSERVED_VALIDATION,"zero failures, zero decision flips, and zero error violations on V_cert=412",3,0,true,0,0,1.89999993516e-09,170.193720447,0.5,0.001,0.5,412,0,1,0.012219453,0.012219453,0.0257434487,true,tabular_sweep_banknote_mlp_square_linear_score_short_chain_6_scale40_baseline_non_rescale_r1;tabular_sweep_banknote_mlp_square_linear_score_short_chain_6_scale40_baseline_non_rescale_r2;tabular_sweep_banknote_mlp_square_linear_score_short_chain_6_scale40_baseline_non_rescale_r3
banknote__mlp_square_linear_score,banknote,mlp_square_linear_score,test_seed42_ratio0.3_prefix412_of412,sha256:fb9c56a6221c19e26b7e52f68b65f4cdc053e4a899a3ea40b3b322a320bfc49b,short_chain_6_scale40__rescale_aware,short_chain_6_scale40,rescale_aware,false,14,8192,6,40,SAFE,OBSERVED_VALIDATION,"zero failures, zero decision flips, and zero error violations on V_cert=412",3,0,true,0,0,1.09999997999e-09,176.493878294,0.5,0.001,0.5,412,0,1,0.012219453,0.012219453,0.0257434487,false,tabular_sweep_banknote_mlp_square_linear_score_short_chain_6_scale40_rescale_aware_r1;tabular_sweep_banknote_mlp_square_linear_score_short_chain_6_scale40_rescale_aware_r2;tabular_sweep_banknote_mlp_square_linear_score_short_chain_6_scale40_rescale_aware_r3
banknote__mlp_square_linear_score,banknote,mlp_square_linear_score,test_seed42_ratio0.3_prefix412_of412,sha256:fb9c56a6221c19e26b7e52f68b65f4cdc053e4a899a3ea40b3b322a320bfc49b,short_chain_6_scale42__baseline_non_rescale,short_chain_6_scale42,baseline_non_rescale,false,14,8192,6,42,SAFE,OBSERVED_VALIDATION,"zero failures, zero decision flips, and zero error violations on V_cert=412",3,0,true,0,0,4.99999930348e-10,170.693062322,0.5,0.001,0.5,412,0,1,0.012219453,0.012219453,0.0257434487,false,tabular_sweep_banknote_mlp_square_linear_score_short_chain_6_scale42_baseline_non_rescale_r1;tabular_sweep_banknote_mlp_square_linear_score_short_chain_6_scale42_baseline_non_rescale_r2;tabular_sweep_banknote_mlp_square_linear_score_short_chain_6_scale42_baseline_non_rescale_r3
banknote__mlp_square_linear_score,banknote,mlp_square_linear_score,test_seed42_ratio0.3_prefix412_of412,sha256:fb9c56a6221c19e26b7e52f68b65f4cdc053e4a899a3ea40b3b322a320bfc49b,short_chain_6_scale42__rescale_aware,short_chain_6_scale42,rescale_aware,false,14,8192,6,42,SAFE,OBSERVED_VALIDATION,"zero failures, zero decision flips, and zero error violations on V_cert=412",3,0,true,0,0,2.999999138e-10,176.832858431,0.5,0.001,0.5,412,0,1,0.012219453,0.012219453,0.0257434487,false,tabular_sweep_banknote_mlp_square_linear_score_short_chain_6_scale42_rescale_aware_r1;tabular_sweep_banknote_mlp_square_linear_score_short_chain_6_scale42_rescale_aware_r2;tabular_sweep_banknote_mlp_square_linear_score_short_chain_6_scale42_rescale_aware_r3
digits_binary__linear_poly3,digits_binary,linear_poly3,test_seed42_ratio0.3_prefix540_of540,sha256:d1b62ea84e65ac2bfcb2291cc41625d8f8ccc3e81a6fec3033bb91abe2d09bb2,deep_chain_8_scale45__baseline_non_rescale,deep_chain_8_scale45,baseline_non_rescale,false,15,16384,8,45,SAFE,OBSERVED_VALIDATION,"zero failures, zero decision flips, and zero error violations on V_cert=530",3,0,true,0,0,1.00000008274e-10,470.848896819,0.5,0.001,0.5,530,10,0.981481481481,0.0001087829,0.0010907863,0.0021459455,false,tabular_sweep_digits_binary_linear_poly3_deep_chain_8_scale45_baseline_non_rescale_r1;tabular_sweep_digits_binary_linear_poly3_deep_chain_8_scale45_baseline_non_rescale_r2;tabular_sweep_digits_binary_linear_poly3_deep_chain_8_scale45_baseline_non_rescale_r3
digits_binary__linear_poly3,digits_binary,linear_poly3,test_seed42_ratio0.3_prefix540_of540,sha256:d1b62ea84e65ac2bfcb2291cc41625d8f8ccc3e81a6fec3033bb91abe2d09bb2,deep_chain_8_scale45__rescale_aware,deep_chain_8_scale45,rescale_aware,false,15,16384,8,45,SAFE,OBSERVED_VALIDATION,"zero failures, zero decision flips, and zero error violations on V_cert=530",3,0,true,0,0,1.00000008274e-10,445.858832904,0.5,0.001,0.5,530,10,0.981481481481,0.0001087829,0.0010907863,0.0021459455,false,tabular_sweep_digits_binary_linear_poly3_deep_chain_8_scale45_rescale_aware_r1;tabular_sweep_digits_binary_linear_poly3_deep_chain_8_scale45_rescale_aware_r2;tabular_sweep_digits_binary_linear_poly3_deep_chain_8_scale45_rescale_aware_r3
digits_binary__linear_poly3,digits_binary,linear_poly3,test_seed42_ratio0.3_prefix540_of540,sha256:d1b62ea84e65ac2bfcb2291cc41625d8f8ccc3e81a6fec3033bb91abe2d09bb2,deep_chain_9_scale45__baseline_non_rescale,deep_chain_9_scale45,baseline_non_rescale,false,15,16384,9,45,SAFE,OBSERVED_VALIDATION,"zero failures, zero decision flips, and zero error violations on V_cert=530",3,0,true,0,0,1.00000008274e-10,536.364116548,0.5,0.001,0.5,530,10,0.981481481481,0.0001087829,0.0010907863,0.0021459455,false,tabular_sweep_digits_binary_linear_poly3_deep_chain_9_scale45_baseline_non_rescale_r1;tabular_sweep_digits_binary_linear_poly3_deep_chain_9_scale45_baseline_non_rescale_r2;tabular_sweep_digits_binary_linear_poly3_deep_chain_9_scale45_baseline_non_rescale_r3
digits_binary__linear_poly3,digits_binary,linear_poly3,test_seed42_ratio0.3_prefix540_of540,sha256:d1b62ea84e65ac2bfcb2291cc41625d8f8ccc3e81a6fec3033bb91abe2d09bb2,deep_chain_9_scale45__rescale_aware,deep_chain_9_scale45,rescale_aware,false,15,16384,9,45,SAFE,OBSERVED_VALIDATION,"zero failures, zero decision flips, and zero error violations on V_cert=530",3,0,true,0,0,1.00000008274e-10,518.027751257,0.5,0.001,0.5,530,10,0.981481481481,0.0001087829,0.0010907863,0.0021459455,false,tabular_sweep_digits_binary_linear_poly3_deep_chain_9_scale45_rescale_aware_r1;tabular_sweep_digits_binary_linear_poly3_deep_chain_9_scale45_rescale_aware_r2;tabular_sweep_digits_binary_linear_poly3_deep_chain_9_scale45_rescale_aware_r3
digits_binary__linear_poly3,digits_binary,linear_poly3,test_seed42_ratio0.3_prefix540_of540,sha256:d1b62ea84e65ac2bfcb2291cc41625d8f8ccc3e81a6fec3033bb91abe2d09bb2,default__baseline_non_rescale,default,baseline_non_rescale,false,14,8192,7,45,SAFE,OBSERVED_VALIDATION,"zero failures, zero decision flips, and zero error violations on V_cert=530",3,0,true,0,0,1.00000008274e-10,203.069393895,0.5,0.001,0.5,530,10,0.981481481481,0.0001087829,0.0010907863,0.0021459455,false,tabular_sweep_digits_binary_linear_poly3_default_baseline_non_rescale_r1;tabular_sweep_digits_binary_linear_poly3_default_baseline_non_rescale_r2;tabular_sweep_digits_binary_linear_poly3_default_baseline_non_rescale_r3
digits_binary__linear_poly3,digits_binary,linear_poly3,test_seed42_ratio0.3_prefix540_of540,sha256:d1b62ea84e65ac2bfcb2291cc41625d8f8ccc3e81a6fec3033bb91abe2d09bb2,default__rescale_aware,default,rescale_aware,true,14,8192,7,45,SAFE,OBSERVED_VALIDATION,"zero failures, zero decision flips, and zero error violations on V_cert=530",3,0,true,0,0,2.08000000002e-07,176.299848346,0.5,0.001,0.5,530,10,0.981481481481,0.0001087829,0.0010907863,0.0021459455,true,tabular_sweep_digits_binary_linear_poly3_default_rescale_aware_r1;tabular_sweep_digits_binary_linear_poly3_default_rescale_aware_r2;tabular_sweep_digits_binary_linear_poly3_default_rescale_aware_r3
digits_binary__linear_poly3,digits_binary,linear_poly3,test_seed42_ratio0.3_prefix540_of540,sha256:d1b62ea84e65ac2bfcb2291cc41625d8f8ccc3e81a6fec3033bb91abe2d09bb2,scale38__baseline_non_rescale,scale38,baseline_non_rescale,false,14,8192,7,38,SAFE,OBSERVED_VALIDATION,"zero failures, zero decision flips, and zero error violations on V_cert=530",3,0,true,0,0,8.00000010681e-10,203.159485715,0.5,0.001,0.5,530,10,0.981481481481,0.0001087829,0.0010907863,0.0021459455,false,tabular_sweep_digits_binary_linear_poly3_scale38_baseline_non_rescale_r1;tabular_sweep_digits_binary_linear_poly3_scale38_baseline_non_rescale_r2;tabular_sweep_digits_binary_linear_poly3_scale38_baseline_non_rescale_r3
digits_binary__linear_poly3,digits_binary,linear_poly3,test_seed42_ratio0.3_prefix540_of540,sha256:d1b62ea84e65ac2bfcb2291cc41625d8f8ccc3e81a6fec3033bb91abe2d09bb2,scale38__rescale_aware,scale38,rescale_aware,false,14,8192,7,38,SAFE,OBSERVED_VALIDATION,"zero failures, zero decision flips, and zero error violations on V_cert=530",3,0,true,0,0,1.29999999654e-09,191.729144894,0.5,0.001,0.5,530,10,0.981481481481,0.0001087829,0.0010907863,0.0021459455,false,tabular_sweep_digits_binary_linear_poly3_scale38_rescale_aware_r1;tabular_sweep_digits_binary_linear_poly3_scale38_rescale_aware_r2;tabular_sweep_digits_binary_linear_poly3_scale38_rescale_aware_r3
digits_binary__linear_poly3,digits_binary,linear_poly3,test_seed42_ratio0.3_prefix540_of540,sha256:d1b62ea84e65ac2bfcb2291cc41625d8f8ccc3e81a6fec3033bb91abe2d09bb2,scale40__baseline_non_rescale,scale40,baseline_non_rescale,false,14,8192,7,40,SAFE,OBSERVED_VALIDATION,"zero failures, zero decision flips, and zero error violations on V_cert=530",3,0,true,0,0,1.00000008274e-10,202.36472814,0.5,0.001,0.5,530,10,0.981481481481,0.0001087829,0.0010907863,0.0021459455,false,tabular_sweep_digits_binary_linear_poly3_scale40_baseline_non_rescale_r1;tabular_sweep_digits_binary_linear_poly3_scale40_baseline_non_rescale_r2;tabular_sweep_digits_binary_linear_poly3_scale40_baseline_non_rescale_r3
digits_binary__linear_poly3,digits_binary,linear_poly3,test_seed42_ratio0.3_prefix540_of540,sha256:d1b62ea84e65ac2bfcb2291cc41625d8f8ccc3e81a6fec3033bb91abe2d09bb2,scale40__rescale_aware,scale40,rescale_aware,false,14,8192,7,40,SAFE,OBSERVED_VALIDATION,"zero failures, zero decision flips, and zero error violations on V_cert=530",3,0,true,0,0,2.00000016548e-10,191.081127395,0.5,0.001,0.5,530,10,0.981481481481,0.0001087829,0.0010907863,0.0021459455,false,tabular_sweep_digits_binary_linear_poly3_scale40_rescale_aware_r1;tabular_sweep_digits_binary_linear_poly3_scale40_rescale_aware_r2;tabular_sweep_digits_binary_linear_poly3_scale40_rescale_aware_r3
digits_binary__linear_poly3,digits_binary,linear_poly3,test_seed42_ratio0.3_prefix540_of540,sha256:d1b62ea84e65ac2bfcb2291cc41625d8f8ccc3e81a6fec3033bb91abe2d09bb2,scale42__baseline_non_rescale,scale42,baseline_non_rescale,false,14,8192,7,42,SAFE,OBSERVED_VALIDATION,"zero failures, zero decision flips, and zero error violations on V_cert=530",3,0,true,0,0,1.00000008274e-10,202.47048664,0.5,0.001,0.5,530,10,0.981481481481,0.0001087829,0.0010907863,0.0021459455,false,tabular_sweep_digits_binary_linear_poly3_scale42_baseline_non_rescale_r1;tabular_sweep_digits_binary_linear_poly3_scale42_baseline_non_rescale_r2;tabular_sweep_digits_binary_linear_poly3_scale42_baseline_non_rescale_r3
digits_binary__linear_poly3,digits_binary,linear_poly3,test_seed42_ratio0.3_prefix540_of540,sha256:d1b62ea84e65ac2bfcb2291cc41625d8f8ccc3e81a6fec3033bb91abe2d09bb2,scale42__rescale_aware,scale42,rescale_aware,false,14,8192,7,42,SAFE,OBSERVED_VALIDATION,"zero failures, zero decision flips, and zero error violations on V_cert=530",3,0,true,0,0,1.00000008274e-10,191.393636145,0.5,0.001,0.5,530,10,0.981481481481,0.0001087829,0.0010907863,0.0021459455,false,tabular_sweep_digits_binary_linear_poly3_scale42_rescale_aware_r1;tabular_sweep_digits_binary_linear_poly3_scale42_rescale_aware_r2;tabular_sweep_digits_binary_linear_poly3_scale42_rescale_aware_r3
digits_binary__linear_poly3,digits_binary,linear_poly3,test_seed42_ratio0.3_prefix540_of540,sha256:d1b62ea84e65ac2bfcb2291cc41625d8f8ccc3e81a6fec3033bb91abe2d09bb2,short_chain_3__baseline_non_rescale,short_chain_3,baseline_non_rescale,false,14,8192,3,35,REJECTED,NONE,rejected on V_cert: decision_flips=756 error_violations=1590,3,0,true,756,1590,0.6159805173,106.658453436,0.5,0.001,0.5,530,10,0.981481481481,0.0001087829,0.0010907863,0.0021459455,false,tabular_sweep_digits_binary_linear_poly3_short_chain_3_baseline_non_rescale_r1;tabular_sweep_digits_binary_linear_poly3_short_chain_3_baseline_non_rescale_r2;tabular_sweep_digits_binary_linear_poly3_short_chain_3_baseline_non_rescale_r3
digits_binary__linear_poly3,digits_binary,linear_poly3,test_seed42_ratio0.3_prefix540_of540,sha256:d1b62ea84e65ac2bfcb2291cc41625d8f8ccc3e81a6fec3033bb91abe2d09bb2,short_chain_3__rescale_aware,short_chain_3,rescale_aware,false,14,8192,3,35,FAILED,NONE,candidate execution failed in 3 run(s),0,3,false,0,0,0,0,0.5,0.001,0.5,530,10,0.981481481481,0.0001087829,0.0010907863,0.0021459455,false,tabular_sweep_digits_binary_linear_poly3_short_chain_3_rescale_aware_r1;tabular_sweep_digits_binary_linear_poly3_short_chain_3_rescale_aware_r2;tabular_sweep_digits_binary_linear_poly3_short_chain_3_rescale_aware_r3
digits_binary__linear_poly3,digits_binary,linear_poly3,test_seed42_ratio0.3_prefix540_of540,sha256:d1b62ea84e65ac2bfcb2291cc41625d8f8ccc3e81a6fec3033bb91abe2d09bb2,short_chain_5__baseline_non_rescale,short_chain_5,baseline_non_rescale,false,14,8192,5,40,REJECTED,NONE,rejected on V_cert: decision_flips=756 error_violations=1590,3,0,true,756,1590,0.6159805173,153.566316903,0.5,0.001,0.5,530,10,0.981481481481,0.0001087829,0.0010907863,0.0021459455,false,tabular_sweep_digits_binary_linear_poly3_short_chain_5_baseline_non_rescale_r1;tabular_sweep_digits_binary_linear_poly3_short_chain_5_baseline_non_rescale_r2;tabular_sweep_digits_binary_linear_poly3_short_chain_5_baseline_non_rescale_r3
digits_binary__linear_poly3,digits_binary,linear_poly3,test_seed42_ratio0.3_prefix540_of540,sha256:d1b62ea84e65ac2bfcb2291cc41625d8f8ccc3e81a6fec3033bb91abe2d09bb2,short_chain_5__rescale_aware,short_chain_5,rescale_aware,false,14,8192,5,40,FAILED,NONE,candidate execution failed in 3 run(s),0,3,false,0,0,0,0,0.5,0.001,0.5,530,10,0.981481481481,0.0001087829,0.0010907863,0.0021459455,false,tabular_sweep_digits_binary_linear_poly3_short_chain_5_rescale_aware_r1;tabular_sweep_digits_binary_linear_poly3_short_chain_5_rescale_aware_r2;tabular_sweep_digits_binary_linear_poly3_short_chain_5_rescale_aware_r3
digits_binary__linear_poly3,digits_binary,linear_poly3,test_seed42_ratio0.3_prefix540_of540,sha256:d1b62ea84e65ac2bfcb2291cc41625d8f8ccc3e81a6fec3033bb91abe2d09bb2,short_chain_6_scale38__baseline_non_rescale,short_chain_6_scale38,baseline_non_rescale,false,14,8192,6,38,REJECTED,NONE,rejected on V_cert: decision_flips=756 error_violations=1590,3,0,true,756,1590,0.6159670151,177.196327556,0.5,0.001,0.5,530,10,0.981481481481,0.0001087829,0.0010907863,0.0021459455,false,tabular_sweep_digits_binary_linear_poly3_short_chain_6_scale38_baseline_non_rescale_r1;tabular_sweep_digits_binary_linear_poly3_short_chain_6_scale38_baseline_non_rescale_r2;tabular_sweep_digits_binary_linear_poly3_short_chain_6_scale38_baseline_non_rescale_r3
digits_binary__linear_poly3,digits_binary,linear_poly3,test_seed42_ratio0.3_prefix540_of540,sha256:d1b62ea84e65ac2bfcb2291cc41625d8f8ccc3e81a6fec3033bb91abe2d09bb2,short_chain_6_scale38__rescale_aware,short_chain_6_scale38,rescale_aware,false,14,8192,6,38,REJECTED,NONE,rejected on V_cert: decision_flips=756 error_violations=1590,3,0,true,756,1590,0.615966911,155.94701675,0.5,0.001,0.5,530,10,0.981481481481,0.0001087829,0.0010907863,0.0021459455,false,tabular_sweep_digits_binary_linear_poly3_short_chain_6_scale38_rescale_aware_r1;tabular_sweep_digits_binary_linear_poly3_short_chain_6_scale38_rescale_aware_r2;tabular_sweep_digits_binary_linear_poly3_short_chain_6_scale38_rescale_aware_r3
digits_binary__linear_poly3,digits_binary,linear_poly3,test_seed42_ratio0.3_prefix540_of540,sha256:d1b62ea84e65ac2bfcb2291cc41625d8f8ccc3e81a6fec3033bb91abe2d09bb2,short_chain_6_scale40__baseline_non_rescale,short_chain_6_scale40,baseline_non_rescale,false,14,8192,6,40,REJECTED,NONE,rejected on V_cert: decision_flips=756 error_violations=1590,3,0,true,756,1590,0.6159803664,177.067845359,0.5,0.001,0.5,530,10,0.981481481481,0.0001087829,0.0010907863,0.0021459455,false,tabular_sweep_digits_binary_linear_poly3_short_chain_6_scale40_baseline_non_rescale_r1;tabular_sweep_digits_binary_linear_poly3_short_chain_6_scale40_baseline_non_rescale_r2;tabular_sweep_digits_binary_linear_poly3_short_chain_6_scale40_baseline_non_rescale_r3
digits_binary__linear_poly3,digits_binary,linear_poly3,test_seed42_ratio0.3_prefix540_of540,sha256:d1b62ea84e65ac2bfcb2291cc41625d8f8ccc3e81a6fec3033bb91abe2d09bb2,short_chain_6_scale40__rescale_aware,short_chain_6_scale40,rescale_aware,false,14,8192,6,40,REJECTED,NONE,rejected on V_cert: decision_flips=756 error_violations=1590,3,0,true,756,1590,0.6159802619,155.958879654,0.5,0.001,0.5,530,10,0.981481481481,0.0001087829,0.0010907863,0.0021459455,false,tabular_sweep_digits_binary_linear_poly3_short_chain_6_scale40_rescale_aware_r1;tabular_sweep_digits_binary_linear_poly3_short_chain_6_scale40_rescale_aware_r2;tabular_sweep_digits_binary_linear_poly3_short_chain_6_scale40_rescale_aware_r3
digits_binary__linear_poly3,digits_binary,linear_poly3,test_seed42_ratio0.3_prefix540_of540,sha256:d1b62ea84e65ac2bfcb2291cc41625d8f8ccc3e81a6fec3033bb91abe2d09bb2,short_chain_6_scale42__baseline_non_rescale,short_chain_6_scale42,baseline_non_rescale,false,14,8192,6,42,REJECTED,NONE,rejected on V_cert: decision_flips=756 error_violations=1590,3,0,true,756,1590,0.6159805153,177.301309914,0.5,0.001,0.5,530,10,0.981481481481,0.0001087829,0.0010907863,0.0021459455,false,tabular_sweep_digits_binary_linear_poly3_short_chain_6_scale42_baseline_non_rescale_r1;tabular_sweep_digits_binary_linear_poly3_short_chain_6_scale42_baseline_non_rescale_r2;tabular_sweep_digits_binary_linear_poly3_short_chain_6_scale42_baseline_non_rescale_r3
digits_binary__linear_poly3,digits_binary,linear_poly3,test_seed42_ratio0.3_prefix540_of540,sha256:d1b62ea84e65ac2bfcb2291cc41625d8f8ccc3e81a6fec3033bb91abe2d09bb2,short_chain_6_scale42__rescale_aware,short_chain_6_scale42,rescale_aware,false,14,8192,6,42,REJECTED,NONE,rejected on V_cert: decision_flips=756 error_violations=1590,3,0,true,756,1590,0.6159805152,156.380853416,0.5,0.001,0.5,530,10,0.981481481481,0.0001087829,0.0010907863,0.0021459455,false,tabular_sweep_digits_binary_linear_poly3_short_chain_6_scale42_rescale_aware_r1;tabular_sweep_digits_binary_linear_poly3_short_chain_6_scale42_rescale_aware_r2;tabular_sweep_digits_binary_linear_poly3_short_chain_6_scale42_rescale_aware_r3
digits_binary__mlp_square_linear_score,digits_binary,mlp_square_linear_score,test_seed42_ratio0.3_prefix540_of540,sha256:42701c7b77668c4147ce8c696f2e73bb007eade6cf4dc96021b6c8e077550666,deep_chain_8_scale45__baseline_non_rescale,deep_chain_8_scale45,baseline_non_rescale,false,15,16384,8,45,SAFE,OBSERVED_VALIDATION,"zero failures, zero decision flips, and zero error violations on V_cert=505",3,0,true,0,0,1.00000008274e-10,617.641689228,0.5,0.001,0.5,505,35,0.935185185185,4.5192e-06,0.0010321653,0.0007069918,false,tabular_sweep_digits_binary_mlp_square_linear_score_deep_chain_8_scale45_baseline_non_rescale_r1;tabular_sweep_digits_binary_mlp_square_linear_score_deep_chain_8_scale45_baseline_non_rescale_r2;tabular_sweep_digits_binary_mlp_square_linear_score_deep_chain_8_scale45_baseline_non_rescale_r3
digits_binary__mlp_square_linear_score,digits_binary,mlp_square_linear_score,test_seed42_ratio0.3_prefix540_of540,sha256:42701c7b77668c4147ce8c696f2e73bb007eade6cf4dc96021b6c8e077550666,deep_chain_8_scale45__rescale_aware,deep_chain_8_scale45,rescale_aware,false,15,16384,8,45,SAFE,OBSERVED_VALIDATION,"zero failures, zero decision flips, and zero error violations on V_cert=505",3,0,true,0,0,1.00000008274e-10,631.201446792,0.5,0.001,0.5,505,35,0.935185185185,4.5192e-06,0.0010321653,0.0007069918,false,tabular_sweep_digits_binary_mlp_square_linear_score_deep_chain_8_scale45_rescale_aware_r1;tabular_sweep_digits_binary_mlp_square_linear_score_deep_chain_8_scale45_rescale_aware_r2;tabular_sweep_digits_binary_mlp_square_linear_score_deep_chain_8_scale45_rescale_aware_r3
digits_binary__mlp_square_linear_score,digits_binary,mlp_square_linear_score,test_seed42_ratio0.3_prefix540_of540,sha256:42701c7b77668c4147ce8c696f2e73bb007eade6cf4dc96021b6c8e077550666,deep_chain_9_scale45__baseline_non_rescale,deep_chain_9_scale45,baseline_non_rescale,false,15,16384,9,45,SAFE,OBSERVED_VALIDATION,"zero failures, zero decision flips, and zero error violations on V_cert=505",3,0,true,0,0,1.00000008274e-10,714.035560426,0.5,0.001,0.5,505,35,0.935185185185,4.5192e-06,0.0010321653,0.0007069918,false,tabular_sweep_digits_binary_mlp_square_linear_score_deep_chain_9_scale45_baseline_non_rescale_r1;tabular_sweep_digits_binary_mlp_square_linear_score_deep_chain_9_scale45_baseline_non_rescale_r2;tabular_sweep_digits_binary_mlp_square_linear_score_deep_chain_9_scale45_baseline_non_rescale_r3
digits_binary__mlp_square_linear_score,digits_binary,mlp_square_linear_score,test_seed42_ratio0.3_prefix540_of540,sha256:42701c7b77668c4147ce8c696f2e73bb007eade6cf4dc96021b6c8e077550666,deep_chain_9_scale45__rescale_aware,deep_chain_9_scale45,rescale_aware,false,15,16384,9,45,SAFE,OBSERVED_VALIDATION,"zero failures, zero decision flips, and zero error violations on V_cert=505",3,0,true,0,0,1.00000008274e-10,752.337289649,0.5,0.001,0.5,505,35,0.935185185185,4.5192e-06,0.0010321653,0.0007069918,false,tabular_sweep_digits_binary_mlp_square_linear_score_deep_chain_9_scale45_rescale_aware_r1;tabular_sweep_digits_binary_mlp_square_linear_score_deep_chain_9_scale45_rescale_aware_r2;tabular_sweep_digits_binary_mlp_square_linear_score_deep_chain_9_scale45_rescale_aware_r3
digits_binary__mlp_square_linear_score,digits_binary,mlp_square_linear_score,test_seed42_ratio0.3_prefix540_of540,sha256:42701c7b77668c4147ce8c696f2e73bb007eade6cf4dc96021b6c8e077550666,default__baseline_non_rescale,default,baseline_non_rescale,false,14,8192,7,45,SAFE,OBSERVED_VALIDATION,"zero failures, zero decision flips, and zero error violations on V_cert=505",3,0,true,0,0,1.00000008274e-10,266.274077225,0.5,0.001,0.5,505,35,0.935185185185,4.5192e-06,0.0010321653,0.0007069918,false,tabular_sweep_digits_binary_mlp_square_linear_score_default_baseline_non_rescale_r1;tabular_sweep_digits_binary_mlp_square_linear_score_default_baseline_non_rescale_r2;tabular_sweep_digits_binary_mlp_square_linear_score_default_baseline_non_rescale_r3
digits_binary__mlp_square_linear_score,digits_binary,mlp_square_linear_score,test_seed42_ratio0.3_prefix540_of540,sha256:42701c7b77668c4147ce8c696f2e73bb007eade6cf4dc96021b6c8e077550666,default__rescale_aware,default,rescale_aware,true,14,8192,7,45,SAFE,OBSERVED_VALIDATION,"zero failures, zero decision flips, and zero error violations on V_cert=505",3,0,true,0,0,1.00000008274e-10,270.122899892,0.5,0.001,0.5,505,35,0.935185185185,4.5192e-06,0.0010321653,0.0007069918,false,tabular_sweep_digits_binary_mlp_square_linear_score_default_rescale_aware_r1;tabular_sweep_digits_binary_mlp_square_linear_score_default_rescale_aware_r2;tabular_sweep_digits_binary_mlp_square_linear_score_default_rescale_aware_r3
digits_binary__mlp_square_linear_score,digits_binary,mlp_square_linear_score,test_seed42_ratio0.3_prefix540_of540,sha256:42701c7b77668c4147ce8c696f2e73bb007eade6cf4dc96021b6c8e077550666,scale38__baseline_non_rescale,scale38,baseline_non_rescale,false,14,8192,7,38,SAFE,OBSERVED_VALIDATION,"zero failures, zero decision flips, and zero error violations on V_cert=505",3,0,true,0,0,7.00000057918e-10,266.752396319,0.5,0.001,0.5,505,35,0.935185185185,4.5192e-06,0.0010321653,0.0007069918,false,tabular_sweep_digits_binary_mlp_square_linear_score_scale38_baseline_non_rescale_r1;tabular_sweep_digits_binary_mlp_square_linear_score_scale38_baseline_non_rescale_r2;tabular_sweep_digits_binary_mlp_square_linear_score_scale38_baseline_non_rescale_r3
digits_binary__mlp_square_linear_score,digits_binary,mlp_square_linear_score,test_seed42_ratio0.3_prefix540_of540,sha256:42701c7b77668c4147ce8c696f2e73bb007eade6cf4dc96021b6c8e077550666,scale38__rescale_aware,scale38,rescale_aware,false,14,8192,7,38,SAFE,OBSERVED_VALIDATION,"zero failures, zero decision flips, and zero error violations on V_cert=505",3,0,true,0,0,5.0000004137e-10,275.612962659,0.5,0.001,0.5,505,35,0.935185185185,4.5192e-06,0.0010321653,0.0007069918,false,tabular_sweep_digits_binary_mlp_square_linear_score_scale38_rescale_aware_r1;tabular_sweep_digits_binary_mlp_square_linear_score_scale38_rescale_aware_r2;tabular_sweep_digits_binary_mlp_square_linear_score_scale38_rescale_aware_r3
digits_binary__mlp_square_linear_score,digits_binary,mlp_square_linear_score,test_seed42_ratio0.3_prefix540_of540,sha256:42701c7b77668c4147ce8c696f2e73bb007eade6cf4dc96021b6c8e077550666,scale40__baseline_non_rescale,scale40,baseline_non_rescale,false,14,8192,7,40,SAFE,OBSERVED_VALIDATION,"zero failures, zero decision flips, and zero error violations on V_cert=505",3,0,true,0,0,2.00000016548e-10,266.552465609,0.5,0.001,0.5,505,35,0.935185185185,4.5192e-06,0.0010321653,0.0007069918,false,tabular_sweep_digits_binary_mlp_square_linear_score_scale40_baseline_non_rescale_r1;tabular_sweep_digits_binary_mlp_square_linear_score_scale40_baseline_non_rescale_r2;tabular_sweep_digits_binary_mlp_square_linear_score_scale40_baseline_non_rescale_r3
digits_binary__mlp_square_linear_score,digits_binary,mlp_square_linear_score,test_seed42_ratio0.3_prefix540_of540,sha256:42701c7b77668c4147ce8c696f2e73bb007eade6cf4dc96021b6c8e077550666,scale40__rescale_aware,scale40,rescale_aware,false,14,8192,7,40,SAFE,OBSERVED_VALIDATION,"zero failures, zero decision flips, and zero error violations on V_cert=505",3,0,true,0,0,4.00000033096e-10,275.84199018,0.5,0.001,0.5,505,35,0.935185185185,4.5192e-06,0.0010321653,0.0007069918,false,tabular_sweep_digits_binary_mlp_square_linear_score_scale40_rescale_aware_r1;tabular_sweep_digits_binary_mlp_square_linear_score_scale40_rescale_aware_r2;tabular_sweep_digits_binary_mlp_square_linear_score_scale40_rescale_aware_r3
digits_binary__mlp_square_linear_score,digits_binary,mlp_square_linear_score,test_seed42_ratio0.3_prefix540_of540,sha256:42701c7b77668c4147ce8c696f2e73bb007eade6cf4dc96021b6c8e077550666,scale42__baseline_non_rescale,scale42,baseline_non_rescale,false,14,8192,7,42,SAFE,OBSERVED_VALIDATION,"zero failures, zero decision flips, and zero error violations on V_cert=505",3,0,true,0,0,1.00000008274e-10,265.941806467,0.5,0.001,0.5,505,35,0.935185185185,4.5192e-06,0.0010321653,0.0007069918,false,tabular_sweep_digits_binary_mlp_square_linear_score_scale42_baseline_non_rescale_r1;tabular_sweep_digits_binary_mlp_square_linear_score_scale42_baseline_non_rescale_r2;tabular_sweep_digits_binary_mlp_square_linear_score_scale42_baseline_non_rescale_r3
digits_binary__mlp_square_linear_score,digits_binary,mlp_square_linear_score,test_seed42_ratio0.3_prefix540_of540,sha256:42701c7b77668c4147ce8c696f2e73bb007eade6cf4dc96021b6c8e077550666,scale42__rescale_aware,scale42,rescale_aware,false,14,8192,7,42,SAFE,OBSERVED_VALIDATION,"zero failures, zero decision flips, and zero error violations on V_cert=505",3,0,true,0,0,1.00000008274e-10,275.802186381,0.5,0.001,0.5,505,35,0.935185185185,4.5192e-06,0.0010321653,0.0007069918,false,tabular_sweep_digits_binary_mlp_square_linear_score_scale42_rescale_aware_r1;tabular_sweep_digits_binary_mlp_square_linear_score_scale42_rescale_aware_r2;tabular_sweep_digits_binary_mlp_square_linear_score_scale42_rescale_aware_r3
digits_binary__mlp_square_linear_score,digits_binary,mlp_square_linear_score,test_seed42_ratio0.3_prefix540_of540,sha256:42701c7b77668c4147ce8c696f2e73bb007eade6cf4dc96021b6c8e077550666,short_chain_3__baseline_non_rescale,short_chain_3,baseline_non_rescale,false,14,8192,3,35,REJECTED,NONE,rejected on V_cert: decision_flips=747 error_violations=1515,3,0,true,747,1515,0.5825953151,134.288826018,0.5,0.001,0.5,505,35,0.935185185185,4.5192e-06,0.0010321653,0.0007069918,false,tabular_sweep_digits_binary_mlp_square_linear_score_short_chain_3_baseline_non_rescale_r1;tabular_sweep_digits_binary_mlp_square_linear_score_short_chain_3_baseline_non_rescale_r2;tabular_sweep_digits_binary_mlp_square_linear_score_short_chain_3_baseline_non_rescale_r3
digits_binary__mlp_square_linear_score,digits_binary,mlp_square_linear_score,test_seed42_ratio0.3_prefix540_of540,sha256:42701c7b77668c4147ce8c696f2e73bb007eade6cf4dc96021b6c8e077550666,short_chain_3__rescale_aware,short_chain_3,rescale_aware,false,14,8192,3,35,REJECTED,NONE,rejected on V_cert: decision_flips=747 error_violations=1515,3,0,true,747,1515,0.5825953151,109.108540571,0.5,0.001,0.5,505,35,0.935185185185,4.5192e-06,0.0010321653,0.0007069918,false,tabular_sweep_digits_binary_mlp_square_linear_score_short_chain_3_rescale_aware_r1;tabular_sweep_digits_binary_mlp_square_linear_score_short_chain_3_rescale_aware_r2;tabular_sweep_digits_binary_mlp_square_linear_score_short_chain_3_rescale_aware_r3
digits_binary__mlp_square_linear_score,digits_binary,mlp_square_linear_score,test_seed42_ratio0.3_prefix540_of540,sha256:42701c7b77668c4147ce8c696f2e73bb007eade6cf4dc96021b6c8e077550666,short_chain_5__baseline_non_rescale,short_chain_5,baseline_non_rescale,false,14,8192,5,40,REJECTED,NONE,rejected on V_cert: decision_flips=747 error_violations=1515,3,0,true,747,1515,0.582595327,198.140783943,0.5,0.001,0.5,505,35,0.935185185185,4.5192e-06,0.0010321653,0.0007069918,false,tabular_sweep_digits_binary_mlp_square_linear_score_short_chain_5_baseline_non_rescale_r1;tabular_sweep_digits_binary_mlp_square_linear_score_short_chain_5_baseline_non_rescale_r2;tabular_sweep_digits_binary_mlp_square_linear_score_short_chain_5_baseline_non_rescale_r3
digits_binary__mlp_square_linear_score,digits_binary,mlp_square_linear_score,test_seed42_ratio0.3_prefix540_of540,sha256:42701c7b77668c4147ce8c696f2e73bb007eade6cf4dc96021b6c8e077550666,short_chain_5__rescale_aware,short_chain_5,rescale_aware,false,14,8192,5,40,REJECTED,NONE,rejected on V_cert: decision_flips=747 error_violations=1515,3,0,true,747,1515,0.5825953095,201.043070075,0.5,0.001,0.5,505,35,0.935185185185,4.5192e-06,0.0010321653,0.0007069918,false,tabular_sweep_digits_binary_mlp_square_linear_score_short_chain_5_rescale_aware_r1;tabular_sweep_digits_binary_mlp_square_linear_score_short_chain_5_rescale_aware_r2;tabular_sweep_digits_binary_mlp_square_linear_score_short_chain_5_rescale_aware_r3
digits_binary__mlp_square_linear_score,digits_binary,mlp_square_linear_score,test_seed42_ratio0.3_prefix540_of540,sha256:42701c7b77668c4147ce8c696f2e73bb007eade6cf4dc96021b6c8e077550666,short_chain_6_scale38__baseline_non_rescale,short_chain_6_scale38,baseline_non_rescale,false,14,8192,6,38,SAFE,OBSERVED_VALIDATION,"zero failures, zero decision flips, and zero error violations on V_cert=505",3,0,true,0,0,9.00000074466e-10,227.277474201,0.5,0.001,0.5,505,35,0.935185185185,4.5192e-06,0.0010321653,0.0007069918,true,tabular_sweep_digits_binary_mlp_square_linear_score_short_chain_6_scale38_baseline_non_rescale_r1;tabular_sweep_digits_binary_mlp_square_linear_score_short_chain_6_scale38_baseline_non_rescale_r2;tabular_sweep_digits_binary_mlp_square_linear_score_short_chain_6_scale38_baseline_non_rescale_r3
digits_binary__mlp_square_linear_score,digits_binary,mlp_square_linear_score,test_seed42_ratio0.3_prefix540_of540,sha256:42701c7b77668c4147ce8c696f2e73bb007eade6cf4dc96021b6c8e077550666,short_chain_6_scale38__rescale_aware,short_chain_6_scale38,rescale_aware,false,14,8192,6,38,SAFE,OBSERVED_VALIDATION,"zero failures, zero decision flips, and zero error violations on V_cert=505",3,0,true,0,0,6.99999946896e-10,233.21442396,0.5,0.001,0.5,505,35,0.935185185185,4.5192e-06,0.0010321653,0.0007069918,false,tabular_sweep_digits_binary_mlp_square_linear_score_short_chain_6_scale38_rescale_aware_r1;tabular_sweep_digits_binary_mlp_square_linear_score_short_chain_6_scale38_rescale_aware_r2;tabular_sweep_digits_binary_mlp_square_linear_score_short_chain_6_scale38_rescale_aware_r3
digits_binary__mlp_square_linear_score,digits_binary,mlp_square_linear_score,test_seed42_ratio0.3_prefix540_of540,sha256:42701c7b77668c4147ce8c696f2e73bb007eade6cf4dc96021b6c8e077550666,short_chain_6_scale40__baseline_non_rescale,short_chain_6_scale40,baseline_non_rescale,false,14,8192,6,40,SAFE,OBSERVED_VALIDATION,"zero failures, zero decision flips, and zero error violations on V_cert=505",3,0,true,0,0,4.00000033096e-10,227.433536589,0.5,0.001,0.5,505,35,0.935185185185,4.5192e-06,0.0010321653,0.0007069918,false,tabular_sweep_digits_binary_mlp_square_linear_score_short_chain_6_scale40_baseline_non_rescale_r1;tabular_sweep_digits_binary_mlp_square_linear_score_short_chain_6_scale40_baseline_non_rescale_r2;tabular_sweep_digits_binary_mlp_square_linear_score_short_chain_6_scale40_baseline_non_rescale_r3
digits_binary__mlp_square_linear_score,digits_binary,mlp_square_linear_score,test_seed42_ratio0.3_prefix540_of540,sha256:42701c7b77668c4147ce8c696f2e73bb007eade6cf4dc96021b6c8e077550666,short_chain_6_scale40__rescale_aware,short_chain_6_scale40,rescale_aware,false,14,8192,6,40,SAFE,OBSERVED_VALIDATION,"zero failures, zero decision flips, and zero error violations on V_cert=505",3,0,true,0,0,2.00000016548e-10,233.384602788,0.5,0.001,0.5,505,35,0.935185185185,4.5192e-06,0.0010321653,0.0007069918,false,tabular_sweep_digits_binary_mlp_square_linear_score_short_chain_6_scale40_rescale_aware_r1;tabular_sweep_digits_binary_mlp_square_linear_score_short_chain_6_scale40_rescale_aware_r2;tabular_sweep_digits_binary_mlp_square_linear_score_short_chain_6_scale40_rescale_aware_r3
digits_binary__mlp_square_linear_score,digits_binary,mlp_square_linear_score,test_seed42_ratio0.3_prefix540_of540,sha256:42701c7b77668c4147ce8c696f2e73bb007eade6cf4dc96021b6c8e077550666,short_chain_6_scale42__baseline_non_rescale,short_chain_6_scale42,baseline_non_rescale,false,14,8192,6,42,SAFE,OBSERVED_VALIDATION,"zero failures, zero decision flips, and zero error violations on V_cert=505",3,0,true,0,0,1.00000008274e-10,227.381913498,0.5,0.001,0.5,505,35,0.935185185185,4.5192e-06,0.0010321653,0.0007069918,false,tabular_sweep_digits_binary_mlp_square_linear_score_short_chain_6_scale42_baseline_non_rescale_r1;tabular_sweep_digits_binary_mlp_square_linear_score_short_chain_6_scale42_baseline_non_rescale_r2;tabular_sweep_digits_binary_mlp_square_linear_score_short_chain_6_scale42_baseline_non_rescale_r3
digits_binary__mlp_square_linear_score,digits_binary,mlp_square_linear_score,test_seed42_ratio0.3_prefix540_of540,sha256:42701c7b77668c4147ce8c696f2e73bb007eade6cf4dc96021b6c8e077550666,short_chain_6_scale42__rescale_aware,short_chain_6_scale42,rescale_aware,false,14,8192,6,42,SAFE,OBSERVED_VALIDATION,"zero failures, zero decision flips, and zero error violations on V_cert=505",3,0,true,0,0,1.00000008274e-10,233.475728726,0.5,0.001,0.5,505,35,0.935185185185,4.5192e-06,0.0010321653,0.0007069918,false,tabular_sweep_digits_binary_mlp_square_linear_score_short_chain_6_scale42_rescale_aware_r1;tabular_sweep_digits_binary_mlp_square_linear_score_short_chain_6_scale42_rescale_aware_r2;tabular_sweep_digits_binary_mlp_square_linear_score_short_chain_6_scale42_rescale_aware_r3
iris_binary__linear_poly3,iris_binary,linear_poly3,test_seed42_ratio0.3_prefix30_of30,sha256:3e13ba00f25ab66cbe48b25e6ad2815a8c24d516ba979e1c0d75575ed79101b8,deep_chain_8_scale45__baseline_non_rescale,deep_chain_8_scale45,baseline_non_rescale,false,15,16384,8,45,SAFE,OBSERVED_VALIDATION,"zero failures, zero decision flips, and zero error violations on V_cert=30",3,0,true,0,0,1.00000008274e-10,332.190899211,0.5,0.001,0.5,30,0,1,0.0548087896,0.0548087896,0.065146843,false,tabular_sweep_iris_binary_linear_poly3_deep_chain_8_scale45_baseline_non_rescale_r1;tabular_sweep_iris_binary_linear_poly3_deep_chain_8_scale45_baseline_non_rescale_r2;tabular_sweep_iris_binary_linear_poly3_deep_chain_8_scale45_baseline_non_rescale_r3
iris_binary__linear_poly3,iris_binary,linear_poly3,test_seed42_ratio0.3_prefix30_of30,sha256:3e13ba00f25ab66cbe48b25e6ad2815a8c24d516ba979e1c0d75575ed79101b8,deep_chain_8_scale45__rescale_aware,deep_chain_8_scale45,rescale_aware,false,15,16384,8,45,SAFE,OBSERVED_VALIDATION,"zero failures, zero decision flips, and zero error violations on V_cert=30",3,0,true,0,0,1.00000008274e-10,309.9667233,0.5,0.001,0.5,30,0,1,0.0548087896,0.0548087896,0.065146843,false,tabular_sweep_iris_binary_linear_poly3_deep_chain_8_scale45_rescale_aware_r1;tabular_sweep_iris_binary_linear_poly3_deep_chain_8_scale45_rescale_aware_r2;tabular_sweep_iris_binary_linear_poly3_deep_chain_8_scale45_rescale_aware_r3
iris_binary__linear_poly3,iris_binary,linear_poly3,test_seed42_ratio0.3_prefix30_of30,sha256:3e13ba00f25ab66cbe48b25e6ad2815a8c24d516ba979e1c0d75575ed79101b8,deep_chain_9_scale45__baseline_non_rescale,deep_chain_9_scale45,baseline_non_rescale,false,15,16384,9,45,SAFE,OBSERVED_VALIDATION,"zero failures, zero decision flips, and zero error violations on V_cert=30",3,0,true,0,0,1.00000008274e-10,382.495782189,0.5,0.001,0.5,30,0,1,0.0548087896,0.0548087896,0.065146843,false,tabular_sweep_iris_binary_linear_poly3_deep_chain_9_scale45_baseline_non_rescale_r1;tabular_sweep_iris_binary_linear_poly3_deep_chain_9_scale45_baseline_non_rescale_r2;tabular_sweep_iris_binary_linear_poly3_deep_chain_9_scale45_baseline_non_rescale_r3
iris_binary__linear_poly3,iris_binary,linear_poly3,test_seed42_ratio0.3_prefix30_of30,sha256:3e13ba00f25ab66cbe48b25e6ad2815a8c24d516ba979e1c0d75575ed79101b8,deep_chain_9_scale45__rescale_aware,deep_chain_9_scale45,rescale_aware,false,15,16384,9,45,SAFE,OBSERVED_VALIDATION,"zero failures, zero decision flips, and zero error violations on V_cert=30",3,0,true,0,0,1.00000008274e-10,365.788965044,0.5,0.001,0.5,30,0,1,0.0548087896,0.0548087896,0.065146843,false,tabular_sweep_iris_binary_linear_poly3_deep_chain_9_scale45_rescale_aware_r1;tabular_sweep_iris_binary_linear_poly3_deep_chain_9_scale45_rescale_aware_r2;tabular_sweep_iris_binary_linear_poly3_deep_chain_9_scale45_rescale_aware_r3
iris_binary__linear_poly3,iris_binary,linear_poly3,test_seed42_ratio0.3_prefix30_of30,sha256:3e13ba00f25ab66cbe48b25e6ad2815a8c24d516ba979e1c0d75575ed79101b8,default__baseline_non_rescale,default,baseline_non_rescale,false,14,8192,7,45,SAFE,OBSERVED_VALIDATION,"zero failures, zero decision flips, and zero error violations on V_cert=30",3,0,true,0,0,1.00000008274e-10,148.268602856,0.5,0.001,0.5,30,0,1,0.0548087896,0.0548087896,0.065146843,false,tabular_sweep_iris_binary_linear_poly3_default_baseline_non_rescale_r1;tabular_sweep_iris_binary_linear_poly3_default_baseline_non_rescale_r2;tabular_sweep_iris_binary_linear_poly3_default_baseline_non_rescale_r3
iris_binary__linear_poly3,iris_binary,linear_poly3,test_seed42_ratio0.3_prefix30_of30,sha256:3e13ba00f25ab66cbe48b25e6ad2815a8c24d516ba979e1c0d75575ed79101b8,default__rescale_aware,default,rescale_aware,true,14,8192,7,45,SAFE,OBSERVED_VALIDATION,"zero failures, zero decision flips, and zero error violations on V_cert=30",3,0,true,0,0,2.07899999993e-07,120.027799378,0.5,0.001,0.5,30,0,1,0.0548087896,0.0548087896,0.065146843,true,tabular_sweep_iris_binary_linear_poly3_default_rescale_aware_r1;tabular_sweep_iris_binary_linear_poly3_default_rescale_aware_r2;tabular_sweep_iris_binary_linear_poly3_default_rescale_aware_r3
iris_binary__linear_poly3,iris_binary,linear_poly3,test_seed42_ratio0.3_prefix30_of30,sha256:3e13ba00f25ab66cbe48b25e6ad2815a8c24d516ba979e1c0d75575ed79101b8,scale38__baseline_non_rescale,scale38,baseline_non_rescale,false,14,8192,7,38,SAFE,OBSERVED_VALIDATION,"zero failures, zero decision flips, and zero error violations on V_cert=30",3,0,true,0,0,1.90000004618e-09,144.491371689,0.5,0.001,0.5,30,0,1,0.0548087896,0.0548087896,0.065146843,false,tabular_sweep_iris_binary_linear_poly3_scale38_baseline_non_rescale_r1;tabular_sweep_iris_binary_linear_poly3_scale38_baseline_non_rescale_r2;tabular_sweep_iris_binary_linear_poly3_scale38_baseline_non_rescale_r3
iris_binary__linear_poly3,iris_binary,linear_poly3,test_seed42_ratio0.3_prefix30_of30,sha256:3e13ba00f25ab66cbe48b25e6ad2815a8c24d516ba979e1c0d75575ed79101b8,scale38__rescale_aware,scale38,rescale_aware,false,14,8192,7,38,SAFE,OBSERVED_VALIDATION,"zero failures, zero decision flips, and zero error violations on V_cert=30",3,0,true,0,0,1.69999997413e-09,134.939183333,0.5,0.001,0.5,30,0,1,0.0548087896,0.0548087896,0.065146843,false,tabular_sweep_iris_binary_linear_poly3_scale38_rescale_aware_r1;tabular_sweep_iris_binary_linear_poly3_scale38_rescale_aware_r2;tabular_sweep_iris_binary_linear_poly3_scale38_rescale_aware_r3
iris_binary__linear_poly3,iris_binary,linear_poly3,test_seed42_ratio0.3_prefix30_of30,sha256:3e13ba00f25ab66cbe48b25e6ad2815a8c24d516ba979e1c0d75575ed79101b8,scale40__baseline_non_rescale,scale40,baseline_non_rescale,false,14,8192,7,40,SAFE,OBSERVED_VALIDATION,"zero failures, zero decision flips, and zero error violations on V_cert=30",3,0,true,0,0,7.00000057918e-10,144.955154033,0.5,0.001,0.5,30,0,1,0.0548087896,0.0548087896,0.065146843,false,tabular_sweep_iris_binary_linear_poly3_scale40_baseline_non_rescale_r1;tabular_sweep_iris_binary_linear_poly3_scale40_baseline_non_rescale_r2;tabular_sweep_iris_binary_linear_poly3_scale40_baseline_non_rescale_r3
iris_binary__linear_poly3,iris_binary,linear_poly3,test_seed42_ratio0.3_prefix30_of30,sha256:3e13ba00f25ab66cbe48b25e6ad2815a8c24d516ba979e1c0d75575ed79101b8,scale40__rescale_aware,scale40,rescale_aware,false,14,8192,7,40,SAFE,OBSERVED_VALIDATION,"zero failures, zero decision flips, and zero error violations on V_cert=30",3,0,true,0,0,4.99999985859e-10,139.955128644,0.5,0.001,0.5,30,0,1,0.0548087896,0.0548087896,0.065146843,false,tabular_sweep_iris_binary_linear_poly3_scale40_rescale_aware_r1;tabular_sweep_iris_binary_linear_poly3_scale40_rescale_aware_r2;tabular_sweep_iris_binary_linear_poly3_scale40_rescale_aware_r3
iris_binary__linear_poly3,iris_binary,linear_poly3,test_seed42_ratio0.3_prefix30_of30,sha256:3e13ba00f25ab66cbe48b25e6ad2815a8c24d516ba979e1c0d75575ed79101b8,scale42__baseline_non_rescale,scale42,baseline_non_rescale,false,14,8192,7,42,SAFE,OBSERVED_VALIDATION,"zero failures, zero decision flips, and zero error violations on V_cert=30",3,0,true,0,0,2.00000016548e-10,148.368254656,0.5,0.001,0.5,30,0,1,0.0548087896,0.0548087896,0.065146843,false,tabular_sweep_iris_binary_linear_poly3_scale42_baseline_non_rescale_r1;tabular_sweep_iris_binary_linear_poly3_scale42_baseline_non_rescale_r2;tabular_sweep_iris_binary_linear_poly3_scale42_baseline_non_rescale_r3
iris_binary__linear_poly3,iris_binary,linear_poly3,test_seed42_ratio0.3_prefix30_of30,sha256:3e13ba00f25ab66cbe48b25e6ad2815a8c24d516ba979e1c0d75575ed79101b8,scale42__rescale_aware,scale42,rescale_aware,false,14,8192,7,42,SAFE,OBSERVED_VALIDATION,"zero failures, zero decision flips, and zero error violations on V_cert=30",3,0,true,0,0,2.99999969311e-10,137.6896283,0.5,0.001,0.5,30,0,1,0.0548087896,0.0548087896,0.065146843,false,tabular_sweep_iris_binary_linear_poly3_scale42_rescale_aware_r1;tabular_sweep_iris_binary_linear_poly3_scale42_rescale_aware_r2;tabular_sweep_iris_binary_linear_poly3_scale42_rescale_aware_r3
iris_binary__linear_poly3,iris_binary,linear_poly3,test_seed42_ratio0.3_prefix30_of30,sha256:3e13ba00f25ab66cbe48b25e6ad2815a8c24d516ba979e1c0d75575ed79101b8,short_chain_3__baseline_non_rescale,short_chain_3,baseline_non_rescale,false,14,8192,3,35,REJECTED,NONE,rejected on V_cert: decision_flips=45 error_violations=90,3,0,true,45,90,0.6938779067,76.122926,0.5,0.001,0.5,30,0,1,0.0548087896,0.0548087896,0.065146843,false,tabular_sweep_iris_binary_linear_poly3_short_chain_3_baseline_non_rescale_r1;tabular_sweep_iris_binary_linear_poly3_short_chain_3_baseline_non_rescale_r2;tabular_sweep_iris_binary_linear_poly3_short_chain_3_baseline_non_rescale_r3
iris_binary__linear_poly3,iris_binary,linear_poly3,test_seed42_ratio0.3_prefix30_of30,sha256:3e13ba00f25ab66cbe48b25e6ad2815a8c24d516ba979e1c0d75575ed79101b8,short_chain_3__rescale_aware,short_chain_3,rescale_aware,false,14,8192,3,35,FAILED,NONE,candidate execution failed in 3 run(s),0,3,false,0,0,0,0,0.5,0.001,0.5,30,0,1,0.0548087896,0.0548087896,0.065146843,false,tabular_sweep_iris_binary_linear_poly3_short_chain_3_rescale_aware_r1;tabular_sweep_iris_binary_linear_poly3_short_chain_3_rescale_aware_r2;tabular_sweep_iris_binary_linear_poly3_short_chain_3_rescale_aware_r3
iris_binary__linear_poly3,iris_binary,linear_poly3,test_seed42_ratio0.3_prefix30_of30,sha256:3e13ba00f25ab66cbe48b25e6ad2815a8c24d516ba979e1c0d75575ed79101b8,short_chain_5__baseline_non_rescale,short_chain_5,baseline_non_rescale,false,14,8192,5,40,REJECTED,NONE,rejected on V_cert: decision_flips=45 error_violations=90,3,0,true,45,90,0.6938779067,109.239986222,0.5,0.001,0.5,30,0,1,0.0548087896,0.0548087896,0.065146843,false,tabular_sweep_iris_binary_linear_poly3_short_chain_5_baseline_non_rescale_r1;tabular_sweep_iris_binary_linear_poly3_short_chain_5_baseline_non_rescale_r2;tabular_sweep_iris_binary_linear_poly3_short_chain_5_baseline_non_rescale_r3
iris_binary__linear_poly3,iris_binary,linear_poly3,test_seed42_ratio0.3_prefix30_of30,sha256:3e13ba00f25ab66cbe48b25e6ad2815a8c24d516ba979e1c0d75575ed79101b8,short_chain_5__rescale_aware,short_chain_5,rescale_aware,false,14,8192,5,40,FAILED,NONE,candidate execution failed in 3 run(s),0,3,false,0,0,0,0,0.5,0.001,0.5,30,0,1,0.0548087896,0.0548087896,0.065146843,false,tabular_sweep_iris_binary_linear_poly3_short_chain_5_rescale_aware_r1;tabular_sweep_iris_binary_linear_poly3_short_chain_5_rescale_aware_r2;tabular_sweep_iris_binary_linear_poly3_short_chain_5_rescale_aware_r3
iris_binary__linear_poly3,iris_binary,linear_poly3,test_seed42_ratio0.3_prefix30_of30,sha256:3e13ba00f25ab66cbe48b25e6ad2815a8c24d516ba979e1c0d75575ed79101b8,short_chain_6_scale38__baseline_non_rescale,short_chain_6_scale38,baseline_non_rescale,false,14,8192,6,38,REJECTED,NONE,rejected on V_cert: decision_flips=45 error_violations=90,3,0,true,45,90,0.6938479022,125.325491656,0.5,0.001,0.5,30,0,1,0.0548087896,0.0548087896,0.065146843,false,tabular_sweep_iris_binary_linear_poly3_short_chain_6_scale38_baseline_non_rescale_r1;tabular_sweep_iris_binary_linear_poly3_short_chain_6_scale38_baseline_non_rescale_r2;tabular_sweep_iris_binary_linear_poly3_short_chain_6_scale38_baseline_non_rescale_r3
iris_binary__linear_poly3,iris_binary,linear_poly3,test_seed42_ratio0.3_prefix30_of30,sha256:3e13ba00f25ab66cbe48b25e6ad2815a8c24d516ba979e1c0d75575ed79101b8,short_chain_6_scale38__rescale_aware,short_chain_6_scale38,rescale_aware,false,14,8192,6,38,REJECTED,NONE,rejected on V_cert: decision_flips=45 error_violations=90,3,0,true,45,90,0.6938477846,109.581729522,0.5,0.001,0.5,30,0,1,0.0548087896,0.0548087896,0.065146843,false,tabular_sweep_iris_binary_linear_poly3_short_chain_6_scale38_rescale_aware_r1;tabular_sweep_iris_binary_linear_poly3_short_chain_6_scale38_rescale_aware_r2;tabular_sweep_iris_binary_linear_poly3_short_chain_6_scale38_rescale_aware_r3
iris_binary__linear_poly3,iris_binary,linear_poly3,test_seed42_ratio0.3_prefix30_of30,sha256:3e13ba00f25ab66cbe48b25e6ad2815a8c24d516ba979e1c0d75575ed79101b8,short_chain_6_scale40__baseline_non_rescale,short_chain_6_scale40,baseline_non_rescale,false,14,8192,6,40,REJECTED,NONE,rejected on V_cert: decision_flips=45 error_violations=90,3,0,true,45,90,0.6938774659,125.670857433,0.5,0.001,0.5,30,0,1,0.0548087896,0.0548087896,0.065146843,false,tabular_sweep_iris_binary_linear_poly3_short_chain_6_scale40_baseline_non_rescale_r1;tabular_sweep_iris_binary_linear_poly3_short_chain_6_scale40_baseline_non_rescale_r2;tabular_sweep_iris_binary_linear_poly3_short_chain_6_scale40_baseline_non_rescale_r3
iris_binary__linear_poly3,iris_binary,linear_poly3,test_seed42_ratio0.3_prefix30_of30,sha256:3e13ba00f25ab66cbe48b25e6ad2815a8c24d516ba979e1c0d75575ed79101b8,short_chain_6_scale40__rescale_aware,short_chain_6_scale40,rescale_aware,false,14,8192,6,40,REJECTED,NONE,rejected on V_cert: decision_flips=45 error_violations=90,3,0,true,45,90,0.6938783017,105.623039556,0.5,0.001,0.5,30,0,1,0.0548087896,0.0548087896,0.065146843,false,tabular_sweep_iris_binary_linear_poly3_short_chain_6_scale40_rescale_aware_r1;tabular_sweep_iris_binary_linear_poly3_short_chain_6_scale40_rescale_aware_r2;tabular_sweep_iris_binary_linear_poly3_short_chain_6_scale40_rescale_aware_r3
iris_binary__linear_poly3,iris_binary,linear_poly3,test_seed42_ratio0.3_prefix30_of30,sha256:3e13ba00f25ab66cbe48b25e6ad2815a8c24d516ba979e1c0d75575ed79101b8,short_chain_6_scale42__baseline_non_rescale,short_chain_6_scale42,baseline_non_rescale,false,14,8192,6,42,REJECTED,NONE,rejected on V_cert: decision_flips=45 error_violations=90,3,0,true,45,90,0.6938779127,125.095071489,0.5,0.001,0.5,30,0,1,0.0548087896,0.0548087896,0.065146843,false,tabular_sweep_iris_binary_linear_poly3_short_chain_6_scale42_baseline_non_rescale_r1;tabular_sweep_iris_binary_linear_poly3_short_chain_6_scale42_baseline_non_rescale_r2;tabular_sweep_iris_binary_linear_poly3_short_chain_6_scale42_baseline_non_rescale_r3
iris_binary__linear_poly3,iris_binary,linear_poly3,test_seed42_ratio0.3_prefix30_of30,sha256:3e13ba00f25ab66cbe48b25e6ad2815a8c24d516ba979e1c0d75575ed79101b8,short_chain_6_scale42__rescale_aware,short_chain_6_scale42,rescale_aware,false,14,8192,6,42,REJECTED,NONE,rejected on V_cert: decision_flips=45 error_violations=90,3,0,true,45,90,0.6938778995,105.295247922,0.5,0.001,0.5,30,0,1,0.0548087896,0.0548087896,0.065146843,false,tabular_sweep_iris_binary_linear_poly3_short_chain_6_scale42_rescale_aware_r1;tabular_sweep_iris_binary_linear_poly3_short_chain_6_scale42_rescale_aware_r2;tabular_sweep_iris_binary_linear_poly3_short_chain_6_scale42_rescale_aware_r3
iris_binary__mlp_square_linear_score,iris_binary,mlp_square_linear_score,test_seed42_ratio0.3_prefix30_of30,sha256:36469289b77c5c3380dc0c5749713208243f43d580127f64d62a5301ec0f6f1a,deep_chain_8_scale45__baseline_non_rescale,deep_chain_8_scale45,baseline_non_rescale,false,15,16384,8,45,SAFE,OBSERVED_VALIDATION,"zero failures, zero decision flips, and zero error violations on V_cert=30",3,0,true,0,0,1.00000008274e-10,458.831336289,0.5,0.001,0.5,30,0,1,0.0693038602,0.0693038602,0.0755502062,false,tabular_sweep_iris_binary_mlp_square_linear_score_deep_chain_8_scale45_baseline_non_rescale_r1;tabular_sweep_iris_binary_mlp_square_linear_score_deep_chain_8_scale45_baseline_non_rescale_r2;tabular_sweep_iris_binary_mlp_square_linear_score_deep_chain_8_scale45_baseline_non_rescale_r3
iris_binary__mlp_square_linear_score,iris_binary,mlp_square_linear_score,test_seed42_ratio0.3_prefix30_of30,sha256:36469289b77c5c3380dc0c5749713208243f43d580127f64d62a5301ec0f6f1a,deep_chain_8_scale45__rescale_aware,deep_chain_8_scale45,rescale_aware,false,15,16384,8,45,SAFE,OBSERVED_VALIDATION,"zero failures, zero decision flips, and zero error violations on V_cert=30",3,0,true,0,0,1.00000008274e-10,473.128444211,0.5,0.001,0.5,30,0,1,0.0693038602,0.0693038602,0.0755502062,false,tabular_sweep_iris_binary_mlp_square_linear_score_deep_chain_8_scale45_rescale_aware_r1;tabular_sweep_iris_binary_mlp_square_linear_score_deep_chain_8_scale45_rescale_aware_r2;tabular_sweep_iris_binary_mlp_square_linear_score_deep_chain_8_scale45_rescale_aware_r3
iris_binary__mlp_square_linear_score,iris_binary,mlp_square_linear_score,test_seed42_ratio0.3_prefix30_of30,sha256:36469289b77c5c3380dc0c5749713208243f43d580127f64d62a5301ec0f6f1a,deep_chain_9_scale45__baseline_non_rescale,deep_chain_9_scale45,baseline_non_rescale,false,15,16384,9,45,SAFE,OBSERVED_VALIDATION,"zero failures, zero decision flips, and zero error violations on V_cert=30",3,0,true,0,0,1.00000008274e-10,539.024933656,0.5,0.001,0.5,30,0,1,0.0693038602,0.0693038602,0.0755502062,false,tabular_sweep_iris_binary_mlp_square_linear_score_deep_chain_9_scale45_baseline_non_rescale_r1;tabular_sweep_iris_binary_mlp_square_linear_score_deep_chain_9_scale45_baseline_non_rescale_r2;tabular_sweep_iris_binary_mlp_square_linear_score_deep_chain_9_scale45_baseline_non_rescale_r3
iris_binary__mlp_square_linear_score,iris_binary,mlp_square_linear_score,test_seed42_ratio0.3_prefix30_of30,sha256:36469289b77c5c3380dc0c5749713208243f43d580127f64d62a5301ec0f6f1a,deep_chain_9_scale45__rescale_aware,deep_chain_9_scale45,rescale_aware,false,15,16384,9,45,SAFE,OBSERVED_VALIDATION,"zero failures, zero decision flips, and zero error violations on V_cert=30",3,0,true,0,0,1.00000008274e-10,575.773201567,0.5,0.001,0.5,30,0,1,0.0693038602,0.0693038602,0.0755502062,false,tabular_sweep_iris_binary_mlp_square_linear_score_deep_chain_9_scale45_rescale_aware_r1;tabular_sweep_iris_binary_mlp_square_linear_score_deep_chain_9_scale45_rescale_aware_r2;tabular_sweep_iris_binary_mlp_square_linear_score_deep_chain_9_scale45_rescale_aware_r3
iris_binary__mlp_square_linear_score,iris_binary,mlp_square_linear_score,test_seed42_ratio0.3_prefix30_of30,sha256:36469289b77c5c3380dc0c5749713208243f43d580127f64d62a5301ec0f6f1a,default__baseline_non_rescale,default,baseline_non_rescale,false,14,8192,7,45,SAFE,OBSERVED_VALIDATION,"zero failures, zero decision flips, and zero error violations on V_cert=30",3,0,true,0,0,1.00000008274e-10,199.993999522,0.5,0.001,0.5,30,0,1,0.0693038602,0.0693038602,0.0755502062,false,tabular_sweep_iris_binary_mlp_square_linear_score_default_baseline_non_rescale_r1;tabular_sweep_iris_binary_mlp_square_linear_score_default_baseline_non_rescale_r2;tabular_sweep_iris_binary_mlp_square_linear_score_default_baseline_non_rescale_r3
iris_binary__mlp_square_linear_score,iris_binary,mlp_square_linear_score,test_seed42_ratio0.3_prefix30_of30,sha256:36469289b77c5c3380dc0c5749713208243f43d580127f64d62a5301ec0f6f1a,default__rescale_aware,default,rescale_aware,true,14,8192,7,45,SAFE,OBSERVED_VALIDATION,"zero failures, zero decision flips, and zero error violations on V_cert=30",3,0,true,0,0,1.00000008274e-10,203.938972533,0.5,0.001,0.5,30,0,1,0.0693038602,0.0693038602,0.0755502062,false,tabular_sweep_iris_binary_mlp_square_linear_score_default_rescale_aware_r1;tabular_sweep_iris_binary_mlp_square_linear_score_default_rescale_aware_r2;tabular_sweep_iris_binary_mlp_square_linear_score_default_rescale_aware_r3
iris_binary__mlp_square_linear_score,iris_binary,mlp_square_linear_score,test_seed42_ratio0.3_prefix30_of30,sha256:36469289b77c5c3380dc0c5749713208243f43d580127f64d62a5301ec0f6f1a,scale38__baseline_non_rescale,scale38,baseline_non_rescale,false,14,8192,7,38,SAFE,OBSERVED_VALIDATION,"zero failures, zero decision flips, and zero error violations on V_cert=30",3,0,true,0,0,4.40000003099e-09,199.965639633,0.5,0.001,0.5,30,0,1,0.0693038602,0.0693038602,0.0755502062,false,tabular_sweep_iris_binary_mlp_square_linear_score_scale38_baseline_non_rescale_r1;tabular_sweep_iris_binary_mlp_square_linear_score_scale38_baseline_non_rescale_r2;tabular_sweep_iris_binary_mlp_square_linear_score_scale38_baseline_non_rescale_r3
iris_binary__mlp_square_linear_score,iris_binary,mlp_square_linear_score,test_seed42_ratio0.3_prefix30_of30,sha256:36469289b77c5c3380dc0c5749713208243f43d580127f64d62a5301ec0f6f1a,scale38__rescale_aware,scale38,rescale_aware,false,14,8192,7,38,SAFE,OBSERVED_VALIDATION,"zero failures, zero decision flips, and zero error violations on V_cert=30",3,0,true,0,0,1.60000002136e-09,210.8777787,0.5,0.001,0.5,30,0,1,0.0693038602,0.0693038602,0.0755502062,false,tabular_sweep_iris_binary_mlp_square_linear_score_scale38_rescale_aware_r1;tabular_sweep_iris_binary_mlp_square_linear_score_scale38_rescale_aware_r2;tabular_sweep_iris_binary_mlp_square_linear_score_scale38_rescale_aware_r3
iris_binary__mlp_square_linear_score,iris_binary,mlp_square_linear_score,test_seed42_ratio0.3_prefix30_of30,sha256:36469289b77c5c3380dc0c5749713208243f43d580127f64d62a5301ec0f6f1a,scale40__baseline_non_rescale,scale40,baseline_non_rescale,false,14,8192,7,40,SAFE,OBSERVED_VALIDATION,"zero failures, zero decision flips, and zero error violations on V_cert=30",3,0,true,0,0,4.00000033096e-10,199.367548589,0.5,0.001,0.5,30,0,1,0.0693038602,0.0693038602,0.0755502062,false,tabular_sweep_iris_binary_mlp_square_linear_score_scale40_baseline_non_rescale_r1;tabular_sweep_iris_binary_mlp_square_linear_score_scale40_baseline_non_rescale_r2;tabular_sweep_iris_binary_mlp_square_linear_score_scale40_baseline_non_rescale_r3
iris_binary__mlp_square_linear_score,iris_binary,mlp_square_linear_score,test_seed42_ratio0.3_prefix30_of30,sha256:36469289b77c5c3380dc0c5749713208243f43d580127f64d62a5301ec0f6f1a,scale40__rescale_aware,scale40,rescale_aware,false,14,8192,7,40,SAFE,OBSERVED_VALIDATION,"zero failures, zero decision flips, and zero error violations on V_cert=30",3,0,true,0,0,5.0000004137e-10,210.6150691,0.5,0.001,0.5,30,0,1,0.0693038602,0.0693038602,0.0755502062,false,tabular_sweep_iris_binary_mlp_square_linear_score_scale40_rescale_aware_r1;tabular_sweep_iris_binary_mlp_square_linear_score_scale40_rescale_aware_r2;tabular_sweep_iris_binary_mlp_square_linear_score_scale40_rescale_aware_r3
iris_binary__mlp_square_linear_score,iris_binary,mlp_square_linear_score,test_seed42_ratio0.3_prefix30_of30,sha256:36469289b77c5c3380dc0c5749713208243f43d580127f64d62a5301ec0f6f1a,scale42__baseline_non_rescale,scale42,baseline_non_rescale,false,14,8192,7,42,SAFE,OBSERVED_VALIDATION,"zero failures, zero decision flips, and zero error violations on V_cert=30",3,0,true,0,0,2.00000016548e-10,199.451483389,0.5,0.001,0.5,30,0,1,0.0693038602,0.0693038602,0.0755502062,false,tabular_sweep_iris_binary_mlp_square_linear_score_scale42_baseline_non_rescale_r1;tabular_sweep_iris_binary_mlp_square_linear_score_scale42_baseline_non_rescale_r2;tabular_sweep_iris_binary_mlp_square_linear_score_scale42_baseline_non_rescale_r3
iris_binary__mlp_square_linear_score,iris_binary,mlp_square_linear_score,test_seed42_ratio0.3_prefix30_of30,sha256:36469289b77c5c3380dc0c5749713208243f43d580127f64d62a5301ec0f6f1a,scale42__rescale_aware,scale42,rescale_aware,false,14,8192,7,42,SAFE,OBSERVED_VALIDATION,"zero failures, zero decision flips, and zero error violations on V_cert=30",3,0,true,0,0,2.00000016548e-10,210.653387333,0.5,0.001,0.5,30,0,1,0.0693038602,0.0693038602,0.0755502062,false,tabular_sweep_iris_binary_mlp_square_linear_score_scale42_rescale_aware_r1;tabular_sweep_iris_binary_mlp_square_linear_score_scale42_rescale_aware_r2;tabular_sweep_iris_binary_mlp_square_linear_score_scale42_rescale_aware_r3
iris_binary__mlp_square_linear_score,iris_binary,mlp_square_linear_score,test_seed42_ratio0.3_prefix30_of30,sha256:36469289b77c5c3380dc0c5749713208243f43d580127f64d62a5301ec0f6f1a,short_chain_3__baseline_non_rescale,short_chain_3,baseline_non_rescale,false,14,8192,3,35,REJECTED,NONE,rejected on V_cert: decision_flips=45 error_violations=90,3,0,true,45,90,0.6451233846,100.227676433,0.5,0.001,0.5,30,0,1,0.0693038602,0.0693038602,0.0755502062,false,tabular_sweep_iris_binary_mlp_square_linear_score_short_chain_3_baseline_non_rescale_r1;tabular_sweep_iris_binary_mlp_square_linear_score_short_chain_3_baseline_non_rescale_r2;tabular_sweep_iris_binary_mlp_square_linear_score_short_chain_3_baseline_non_rescale_r3
iris_binary__mlp_square_linear_score,iris_binary,mlp_square_linear_score,test_seed42_ratio0.3_prefix30_of30,sha256:36469289b77c5c3380dc0c5749713208243f43d580127f64d62a5301ec0f6f1a,short_chain_3__rescale_aware,short_chain_3,rescale_aware,false,14,8192,3,35,REJECTED,NONE,rejected on V_cert: decision_flips=45 error_violations=90,3,0,true,45,90,0.6451233846,75.5770293111,0.5,0.001,0.5,30,0,1,0.0693038602,0.0693038602,0.0755502062,false,tabular_sweep_iris_binary_mlp_square_linear_score_short_chain_3_rescale_aware_r1;tabular_sweep_iris_binary_mlp_square_linear_score_short_chain_3_rescale_aware_r2;tabular_sweep_iris_binary_mlp_square_linear_score_short_chain_3_rescale_aware_r3
iris_binary__mlp_square_linear_score,iris_binary,mlp_square_linear_score,test_seed42_ratio0.3_prefix30_of30,sha256:36469289b77c5c3380dc0c5749713208243f43d580127f64d62a5301ec0f6f1a,short_chain_5__baseline_non_rescale,short_chain_5,baseline_non_rescale,false,14,8192,5,40,REJECTED,NONE,rejected on V_cert: decision_flips=45 error_violations=90,3,0,true,45,90,0.6451233948,147.178356989,0.5,0.001,0.5,30,0,1,0.0693038602,0.0693038602,0.0755502062,false,tabular_sweep_iris_binary_mlp_square_linear_score_short_chain_5_baseline_non_rescale_r1;tabular_sweep_iris_binary_mlp_square_linear_score_short_chain_5_baseline_non_rescale_r2;tabular_sweep_iris_binary_mlp_square_linear_score_short_chain_5_baseline_non_rescale_r3
iris_binary__mlp_square_linear_score,iris_binary,mlp_square_linear_score,test_seed42_ratio0.3_prefix30_of30,sha256:36469289b77c5c3380dc0c5749713208243f43d580127f64d62a5301ec0f6f1a,short_chain_5__rescale_aware,short_chain_5,rescale_aware,false,14,8192,5,40,REJECTED,NONE,rejected on V_cert: decision_flips=45 error_violations=90,3,0,true,45,90,0.6451233918,151.300074189,0.5,0.001,0.5,30,0,1,0.0693038602,0.0693038602,0.0755502062,false,tabular_sweep_iris_binary_mlp_square_linear_score_short_chain_5_rescale_aware_r1;tabular_sweep_iris_binary_mlp_square_linear_score_short_chain_5_rescale_aware_r2;tabular_sweep_iris_binary_mlp_square_linear_score_short_chain_5_rescale_aware_r3
iris_binary__mlp_square_linear_score,iris_binary,mlp_square_linear_score,test_seed42_ratio0.3_prefix30_of30,sha256:36469289b77c5c3380dc0c5749713208243f43d580127f64d62a5301ec0f6f1a,short_chain_6_scale38__baseline_non_rescale,short_chain_6_scale38,baseline_non_rescale,false,14,8192,6,38,SAFE,OBSERVED_VALIDATION,"zero failures, zero decision flips, and zero error violations on V_cert=30",3,0,true,0,0,1.09999997999e-09,169.620050044,0.5,0.001,0.5,30,0,1,0.0693038602,0.0693038602,0.0755502062,false,tabular_sweep_iris_binary_mlp_square_linear_score_short_chain_6_scale38_baseline_non_rescale_r1;tabular_sweep_iris_binary_mlp_square_linear_score_short_chain_6_scale38_baseline_non_rescale_r2;tabular_sweep_iris_binary_mlp_square_linear_score_short_chain_6_scale38_baseline_non_rescale_r3
iris_binary__mlp_square_linear_score,iris_binary,mlp_square_linear_score,test_seed42_ratio0.3_prefix30_of30,sha256:36469289b77c5c3380dc0c5749713208243f43d580127f64d62a5301ec0f6f1a,short_chain_6_scale38__rescale_aware,short_chain_6_scale38,rescale_aware,false,14,8192,6,38,SAFE,OBSERVED_VALIDATION,"zero failures, zero decision flips, and zero error violations on V_cert=30",3,0,true,0,0,3.79999998135e-09,175.643619611,0.5,0.001,0.5,30,0,1,0.0693038602,0.0693038602,0.0755502062,false,tabular_sweep_iris_binary_mlp_square_linear_score_short_chain_6_scale38_rescale_aware_r1;tabular_sweep_iris_binary_mlp_square_linear_score_short_chain_6_scale38_rescale_aware_r2;tabular_sweep_iris_binary_mlp_square_linear_score_short_chain_6_scale38_rescale_aware_r3
iris_binary__mlp_square_linear_score,iris_binary,mlp_square_linear_score,test_seed42_ratio0.3_prefix30_of30,sha256:36469289b77c5c3380dc0c5749713208243f43d580127f64d62a5301ec0f6f1a,short_chain_6_scale40__baseline_non_rescale,short_chain_6_scale40,baseline_non_rescale,false,14,8192,6,40,SAFE,OBSERVED_VALIDATION,"zero failures, zero decision flips, and zero error violations on V_cert=30",3,0,true,0,0,6.00000049644e-10,169.426525711,0.5,0.001,0.5,30,0,1,0.0693038602,0.0693038602,0.0755502062,false,tabular_sweep_iris_binary_mlp_square_linear_score_short_chain_6_scale40_baseline_non_rescale_r1;tabular_sweep_iris_binary_mlp_square_linear_score_short_chain_6_scale40_baseline_non_rescale_r2;tabular_sweep_iris_binary_mlp_square_linear_score_short_chain_6_scale40_baseline_non_rescale_r3
iris_binary__mlp_square_linear_score,iris_binary,mlp_square_linear_score,test_seed42_ratio0.3_prefix30_of30,sha256:36469289b77c5c3380dc0c5749713208243f43d580127f64d62a5301ec0f6f1a,short_chain_6_scale40__rescale_aware,short_chain_6_scale40,rescale_aware,false,14,8192,6,40,SAFE,OBSERVED_VALIDATION,"zero failures, zero decision flips, and zero error violations on V_cert=30",3,0,true,0,0,5.0000004137e-10,175.586734211,0.5,0.001,0.5,30,0,1,0.0693038602,0.0693038602,0.0755502062,false,tabular_sweep_iris_binary_mlp_square_linear_score_short_chain_6_scale40_rescale_aware_r1;tabular_sweep_iris_binary_mlp_square_linear_score_short_chain_6_scale40_rescale_aware_r2;tabular_sweep_iris_binary_mlp_square_linear_score_short_chain_6_scale40_rescale_aware_r3
iris_binary__mlp_square_linear_score,iris_binary,mlp_square_linear_score,test_seed42_ratio0.3_prefix30_of30,sha256:36469289b77c5c3380dc0c5749713208243f43d580127f64d62a5301ec0f6f1a,short_chain_6_scale42__baseline_non_rescale,short_chain_6_scale42,baseline_non_rescale,false,14,8192,6,42,SAFE,OBSERVED_VALIDATION,"zero failures, zero decision flips, and zero error violations on V_cert=30",3,0,true,0,0,1.00000008274e-10,169.097464467,0.5,0.001,0.5,30,0,1,0.0693038602,0.0693038602,0.0755502062,true,tabular_sweep_iris_binary_mlp_square_linear_score_short_chain_6_scale42_baseline_non_rescale_r1;tabular_sweep_iris_binary_mlp_square_linear_score_short_chain_6_scale42_baseline_non_rescale_r2;tabular_sweep_iris_binary_mlp_square_linear_score_short_chain_6_scale42_baseline_non_rescale_r3
iris_binary__mlp_square_linear_score,iris_binary,mlp_square_linear_score,test_seed42_ratio0.3_prefix30_of30,sha256:36469289b77c5c3380dc0c5749713208243f43d580127f64d62a5301ec0f6f1a,short_chain_6_scale42__rescale_aware,short_chain_6_scale42,rescale_aware,false,14,8192,6,42,SAFE,OBSERVED_VALIDATION,"zero failures, zero decision flips, and zero error violations on V_cert=30",3,0,true,0,0,1.00000008274e-10,175.125549389,0.5,0.001,0.5,30,0,1,0.0693038602,0.0693038602,0.0755502062,false,tabular_sweep_iris_binary_mlp_square_linear_score_short_chain_6_scale42_rescale_aware_r1;tabular_sweep_iris_binary_mlp_square_linear_score_short_chain_6_scale42_rescale_aware_r2;tabular_sweep_iris_binary_mlp_square_linear_score_short_chain_6_scale42_rescale_aware_r3
mnist_pool16__linear_poly3,mnist_pool16,linear_poly3,test_seed42_ratio0.2_prefix200_of500,sha256:01e9be436a368495c1e555d180278336ca9acf3f6651fb21ff5e5568b65de448,deep_chain_8_scale45__baseline_non_rescale,deep_chain_8_scale45,baseline_non_rescale,false,15,16384,8,45,SAFE,OBSERVED_VALIDATION,"zero failures, zero decision flips, and zero error violations on V_cert=195",3,0,true,0,0,1.00000008274e-10,792.05414699,0.5,0.001,0.5,195,5,0.975,0.0002125055,0.001186814,0.0021913815,false,tabular_sweep_mnist_pool16_linear_poly3_deep_chain_8_scale45_baseline_non_rescale_r1;tabular_sweep_mnist_pool16_linear_poly3_deep_chain_8_scale45_baseline_non_rescale_r2;tabular_sweep_mnist_pool16_linear_poly3_deep_chain_8_scale45_baseline_non_rescale_r3
mnist_pool16__linear_poly3,mnist_pool16,linear_poly3,test_seed42_ratio0.2_prefix200_of500,sha256:01e9be436a368495c1e555d180278336ca9acf3f6651fb21ff5e5568b65de448,deep_chain_8_scale45__rescale_aware,deep_chain_8_scale45,rescale_aware,false,15,16384,8,45,SAFE,OBSERVED_VALIDATION,"zero failures, zero decision flips, and zero error violations on V_cert=195",3,0,true,0,0,1.00000008274e-10,769.487006363,0.5,0.001,0.5,195,5,0.975,0.0002125055,0.001186814,0.0021913815,false,tabular_sweep_mnist_pool16_linear_poly3_deep_chain_8_scale45_rescale_aware_r1;tabular_sweep_mnist_pool16_linear_poly3_deep_chain_8_scale45_rescale_aware_r2;tabular_sweep_mnist_pool16_linear_poly3_deep_chain_8_scale45_rescale_aware_r3
mnist_pool16__linear_poly3,mnist_pool16,linear_poly3,test_seed42_ratio0.2_prefix200_of500,sha256:01e9be436a368495c1e555d180278336ca9acf3f6651fb21ff5e5568b65de448,deep_chain_9_scale45__baseline_non_rescale,deep_chain_9_scale45,baseline_non_rescale,false,15,16384,9,45,SAFE,OBSERVED_VALIDATION,"zero failures, zero decision flips, and zero error violations on V_cert=195",3,0,true,0,0,1.00000008274e-10,873.71199421,0.5,0.001,0.5,195,5,0.975,0.0002125055,0.001186814,0.0021913815,false,tabular_sweep_mnist_pool16_linear_poly3_deep_chain_9_scale45_baseline_non_rescale_r1;tabular_sweep_mnist_pool16_linear_poly3_deep_chain_9_scale45_baseline_non_rescale_r2;tabular_sweep_mnist_pool16_linear_poly3_deep_chain_9_scale45_baseline_non_rescale_r3
mnist_pool16__linear_poly3,mnist_pool16,linear_poly3,test_seed42_ratio0.2_prefix200_of500,sha256:01e9be436a368495c1e555d180278336ca9acf3f6651fb21ff5e5568b65de448,deep_chain_9_scale45__rescale_aware,deep_chain_9_scale45,rescale_aware,false,15,16384,9,45,SAFE,OBSERVED_VALIDATION,"zero failures, zero decision flips, and zero error violations on V_cert=195",3,0,true,0,0,1.00000008274e-10,855.136057165,0.5,0.001,0.5,195,5,0.975,0.0002125055,0.001186814,0.0021913815,false,tabular_sweep_mnist_pool16_linear_poly3_deep_chain_9_scale45_rescale_aware_r1;tabular_sweep_mnist_pool16_linear_poly3_deep_chain_9_scale45_rescale_aware_r2;tabular_sweep_mnist_pool16_linear_poly3_deep_chain_9_scale45_rescale_aware_r3
mnist_pool16__linear_poly3,mnist_pool16,linear_poly3,test_seed42_ratio0.2_prefix200_of500,sha256:01e9be436a368495c1e555d180278336ca9acf3f6651fb21ff5e5568b65de448,default__baseline_non_rescale,default,baseline_non_rescale,false,14,8192,7,45,SAFE,OBSERVED_VALIDATION,"zero failures, zero decision flips, and zero error violations on V_cert=195",3,0,true,0,0,1.00000008274e-10,342.817193753,0.5,0.001,0.5,195,5,0.975,0.0002125055,0.001186814,0.0021913815,false,tabular_sweep_mnist_pool16_linear_poly3_default_baseline_non_rescale_r1;tabular_sweep_mnist_pool16_linear_poly3_default_baseline_non_rescale_r2;tabular_sweep_mnist_pool16_linear_poly3_default_baseline_non_rescale_r3
mnist_pool16__linear_poly3,mnist_pool16,linear_poly3,test_seed42_ratio0.2_prefix200_of500,sha256:01e9be436a368495c1e555d180278336ca9acf3f6651fb21ff5e5568b65de448,default__rescale_aware,default,rescale_aware,true,14,8192,7,45,SAFE,OBSERVED_VALIDATION,"zero failures, zero decision flips, and zero error violations on V_cert=195",3,0,true,0,0,2.08300000026e-07,312.71718244,0.5,0.001,0.5,195,5,0.975,0.0002125055,0.001186814,0.0021913815,true,tabular_sweep_mnist_pool16_linear_poly3_default_rescale_aware_r1;tabular_sweep_mnist_pool16_linear_poly3_default_rescale_aware_r2;tabular_sweep_mnist_pool16_linear_poly3_default_rescale_aware_r3
mnist_pool16__linear_poly3,mnist_pool16,linear_poly3,test_seed42_ratio0.2_prefix200_of500,sha256:01e9be436a368495c1e555d180278336ca9acf3f6651fb21ff5e5568b65de448,scale38__baseline_non_rescale,scale38,baseline_non_rescale,false,14,8192,7,38,SAFE,OBSERVED_VALIDATION,"zero failures, zero decision flips, and zero error violations on V_cert=195",3,0,true,0,0,1.80000003791e-09,340.8960395,0.5,0.001,0.5,195,5,0.975,0.0002125055,0.001186814,0.0021913815,false,tabular_sweep_mnist_pool16_linear_poly3_scale38_baseline_non_rescale_r1;tabular_sweep_mnist_pool16_linear_poly3_scale38_baseline_non_rescale_r2;tabular_sweep_mnist_pool16_linear_poly3_scale38_baseline_non_rescale_r3
mnist_pool16__linear_poly3,mnist_pool16,linear_poly3,test_seed42_ratio0.2_prefix200_of500,sha256:01e9be436a368495c1e555d180278336ca9acf3f6651fb21ff5e5568b65de448,scale38__rescale_aware,scale38,rescale_aware,false,14,8192,7,38,SAFE,OBSERVED_VALIDATION,"zero failures, zero decision flips, and zero error violations on V_cert=195",3,0,true,0,0,1.70000002964e-09,331.010677115,0.5,0.001,0.5,195,5,0.975,0.0002125055,0.001186814,0.0021913815,false,tabular_sweep_mnist_pool16_linear_poly3_scale38_rescale_aware_r1;tabular_sweep_mnist_pool16_linear_poly3_scale38_rescale_aware_r2;tabular_sweep_mnist_pool16_linear_poly3_scale38_rescale_aware_r3
mnist_pool16__linear_poly3,mnist_pool16,linear_poly3,test_seed42_ratio0.2_prefix200_of500,sha256:01e9be436a368495c1e555d180278336ca9acf3f6651fb21ff5e5568b65de448,scale40__baseline_non_rescale,scale40,baseline_non_rescale,false,14,8192,7,40,SAFE,OBSERVED_VALIDATION,"zero failures, zero decision flips, and zero error violations on V_cert=195",3,0,true,0,0,3.99999922074e-10,340.877017993,0.5,0.001,0.5,195,5,0.975,0.0002125055,0.001186814,0.0021913815,false,tabular_sweep_mnist_pool16_linear_poly3_scale40_baseline_non_rescale_r1;tabular_sweep_mnist_pool16_linear_poly3_scale40_baseline_non_rescale_r2;tabular_sweep_mnist_pool16_linear_poly3_scale40_baseline_non_rescale_r3
mnist_pool16__linear_poly3,mnist_pool16,linear_poly3,test_seed42_ratio0.2_prefix200_of500,sha256:01e9be436a368495c1e555d180278336ca9acf3f6651fb21ff5e5568b65de448,scale40__rescale_aware,scale40,rescale_aware,false,14,8192,7,40,SAFE,OBSERVED_VALIDATION,"zero failures, zero decision flips, and zero error violations on V_cert=195",3,0,true,0,0,3.00000024822e-10,331.034647328,0.5,0.001,0.5,195,5,0.975,0.0002125055,0.001186814,0.0021913815,false,tabular_sweep_mnist_pool16_linear_poly3_scale40_rescale_aware_r1;tabular_sweep_mnist_pool16_linear_poly3_scale40_rescale_aware_r2;tabular_sweep_mnist_pool16_linear_poly3_scale40_rescale_aware_r3
mnist_pool16__linear_poly3,mnist_pool16,linear_poly3,test_seed42_ratio0.2_prefix200_of500,sha256:01e9be436a368495c1e555d180278336ca9acf3f6651fb21ff5e5568b65de448,scale42__baseline_non_rescale,scale42,baseline_non_rescale,false,14,8192,7,42,SAFE,OBSERVED_VALIDATION,"zero failures, zero decision flips, and zero error violations on V_cert=195",3,0,true,0,0,1.00000008274e-10,340.681664452,0.5,0.001,0.5,195,5,0.975,0.0002125055,0.001186814,0.0021913815,false,tabular_sweep_mnist_pool16_linear_poly3_scale42_baseline_non_rescale_r1;tabular_sweep_mnist_pool16_linear_poly3_scale42_baseline_non_rescale_r2;tabular_sweep_mnist_pool16_linear_poly3_scale42_baseline_non_rescale_r3
mnist_pool16__linear_poly3,mnist_pool16,linear_poly3,test_seed42_ratio0.2_prefix200_of500,sha256:01e9be436a368495c1e555d180278336ca9acf3f6651fb21ff5e5568b65de448,scale42__rescale_aware,scale42,rescale_aware,false,14,8192,7,42,SAFE,OBSERVED_VALIDATION,"zero failures, zero decision flips, and zero error violations on V_cert=195",3,0,true,0,0,1.00000008274e-10,330.317307065,0.5,0.001,0.5,195,5,0.975,0.0002125055,0.001186814,0.0021913815,false,tabular_sweep_mnist_pool16_linear_poly3_scale42_rescale_aware_r1;tabular_sweep_mnist_pool16_linear_poly3_scale42_rescale_aware_r2;tabular_sweep_mnist_pool16_linear_poly3_scale42_rescale_aware_r3
mnist_pool16__linear_poly3,mnist_pool16,linear_poly3,test_seed42_ratio0.2_prefix200_of500,sha256:01e9be436a368495c1e555d180278336ca9acf3f6651fb21ff5e5568b65de448,short_chain_3__baseline_non_rescale,short_chain_3,baseline_non_rescale,false,14,8192,3,35,REJECTED,NONE,rejected on V_cert: decision_flips=246 error_violations=585,3,0,true,246,585,0.6513874219,173.175368243,0.5,0.001,0.5,195,5,0.975,0.0002125055,0.001186814,0.0021913815,false,tabular_sweep_mnist_pool16_linear_poly3_short_chain_3_baseline_non_rescale_r1;tabular_sweep_mnist_pool16_linear_poly3_short_chain_3_baseline_non_rescale_r2;tabular_sweep_mnist_pool16_linear_poly3_short_chain_3_baseline_non_rescale_r3
mnist_pool16__linear_poly3,mnist_pool16,linear_poly3,test_seed42_ratio0.2_prefix200_of500,sha256:01e9be436a368495c1e555d180278336ca9acf3f6651fb21ff5e5568b65de448,short_chain_3__rescale_aware,short_chain_3,rescale_aware,false,14,8192,3,35,FAILED,NONE,candidate execution failed in 3 run(s),0,3,false,0,0,0,0,0.5,0.001,0.5,195,5,0.975,0.0002125055,0.001186814,0.0021913815,false,tabular_sweep_mnist_pool16_linear_poly3_short_chain_3_rescale_aware_r1;tabular_sweep_mnist_pool16_linear_poly3_short_chain_3_rescale_aware_r2;tabular_sweep_mnist_pool16_linear_poly3_short_chain_3_rescale_aware_r3
mnist_pool16__linear_poly3,mnist_pool16,linear_poly3,test_seed42_ratio0.2_prefix200_of500,sha256:01e9be436a368495c1e555d180278336ca9acf3f6651fb21ff5e5568b65de448,short_chain_5__baseline_non_rescale,short_chain_5,baseline_non_rescale,false,14,8192,5,40,REJECTED,NONE,rejected on V_cert: decision_flips=246 error_violations=585,3,0,true,246,585,0.6513874219,251.130695605,0.5,0.001,0.5,195,5,0.975,0.0002125055,0.001186814,0.0021913815,false,tabular_sweep_mnist_pool16_linear_poly3_short_chain_5_baseline_non_rescale_r1;tabular_sweep_mnist_pool16_linear_poly3_short_chain_5_baseline_non_rescale_r2;tabular_sweep_mnist_pool16_linear_poly3_short_chain_5_baseline_non_rescale_r3
mnist_pool16__linear_poly3,mnist_pool16,linear_poly3,test_seed42_ratio0.2_prefix200_of500,sha256:01e9be436a368495c1e555d180278336ca9acf3f6651fb21ff5e5568b65de448,short_chain_5__rescale_aware,short_chain_5,rescale_aware,false,14,8192,5,40,FAILED,NONE,candidate execution failed in 3 run(s),0,3,false,0,0,0,0,0.5,0.001,0.5,195,5,0.975,0.0002125055,0.001186814,0.0021913815,false,tabular_sweep_mnist_pool16_linear_poly3_short_chain_5_rescale_aware_r1;tabular_sweep_mnist_pool16_linear_poly3_short_chain_5_rescale_aware_r2;tabular_sweep_mnist_pool16_linear_poly3_short_chain_5_rescale_aware_r3
mnist_pool16__linear_poly3,mnist_pool16,linear_poly3,test_seed42_ratio0.2_prefix200_of500,sha256:01e9be436a368495c1e555d180278336ca9acf3f6651fb21ff5e5568b65de448,short_chain_6_scale38__baseline_non_rescale,short_chain_6_scale38,baseline_non_rescale,false,14,8192,6,38,REJECTED,NONE,rejected on V_cert: decision_flips=246 error_violations=585,3,0,true,246,585,0.6513674185,289.805594373,0.5,0.001,0.5,195,5,0.975,0.0002125055,0.001186814,0.0021913815,false,tabular_sweep_mnist_pool16_linear_poly3_short_chain_6_scale38_baseline_non_rescale_r1;tabular_sweep_mnist_pool16_linear_poly3_short_chain_6_scale38_baseline_non_rescale_r2;tabular_sweep_mnist_pool16_linear_poly3_short_chain_6_scale38_baseline_non_rescale_r3
mnist_pool16__linear_poly3,mnist_pool16,linear_poly3,test_seed42_ratio0.2_prefix200_of500,sha256:01e9be436a368495c1e555d180278336ca9acf3f6651fb21ff5e5568b65de448,short_chain_6_scale38__rescale_aware,short_chain_6_scale38,rescale_aware,false,14,8192,6,38,REJECTED,NONE,rejected on V_cert: decision_flips=246 error_violations=585,3,0,true,246,585,0.6513673079,268.979585873,0.5,0.001,0.5,195,5,0.975,0.0002125055,0.001186814,0.0021913815,false,tabular_sweep_mnist_pool16_linear_poly3_short_chain_6_scale38_rescale_aware_r1;tabular_sweep_mnist_pool16_linear_poly3_short_chain_6_scale38_rescale_aware_r2;tabular_sweep_mnist_pool16_linear_poly3_short_chain_6_scale38_rescale_aware_r3
mnist_pool16__linear_poly3,mnist_pool16,linear_poly3,test_seed42_ratio0.2_prefix200_of500,sha256:01e9be436a368495c1e555d180278336ca9acf3f6651fb21ff5e5568b65de448,short_chain_6_scale40__baseline_non_rescale,short_chain_6_scale40,baseline_non_rescale,false,14,8192,6,40,REJECTED,NONE,rejected on V_cert: decision_flips=246 error_violations=585,3,0,true,246,585,0.6513874452,289.839044565,0.5,0.001,0.5,195,5,0.975,0.0002125055,0.001186814,0.0021913815,false,tabular_sweep_mnist_pool16_linear_poly3_short_chain_6_scale40_baseline_non_rescale_r1;tabular_sweep_mnist_pool16_linear_poly3_short_chain_6_scale40_baseline_non_rescale_r2;tabular_sweep_mnist_pool16_linear_poly3_short_chain_6_scale40_baseline_non_rescale_r3
mnist_pool16__linear_poly3,mnist_pool16,linear_poly3,test_seed42_ratio0.2_prefix200_of500,sha256:01e9be436a368495c1e555d180278336ca9acf3f6651fb21ff5e5568b65de448,short_chain_6_scale40__rescale_aware,short_chain_6_scale40,rescale_aware,false,14,8192,6,40,REJECTED,NONE,rejected on V_cert: decision_flips=246 error_violations=585,3,0,true,246,585,0.6513873349,268.990725993,0.5,0.001,0.5,195,5,0.975,0.0002125055,0.001186814,0.0021913815,false,tabular_sweep_mnist_pool16_linear_poly3_short_chain_6_scale40_rescale_aware_r1;tabular_sweep_mnist_pool16_linear_poly3_short_chain_6_scale40_rescale_aware_r2;tabular_sweep_mnist_pool16_linear_poly3_short_chain_6_scale40_rescale_aware_r3
mnist_pool16__linear_poly3,mnist_pool16,linear_poly3,test_seed42_ratio0.2_prefix200_of500,sha256:01e9be436a368495c1e555d180278336ca9acf3f6651fb21ff5e5568b65de448,short_chain_6_scale42__baseline_non_rescale,short_chain_6_scale42,baseline_non_rescale,false,14,8192,6,42,REJECTED,NONE,rejected on V_cert: decision_flips=246 error_violations=585,3,0,true,246,585,0.6513874154,290.593060078,0.5,0.001,0.5,195,5,0.975,0.0002125055,0.001186814,0.0021913815,false,tabular_sweep_mnist_pool16_linear_poly3_short_chain_6_scale42_baseline_non_rescale_r1;tabular_sweep_mnist_pool16_linear_poly3_short_chain_6_scale42_baseline_non_rescale_r2;tabular_sweep_mnist_pool16_linear_poly3_short_chain_6_scale42_baseline_non_rescale_r3
mnist_pool16__linear_poly3,mnist_pool16,linear_poly3,test_seed42_ratio0.2_prefix200_of500,sha256:01e9be436a368495c1e555d180278336ca9acf3f6651fb21ff5e5568b65de448,short_chain_6_scale42__rescale_aware,short_chain_6_scale42,rescale_aware,false,14,8192,6,42,REJECTED,NONE,rejected on V_cert: decision_flips=246 error_violations=585,3,0,true,246,585,0.6513874242,269.886775068,0.5,0.001,0.5,195,5,0.975,0.0002125055,0.001186814,0.0021913815,false,tabular_sweep_mnist_pool16_linear_poly3_short_chain_6_scale42_rescale_aware_r1;tabular_sweep_mnist_pool16_linear_poly3_short_chain_6_scale42_rescale_aware_r2;tabular_sweep_mnist_pool16_linear_poly3_short_chain_6_scale42_rescale_aware_r3
mnist_pool16__mlp_square_linear_score,mnist_pool16,mlp_square_linear_score,test_seed42_ratio0.2_prefix200_of500,sha256:ebd07168da61cc711d5bee3fb7af36d685d836e99ac22e1a9607628846d07866,deep_chain_8_scale45__baseline_non_rescale,deep_chain_8_scale45,baseline_non_rescale,false,15,16384,8,45,SAFE,OBSERVED_VALIDATION,"zero failures, zero decision flips, and zero error violations on V_cert=197",3,0,true,0,0,1.00000008274e-10,961.986022497,0.5,0.001,0.5,197,3,0.985,0.0001539709,0.0010423414,0.0013782223,false,tabular_sweep_mnist_pool16_mlp_square_linear_score_deep_chain_8_scale45_baseline_non_rescale_r1;tabular_sweep_mnist_pool16_mlp_square_linear_score_deep_chain_8_scale45_baseline_non_rescale_r2;tabular_sweep_mnist_pool16_mlp_square_linear_score_deep_chain_8_scale45_baseline_non_rescale_r3
mnist_pool16__mlp_square_linear_score,mnist_pool16,mlp_square_linear_score,test_seed42_ratio0.2_prefix200_of500,sha256:ebd07168da61cc711d5bee3fb7af36d685d836e99ac22e1a9607628846d07866,deep_chain_8_scale45__rescale_aware,deep_chain_8_scale45,rescale_aware,false,15,16384,8,45,SAFE,OBSERVED_VALIDATION,"zero failures, zero decision flips, and zero error violations on V_cert=197",3,0,true,0,0,1.00000008274e-10,972.69584895,0.5,0.001,0.5,197,3,0.985,0.0001539709,0.0010423414,0.0013782223,false,tabular_sweep_mnist_pool16_mlp_square_linear_score_deep_chain_8_scale45_rescale_aware_r1;tabular_sweep_mnist_pool16_mlp_square_linear_score_deep_chain_8_scale45_rescale_aware_r2;tabular_sweep_mnist_pool16_mlp_square_linear_score_deep_chain_8_scale45_rescale_aware_r3
mnist_pool16__mlp_square_linear_score,mnist_pool16,mlp_square_linear_score,test_seed42_ratio0.2_prefix200_of500,sha256:ebd07168da61cc711d5bee3fb7af36d685d836e99ac22e1a9607628846d07866,deep_chain_9_scale45__baseline_non_rescale,deep_chain_9_scale45,baseline_non_rescale,false,15,16384,9,45,SAFE,OBSERVED_VALIDATION,"zero failures, zero decision flips, and zero error violations on V_cert=197",3,0,true,0,0,1.00000008274e-10,1128.13088711,0.5,0.001,0.5,197,3,0.985,0.0001539709,0.0010423414,0.0013782223,false,tabular_sweep_mnist_pool16_mlp_square_linear_score_deep_chain_9_scale45_baseline_non_rescale_r1;tabular_sweep_mnist_pool16_mlp_square_linear_score_deep_chain_9_scale45_baseline_non_rescale_r2;tabular_sweep_mnist_pool16_mlp_square_linear_score_deep_chain_9_scale45_baseline_non_rescale_r3
mnist_pool16__mlp_square_linear_score,mnist_pool16,mlp_square_linear_score,test_seed42_ratio0.2_prefix200_of500,sha256:ebd07168da61cc711d5bee3fb7af36d685d836e99ac22e1a9607628846d07866,deep_chain_9_scale45__rescale_aware,deep_chain_9_scale45,rescale_aware,false,15,16384,9,45,SAFE,OBSERVED_VALIDATION,"zero failures, zero decision flips, and zero error violations on V_cert=197",3,0,true,0,0,1.00000008274e-10,1192.67972659,0.5,0.001,0.5,197,3,0.985,0.0001539709,0.0010423414,0.0013782223,false,tabular_sweep_mnist_pool16_mlp_square_linear_score_deep_chain_9_scale45_rescale_aware_r1;tabular_sweep_mnist_pool16_mlp_square_linear_score_deep_chain_9_scale45_rescale_aware_r2;tabular_sweep_mnist_pool16_mlp_square_linear_score_deep_chain_9_scale45_rescale_aware_r3
mnist_pool16__mlp_square_linear_score,mnist_pool16,mlp_square_linear_score,test_seed42_ratio0.2_prefix200_of500,sha256:ebd07168da61cc711d5bee3fb7af36d685d836e99ac22e1a9607628846d07866,default__baseline_non_rescale,default,baseline_non_rescale,false,14,8192,7,45,SAFE,OBSERVED_VALIDATION,"zero failures, zero decision flips, and zero error violations on V_cert=197",3,0,true,0,0,1.00000008274e-10,412.449244668,0.5,0.001,0.5,197,3,0.985,0.0001539709,0.0010423414,0.0013782223,false,tabular_sweep_mnist_pool16_mlp_square_linear_score_default_baseline_non_rescale_r1;tabular_sweep_mnist_pool16_mlp_square_linear_score_default_baseline_non_rescale_r2;tabular_sweep_mnist_pool16_mlp_square_linear_score_default_baseline_non_rescale_r3
mnist_pool16__mlp_square_linear_score,mnist_pool16,mlp_square_linear_score,test_seed42_ratio0.2_prefix200_of500,sha256:ebd07168da61cc711d5bee3fb7af36d685d836e99ac22e1a9607628846d07866,default__rescale_aware,default,rescale_aware,true,14,8192,7,45,SAFE,OBSERVED_VALIDATION,"zero failures, zero decision flips, and zero error violations on V_cert=197",3,0,true,0,0,1.00000008274e-10,414.896056792,0.5,0.001,0.5,197,3,0.985,0.0001539709,0.0010423414,0.0013782223,false,tabular_sweep_mnist_pool16_mlp_square_linear_score_default_rescale_aware_r1;tabular_sweep_mnist_pool16_mlp_square_linear_score_default_rescale_aware_r2;tabular_sweep_mnist_pool16_mlp_square_linear_score_default_rescale_aware_r3
mnist_pool16__mlp_square_linear_score,mnist_pool16,mlp_square_linear_score,test_seed42_ratio0.2_prefix200_of500,sha256:ebd07168da61cc711d5bee3fb7af36d685d836e99ac22e1a9607628846d07866,scale38__baseline_non_rescale,scale38,baseline_non_rescale,false,14,8192,7,38,SAFE,OBSERVED_VALIDATION,"zero failures, zero decision flips, and zero error violations on V_cert=197",3,0,true,0,0,8.99999963444e-10,411.603617308,0.5,0.001,0.5,197,3,0.985,0.0001539709,0.0010423414,0.0013782223,false,tabular_sweep_mnist_pool16_mlp_square_linear_score_scale38_baseline_non_rescale_r1;tabular_sweep_mnist_pool16_mlp_square_linear_score_scale38_baseline_non_rescale_r2;tabular_sweep_mnist_pool16_mlp_square_linear_score_scale38_baseline_non_rescale_r3
mnist_pool16__mlp_square_linear_score,mnist_pool16,mlp_square_linear_score,test_seed42_ratio0.2_prefix200_of500,sha256:ebd07168da61cc711d5bee3fb7af36d685d836e99ac22e1a9607628846d07866,scale38__rescale_aware,scale38,rescale_aware,false,14,8192,7,38,SAFE,OBSERVED_VALIDATION,"zero failures, zero decision flips, and zero error violations on V_cert=197",3,0,true,0,0,1.19999998827e-09,422.79515608,0.5,0.001,0.5,197,3,0.985,0.0001539709,0.0010423414,0.0013782223,false,tabular_sweep_mnist_pool16_mlp_square_linear_score_scale38_rescale_aware_r1;tabular_sweep_mnist_pool16_mlp_square_linear_score_scale38_rescale_aware_r2;tabular_sweep_mnist_pool16_mlp_square_linear_score_scale38_rescale_aware_r3
mnist_pool16__mlp_square_linear_score,mnist_pool16,mlp_square_linear_score,test_seed42_ratio0.2_prefix200_of500,sha256:ebd07168da61cc711d5bee3fb7af36d685d836e99ac22e1a9607628846d07866,scale40__baseline_non_rescale,scale40,baseline_non_rescale,false,14,8192,7,40,SAFE,OBSERVED_VALIDATION,"zero failures, zero decision flips, and zero error violations on V_cert=197",3,0,true,0,0,2.00000016548e-10,412.318065278,0.5,0.001,0.5,197,3,0.985,0.0001539709,0.0010423414,0.0013782223,false,tabular_sweep_mnist_pool16_mlp_square_linear_score_scale40_baseline_non_rescale_r1;tabular_sweep_mnist_pool16_mlp_square_linear_score_scale40_baseline_non_rescale_r2;tabular_sweep_mnist_pool16_mlp_square_linear_score_scale40_baseline_non_rescale_r3
mnist_pool16__mlp_square_linear_score,mnist_pool16,mlp_square_linear_score,test_seed42_ratio0.2_prefix200_of500,sha256:ebd07168da61cc711d5bee3fb7af36d685d836e99ac22e1a9607628846d07866,scale40__rescale_aware,scale40,rescale_aware,false,14,8192,7,40,SAFE,OBSERVED_VALIDATION,"zero failures, zero decision flips, and zero error violations on V_cert=197",3,0,true,0,0,4.99999985859e-10,423.776748435,0.5,0.001,0.5,197,3,0.985,0.0001539709,0.0010423414,0.0013782223,false,tabular_sweep_mnist_pool16_mlp_square_linear_score_scale40_rescale_aware_r1;tabular_sweep_mnist_pool16_mlp_square_linear_score_scale40_rescale_aware_r2;tabular_sweep_mnist_pool16_mlp_square_linear_score_scale40_rescale_aware_r3
mnist_pool16__mlp_square_linear_score,mnist_pool16,mlp_square_linear_score,test_seed42_ratio0.2_prefix200_of500,sha256:ebd07168da61cc711d5bee3fb7af36d685d836e99ac22e1a9607628846d07866,scale42__baseline_non_rescale,scale42,baseline_non_rescale,false,14,8192,7,42,SAFE,OBSERVED_VALIDATION,"zero failures, zero decision flips, and zero error violations on V_cert=197",3,0,true,0,0,1.00000008274e-10,411.969973785,0.5,0.001,0.5,197,3,0.985,0.0001539709,0.0010423414,0.0013782223,false,tabular_sweep_mnist_pool16_mlp_square_linear_score_scale42_baseline_non_rescale_r1;tabular_sweep_mnist_pool16_mlp_square_linear_score_scale42_baseline_non_rescale_r2;tabular_sweep_mnist_pool16_mlp_square_linear_score_scale42_baseline_non_rescale_r3
mnist_pool16__mlp_square_linear_score,mnist_pool16,mlp_square_linear_score,test_seed42_ratio0.2_prefix200_of500,sha256:ebd07168da61cc711d5bee3fb7af36d685d836e99ac22e1a9607628846d07866,scale42__rescale_aware,scale42,rescale_aware,false,14,8192,7,42,SAFE,OBSERVED_VALIDATION,"zero failures, zero decision flips, and zero error violations on V_cert=197",3,0,true,0,0,1.00000008274e-10,422.739205792,0.5,0.001,0.5,197,3,0.985,0.0001539709,0.0010423414,0.0013782223,false,tabular_sweep_mnist_pool16_mlp_square_linear_score_scale42_rescale_aware_r1;tabular_sweep_mnist_pool16_mlp_square_linear_score_scale42_rescale_aware_r2;tabular_sweep_mnist_pool16_mlp_square_linear_score_scale42_rescale_aware_r3
mnist_pool16__mlp_square_linear_score,mnist_pool16,mlp_square_linear_score,test_seed42_ratio0.2_prefix200_of500,sha256:ebd07168da61cc711d5bee3fb7af36d685d836e99ac22e1a9607628846d07866,short_chain_3__baseline_non_rescale,short_chain_3,baseline_non_rescale,false,14,8192,3,35,REJECTED,NONE,rejected on V_cert: decision_flips=273 error_violations=591,3,0,true,273,591,0.6241065408,196.50622619,0.5,0.001,0.5,197,3,0.985,0.0001539709,0.0010423414,0.0013782223,false,tabular_sweep_mnist_pool16_mlp_square_linear_score_short_chain_3_baseline_non_rescale_r1;tabular_sweep_mnist_pool16_mlp_square_linear_score_short_chain_3_baseline_non_rescale_r2;tabular_sweep_mnist_pool16_mlp_square_linear_score_short_chain_3_baseline_non_rescale_r3
mnist_pool16__mlp_square_linear_score,mnist_pool16,mlp_square_linear_score,test_seed42_ratio0.2_prefix200_of500,sha256:ebd07168da61cc711d5bee3fb7af36d685d836e99ac22e1a9607628846d07866,short_chain_3__rescale_aware,short_chain_3,rescale_aware,false,14,8192,3,35,REJECTED,NONE,rejected on V_cert: decision_flips=273 error_violations=591,3,0,true,273,591,0.6241065408,171.6773854,0.5,0.001,0.5,197,3,0.985,0.0001539709,0.0010423414,0.0013782223,false,tabular_sweep_mnist_pool16_mlp_square_linear_score_short_chain_3_rescale_aware_r1;tabular_sweep_mnist_pool16_mlp_square_linear_score_short_chain_3_rescale_aware_r2;tabular_sweep_mnist_pool16_mlp_square_linear_score_short_chain_3_rescale_aware_r3
mnist_pool16__mlp_square_linear_score,mnist_pool16,mlp_square_linear_score,test_seed42_ratio0.2_prefix200_of500,sha256:ebd07168da61cc711d5bee3fb7af36d685d836e99ac22e1a9607628846d07866,short_chain_5__baseline_non_rescale,short_chain_5,baseline_non_rescale,false,14,8192,5,40,REJECTED,NONE,rejected on V_cert: decision_flips=273 error_violations=591,3,0,true,273,591,0.6241065503,292.069971318,0.5,0.001,0.5,197,3,0.985,0.0001539709,0.0010423414,0.0013782223,false,tabular_sweep_mnist_pool16_mlp_square_linear_score_short_chain_5_baseline_non_rescale_r1;tabular_sweep_mnist_pool16_mlp_square_linear_score_short_chain_5_baseline_non_rescale_r2;tabular_sweep_mnist_pool16_mlp_square_linear_score_short_chain_5_baseline_non_rescale_r3
mnist_pool16__mlp_square_linear_score,mnist_pool16,mlp_square_linear_score,test_seed42_ratio0.2_prefix200_of500,sha256:ebd07168da61cc711d5bee3fb7af36d685d836e99ac22e1a9607628846d07866,short_chain_5__rescale_aware,short_chain_5,rescale_aware,false,14,8192,5,40,REJECTED,NONE,rejected on V_cert: decision_flips=273 error_violations=591,3,0,true,273,591,0.624106553,294.706589055,0.5,0.001,0.5,197,3,0.985,0.0001539709,0.0010423414,0.0013782223,false,tabular_sweep_mnist_pool16_mlp_square_linear_score_short_chain_5_rescale_aware_r1;tabular_sweep_mnist_pool16_mlp_square_linear_score_short_chain_5_rescale_aware_r2;tabular_sweep_mnist_pool16_mlp_square_linear_score_short_chain_5_rescale_aware_r3
mnist_pool16__mlp_square_linear_score,mnist_pool16,mlp_square_linear_score,test_seed42_ratio0.2_prefix200_of500,sha256:ebd07168da61cc711d5bee3fb7af36d685d836e99ac22e1a9607628846d07866,short_chain_6_scale38__baseline_non_rescale,short_chain_6_scale38,baseline_non_rescale,false,14,8192,6,38,SAFE,OBSERVED_VALIDATION,"zero failures, zero decision flips, and zero error violations on V_cert=197",3,0,true,0,0,1.50000001309e-09,350.8390874,0.5,0.001,0.5,197,3,0.985,0.0001539709,0.0010423414,0.0013782223,false,tabular_sweep_mnist_pool16_mlp_square_linear_score_short_chain_6_scale38_baseline_non_rescale_r1;tabular_sweep_mnist_pool16_mlp_square_linear_score_short_chain_6_scale38_baseline_non_rescale_r2;tabular_sweep_mnist_pool16_mlp_square_linear_score_short_chain_6_scale38_baseline_non_rescale_r3
mnist_pool16__mlp_square_linear_score,mnist_pool16,mlp_square_linear_score,test_seed42_ratio0.2_prefix200_of500,sha256:ebd07168da61cc711d5bee3fb7af36d685d836e99ac22e1a9607628846d07866,short_chain_6_scale38__rescale_aware,short_chain_6_scale38,rescale_aware,false,14,8192,6,38,SAFE,OBSERVED_VALIDATION,"zero failures, zero decision flips, and zero error violations on V_cert=197",3,0,true,0,0,1.50000001309e-09,357.195961368,0.5,0.001,0.5,197,3,0.985,0.0001539709,0.0010423414,0.0013782223,false,tabular_sweep_mnist_pool16_mlp_square_linear_score_short_chain_6_scale38_rescale_aware_r1;tabular_sweep_mnist_pool16_mlp_square_linear_score_short_chain_6_scale38_rescale_aware_r2;tabular_sweep_mnist_pool16_mlp_square_linear_score_short_chain_6_scale38_rescale_aware_r3
mnist_pool16__mlp_square_linear_score,mnist_pool16,mlp_square_linear_score,test_seed42_ratio0.2_prefix200_of500,sha256:ebd07168da61cc711d5bee3fb7af36d685d836e99ac22e1a9607628846d07866,short_chain_6_scale40__baseline_non_rescale,short_chain_6_scale40,baseline_non_rescale,false,14,8192,6,40,SAFE,OBSERVED_VALIDATION,"zero failures, zero decision flips, and zero error violations on V_cert=197",3,0,true,0,0,3.00000024822e-10,355.727138962,0.5,0.001,0.5,197,3,0.985,0.0001539709,0.0010423414,0.0013782223,false,tabular_sweep_mnist_pool16_mlp_square_linear_score_short_chain_6_scale40_baseline_non_rescale_r1;tabular_sweep_mnist_pool16_mlp_square_linear_score_short_chain_6_scale40_baseline_non_rescale_r2;tabular_sweep_mnist_pool16_mlp_square_linear_score_short_chain_6_scale40_baseline_non_rescale_r3
mnist_pool16__mlp_square_linear_score,mnist_pool16,mlp_square_linear_score,test_seed42_ratio0.2_prefix200_of500,sha256:ebd07168da61cc711d5bee3fb7af36d685d836e99ac22e1a9607628846d07866,short_chain_6_scale40__rescale_aware,short_chain_6_scale40,rescale_aware,false,14,8192,6,40,SAFE,OBSERVED_VALIDATION,"zero failures, zero decision flips, and zero error violations on V_cert=197",3,0,true,0,0,4.00000033096e-10,349.614073872,0.5,0.001,0.5,197,3,0.985,0.0001539709,0.0010423414,0.0013782223,false,tabular_sweep_mnist_pool16_mlp_square_linear_score_short_chain_6_scale40_rescale_aware_r1;tabular_sweep_mnist_pool16_mlp_square_linear_score_short_chain_6_scale40_rescale_aware_r2;tabular_sweep_mnist_pool16_mlp_square_linear_score_short_chain_6_scale40_rescale_aware_r3
mnist_pool16__mlp_square_linear_score,mnist_pool16,mlp_square_linear_score,test_seed42_ratio0.2_prefix200_of500,sha256:ebd07168da61cc711d5bee3fb7af36d685d836e99ac22e1a9607628846d07866,short_chain_6_scale42__baseline_non_rescale,short_chain_6_scale42,baseline_non_rescale,false,14,8192,6,42,SAFE,OBSERVED_VALIDATION,"zero failures, zero decision flips, and zero error violations on V_cert=197",3,0,true,0,0,1.00000008274e-10,349.33005016,0.5,0.001,0.5,197,3,0.985,0.0001539709,0.0010423414,0.0013782223,true,tabular_sweep_mnist_pool16_mlp_square_linear_score_short_chain_6_scale42_baseline_non_rescale_r1;tabular_sweep_mnist_pool16_mlp_square_linear_score_short_chain_6_scale42_baseline_non_rescale_r2;tabular_sweep_mnist_pool16_mlp_square_linear_score_short_chain_6_scale42_baseline_non_rescale_r3
mnist_pool16__mlp_square_linear_score,mnist_pool16,mlp_square_linear_score,test_seed42_ratio0.2_prefix200_of500,sha256:ebd07168da61cc711d5bee3fb7af36d685d836e99ac22e1a9607628846d07866,short_chain_6_scale42__rescale_aware,short_chain_6_scale42,rescale_aware,false,14,8192,6,42,SAFE,OBSERVED_VALIDATION,"zero failures, zero decision flips, and zero error violations on V_cert=197",3,0,true,0,0,1.00000008274e-10,358.525606752,0.5,0.001,0.5,197,3,0.985,0.0001539709,0.0010423414,0.0013782223,false,tabular_sweep_mnist_pool16_mlp_square_linear_score_short_chain_6_scale42_rescale_aware_r1;tabular_sweep_mnist_pool16_mlp_square_linear_score_short_chain_6_scale42_rescale_aware_r2;tabular_sweep_mnist_pool16_mlp_square_linear_score_short_chain_6_scale42_rescale_aware_r3
wdbc__linear_poly3,wdbc,linear_poly3,test_seed42_ratio0.3_prefix171_of171,sha256:4be5fb5d7dd9e6591760716c111235dd18ec8f23e9402e4dab41a1d015975da5,deep_chain_8_scale45__baseline_non_rescale,deep_chain_8_scale45,baseline_non_rescale,false,15,16384,8,45,SAFE,OBSERVED_VALIDATION,"zero failures, zero decision flips, and zero error violations on V_cert=169",3,0,true,0,0,1.00000008274e-10,529.183795337,0.5,0.001,0.5,169,2,0.988304093567,0.0004281279,0.0014636265,0.0040110195,false,tabular_sweep_wdbc_linear_poly3_deep_chain_8_scale45_baseline_non_rescale_r1;tabular_sweep_wdbc_linear_poly3_deep_chain_8_scale45_baseline_non_rescale_r2;tabular_sweep_wdbc_linear_poly3_deep_chain_8_scale45_baseline_non_rescale_r3
wdbc__linear_poly3,wdbc,linear_poly3,test_seed42_ratio0.3_prefix171_of171,sha256:4be5fb5d7dd9e6591760716c111235dd18ec8f23e9402e4dab41a1d015975da5,deep_chain_8_scale45__rescale_aware,deep_chain_8_scale45,rescale_aware,false,15,16384,8,45,SAFE,OBSERVED_VALIDATION,"zero failures, zero decision flips, and zero error violations on V_cert=169",3,0,true,0,0,1.00000008274e-10,503.39139829,0.5,0.001,0.5,169,2,0.988304093567,0.0004281279,0.0014636265,0.0040110195,false,tabular_sweep_wdbc_linear_poly3_deep_chain_8_scale45_rescale_aware_r1;tabular_sweep_wdbc_linear_poly3_deep_chain_8_scale45_rescale_aware_r2;tabular_sweep_wdbc_linear_poly3_deep_chain_8_scale45_rescale_aware_r3
wdbc__linear_poly3,wdbc,linear_poly3,test_seed42_ratio0.3_prefix171_of171,sha256:4be5fb5d7dd9e6591760716c111235dd18ec8f23e9402e4dab41a1d015975da5,deep_chain_9_scale45__baseline_non_rescale,deep_chain_9_scale45,baseline_non_rescale,false,15,16384,9,45,SAFE,OBSERVED_VALIDATION,"zero failures, zero decision flips, and zero error violations on V_cert=169",3,0,true,0,0,1.00000008274e-10,602.930424922,0.5,0.001,0.5,169,2,0.988304093567,0.0004281279,0.0014636265,0.0040110195,false,tabular_sweep_wdbc_linear_poly3_deep_chain_9_scale45_baseline_non_rescale_r1;tabular_sweep_wdbc_linear_poly3_deep_chain_9_scale45_baseline_non_rescale_r2;tabular_sweep_wdbc_linear_poly3_deep_chain_9_scale45_baseline_non_rescale_r3
wdbc__linear_poly3,wdbc,linear_poly3,test_seed42_ratio0.3_prefix171_of171,sha256:4be5fb5d7dd9e6591760716c111235dd18ec8f23e9402e4dab41a1d015975da5,deep_chain_9_scale45__rescale_aware,deep_chain_9_scale45,rescale_aware,false,15,16384,9,45,SAFE,OBSERVED_VALIDATION,"zero failures, zero decision flips, and zero error violations on V_cert=169",3,0,true,0,0,1.00000008274e-10,581.68009261,0.5,0.001,0.5,169,2,0.988304093567,0.0004281279,0.0014636265,0.0040110195,false,tabular_sweep_wdbc_linear_poly3_deep_chain_9_scale45_rescale_aware_r1;tabular_sweep_wdbc_linear_poly3_deep_chain_9_scale45_rescale_aware_r2;tabular_sweep_wdbc_linear_poly3_deep_chain_9_scale45_rescale_aware_r3
wdbc__linear_poly3,wdbc,linear_poly3,test_seed42_ratio0.3_prefix171_of171,sha256:4be5fb5d7dd9e6591760716c111235dd18ec8f23e9402e4dab41a1d015975da5,default__baseline_non_rescale,default,baseline_non_rescale,false,14,8192,7,45,SAFE,OBSERVED_VALIDATION,"zero failures, zero decision flips, and zero error violations on V_cert=169",3,0,true,0,0,1.00000008274e-10,209.422263409,0.5,0.001,0.5,169,2,0.988304093567,0.0004281279,0.0014636265,0.0040110195,false,tabular_sweep_wdbc_linear_poly3_default_baseline_non_rescale_r1;tabular_sweep_wdbc_linear_poly3_default_baseline_non_rescale_r2;tabular_sweep_wdbc_linear_poly3_default_baseline_non_rescale_r3
wdbc__linear_poly3,wdbc,linear_poly3,test_seed42_ratio0.3_prefix171_of171,sha256:4be5fb5d7dd9e6591760716c111235dd18ec8f23e9402e4dab41a1d015975da5,default__rescale_aware,default,rescale_aware,true,14,8192,7,45,SAFE,OBSERVED_VALIDATION,"zero failures, zero decision flips, and zero error violations on V_cert=169",3,0,true,0,0,2.08000000002e-07,182.713050938,0.5,0.001,0.5,169,2,0.988304093567,0.0004281279,0.0014636265,0.0040110195,true,tabular_sweep_wdbc_linear_poly3_default_rescale_aware_r1;tabular_sweep_wdbc_linear_poly3_default_rescale_aware_r2;tabular_sweep_wdbc_linear_poly3_default_rescale_aware_r3
wdbc__linear_poly3,wdbc,linear_poly3,test_seed42_ratio0.3_prefix171_of171,sha256:4be5fb5d7dd9e6591760716c111235dd18ec8f23e9402e4dab41a1d015975da5,scale38__baseline_non_rescale,scale38,baseline_non_rescale,false,14,8192,7,38,SAFE,OBSERVED_VALIDATION,"zero failures, zero decision flips, and zero error violations on V_cert=169",3,0,true,0,0,8.00000066192e-10,227.127440409,0.5,0.001,0.5,169,2,0.988304093567,0.0004281279,0.0014636265,0.0040110195,false,tabular_sweep_wdbc_linear_poly3_scale38_baseline_non_rescale_r1;tabular_sweep_wdbc_linear_poly3_scale38_baseline_non_rescale_r2;tabular_sweep_wdbc_linear_poly3_scale38_baseline_non_rescale_r3
wdbc__linear_poly3,wdbc,linear_poly3,test_seed42_ratio0.3_prefix171_of171,sha256:4be5fb5d7dd9e6591760716c111235dd18ec8f23e9402e4dab41a1d015975da5,scale38__rescale_aware,scale38,rescale_aware,false,14,8192,7,38,SAFE,OBSERVED_VALIDATION,"zero failures, zero decision flips, and zero error violations on V_cert=169",3,0,true,0,0,1.00000002723e-09,214.500640897,0.5,0.001,0.5,169,2,0.988304093567,0.0004281279,0.0014636265,0.0040110195,false,tabular_sweep_wdbc_linear_poly3_scale38_rescale_aware_r1;tabular_sweep_wdbc_linear_poly3_scale38_rescale_aware_r2;tabular_sweep_wdbc_linear_poly3_scale38_rescale_aware_r3
wdbc__linear_poly3,wdbc,linear_poly3,test_seed42_ratio0.3_prefix171_of171,sha256:4be5fb5d7dd9e6591760716c111235dd18ec8f23e9402e4dab41a1d015975da5,scale40__baseline_non_rescale,scale40,baseline_non_rescale,false,14,8192,7,40,SAFE,OBSERVED_VALIDATION,"zero failures, zero decision flips, and zero error violations on V_cert=169",3,0,true,0,0,3.00000024822e-10,208.783530977,0.5,0.001,0.5,169,2,0.988304093567,0.0004281279,0.0014636265,0.0040110195,false,tabular_sweep_wdbc_linear_poly3_scale40_baseline_non_rescale_r1;tabular_sweep_wdbc_linear_poly3_scale40_baseline_non_rescale_r2;tabular_sweep_wdbc_linear_poly3_scale40_baseline_non_rescale_r3
wdbc__linear_poly3,wdbc,linear_poly3,test_seed42_ratio0.3_prefix171_of171,sha256:4be5fb5d7dd9e6591760716c111235dd18ec8f23e9402e4dab41a1d015975da5,scale40__rescale_aware,scale40,rescale_aware,false,14,8192,7,40,SAFE,OBSERVED_VALIDATION,"zero failures, zero decision flips, and zero error violations on V_cert=169",3,0,true,0,0,2.999999138e-10,200.761414776,0.5,0.001,0.5,169,2,0.988304093567,0.0004281279,0.0014636265,0.0040110195,false,tabular_sweep_wdbc_linear_poly3_scale40_rescale_aware_r1;tabular_sweep_wdbc_linear_poly3_scale40_rescale_aware_r2;tabular_sweep_wdbc_linear_poly3_scale40_rescale_aware_r3
wdbc__linear_poly3,wdbc,linear_poly3,test_seed42_ratio0.3_prefix171_of171,sha256:4be5fb5d7dd9e6591760716c111235dd18ec8f23e9402e4dab41a1d015975da5,scale42__baseline_non_rescale,scale42,baseline_non_rescale,false,14,8192,7,42,SAFE,OBSERVED_VALIDATION,"zero failures, zero decision flips, and zero error violations on V_cert=169",3,0,true,0,0,1.00000008274e-10,213.04925491,0.5,0.001,0.5,169,2,0.988304093567,0.0004281279,0.0014636265,0.0040110195,false,tabular_sweep_wdbc_linear_poly3_scale42_baseline_non_rescale_r1;tabular_sweep_wdbc_linear_poly3_scale42_baseline_non_rescale_r2;tabular_sweep_wdbc_linear_poly3_scale42_baseline_non_rescale_r3
wdbc__linear_poly3,wdbc,linear_poly3,test_seed42_ratio0.3_prefix171_of171,sha256:4be5fb5d7dd9e6591760716c111235dd18ec8f23e9402e4dab41a1d015975da5,scale42__rescale_aware,scale42,rescale_aware,false,14,8192,7,42,SAFE,OBSERVED_VALIDATION,"zero failures, zero decision flips, and zero error violations on V_cert=169",3,0,true,0,0,1.00000008274e-10,193.834876012,0.5,0.001,0.5,169,2,0.988304093567,0.0004281279,0.0014636265,0.0040110195,false,tabular_sweep_wdbc_linear_poly3_scale42_rescale_aware_r1;tabular_sweep_wdbc_linear_poly3_scale42_rescale_aware_r2;tabular_sweep_wdbc_linear_poly3_scale42_rescale_aware_r3
wdbc__linear_poly3,wdbc,linear_poly3,test_seed42_ratio0.3_prefix171_of171,sha256:4be5fb5d7dd9e6591760716c111235dd18ec8f23e9402e4dab41a1d015975da5,short_chain_3__baseline_non_rescale,short_chain_3,baseline_non_rescale,false,14,8192,3,35,REJECTED,NONE,rejected on V_cert: decision_flips=330 error_violations=507,3,0,true,330,507,0.585054703,118.003051312,0.5,0.001,0.5,169,2,0.988304093567,0.0004281279,0.0014636265,0.0040110195,false,tabular_sweep_wdbc_linear_poly3_short_chain_3_baseline_non_rescale_r1;tabular_sweep_wdbc_linear_poly3_short_chain_3_baseline_non_rescale_r2;tabular_sweep_wdbc_linear_poly3_short_chain_3_baseline_non_rescale_r3
wdbc__linear_poly3,wdbc,linear_poly3,test_seed42_ratio0.3_prefix171_of171,sha256:4be5fb5d7dd9e6591760716c111235dd18ec8f23e9402e4dab41a1d015975da5,short_chain_3__rescale_aware,short_chain_3,rescale_aware,false,14,8192,3,35,FAILED,NONE,candidate execution failed in 3 run(s),0,3,false,0,0,0,0,0.5,0.001,0.5,169,2,0.988304093567,0.0004281279,0.0014636265,0.0040110195,false,tabular_sweep_wdbc_linear_poly3_short_chain_3_rescale_aware_r1;tabular_sweep_wdbc_linear_poly3_short_chain_3_rescale_aware_r2;tabular_sweep_wdbc_linear_poly3_short_chain_3_rescale_aware_r3
wdbc__linear_poly3,wdbc,linear_poly3,test_seed42_ratio0.3_prefix171_of171,sha256:4be5fb5d7dd9e6591760716c111235dd18ec8f23e9402e4dab41a1d015975da5,short_chain_5__baseline_non_rescale,short_chain_5,baseline_non_rescale,false,14,8192,5,40,REJECTED,NONE,rejected on V_cert: decision_flips=330 error_violations=507,3,0,true,330,507,0.585054703,171.484637741,0.5,0.001,0.5,169,2,0.988304093567,0.0004281279,0.0014636265,0.0040110195,false,tabular_sweep_wdbc_linear_poly3_short_chain_5_baseline_non_rescale_r1;tabular_sweep_wdbc_linear_poly3_short_chain_5_baseline_non_rescale_r2;tabular_sweep_wdbc_linear_poly3_short_chain_5_baseline_non_rescale_r3
wdbc__linear_poly3,wdbc,linear_poly3,test_seed42_ratio0.3_prefix171_of171,sha256:4be5fb5d7dd9e6591760716c111235dd18ec8f23e9402e4dab41a1d015975da5,short_chain_5__rescale_aware,short_chain_5,rescale_aware,false,14,8192,5,40,FAILED,NONE,candidate execution failed in 3 run(s),0,3,false,0,0,0,0,0.5,0.001,0.5,169,2,0.988304093567,0.0004281279,0.0014636265,0.0040110195,false,tabular_sweep_wdbc_linear_poly3_short_chain_5_rescale_aware_r1;tabular_sweep_wdbc_linear_poly3_short_chain_5_rescale_aware_r2;tabular_sweep_wdbc_linear_poly3_short_chain_5_rescale_aware_r3
wdbc__linear_poly3,wdbc,linear_poly3,test_seed42_ratio0.3_prefix171_of171,sha256:4be5fb5d7dd9e6591760716c111235dd18ec8f23e9402e4dab41a1d015975da5,short_chain_6_scale38__baseline_non_rescale,short_chain_6_scale38,baseline_non_rescale,false,14,8192,6,38,REJECTED,NONE,rejected on V_cert: decision_flips=330 error_violations=507,3,0,true,330,507,0.5850832152,198.119004308,0.5,0.001,0.5,169,2,0.988304093567,0.0004281279,0.0014636265,0.0040110195,false,tabular_sweep_wdbc_linear_poly3_short_chain_6_scale38_baseline_non_rescale_r1;tabular_sweep_wdbc_linear_poly3_short_chain_6_scale38_baseline_non_rescale_r2;tabular_sweep_wdbc_linear_poly3_short_chain_6_scale38_baseline_non_rescale_r3
wdbc__linear_poly3,wdbc,linear_poly3,test_seed42_ratio0.3_prefix171_of171,sha256:4be5fb5d7dd9e6591760716c111235dd18ec8f23e9402e4dab41a1d015975da5,short_chain_6_scale38__rescale_aware,short_chain_6_scale38,rescale_aware,false,14,8192,6,38,REJECTED,NONE,rejected on V_cert: decision_flips=330 error_violations=507,3,0,true,330,507,0.5850831161,174.050207446,0.5,0.001,0.5,169,2,0.988304093567,0.0004281279,0.0014636265,0.0040110195,false,tabular_sweep_wdbc_linear_poly3_short_chain_6_scale38_rescale_aware_r1;tabular_sweep_wdbc_linear_poly3_short_chain_6_scale38_rescale_aware_r2;tabular_sweep_wdbc_linear_poly3_short_chain_6_scale38_rescale_aware_r3
wdbc__linear_poly3,wdbc,linear_poly3,test_seed42_ratio0.3_prefix171_of171,sha256:4be5fb5d7dd9e6591760716c111235dd18ec8f23e9402e4dab41a1d015975da5,short_chain_6_scale40__baseline_non_rescale,short_chain_6_scale40,baseline_non_rescale,false,14,8192,6,40,REJECTED,NONE,rejected on V_cert: decision_flips=330 error_violations=507,3,0,true,330,507,0.5850546047,197.880670963,0.5,0.001,0.5,169,2,0.988304093567,0.0004281279,0.0014636265,0.0040110195,false,tabular_sweep_wdbc_linear_poly3_short_chain_6_scale40_baseline_non_rescale_r1;tabular_sweep_wdbc_linear_poly3_short_chain_6_scale40_baseline_non_rescale_r2;tabular_sweep_wdbc_linear_poly3_short_chain_6_scale40_baseline_non_rescale_r3
wdbc__linear_poly3,wdbc,linear_poly3,test_seed42_ratio0.3_prefix171_of171,sha256:4be5fb5d7dd9e6591760716c111235dd18ec8f23e9402e4dab41a1d015975da5,short_chain_6_scale40__rescale_aware,short_chain_6_scale40,rescale_aware,false,14,8192,6,40,REJECTED,NONE,rejected on V_cert: decision_flips=330 error_violations=507,3,0,true,330,507,0.5850545054,173.408758667,0.5,0.001,0.5,169,2,0.988304093567,0.0004281279,0.0014636265,0.0040110195,false,tabular_sweep_wdbc_linear_poly3_short_chain_6_scale40_rescale_aware_r1;tabular_sweep_wdbc_linear_poly3_short_chain_6_scale40_rescale_aware_r2;tabular_sweep_wdbc_linear_poly3_short_chain_6_scale40_rescale_aware_r3
wdbc__linear_poly3,wdbc,linear_poly3,test_seed42_ratio0.3_prefix171_of171,sha256:4be5fb5d7dd9e6591760716c111235dd18ec8f23e9402e4dab41a1d015975da5,short_chain_6_scale42__baseline_non_rescale,short_chain_6_scale42,baseline_non_rescale,false,14,8192,6,42,REJECTED,NONE,rejected on V_cert: decision_flips=330 error_violations=507,3,0,true,330,507,0.5850547089,198.14734938,0.5,0.001,0.5,169,2,0.988304093567,0.0004281279,0.0014636265,0.0040110195,false,tabular_sweep_wdbc_linear_poly3_short_chain_6_scale42_baseline_non_rescale_r1;tabular_sweep_wdbc_linear_poly3_short_chain_6_scale42_baseline_non_rescale_r2;tabular_sweep_wdbc_linear_poly3_short_chain_6_scale42_baseline_non_rescale_r3
wdbc__linear_poly3,wdbc,linear_poly3,test_seed42_ratio0.3_prefix171_of171,sha256:4be5fb5d7dd9e6591760716c111235dd18ec8f23e9402e4dab41a1d015975da5,short_chain_6_scale42__rescale_aware,short_chain_6_scale42,rescale_aware,false,14,8192,6,42,REJECTED,NONE,rejected on V_cert: decision_flips=330 error_violations=507,3,0,true,330,507,0.5850546992,175.132031692,0.5,0.001,0.5,169,2,0.988304093567,0.0004281279,0.0014636265,0.0040110195,false,tabular_sweep_wdbc_linear_poly3_short_chain_6_scale42_rescale_aware_r1;tabular_sweep_wdbc_linear_poly3_short_chain_6_scale42_rescale_aware_r2;tabular_sweep_wdbc_linear_poly3_short_chain_6_scale42_rescale_aware_r3
wdbc__mlp_square_linear_score,wdbc,mlp_square_linear_score,test_seed42_ratio0.3_prefix171_of171,sha256:11649cb5710e83f6edc12336a4ada88b078753ac65780fb87deb487b3fb0d7cb,deep_chain_8_scale45__baseline_non_rescale,deep_chain_8_scale45,baseline_non_rescale,false,15,16384,8,45,SAFE,OBSERVED_VALIDATION,"zero failures, zero decision flips, and zero error violations on V_cert=165",3,0,true,0,0,1.00000008274e-10,668.447816092,0.5,0.001,0.5,165,6,0.964912280702,0.0001200795,0.0012942465,0.0014499078,false,tabular_sweep_wdbc_mlp_square_linear_score_deep_chain_8_scale45_baseline_non_rescale_r1;tabular_sweep_wdbc_mlp_square_linear_score_deep_chain_8_scale45_baseline_non_rescale_r2;tabular_sweep_wdbc_mlp_square_linear_score_deep_chain_8_scale45_baseline_non_rescale_r3
wdbc__mlp_square_linear_score,wdbc,mlp_square_linear_score,test_seed42_ratio0.3_prefix171_of171,sha256:11649cb5710e83f6edc12336a4ada88b078753ac65780fb87deb487b3fb0d7cb,deep_chain_8_scale45__rescale_aware,deep_chain_8_scale45,rescale_aware,false,15,16384,8,45,SAFE,OBSERVED_VALIDATION,"zero failures, zero decision flips, and zero error violations on V_cert=165",3,0,true,0,0,1.00000008274e-10,683.090987025,0.5,0.001,0.5,165,6,0.964912280702,0.0001200795,0.0012942465,0.0014499078,false,tabular_sweep_wdbc_mlp_square_linear_score_deep_chain_8_scale45_rescale_aware_r1;tabular_sweep_wdbc_mlp_square_linear_score_deep_chain_8_scale45_rescale_aware_r2;tabular_sweep_wdbc_mlp_square_linear_score_deep_chain_8_scale45_rescale_aware_r3
wdbc__mlp_square_linear_score,wdbc,mlp_square_linear_score,test_seed42_ratio0.3_prefix171_of171,sha256:11649cb5710e83f6edc12336a4ada88b078753ac65780fb87deb487b3fb0d7cb,deep_chain_9_scale45__baseline_non_rescale,deep_chain_9_scale45,baseline_non_rescale,false,15,16384,9,45,SAFE,OBSERVED_VALIDATION,"zero failures, zero decision flips, and zero error violations on V_cert=165",3,0,true,0,0,1.00000008274e-10,749.12795008,0.5,0.001,0.5,165,6,0.964912280702,0.0001200795,0.0012942465,0.0014499078,false,tabular_sweep_wdbc_mlp_square_linear_score_deep_chain_9_scale45_baseline_non_rescale_r1;tabular_sweep_wdbc_mlp_square_linear_score_deep_chain_9_scale45_baseline_non_rescale_r2;tabular_sweep_wdbc_mlp_square_linear_score_deep_chain_9_scale45_baseline_non_rescale_r3
wdbc__mlp_square_linear_score,wdbc,mlp_square_linear_score,test_seed42_ratio0.3_prefix171_of171,sha256:11649cb5710e83f6edc12336a4ada88b078753ac65780fb87deb487b3fb0d7cb,deep_chain_9_scale45__rescale_aware,deep_chain_9_scale45,rescale_aware,false,15,16384,9,45,SAFE,OBSERVED_VALIDATION,"zero failures, zero decision flips, and zero error violations on V_cert=165",3,0,true,0,0,1.00000008274e-10,779.872917671,0.5,0.001,0.5,165,6,0.964912280702,0.0001200795,0.0012942465,0.0014499078,false,tabular_sweep_wdbc_mlp_square_linear_score_deep_chain_9_scale45_rescale_aware_r1;tabular_sweep_wdbc_mlp_square_linear_score_deep_chain_9_scale45_rescale_aware_r2;tabular_sweep_wdbc_mlp_square_linear_score_deep_chain_9_scale45_rescale_aware_r3
wdbc__mlp_square_linear_score,wdbc,mlp_square_linear_score,test_seed42_ratio0.3_prefix171_of171,sha256:11649cb5710e83f6edc12336a4ada88b078753ac65780fb87deb487b3fb0d7cb,default__baseline_non_rescale,default,baseline_non_rescale,false,14,8192,7,45,SAFE,OBSERVED_VALIDATION,"zero failures, zero decision flips, and zero error violations on V_cert=165",3,0,true,0,0,1.00000008274e-10,297.217825349,0.5,0.001,0.5,165,6,0.964912280702,0.0001200795,0.0012942465,0.0014499078,false,tabular_sweep_wdbc_mlp_square_linear_score_default_baseline_non_rescale_r1;tabular_sweep_wdbc_mlp_square_linear_score_default_baseline_non_rescale_r2;tabular_sweep_wdbc_mlp_square_linear_score_default_baseline_non_rescale_r3
wdbc__mlp_square_linear_score,wdbc,mlp_square_linear_score,test_seed42_ratio0.3_prefix171_of171,sha256:11649cb5710e83f6edc12336a4ada88b078753ac65780fb87deb487b3fb0d7cb,default__rescale_aware,default,rescale_aware,true,14,8192,7,45,SAFE,OBSERVED_VALIDATION,"zero failures, zero decision flips, and zero error violations on V_cert=165",3,0,true,0,0,1.00000008274e-10,299.132512355,0.5,0.001,0.5,165,6,0.964912280702,0.0001200795,0.0012942465,0.0014499078,false,tabular_sweep_wdbc_mlp_square_linear_score_default_rescale_aware_r1;tabular_sweep_wdbc_mlp_square_linear_score_default_rescale_aware_r2;tabular_sweep_wdbc_mlp_square_linear_score_default_rescale_aware_r3
wdbc__mlp_square_linear_score,wdbc,mlp_square_linear_score,test_seed42_ratio0.3_prefix171_of171,sha256:11649cb5710e83f6edc12336a4ada88b078753ac65780fb87deb487b3fb0d7cb,scale38__baseline_non_rescale,scale38,baseline_non_rescale,false,14,8192,7,38,SAFE,OBSERVED_VALIDATION,"zero failures, zero decision flips, and zero error violations on V_cert=165",3,0,true,0,0,5.60000001926e-09,270.660441589,0.5,0.001,0.5,165,6,0.964912280702,0.0001200795,0.0012942465,0.0014499078,false,tabular_sweep_wdbc_mlp_square_linear_score_scale38_baseline_non_rescale_r1;tabular_sweep_wdbc_mlp_square_linear_score_scale38_baseline_non_rescale_r2;tabular_sweep_wdbc_mlp_square_linear_score_scale38_baseline_non_rescale_r3
wdbc__mlp_square_linear_score,wdbc,mlp_square_linear_score,test_seed42_ratio0.3_prefix171_of171,sha256:11649cb5710e83f6edc12336a4ada88b078753ac65780fb87deb487b3fb0d7cb,scale38__rescale_aware,scale38,rescale_aware,false,14,8192,7,38,SAFE,OBSERVED_VALIDATION,"zero failures, zero decision flips, and zero error violations on V_cert=165",3,0,true,0,0,1.69999997413e-09,281.984316879,0.5,0.001,0.5,165,6,0.964912280702,0.0001200795,0.0012942465,0.0014499078,false,tabular_sweep_wdbc_mlp_square_linear_score_scale38_rescale_aware_r1;tabular_sweep_wdbc_mlp_square_linear_score_scale38_rescale_aware_r2;tabular_sweep_wdbc_mlp_square_linear_score_scale38_rescale_aware_r3
wdbc__mlp_square_linear_score,wdbc,mlp_square_linear_score,test_seed42_ratio0.3_prefix171_of171,sha256:11649cb5710e83f6edc12336a4ada88b078753ac65780fb87deb487b3fb0d7cb,scale40__baseline_non_rescale,scale40,baseline_non_rescale,false,14,8192,7,40,SAFE,OBSERVED_VALIDATION,"zero failures, zero decision flips, and zero error violations on V_cert=165",3,0,true,0,0,1.10000000775e-09,294.695542556,0.5,0.001,0.5,165,6,0.964912280702,0.0001200795,0.0012942465,0.0014499078,false,tabular_sweep_wdbc_mlp_square_linear_score_scale40_baseline_non_rescale_r1;tabular_sweep_wdbc_mlp_square_linear_score_scale40_baseline_non_rescale_r2;tabular_sweep_wdbc_mlp_square_linear_score_scale40_baseline_non_rescale_r3
wdbc__mlp_square_linear_score,wdbc,mlp_square_linear_score,test_seed42_ratio0.3_prefix171_of171,sha256:11649cb5710e83f6edc12336a4ada88b078753ac65780fb87deb487b3fb0d7cb,scale40__rescale_aware,scale40,rescale_aware,false,14,8192,7,40,SAFE,OBSERVED_VALIDATION,"zero failures, zero decision flips, and zero error violations on V_cert=165",3,0,true,0,0,1.09999997999e-09,308.405790148,0.5,0.001,0.5,165,6,0.964912280702,0.0001200795,0.0012942465,0.0014499078,false,tabular_sweep_wdbc_mlp_square_linear_score_scale40_rescale_aware_r1;tabular_sweep_wdbc_mlp_square_linear_score_scale40_rescale_aware_r2;tabular_sweep_wdbc_mlp_square_linear_score_scale40_rescale_aware_r3
wdbc__mlp_square_linear_score,wdbc,mlp_square_linear_score,test_seed42_ratio0.3_prefix171_of171,sha256:11649cb5710e83f6edc12336a4ada88b078753ac65780fb87deb487b3fb0d7cb,scale42__baseline_non_rescale,scale42,baseline_non_rescale,false,14,8192,7,42,SAFE,OBSERVED_VALIDATION,"zero failures, zero decision flips, and zero error violations on V_cert=165",3,0,true,0,0,1.99999988792e-10,297.784664466,0.5,0.001,0.5,165,6,0.964912280702,0.0001200795,0.0012942465,0.0014499078,false,tabular_sweep_wdbc_mlp_square_linear_score_scale42_baseline_non_rescale_r1;tabular_sweep_wdbc_mlp_square_linear_score_scale42_baseline_non_rescale_r2;tabular_sweep_wdbc_mlp_square_linear_score_scale42_baseline_non_rescale_r3
wdbc__mlp_square_linear_score,wdbc,mlp_square_linear_score,test_seed42_ratio0.3_prefix171_of171,sha256:11649cb5710e83f6edc12336a4ada88b078753ac65780fb87deb487b3fb0d7cb,scale42__rescale_aware,scale42,rescale_aware,false,14,8192,7,42,SAFE,OBSERVED_VALIDATION,"zero failures, zero decision flips, and zero error violations on V_cert=165",3,0,true,0,0,2.00000016548e-10,308.101195144,0.5,0.001,0.5,165,6,0.964912280702,0.0001200795,0.0012942465,0.0014499078,false,tabular_sweep_wdbc_mlp_square_linear_score_scale42_rescale_aware_r1;tabular_sweep_wdbc_mlp_square_linear_score_scale42_rescale_aware_r2;tabular_sweep_wdbc_mlp_square_linear_score_scale42_rescale_aware_r3
wdbc__mlp_square_linear_score,wdbc,mlp_square_linear_score,test_seed42_ratio0.3_prefix171_of171,sha256:11649cb5710e83f6edc12336a4ada88b078753ac65780fb87deb487b3fb0d7cb,short_chain_3__baseline_non_rescale,short_chain_3,baseline_non_rescale,false,14,8192,3,35,REJECTED,NONE,rejected on V_cert: decision_flips=315 error_violations=492,3,0,true,315,492,0.5182910782,136.039881047,0.5,0.001,0.5,165,6,0.964912280702,0.0001200795,0.0012942465,0.0014499078,false,tabular_sweep_wdbc_mlp_square_linear_score_short_chain_3_baseline_non_rescale_r1;tabular_sweep_wdbc_mlp_square_linear_score_short_chain_3_baseline_non_rescale_r2;tabular_sweep_wdbc_mlp_square_linear_score_short_chain_3_baseline_non_rescale_r3
wdbc__mlp_square_linear_score,wdbc,mlp_square_linear_score,test_seed42_ratio0.3_prefix171_of171,sha256:11649cb5710e83f6edc12336a4ada88b078753ac65780fb87deb487b3fb0d7cb,short_chain_3__rescale_aware,short_chain_3,rescale_aware,false,14,8192,3,35,REJECTED,NONE,rejected on V_cert: decision_flips=315 error_violations=492,3,0,true,315,492,0.5182910782,109.175525468,0.5,0.001,0.5,165,6,0.964912280702,0.0001200795,0.0012942465,0.0014499078,false,tabular_sweep_wdbc_mlp_square_linear_score_short_chain_3_rescale_aware_r1;tabular_sweep_wdbc_mlp_square_linear_score_short_chain_3_rescale_aware_r2;tabular_sweep_wdbc_mlp_square_linear_score_short_chain_3_rescale_aware_r3
wdbc__mlp_square_linear_score,wdbc,mlp_square_linear_score,test_seed42_ratio0.3_prefix171_of171,sha256:11649cb5710e83f6edc12336a4ada88b078753ac65780fb87deb487b3fb0d7cb,short_chain_5__baseline_non_rescale,short_chain_5,baseline_non_rescale,false,14,8192,5,40,REJECTED,NONE,rejected on V_cert: decision_flips=315 error_violations=492,3,0,true,315,492,0.5182910705,198.033897329,0.5,0.001,0.5,165,6,0.964912280702,0.0001200795,0.0012942465,0.0014499078,false,tabular_sweep_wdbc_mlp_square_linear_score_short_chain_5_baseline_non_rescale_r1;tabular_sweep_wdbc_mlp_square_linear_score_short_chain_5_baseline_non_rescale_r2;tabular_sweep_wdbc_mlp_square_linear_score_short_chain_5_baseline_non_rescale_r3
wdbc__mlp_square_linear_score,wdbc,mlp_square_linear_score,test_seed42_ratio0.3_prefix171_of171,sha256:11649cb5710e83f6edc12336a4ada88b078753ac65780fb87deb487b3fb0d7cb,short_chain_5__rescale_aware,short_chain_5,rescale_aware,false,14,8192,5,40,REJECTED,NONE,rejected on V_cert: decision_flips=315 error_violations=492,3,0,true,315,492,0.518291068,201.35137092,0.5,0.001,0.5,165,6,0.964912280702,0.0001200795,0.0012942465,0.0014499078,false,tabular_sweep_wdbc_mlp_square_linear_score_short_chain_5_rescale_aware_r1;tabular_sweep_wdbc_mlp_square_linear_score_short_chain_5_rescale_aware_r2;tabular_sweep_wdbc_mlp_square_linear_score_short_chain_5_rescale_aware_r3
wdbc__mlp_square_linear_score,wdbc,mlp_square_linear_score,test_seed42_ratio0.3_prefix171_of171,sha256:11649cb5710e83f6edc12336a4ada88b078753ac65780fb87deb487b3fb0d7cb,short_chain_6_scale38__baseline_non_rescale,short_chain_6_scale38,baseline_non_rescale,false,14,8192,6,38,SAFE,OBSERVED_VALIDATION,"zero failures, zero decision flips, and zero error violations on V_cert=165",3,0,true,0,0,2.2000000155e-09,230.95318537,0.5,0.001,0.5,165,6,0.964912280702,0.0001200795,0.0012942465,0.0014499078,true,tabular_sweep_wdbc_mlp_square_linear_score_short_chain_6_scale38_baseline_non_rescale_r1;tabular_sweep_wdbc_mlp_square_linear_score_short_chain_6_scale38_baseline_non_rescale_r2;tabular_sweep_wdbc_mlp_square_linear_score_short_chain_6_scale38_baseline_non_rescale_r3
wdbc__mlp_square_linear_score,wdbc,mlp_square_linear_score,test_seed42_ratio0.3_prefix171_of171,sha256:11649cb5710e83f6edc12336a4ada88b078753ac65780fb87deb487b3fb0d7cb,short_chain_6_scale38__rescale_aware,short_chain_6_scale38,rescale_aware,false,14,8192,6,38,SAFE,OBSERVED_VALIDATION,"zero failures, zero decision flips, and zero error violations on V_cert=165",3,0,true,0,0,2.39999997653e-09,243.396143713,0.5,0.001,0.5,165,6,0.964912280702,0.0001200795,0.0012942465,0.0014499078,false,tabular_sweep_wdbc_mlp_square_linear_score_short_chain_6_scale38_rescale_aware_r1;tabular_sweep_wdbc_mlp_square_linear_score_short_chain_6_scale38_rescale_aware_r2;tabular_sweep_wdbc_mlp_square_linear_score_short_chain_6_scale38_rescale_aware_r3
wdbc__mlp_square_linear_score,wdbc,mlp_square_linear_score,test_seed42_ratio0.3_prefix171_of171,sha256:11649cb5710e83f6edc12336a4ada88b078753ac65780fb87deb487b3fb0d7cb,short_chain_6_scale40__baseline_non_rescale,short_chain_6_scale40,baseline_non_rescale,false,14,8192,6,40,SAFE,OBSERVED_VALIDATION,"zero failures, zero decision flips, and zero error violations on V_cert=165",3,0,true,0,0,9.99999999474e-10,238.319981772,0.5,0.001,0.5,165,6,0.964912280702,0.0001200795,0.0012942465,0.0014499078,false,tabular_sweep_wdbc_mlp_square_linear_score_short_chain_6_scale40_baseline_non_rescale_r1;tabular_sweep_wdbc_mlp_square_linear_score_short_chain_6_scale40_baseline_non_rescale_r2;tabular_sweep_wdbc_mlp_square_linear_score_short_chain_6_scale40_baseline_non_rescale_r3
wdbc__mlp_square_linear_score,wdbc,mlp_square_linear_score,test_seed42_ratio0.3_prefix171_of171,sha256:11649cb5710e83f6edc12336a4ada88b078753ac65780fb87deb487b3fb0d7cb,short_chain_6_scale40__rescale_aware,short_chain_6_scale40,rescale_aware,false,14,8192,6,40,SAFE,OBSERVED_VALIDATION,"zero failures, zero decision flips, and zero error violations on V_cert=165",3,0,true,0,0,1.00000008274e-10,236.386573476,0.5,0.001,0.5,165,6,0.964912280702,0.0001200795,0.0012942465,0.0014499078,false,tabular_sweep_wdbc_mlp_square_linear_score_short_chain_6_scale40_rescale_aware_r1;tabular_sweep_wdbc_mlp_square_linear_score_short_chain_6_scale40_rescale_aware_r2;tabular_sweep_wdbc_mlp_square_linear_score_short_chain_6_scale40_rescale_aware_r3
wdbc__mlp_square_linear_score,wdbc,mlp_square_linear_score,test_seed42_ratio0.3_prefix171_of171,sha256:11649cb5710e83f6edc12336a4ada88b078753ac65780fb87deb487b3fb0d7cb,short_chain_6_scale42__baseline_non_rescale,short_chain_6_scale42,baseline_non_rescale,false,14,8192,6,42,SAFE,OBSERVED_VALIDATION,"zero failures, zero decision flips, and zero error violations on V_cert=165",3,0,true,0,0,1.00000008274e-10,231.011015351,0.5,0.001,0.5,165,6,0.964912280702,0.0001200795,0.0012942465,0.0014499078,false,tabular_sweep_wdbc_mlp_square_linear_score_short_chain_6_scale42_baseline_non_rescale_r1;tabular_sweep_wdbc_mlp_square_linear_score_short_chain_6_scale42_baseline_non_rescale_r2;tabular_sweep_wdbc_mlp_square_linear_score_short_chain_6_scale42_baseline_non_rescale_r3
wdbc__mlp_square_linear_score,wdbc,mlp_square_linear_score,test_seed42_ratio0.3_prefix171_of171,sha256:11649cb5710e83f6edc12336a4ada88b078753ac65780fb87deb487b3fb0d7cb,short_chain_6_scale42__rescale_aware,short_chain_6_scale42,rescale_aware,false,14,8192,6,42,SAFE,OBSERVED_VALIDATION,"zero failures, zero decision flips, and zero error violations on V_cert=165",3,0,true,0,0,1.99999988792e-10,246.853211255,0.5,0.001,0.5,165,6,0.964912280702,0.0001200795,0.0012942465,0.0014499078,false,tabular_sweep_wdbc_mlp_square_linear_score_short_chain_6_scale42_rescale_aware_r1;tabular_sweep_wdbc_mlp_square_linear_score_short_chain_6_scale42_rescale_aware_r2;tabular_sweep_wdbc_mlp_square_linear_score_short_chain_6_scale42_rescale_aware_r3
