row_id,label,scaled_logit,polynomial_score,plaintext_decision,materialization_schema,source_data_sha256,source_model_sha256,source_feature_space,preprocessing_method,x_0,x_1,x_2,x_3,x_4,x_5,x_6,x_7,x_8,x_9,x_10,x_11,x_12,x_13,x_14,x_15
0,0,-0.20452740929575303,0.45974232309024354,false,flipguard_tabular_validation_v2,sha256:5cccf8765df592fe00272dabc79d3e92b1f72479e274a36fdd3bad348019c834,sha256:afd5351d9b781a1fad2db90dc7bca0052521a41efd7694c0ade20974824dcb4e,model_input,identity_model_input_v1,-0.168445281626,-0.73870402344700004,-0.68786157571600004,-0.381671547931,-0.39750401667099999,0.11107414573,0.16736895800500001,-0.59421189454699996,-0.487975475682,-0.852892175754,-0.51169736228499996,-0.51093057202299996,-0.34888549929599999,0.177220314923,-1.045792137247,-0.249781977539
5,0,-0.33253366327707357,0.43463795281166634,false,flipguard_tabular_validation_v2,sha256:5cccf8765df592fe00272dabc79d3e92b1f72479e274a36fdd3bad348019c834,sha256:afd5351d9b781a1fad2db90dc7bca0052521a41efd7694c0ade20974824dcb4e,model_input,identity_model_input_v1,-0.168445281626,-0.73870402344700004,-1.1661010425880001,-0.381671547931,4.6145939489309997,0.44904687618900002,0.70249633924999999,0.195837908394,-0.487975475682,-1.6925047856640001,-0.025117668937000001,-0.27611921019699998,-0.34888549929599999,-1.342255187883,2.5089408831709998,-0.249781977539
6,0,-0.23739320266513808,0.45328705275652303,false,flipguard_tabular_validation_v2,sha256:5cccf8765df592fe00272dabc79d3e92b1f72479e274a36fdd3bad348019c834,sha256:afd5351d9b781a1fad2db90dc7bca0052521a41efd7694c0ade20974824dcb4e,model_input,identity_model_input_v1,-0.168445281626,-0.058226836889000003,-1.163779491778,-0.381671547931,-0.33829340852099998,-0.24511813893199999,-0.65893067480099998,-0.59421189454699996,-0.487975475682,-1.405797588362,-0.79230739903199998,-0.51093057202299996,-0.34888549929599999,-0.69270350359699995,0.48351869286299998,-0.249781977539
8,0,-0.011123792037709876,0.4978086184743476,false,flipguard_tabular_validation_v2,sha256:5cccf8765df592fe00272dabc79d3e92b1f72479e274a36fdd3bad348019c834,sha256:afd5351d9b781a1fad2db90dc7bca0052521a41efd7694c0ade20974824dcb4e,model_input,identity_model_input_v1,-0.168445281626,-0.73870402344700004,-1.1661010425880001,-0.381671547931,-0.39750401667099999,-1.0745633440069999,-0.056420525880000003,1.6533435793369999,-0.22125873988,0.28598415104899999,-0.407295311577,-0.51093057202299996,1.5435788237629999,-0.23782457929,-1.1921376712280001,-0.249781977539
9,0,-0.21579601220308317,0.45752838228075859,false,flipguard_tabular_validation_v2,sha256:5cccf8765df592fe00272dabc79d3e92b1f72479e274a36fdd3bad348019c834,sha256:afd5351d9b781a1fad2db90dc7bca0052521a41efd7694c0ade20974824dcb4e,model_input,identity_model_input_v1,-0.168445281626,0.096108195113999997,-0.88364569403100002,-0.381671547931,-0.39750401667099999,-0.93427277664599995,-0.89747550927099995,-0.59421189454699996,-0.487975475682,-1.551453215605,-0.31045178037600002,-0.51093057202299996,-0.34888549929599999,-1.3814467336209999,0.57791156228100005,-0.249781977539
14,0,-0.38291125562101763,0.4247910540129623,false,flipguard_tabular_validation_v2,sha256:5cccf8765df592fe00272dabc79d3e92b1f72479e274a36fdd3bad348019c834,sha256:afd5351d9b781a1fad2db90dc7bca0052521a41efd7694c0ade20974824dcb4e,model_input,identity_model_input_v1,-0.168445281626,-0.73870402344700004,-1.1661010425880001,-0.381671547931,0.28741869382599999,0.80387269428499997,1.938994718342,-0.52247174002700003,-0.487975475682,-1.1948480592520001,0.47374461861200001,-0.51093057202299996,-0.34888549929599999,1.9613993725509999,-0.85700639841000004,-0.249781977539
16,1,0.14099683570882557,0.5277651645055329,true,flipguard_tabular_validation_v2,sha256:5cccf8765df592fe00272dabc79d3e92b1f72479e274a36fdd3bad348019c834,sha256:afd5351d9b781a1fad2db90dc7bca0052521a41efd7694c0ade20974824dcb4e,model_input,identity_model_input_v1,-0.168445281626,0.084708448431999997,0.780906236782,-0.30473858592600001,0.994745418218,1.60006721294,-0.36234812802600003,2.9809904895670001,4.7369685054090001,-1.327947166905,0.25218551552399998,1.8353341378770001,0.71966790748300002,2.0301451986819998,0.55449627684400005,-0.249781977539
17,0,-0.34719357587534033,0.4317702730999497,false,flipguard_tabular_validation_v2,sha256:5cccf8765df592fe00272dabc79d3e92b1f72479e274a36fdd3bad348019c834,sha256:afd5351d9b781a1fad2db90dc7bca0052521a41efd7694c0ade20974824dcb4e,model_input,identity_model_input_v1,-0.168445281626,-0.73870402344700004,-1.1661010425880001,-0.381671547931,4.3089391879379999,0.016787952730999998,0.41820991796399998,-0.54608242379299998,-0.487975475682,-1.6925047856640001,-0.17345361428799999,-0.51093057202299996,-0.34888549929599999,-1.3814467336209999,1.567207371998,-0.249781977539
18,0,-0.18316184854347586,0.46394169488422676,false,flipguard_tabular_validation_v2,sha256:5cccf8765df592fe00272dabc79d3e92b1f72479e274a36fdd3bad348019c834,sha256:afd5351d9b781a1fad2db90dc7bca0052521a41efd7694c0ade20974824dcb4e,model_input,identity_model_input_v1,-0.168445281626,-0.66679792899099999,-0.71339863462599995,0.77232288215,-0.39750401667099999,-1.543716864724,0.50182357128300004,0.797910344429,-0.465851506814,0.060803899736999997,-2.2392914774060002,-0.51093057202299996,1.419851587188,0.68992283130300003,-1.2104308629760001,-0.249781977539
19,1,0.34791470225072657,0.56837074350379579,true,flipguard_tabular_validation_v2,sha256:5cccf8765df592fe00272dabc79d3e92b1f72479e274a36fdd3bad348019c834,sha256:afd5351d9b781a1fad2db90dc7bca0052521a41efd7694c0ade20974824dcb4e,model_input,identity_model_input_v1,-0.168445281626,-0.36163547934899998,1.680894100815,-0.381671547931,-0.39750401667099999,-0.020106644529,-2.0764280210780002,-0.59421189454699996,-0.487975475682,0.67816611290700002,0.38398719944999998,-0.145771170758,-0.34888549929599999,-0.19156570563100001,-0.29723473093000002,-0.249781977539
21,0,-0.30443216591839289,0.440139721120273,false,flipguard_tabular_validation_v2,sha256:5cccf8765df592fe00272dabc79d3e92b1f72479e274a36fdd3bad348019c834,sha256:afd5351d9b781a1fad2db90dc7bca0052521a41efd7694c0ade20974824dcb4e,model_input,identity_model_input_v1,-0.168445281626,-0.73870402344700004,-0.75286499839700005,-0.381671547931,-0.39750401667099999,-0.77029678882300001,0.85988674549900002,-0.59421189454699996,-0.487975475682,-0.97259766251099999,-1.0894516972029999,-0.51093057202299996,-0.34888549929599999,0.41044213628300003,-1.2104308629760001,-0.249781977539
22,0,-0.31580361562204767,0.43791267053077038,false,flipguard_tabular_validation_v2,sha256:5cccf8765df592fe00272dabc79d3e92b1f72479e274a36fdd3bad348019c834,sha256:afd5351d9b781a1fad2db90dc7bca0052521a41efd7694c0ade20974824dcb4e,model_input,identity_model_input_v1,-0.168445281626,-0.73870402344700004,-1.1661010425880001,-0.381671547931,-0.39750401667099999,0.333808195857,0.36312327577699999,-0.42712090174099998,-0.487975475682,-1.413750050769,-0.38745419786700003,-0.51093057202299996,-0.34888549929599999,0.86082367009600003,-1.1796983008399999,-0.249781977539
24,1,0.051919553307605171,0.51022759217589619,true,flipguard_tabular_validation_v2,sha256:5cccf8765df592fe00272dabc79d3e92b1f72479e274a36fdd3bad348019c834,sha256:afd5351d9b781a1fad2db90dc7bca0052521a41efd7694c0ade20974824dcb4e,model_input,identity_model_input_v1,-0.168445281626,0.82744578994499995,0.66482869627899999,-0.381671547931,-0.39750401667099999,0.448591387334,1.9134187773260001,1.0939519947259999,-0.487975475682,0.89623100311799997,0.486499620282,-0.51093057202299996,-0.34888549929599999,1.72111022327,0.71328118121399997,-0.249781977539
25,0,-0.055864209679485924,0.48899544805946088,false,flipguard_tabular_validation_v2,sha256:5cccf8765df592fe00272dabc79d3e92b1f72479e274a36fdd3bad348019c834,sha256:afd5351d9b781a1fad2db90dc7bca0052521a41efd7694c0ade20974824dcb4e,model_input,identity_model_input_v1,-0.168445281626,-0.73870402344700004,-1.1661010425880001,-0.381671547931,3.8752614904030001,0.492773806275,0.63363803651700001,-0.56152017856299996,0.29250898162,-0.013698116496,0.82143651599400003,-0.51093057202299996,-0.34888549929599999,-1.3814467336209999,1.8672157166609999,-0.249781977539
28,1,0.36863509796711114,0.57242073629921997,true,flipguard_tabular_validation_v2,sha256:5cccf8765df592fe00272dabc79d3e92b1f72479e274a36fdd3bad348019c834,sha256:afd5351d9b781a1fad2db90dc7bca0052521a41efd7694c0ade20974824dcb4e,model_input,identity_model_input_v1,-0.168445281626,1.0335181338120001,0.97978575617700003,-0.381671547931,0.061778268171000003,0.066436237933000006,-1.8506711571150001,-0.051166167927000003,0.78292362487,-0.075225062485999999,0.76805447196700005,2.6876808922230002,-0.34888549929599999,-0.68949108181499996,0.059116644316,0.039547758262
31,1,0.097301424387234131,0.5191646957731938,true,flipguard_tabular_validation_v2,sha256:5cccf8765df592fe00272dabc79d3e92b1f72479e274a36fdd3bad348019c834,sha256:afd5351d9b781a1fad2db90dc7bca0052521a41efd7694c0ade20974824dcb4e,model_input,identity_model_input_v1,-0.168445281626,-0.57998447348899995,-0.30325799151600003,-0.381671547931,-0.39750401667099999,0.073268570759000007,-0.46612742714599997,-0.39987780508800003,-0.487975475682,0.056199842553999999,0.93717634596599997,0.395958978967,-0.34888549929599999,-1.3814467336209999,0.21131599965699999,-0.052877018451999998
35,1,0.2611160235163838,0.55136864342290459,true,flipguard_tabular_validation_v2,sha256:5cccf8765df592fe00272dabc79d3e92b1f72479e274a36fdd3bad348019c834,sha256:afd5351d9b781a1fad2db90dc7bca0052521a41efd7694c0ade20974824dcb4e,model_input,identity_model_input_v1,-0.168445281626,-0.73870402344700004,-1.1661010425880001,1.4675689091619999,-0.26628050671600001,0.49687320597099999,-2.0946262868000001,2.5160416400200001,1.602739582383,0.30774878500500003,0.58381555895199999,-0.45453886701700003,-0.34888549929599999,-1.3814467336209999,0.57059428558199998,-0.249781977539
40,1,0.060265808104182784,0.51187148866266796,true,flipguard_tabular_validation_v2,sha256:5cccf8765df592fe00272dabc79d3e92b1f72479e274a36fdd3bad348019c834,sha256:afd5351d9b781a1fad2db90dc7bca0052521a41efd7694c0ade20974824dcb4e,model_input,identity_model_input_v1,-0.168445281626,0.267981298935,0.56113276009599999,-0.381671547931,-0.39750401667099999,0.26092997904600002,-0.64466716923400003,-0.014842039057,-0.487975475682,-0.35732820260600001,-0.89859907961800001,1.02273891329,-0.34888549929599999,0.66872084754299999,0.46961586713499998,-0.249781977539
42,1,-0.043735869760740301,0.49138436829362253,false,flipguard_tabular_validation_v2,sha256:5cccf8765df592fe00272dabc79d3e92b1f72479e274a36fdd3bad348019c834,sha256:afd5351d9b781a1fad2db90dc7bca0052521a41efd7694c0ade20974824dcb4e,model_input,identity_model_input_v1,-0.168445281626,-0.53350858317000005,-0.57642713683299995,0.35916438249100002,-0.39750401667099999,0.30738984226299998,0.097035120212000003,-0.46253692739000002,-0.487975475682,0.010577821378,0.39012849655100001,-0.51093057202299996,-0.34888549929599999,-0.186425830781,-0.36089503821199997,-0.249781977539
49,0,-0.055238582385898988,0.48911867346814103,false,flipguard_tabular_validation_v2,sha256:5cccf8765df592fe00272dabc79d3e92b1f72479e274a36fdd3bad348019c834,sha256:afd5351d9b781a1fad2db90dc7bca0052521a41efd7694c0ade20974824dcb4e,model_input,identity_model_input_v1,-0.168445281626,-0.35462025062199998,0.53714340172599995,-0.381671547931,-0.39750401667099999,-0.46739670020399998,2.6123305500740002,0.054173805797999998,2.5688195563040002,0.50823454779099997,1.354312141331,-0.45731222955900003,2.6627479182310001,0.139956222253,-0.80724891685599998,-0.249781977539
51,1,0.16060507842212451,0.53162262986523101,true,flipguard_tabular_validation_v2,sha256:5cccf8765df592fe00272dabc79d3e92b1f72479e274a36fdd3bad348019c834,sha256:afd5351d9b781a1fad2db90dc7bca0052521a41efd7694c0ade20974824dcb4e,model_input,identity_model_input_v1,-0.168445281626,-0.68872051876399998,-0.97031692427299998,0.62415569606499999,-0.39750401667099999,0.53331231437600002,-0.16610196523500001,2.2708537701420002,-0.487975475682,1.004635622244,0.37359423512599998,-0.51093057202299996,-0.34888549929599999,1.6427271317929999,-1.2104308629760001,-0.249781977539
52,0,-0.11812692838886844,0.47673558846642466,false,flipguard_tabular_validation_v2,sha256:5cccf8765df592fe00272dabc79d3e92b1f72479e274a36fdd3bad348019c834,sha256:afd5351d9b781a1fad2db90dc7bca0052521a41efd7694c0ade20974824dcb4e,model_input,identity_model_input_v1,-0.168445281626,-0.73870402344700004,-0.42320478336900003,-0.381671547931,-0.39750401667099999,-1.7987906235610001,-0.94616816620499999,-0.59421189454699996,-0.487975475682,-0.58711251110100005,-1.9728536647370001,-0.51093057202299996,-0.34888549929599999,-0.76723168893500004,-1.2104308629760001,-0.249781977539
53,0,-0.29117379064921506,0.44273750863278671,false,flipguard_tabular_validation_v2,sha256:5cccf8765df592fe00272dabc79d3e92b1f72479e274a36fdd3bad348019c834,sha256:afd5351d9b781a1fad2db90dc7bca0052521a41efd7694c0ade20974824dcb4e,model_input,identity_model_input_v1,-0.168445281626,-0.73870402344700004,-1.1661010425880001,-0.381671547931,0.96594025749599999,0.47455425207200003,0.64544231698499999,-0.59421189454699996,0.94639517261999995,-1.4593720719450001,-0.18101213379600001,-0.51093057202299996,-0.34888549929599999,-1.3814467336209999,1.63452631763,-0.249781977539
57,1,0.51961780658291679,0.60180351512676955,true,flipguard_tabular_validation_v2,sha256:5cccf8765df592fe00272dabc79d3e92b1f72479e274a36fdd3bad348019c834,sha256:afd5351d9b781a1fad2db90dc7bca0052521a41efd7694c0ade20974824dcb4e,model_input,identity_model_input_v1,-0.168445281626,-0.046827090207000002,2.2543171509,-0.381671547931,-0.39750401667099999,0.950540105616,-1.8811655483259999,-0.59421189454699996,-0.487975475682,1.219770657884,2.0596164929510001,0.46344413413699997,-0.34888549929599999,-0.91564557525599999,-0.12747391151099999,-0.249781977539
60,1,0.099293035429089641,0.51955681221693384,true,flipguard_tabular_validation_v2,sha256:5cccf8765df592fe00272dabc79d3e92b1f72479e274a36fdd3bad348019c834,sha256:afd5351d9b781a1fad2db90dc7bca0052521a41efd7694c0ade20974824dcb4e,model_input,identity_model_input_v1,-0.168445281626,-0.73870402344700004,1.4704068273699999,1.803794446815,-0.39750401667099999,-0.51157911914499998,-0.95993982675099998,2.2881077313559999,1.3753543467910001,-0.21627663254599999,-0.550434774766,0.21661486796599999,2.4687211154209998,1.2649463302499999,-0.87676304549799999,-0.249781977539
61,1,0.084351727672660151,0.51661488962915247,true,flipguard_tabular_validation_v2,sha256:5cccf8765df592fe00272dabc79d3e92b1f72479e274a36fdd3bad348019c834,sha256:afd5351d9b781a1fad2db90dc7bca0052521a41efd7694c0ade20974824dcb4e,model_input,identity_model_input_v1,1.2884696435580001,-0.13451744930000001,-1.143659384757,-0.381671547931,0.681089223691,0.57749473331699996,0.17917323847300001,-0.58967137843799999,1.485974191133,0.37555399079099999,0.49972702942199998,0.27208211879100003,-0.34888549929599999,-1.3814467336209999,-0.49553292947499999,4.2750136129119998
64,1,0.33995599804491583,0.56681417664646117,true,flipguard_tabular_validation_v2,sha256:5cccf8765df592fe00272dabc79d3e92b1f72479e274a36fdd3bad348019c834,sha256:afd5351d9b781a1fad2db90dc7bca0052521a41efd7694c0ade20974824dcb4e,model_input,identity_model_input_v1,-0.168445281626,-0.43880299535,0.51315404335500003,-0.381671547931,-0.39750401667099999,-0.395884949958,-2.1295472831870002,-0.028463587382999998,-0.487975475682,0.71248726645299998,0.82946744297200004,0.022479490078,-0.34888549929599999,-1.3814467336209999,-1.2104308629760001,-0.249781977539
66,0,-0.11898757647875753,0.47656618595875139,false,flipguard_tabular_validation_v2,sha256:5cccf8765df592fe00272dabc79d3e92b1f72479e274a36fdd3bad348019c834,sha256:afd5351d9b781a1fad2db90dc7bca0052521a41efd7694c0ade20974824dcb4e,model_input,identity_model_input_v1,-0.168445281626,-0.73870402344700004,-0.36207061203699997,-0.381671547931,-0.39750401667099999,-1.7997016012710001,-0.75336491854999998,-0.59421189454699996,-0.487975475682,-0.51512179878599995,-1.9199440281789999,-0.51093057202299996,-0.34888549929599999,-0.20313042404600001,-1.2104308629760001,-0.249781977539
68,1,0.17776856277682671,0.53499793573895726,true,flipguard_tabular_validation_v2,sha256:5cccf8765df592fe00272dabc79d3e92b1f72479e274a36fdd3bad348019c834,sha256:afd5351d9b781a1fad2db90dc7bca0052521a41efd7694c0ade20974824dcb4e,model_input,identity_model_input_v1,-0.168445281626,0.152230024933,-1.0028186356140001,-0.381671547931,0.47785281193200002,1.155965579251,-0.017564769337000002,0.075060179899000004,1.7330251768310001,0.49944498407799998,1.0826778465010001,0.38209216626100001,-0.34888549929599999,-1.3814467336209999,1.0220702579159999,-0.249781977539
70,1,0.10951571059039408,0.52156934099599639,true,flipguard_tabular_validation_v2,sha256:5cccf8765df592fe00272dabc79d3e92b1f72479e274a36fdd3bad348019c834,sha256:afd5351d9b781a1fad2db90dc7bca0052521a41efd7694c0ade20974824dcb4e,model_input,identity_model_input_v1,-0.168445281626,-0.33532837162099999,0.89930532809499997,-0.381671547931,-0.39750401667099999,-0.36946659636500001,-1.345054477041,0.69075416426000003,-0.487975475682,-0.24934213413299999,-1.16881615204,0.175938884027,-0.34888549929599999,0.61218222418199997,-0.18015830374399999,-0.249781977539
72,0,-0.16864692266584633,0.46679574271256913,false,flipguard_tabular_validation_v2,sha256:5cccf8765df592fe00272dabc79d3e92b1f72479e274a36fdd3bad348019c834,sha256:afd5351d9b781a1fad2db90dc7bca0052521a41efd7694c0ade20974824dcb4e,model_input,identity_model_input_v1,-0.168445281626,-0.70187407262799995,-0.41856168174899999,-0.381671547931,-0.39750401667099999,1.196048598497,2.481991619899,-0.59421189454699996,-0.487975475682,0.376391092097,0.195969026681,-0.51093057202299996,-0.34888549929599999,1.007310103347,-0.73992997122500004,-0.249781977539
74,0,-0.048654275112305807,0.49041556850796614,false,flipguard_tabular_validation_v2,sha256:5cccf8765df592fe00272dabc79d3e92b1f72479e274a36fdd3bad348019c834,sha256:afd5351d9b781a1fad2db90dc7bca0052521a41efd7694c0ade20974824dcb4e,model_input,identity_model_input_v1,-0.168445281626,-0.36514309371300002,0.52398794713499997,-0.381671547931,-0.39750401667099999,0.044117284035000003,-2.1010202720539999,-0.59421189454699996,-0.487975475682,-1.3463633956359999,-0.65530923294300003,-0.51093057202299996,-0.34888549929599999,0.20163472046399999,-0.36089503821199997,-0.249781977539
78,0,-0.055017512737783408,0.48916221612657146,false,flipguard_tabular_validation_v2,sha256:5cccf8765df592fe00272dabc79d3e92b1f72479e274a36fdd3bad348019c834,sha256:afd5351d9b781a1fad2db90dc7bca0052521a41efd7694c0ade20974824dcb4e,model_input,identity_model_input_v1,-0.168445281626,-0.73870402344700004,0.47678308066399999,-0.381671547931,-0.39750401667099999,-1.707692852548,-0.091341522265999994,-0.59421189454699996,-0.487975475682,0.054525639942,-1.910968286263,-0.51093057202299996,-0.34888549929599999,0.18557261155499999,-1.2104308629760001,-0.249781977539
81,0,-0.3650039778671178,0.42828873121966327,false,flipguard_tabular_validation_v2,sha256:5cccf8765df592fe00272dabc79d3e92b1f72479e274a36fdd3bad348019c834,sha256:afd5351d9b781a1fad2db90dc7bca0052521a41efd7694c0ade20974824dcb4e,model_input,identity_model_input_v1,0.36388901796000001,0.28551937075299999,-0.67238457031499999,-0.381671547931,2.8974863125670001,0.307845331118,1.2287705101440001,-0.59421189454699996,-0.487975475682,-1.6071204524530001,0.78317151098399995,-0.51093057202299996,-0.34888549929599999,1.6151003044700001,0.053994550625999997,-0.249781977539
82,1,-0.0024633088174374424,0.49951472822275317,false,flipguard_tabular_validation_v2,sha256:5cccf8765df592fe00272dabc79d3e92b1f72479e274a36fdd3bad348019c834,sha256:afd5351d9b781a1fad2db90dc7bca0052521a41efd7694c0ade20974824dcb4e,model_input,identity_model_input_v1,-0.168445281626,-0.39495781580400002,-0.58261793899299996,-0.381671547931,-0.39750401667099999,0.335174662422,-0.71401731698799997,-0.59421189454699996,-0.487975475682,-0.245156627603,0.26163366491000001,-0.51093057202299996,-0.34888549929599999,-1.3814467336209999,0.14107014334599999,-0.249781977539
86,0,-0.13130468726970779,0.47414203186277509,false,flipguard_tabular_validation_v2,sha256:5cccf8765df592fe00272dabc79d3e92b1f72479e274a36fdd3bad348019c834,sha256:afd5351d9b781a1fad2db90dc7bca0052521a41efd7694c0ade20974824dcb4e,model_input,identity_model_input_v1,-0.168445281626,-0.72730427676499998,-0.42552633417899999,-0.33893101348400001,-0.39750401667099999,-0.26789258168500002,0.51805445692800001,0.677132615933,-0.487975475682,-0.675845249536,0.56917092740399999,-0.51093057202299996,-0.34888549929599999,1.2989980011369999,-0.147230558599,-0.249781977539
87,1,-0.039892454390670455,0.49214144042570895,false,flipguard_tabular_validation_v2,sha256:5cccf8765df592fe00272dabc79d3e92b1f72479e274a36fdd3bad348019c834,sha256:afd5351d9b781a1fad2db90dc7bca0052521a41efd7694c0ade20974824dcb4e,model_input,identity_model_input_v1,-0.168445281626,-0.41249588762299999,0.60756377629699998,-0.381671547931,-0.39750401667099999,1.098118494657,1.2617241264529999,-0.58694706877299996,-0.487975475682,0.18218358910599999,0.55121944357200003,-0.51093057202299996,-0.34888549929599999,1.470541324287,0.57864328995100001,-0.249781977539
89,1,0.31458471537657123,0.56184865925696836,true,flipguard_tabular_validation_v2,sha256:5cccf8765df592fe00272dabc79d3e92b1f72479e274a36fdd3bad348019c834,sha256:afd5351d9b781a1fad2db90dc7bca0052521a41efd7694c0ade20974824dcb4e,model_input,identity_model_input_v1,-0.168445281626,-0.44494132048700002,1.09431559614,-0.270546158368,-0.258279073182,0.90408024239899998,-1.070604956145,1.984801255284,0.68336576496199997,0.239106477914,-1.8122351251860001,2.4334559926080002,-0.34888549929599999,0.61667961467700005,1.919900108894,-0.12119098385
93,1,0.084492925395187768,0.51664269350447456,true,flipguard_tabular_validation_v2,sha256:5cccf8765df592fe00272dabc79d3e92b1f72479e274a36fdd3bad348019c834,sha256:afd5351d9b781a1fad2db90dc7bca0052521a41efd7694c0ade20974824dcb4e,model_input,identity_model_input_v1,-0.168445281626,1.2194216950879999,1.160092869092,-0.381671547931,-0.39750401667099999,-0.52342182937699999,-0.51236085898200001,-0.59421189454699996,-0.487975475682,-0.221299240382,0.65420427187300001,0.15467643787800001,-0.34888549929599999,0.33655643530099999,-0.63602464209800003,-0.249781977539
95,0,-0.13054931746103579,0.47429068433314953,false,flipguard_tabular_validation_v2,sha256:5cccf8765df592fe00272dabc79d3e92b1f72479e274a36fdd3bad348019c834,sha256:afd5351d9b781a1fad2db90dc7bca0052521a41efd7694c0ade20974824dcb4e,model_input,identity_model_input_v1,-0.168445281626,-0.73870402344700004,-0.050208953218999999,-0.381671547931,-0.39750401667099999,-1.7810265582139999,0.13638272177499999,-0.59421189454699996,-0.487975475682,-0.33640066995599999,-1.217001713905,-0.51093057202299996,-0.34888549929599999,0.159873237301,-1.2104308629760001,-0.249781977539
96,1,-0.066315651229951075,0.48693698327045803,false,flipguard_tabular_validation_v2,sha256:5cccf8765df592fe00272dabc79d3e92b1f72479e274a36fdd3bad348019c834,sha256:afd5351d9b781a1fad2db90dc7bca0052521a41efd7694c0ade20974824dcb4e,model_input,identity_model_input_v1,-0.168445281626,-0.73870402344700004,0.72286746653,3.245575142176,-0.39750401667099999,0.50325004994099998,1.700449883871,-0.45254779195,-0.487975475682,0.75392378109900005,0.82285373840200005,-0.51093057202299996,-0.34888549929599999,0.82805696792100003,-0.27894153918199999,-0.249781977539
97,1,-0.052611191578008566,0.48963617775708829,false,flipguard_tabular_validation_v2,sha256:5cccf8765df592fe00272dabc79d3e92b1f72479e274a36fdd3bad348019c834,sha256:afd5351d9b781a1fad2db90dc7bca0052521a41efd7694c0ade20974824dcb4e,model_input,identity_model_input_v1,-0.168445281626,-0.247638012529,0.083667143493999993,2.570274697906,-0.39750401667099999,0.24179944713400001,0.97792955018600003,-0.023923071274,-0.487975475682,0.714161469065,-0.36005456465000002,-0.51093057202299996,-0.34888549929599999,1.333049672025,-0.70041667704999999,-0.249781977539
99,0,-0.031643542660970844,0.49376634883625153,false,flipguard_tabular_validation_v2,sha256:5cccf8765df592fe00272dabc79d3e92b1f72479e274a36fdd3bad348019c834,sha256:afd5351d9b781a1fad2db90dc7bca0052521a41efd7694c0ade20974824dcb4e,model_input,identity_model_input_v1,-0.168445281626,1.9981120838290001,1.1887253290819999,-0.381671547931,-0.39750401667099999,-1.3355584579590001,0.12605397636499999,-0.59057948165999996,-0.48182992877399999,-0.34519023366899998,-0.075192860680000001,-0.51093057202299996,-0.073311199652999995,0.41558201113400001,1.0220702579159999,-0.249781977539
100,1,0.046136583075017515,0.50908851404335331,true,flipguard_tabular_validation_v2,sha256:5cccf8765df592fe00272dabc79d3e92b1f72479e274a36fdd3bad348019c834,sha256:afd5351d9b781a1fad2db90dc7bca0052521a41efd7694c0ade20974824dcb4e,model_input,identity_model_input_v1,-0.168445281626,-0.042442572253000001,0.36921789313100001,-0.381671547931,-0.39750401667099999,1.4370022028260001,0.81119408856599995,-0.105652361234,0.66124179609400002,0.34876674899900001,-0.25659732887999998,-0.19384278814,-0.34888549929599999,1.022087243544,1.424520476366,-0.249781977539
103,1,0.67330940893169078,0.63142098623494147,true,flipguard_tabular_validation_v2,sha256:5cccf8765df592fe00272dabc79d3e92b1f72479e274a36fdd3bad348019c834,sha256:afd5351d9b781a1fad2db90dc7bca0052521a41efd7694c0ade20974824dcb4e,model_input,identity_model_input_v1,-0.168445281626,-0.32655933571200002,2.2976527660210002,-0.381671547931,-0.37349971606999999,1.544953061477,-1.6480310090700001,-0.59421189454699996,-0.202822099156,2.3419049585680001,2.5830439689019999,-0.23729213461900001,-0.34888549929599999,-0.22947228265700001,0.57717983461099998,-0.137264858061
105,1,0.022165504398756808,0.50436656080605602,true,flipguard_tabular_validation_v2,sha256:5cccf8765df592fe00272dabc79d3e92b1f72479e274a36fdd3bad348019c834,sha256:afd5351d9b781a1fad2db90dc7bca0052521a41efd7694c0ade20974824dcb4e,model_input,identity_model_input_v1,-0.168445281626,-0.73870402344700004,1.433262014409,2.3565720256690001,-0.39750401667099999,0.618488730273,1.5848663042819999,1.0567197626339999,2.8724095735540001,0.73006639387899996,1.1379495204050001,-0.51093057202299996,4.546776293342,1.36388892113,-0.83944493433199996,-0.249781977539
109,1,-0.11827056082521031,0.4767073169566356,false,flipguard_tabular_validation_v2,sha256:5cccf8765df592fe00272dabc79d3e92b1f72479e274a36fdd3bad348019c834,sha256:afd5351d9b781a1fad2db90dc7bca0052521a41efd7694c0ade20974824dcb4e,model_input,identity_model_input_v1,-0.168445281626,1.097532095949,-0.74590034596699994,-0.381671547931,1.5676480592419999,1.861973304603,0.083755304685000004,0.90597462782000004,-0.487975475682,-1.283580797687,2.0440270464650001,-0.29830611052700001,-0.34888549929599999,-0.51602030559599998,1.520376801124,-0.249781977539
110,0,-0.0067229101810135257,0.49867558790977584,false,flipguard_tabular_validation_v2,sha256:5cccf8765df592fe00272dabc79d3e92b1f72479e274a36fdd3bad348019c834,sha256:afd5351d9b781a1fad2db90dc7bca0052521a41efd7694c0ade20974824dcb4e,model_input,identity_model_input_v1,-0.168445281626,-0.73870402344700004,-1.1661010425880001,-0.381671547931,1.326004766519,-0.152653901353,-0.159707979981,-0.59421189454699996,0.68582398372499997,-0.25352764066299999,0.101959940296,0.23048168067200001,-0.34888549929599999,-1.3814467336209999,-1.151160921714,4.3875307323900001
111,1,0.3351312822466635,0.56587030423549722,true,flipguard_tabular_validation_v2,sha256:5cccf8765df592fe00272dabc79d3e92b1f72479e274a36fdd3bad348019c834,sha256:afd5351d9b781a1fad2db90dc7bca0052521a41efd7694c0ade20974824dcb4e,model_input,identity_model_input_v1,-0.168445281626,3.1301946197119999,0.65244709195899997,-0.381671547931,-0.39750401667099999,-1.8019790455469999,0.34295762997599999,-0.59421189454699996,-0.487975475682,1.5675862505239999,2.2655861495530001,0.55866291471999996,-0.34888549929599999,0.24018378184600001,-0.52846067462099999,-0.249781977539
112,1,0.12549308586479674,0.52471423259658523,true,flipguard_tabular_validation_v2,sha256:5cccf8765df592fe00272dabc79d3e92b1f72479e274a36fdd3bad348019c834,sha256:afd5351d9b781a1fad2db90dc7bca0052521a41efd7694c0ade20974824dcb4e,model_input,identity_model_input_v1,-0.168445281626,-0.70099716903700005,-1.1219915771969999,2.8495128562960002,-0.186266171378,1.01112012334,-0.547281855368,0.49460386835699999,0.44491854493600003,0.65849423221600001,1.6949179266750001,-0.31679519413500001,-0.34888549929599999,-1.2323903629440001,-0.041861774131999999,-0.249781977539
114,0,-0.17574580754807678,0.46539978866704285,false,flipguard_tabular_validation_v2,sha256:5cccf8765df592fe00272dabc79d3e92b1f72479e274a36fdd3bad348019c834,sha256:afd5351d9b781a1fad2db90dc7bca0052521a41efd7694c0ade20974824dcb4e,model_input,identity_model_input_v1,-0.168445281626,0.25745845584400001,-1.162231791238,-0.381671547931,-0.36549828253599997,-0.82996582883600001,-0.80943525077599998,-0.59421189454699996,-0.487975475682,-0.93283535047599997,-1.4007682194510001,-0.51093057202299996,-0.34888549929599999,-1.0512097744490001,0.25814657053099999,-0.249781977539
115,0,-0.1800216144682969,0.46455907835445992,false,flipguard_tabular_validation_v2,sha256:5cccf8765df592fe00272dabc79d3e92b1f72479e274a36fdd3bad348019c834,sha256:afd5351d9b781a1fad2db90dc7bca0052521a41efd7694c0ade20974824dcb4e,model_input,identity_model_input_v1,-0.168445281626,-0.32743623930299998,-0.47350505092,-0.381671547931,1.2923987456770001,0.235878092018,0.79447135790199996,-0.59421189454699996,-0.487975475682,-0.61055134766899999,0.10290475523500001,-0.51093057202299996,-0.34888549929599999,1.0677036328459999,0.804015412283,-0.249781977539
117,0,0.049898355011174664,0.50982947898035624,true,flipguard_tabular_validation_v2,sha256:5cccf8765df592fe00272dabc79d3e92b1f72479e274a36fdd3bad348019c834,sha256:afd5351d9b781a1fad2db90dc7bca0052521a41efd7694c0ade20974824dcb4e,model_input,identity_model_input_v1,-0.168445281626,-0.73870402344700004,-0.40385852661799998,-0.27339552733099998,-0.39750401667099999,-0.394518483393,-0.74795462333499996,0.37110183019600002,-0.487975475682,0.19599576065499999,-0.67373312424499998,-0.51093057202299996,-0.34888549929599999,0.56335341309800002,-1.2104308629760001,-0.249781977539
118,1,0.055527142123881781,0.51093816217915966,true,flipguard_tabular_validation_v2,sha256:5cccf8765df592fe00272dabc79d3e92b1f72479e274a36fdd3bad348019c834,sha256:afd5351d9b781a1fad2db90dc7bca0052521a41efd7694c0ade20974824dcb4e,model_input,identity_model_input_v1,-0.168445281626,0.37408663343699999,1.6112475765130001,-0.381671547931,-0.39750401667099999,0.53331231437600002,-0.33431296191299997,-0.59421189454699996,-0.487975475682,-0.129636647376,-0.169201947065,-0.51093057202299996,-0.34888549929599999,0.90387012197200001,0.40815074286199998,-0.249781977539
119,1,0.36086824642191545,0.57090306698902393,true,flipguard_tabular_validation_v2,sha256:5cccf8765df592fe00272dabc79d3e92b1f72479e274a36fdd3bad348019c834,sha256:afd5351d9b781a1fad2db90dc7bca0052521a41efd7694c0ade20974824dcb4e,model_input,identity_model_input_v1,-0.168445281626,0.17766022907000001,1.209619286373,-0.36172596518900002,0.15139432375100001,2.401727597856,-0.61318908798500005,2.1636975899730002,2.3488089770010001,0.027319847498,0.62680463865500002,2.5443904942579998,0.14039948170300001,1.613815335757,-0.158206473647,-0.249781977539
121,1,0.089998005284578339,0.51772669123494397,true,flipguard_tabular_validation_v2,sha256:5cccf8765df592fe00272dabc79d3e92b1f72479e274a36fdd3bad348019c834,sha256:afd5351d9b781a1fad2db90dc7bca0052521a41efd7694c0ade20974824dcb4e,model_input,identity_model_input_v1,1.4355620158119999,2.9144763363449999,-0.054078204570000003,-0.381671547931,1.737278450159,-1.6926617203309999,-0.43120643075999998,-0.59421189454699996,-0.487975475682,0.15748910058000001,1.1464528548520001,0.087191282706999995,-0.34888549929599999,0.093054864239000001,0.74620892636000002,0.31280361985299998
122,1,0.27835343573604482,0.55474935883597265,true,flipguard_tabular_validation_v2,sha256:5cccf8765df592fe00272dabc79d3e92b1f72479e274a36fdd3bad348019c834,sha256:afd5351d9b781a1fad2db90dc7bca0052521a41efd7694c0ade20974824dcb4e,model_input,identity_model_input_v1,-0.168445281626,-0.60541467762599999,-1.1196700263870001,-0.381671547931,0.69069094393200003,2.4163032412179999,0.90070988212000003,2.1854920672949998,2.1128199757380002,0.64551916197299997,-0.28777622185099999,3.9292228565239999,-0.34888549929599999,0.014029288406,0.32180687781299999,-0.249781977539
123,0,-0.24635150862309174,0.45152855617291882,false,flipguard_tabular_validation_v2,sha256:5cccf8765df592fe00272dabc79d3e92b1f72479e274a36fdd3bad348019c834,sha256:afd5351d9b781a1fad2db90dc7bca0052521a41efd7694c0ade20974824dcb4e,model_input,identity_model_input_v1,-0.168445281626,-0.19151618271000001,-0.59654724385299995,-0.381671547931,-0.39750401667099999,-0.34259275391600003,0.299675268258,-0.59421189454699996,-0.487975475682,-1.042495621561,-0.64113700886500002,-0.51093057202299996,-0.34888549929599999,0.76316604792800002,-1.1811617561800001,-0.249781977539
124,1,0.24355981923050396,0.54792349116465133,true,flipguard_tabular_validation_v2,sha256:5cccf8765df592fe00272dabc79d3e92b1f72479e274a36fdd3bad348019c834,sha256:afd5351d9b781a1fad2db90dc7bca0052521a41efd7694c0ade20974824dcb4e,model_input,identity_model_input_v1,-0.168445281626,-0.73870402344700004,1.673929448385,-0.26769678940500002,-0.39750401667099999,0.110618656875,-0.25512591376900001,1.4581013866570001,0.28636343471199999,0.39815572605299998,-0.071886008395000006,0.81658563105699999,-0.23359421067,1.513587776164,0.277903217619,-0.249781977539
126,1,0.30035660279029086,0.55906186516069645,true,flipguard_tabular_validation_v2,sha256:5cccf8765df592fe00272dabc79d3e92b1f72479e274a36fdd3bad348019c834,sha256:afd5351d9b781a1fad2db90dc7bca0052521a41efd7694c0ade20974824dcb4e,model_input,identity_model_input_v1,-0.168445281626,-0.73870402344700004,1.09818484749,0.68399244429200001,-0.39750401667099999,-0.44826616829100002,-1.7050850313349999,-0.59421189454699996,-0.487975475682,1.0025428689789999,0.41941775964599998,-0.51093057202299996,-0.34888549929599999,-0.98696133881299997,-0.81749310423499999,-0.249781977539
127,1,-0.02824589390936762,0.49443564904159981,false,flipguard_tabular_validation_v2,sha256:5cccf8765df592fe00272dabc79d3e92b1f72479e274a36fdd3bad348019c834,sha256:afd5351d9b781a1fad2db90dc7bca0052521a41efd7694c0ade20974824dcb4e,model_input,identity_model_input_v1,-0.168445281626,-0.73870402344700004,-0.64297826005500003,-0.381671547931,-0.39750401667099999,-0.80354747524199999,-1.266359273917,-0.59421189454699996,-0.487975475682,-0.60552873983300004,-0.129047312177,-0.32511528175900001,-0.34888549929599999,-1.3814467336209999,-0.55114423238800003,-0.249781977539
128,0,-0.34799673046224494,0.43161321611553316,false,flipguard_tabular_validation_v2,sha256:5cccf8765df592fe00272dabc79d3e92b1f72479e274a36fdd3bad348019c834,sha256:afd5351d9b781a1fad2db90dc7bca0052521a41efd7694c0ade20974824dcb4e,model_input,identity_model_input_v1,-0.168445281626,-0.73870402344700004,-1.1661010425880001,-0.381671547931,-0.39750401667099999,-0.56122740434700003,0.62035822098899995,-0.59421189454699996,-0.487975475682,-1.363523972409,-0.81167610527199996,-0.51093057202299996,-0.34888549929599999,1.026584634038,-0.94335026345899997,-0.249781977539
131,0,-0.27276772578634489,0.44634593613080598,false,flipguard_tabular_validation_v2,sha256:5cccf8765df592fe00272dabc79d3e92b1f72479e274a36fdd3bad348019c834,sha256:afd5351d9b781a1fad2db90dc7bca0052521a41efd7694c0ade20974824dcb4e,model_input,identity_model_input_v1,-0.168445281626,-0.73870402344700004,-0.61744120114400003,-0.381671547931,-0.39750401667099999,0.024075774412000001,0.280001467477,-0.59421189454699996,-0.487975475682,-1.3354810786589999,-0.45122920621899998,-0.51093057202299996,-0.34888549929599999,-0.87581154516100002,0.458639952086,-0.249781977539
133,1,-0.018832617070977872,0.49629000115428362,false,flipguard_tabular_validation_v2,sha256:5cccf8765df592fe00272dabc79d3e92b1f72479e274a36fdd3bad348019c834,sha256:afd5351d9b781a1fad2db90dc7bca0052521a41efd7694c0ade20974824dcb4e,model_input,identity_model_input_v1,-0.168445281626,-0.73870402344700004,-0.431717136339,-0.381671547931,-0.39750401667099999,-0.735679635838,-0.67466971542599996,-0.59421189454699996,-0.487975475682,-0.12545114084600001,-0.493745878453,-0.51093057202299996,-0.34888549929599999,-0.224332407806,-1.1094524445289999,-0.249781977539
134,1,0.66436545587970464,0.62970704043148995,true,flipguard_tabular_validation_v2,sha256:5cccf8765df592fe00272dabc79d3e92b1f72479e274a36fdd3bad348019c834,sha256:afd5351d9b781a1fad2db90dc7bca0052521a41efd7694c0ade20974824dcb4e,model_input,identity_model_input_v1,-0.168445281626,0.082954641250000002,1.851141160219,-0.381671547931,-0.39750401667099999,0.64581806157699995,-2.056262375277,-0.59421189454699996,-0.487975475682,1.859316055663,0.56491926018100003,2.5601062153249998,-0.34888549929599999,-0.75887939230300006,0.67962170839900005,0.43737614498900002
135,0,-0.11059686536935108,0.47821782865818774,false,flipguard_tabular_validation_v2,sha256:5cccf8765df592fe00272dabc79d3e92b1f72479e274a36fdd3bad348019c834,sha256:afd5351d9b781a1fad2db90dc7bca0052521a41efd7694c0ade20974824dcb4e,model_input,identity_model_input_v1,-0.168445281626,-0.73870402344700004,-1.1661010425880001,-0.381671547931,-0.035839220940999998,0.31148924195900002,0.64445862694599998,-0.53972570123999997,-0.25075736503700002,-0.132147951294,0.012202521135,-0.51093057202299996,-0.34888549929599999,-1.3814467336209999,1.598671661804,-0.249781977539
136,0,-0.057702490685407601,0.48863337783461758,false,flipguard_tabular_validation_v2,sha256:5cccf8765df592fe00272dabc79d3e92b1f72479e274a36fdd3bad348019c834,sha256:afd5351d9b781a1fad2db90dc7bca0052521a41efd7694c0ade20974824dcb4e,model_input,identity_model_input_v1,-0.168445281626,3.4441261052629999,0.14634901536600001,-0.381671547931,-0.39750401667099999,0.030908107237999999,0.93907379364300003,-0.59421189454699996,-0.487975475682,-0.24180822237899999,1.4119458525819999,-0.51093057202299996,-0.34888549929599999,0.29029756164300002,1.579646742387,-0.249781977539
137,0,0.12487411767995298,0.52459241226212416,true,flipguard_tabular_validation_v2,sha256:5cccf8765df592fe00272dabc79d3e92b1f72479e274a36fdd3bad348019c834,sha256:afd5351d9b781a1fad2db90dc7bca0052521a41efd7694c0ade20974824dcb4e,model_input,identity_model_input_v1,-0.168445281626,-0.720289048037,-0.210395959114,0.20529845848,-0.39750401667099999,0.52602449269499996,1.357142060241,0.63263555806600003,-0.487975475682,1.3059920924020001,1.4450143754310001,-0.46748122554299998,-0.34888549929599999,0.665508425761,-0.56577878578600005,-0.249781977539
138,1,0.1984090107114829,0.5390553327261367,true,flipguard_tabular_validation_v2,sha256:5cccf8765df592fe00272dabc79d3e92b1f72479e274a36fdd3bad348019c834,sha256:afd5351d9b781a1fad2db90dc7bca0052521a41efd7694c0ade20974824dcb4e,model_input,identity_model_input_v1,-0.168445281626,0.61961963889500005,1.144615863691,-0.381671547931,-0.39750401667099999,1.7849956880969999,0.92874504823299997,-0.59421189454699996,-0.487975475682,0.98370808959400002,0.118021794251,1.139220140023,-0.34888549929599999,0.20484714224600001,1.5759881040370001,0.40924686512000003
140,0,-0.15786019108669619,0.46891727775869363,false,flipguard_tabular_validation_v2,sha256:5cccf8765df592fe00272dabc79d3e92b1f72479e274a36fdd3bad348019c834,sha256:afd5351d9b781a1fad2db90dc7bca0052521a41efd7694c0ade20974824dcb4e,model_input,identity_model_input_v1,-0.168445281626,-0.58787660580800005,-0.10824772347100001,-0.381671547931,-0.39750401667099999,-1.3241712365830001,-0.49317890322000002,-0.59421189454699996,-0.487975475682,-1.020312436952,-0.65908849269799996,-0.51093057202299996,-0.34888549929599999,-1.1173856631550001,-0.093814438695000002,-0.249781977539
143,1,-0.013258085079634108,0.49738816656116819,false,flipguard_tabular_validation_v2,sha256:5cccf8765df592fe00272dabc79d3e92b1f72479e274a36fdd3bad348019c834,sha256:afd5351d9b781a1fad2db90dc7bca0052521a41efd7694c0ade20974824dcb4e,model_input,identity_model_input_v1,-0.168445281626,-0.35812786498499999,-0.068781359700000003,-0.381671547931,-0.39750401667099999,1.698452805634,0.315906153902,-0.59421189454699996,-0.487975475682,0.075453172592000003,0.0060612240340000003,-0.51093057202299996,-0.34888549929599999,0.051935865430999997,1.464033770541,-0.249781977539
145,0,-0.2186906861731153,0.45695977089120654,false,flipguard_tabular_validation_v2,sha256:5cccf8765df592fe00272dabc79d3e92b1f72479e274a36fdd3bad348019c834,sha256:afd5351d9b781a1fad2db90dc7bca0052521a41efd7694c0ade20974824dcb4e,model_input,identity_model_input_v1,-0.168445281626,-0.73870402344700004,-0.70798168273600004,-0.381671547931,-0.39750401667099999,-1.786492424475,-1.213240011808,-0.59421189454699996,-0.487975475682,-1.4723471421879999,-1.4163576659370001,-0.51093057202299996,-0.34888549929599999,-1.30563357957,-0.51382612122299998,-0.249781977539
148,1,0.37570851918237413,0.57380244289238724,true,flipguard_tabular_validation_v2,sha256:5cccf8765df592fe00272dabc79d3e92b1f72479e274a36fdd3bad348019c834,sha256:afd5351d9b781a1fad2db90dc7bca0052521a41efd7694c0ade20974824dcb4e,model_input,identity_model_input_v1,-0.168445281626,-0.73870402344700004,-1.1661010425880001,-0.381671547931,2.4894132023409998,1.230210262627,0.80922670848800005,2.9846229024539999,1.9825343812909999,1.3503584616190001,-0.27407640524299998,3.5686857261610001,-0.34888549929599999,-1.1443700061219999,-0.82993247462399999,-0.249781977539
149,0,-0.097482379000135927,0.48079967676472091,false,flipguard_tabular_validation_v2,sha256:5cccf8765df592fe00272dabc79d3e92b1f72479e274a36fdd3bad348019c834,sha256:afd5351d9b781a1fad2db90dc7bca0052521a41efd7694c0ade20974824dcb4e,model_input,identity_model_input_v1,-0.168445281626,0.80026177862600001,-0.69637392868600001,-0.381671547931,-0.39750401667099999,-0.403628260495,-0.73369111776899998,-0.59421189454699996,-0.487975475682,-0.69300582630899998,-0.45784291078900002,-0.51093057202299996,-0.34888549929599999,-0.80064087546600005,-0.023568582384,-0.249781977539
152,0,-0.21198022825488086,0.45827799688332721,false,flipguard_tabular_validation_v2,sha256:5cccf8765df592fe00272dabc79d3e92b1f72479e274a36fdd3bad348019c834,sha256:afd5351d9b781a1fad2db90dc7bca0052521a41efd7694c0ade20974824dcb4e,model_input,identity_model_input_v1,-0.168445281626,-0.73870402344700004,-1.1661010425880001,-0.381671547931,-0.39750401667099999,-0.51613400769600004,0.106380175583,-0.59421189454699996,-0.487975475682,-0.58794961240700006,-1.499973787998,-0.51093057202299996,-0.34888549929599999,0.150878456312,-1.2104308629760001,-0.249781977539
154,1,0.57890391685367149,0.61326803993215373,true,flipguard_tabular_validation_v2,sha256:5cccf8765df592fe00272dabc79d3e92b1f72479e274a36fdd3bad348019c834,sha256:afd5351d9b781a1fad2db90dc7bca0052521a41efd7694c0ade20974824dcb4e,model_input,identity_model_input_v1,-0.168445281626,-0.73870402344700004,2.6164790772690001,4.4935987480420003,-0.39750401667099999,-1.19891180144,-1.704101341296,3.130827521159,3.2349968411200001,1.695662750341,2.4554939521989998,0.224010501409,2.772415241559,0.10333461394,-1.143111917345,-0.249781977539
161,0,-0.20967714354198949,0.45873047612913137,false,flipguard_tabular_validation_v2,sha256:5cccf8765df592fe00272dabc79d3e92b1f72479e274a36fdd3bad348019c834,sha256:afd5351d9b781a1fad2db90dc7bca0052521a41efd7694c0ade20974824dcb4e,model_input,identity_model_input_v1,-0.168445281626,-0.64925985717199997,1.6127952770530001,-0.381671547931,-0.39750401667099999,-0.27381393680100002,2.358538519998,-0.51520691425300003,0.01964669891,-0.38620819766300002,0.32399145085300002,-0.51093057202299996,1.473279257527,1.813627970587,0.42790738994999999,-0.249781977539
163,0,-0.31822056936470861,0.43743944540712415,false,flipguard_tabular_validation_v2,sha256:5cccf8765df592fe00272dabc79d3e92b1f72479e274a36fdd3bad348019c834,sha256:afd5351d9b781a1fad2db90dc7bca0052521a41efd7694c0ade20974824dcb4e,model_input,identity_model_input_v1,-0.168445281626,-0.73870402344700004,-1.1661010425880001,-0.381671547931,0.10498600925400001,-0.038781687586999999,-0.11003163300799999,-0.59421189454699996,-0.487975475682,-1.6925047856640001,-0.41579864602400002,-0.51093057202299996,-0.34888549929599999,-0.26545140661400002,-0.021373399373999999,-0.249781977539
165,1,0.12238703712285251,0.52410291357373973,true,flipguard_tabular_validation_v2,sha256:5cccf8765df592fe00272dabc79d3e92b1f72479e274a36fdd3bad348019c834,sha256:afd5351d9b781a1fad2db90dc7bca0052521a41efd7694c0ade20974824dcb4e,model_input,identity_model_input_v1,-0.168445281626,-0.51421670416999998,-0.47814815253999998,0.077076855138,-0.39750401667099999,0.61666677485300003,0.059654898727999998,-0.54880673345800002,-0.487975475682,0.58901482381900006,1.4913103074189999,0.074248924182000006,-0.34888549929599999,-1.035790149896,0.55669145985400004,-0.249781977539
170,0,-0.20232546939444948,0.46017501178364451,false,flipguard_tabular_validation_v2,sha256:5cccf8765df592fe00272dabc79d3e92b1f72479e274a36fdd3bad348019c834,sha256:afd5351d9b781a1fad2db90dc7bca0052521a41efd7694c0ade20974824dcb4e,model_input,identity_model_input_v1,-0.168445281626,-0.72642737317399997,-0.94323216482200001,-0.381671547931,-0.39750401667099999,-0.40545021591500002,1.3876364514520001,-0.43075331462799998,-0.487975475682,-0.12545114084600001,-0.556576071866,-0.46470786300200001,-0.34888549929599999,0.68414047209499995,-1.2104308629760001,-0.249781977539
171,0,-0.058668607365857398,0.48844309209960074,false,flipguard_tabular_validation_v2,sha256:5cccf8765df592fe00272dabc79d3e92b1f72479e274a36fdd3bad348019c834,sha256:afd5351d9b781a1fad2db90dc7bca0052521a41efd7694c0ade20974824dcb4e,model_input,identity_model_input_v1,-0.168445281626,-0.73870402344700004,0.73447522058100001,-0.381671547931,-0.39750401667099999,-1.4271117178279999,1.631099736118,-0.59421189454699996,-0.487975475682,0.60031569144999997,-0.53862458803400004,-0.51093057202299996,-0.34888549929599999,0.47854547805800002,-1.2104308629760001,-0.249781977539
176,1,0.14387990504815157,0.52833242721703721,true,flipguard_tabular_validation_v2,sha256:5cccf8765df592fe00272dabc79d3e92b1f72479e274a36fdd3bad348019c834,sha256:afd5351d9b781a1fad2db90dc7bca0052521a41efd7694c0ade20974824dcb4e,model_input,identity_model_input_v1,-0.168445281626,0.49246861821100002,0.37773024610200001,-0.381671547931,-0.39750401667099999,0.24453238026400001,-1.0125672438410001,1.245605232762,-0.487975475682,0.0080665174600000004,-1.171178189386,0.550342827097,-0.34888549929599999,0.19263993947499999,1.406227284618,-0.249781977539
177,0,-0.09762942357463561,0.48077072577689778,false,flipguard_tabular_validation_v2,sha256:5cccf8765df592fe00272dabc79d3e92b1f72479e274a36fdd3bad348019c834,sha256:afd5351d9b781a1fad2db90dc7bca0052521a41efd7694c0ade20974824dcb4e,model_input,identity_model_input_v1,-0.168445281626,-0.61242990635299999,-0.82870232485899997,-0.381671547931,-0.39750401667099999,0.246354335684,-0.50940978886400001,-0.59421189454699996,-0.487975475682,-0.63692003880799997,-0.071886008395000006,-0.51093057202299996,-0.34888549929599999,-0.56099421054200005,0.35327116761900001,-0.249781977539
180,0,-0.1101051338919105,0.47831462790332951,false,flipguard_tabular_validation_v2,sha256:5cccf8765df592fe00272dabc79d3e92b1f72479e274a36fdd3bad348019c834,sha256:afd5351d9b781a1fad2db90dc7bca0052521a41efd7694c0ade20974824dcb4e,model_input,identity_model_input_v1,-0.168445281626,-0.62119894226299999,-0.044792001328999999,-0.381671547931,-0.39750401667099999,-1.298663860699,-0.85665237265100003,-0.59421189454699996,-0.487975475682,-0.88093506950400002,-0.81876221731099996,-0.51093057202299996,-0.34888549929599999,-1.1540072714680001,-0.15088919694799999,-0.249781977539
183,0,0.052315121112206341,0.51030550613996561,true,flipguard_tabular_validation_v2,sha256:5cccf8765df592fe00272dabc79d3e92b1f72479e274a36fdd3bad348019c834,sha256:afd5351d9b781a1fad2db90dc7bca0052521a41efd7694c0ade20974824dcb4e,model_input,identity_model_input_v1,-0.168445281626,-0.73870402344700004,0.92484238700599997,-0.381671547931,-0.39750401667099999,-1.0850395876729999,1.18155338827,-0.59421189454699996,-0.487975475682,1.083741695661,-0.779079989892,-0.51093057202299996,-0.34888549929599999,0.85375634217600005,-1.1694541134609999,-0.249781977539
184,0,-0.19501944741921065,0.46161083723315788,false,flipguard_tabular_validation_v2,sha256:5cccf8765df592fe00272dabc79d3e92b1f72479e274a36fdd3bad348019c834,sha256:afd5351d9b781a1fad2db90dc7bca0052521a41efd7694c0ade20974824dcb4e,model_input,identity_model_input_v1,-0.168445281626,0.030340425793999998,-0.25992237639499999,-0.381671547931,-0.39750401667099999,0.157989497802,-0.65794698476199998,-0.59421189454699996,-0.487975475682,-1.3589199152260001,-0.56224496149699998,-0.51093057202299996,-0.34888549929599999,-0.088768208612999999,-0.59797480326200003,-0.249781977539
187,0,-0.21849921691414623,0.45699738054577943,false,flipguard_tabular_validation_v2,sha256:5cccf8765df592fe00272dabc79d3e92b1f72479e274a36fdd3bad348019c834,sha256:afd5351d9b781a1fad2db90dc7bca0052521a41efd7694c0ade20974824dcb4e,model_input,identity_model_input_v1,-0.168445281626,-0.73870402344700004,-0.47737430226999999,-0.381671547931,-0.39750401667099999,-1.704048941708,-0.735166652827,-0.59421189454699996,-0.487975475682,-1.3057639822960001,-1.365810066726,-0.51093057202299996,-0.34888549929599999,-1.1071059134529999,0.019603350140999998,-0.249781977539
190,1,0.059271545808535421,0.51167566161298395,true,flipguard_tabular_validation_v2,sha256:5cccf8765df592fe00272dabc79d3e92b1f72479e274a36fdd3bad348019c834,sha256:afd5351d9b781a1fad2db90dc7bca0052521a41efd7694c0ade20974824dcb4e,model_input,identity_model_input_v1,-0.168445281626,-0.73870402344700004,1.393795650638,0.80366594074499997,-0.39750401667099999,-0.081597639962999999,1.7919330575029999,0.099578966887000006,1.0815972045940001,1.0238889522820001,0.29234015041200001,-0.51093057202299996,0.63812041065000003,0.82355957742700003,-0.72529541782700002,-0.249781977539
192,0,-0.029490649434183731,0.49419044465334877,false,flipguard_tabular_validation_v2,sha256:5cccf8765df592fe00272dabc79d3e92b1f72479e274a36fdd3bad348019c834,sha256:afd5351d9b781a1fad2db90dc7bca0052521a41efd7694c0ade20974824dcb4e,model_input,identity_model_input_v1,-0.168445281626,-0.73870402344700004,0.79560939191199997,-0.381671547931,-0.39750401667099999,-1.4681057147829999,1.0153097716699999,-0.59421189454699996,-0.487975475682,0.61496496430500003,-1.3379380260389999,-0.51093057202299996,-0.34888549929599999,0.70983984634999997,-1.2104308629760001,-0.249781977539
193,1,0.43281850924612592,0.58494092353259963,true,flipguard_tabular_validation_v2,sha256:5cccf8765df592fe00272dabc79d3e92b1f72479e274a36fdd3bad348019c834,sha256:afd5351d9b781a1fad2db90dc7bca0052521a41efd7694c0ade20974824dcb4e,model_input,identity_model_input_v1,-0.168445281626,0.92653589571899997,2.4880199324459999,0.111269282696,-0.39750401667099999,-1.7514197826340001,-0.38300561884599998,0.75613759622700005,3.175999590804,1.3737972981869999,1.487058640196,-0.51093057202299996,1.89507665494,-0.215337626817,0.53912999577599996,-0.249781977539
196,1,-0.003128196643455327,0.49938374538368457,false,flipguard_tabular_validation_v2,sha256:5cccf8765df592fe00272dabc79d3e92b1f72479e274a36fdd3bad348019c834,sha256:afd5351d9b781a1fad2db90dc7bca0052521a41efd7694c0ade20974824dcb4e,model_input,identity_model_input_v1,-0.168445281626,0.209228758343,0.346002385031,-0.381671547931,-0.39750401667099999,-0.46284181165299998,-0.17938178076200001,-0.41894797274500001,-0.487975475682,0.106007370261,-1.1919641180339999,-0.51093057202299996,-0.34888549929599999,0.032661334739999999,0.10521548752,-0.249781977539
197,1,0.0085763089117405159,0.5016895303323573,true,flipguard_tabular_validation_v2,sha256:5cccf8765df592fe00272dabc79d3e92b1f72479e274a36fdd3bad348019c834,sha256:afd5351d9b781a1fad2db90dc7bca0052521a41efd7694c0ade20974824dcb4e,model_input,identity_model_input_v1,-0.12641888955399999,-0.38969639425899999,-0.911504303751,-0.381671547931,1.6060549402040001,0.060970371672999998,0.035062647751999999,-0.59421189454699996,-0.102035129866,-0.13758910978300001,1.222982864874,0.050213115491,-0.34888549929599999,-1.3814467336209999,1.450130944813,-0.249781977539
198,1,0.36798872687260653,0.57229445338516638,true,flipguard_tabular_validation_v2,sha256:5cccf8765df592fe00272dabc79d3e92b1f72479e274a36fdd3bad348019c834,sha256:afd5351d9b781a1fad2db90dc7bca0052521a41efd7694c0ade20974824dcb4e,model_input,identity_model_input_v1,-0.168445281626,-0.73870402344700004,1.316410623636,1.55589934702,-0.39750401667099999,-1.0358467913260001,0.118676301072,-0.59421189454699996,-0.487975475682,2.2962829373910001,1.5300477198989999,-0.51093057202299996,-0.34888549929599999,0.080205177111000003,-0.91115424598299999,-0.249781977539
199,1,0.32536645927707852,0.56395941496651358,true,flipguard_tabular_validation_v2,sha256:5cccf8765df592fe00272dabc79d3e92b1f72479e274a36fdd3bad348019c834,sha256:afd5351d9b781a1fad2db90dc7bca0052521a41efd7694c0ade20974824dcb4e,model_input,identity_model_input_v1,-0.168445281626,-0.73870402344700004,-0.52690071955200002,1.117096526693,-0.10785212274600001,0.38436745876900003,0.13441534169700001,2.7149162455879998,5.5100783064219998,0.825495942762,0.26021644250199999,1.007023192223,-0.34888549929599999,-1.211830863541,-1.2104308629760001,-0.249781977539
200,0,-0.082875094670634225,0.48367588318774241,false,flipguard_tabular_validation_v2,sha256:5cccf8765df592fe00272dabc79d3e92b1f72479e274a36fdd3bad348019c834,sha256:afd5351d9b781a1fad2db90dc7bca0052521a41efd7694c0ade20974824dcb4e,model_input,identity_model_input_v1,0.034682280058000003,1.402694545591,-1.125860828547,-0.381671547931,0.063378554877999996,-0.052901842094,1.8184926885570001,-0.32632144412399999,-0.487975475682,0.72127683016599997,-0.087003047412000004,-0.51093057202299996,-0.34888549929599999,0.38217282460300001,1.165488881218,-0.249781977539
204,0,-0.05958045710067203,0.48826349595335072,false,flipguard_tabular_validation_v2,sha256:5cccf8765df592fe00272dabc79d3e92b1f72479e274a36fdd3bad348019c834,sha256:afd5351d9b781a1fad2db90dc7bca0052521a41efd7694c0ade20974824dcb4e,model_input,identity_model_input_v1,7.8936175976380003,3.0854725365750002,0.61530227899800005,-0.287642372147,2.3965965733479999,2.4349782842760002,0.34197393993699998,-0.19646268341100001,-0.48060081939299998,-0.92823129329300003,-0.28069010981199999,3.0916673690650001,-0.30951774220400002,1.10047033502,2.4723544996750002,5.8100686000810002
206,0,-0.27352774507089056,0.4461968927897858,false,flipguard_tabular_validation_v2,sha256:5cccf8765df592fe00272dabc79d3e92b1f72479e274a36fdd3bad348019c834,sha256:afd5351d9b781a1fad2db90dc7bca0052521a41efd7694c0ade20974824dcb4e,model_input,identity_model_input_v1,-0.168445281626,-0.73870402344700004,-0.045565851599,1.119945895656,-0.39750401667099999,-1.402970808509,1.5450268576999999,-0.14470079977,-0.44126931918200002,0.390621814299,-1.7805838247450001,-0.51093057202299996,5.3566272963739996,0.050650896718000001,-1.2104308629760001,-0.249781977539
208,0,-0.22741200220777838,0.45524687912047618,false,flipguard_tabular_validation_v2,sha256:5cccf8765df592fe00272dabc79d3e92b1f72479e274a36fdd3bad348019c834,sha256:afd5351d9b781a1fad2db90dc7bca0052521a41efd7694c0ade20974824dcb4e,model_input,identity_model_input_v1,-0.168445281626,-0.73870402344700004,-0.88983649619100003,1.572995560799,-0.39750401667099999,-1.8019790455469999,-0.31611469618999999,-0.53518518513199997,-0.487975475682,-0.46991832826199997,-2.0427699701890001,-0.51093057202299996,0.34005024981199999,-0.324559967399,-1.2104308629760001,-0.249781977539
210,1,-0.013086318481588198,0.49742200422334593,false,flipguard_tabular_validation_v2,sha256:5cccf8765df592fe00272dabc79d3e92b1f72479e274a36fdd3bad348019c834,sha256:afd5351d9b781a1fad2db90dc7bca0052521a41efd7694c0ade20974824dcb4e,model_input,identity_model_input_v1,-0.168445281626,-0.062611354844000003,0.24927110127800001,-0.381671547931,-0.39750401667099999,-0.50064738662399999,0.029160507517999999,0.066887250903000003,-0.487975475682,0.080475780427999993,-0.96190168050000002,-0.51093057202299996,-0.34888549929599999,0.073780333547999996,-0.275282900833,-0.249781977539
212,0,-0.12454257983340114,0.47547283882000574,false,flipguard_tabular_validation_v2,sha256:5cccf8765df592fe00272dabc79d3e92b1f72479e274a36fdd3bad348019c834,sha256:afd5351d9b781a1fad2db90dc7bca0052521a41efd7694c0ade20974824dcb4e,model_input,identity_model_input_v1,-0.168445281626,-0.73870402344700004,-0.28855483638599999,2.2311997912899999,-0.39750401667099999,-1.6575890784909999,-0.058387905958000003,-0.56969310755900004,-0.487975475682,0.24580328836199999,-2.0191495967259998,-0.51093057202299996,-0.123926887343,-0.046364241092999997,-1.2104308629760001,-0.249781977539
213,0,-0.29310921910064436,0.44235821142332682,false,flipguard_tabular_validation_v2,sha256:5cccf8765df592fe00272dabc79d3e92b1f72479e274a36fdd3bad348019c834,sha256:afd5351d9b781a1fad2db90dc7bca0052521a41efd7694c0ade20974824dcb4e,model_input,identity_model_input_v1,-0.168445281626,-0.73870402344700004,-1.1661010425880001,-0.381671547931,-0.39750401667099999,-0.56714875946300003,-0.48383384784900002,-0.59421189454699996,-0.487975475682,-1.6803668167279999,-0.77010424797599997,-0.51093057202299996,-0.34888549929599999,-1.3069185482829999,0.78718567587499999,-0.249781977539
215,1,0.0015468738457993507,0.50030473413281684,true,flipguard_tabular_validation_v2,sha256:5cccf8765df592fe00272dabc79d3e92b1f72479e274a36fdd3bad348019c834,sha256:afd5351d9b781a1fad2db90dc7bca0052521a41efd7694c0ade20974824dcb4e,model_input,identity_model_input_v1,-0.168445281626,-0.73870402344700004,-0.047887402409000003,-0.381671547931,-0.39750401667099999,-1.223052710758,-1.1527430744060001,-0.59421189454699996,-0.487975475682,-0.51386614682700005,-0.201798062444,-0.06257029452,-0.34888549929599999,-0.58540861608399997,-1.165063747442,-0.249781977539
217,1,-0.0337834246644566,0.49334481957186554,false,flipguard_tabular_validation_v2,sha256:5cccf8765df592fe00272dabc79d3e92b1f72479e274a36fdd3bad348019c834,sha256:afd5351d9b781a1fad2db90dc7bca0052521a41efd7694c0ade20974824dcb4e,model_input,identity_model_input_v1,0.25181863910000002,0.259212263025,-1.0732390101860001,-0.381671547931,1.18677982303,-0.73932354667800004,-0.138558644141,-0.29998645069300001,-0.487975475682,-0.035881301104999999,-0.247149179494,-0.23451877207800001,-0.34888549929599999,-1.3692395308500001,1.535743082192,0.051603163920999999
218,0,-0.047843388176956769,0.49057529058124816,false,flipguard_tabular_validation_v2,sha256:5cccf8765df592fe00272dabc79d3e92b1f72479e274a36fdd3bad348019c834,sha256:afd5351d9b781a1fad2db90dc7bca0052521a41efd7694c0ade20974824dcb4e,model_input,identity_model_input_v1,-0.168445281626,0.94056635317399995,0.97978575617700003,0.079926224101000004,-0.39590372996500001,-0.026938977355000001,1.2071293292850001,-0.140160283661,-0.47814260063000003,0.28472849908999998,0.26871977694900001,-0.51093057202299996,1.656058129739,1.9607568881940001,1.1830503452959999,-0.249781977539
221,1,0.0034445106414362917,0.50067856843289127,true,flipguard_tabular_validation_v2,sha256:5cccf8765df592fe00272dabc79d3e92b1f72479e274a36fdd3bad348019c834,sha256:afd5351d9b781a1fad2db90dc7bca0052521a41efd7694c0ade20974824dcb4e,model_input,identity_model_input_v1,-0.168445281626,-0.73870402344700004,0.45124602175299999,0.58426453058100003,-0.39750401667099999,-0.152653901353,-0.13757495410199999,0.640808487062,-0.487975475682,0.046991728189,-0.58822737230699995,-0.51093057202299996,-0.34888549929599999,0.85953870138300004,-0.45748309063999998,-0.249781977539
222,0,-0.17281095879949249,0.46597688416489302,false,flipguard_tabular_validation_v2,sha256:5cccf8765df592fe00272dabc79d3e92b1f72479e274a36fdd3bad348019c834,sha256:afd5351d9b781a1fad2db90dc7bca0052521a41efd7694c0ade20974824dcb4e,model_input,identity_model_input_v1,-0.168445281626,-0.73870402344700004,-1.1661010425880001,-0.381671547931,-0.39750401667099999,0.30192397600199999,1.4923994406109999,0.076876386342000003,-0.487975475682,-0.159772294392,0.43878646588600001,-0.51093057202299996,-0.34888549929599999,0.055148287212999997,0.045945546257000001,-0.249781977539
223,0,-0.14444553817292191,0.47155628412345812,false,flipguard_tabular_validation_v2,sha256:5cccf8765df592fe00272dabc79d3e92b1f72479e274a36fdd3bad348019c834,sha256:afd5351d9b781a1fad2db90dc7bca0052521a41efd7694c0ade20974824dcb4e,model_input,identity_model_input_v1,-0.168445281626,-0.73870402344700004,0.014794469462,3.2142320835809999,-0.39750401667099999,-1.769639336837,0.45411460438899998,-0.53790949479700001,-0.26673578699799999,0.315282696759,-1.568000463573,-0.51093057202299996,-0.24203015861800001,1.036221899384,-1.0421334988969999,-0.249781977539
224,0,-0.17137207254674486,0.46625983339385213,false,flipguard_tabular_validation_v2,sha256:5cccf8765df592fe00272dabc79d3e92b1f72479e274a36fdd3bad348019c834,sha256:afd5351d9b781a1fad2db90dc7bca0052521a41efd7694c0ade20974824dcb4e,model_input,identity_model_input_v1,-0.168445281626,-0.73870402344700004,-1.1661010425880001,-0.381671547931,0.23300894579600001,0.78747509550299999,0.96514157967799996,2.882915341616,0.39575416967299998,-0.79387653368099997,-0.14463675866299999,-0.51093057202299996,-0.31514170750300002,1.496240698542,-1.2075039522969999,-0.249781977539
228,1,0.044172436400962523,0.50870162521322693,true,flipguard_tabular_validation_v2,sha256:5cccf8765df592fe00272dabc79d3e92b1f72479e274a36fdd3bad348019c834,sha256:afd5351d9b781a1fad2db90dc7bca0052521a41efd7694c0ade20974824dcb4e,model_input,identity_model_input_v1,-0.168445281626,-0.484401982078,-0.45957574606000001,-0.381671547931,1.1835792496169999,-0.47286256646500002,-0.70663964169500004,-0.59421189454699996,1.4675375504099999,-0.35481689868799998,0.62680463865500002,-0.43050305832699998,-0.34888549929599999,-1.3814467336209999,0.54937418315499997,-0.249781977539
230,0,-0.35288007554570117,0.43065839376241566,false,flipguard_tabular_validation_v2,sha256:5cccf8765df592fe00272dabc79d3e92b1f72479e274a36fdd3bad348019c834,sha256:afd5351d9b781a1fad2db90dc7bca0052521a41efd7694c0ade20974824dcb4e,model_input,identity_model_input_v1,-0.168445281626,-0.73870402344700004,-1.1661010425880001,-0.381671547931,2.777464809559,1.3504593203640001,1.5784723190279999,-0.34720781822500002,-0.487975475682,-1.506249745081,1.411473445113,-0.51093057202299996,-0.34888549929599999,0.76123859485900003,1.4450088511229999,-0.249781977539
231,0,0.26328115083482101,0.5517933873138372,true,flipguard_tabular_validation_v2,sha256:5cccf8765df592fe00272dabc79d3e92b1f72479e274a36fdd3bad348019c834,sha256:afd5351d9b781a1fad2db90dc7bca0052521a41efd7694c0ade20974824dcb4e,model_input,identity_model_input_v1,-0.168445281626,0.21887469784300001,1.019252119948,3.4991689798980001,-0.39750401667099999,1.470708378101,-1.35636691249,0.45464732659899998,0.27775966904100002,0.98789359612399996,0.220534215083,-0.51093057202299996,-0.34888549929599999,-0.28793835908600002,2.053806272488,-0.249781977539
232,0,-0.27093565234028283,0.44670522983735078,false,flipguard_tabular_validation_v2,sha256:5cccf8765df592fe00272dabc79d3e92b1f72479e274a36fdd3bad348019c834,sha256:afd5351d9b781a1fad2db90dc7bca0052521a41efd7694c0ade20974824dcb4e,model_input,identity_model_input_v1,-0.168445281626,-0.73870402344700004,-0.68940927625600001,-0.381671547931,-0.39750401667099999,-0.67418864040399995,0.17179556318100001,-0.59421189454699996,-0.487975475682,-1.1990335657819999,-0.81640017996500003,-0.51093057202299996,-0.34888549929599999,0.32113681074900002,-1.1833569391900001,-0.249781977539
234,0,-0.18414295288107085,0.46374881442131527,false,flipguard_tabular_validation_v2,sha256:5cccf8765df592fe00272dabc79d3e92b1f72479e274a36fdd3bad348019c834,sha256:afd5351d9b781a1fad2db90dc7bca0052521a41efd7694c0ade20974824dcb4e,model_input,identity_model_input_v1,-0.168445281626,0.089969869977000003,-0.748995747047,-0.381671547931,-0.39750401667099999,-1.1415202057010001,-1.1055259525309999,-0.59421189454699996,-0.487975475682,-1.4715100408820001,-0.33926863600200002,-0.51093057202299996,-0.34888549929599999,-1.3814467336209999,0.46083513509599999,-0.249781977539
235,1,-0.088876273081146651,0.4824941823348648,false,flipguard_tabular_validation_v2,sha256:5cccf8765df592fe00272dabc79d3e92b1f72479e274a36fdd3bad348019c834,sha256:afd5351d9b781a1fad2db90dc7bca0052521a41efd7694c0ade20974824dcb4e,model_input,identity_model_input_v1,-0.168445281626,-0.53087787239700002,-0.080389113750000005,-0.381671547931,-0.39750401667099999,-0.63911599856400003,-1.2688184990139999,-0.59421189454699996,-0.487975475682,-0.88930608256400001,-1.164092077347,-0.51093057202299996,-0.34888549929599999,-0.31877760819200002,-0.37260268092999999,-0.249781977539
236,1,0.31720804014446274,0.56236231282283045,true,flipguard_tabular_validation_v2,sha256:5cccf8765df592fe00272dabc79d3e92b1f72479e274a36fdd3bad348019c834,sha256:afd5351d9b781a1fad2db90dc7bca0052521a41efd7694c0ade20974824dcb4e,model_input,identity_model_input_v1,-0.168445281626,-0.73870402344700004,-1.1305039301669999,0.028637582764,-0.39750401667099999,0.33927406211799999,-1.767057503795,1.5253010250679999,1.308982440186,0.74890117326299999,0.88710115422299995,-0.39444934528999998,-0.34888549929599999,-1.3814467336209999,0.18790071421999999,-0.249781977539
237,0,-0.26752334887181656,0.44737448551059467,false,flipguard_tabular_validation_v2,sha256:5cccf8765df592fe00272dabc79d3e92b1f72479e274a36fdd3bad348019c834,sha256:afd5351d9b781a1fad2db90dc7bca0052521a41efd7694c0ade20974824dcb4e,model_input,identity_model_input_v1,-0.168445281626,-0.73870402344700004,-1.1661010425880001,-0.381671547931,-0.39750401667099999,0.41534070091399999,1.315335233581,-0.59421189454699996,-0.487975475682,-0.62687482313599996,-0.193767135467,-0.51093057202299996,-0.34888549929599999,0.47661802498900002,-0.59504789258299995,-0.249781977539
242,0,-0.31403265613226472,0.43825944195913047,false,flipguard_tabular_validation_v2,sha256:5cccf8765df592fe00272dabc79d3e92b1f72479e274a36fdd3bad348019c834,sha256:afd5351d9b781a1fad2db90dc7bca0052521a41efd7694c0ade20974824dcb4e,model_input,identity_model_input_v1,-0.168445281626,-0.73870402344700004,-1.1661010425880001,-0.381671547931,-0.304687387679,-0.175883832962,0.28393622763300003,-0.080225471024000003,-0.487975475682,-1.158434152441,-1.3549446949320001,-0.51093057202299996,0.691548080989,0.43935393231999997,-1.2104308629760001,-0.249781977539
243,1,0.28083821500001388,0.55523652939922419,true,flipguard_tabular_validation_v2,sha256:5cccf8765df592fe00272dabc79d3e92b1f72479e274a36fdd3bad348019c834,sha256:afd5351d9b781a1fad2db90dc7bca0052521a41efd7694c0ade20974824dcb4e,model_input,identity_model_input_v1,-0.168445281626,-0.70625859058200002,0.819598750283,-0.381671547931,-0.38950258313800001,-0.92106359984899999,0.241145710934,-0.59421189454699996,2.2984154923569999,0.96905881674000005,0.33910848986999997,1.166953765435,-0.34888549929599999,-1.3814467336209999,-1.2104308629760001,-0.249781977539
244,0,-0.19021368352873969,0.46255543301668822,false,flipguard_tabular_validation_v2,sha256:5cccf8765df592fe00272dabc79d3e92b1f72479e274a36fdd3bad348019c834,sha256:afd5351d9b781a1fad2db90dc7bca0052521a41efd7694c0ade20974824dcb4e,model_input,identity_model_input_v1,-0.168445281626,-0.73870402344700004,-0.34581975636700002,-0.381671547931,-0.39750401667099999,-1.5519156641159999,0.32820227939000002,-0.59421189454699996,-0.487975475682,-0.63315308293100003,-0.97323945976199999,-0.51093057202299996,-0.34888549929599999,-0.492248384411,-0.70041667704999999,-0.249781977539
246,0,-0.065482128129174408,0.48710114388420611,false,flipguard_tabular_validation_v2,sha256:5cccf8765df592fe00272dabc79d3e92b1f72479e274a36fdd3bad348019c834,sha256:afd5351d9b781a1fad2db90dc7bca0052521a41efd7694c0ade20974824dcb4e,model_input,identity_model_input_v1,-0.168445281626,-0.73870402344700004,0.215995539667,0.108419913733,-0.39750401667099999,-1.715891651939,0.48116608046300002,-0.59421189454699996,-0.487975475682,0.34499979312200002,-1.4914704535509999,-0.51093057202299996,-0.34888549929599999,0.18364515848599999,-1.2104308629760001,-0.249781977539
249,0,-0.31053122552512524,0.43894512623121162,false,flipguard_tabular_validation_v2,sha256:5cccf8765df592fe00272dabc79d3e92b1f72479e274a36fdd3bad348019c834,sha256:afd5351d9b781a1fad2db90dc7bca0052521a41efd7694c0ade20974824dcb4e,model_input,identity_model_input_v1,3.2146792802199999,-0.34672811830299999,-1.1661010425880001,-0.381671547931,1.3292053399329999,0.309211797683,-0.48235831279000002,-0.59421189454699996,-0.487975475682,-1.6925047856640001,0.077394751893999997,-0.51093057202299996,-0.34888549929599999,-0.64001978637500001,0.92694566082800001,-0.249781977539
251,0,-0.05808466185041633,0.48855810548608869,false,flipguard_tabular_validation_v2,sha256:5cccf8765df592fe00272dabc79d3e92b1f72479e274a36fdd3bad348019c834,sha256:afd5351d9b781a1fad2db90dc7bca0052521a41efd7694c0ade20974824dcb4e,model_input,identity_model_input_v1,-0.168445281626,0.21185946911600001,-0.651490613025,-0.381671547931,-0.39750401667099999,-0.72064850361999999,-0.35398676269399998,-0.59421189454699996,-0.487975475682,-0.17107316202299999,-0.69499146036199999,-0.51093057202299996,-0.34888549929599999,-0.21790756424300001,-0.114302813453,-0.249781977539
252,0,-0.0038936156665764212,0.49923295794979705,false,flipguard_tabular_validation_v2,sha256:5cccf8765df592fe00272dabc79d3e92b1f72479e274a36fdd3bad348019c834,sha256:afd5351d9b781a1fad2db90dc7bca0052521a41efd7694c0ade20974824dcb4e,model_input,identity_model_input_v1,3.2847232670070001,1.54387602373,-1.135147031787,-0.381671547931,0.48905481887899999,-0.78305047676399997,-0.035763035059999997,-0.59421189454699996,-0.487975475682,0.031086803374999999,1.5385510543459999,0.38671443716300002,-0.34888549929599999,-1.3814467336209999,0.41546801956099999,-0.249781977539
255,0,0.096884073886990038,0.51908252493708595,true,flipguard_tabular_validation_v2,sha256:5cccf8765df592fe00272dabc79d3e92b1f72479e274a36fdd3bad348019c834,sha256:afd5351d9b781a1fad2db90dc7bca0052521a41efd7694c0ade20974824dcb4e,model_input,identity_model_input_v1,-0.168445281626,-0.66065960385400002,1.841081106709,0.13406423440099999,-0.39750401667099999,-0.28930055787300002,2.2252485197060001,-0.34448350855999998,2.0083456783039999,1.1444315403450001,0.34288774962399998,-0.51093057202299996,0.022296210427000002,0.485612805978,-0.95505790617800002,-0.249781977539
256,0,-0.40196027493598974,0.4210736080404715,false,flipguard_tabular_validation_v2,sha256:5cccf8765df592fe00272dabc79d3e92b1f72479e274a36fdd3bad348019c834,sha256:afd5351d9b781a1fad2db90dc7bca0052521a41efd7694c0ade20974824dcb4e,model_input,identity_model_input_v1,-0.168445281626,-0.73870402344700004,-1.1661010425880001,-0.381671547931,4.011285860479,2.4026385755659998,2.2252485197060001,-0.59421189454699996,-0.39579227206399997,-1.6611134866899999,1.78231330849,-0.51093057202299996,-0.34888549929599999,-1.3814467336209999,3.9050772773569999,-0.249781977539
259,1,0.091190430759631735,0.51796148161253419,true,flipguard_tabular_validation_v2,sha256:5cccf8765df592fe00272dabc79d3e92b1f72479e274a36fdd3bad348019c834,sha256:afd5351d9b781a1fad2db90dc7bca0052521a41efd7694c0ade20974824dcb4e,model_input,identity_model_input_v1,-0.168445281626,1.869207255963,0.50928479200499999,-0.381671547931,-0.39750401667099999,-1.6325371914619999,-0.68549030585500004,-0.59421189454699996,-0.487975475682,-0.15140128133200001,0.367925345495,0.19812578435799999,-0.34888549929599999,-0.29179326522499999,0.79011258655500005,1.104441924754
260,1,0.17105441928312046,0.53367770065340614,true,flipguard_tabular_validation_v2,sha256:5cccf8765df592fe00272dabc79d3e92b1f72479e274a36fdd3bad348019c834,sha256:afd5351d9b781a1fad2db90dc7bca0052521a41efd7694c0ade20974824dcb4e,model_input,identity_model_input_v1,-0.168445281626,-0.73870402344700004,0.70661661086000005,-0.025500427536,-0.39750401667099999,-0.076131773702,0.59379858993500001,-0.59057948165999996,0.180660027897,0.84977188063599995,1.977417593298,-0.43142751250700001,-0.34888549929599999,-1.260659674624,0.58376538363999997,-0.249781977539
262,1,0.095826039643976943,0.51887421006964618,true,flipguard_tabular_validation_v2,sha256:5cccf8765df592fe00272dabc79d3e92b1f72479e274a36fdd3bad348019c834,sha256:afd5351d9b781a1fad2db90dc7bca0052521a41efd7694c0ade20974824dcb4e,model_input,identity_model_input_v1,-0.168445281626,0.449500342256,-0.27075628017499997,-0.381671547931,-0.39750401667099999,0.82664713703799997,-0.137083109082,-0.025739277718000001,-0.487975475682,0.29812211998600002,-0.95292593858399999,1.1752738530589999,-0.34888549929599999,0.79914517188500001,0.70742735985500005,-0.249781977539
263,1,0.12151123352877821,0.52393053656149946,true,flipguard_tabular_validation_v2,sha256:5cccf8765df592fe00272dabc79d3e92b1f72479e274a36fdd3bad348019c834,sha256:afd5351d9b781a1fad2db90dc7bca0052521a41efd7694c0ade20974824dcb4e,model_input,identity_model_input_v1,-0.168445281626,-0.52298574007900001,-1.1661010425880001,3.9978085484510002,0.106586295961,0.47409876321700001,-0.67417787040599997,1.633365308458,2.4053480085540002,0.58734062120700004,0.68065909015199999,-0.51093057202299996,-0.34888549929599999,-0.73767740854300001,-0.60382862462200004,-0.249781977539
265,1,0.40746602124653597,0.58000020220103454,true,flipguard_tabular_validation_v2,sha256:5cccf8765df592fe00272dabc79d3e92b1f72479e274a36fdd3bad348019c834,sha256:afd5351d9b781a1fad2db90dc7bca0052521a41efd7694c0ade20974824dcb4e,model_input,identity_model_input_v1,-0.168445281626,-0.73870402344700004,0.38701644934200002,3.0717636354229998,0.96273968408300004,2.3971727093049999,-0.82222322128400005,3.4722743325450001,2.8441400577780001,0.77485131374899996,-0.49516310086100002,2.9456036085589998,-0.34326153399699999,0.16180069037,-0.099668260053999994,-0.249781977539
266,0,-0.13745013834873565,0.47293270987453861,false,flipguard_tabular_validation_v2,sha256:5cccf8765df592fe00272dabc79d3e92b1f72479e274a36fdd3bad348019c834,sha256:afd5351d9b781a1fad2db90dc7bca0052521a41efd7694c0ade20974824dcb4e,model_input,identity_model_input_v1,-0.168445281626,-0.73870402344700004,-0.15467873967199999,-0.381671547931,-0.39750401667099999,-1.2216862441930001,-0.61368093300399995,-0.59421189454699996,-0.487975475682,-0.80182899608799996,-1.273218202749,-0.51093057202299996,-0.34888549929599999,-0.59954327192400003,-0.30162509694900003,-0.249781977539
270,0,0.04241438195516338,0.50835532803470229,true,flipguard_tabular_validation_v2,sha256:5cccf8765df592fe00272dabc79d3e92b1f72479e274a36fdd3bad348019c834,sha256:afd5351d9b781a1fad2db90dc7bca0052521a41efd7694c0ade20974824dcb4e,model_input,identity_model_input_v1,0.72811774925600004,2.0568646244209998,0.16569527211599999,-0.381671547931,-0.090248968971999993,-0.117581259513,0.202289954391,-0.59421189454699996,-0.487975475682,0.20269257110300001,1.028823395004,-0.51093057202299996,-0.34888549929599999,0.70791239328099997,1.4962297880169999,-0.249781977539
271,1,0.056254435582115757,0.51108141172718746,true,flipguard_tabular_validation_v2,sha256:5cccf8765df592fe00272dabc79d3e92b1f72479e274a36fdd3bad348019c834,sha256:afd5351d9b781a1fad2db90dc7bca0052521a41efd7694c0ade20974824dcb4e,model_input,identity_model_input_v1,-0.168445281626,-0.73870402344700004,-1.127408529087,0.51018093753899996,-0.39750401667099999,0.33608564013199999,-0.51973853427500005,0.52547937789700006,-0.46830972557700001,0.24078068052599999,0.66884890342000003,-0.23914104298,-0.34888549929599999,0.023024069394999999,-0.81968828724499998,-0.249781977539
272,1,-0.028725688442266358,0.49434113419062459,false,flipguard_tabular_validation_v2,sha256:5cccf8765df592fe00272dabc79d3e92b1f72479e274a36fdd3bad348019c834,sha256:afd5351d9b781a1fad2db90dc7bca0052521a41efd7694c0ade20974824dcb4e,model_input,identity_model_input_v1,-0.168445281626,0.438100595574,0.43576901635300003,-0.32183479970500001,-0.39750401667099999,-0.222799185033,-0.062322666114000003,0.087773625004000003,-0.487975475682,-0.39206790680499998,0.23139958687600001,-0.51093057202299996,-0.34888549929599999,0.48175789984,0.10741067053,-0.249781977539
275,1,0.13377068515764257,0.52634324988647441,true,flipguard_tabular_validation_v2,sha256:5cccf8765df592fe00272dabc79d3e92b1f72479e274a36fdd3bad348019c834,sha256:afd5351d9b781a1fad2db90dc7bca0052521a41efd7694c0ade20974824dcb4e,model_input,identity_model_input_v1,0.440937403427,-0.0064895250249999998,0.059677785123000003,-0.381671547931,0.15459489716399999,-0.010085889718,-0.15134661464900001,-0.59421189454699996,-0.487975475682,0.64677481393199998,1.111494702126,-0.49798821349700001,-0.34888549929599999,-1.3814467336209999,0.068629104024999998,0.83118606316400001
277,0,-0.15055012925564421,0.47035527361695906,false,flipguard_tabular_validation_v2,sha256:5cccf8765df592fe00272dabc79d3e92b1f72479e274a36fdd3bad348019c834,sha256:afd5351d9b781a1fad2db90dc7bca0052521a41efd7694c0ade20974824dcb4e,model_input,identity_model_input_v1,-0.168445281626,-0.091549173344000007,-0.76369890217799996,-0.381671547931,-0.39750401667099999,-1.4271117178279999,-1.003714033489,-0.59421189454699996,-0.487975475682,-0.93032404655800005,-1.2354256052070001,-0.51093057202299996,-0.34888549929599999,-0.58412364737099998,-0.99603465569299998,-0.249781977539
278,0,-0.12200387147145689,0.47597250140362068,false,flipguard_tabular_validation_v2,sha256:5cccf8765df592fe00272dabc79d3e92b1f72479e274a36fdd3bad348019c834,sha256:afd5351d9b781a1fad2db90dc7bca0052521a41efd7694c0ade20974824dcb4e,model_input,identity_model_input_v1,-0.168445281626,0.68012598666900004,0.21135243804699999,-0.381671547931,-0.39750401667099999,-1.0499669458330001,0.033095267673999999,-0.59421189454699996,-0.487975475682,-0.72021161875399997,0.051412341084000002,-0.51093057202299996,-0.205474384176,1.329194765887,-0.42455534549399998,-0.249781977539
282,1,0.13069717662707947,0.52573841364851304,true,flipguard_tabular_validation_v2,sha256:5cccf8765df592fe00272dabc79d3e92b1f72479e274a36fdd3bad348019c834,sha256:afd5351d9b781a1fad2db90dc7bca0052521a41efd7694c0ade20974824dcb4e,model_input,identity_model_input_v1,-0.168445281626,-0.49580172876099998,0.33284693044000002,-0.381671547931,-0.39750401667099999,1.53265486239,-0.45776606181399998,-0.59421189454699996,-0.487975475682,0.269660675583,-0.21597028652200001,0.44772841307,-0.34888549929599999,0.28066029629700001,1.5013518817060001,0.50970857893999999
283,0,-0.22430788851607128,0.45585648929663075,false,flipguard_tabular_validation_v2,sha256:5cccf8765df592fe00272dabc79d3e92b1f72479e274a36fdd3bad348019c834,sha256:afd5351d9b781a1fad2db90dc7bca0052521a41efd7694c0ade20974824dcb4e,model_input,identity_model_input_v1,-0.168445281626,-0.73870402344700004,-1.1661010425880001,-0.381671547931,-0.013435207047,0.792940961763,0.19933888427400001,1.7477863144020001,-0.28763064648499997,-1.2069860281889999,-0.56224496149699998,-0.51093057202299996,-0.34888549929599999,0.71947711169499995,-1.1892107605490001,-0.249781977539
287,1,0.61176275856685369,0.61960144560064168,true,flipguard_tabular_validation_v2,sha256:5cccf8765df592fe00272dabc79d3e92b1f72479e274a36fdd3bad348019c834,sha256:afd5351d9b781a1fad2db90dc7bca0052521a41efd7694c0ade20974824dcb4e,model_input,identity_model_input_v1,-0.168445281626,-0.38180426194,1.450286720349,-0.381671547931,-0.39750401667099999,0.36796985998699999,-0.67614525048399998,0.81243999597700001,1.1049502828440001,2.4988614534410001,0.451541467556,0.96727166246499996,-0.25890205451499998,-0.66636164498600003,-1.2104308629760001,-0.249781977539
288,1,0.0011104158273148547,0.50021875191250442,true,flipguard_tabular_validation_v2,sha256:5cccf8765df592fe00272dabc79d3e92b1f72479e274a36fdd3bad348019c834,sha256:afd5351d9b781a1fad2db90dc7bca0052521a41efd7694c0ade20974824dcb4e,model_input,identity_model_input_v1,-0.168445281626,0.43985440275600002,0.48452158336399997,-0.381671547931,-0.32389082815999998,1.558617727129,0.16294235282899999,-0.59421189454699996,-0.487975475682,-0.26357285633499999,0.76852687943599995,-0.50261048439900002,-0.34888549929599999,-1.060204555438,2.508209155501,-0.177449543589
293,0,-0.088255521400716241,0.48261641198616584,false,flipguard_tabular_validation_v2,sha256:5cccf8765df592fe00272dabc79d3e92b1f72479e274a36fdd3bad348019c834,sha256:afd5351d9b781a1fad2db90dc7bca0052521a41efd7694c0ade20974824dcb4e,model_input,identity_model_input_v1,-0.168445281626,-0.43967989894100001,-0.70566013192599997,-0.381671547931,0.015369953675000001,0.74101523228599997,0.61789899589200004,-0.51611501747400002,-0.487975475682,-0.16144649700399999,0.38682164426600002,-0.51093057202299996,-0.34888549929599999,-1.3814467336209999,1.4054955569480001,-0.249781977539
294,1,0.3396313405562687,0.56675066893965376,true,flipguard_tabular_validation_v2,sha256:5cccf8765df592fe00272dabc79d3e92b1f72479e274a36fdd3bad348019c834,sha256:afd5351d9b781a1fad2db90dc7bca0052521a41efd7694c0ade20974824dcb4e,model_input,identity_model_input_v1,-0.168445281626,1.0992859031310001,0.32820382881999999,-0.381671547931,-0.39750401667099999,0.61120090859200005,-0.83796226190900003,0.75250518334000005,-0.487975475682,0.86400260283800001,0.69388649929199997,1.5968249593299999,-0.34888549929599999,-1.001738479009,-0.60090171394199998,-0.249781977539
297,0,-0.37865047432091375,0.42562301439561334,false,flipguard_tabular_validation_v2,sha256:5cccf8765df592fe00272dabc79d3e92b1f72479e274a36fdd3bad348019c834,sha256:afd5351d9b781a1fad2db90dc7bca0052521a41efd7694c0ade20974824dcb4e,model_input,identity_model_input_v1,-0.168445281626,-0.44581822407799998,-1.0206171918239999,-0.381671547931,4.0032844269450001,0.66631506005499996,1.6906129834800001,-0.57514172688999998,-0.487975475682,-1.6925047856640001,-1.170233374448,1.8630677632899999,-0.34888549929599999,0.70020258100400001,1.025728896265,-0.249781977539
298,1,0.43644887687414363,0.58564787630926729,true,flipguard_tabular_validation_v2,sha256:5cccf8765df592fe00272dabc79d3e92b1f72479e274a36fdd3bad348019c834,sha256:afd5351d9b781a1fad2db90dc7bca0052521a41efd7694c0ade20974824dcb4e,model_input,identity_model_input_v1,-0.168445281626,1.5973671427759999,0.94186709294600002,-0.37882217896800002,-0.39750401667099999,-1.3847512543060001,-0.20790879189399999,0.68530554492899998,3.7585974376719999,1.1536396547109999,1.579650504173,0.98668520025399997,0.26412671827700002,-0.48903596262900001,-1.197991492588,-0.249781977539
299,0,-0.096572596090311089,0.48097880121720843,false,flipguard_tabular_validation_v2,sha256:5cccf8765df592fe00272dabc79d3e92b1f72479e274a36fdd3bad348019c834,sha256:afd5351d9b781a1fad2db90dc7bca0052521a41efd7694c0ade20974824dcb4e,model_input,identity_model_input_v1,-0.168445281626,-0.73870402344700004,0.66328099573900001,-0.381671547931,-0.39750401667099999,-1.2954754387139999,0.552975453314,-0.59421189454699996,-0.487975475682,-0.36025805717699999,0.00086474187200000002,-0.51093057202299996,-0.34888549929599999,-0.45369932302900001,-0.51236266588299995,-0.249781977539
300,1,0.43019055278880902,0.58442908791347836,true,flipguard_tabular_validation_v2,sha256:5cccf8765df592fe00272dabc79d3e92b1f72479e274a36fdd3bad348019c834,sha256:afd5351d9b781a1fad2db90dc7bca0052521a41efd7694c0ade20974824dcb4e,model_input,identity_model_input_v1,-0.168445281626,1.279051139271,0.74763067517100001,-0.381671547931,1.473231143542,2.4035495532760001,-0.19807189150400001,3.5494631063959998,3.5213793270270002,0.203948223062,-0.64916793584300003,4.1418473180199999,0.28662257947300002,1.89972087434,1.507205703066,-0.22567116622200001
303,1,0.062444128407689994,0.51230051935045529,true,flipguard_tabular_validation_v2,sha256:5cccf8765df592fe00272dabc79d3e92b1f72479e274a36fdd3bad348019c834,sha256:afd5351d9b781a1fad2db90dc7bca0052521a41efd7694c0ade20974824dcb4e,model_input,identity_model_input_v1,-0.168445281626,-0.68082838644599997,-1.0477019512750001,0.29362889633799999,-0.24387649282099999,0.22266891522099999,-0.57089041630500004,-0.42167228240999999,-0.48305903815599999,0.013089125296000001,0.485554805343,0.94138694541300005,-0.34888549929599999,-1.1469399435480001,0.067897376354999997,-0.249781977539
305,0,-0.24375012352135245,0.45203915446529797,false,flipguard_tabular_validation_v2,sha256:5cccf8765df592fe00272dabc79d3e92b1f72479e274a36fdd3bad348019c834,sha256:afd5351d9b781a1fad2db90dc7bca0052521a41efd7694c0ade20974824dcb4e,model_input,identity_model_input_v1,-0.168445281626,-0.54403142626099998,-0.098961520230999994,-0.17936635154700001,-0.39750401667099999,0.55927517911500002,0.56182866366600004,-0.44528296617599999,-0.487975475682,-1.0726312685770001,-0.16542268731099999,-0.51093057202299996,0.025108193077000001,1.381235998752,-1.1423801896750001,-0.249781977539
306,1,0.24861518629337512,0.54891572456757054,true,flipguard_tabular_validation_v2,sha256:5cccf8765df592fe00272dabc79d3e92b1f72479e274a36fdd3bad348019c834,sha256:afd5351d9b781a1fad2db90dc7bca0052521a41efd7694c0ade20974824dcb4e,model_input,identity_model_input_v1,-0.168445281626,-0.18099333961899999,1.6042829240830001,-0.33893101348400001,-0.293485380731,1.5745598370559999,1.238115565515,0.17858394718100001,0.94639517261999995,1.3809126592880001,0.37784590234999998,0.132489537548,-0.18579050562999999,1.0786258669040001,0.213511182667,-0.249781977539
307,1,0.16726886706372879,0.53293324683340615,true,flipguard_tabular_validation_v2,sha256:5cccf8765df592fe00272dabc79d3e92b1f72479e274a36fdd3bad348019c834,sha256:afd5351d9b781a1fad2db90dc7bca0052521a41efd7694c0ade20974824dcb4e,model_input,identity_model_input_v1,-0.168445281626,-0.39671162298599999,0.288737465049,0.19390098262800001,-0.39750401667099999,-1.767361892562,0.150646227341,-0.214624747846,0.52481065473900002,1.117644298553,-0.49327347098399998,0.50689348061700001,0.78996747371800002,-1.256804768486,-1.2104308629760001,-0.249781977539
308,1,0.12865365107482962,0.52533625148332286,true,flipguard_tabular_validation_v2,sha256:5cccf8765df592fe00272dabc79d3e92b1f72479e274a36fdd3bad348019c834,sha256:afd5351d9b781a1fad2db90dc7bca0052521a41efd7694c0ade20974824dcb4e,model_input,identity_model_input_v1,-0.168445281626,-0.26166846998400001,1.365937040917,-0.110981496431,-0.39750401667099999,1.301722012872,0.875133941104,0.93594203413800003,-0.487975475682,0.89413824985299994,-0.096451196796999997,-0.51093057202299996,-0.34888549929599999,2.3468899863699999,-0.279673266852,-0.249781977539
309,0,-0.13370360525437797,0.47366995045727733,false,flipguard_tabular_validation_v2,sha256:5cccf8765df592fe00272dabc79d3e92b1f72479e274a36fdd3bad348019c834,sha256:afd5351d9b781a1fad2db90dc7bca0052521a41efd7694c0ade20974824dcb4e,model_input,identity_model_input_v1,-0.168445281626,-0.73870402344700004,-1.1661010425880001,-0.381671547931,-0.39750401667099999,-0.24420716122200001,0.42952235341299999,1.3990746772410001,-0.487975475682,-0.37783718460299998,-0.32556881939299998,-0.51093057202299996,0.13477551640400001,1.0208022748309999,-1.2104308629760001,-0.249781977539
310,0,0.028651741734116033,0.50564429903820551,true,flipguard_tabular_validation_v2,sha256:5cccf8765df592fe00272dabc79d3e92b1f72479e274a36fdd3bad348019c834,sha256:afd5351d9b781a1fad2db90dc7bca0052521a41efd7694c0ade20974824dcb4e,model_input,identity_model_input_v1,-0.168445281626,-0.416003501986,-1.108836122607,-0.381671547931,-0.39750401667099999,0.87538444452999997,-0.017564769337000002,-0.59421189454699996,-0.487975475682,0.28556560039599999,0.84458448198900005,-0.51093057202299996,-0.34888549929599999,-1.3814467336209999,1.1179265826739999,-0.249781977539
311,0,-0.36676594454095751,0.42794445432229117,false,flipguard_tabular_validation_v2,sha256:5cccf8765df592fe00272dabc79d3e92b1f72479e274a36fdd3bad348019c834,sha256:afd5351d9b781a1fad2db90dc7bca0052521a41efd7694c0ade20974824dcb4e,model_input,identity_model_input_v1,-0.168445281626,-0.73870402344700004,-1.1661010425880001,-0.381671547931,-0.016635780459999999,1.126358803672,1.251887226062,-0.023923071274,-0.487975475682,-1.421283962523,-0.052517302155000001,-0.51093057202299996,-0.34888549929599999,1.23667701857,-1.0128643921010001,-0.249781977539
312,0,-0.29210522692507396,0.4425549663513863,false,flipguard_tabular_validation_v2,sha256:5cccf8765df592fe00272dabc79d3e92b1f72479e274a36fdd3bad348019c834,sha256:afd5351d9b781a1fad2db90dc7bca0052521a41efd7694c0ade20974824dcb4e,model_input,identity_model_input_v1,-0.049370504087,2.0603722387840002,0.92639008754600005,-0.16796887569400001,-0.39750401667099999,-0.69195270575099999,0.953829144229,-0.40169401153099998,0.58503701443599998,-1.4505825082329999,-0.84616185052899995,1.2177987453579999,4.9095220551169998,0.95783880790700004,0.43961503266800001,-0.249781977539
314,1,-0.082597543344210766,0.4837305379999664,false,flipguard_tabular_validation_v2,sha256:5cccf8765df592fe00272dabc79d3e92b1f72479e274a36fdd3bad348019c834,sha256:afd5351d9b781a1fad2db90dc7bca0052521a41efd7694c0ade20974824dcb4e,model_input,identity_model_input_v1,-0.168445281626,0.53280618339399999,-0.99198473183400004,-0.381671547931,-0.39750401667099999,0.776087874126,0.073918404295000004,-0.59421189454699996,-0.487975475682,-0.69593568088000002,1.479972528157,-0.000631864432,-0.34888549929599999,-1.123810506718,0.76011175208899995,-0.249781977539
315,1,0.058432539635976201,0.51151041226898852,true,flipguard_tabular_validation_v2,sha256:5cccf8765df592fe00272dabc79d3e92b1f72479e274a36fdd3bad348019c834,sha256:afd5351d9b781a1fad2db90dc7bca0052521a41efd7694c0ade20974824dcb4e,model_input,identity_model_input_v1,-0.168445281626,-0.73870402344700004,-0.87435949079099995,3.5390601453819999,-0.39750401667099999,-1.291376039018,-0.45088023154099999,-0.35810505688599997,0.11674634005499999,1.068673872153,-0.32178955963900002,-0.51093057202299996,-0.34888549929599999,-0.61496289647699998,-1.2104308629760001,-0.249781977539
316,1,0.060401276914949675,0.51189817010088723,true,flipguard_tabular_validation_v2,sha256:5cccf8765df592fe00272dabc79d3e92b1f72479e274a36fdd3bad348019c834,sha256:afd5351d9b781a1fad2db90dc7bca0052521a41efd7694c0ade20974824dcb4e,model_input,identity_model_input_v1,-0.168445281626,-0.48790959644199999,-1.055440453975,1.0715066232820001,-0.39750401667099999,1.7239601815179999,1.243034015711,3.6039492997020002,-0.487975475682,0.98831214677699997,-0.20274287738300001,-0.51093057202299996,-0.34888549929599999,1.6228101167460001,1.237929920539,-0.249781977539
317,0,-0.15755406624310275,0.46897749298730307,false,flipguard_tabular_validation_v2,sha256:5cccf8765df592fe00272dabc79d3e92b1f72479e274a36fdd3bad348019c834,sha256:afd5351d9b781a1fad2db90dc7bca0052521a41efd7694c0ade20974824dcb4e,model_input,identity_model_input_v1,-0.168445281626,-0.73695021626500001,0.11926425591500001,1.6556272607310001,-0.39750401667099999,0.018154419296,-0.52957543466500001,-0.472526062829,-0.487975475682,-0.83280174440999999,-0.76632498822200001,-0.51093057202299996,-0.34888549929599999,0.83191187405900002,0.51790989334899995,-0.249781977539
319,0,-0.059392625768861257,0.48830049074968179,false,flipguard_tabular_validation_v2,sha256:5cccf8765df592fe00272dabc79d3e92b1f72479e274a36fdd3bad348019c834,sha256:afd5351d9b781a1fad2db90dc7bca0052521a41efd7694c0ade20974824dcb4e,model_input,identity_model_input_v1,-0.168445281626,-0.45546416357800001,-0.74125724434700002,-0.381671547931,1.2747955919030001,0.53923366949200002,0.059163053708999998,-0.59421189454699996,-0.19790566163000001,-0.247667931521,0.30462274461299998,-0.51093057202299996,-0.34888549929599999,-1.3814467336209999,0.99792324480899997,-0.249781977539
321,0,0.1924739709101124,0.53788885052971269,true,flipguard_tabular_validation_v2,sha256:5cccf8765df592fe00272dabc79d3e92b1f72479e274a36fdd3bad348019c834,sha256:afd5351d9b781a1fad2db90dc7bca0052521a41efd7694c0ade20974824dcb4e,model_input,identity_model_input_v1,-0.112410092196,-0.37391212962199999,-1.1661010425880001,-0.381671547931,0.096984575719999994,2.1648733932219999,1.2081130193239999,-0.11291718700800001,-0.487975475682,1.1134587920229999,1.4034425181350001,2.2263782561940002,-0.34888549929599999,1.196842988475,0.190095897229,-0.249781977539
322,1,0.20027460425681906,0.53942196504748929,true,flipguard_tabular_validation_v2,sha256:5cccf8765df592fe00272dabc79d3e92b1f72479e274a36fdd3bad348019c834,sha256:afd5351d9b781a1fad2db90dc7bca0052521a41efd7694c0ade20974824dcb4e,model_input,identity_model_input_v1,-0.168445281626,-0.73870402344700004,0.98210730698699999,-0.381671547931,-0.39750401667099999,-0.79489318699599998,-1.682460160437,-0.59421189454699996,-0.487975475682,0.39397021952299999,-0.31045178037600002,-0.51093057202299996,-0.34888549929599999,-0.87195663902300002,-1.1072572615189999,-0.249781977539
324,0,-0.23762078122383232,0.45324237383177907,false,flipguard_tabular_validation_v2,sha256:5cccf8765df592fe00272dabc79d3e92b1f72479e274a36fdd3bad348019c834,sha256:afd5351d9b781a1fad2db90dc7bca0052521a41efd7694c0ade20974824dcb4e,model_input,identity_model_input_v1,-0.168445281626,-0.73870402344700004,-1.1661010425880001,-0.381671547931,0.66508635662399995,-0.354890953003,-0.58023547167599998,-0.59421189454699996,-0.487975475682,-1.3543158580429999,-0.47532198715200003,-0.51093057202299996,-0.34888549929599999,-0.68370872260799997,-0.82700556394400004,-0.249781977539
326,0,-0.30497953024344304,0.44003250019318602,false,flipguard_tabular_validation_v2,sha256:5cccf8765df592fe00272dabc79d3e92b1f72479e274a36fdd3bad348019c834,sha256:afd5351d9b781a1fad2db90dc7bca0052521a41efd7694c0ade20974824dcb4e,model_input,identity_model_input_v1,-0.168445281626,-0.73870402344700004,-1.1661010425880001,-0.381671547931,0.16419661740499999,0.82710262589299999,1.115646155653,1.0984925108350001,-0.487975475682,-1.327947166905,0.36461849321000001,-0.51093057202299996,-0.34888549929599999,1.5906858989279999,-0.93603298676000002,-0.249781977539
327,0,-0.10804744800720237,0.47871969823470195,false,flipguard_tabular_validation_v2,sha256:5cccf8765df592fe00272dabc79d3e92b1f72479e274a36fdd3bad348019c834,sha256:afd5351d9b781a1fad2db90dc7bca0052521a41efd7694c0ade20974824dcb4e,model_input,identity_model_input_v1,-0.168445281626,-0.73870402344700004,-0.61976275195399999,-0.381671547931,-0.39750401667099999,-0.67692157353399995,-1.350956617275,-0.59421189454699996,-0.487975475682,-1.0244979434820001,-0.74364942969699999,-0.51093057202299996,-0.34888549929599999,-1.179706645722,-0.111375902773,-0.249781977539
330,1,0.31491201013889319,0.56191274723762674,true,flipguard_tabular_validation_v2,sha256:5cccf8765df592fe00272dabc79d3e92b1f72479e274a36fdd3bad348019c834,sha256:afd5351d9b781a1fad2db90dc7bca0052521a41efd7694c0ade20974824dcb4e,model_input,identity_model_input_v1,-0.168445281626,0.64855745739600001,1.945550893162,-0.381671547931,-0.39750401667099999,-0.89282329083500001,-0.081504621875999994,-0.59421189454699996,-0.487975475682,1.3775642540640001,0.44162091070100001,0.13064062918700001,-0.34888549929599999,0.143811128392,-0.010397484326,-0.22567116622200001
334,1,0.27006428772537605,0.55312387642960514,true,flipguard_tabular_validation_v2,sha256:5cccf8765df592fe00272dabc79d3e92b1f72479e274a36fdd3bad348019c834,sha256:afd5351d9b781a1fad2db90dc7bca0052521a41efd7694c0ade20974824dcb4e,model_input,identity_model_input_v1,-0.168445281626,0.28990388870799999,-0.92620745888199996,-0.381671547931,-0.39750401667099999,0.63306437363500001,-1.3086579455959999,1.473539141427,0.28882165347599997,0.85437593781900001,0.39626979365100001,-0.51093057202299996,-0.34888549929599999,-1.230462909875,0.22082845936600001,-0.249781977539
336,1,0.1025596647336507,0.52019993886341842,true,flipguard_tabular_validation_v2,sha256:5cccf8765df592fe00272dabc79d3e92b1f72479e274a36fdd3bad348019c834,sha256:afd5351d9b781a1fad2db90dc7bca0052521a41efd7694c0ade20974824dcb4e,model_input,identity_model_input_v1,-0.168445281626,-0.53526239035199996,-1.0299033950650001,1.735409591699,3.6720250786430002,-0.62135193321600002,-0.70909886679199996,0.58450608731200004,0.202783996765,0.41406065086600002,0.938121160904,-0.20123842158300001,-0.34888549929599999,-1.3814467336209999,0.73157437296200001,-0.249781977539
343,1,0.17698357149859853,0.53484358882891292,true,flipguard_tabular_validation_v2,sha256:5cccf8765df592fe00272dabc79d3e92b1f72479e274a36fdd3bad348019c834,sha256:afd5351d9b781a1fad2db90dc7bca0052521a41efd7694c0ade20974824dcb4e,model_input,identity_model_input_v1,-0.168445281626,0.68714121539700002,-0.509102163341,-0.381671547931,-0.39750401667099999,0.109707679165,-0.68401477079700002,-0.24550025738699999,-0.487975475682,0.82047333492600005,0.66176279138100003,-0.49244148841500002,-0.34888549929599999,-1.348680031447,-0.55553459840800001,-0.249781977539
345,1,0.69271635238576723,0.63513550518081263,true,flipguard_tabular_validation_v2,sha256:5cccf8765df592fe00272dabc79d3e92b1f72479e274a36fdd3bad348019c834,sha256:afd5351d9b781a1fad2db90dc7bca0052521a41efd7694c0ade20974824dcb4e,model_input,identity_model_input_v1,-0.168445281626,-0.73870402344700004,2.031448273134,-0.130927079173,-0.39750401667099999,-1.7140696965190001,-0.510393478904,1.8440452559089999,4.9323968970800003,2.4825379779749999,1.359981030962,-0.32326637339800002,-0.34888549929599999,-1.3814467336209999,-1.2104308629760001,-0.249781977539
347,1,-0.024584359385317126,0.49515694063532784,false,flipguard_tabular_validation_v2,sha256:5cccf8765df592fe00272dabc79d3e92b1f72479e274a36fdd3bad348019c834,sha256:afd5351d9b781a1fad2db90dc7bca0052521a41efd7694c0ade20974824dcb4e,model_input,identity_model_input_v1,-0.168445281626,1.134362046768,0.29647596774899998,-0.381671547931,1.07315946685,1.7121174712859999,0.85349276024499998,-0.59421189454699996,-0.487975475682,0.059548247778000003,0.39532497871299999,-0.42218297070299998,-0.34888549929599999,1.3092777508390001,2.1101493030710001,-0.249781977539
348,1,0.048991198055638709,0.50965079567451699,true,flipguard_tabular_validation_v2,sha256:5cccf8765df592fe00272dabc79d3e92b1f72479e274a36fdd3bad348019c834,sha256:afd5351d9b781a1fad2db90dc7bca0052521a41efd7694c0ade20974824dcb4e,model_input,identity_model_input_v1,-0.168445281626,0.68012598666900004,-0.097413819691000006,-0.381671547931,-0.39750401667099999,0.36387046029100001,-0.042157020314000003,0.2294377276,-0.487975475682,0.045317525577000001,-0.77152147038399999,0.79070091400499998,-0.34888549929599999,0.50874224280699998,0.56547219189300002,-0.249781977539
349,1,0.093985487625408176,0.51851182026474396,true,flipguard_tabular_validation_v2,sha256:5cccf8765df592fe00272dabc79d3e92b1f72479e274a36fdd3bad348019c834,sha256:afd5351d9b781a1fad2db90dc7bca0052521a41efd7694c0ade20974824dcb4e,model_input,identity_model_input_v1,-0.168445281626,1.152777022178,-0.0068733380980000001,-0.381671547931,-0.39750401667099999,0.39074430273999999,-0.76812026913599996,-0.57968224299799997,-0.487975475682,0.117726788545,-0.16778472465700001,-0.01727203968,-0.34888549929599999,-0.55778178875999995,0.74474547101999999,-0.012692332924
350,1,0.038700913027863222,0.50762384800766747,true,flipguard_tabular_validation_v2,sha256:5cccf8765df592fe00272dabc79d3e92b1f72479e274a36fdd3bad348019c834,sha256:afd5351d9b781a1fad2db90dc7bca0052521a41efd7694c0ade20974824dcb4e,model_input,identity_model_input_v1,-0.168445281626,0.068047280203999999,0.21522168939700001,-0.381671547931,-0.39750401667099999,1.145033846729,0.60511102538399997,2.0202172809330001,0.25563570017300002,-0.259387349805,-0.69688109023900002,1.1105620604299999,-0.34888549929599999,1.766726612572,1.120853493354,-0.249781977539
351,0,0.15403790332722603,0.53033084710982459,true,flipguard_tabular_validation_v2,sha256:5cccf8765df592fe00272dabc79d3e92b1f72479e274a36fdd3bad348019c834,sha256:afd5351d9b781a1fad2db90dc7bca0052521a41efd7694c0ade20974824dcb4e,model_input,identity_model_input_v1,-0.168445281626,0.57577445934899996,2.2527694503600002,0.45889229620200001,-0.39750401667099999,1.84193179498,-0.24873192851500001,-0.29544593458399998,1.418373175146,-0.17107316202299999,-0.072830823333999997,0.89701314475299998,0.15445939495,0.47661802498900002,-0.041861774131999999,-0.249781977539
352,0,-0.21756216261510117,0.45718144570057406,false,flipguard_tabular_validation_v2,sha256:5cccf8765df592fe00272dabc79d3e92b1f72479e274a36fdd3bad348019c834,sha256:afd5351d9b781a1fad2db90dc7bca0052521a41efd7694c0ade20974824dcb4e,model_input,identity_model_input_v1,1.638689577496,2.0708950818759999,-0.059495156459999997,-0.381671547931,-0.272681653543,-0.025117021935000001,0.326234899312,-0.59421189454699996,-0.487975475682,-1.2584677585070001,0.57956389172800005,-0.42218297070299998,-0.34888549929599999,1.1518690835300001,1.8174582351070001,-0.22165269767000001
353,0,-0.092487676138640923,0.48178309234800387,false,flipguard_tabular_validation_v2,sha256:5cccf8765df592fe00272dabc79d3e92b1f72479e274a36fdd3bad348019c834,sha256:afd5351d9b781a1fad2db90dc7bca0052521a41efd7694c0ade20974824dcb4e,model_input,identity_model_input_v1,-0.168445281626,-0.41863421275899998,0.29492826720900001,-0.381671547931,-0.39750401667099999,1.7312480031990001,-1.039618719915,-0.59421189454699996,-0.487975475682,-1.2028005216590001,-0.19187750559,-0.51093057202299996,-0.34888549929599999,0.36482574698100001,0.96206858898299996,-0.249781977539
355,1,0.019365300362602141,0.50381493512233122,true,flipguard_tabular_validation_v2,sha256:5cccf8765df592fe00272dabc79d3e92b1f72479e274a36fdd3bad348019c834,sha256:afd5351d9b781a1fad2db90dc7bca0052521a41efd7694c0ade20974824dcb4e,model_input,identity_model_input_v1,-0.168445281626,0.18116784343299999,0.61065917737700004,-0.381671547931,-0.39750401667099999,-1.6471128348240001,-0.74598724325700005,-0.59421189454699996,-0.487975475682,-0.15349403459700001,-0.723808315988,-0.51093057202299996,-0.34888549929599999,-0.190923221275,-0.058691510539999998,-0.249781977539
356,1,0.16981808591428632,0.53343457394543425,true,flipguard_tabular_validation_v2,sha256:5cccf8765df592fe00272dabc79d3e92b1f72479e274a36fdd3bad348019c834,sha256:afd5351d9b781a1fad2db90dc7bca0052521a41efd7694c0ade20974824dcb4e,model_input,identity_model_input_v1,-0.168445281626,-0.21168496530100001,0.486069283904,-0.381671547931,-0.39750401667099999,0.15070167612099999,-1.2516039233309999,0.85875326028700005,-0.487975475682,0.14325837837800001,-1.254321903978,0.60950789464300004,-0.34888549929599999,-0.253244203843,0.201071812278,-0.249781977539
357,1,0.29243546201804088,0.55750975144996806,true,flipguard_tabular_validation_v2,sha256:5cccf8765df592fe00272dabc79d3e92b1f72479e274a36fdd3bad348019c834,sha256:afd5351d9b781a1fad2db90dc7bca0052521a41efd7694c0ade20974824dcb4e,model_input,identity_model_input_v1,-0.168445281626,0.040863268884999998,1.321053725256,0.17395539988600001,-0.39750401667099999,-0.19911376456999999,-2.4640018964650001,-0.59421189454699996,-0.45601863176099999,0.15121084078499999,-0.114402680629,0.61967689062800002,-0.34888549929599999,-0.36053909135599999,-0.0096657566560000002,-0.249781977539
361,0,-0.11077653096210832,0.4781824609505938,false,flipguard_tabular_validation_v2,sha256:5cccf8765df592fe00272dabc79d3e92b1f72479e274a36fdd3bad348019c834,sha256:afd5351d9b781a1fad2db90dc7bca0052521a41efd7694c0ade20974824dcb4e,model_input,identity_model_input_v1,-0.168445281626,-0.73870402344700004,-0.17866809804299999,1.436225850567,-0.39750401667099999,-1.7728277588229999,0.35820482558099997,-0.59421189454699996,-0.487975475682,0.30942298761699999,-1.622327322539,-0.51093057202299996,-0.34888549929599999,0.135458831759,-1.2104308629760001,-0.249781977539
362,0,-0.0085662971844408069,0.4983124419690943,false,flipguard_tabular_validation_v2,sha256:5cccf8765df592fe00272dabc79d3e92b1f72479e274a36fdd3bad348019c834,sha256:afd5351d9b781a1fad2db90dc7bca0052521a41efd7694c0ade20974824dcb4e,model_input,identity_model_input_v1,-0.168445281626,0.99931889376600003,-0.58184408872299997,-0.381671547931,-0.39750401667099999,0.27140622271300002,-0.67712894052299999,-0.59421189454699996,-0.487975475682,-0.30500937098100001,0.20258273125099999,-0.51093057202299996,-0.34888549929599999,-1.1077483978089999,0.96353204432299999,-0.249781977539
366,0,-0.14439648186139514,0.47156593593856688,false,flipguard_tabular_validation_v2,sha256:5cccf8765df592fe00272dabc79d3e92b1f72479e274a36fdd3bad348019c834,sha256:afd5351d9b781a1fad2db90dc7bca0052521a41efd7694c0ade20974824dcb4e,model_input,identity_model_input_v1,-0.168445281626,-0.420388019941,-0.71649403570600001,-0.381671547931,-0.39750401667099999,0.70958650128599998,0.41575069286600003,-0.59421189454699996,-0.487975475682,-0.71644466287700004,0.74868576572699996,-0.51093057202299996,-0.34888549929599999,-1.3814467336209999,1.6447705050079999,-0.249781977539
367,0,-0.15514155068446553,0.46945205086150205,false,flipguard_tabular_validation_v2,sha256:5cccf8765df592fe00272dabc79d3e92b1f72479e274a36fdd3bad348019c834,sha256:afd5351d9b781a1fad2db90dc7bca0052521a41efd7694c0ade20974824dcb4e,model_input,identity_model_input_v1,-0.168445281626,-0.73870402344700004,-0.72113713732700002,-0.381671547931,-0.39750401667099999,-1.716802629649,0.56182866366600004,-0.59421189454699996,-0.487975475682,0.040294917740999997,-1.9171095833639999,-0.51093057202299996,-0.34888549929599999,0.137386284828,-1.2104308629760001,-0.249781977539
368,0,-0.14303356294135369,0.47183409316642955,false,flipguard_tabular_validation_v2,sha256:5cccf8765df592fe00272dabc79d3e92b1f72479e274a36fdd3bad348019c834,sha256:afd5351d9b781a1fad2db90dc7bca0052521a41efd7694c0ade20974824dcb4e,model_input,identity_model_input_v1,-0.168445281626,0.63365009635000002,-0.58648719034300001,-0.381671547931,0.13379116997599999,-0.71518263735999998,-0.460717131931,-0.59421189454699996,-0.487975475682,-1.0743054711890001,0.38351479198100002,-0.51093057202299996,-0.34888549929599999,-1.197053723344,0.84938252781699997,-0.249781977539
369,0,-0.15831142011619659,0.46882852096061023,false,flipguard_tabular_validation_v2,sha256:5cccf8765df592fe00272dabc79d3e92b1f72479e274a36fdd3bad348019c834,sha256:afd5351d9b781a1fad2db90dc7bca0052521a41efd7694c0ade20974824dcb4e,model_input,identity_model_input_v1,-0.168445281626,-0.48089436771499999,-1.1661010425880001,-0.381671547931,-0.39750401667099999,0.54014464720199995,-1.1925825209880001,-0.59421189454699996,-0.487975475682,-1.2944631146650001,-0.302893260868,-0.51093057202299996,-0.34888549929599999,-1.3814467336209999,0.62327867781599999,-0.249781977539
373,1,0.38889910802331251,0.57637785196197777,true,flipguard_tabular_validation_v2,sha256:5cccf8765df592fe00272dabc79d3e92b1f72479e274a36fdd3bad348019c834,sha256:afd5351d9b781a1fad2db90dc7bca0052521a41efd7694c0ade20974824dcb4e,model_input,identity_model_input_v1,-0.168445281626,-0.31954410698500002,1.7814946359170001,-0.381671547931,-0.39750401667099999,0.76424516389399999,-0.60679510273100001,-0.59421189454699996,-0.487975475682,1.4043514958559999,2.3775467197700002,-0.51093057202299996,-0.34888549929599999,-0.710693065575,-0.88627550520700005,-0.249781977539
374,1,-0.15696706003811151,0.46909295900329068,false,flipguard_tabular_validation_v2,sha256:5cccf8765df592fe00272dabc79d3e92b1f72479e274a36fdd3bad348019c834,sha256:afd5351d9b781a1fad2db90dc7bca0052521a41efd7694c0ade20974824dcb4e,model_input,identity_model_input_v1,-0.168445281626,-0.52035502930599997,-0.66851531896500005,-0.381671547931,-0.39750401667099999,0.76196771961900001,1.7279932049640001,-0.54608242379299998,-0.487975475682,-0.049693472654000002,0.87529096749099999,-0.51093057202299996,-0.34888549929599999,1.23667701857,-0.37406613627000002,-0.249781977539
376,1,-0.02309703995558637,0.49544993241536178,false,flipguard_tabular_validation_v2,sha256:5cccf8765df592fe00272dabc79d3e92b1f72479e274a36fdd3bad348019c834,sha256:afd5351d9b781a1fad2db90dc7bca0052521a41efd7694c0ade20974824dcb4e,model_input,identity_model_input_v1,-0.168445281626,0.29253459948100002,0.58125286711699997,-0.381671547931,-0.39750401667099999,-0.12578005890400001,0.648885232122,-0.42984521140600002,-0.29008886524799998,0.20813372959199999,-0.206994544606,-0.51093057202299996,0.39910188544899999,1.444199465676,-0.057959782869999997,-0.249781977539
380,0,-0.11032495974294079,0.47827135425432304,false,flipguard_tabular_validation_v2,sha256:5cccf8765df592fe00272dabc79d3e92b1f72479e274a36fdd3bad348019c834,sha256:afd5351d9b781a1fad2db90dc7bca0052521a41efd7694c0ade20974824dcb4e,model_input,identity_model_input_v1,-0.168445281626,-0.73870402344700004,-1.1661010425880001,-0.381671547931,-0.39750401667099999,0.270950733858,0.104904640525,-0.59421189454699996,-0.487975475682,-0.33849342322100001,-0.105899346183,-0.51093057202299996,-0.34888549929599999,-1.3814467336209999,1.2598817506360001,-0.249781977539
381,1,0.069128052450918687,0.51361690496735279,true,flipguard_tabular_validation_v2,sha256:5cccf8765df592fe00272dabc79d3e92b1f72479e274a36fdd3bad348019c834,sha256:afd5351d9b781a1fad2db90dc7bca0052521a41efd7694c0ade20974824dcb4e,model_input,identity_model_input_v1,-0.168445281626,-0.027535211207000001,-0.820189971889,-0.381671547931,-0.39750401667099999,0.045028261744999999,-0.32201683642500001,0.086865521781999994,-0.487975475682,0.2650566184,0.86962207786000001,-0.49244148841500002,-0.34888549929599999,-1.3814467336209999,0.24570720014299999,-0.249781977539
384,0,-0.27159584054833169,0.44657575572087777,false,flipguard_tabular_validation_v2,sha256:5cccf8765df592fe00272dabc79d3e92b1f72479e274a36fdd3bad348019c834,sha256:afd5351d9b781a1fad2db90dc7bca0052521a41efd7694c0ade20974824dcb4e,model_input,identity_model_input_v1,-0.168445281626,1.2930815967260001,-1.090263716126,-0.381671547931,0.36423245575099999,1.143667380164,0.13048058154,-0.59421189454699996,-0.487975475682,-1.4200283105639999,-0.55137958970400003,-0.42495633324400001,-0.34888549929599999,-0.64194723944400001,1.9001434618069999,0.224397311691
387,0,-0.310761758957532,0.43889997810619352,false,flipguard_tabular_validation_v2,sha256:5cccf8765df592fe00272dabc79d3e92b1f72479e274a36fdd3bad348019c834,sha256:afd5351d9b781a1fad2db90dc7bca0052521a41efd7694c0ade20974824dcb4e,model_input,identity_model_input_v1,-0.168445281626,-0.73870402344700004,-0.516066815771,-0.381671547931,-0.28868452061099997,-0.47286256646500002,0.913989697647,-0.59421189454699996,-0.487975475682,-1.078072427066,-0.952453531114,-0.51093057202299996,-0.34888549929599999,0.54022397626899998,-1.2104308629760001,-0.249781977539
388,0,-0.1587323637037438,0.4687457220095958,false,flipguard_tabular_validation_v2,sha256:5cccf8765df592fe00272dabc79d3e92b1f72479e274a36fdd3bad348019c834,sha256:afd5351d9b781a1fad2db90dc7bca0052521a41efd7694c0ade20974824dcb4e,model_input,identity_model_input_v1,-0.168445281626,-0.73870402344700004,-0.77066355460799996,1.800945077852,-0.39750401667099999,-1.7728277588229999,0.13835010185300001,-0.42076417918800002,-0.487975475682,0.095125053283,-1.8330210538330001,-0.51093057202299996,-0.34888549929599999,0.29800737391900001,-1.2104308629760001,-0.249781977539
389,0,-0.059477835636151638,0.48828370801792015,false,flipguard_tabular_validation_v2,sha256:5cccf8765df592fe00272dabc79d3e92b1f72479e274a36fdd3bad348019c834,sha256:afd5351d9b781a1fad2db90dc7bca0052521a41efd7694c0ade20974824dcb4e,model_input,identity_model_input_v1,-0.168445281626,0.18555236138799999,-1.1661010425880001,-0.381671547931,0.0057682334349999998,1.1878497991050001,-0.46120897695099999,-0.59421189454699996,-0.487975475682,-0.57916004869399995,1.0321302472889999,-0.51093057202299996,-0.34888549929599999,-1.3814467336209999,1.289150857433,-0.249781977539
390,1,-0.078317545881935569,0.48457336494715841,false,flipguard_tabular_validation_v2,sha256:5cccf8765df592fe00272dabc79d3e92b1f72479e274a36fdd3bad348019c834,sha256:afd5351d9b781a1fad2db90dc7bca0052521a41efd7694c0ade20974824dcb4e,model_input,identity_model_input_v1,-0.168445281626,0.032094232976000003,-1.1661010425880001,-0.381671547931,1.005947425165,-1.1059920750059999,-0.91518192997400005,-0.40714263086199998,-0.21388408359,-0.46154731520199999,-0.98599446143199998,-0.51093057202299996,-0.34888549929599999,-1.3814467336209999,-0.21820814257999999,-0.249781977539
392,1,0.058241220096472555,0.51147273013287786,true,flipguard_tabular_validation_v2,sha256:5cccf8765df592fe00272dabc79d3e92b1f72479e274a36fdd3bad348019c834,sha256:afd5351d9b781a1fad2db90dc7bca0052521a41efd7694c0ade20974824dcb4e,model_input,identity_model_input_v1,-0.168445281626,-0.606291581217,0.36147939043100002,-0.381671547931,-0.39750401667099999,0.36068203830599999,1.685694533285,1.97753642951,-0.487975475682,1.1448500909979999,-1.037486875583,-0.51093057202299996,-0.34888549929599999,2.0622694165,-0.19332940180300001,-0.249781977539
394,1,0.3871204080889451,0.5760306615133971,true,flipguard_tabular_validation_v2,sha256:5cccf8765df592fe00272dabc79d3e92b1f72479e274a36fdd3bad348019c834,sha256:afd5351d9b781a1fad2db90dc7bca0052521a41efd7694c0ade20974824dcb4e,model_input,identity_model_input_v1,-0.168445281626,2.9846286236189998,2.521295494056,-0.381671547931,-0.39750401667099999,-1.54781626442,0.66954272294200001,-0.39987780508800003,0.973435579015,2.0125055946599999,-0.56224496149699998,0.41814587929699998,1.94288035998,0.89423285662700003,1.2335395545200001,4.9661902039930004
395,1,-0.06896591673003058,0.48641502649390028,false,flipguard_tabular_validation_v2,sha256:5cccf8765df592fe00272dabc79d3e92b1f72479e274a36fdd3bad348019c834,sha256:afd5351d9b781a1fad2db90dc7bca0052521a41efd7694c0ade20974824dcb4e,model_input,identity_model_input_v1,-0.168445281626,-0.15556313548199999,0.36070554016099998,-0.381671547931,-0.39750401667099999,-0.469218655624,-1.301772115323,-0.59421189454699996,-0.487975475682,-0.90562955803099998,-1.1853504134640001,-0.51093057202299996,-0.34888549929599999,0.230546516501,0.032774448199000002,-0.249781977539
400,1,0.13759287217480581,0.52709537629632719,true,flipguard_tabular_validation_v2,sha256:5cccf8765df592fe00272dabc79d3e92b1f72479e274a36fdd3bad348019c834,sha256:afd5351d9b781a1fad2db90dc7bca0052521a41efd7694c0ade20974824dcb4e,model_input,identity_model_input_v1,-0.168445281626,-0.70976620494599996,-0.84031007890999998,1.3735397333770001,-0.39750401667099999,0.87675091109500003,1.7737347917799999,2.8502236256320002,-0.487975475682,2.1962493313250002,-1.0885068822640001,-0.51093057202299996,-0.34888549929599999,1.687058552383,-1.1226235425869999,-0.249781977539
403,1,-0.06757129648098946,0.486689688682999,false,flipguard_tabular_validation_v2,sha256:5cccf8765df592fe00272dabc79d3e92b1f72479e274a36fdd3bad348019c834,sha256:afd5351d9b781a1fad2db90dc7bca0052521a41efd7694c0ade20974824dcb4e,model_input,identity_model_input_v1,-0.168445281626,-0.73870402344700004,-0.94632756590199996,-0.381671547931,-0.39750401667099999,-0.34350373162600001,-0.094784437402999994,-0.59421189454699996,-0.487975475682,-0.113313171909,-0.39028864268300001,-0.51093057202299996,-0.34888549929599999,-1.3814467336209999,0.57644810694100002,-0.249781977539
404,0,0.21398919472347588,0.5421166759222863,true,flipguard_tabular_validation_v2,sha256:5cccf8765df592fe00272dabc79d3e92b1f72479e274a36fdd3bad348019c834,sha256:afd5351d9b781a1fad2db90dc7bca0052521a41efd7694c0ade20974824dcb4e,model_input,identity_model_input_v1,-0.168445281626,-0.47212533180600003,-0.55862858062200005,-0.381671547931,0.072980275119000002,1.006565234789,-0.46219266699,-0.59421189454699996,0.34536068502799999,0.42326876523200002,0.76144076739699995,1.314866434302,-0.34888549929599999,-1.1315203189950001,-1.1094524445289999,5.548868144149
405,0,-0.28063359545807826,0.44480358713123214,false,flipguard_tabular_validation_v2,sha256:5cccf8765df592fe00272dabc79d3e92b1f72479e274a36fdd3bad348019c834,sha256:afd5351d9b781a1fad2db90dc7bca0052521a41efd7694c0ade20974824dcb4e,model_input,identity_model_input_v1,-0.168445281626,-0.697489554673,-0.73119719083699997,-0.381671547931,-0.39750401667099999,0.581594133013,0.046375083200999999,-0.52610415291400003,-0.487975475682,-1.471928591535,-0.306200113153,-0.51093057202299996,-0.34888549929599999,0.61218222418199997,-1.0955496188010001,-0.249781977539
408,1,0.16868494324927202,0.5332117343629611,true,flipguard_tabular_validation_v2,sha256:5cccf8765df592fe00272dabc79d3e92b1f72479e274a36fdd3bad348019c834,sha256:afd5351d9b781a1fad2db90dc7bca0052521a41efd7694c0ade20974824dcb4e,model_input,identity_model_input_v1,-0.168445281626,-0.30551364952999999,1.948646294242,-0.29334111007300001,-0.39750401667099999,-0.23509738412,0.36164774071799999,2.4315880403949999,0.244573715739,0.90167216160700003,-0.31895511482299999,-0.51093057202299996,3.1885886736720002,1.1814233639230001,-1.0479873202559999,-0.249781977539
411,1,0.20694565345948387,0.54073284269652133,true,flipguard_tabular_validation_v2,sha256:5cccf8765df592fe00272dabc79d3e92b1f72479e274a36fdd3bad348019c834,sha256:afd5351d9b781a1fad2db90dc7bca0052521a41efd7694c0ade20974824dcb4e,model_input,identity_model_input_v1,-0.168445281626,1.318511800862,0.65863789411899998,-0.381671547931,-0.39750401667099999,1.036172010369,0.20966762968399999,0.034195534919000001,-0.487975475682,0.94729418278400002,1.215896752835,-0.252083401506,-0.34888549929599999,0.53958149191299998,-0.232842695978,-0.249781977539
412,0,-0.25875696968276757,0.44909417743940694,false,flipguard_tabular_validation_v2,sha256:5cccf8765df592fe00272dabc79d3e92b1f72479e274a36fdd3bad348019c834,sha256:afd5351d9b781a1fad2db90dc7bca0052521a41efd7694c0ade20974824dcb4e,model_input,identity_model_input_v1,-0.168445281626,1.0773633133580001,-0.266113178555,-0.381671547931,-0.39750401667099999,1.174640622309,1.657167522153,-0.59421189454699996,-0.487975475682,-1.0244979434820001,1.349588066638,-0.51093057202299996,-0.34888549929599999,2.366807001418,0.63718150354400005,-0.249781977539
415,0,-0.1098847035692508,0.47835802067335681,false,flipguard_tabular_validation_v2,sha256:5cccf8765df592fe00272dabc79d3e92b1f72479e274a36fdd3bad348019c834,sha256:afd5351d9b781a1fad2db90dc7bca0052521a41efd7694c0ade20974824dcb4e,model_input,identity_model_input_v1,-0.168445281626,-0.40986517685000001,0.141705913745,2.8238685356280002,-0.39750401667099999,1.130002714512,0.044899548142999998,0.26303754680500002,-0.26673578699799999,-0.23929691846100001,-0.155502130456,-0.51093057202299996,0.31193042331699999,2.504941138036,0.076678108393999994,-0.249781977539
417,0,-0.40236875223557383,0.4209939307997867,false,flipguard_tabular_validation_v2,sha256:5cccf8765df592fe00272dabc79d3e92b1f72479e274a36fdd3bad348019c834,sha256:afd5351d9b781a1fad2db90dc7bca0052521a41efd7694c0ade20974824dcb4e,model_input,identity_model_input_v1,-0.168445281626,-0.73870402344700004,-0.56868863413299997,-0.381671547931,3.6000121768389999,0.44494747649299998,2.0732684086719999,-0.59421189454699996,-0.487975475682,-1.5694508936839999,0.91639041731799997,-0.51093057202299996,-0.34888549929599999,-0.79036112576499995,2.0355130807399999,-0.249781977539
418,1,-0.085254041561585558,0.48320743240366448,false,flipguard_tabular_validation_v2,sha256:5cccf8765df592fe00272dabc79d3e92b1f72479e274a36fdd3bad348019c834,sha256:afd5351d9b781a1fad2db90dc7bca0052521a41efd7694c0ade20974824dcb4e,model_input,identity_model_input_v1,-0.168445281626,-0.73870402344700004,-0.70875553300600003,-0.18506508947299999,-0.39750401667099999,0.087388725266,0.57560032421200003,-0.55062293990199995,-0.487975475682,0.28556560039599999,-0.96379131037700005,-0.51093057202299996,-0.34888549929599999,0.381530340247,-1.2104308629760001,-0.249781977539
419,1,0.42736062705241251,0.58387783589751374,true,flipguard_tabular_validation_v2,sha256:5cccf8765df592fe00272dabc79d3e92b1f72479e274a36fdd3bad348019c834,sha256:afd5351d9b781a1fad2db90dc7bca0052521a41efd7694c0ade20974824dcb4e,model_input,identity_model_input_v1,-0.168445281626,0.098738905885999997,1.8689397164299999,0.30502637219099998,-0.39750401667099999,-0.238285806106,0.96612526971699997,-0.42530469529699999,1.694922786002,2.3515316235869999,0.88048744965299997,0.90533323237700003,1.26800452412,-0.87131415466700002,-1.0070105707420001,-0.249781977539
420,0,-0.29062165126583228,0.44284571941689649,false,flipguard_tabular_validation_v2,sha256:5cccf8765df592fe00272dabc79d3e92b1f72479e274a36fdd3bad348019c834,sha256:afd5351d9b781a1fad2db90dc7bca0052521a41efd7694c0ade20974824dcb4e,model_input,identity_model_input_v1,-0.168445281626,1.5771983601849999,0.51934484551500004,-0.381671547931,-0.39750401667099999,0.049127661441000003,-0.24479716835900001,-0.58785517199399995,-0.487975475682,-1.6925047856640001,-0.155502130456,0.17316552148600001,4.9910695519499999,0.767663438423,0.397906555484,-0.249781977539
422,0,-0.21089854473833566,0.45849050823392956,false,flipguard_tabular_validation_v2,sha256:5cccf8765df592fe00272dabc79d3e92b1f72479e274a36fdd3bad348019c834,sha256:afd5351d9b781a1fad2db90dc7bca0052521a41efd7694c0ade20974824dcb4e,model_input,identity_model_input_v1,-0.168445281626,-0.340589793167,-0.33189045150699997,-0.381671547931,-0.39750401667099999,-0.16085270074499999,0.362631430757,-0.59421189454699996,-0.487975475682,-0.96506375075700002,-0.341158265879,-0.51093057202299996,-0.34888549929599999,0.116184301068,0.193022807909,-0.249781977539
424,0,-0.07742849561311177,0.48474844315279181,false,flipguard_tabular_validation_v2,sha256:5cccf8765df592fe00272dabc79d3e92b1f72479e274a36fdd3bad348019c834,sha256:afd5351d9b781a1fad2db90dc7bca0052521a41efd7694c0ade20974824dcb4e,model_input,identity_model_input_v1,-0.168445281626,-0.73870402344700004,-1.1661010425880001,-0.381671547931,0.122589163029,0.42991634427600001,-0.025926134669000001,1.626100482684,1.462621112883,-0.63106032966600001,-0.44981198381100002,-0.51093057202299996,-0.34888549929599999,0.76123859485900003,-1.2104308629760001,-0.249781977539
425,1,0.28157547306585484,0.55538106963336342,true,flipguard_tabular_validation_v2,sha256:5cccf8765df592fe00272dabc79d3e92b1f72479e274a36fdd3bad348019c834,sha256:afd5351d9b781a1fad2db90dc7bca0052521a41efd7694c0ade20974824dcb4e,model_input,identity_model_input_v1,-0.168445281626,-0.57121543758000004,1.8929290748000001,-0.381671547931,-0.39750401667099999,0.84122278039999998,0.76594434676900003,1.0866871689519999,-0.487975475682,1.270415286897,0.24509940348500001,0.550342827097,-0.34888549929599999,1.4866034331960001,0.42351702393000001,-0.249781977539
426,1,0.010069745533916107,0.50198373578590183,true,flipguard_tabular_validation_v2,sha256:5cccf8765df592fe00272dabc79d3e92b1f72479e274a36fdd3bad348019c834,sha256:afd5351d9b781a1fad2db90dc7bca0052521a41efd7694c0ade20974824dcb4e,model_input,identity_model_input_v1,-0.168445281626,0.18467545779700001,0.508510941735,-0.381671547931,-0.39750401667099999,-1.769639336837,-1.2884922997949999,-0.59421189454699996,0.325694934923,-0.53856063535300003,-0.13424379433899999,-0.51093057202299996,1.1695851313900001,-1.220183160173,-0.55187596005799999,-0.249781977539
427,0,0.10262195429669177,0.52021220204025953,true,flipguard_tabular_validation_v2,sha256:5cccf8765df592fe00272dabc79d3e92b1f72479e274a36fdd3bad348019c834,sha256:afd5351d9b781a1fad2db90dc7bca0052521a41efd7694c0ade20974824dcb4e,model_input,identity_model_input_v1,-0.168445281626,-0.51158599339699995,0.50773709146500001,-0.381671547931,-0.39750401667099999,-0.144910590817,-0.89747550927099995,-0.59421189454699996,-0.487975475682,0.14744388490800001,0.0013371493420000001,-0.51093057202299996,-0.34888549929599999,-1.3814467336209999,0.20985254431700001,-0.249781977539
429,1,0.1323553161296073,0.52606472291303508,true,flipguard_tabular_validation_v2,sha256:5cccf8765df592fe00272dabc79d3e92b1f72479e274a36fdd3bad348019c834,sha256:afd5351d9b781a1fad2db90dc7bca0052521a41efd7694c0ade20974824dcb4e,model_input,identity_model_input_v1,-0.168445281626,0.76430873139800004,0.391659550962,-0.381671547931,0.044175114396999997,1.4843730437530001,0.61691530585300003,0.24305927592599999,0.87633593786999997,0.38936616233999999,-0.48240809919099997,0.98298738353199999,-0.34888549929599999,1.6350173195169999,2.4606468569570001,-0.15735720082499999
430,1,0.72434628031273152,0.64117602434171295,true,flipguard_tabular_validation_v2,sha256:5cccf8765df592fe00272dabc79d3e92b1f72479e274a36fdd3bad348019c834,sha256:afd5351d9b781a1fad2db90dc7bca0052521a41efd7694c0ade20974824dcb4e,model_input,identity_model_input_v1,-0.168445281626,0.83972244021800002,2.3982533011229998,1.8636311950419999,1.8556996664600001,0.55517577941899998,-1.5221186840709999,-0.13380356110899999,2.619213040949,1.975254586543,0.305095152082,3.5927215348520001,-0.34888549929599999,0.31663942025399999,0.96645895500300005,0.20832343748000001
439,1,0.065272491312331246,0.51285756841522256,true,flipguard_tabular_validation_v2,sha256:5cccf8765df592fe00272dabc79d3e92b1f72479e274a36fdd3bad348019c834,sha256:afd5351d9b781a1fad2db90dc7bca0052521a41efd7694c0ade20974824dcb4e,model_input,identity_model_input_v1,-0.168445281626,2.2664445826519999,-0.256053125045,-0.381671547931,-0.39750401667099999,0.401220546407,0.099494345309999996,-0.59421189454699996,-0.487975475682,0.33035052026700001,0.42839350156200001,-0.111566366082,-0.34888549929599999,-0.111255161086,1.267199027335,-0.249781977539
441,0,-0.093684148365234379,0.4815475117300741,false,flipguard_tabular_validation_v2,sha256:5cccf8765df592fe00272dabc79d3e92b1f72479e274a36fdd3bad348019c834,sha256:afd5351d9b781a1fad2db90dc7bca0052521a41efd7694c0ade20974824dcb4e,model_input,identity_model_input_v1,-0.168445281626,-0.119610088254,0.89001912485500001,-0.381671547931,-0.39750401667099999,0.94006386195000002,0.26819718700799999,-0.59421189454699996,-0.487975475682,-0.786342621927,0.58050870666700005,-0.51093057202299996,-0.34888549929599999,1.476966167851,0.68108516373799999,-0.249781977539
442,0,-0.036266680573638535,0.49285565472920856,false,flipguard_tabular_validation_v2,sha256:5cccf8765df592fe00272dabc79d3e92b1f72479e274a36fdd3bad348019c834,sha256:afd5351d9b781a1fad2db90dc7bca0052521a41efd7694c0ade20974824dcb4e,model_input,identity_model_input_v1,-0.168445281626,-0.73870402344700004,-1.1661010425880001,-0.381671547931,2.268573636807,-0.181349699222,0.46345965975999998,0.40470164940199999,2.738436650962,-0.36402501305399998,-0.59720311422299999,0.28225111477600001,-0.34888549929599999,-1.3814467336209999,0.519373348688,-0.0086738643709999997
445,0,-0.20634512015928894,0.45938515463344826,false,flipguard_tabular_validation_v2,sha256:5cccf8765df592fe00272dabc79d3e92b1f72479e274a36fdd3bad348019c834,sha256:afd5351d9b781a1fad2db90dc7bca0052521a41efd7694c0ade20974824dcb4e,model_input,identity_model_input_v1,-0.168445281626,1.5947364320040001,0.82965880379300005,-0.381671547931,-0.39750401667099999,-0.715638126215,0.92333475301800005,-0.57514172688999998,0.27161412213300001,-1.216194142555,-0.43327772238700002,0.40335461240999998,0.30630645801900003,1.126169709275,0.34449043557999998,-0.249781977539
447,1,0.046987708189160982,0.50925616354701075,true,flipguard_tabular_validation_v2,sha256:5cccf8765df592fe00272dabc79d3e92b1f72479e274a36fdd3bad348019c834,sha256:afd5351d9b781a1fad2db90dc7bca0052521a41efd7694c0ade20974824dcb4e,model_input,identity_model_input_v1,-0.168445281626,-0.24851491612000001,0.489938535254,-0.381671547931,-0.39750401667099999,-0.014185289413000001,0.468869954975,-0.59421189454699996,-0.487975475682,0.64635626327899998,-0.73325646537300004,-0.51093057202299996,-0.34888549929599999,0.27166551530799998,0.72645227927300005,-0.249781977539
448,1,0.35431167443365252,0.56962148330113371,true,flipguard_tabular_validation_v2,sha256:5cccf8765df592fe00272dabc79d3e92b1f72479e274a36fdd3bad348019c834,sha256:afd5351d9b781a1fad2db90dc7bca0052521a41efd7694c0ade20974824dcb4e,model_input,identity_model_input_v1,-0.168445281626,-0.73870402344700004,1.5377318008609999,1.3307991989300001,-0.39750401667099999,-0.43596796920399999,0.14769515722400001,-0.59421189454699996,-0.487975475682,2.1401635438239999,1.3514776965149999,-0.51093057202299996,-0.34888549929599999,0.063500583846000005,-0.54236350034900005,-0.249781977539
451,0,-0.15031039311479727,0.47040243653606456,false,flipguard_tabular_validation_v2,sha256:5cccf8765df592fe00272dabc79d3e92b1f72479e274a36fdd3bad348019c834,sha256:afd5351d9b781a1fad2db90dc7bca0052521a41efd7694c0ade20974824dcb4e,model_input,identity_model_input_v1,-0.168445281626,-0.73870402344700004,-1.1661010425880001,-0.381671547931,-0.39750401667099999,0.32105450791500001,2.2670553463659999,-0.25821370249100001,1.8116881772519999,0.29895922129199998,1.401080480789,-0.51093057202299996,2.8567747210409999,0.237613844421,-1.089695797441,-0.249781977539
452,0,-0.22047547447078439,0.45660920028209862,false,flipguard_tabular_validation_v2,sha256:5cccf8765df592fe00272dabc79d3e92b1f72479e274a36fdd3bad348019c834,sha256:afd5351d9b781a1fad2db90dc7bca0052521a41efd7694c0ade20974824dcb4e,model_input,identity_model_input_v1,-0.168445281626,-0.66241341103600004,1.666964795955,-0.14802329295200001,-0.39750401667099999,0.57066240049100003,2.737751030054,-0.098387535459999995,1.7158176454880001,-0.100756652319,0.76663724955900003,-0.51093057202299996,5.9583915833500001,1.6896284898080001,-1.0238403071490001,-0.249781977539
454,0,-0.29891245995748145,0.44122107509786118,false,flipguard_tabular_validation_v2,sha256:5cccf8765df592fe00272dabc79d3e92b1f72479e274a36fdd3bad348019c834,sha256:afd5351d9b781a1fad2db90dc7bca0052521a41efd7694c0ade20974824dcb4e,model_input,identity_model_input_v1,-0.168445281626,-0.20554664016499999,-1.1661010425880001,-0.381671547931,-0.39750401667099999,-0.071576885152000003,0.77774862723799998,-0.59421189454699996,-0.487975475682,-1.2768839872390001,0.583343151482,-0.51093057202299996,-0.34888549929599999,0.97711333859799998,-0.71578295811799997,-0.249781977539
455,0,-0.20340134646698058,0.45996359531569053,false,flipguard_tabular_validation_v2,sha256:5cccf8765df592fe00272dabc79d3e92b1f72479e274a36fdd3bad348019c834,sha256:afd5351d9b781a1fad2db90dc7bca0052521a41efd7694c0ade20974824dcb4e,model_input,identity_model_input_v1,-0.168445281626,-0.095056787707999996,-0.52535301901200004,-0.381671547931,-0.39750401667099999,-1.173859914411,-0.90190211444699997,-0.59421189454699996,-0.487975475682,-1.5284329296900001,-0.29391751895200002,-0.51093057202299996,-0.34888549929599999,-1.3814467336209999,-0.026495493064000002,-0.249781977539
461,0,-0.10218988936317693,0.47987286037892374,false,flipguard_tabular_validation_v2,sha256:5cccf8765df592fe00272dabc79d3e92b1f72479e274a36fdd3bad348019c834,sha256:afd5351d9b781a1fad2db90dc7bca0052521a41efd7694c0ade20974824dcb4e,model_input,identity_model_input_v1,-0.168445281626,0.579282073713,1.372901693347,-0.381671547931,-0.39750401667099999,0.601635642636,-0.93928233593099997,-0.59421189454699996,-0.487975475682,-1.5485233610339999,0.343360157093,-0.51093057202299996,-0.34888549929599999,1.1313095841259999,0.385467185095,-0.249781977539
468,1,0.06008864368683936,0.51183659497123979,true,flipguard_tabular_validation_v2,sha256:5cccf8765df592fe00272dabc79d3e92b1f72479e274a36fdd3bad348019c834,sha256:afd5351d9b781a1fad2db90dc7bca0052521a41efd7694c0ade20974824dcb4e,model_input,identity_model_input_v1,-0.168445281626,-0.18362405039099999,0.356062438541,-0.381671547931,-0.39750401667099999,0.71596334525700001,0.66167320262999996,-0.59421189454699996,-0.487975475682,0.66560959331699998,0.17990717272599999,-0.51093057202299996,-0.34888549929599999,0.68092805031299997,0.56839910257199999,-0.249781977539
469,1,0.077611717466990943,0.51528763833984803,true,flipguard_tabular_validation_v2,sha256:5cccf8765df592fe00272dabc79d3e92b1f72479e274a36fdd3bad348019c834,sha256:afd5351d9b781a1fad2db90dc7bca0052521a41efd7694c0ade20974824dcb4e,model_input,identity_model_input_v1,-0.168445281626,-0.57559995553499999,-0.317961146646,-0.381671547931,-0.39750401667099999,-0.47377354417500001,-1.255046838468,-0.59421189454699996,-0.487975475682,0.10307751569,-0.35958215717999997,-0.51093057202299996,-0.34888549929599999,-1.3814467336209999,-0.409189064426,-0.249781977539
470,1,0.033454423786554034,0.50659037171739141,true,flipguard_tabular_validation_v2,sha256:5cccf8765df592fe00272dabc79d3e92b1f72479e274a36fdd3bad348019c834,sha256:afd5351d9b781a1fad2db90dc7bca0052521a41efd7694c0ade20974824dcb4e,model_input,identity_model_input_v1,-0.168445281626,-0.73870402344700004,-0.91459970483200004,1.4960625987939999,-0.39750401667099999,-0.85319576044500001,-0.642207944137,-0.177392515754,-0.44987308485299998,0.64133365544300003,-0.75734924630599998,-0.51093057202299996,-0.34888549929599999,-0.26737885968300001,-1.2104308629760001,-0.249781977539
471,1,0.15302947382686566,0.53013247175486378,true,flipguard_tabular_validation_v2,sha256:5cccf8765df592fe00272dabc79d3e92b1f72479e274a36fdd3bad348019c834,sha256:afd5351d9b781a1fad2db90dc7bca0052521a41efd7694c0ade20974824dcb4e,model_input,identity_model_input_v1,-0.168445281626,-0.159070749846,1.1833083771920001,1.4846651229409999,-0.39750401667099999,-0.78532792104000004,-1.7842720794789999,0.56180350676799995,0.97835201654100001,0.023552891621000001,0.19927587896599999,-0.50168603021900005,2.0047439782669998,0.38924015252299998,-1.2075039522969999,-0.249781977539
472,0,-0.032308575606175331,0.4936353455060421,false,flipguard_tabular_validation_v2,sha256:5cccf8765df592fe00272dabc79d3e92b1f72479e274a36fdd3bad348019c834,sha256:afd5351d9b781a1fad2db90dc7bca0052521a41efd7694c0ade20974824dcb4e,model_input,identity_model_input_v1,-0.168445281626,-0.73870402344700004,-0.51916221685099995,-0.381671547931,-0.39750401667099999,0.61028993088200001,0.21261869980100001,-0.59421189454699996,-0.487975475682,-0.065598397466999997,0.521457773008,-0.51093057202299996,-0.34888549929599999,-1.3814467336209999,1.2942729511219999,-0.249781977539
473,1,0.20540009894728767,0.54042915682866566,true,flipguard_tabular_validation_v2,sha256:5cccf8765df592fe00272dabc79d3e92b1f72479e274a36fdd3bad348019c834,sha256:afd5351d9b781a1fad2db90dc7bca0052521a41efd7694c0ade20974824dcb4e,model_input,identity_model_input_v1,-0.168445281626,0.37934805498200003,0.95579639780600001,-0.381671547931,-0.39750401667099999,-1.8019790455469999,-0.080029086816999995,-0.59421189454699996,0.60961920206800002,0.84265651953499998,0.72789983707899997,0.13803626262999999,0.54813696586799998,-0.60275569370600002,-1.2104308629760001,-0.249781977539
475,0,-0.12392634971201538,0.47559412202144086,false,flipguard_tabular_validation_v2,sha256:5cccf8765df592fe00272dabc79d3e92b1f72479e274a36fdd3bad348019c834,sha256:afd5351d9b781a1fad2db90dc7bca0052521a41efd7694c0ade20974824dcb4e,model_input,identity_model_input_v1,-0.168445281626,-0.73870402344700004,0.25236650235800001,-0.381671547931,-0.39750401667099999,-1.61613959268,0.318365379,-0.59421189454699996,-0.487975475682,-0.35858385456500003,-0.84946870281300002,-0.51093057202299996,-0.34888549929599999,-0.29629065571899998,-1.0055471154019999,-0.249781977539
476,0,-0.071455274201366339,0.48592477034375325,false,flipguard_tabular_validation_v2,sha256:5cccf8765df592fe00272dabc79d3e92b1f72479e274a36fdd3bad348019c834,sha256:afd5351d9b781a1fad2db90dc7bca0052521a41efd7694c0ade20974824dcb4e,model_input,identity_model_input_v1,-0.168445281626,0.64943436098700003,0.33903773260100001,-0.381671547931,-0.39750401667099999,-0.26925904825000002,-1.327348056338,-0.59421189454699996,-0.487975475682,-1.1981964644759999,0.14589383493800001,-0.51093057202299996,-0.34888549929599999,0.36289829391200001,-0.587730615884,-0.249781977539
480,1,0.41921092266211241,0.58228986694718932,true,flipguard_tabular_validation_v2,sha256:5cccf8765df592fe00272dabc79d3e92b1f72479e274a36fdd3bad348019c834,sha256:afd5351d9b781a1fad2db90dc7bca0052521a41efd7694c0ade20974824dcb4e,model_input,identity_model_input_v1,-0.168445281626,1.817469944098,-1.1661010425880001,-0.381671547931,-0.39750401667099999,0.23177869232199999,-1.786731304576,-0.52519604969199996,-0.487975475682,1.2892500662819999,0.48886165762799999,2.1487241050389998,-0.34888549929599999,-1.1283078972130001,-0.075521246947000006,-0.249781977539
482,1,0.0015809069570237469,0.50031143865472916,true,flipguard_tabular_validation_v2,sha256:5cccf8765df592fe00272dabc79d3e92b1f72479e274a36fdd3bad348019c834,sha256:afd5351d9b781a1fad2db90dc7bca0052521a41efd7694c0ade20974824dcb4e,model_input,identity_model_input_v1,-0.168445281626,-0.36514309371300002,-0.71958943678700005,-0.381671547931,-0.39750401667099999,-0.107105015847,-0.377103478612,-0.59421189454699996,-0.487975475682,-0.02123202825,0.62727704612400004,-0.48689476333199999,-0.34888549929599999,-0.32327499868699999,-1.136526368315,-0.249781977539
485,1,-0.034477588195019518,0.49320807906018127,false,flipguard_tabular_validation_v2,sha256:5cccf8765df592fe00272dabc79d3e92b1f72479e274a36fdd3bad348019c834,sha256:afd5351d9b781a1fad2db90dc7bca0052521a41efd7694c0ade20974824dcb4e,model_input,identity_model_input_v1,-0.168445281626,-0.53964690830700002,-0.85810863512000002,-0.381671547931,-0.39750401667099999,-0.38130930659599999,-0.73467480780799999,-0.59421189454699996,-0.487975475682,-0.32761110624299999,0.038184931945,-0.51093057202299996,-0.34888549929599999,-1.3814467336209999,-0.0082023013160000009,-0.249781977539
487,0,-0.035256999952156684,0.4930545463151329,false,flipguard_tabular_validation_v2,sha256:5cccf8765df592fe00272dabc79d3e92b1f72479e274a36fdd3bad348019c834,sha256:afd5351d9b781a1fad2db90dc7bca0052521a41efd7694c0ade20974824dcb4e,model_input,identity_model_input_v1,-0.168445281626,-0.73870402344700004,0.92252083619500003,-0.381671547931,-0.11585355628000001,1.961725363862,-0.23889502812499999,-0.59421189454699996,-0.27165222452400001,-0.65240641296799995,0.12085623906699999,-0.478574675708,-0.34888549929599999,0.17465037749699999,0.90206692005099998,-0.249781977539
488,0,-0.10225248170958488,0.47986053753513896,false,flipguard_tabular_validation_v2,sha256:5cccf8765df592fe00272dabc79d3e92b1f72479e274a36fdd3bad348019c834,sha256:afd5351d9b781a1fad2db90dc7bca0052521a41efd7694c0ade20974824dcb4e,model_input,identity_model_input_v1,-0.168445281626,1.078240216949,-0.132237081842,-0.381671547931,-0.39750401667099999,-0.70698383796800002,-0.41054893994000002,-0.59421189454699996,-0.487975475682,-0.91190781782599994,0.43122794637700002,-0.51093057202299996,-0.34888549929599999,0.44063890103300002,0.89401791568199995,-0.249781977539
490,1,0.085484245580772111,0.51683789765568244,true,flipguard_tabular_validation_v2,sha256:5cccf8765df592fe00272dabc79d3e92b1f72479e274a36fdd3bad348019c834,sha256:afd5351d9b781a1fad2db90dc7bca0052521a41efd7694c0ade20974824dcb4e,model_input,identity_model_input_v1,-0.168445281626,0.62225034966799997,0.24540184992799999,-0.381671547931,-0.39750401667099999,0.42490596686999998,0.79004475272600005,-0.45708830805900003,-0.487975475682,1.069510973459,-0.83907573848899997,-0.51093057202299996,-0.34888549929599999,-0.62588513053499994,1.7655055705430001,-0.249781977539
493,1,0.47484220257954785,0.5931156535027724,true,flipguard_tabular_validation_v2,sha256:5cccf8765df592fe00272dabc79d3e92b1f72479e274a36fdd3bad348019c834,sha256:afd5351d9b781a1fad2db90dc7bca0052521a41efd7694c0ade20974824dcb4e,model_input,identity_model_input_v1,-0.168445281626,1.2413442848609999,2.6938641042709999,-0.381671547931,-0.39750401667099999,-0.59994395702799996,0.18458353368800001,-0.59421189454699996,-0.487975475682,2.3251629324479999,1.0637815477300001,-0.227123138635,-0.34888549929599999,-0.58605110043999997,0.50693397829999998,-0.249781977539
494,1,0.0021871471484998005,0.50043086794640457,true,flipguard_tabular_validation_v2,sha256:5cccf8765df592fe00272dabc79d3e92b1f72479e274a36fdd3bad348019c834,sha256:afd5351d9b781a1fad2db90dc7bca0052521a41efd7694c0ade20974824dcb4e,model_input,identity_model_input_v1,-0.168445281626,1.0098417368570001,0.092179496464000005,-0.381671547931,-0.39750401667099999,0.020431863572000001,-0.81435370097100002,-0.59421189454699996,-0.487975475682,-0.32384415036600001,-0.46114976307400002,-0.51093057202299996,-0.34888549929599999,-0.76016436101499996,0.88889582199299999,-0.249781977539
495,1,0.23101972244487884,0.54546156712765037,true,flipguard_tabular_validation_v2,sha256:5cccf8765df592fe00272dabc79d3e92b1f72479e274a36fdd3bad348019c834,sha256:afd5351d9b781a1fad2db90dc7bca0052521a41efd7694c0ade20974824dcb4e,model_input,identity_model_input_v1,-0.168445281626,-0.73870402344700004,0.33362078071000001,2.268241587811,-0.39750401667099999,-0.382220284307,-0.23348473290999999,-0.59421189454699996,-0.487975475682,1.670549711162,0.74868576572699996,-0.51093057202299996,-0.34888549929599999,-0.16972123751500001,-0.203573589182,-0.249781977539
496,1,0.031502357510780489,0.50620583937805075,true,flipguard_tabular_validation_v2,sha256:5cccf8765df592fe00272dabc79d3e92b1f72479e274a36fdd3bad348019c834,sha256:afd5351d9b781a1fad2db90dc7bca0052521a41efd7694c0ade20974824dcb4e,model_input,identity_model_input_v1,-0.168445281626,1.407079063546,0.18504152886700001,-0.381671547931,-0.39750401667099999,-0.74160099095300003,-1.21078078671,-0.17557630931000001,-0.487975475682,-0.52684121706999998,-1.778221787398,0.91550222836200001,-0.34888549929599999,-0.15879900345699999,0.78864913121500002,-0.23772657188099999
499,0,-0.24447844383344255,0.45189619618707877,false,flipguard_tabular_validation_v2,sha256:5cccf8765df592fe00272dabc79d3e92b1f72479e274a36fdd3bad348019c834,sha256:afd5351d9b781a1fad2db90dc7bca0052521a41efd7694c0ade20974824dcb4e,model_input,identity_model_input_v1,-0.168445281626,-0.651890567945,-0.54702082657200002,-0.381671547931,-0.39750401667099999,0.041839839759999997,0.34738423515200001,-0.59421189454699996,-0.487975475682,-1.185639944886,-0.089837492226999993,-0.51093057202299996,-0.34888549929599999,-0.41386529293399998,-0.041130046461999997,-0.249781977539
