document,section,paragraph_sentence,sentence_text,positive_technical_claim,claim_id,evidence_dependency,state,permitted_scope,required_citation,proposed_correction,lint_status
journal_v10,FRONT_MATTER,p1.s1,FlipGuard: 결정 안정성 제약 기반 CKKS 실행 구성 선택,YES,finite_scope_decision_integrity,direct_confirmatory;direct_development;margin_interpretation;no_safe,PARTIALLY_SUPPORTED,declared finite validation and locked-audit artifacts,EVIDENCE_REGISTRY,,PASS
journal_v10,FRONT_MATTER,p2.s1,FlipGuard: Decision-Stability-Constrained Selection of CKKS Configurations,NO,BACKGROUND,,BACKGROUND,Background/definition only,YES,,PASS
journal_v10,FRONT_MATTER,p4.s1,CKKS의 근사 오차는 작더라도 임계값이나 argmax 경계를 넘으면 최종 판단을 바꿀 수 있다.,NO,multiclass_argmax_proposition,docs/evidence/journal_multiclass_extension_v1/multiclass_contract.json;internal/certify/multiclass_decision_contract.go;internal/certify/multiclass_decision_contract_test.go,SUPPORTED,"finite logits with finite class-wise error bounds, strict inequalities, and no plaintext tie",EVIDENCE_REGISTRY,,PASS
journal_v10,FRONT_MATTER,p4.s2,"본 논문은 기본 설정, 고정 후보군, 외부 컴파일러와 내장 직접 합성기가 생성한 후보를 동일한 결정 안정성 기준으로 검사하고, 적합한 후보 중 가장 빠른 실행 구성을 선택하는 FlipGuard를 제안한다.",YES,finite_scope_decision_integrity;scoped_direct_synthesis,direct_confirmatory;direct_development;margin_interpretation;no_safe;final_suite,PARTIALLY_SUPPORTED,"declared finite validation and locked-audit artifacts | declared tabular, polynomial, Sobel, Harris, and scalar-replicated CNN-lite adapters",EVIDENCE_REGISTRY,,PASS
journal_v10,FRONT_MATTER,p4.s3,"5개 공개 데이터셋과 2개 이진 그래프의 50개 반복 분할에서 FlipGuard는 700개 고정 후보를 모두 실행하는 대신 70회의 암호화 후보 실행으로 구성을 선택했으며, 확증 단계의 설정 고정 최종 검증 40건을 모두 통과했다.",YES,formal_trial_reduction,final_suite;bounded_oracle,SUPPORTED,Security-V2-admitted 7 profiles x 2 paths over the declared instances,EVIDENCE_REGISTRY,,PASS
journal_v10,FRONT_MATTER,p4.s4,"또한 EVA가 생성한 scale 20 후보는 500개 검증 입력에서 133회의 판단 반전을 일으켰지만 scale 30과 40은 반전이 없었고, 선택된 scale 30은 별도 500개 audit에서도 판단을 유지했다.",YES,eva_substantial_population_and_locked_audit;finite_scope_decision_integrity,docs/evidence/focused_external_comparison_v8/claim_admission.json;direct_confirmatory;direct_development;margin_interpretation;no_safe,PARTIALLY_SUPPORTED,V8 external-comparison declared workload and runtime scope | declared finite validation and locked-audit artifacts,EVIDENCE_REGISTRY,,PASS
journal_v10,FRONT_MATTER,p4.s5,결과는 선언된 후보·입력·그래프·보안 모델과 한 대의 측정 호스트 범위에 한정된다.,YES,BACKGROUND,,BACKGROUND,Background/definition only,YES,,PASS
journal_v10,FRONT_MATTER,p5.s1,"주요어: CKKS, 동형암호, 결정 안정성, 실행 구성 선택, 암호화 추론",YES,finite_scope_decision_integrity,direct_confirmatory;direct_development;margin_interpretation;no_safe,PARTIALLY_SUPPORTED,declared finite validation and locked-audit artifacts,EVIDENCE_REGISTRY,,PASS
journal_v10,FRONT_MATTER,p7.s1,Approximation error in CKKS may be numerically small yet still cross a threshold or argmax boundary and change the application decision.,NO,multiclass_argmax_proposition,docs/evidence/journal_multiclass_extension_v1/multiclass_contract.json;internal/certify/multiclass_decision_contract.go;internal/certify/multiclass_decision_contract_test.go,SUPPORTED,"finite logits with finite class-wise error bounds, strict inequalities, and no plaintext tie",EVIDENCE_REGISTRY,,PASS
journal_v10,FRONT_MATTER,p7.s2,"FlipGuard evaluates candidates from manual defaults, a bounded catalog, external compilers, and a built-in direct synthesizer under one decision-stability criterion, then selects the lowest-latency eligible configuration or returns NO_SAFE.",NO,no_safe_behavior,no_safe,SUPPORTED,one-candidate budget control and declared two-candidate finite domain,EVIDENCE_REGISTRY,,PASS
journal_v10,FRONT_MATTER,p7.s3,"Across 50 repeated partitions from five public datasets and two binary graph families, FlipGuard selected configurations using 70 encrypted candidate executions instead of exhaustively running 700 catalog candidates; all 40 confirmatory selections passed a locked final audit without retuning.",YES,formal_trial_reduction,final_suite;bounded_oracle,SUPPORTED,Security-V2-admitted 7 profiles x 2 paths over the declared instances,EVIDENCE_REGISTRY,,PASS
journal_v10,FRONT_MATTER,p7.s4,"For EVA-generated candidates, scale 20 caused 133 flips on 500 validation inputs, whereas scales 30 and 40 caused none; the preselected scale-30 candidate remained flip-free on 500 disjoint audit inputs.",NO,BACKGROUND,,BACKGROUND,Background/definition only,YES,,PASS
journal_v10,FRONT_MATTER,p8.s1,"Keywords: CKKS, homomorphic encryption, decision stability, configuration selection, encrypted inference",NO,finite_scope_decision_integrity,direct_confirmatory;direct_development;margin_interpretation;no_safe,PARTIALLY_SUPPORTED,declared finite validation and locked-audit artifacts,EVIDENCE_REGISTRY,,PASS
journal_v10,I. 서론,p11.s1,CKKS는 복호화하지 않은 실수·복소수 데이터에 대해 근사 산술을 수행할 수 있어 의료·금융·침입탐지와 같은 프라이버시 보존형 분석에 활용된다 [1].,NO,BACKGROUND,,BACKGROUND,Background/definition only,[1],,PASS
journal_v10,I. 서론,p11.s3,"기존 구성 생성기는 이러한 요소를 자동화하지만, 응용에서 실제로 사용하는 threshold 또는 argmax 판단이 유지되는지는 별도의 문제다.",YES,multiclass_argmax_proposition,docs/evidence/journal_multiclass_extension_v1/multiclass_contract.json;internal/certify/multiclass_decision_contract.go;internal/certify/multiclass_decision_contract_test.go,SUPPORTED,"finite logits with finite class-wise error bounds, strict inequalities, and no plaintext tie",EVIDENCE_REGISTRY,,PASS
journal_v10,I. 서론,p12.s1,"예를 들어 평문 score가 0.5001이고 threshold가 0.5인 경우 CKKS 결과가 0.4999라면 절대 오차는 0.0002에 불과하지만 대출 승인, 이상 탐지, 질병 위험 분류와 같은 이진 판단은 반대로 바뀐다.",NO,BACKGROUND,,BACKGROUND,Background/definition only,YES,,PASS
journal_v10,I. 서론,p12.s2,따라서 “오차가 작다”와 “최종 판단이 유지된다”를 구분해야 한다.,YES,BACKGROUND,,BACKGROUND,Background/definition only,YES,,PASS
journal_v10,I. 서론,p12.s3,"실제 배포에서는 빠른 후보를 만드는 일뿐 아니라, 그 후보가 선언된 입력 범위에서 판단을 바꾸지 않는지 확인하고 방어할 수 없는 경우 선택을 중단하는 절차가 필요하다.",YES,BACKGROUND,,BACKGROUND,Background/definition only,YES,,PASS
journal_v10,I. 서론,p13.s1,"CHET와 EVA는 계산 그래프를 분석해 FHE parameter와 실행 계획을 자동화했고 [2], [3], HECATE와 ELASM은 scale 관리와 error-latency trade-off를 다뤘다 [4], [5].",NO,hecate_measured_provider,,NOT_EVALUATED,V9 external comparison scope,[2];[3];[4];[5],,PASS
journal_v10,I. 서론,p13.s2,"HECO와 HEIR은 고수준 프로그램을 FHE backend로 내리고 [6], [10], DaCapo는 bootstrapping 위치를 자동화한다 [7].",NO,BACKGROUND,,BACKGROUND,Background/definition only,[6];[10];[7],,PASS
journal_v10,I. 서론,p13.s3,"이 연구들은 각자의 목적에 따라 유용한 후보를 생성하지만, 후보 출처와 최종 응용 판단 사이의 공통 적합성 판정은 명시적으로 분리할 필요가 있다.",YES,BACKGROUND,,BACKGROUND,Background/definition only,YES,,PASS
journal_v10,I. 서론,p14.s1,본 논문은 이 문제를 위해 FlipGuard를 제안한다.,YES,BACKGROUND,,BACKGROUND,Background/definition only,YES,,PASS
journal_v10,I. 서론,p14.s2,"FlipGuard는 모델·계산 그래프, 검증 데이터, 결정 규칙, 보안 기준과 후보 구성을 입력받아 실행·보안 적합성 및 결정 안정성을 검사한다.",YES,security_attestation;finite_scope_decision_integrity,security_attestation;exact_estimator;direct_confirmatory;direct_development;margin_interpretation;no_safe,PARTIALLY_SUPPORTED,"attested direct, catalog, reference, and latency-arm literals | declared finite validation and locked-audit artifacts",EVIDENCE_REGISTRY,,PASS
journal_v10,I. 서론,p14.s3,"통과한 후보가 여러 개이면 같은 측정 경계에서 가장 빠른 후보를 선택하고, 통과한 후보가 없으면 NO_SAFE를 반환한다.",YES,no_safe_behavior,no_safe,SUPPORTED,one-candidate budget control and declared two-candidate finite domain,EVIDENCE_REGISTRY,,PASS
journal_v10,I. 서론,p14.s4,직접 합성은 연구 전체가 아니라 후보 탐색 비용을 줄이기 위해 제공되는 내장 구성 생성기다.,YES,scoped_direct_synthesis,direct_confirmatory;direct_development;final_suite,SUPPORTED,"declared tabular, polynomial, Sobel, Harris, and scalar-replicated CNN-lite adapters",EVIDENCE_REGISTRY,,PASS
journal_v10,I. 서론,p15.s2,RQ1: 빠르거나 공격적인 CKKS 후보가 실제로 판단을 바꾸는가?,NO,BACKGROUND,,BACKGROUND,Background/definition only,YES,,PASS
journal_v10,I. 서론,p15.s3,RQ2: FlipGuard는 내부 후보와 외부 구성 생성기의 결과를 같은 기준으로 판정할 수 있는가?,YES,BACKGROUND,,BACKGROUND,Background/definition only,YES,,PASS
journal_v10,I. 서론,p15.s4,RQ3: 내장 직접 합성은 후보 실행 수를 줄이면서 선택 후 재조정 없는 최종 검증을 통과하는가?,YES,formal_trial_reduction;scoped_direct_synthesis,final_suite;bounded_oracle;direct_confirmatory;direct_development,SUPPORTED,"Security-V2-admitted 7 profiles x 2 paths over the declared instances | declared tabular, polynomial, Sobel, Harris, and scalar-replicated CNN-lite adapters",EVIDENCE_REGISTRY,,PASS
journal_v10,I. 서론,p16.s2,"첫째, 이진 threshold와 다중 클래스 argmax를 공통의 결정 안정성 조건으로 정의하고 후보 출처와 무관한 판정 계층을 구현했다.",YES,multiclass_argmax_proposition;finite_scope_decision_integrity,docs/evidence/journal_multiclass_extension_v1/multiclass_contract.json;internal/certify/multiclass_decision_contract.go;internal/certify/multiclass_decision_contract_test.go;direct_confirmatory;direct_development;margin_interpretation;no_safe,PARTIALLY_SUPPORTED,"finite logits with finite class-wise error bounds, strict inequalities, and no plaintext tie | declared finite validation and locked-audit artifacts",EVIDENCE_REGISTRY,,PASS
journal_v10,I. 서론,p16.s3,"둘째, 계산 그래프와 결정 여유에서 첫 후보를 직접 산출하고 실패 원인에 따라 제한적으로 보정하는 내장 합성기를 구현했다.",YES,BACKGROUND,,BACKGROUND,Background/definition only,YES,,PASS
journal_v10,I. 서론,p16.s4,"셋째, 구성 선택과 최종 평가를 분리하고, 설정 고정 최종 검증·NO_SAFE·provenance와 외부 EVA·HEIR·CoreLab 결과를 결합한 재현 가능한 평가 절차를 제시했다.",YES,no_safe_behavior;corelab_eva_elasm_numerical_grid,no_safe,PARTIALLY_SUPPORTED,one-candidate budget control and declared two-candidate finite domain | V9 external comparison scope,EVIDENCE_REGISTRY,,PASS
journal_v10,II. 배경 및 관련 연구,p17.s2,배경 및 관련 연구,NO,BACKGROUND,,BACKGROUND,Background/definition only,YES,,PASS
journal_v10,2.1 CKKS 실행 구성과 판단 반전,p18.s1,2.1 CKKS 실행 구성과 판단 반전,NO,finite_scope_decision_integrity,direct_confirmatory;direct_development;margin_interpretation;no_safe,PARTIALLY_SUPPORTED,declared finite validation and locked-audit artifacts,EVIDENCE_REGISTRY,,PASS
journal_v10,2.1 CKKS 실행 구성과 판단 반전,p19.s1,CKKS ciphertext는 scale을 가진 근사값을 표현하며 곱셈과 rescale 과정에서 modulus level을 소모한다 [1].,YES,BACKGROUND,,BACKGROUND,Background/definition only,[1],,PASS
journal_v10,2.1 CKKS 실행 구성과 판단 반전,p19.s3,"큰 ring과 긴 chain은 깊은 계산과 높은 정밀도를 지원하지만 key generation, memory와 latency를 증가시킨다.",YES,BACKGROUND,,BACKGROUND,Background/definition only,YES,,PASS
journal_v10,2.1 CKKS 실행 구성과 판단 반전,p20.s1,"평문 score f_plain(x), CKKS score f_ckks(x), threshold τ에 대해 결정 여유 m(x)와 절대 오차 e(x)를 다음과 같이 정의한다.",YES,BACKGROUND,,BACKGROUND,Background/definition only,YES,,PASS
journal_v10,2.1 CKKS 실행 구성과 판단 반전,p25.s1,e(x) = |f_ckks(x) - f_plain(x)|,NO,BACKGROUND,,BACKGROUND,Background/definition only,YES,,PASS
journal_v10,2.1 CKKS 실행 구성과 판단 반전,p27.s2,다중 클래스에서는 평문 1위 class c*와 각 class j의 logit gap이 두 logit의 오차 합보다 클 때 argmax가 유지된다.,NO,multiclass_argmax_proposition,docs/evidence/journal_multiclass_extension_v1/multiclass_contract.json;internal/certify/multiclass_decision_contract.go;internal/certify/multiclass_decision_contract_test.go,SUPPORTED,"finite logits with finite class-wise error bounds, strict inequalities, and no plaintext tie",EVIDENCE_REGISTRY,,PASS
journal_v10,2.1 CKKS 실행 구성과 판단 반전,p27.s3,"본 연구의 운용 기준 e(x) < ρ·m(x), ρ=0.5는 이론 정리가 아니라 margin의 절반만 사용하도록 한 보수적 오차 여유 정책이다.",YES,BACKGROUND,,BACKGROUND,Background/definition only,YES,,PASS
journal_v10,2.2 관련 시스템과 본 연구의 위치,p29.s1,"EVA는 graph에서 parameter와 rescale 계획을 생성하고 [3], HECATE는 scale/level 관리를 성능 최적화 문제로 확장했다 [4].",NO,hecate_measured_provider,,NOT_EVALUATED,V9 external comparison scope,[3];[4],,PASS
journal_v10,2.2 관련 시스템과 본 연구의 위치,p29.s2,ELASM은 output error와 latency를 함께 고려한다 [5].,YES,BACKGROUND,,BACKGROUND,Background/definition only,[5],,PASS
journal_v10,2.2 관련 시스템과 본 연구의 위치,p29.s3,"DaCapo는 깊은 프로그램에서 bootstrapping 위치를 정하며 [7], AutoFHE·LOHEN·SLOTHE는 CNN 구조, layer-wise configuration 및 비산술 함수 근사로 범위를 넓혔다 [9], [12], [13].",NO,BACKGROUND,,BACKGROUND,Background/definition only,[7];[9];[12];[13],,PASS
journal_v10,2.2 관련 시스템과 본 연구의 위치,p29.s4,HEIR은 OpenFHE와 Lattigo backend를 지원하는 범용 compiler다 [10].,NO,BACKGROUND,,BACKGROUND,Background/definition only,[10],,PASS
journal_v10,2.2 관련 시스템과 본 연구의 위치,p29.s6,"본 논문도 동일 실행 의미가 확보된 EVA·HEIR·CoreLab 결과는 측정하고, 최적화 단위나 runtime이 다른 연구는 관련연구로 구분한다.",YES,corelab_eva_elasm_numerical_grid,,PARTIALLY_SUPPORTED,V9 external comparison scope,EVIDENCE_REGISTRY,,PASS
journal_v10,2.2 관련 시스템과 본 연구의 위치,p30.s2,"기존 시스템이 configuration candidate를 생성하면 FlipGuard가 실행·보안·결정 안정성을 공통 기준으로 판정하고, 승인된 후보 중 가장 빠른 구성을 선택한다.",YES,finite_scope_decision_integrity,direct_confirmatory;direct_development;margin_interpretation;no_safe,PARTIALLY_SUPPORTED,declared finite validation and locked-audit artifacts,EVIDENCE_REGISTRY,,PASS
journal_v10,2.2 관련 시스템과 본 연구의 위치,p30.s3,"이 계층화는 HEIR가 direct보다 빠른 경우에도 외부 후보를 정당하게 선택할 수 있게 하며, direct 후보가 모호 입력에서 불안정하면 이를 제외할 수 있게 한다.",YES,BACKGROUND,,BACKGROUND,Background/definition only,YES,,PASS
journal_v10,2.2 관련 시스템과 본 연구의 위치,p43.s1,Security-V2 고정 후보군,NO,security_attestation,security_attestation;exact_estimator,PARTIALLY_SUPPORTED,"attested direct, catalog, reference, and latency-arm literals",EVIDENCE_REGISTRY,,PASS
journal_v10,2.2 관련 시스템과 본 연구의 위치,p45.s1,700개 후보,NO,formal_trial_reduction,final_suite;bounded_oracle,SUPPORTED,Security-V2-admitted 7 profiles x 2 paths over the declared instances,EVIDENCE_REGISTRY,,PASS
journal_v10,2.2 관련 시스템과 본 연구의 위치,p47.s1,EVA,NO,BACKGROUND,,BACKGROUND,Background/definition only,YES,,PASS
journal_v10,2.2 관련 시스템과 본 연구의 위치,p48.s1,CKKS parameter·scale 계획,NO,BACKGROUND,,BACKGROUND,Background/definition only,YES,,PASS
journal_v10,2.2 관련 시스템과 본 연구의 위치,p51.s1,CoreLab EVA/ELASM,NO,corelab_eva_elasm_numerical_grid,,PARTIALLY_SUPPORTED,V9 external comparison scope,EVIDENCE_REGISTRY,,PASS
journal_v10,2.2 관련 시스템과 본 연구의 위치,p57.s1,Lattigo/OpenFHE exact graph,NO,BACKGROUND,,BACKGROUND,Background/definition only,YES,,PASS
journal_v10,2.2 관련 시스템과 본 연구의 위치,p61.s1,70회 후보 실행,NO,formal_trial_reduction,final_suite;bounded_oracle,SUPPORTED,Security-V2-admitted 7 profiles x 2 paths over the declared instances,EVIDENCE_REGISTRY,,PASS
journal_v10,3.1 후보 집합과 선택 문제,p66.s1,"workload W에 대해 선언된 후보 집합 C(W)는 기본 설정, latency-only, Security-V2 고정 후보군, 외부 구성 생성기와 direct 후보를 포함한다.",YES,security_attestation,security_attestation;exact_estimator,PARTIALLY_SUPPORTED,"attested direct, catalog, reference, and latency-arm literals",EVIDENCE_REGISTRY,,PASS
journal_v10,3.1 후보 집합과 선택 문제,p66.s2,실행·보안 조건을 만족하고 validation에서 평문 판단을 유지한 후보 집합을 C_stable(W)로 정의한다.,YES,BACKGROUND,,BACKGROUND,Background/definition only,YES,,PASS
journal_v10,3.1 후보 집합과 선택 문제,p73.s1,C_stable(W)가 비면 NO_SAFE를 반환한다.,YES,no_safe_behavior,no_safe,SUPPORTED,one-candidate budget control and declared two-candidate finite domain,EVIDENCE_REGISTRY,,PASS
journal_v10,3.1 후보 집합과 선택 문제,p73.s2,식 (4)의 최소값은 선언된 후보 집합과 동일 측정 경계 안에서만 성립하며 전체 CKKS 구성 공간의 전역 최적값이 아니다.,YES,BACKGROUND,,BACKGROUND,Background/definition only,YES,,PASS
journal_v10,3.2 설계 요구사항,p75.s1,학위논문형 구현·안전성 분석의 장점을 반영하여 FlipGuard가 만족해야 할 요구사항을 먼저 고정했다.,YES,BACKGROUND,,BACKGROUND,Background/definition only,YES,,PASS
journal_v10,3.2 설계 요구사항,p83.s1,내부·EVA·HEIR 후보를 같은 상태 체계로 기록,NO,BACKGROUND,,BACKGROUND,Background/definition only,YES,,PASS
journal_v10,3.2 설계 요구사항,p85.s1,threshold/argmax 결정 보존,NO,multiclass_argmax_proposition,docs/evidence/journal_multiclass_extension_v1/multiclass_contract.json;internal/certify/multiclass_decision_contract.go;internal/certify/multiclass_decision_contract_test.go,SUPPORTED,"finite logits with finite class-wise error bounds, strict inequalities, and no plaintext tie",EVIDENCE_REGISTRY,,PASS
journal_v10,3.2 설계 요구사항,p89.s1,NO_SAFE control,NO,no_safe_behavior,no_safe,SUPPORTED,one-candidate budget control and declared two-candidate finite domain,EVIDENCE_REGISTRY,,PASS
journal_v10,3.2 설계 요구사항,p92.s1,"disjoint locked audit, retuning 0",NO,primary_no_retuning_locked_audit,direct_confirmatory;direct_development,SUPPORTED,10 dataset-model workloads and five deterministic repeated partitions,EVIDENCE_REGISTRY,,PASS
journal_v10,3.2 설계 요구사항,p95.s1,exact Q/P와 Security-V2 admission,NO,security_attestation,security_attestation;exact_estimator,PARTIALLY_SUPPORTED,"attested direct, catalog, reference, and latency-arm literals",EVIDENCE_REGISTRY,,PASS
journal_v10,3.2 설계 요구사항,p103.s3,Binary threshold and multiclass argmax decision-stability conditions.,NO,multiclass_argmax_proposition,docs/evidence/journal_multiclass_extension_v1/multiclass_contract.json;internal/certify/multiclass_decision_contract.go;internal/certify/multiclass_decision_contract_test.go,SUPPORTED,"finite logits with finite class-wise error bounds, strict inequalities, and no plaintext tie",EVIDENCE_REGISTRY,,PASS
journal_v10,4.1 처리 흐름과 상태,p107.s1,"FlipGuard는 (1) graph·model·input·candidate identity 결속, (2) 실행 및 보안 적합성 검사, (3) 암호화 validation, (4) SAFE·REJECTED·FAILED 분류, (5) 적합 후보의 동일 조건 latency 측정, (6) 최저 지연 후보 고정, (7) disjoint audit 순으로 동작한다.",YES,security_attestation,security_attestation;exact_estimator,PARTIALLY_SUPPORTED,"attested direct, catalog, reference, and latency-arm literals",EVIDENCE_REGISTRY,,PASS
journal_v10,4.1 처리 흐름과 상태,p108.s1,SAFE는 V_cert에서 판단 반전과 운용 오차 기준 위반이 없고 보안 조건을 통과한 상태다.,YES,finite_scope_decision_integrity,direct_confirmatory;direct_development;margin_interpretation;no_safe,PARTIALLY_SUPPORTED,declared finite validation and locked-audit artifacts,EVIDENCE_REGISTRY,,PASS
journal_v10,4.1 처리 흐름과 상태,p108.s2,"REJECTED는 실행은 성공했으나 flip 또는 오차 여유 초과가 관측된 경우이며, FAILED는 parameter materialization·key generation·evaluation·provenance가 완료되지 않은 경우다.",NO,BACKGROUND,,BACKGROUND,Background/definition only,YES,,PASS
journal_v10,4.1 처리 흐름과 상태,p108.s3,V_amb는 결정 경계가 너무 가까워 반복 randomness에 따라 결과가 달라질 수 있는 모호 입력이다.,NO,direct_repeat_flip_classification,,SUPPORTED,V9 external comparison scope,EVIDENCE_REGISTRY,,PASS
journal_v10,4.2 내장 실행 구성 직접 합성,p109.s1,4.2 내장 실행 구성 직접 합성,NO,scoped_direct_synthesis,direct_confirmatory;direct_development;final_suite,SUPPORTED,"declared tabular, polynomial, Sobel, Harris, and scalar-replicated CNN-lite adapters",EVIDENCE_REGISTRY,,PASS
journal_v10,4.2 내장 실행 구성 직접 합성,p110.s2,"출력 오차 예산을 sensitivity로 나누어 필요한 precision bits를 계산하고, guard와 minimum floor를 반영하여 scale, Q/P chain과 LogN을 산출한다.",YES,BACKGROUND,,BACKGROUND,Background/definition only,YES,,PASS
journal_v10,4.2 내장 실행 구성 직접 합성,p110.s4,"첫 후보가 수치 오차로 REJECTED이면 scale을 4 bit 증가시키고, level 부족이면 Q prime을 하나 추가한다.",YES,BACKGROUND,,BACKGROUND,Background/definition only,YES,,PASS
journal_v10,4.2 내장 실행 구성 직접 합성,p110.s5,전체 암호화 후보 실행은 workload당 최대 4회이며 첫 SAFE에서 종료한다.,YES,formal_trial_reduction,final_suite;bounded_oracle,SUPPORTED,Security-V2-admitted 7 profiles x 2 paths over the declared instances,EVIDENCE_REGISTRY,,PASS
journal_v10,4.3 선택 후 재조정 없는 최종 검증,p112.s1,validation에서 선택된 candidate literal과 model·graph·input·policy digest를 고정한다.,NO,scoped_direct_synthesis,direct_confirmatory;direct_development;final_suite,SUPPORTED,"declared tabular, polynomial, Sobel, Harris, and scalar-replicated CNN-lite adapters",EVIDENCE_REGISTRY,,PASS
journal_v10,4.3 선택 후 재조정 없는 최종 검증,p112.s2,"Audit에서는 후보 생성, 보정, threshold 변경을 호출하지 않는다.",YES,BACKGROUND,,BACKGROUND,Background/definition only,YES,,PASS
journal_v10,4.3 선택 후 재조정 없는 최종 검증,p112.s3,Audit 결과를 보고 configuration을 변경하면 해당 실행은 최종 평가가 아니라 새로운 개발 실험으로 분류한다.,YES,BACKGROUND,,BACKGROUND,Background/definition only,YES,,PASS
journal_v10,4.3 선택 후 재조정 없는 최종 검증,p123.s1,SAFE가 없으면 NO_SAFE 반환,NO,no_safe_behavior,no_safe,SUPPORTED,one-candidate budget control and declared two-candidate finite domain,EVIDENCE_REGISTRY,,PASS
journal_v10,4.3 선택 후 재조정 없는 최종 검증,p127.s1,SAFE 후보의 동일 경계 latency 측정·고정,YES,BACKGROUND,,BACKGROUND,Background/definition only,YES,,PASS
journal_v10,5.1 평가 계층과 비교군,p135.s3,Tier 2는 MNIST MLP-100·LeNet-5-small 및 외부 EVA·HEIR다.,NO,mlp100_finite_validation_audit;lenet5_small_finite_validation_audit,docs/evidence/journal_multiclass_extension_results_v1/summary.json;datasets/journal_multiclass_extension_v1/mnist/input_split_manifest.json,SUPPORTED,"one frozen MNIST MLP-100 model, 1,000 predeclared encrypted test images, scalar-replicated execution | one frozen MNIST LeNet-5-small model, 1,000 predeclared encrypted test images, declared scalar-replicated adapter",EVIDENCE_REGISTRY,,PASS
journal_v10,5.1 평가 계층과 비교군,p135.s4,"Tier 3은 CoreLab plan grid, deeper polynomial, Sobel, Harris, CNN-lite와 독립 training seed다.",NO,scoped_non_tabular_extension;training_model_seed_extension;corelab_eva_elasm_numerical_grid,sobel;harris;cnn_lite;training_seed,PARTIALLY_SUPPORTED,BSDS500 Sobel/Harris patches and MNIST CNN-lite scalar-replicated adapter | 3 datasets x 3 predeclared independent training/data seeds | V9 external comparison scope,EVIDENCE_REGISTRY,,PASS
journal_v10,5.2 지표와 통계,p137.s1,"정확성 지표는 판단 반전, 오차 기준 위반, V_cert/V_amb, SAFE·REJECTED·NO_SAFE다.",NO,no_safe_behavior;direct_repeat_flip_classification;finite_scope_decision_integrity,no_safe;direct_confirmatory;direct_development;margin_interpretation,PARTIALLY_SUPPORTED,one-candidate budget control and declared two-candidate finite domain | V9 external comparison scope | declared finite validation and locked-audit artifacts,EVIDENCE_REGISTRY,,PASS
journal_v10,5.2 지표와 통계,p137.s2,"효율 지표는 후보 실행 수, fresh-key run, evaluation-only 및 total latency다.",NO,formal_trial_reduction,final_suite;bounded_oracle,SUPPORTED,Security-V2-admitted 7 profiles x 2 paths over the declared instances,EVIDENCE_REGISTRY,,PASS
journal_v10,5.2 지표와 통계,p137.s3,"통제 실험 latency는 동일 host에서 balanced cyclic/reverse order, warm-up 1회, 측정 6회, outlier 제거 없이 수행했다.",YES,BACKGROUND,,BACKGROUND,Background/definition only,YES,,PASS
journal_v10,5.2 지표와 통계,p137.s4,비율은 workload 또는 input cluster bootstrap 95% 신뢰구간으로 보고했다.,YES,BACKGROUND,,BACKGROUND,Background/definition only,YES,,PASS
journal_v10,5.2 지표와 통계,p140.s3,Evaluation hierarchy and evidence scale.,NO,BACKGROUND,,BACKGROUND,Background/definition only,YES,,PASS
journal_v10,50 instances,p149.s1,선택 비용·audit·paired latency,YES,BACKGROUND,,BACKGROUND,Background/definition only,YES,,PASS
journal_v10,50 instances,p150.s1,표준 다중 클래스,NO,multiclass_argmax_proposition,docs/evidence/journal_multiclass_extension_v1/multiclass_contract.json;internal/certify/multiclass_decision_contract.go;internal/certify/multiclass_decision_contract_test.go,SUPPORTED,"finite logits with finite class-wise error bounds, strict inequalities, and no plaintext tie",EVIDENCE_REGISTRY,,PASS
journal_v10,50 instances,p151.s1,"MLP-100, LeNet-5-small",NO,mlp100_finite_validation_audit;lenet5_small_finite_validation_audit,docs/evidence/journal_multiclass_extension_results_v1/summary.json;datasets/journal_multiclass_extension_v1/mnist/input_split_manifest.json,SUPPORTED,"one frozen MNIST MLP-100 model, 1,000 predeclared encrypted test images, scalar-replicated execution | one frozen MNIST LeNet-5-small model, 1,000 predeclared encrypted test images, declared scalar-replicated adapter",EVIDENCE_REGISTRY,,PASS
journal_v10,500 validation+500 audit/model,p153.s1,argmax 안정성,NO,multiclass_argmax_proposition,docs/evidence/journal_multiclass_extension_v1/multiclass_contract.json;internal/certify/multiclass_decision_contract.go;internal/certify/multiclass_decision_contract_test.go,SUPPORTED,"finite logits with finite class-wise error bounds, strict inequalities, and no plaintext tie",EVIDENCE_REGISTRY,,PASS
journal_v10,500 validation+500 audit/model,p154.s1,외부 EVA,NO,BACKGROUND,,BACKGROUND,Background/definition only,YES,,PASS
journal_v10,500 validation+500 audit/model,p162.s1,CoreLab,NO,corelab_eva_elasm_numerical_grid,,PARTIALLY_SUPPORTED,V9 external comparison scope,EVIDENCE_REGISTRY,,PASS
journal_v10,500 validation+500 audit/model,p167.s1,poly/Sobel/Harris/CNN-lite,NO,scoped_non_tabular_extension,sobel;harris;cnn_lite,PARTIALLY_SUPPORTED,BSDS500 Sobel/Harris patches and MNIST CNN-lite scalar-replicated adapter,EVIDENCE_REGISTRY,,PASS
journal_v10,6.1 RQ1: 공격적인 후보는 실제로 판단을 바꾸는가?,p173.s1,동일 polynomial threshold workload에서 EVA가 생성한 scale 20·30·40 후보를 비교했다.,YES,BACKGROUND,,BACKGROUND,Background/definition only,YES,,PASS
journal_v10,6.1 RQ1: 공격적인 후보는 실제로 판단을 바꾸는가?,p173.s2,Scale 20은 500개 validation 입력과 3개 context에서 133회의 판단 반전을 일으켰고 최대 절대 오차는 1.2115였다.,YES,eva_substantial_population_and_locked_audit;finite_scope_decision_integrity,docs/evidence/focused_external_comparison_v8/claim_admission.json;direct_confirmatory;direct_development;margin_interpretation;no_safe,PARTIALLY_SUPPORTED,V8 external-comparison declared workload and runtime scope | declared finite validation and locked-audit artifacts,EVIDENCE_REGISTRY,,PASS
journal_v10,6.1 RQ1: 공격적인 후보는 실제로 판단을 바꾸는가?,p173.s4,"사전에 정한 선택 규칙은 scale 30을 고정했고, 별도의 500개 audit에서도 flip 0, retuning 0으로 SAFE였다.",YES,BACKGROUND,,BACKGROUND,Background/definition only,YES,,PASS
journal_v10,6.1 RQ1: 공격적인 후보는 실제로 판단을 바꾸는가?,p173.s5,이는 작은 절대 오차만 확인하는 대신 응용 판단을 직접 검사해야 함을 보여준다.,YES,BACKGROUND,,BACKGROUND,Background/definition only,YES,,PASS
journal_v10,6.1 RQ1: 공격적인 후보는 실제로 판단을 바꾸는가?,p176.s3,EVA scale candidates: numerical error and decision flips.,NO,BACKGROUND,,BACKGROUND,Background/definition only,YES,,PASS
journal_v10,6.1 RQ1: 공격적인 후보는 실제로 판단을 바꾸는가?,p177.s2,EVA scale별 validation 및 설정 고정 최종 검증.,NO,BACKGROUND,,BACKGROUND,Background/definition only,YES,,PASS
journal_v10,6.1 RQ1: 공격적인 후보는 실제로 판단을 바꾸는가?,p178.s1,EVA scale,NO,BACKGROUND,,BACKGROUND,Background/definition only,YES,,PASS
journal_v10,6.1 RQ1: 공격적인 후보는 실제로 판단을 바꾸는가?,p185.s1,S20,NO,eva_substantial_population_and_locked_audit,docs/evidence/focused_external_comparison_v8/claim_admission.json,SUPPORTED,V8 external-comparison declared workload and runtime scope,EVIDENCE_REGISTRY,,PASS
journal_v10,6.1 RQ1: 공격적인 후보는 실제로 판단을 바꾸는가?,p192.s1,S30,NO,eva_substantial_population_and_locked_audit,docs/evidence/focused_external_comparison_v8/claim_admission.json,SUPPORTED,V8 external-comparison declared workload and runtime scope,EVIDENCE_REGISTRY,,PASS
journal_v10,6.1 RQ1: 공격적인 후보는 실제로 판단을 바꾸는가?,p199.s1,S40,NO,eva_substantial_population_and_locked_audit,docs/evidence/focused_external_comparison_v8/claim_admission.json,SUPPORTED,V8 external-comparison declared workload and runtime scope,EVIDENCE_REGISTRY,,PASS
journal_v10,6.1 RQ1: 공격적인 후보는 실제로 판단을 바꾸는가?,p206.s1,S30,NO,eva_substantial_population_and_locked_audit,docs/evidence/focused_external_comparison_v8/claim_admission.json,SUPPORTED,V8 external-comparison declared workload and runtime scope,EVIDENCE_REGISTRY,,PASS
journal_v10,6.1 RQ1: 공격적인 후보는 실제로 판단을 바꾸는가?,p207.s1,Locked audit,NO,primary_no_retuning_locked_audit,direct_confirmatory;direct_development,SUPPORTED,10 dataset-model workloads and five deterministic repeated partitions,EVIDENCE_REGISTRY,,PASS
journal_v10,6.1 RQ1: 공격적인 후보는 실제로 판단을 바꾸는가?,p213.s1,S40,NO,eva_substantial_population_and_locked_audit,docs/evidence/focused_external_comparison_v8/claim_admission.json,SUPPORTED,V8 external-comparison declared workload and runtime scope,EVIDENCE_REGISTRY,,PASS
journal_v10,6.1 RQ1: 공격적인 후보는 실제로 판단을 바꾸는가?,p214.s1,Locked audit,NO,primary_no_retuning_locked_audit,direct_confirmatory;direct_development,SUPPORTED,10 dataset-model workloads and five deterministic repeated partitions,EVIDENCE_REGISTRY,,PASS
journal_v10,6.2 RQ2: 서로 다른 구성 생성기를 같은 기준으로 비교할 수 있는가?,p222.s1,HEIR-Lattigo와 HEIR-OpenFHE는 exact operation order를 가진 같은 polynomial workload의 validation 500개와 audit 500개에서 판단 반전과 오차 기준 위반이 0이었다.,NO,heir_decision_bearing_shared_polynomial;finite_scope_decision_integrity,docs/evidence/focused_external_comparison_v8/claim_admission.json;direct_confirmatory;direct_development;margin_interpretation;no_safe,PARTIALLY_SUPPORTED,V8 external-comparison declared workload and runtime scope | declared finite validation and locked-audit artifacts,EVIDENCE_REGISTRY,,PASS
journal_v10,6.2 RQ2: 서로 다른 구성 생성기를 같은 기준으로 비교할 수 있는가?,p222.s2,HEIR-Lattigo는 Security-V2를 통과했고 FlipGuard·catalog와 같은 Lattigo v6.2.0 harness에 연결됐다.,YES,heir_decision_bearing_shared_polynomial;security_attestation,docs/evidence/focused_external_comparison_v8/claim_admission.json;security_attestation;exact_estimator,PARTIALLY_SUPPORTED,"V8 external-comparison declared workload and runtime scope | attested direct, catalog, reference, and latency-arm literals",EVIDENCE_REGISTRY,,PASS
journal_v10,6.2 RQ2: 서로 다른 구성 생성기를 같은 기준으로 비교할 수 있는가?,p222.s3,"Common harness의 평균 total latency는 HEIR 49.06 ms, direct 61.19 ms, catalog 312.70 ms였다.",YES,formal_trial_reduction,final_suite;bounded_oracle,SUPPORTED,Security-V2-admitted 7 profiles x 2 paths over the declared instances,EVIDENCE_REGISTRY,,PASS
journal_v10,6.2 RQ2: 서로 다른 구성 생성기를 같은 기준으로 비교할 수 있는가?,p222.s4,그러나 direct는 한 V_amb 입력에서 반복 측정 중 8회 flip이 발생했으므로 HEIR/direct 및 catalog/direct 성능 주장은 차단했다.,YES,paired_latency;direct_repeat_flip_classification,paired_latency_admission;bounded_oracle,PARTIALLY_SUPPORTED,"one host, frozen direct and Security-V2 bounded-catalog arms | V9 external comparison scope",EVIDENCE_REGISTRY,,PASS
journal_v10,6.2 RQ2: 서로 다른 구성 생성기를 같은 기준으로 비교할 수 있는가?,p222.s5,"안정적인 catalog와 HEIR 사이에서만 catalog/HEIR ratio 6.3935, 95% CI [6.3612, 6.4271]을 허용했다.",YES,p3_catalog_over_heir_latency,,SUPPORTED,V9 external comparison scope,EVIDENCE_REGISTRY,,PASS
journal_v10,6.2 RQ2: 서로 다른 구성 생성기를 같은 기준으로 비교할 수 있는가?,p225.s3,Exact shared polynomial candidates in a common Lattigo executor.,NO,heir_decision_bearing_shared_polynomial,docs/evidence/focused_external_comparison_v8/claim_admission.json,SUPPORTED,V8 external-comparison declared workload and runtime scope,EVIDENCE_REGISTRY,,PASS
journal_v10,6.2 RQ2: 서로 다른 구성 생성기를 같은 기준으로 비교할 수 있는가?,p226.s2,동일 Lattigo 실행기의 exact graph 후보 결과.,NO,BACKGROUND,,BACKGROUND,Background/definition only,YES,,PASS
journal_v10,6.2 RQ2: 서로 다른 구성 생성기를 같은 기준으로 비교할 수 있는가?,p239.s1,Security-V2 PASS,NO,security_attestation,security_attestation;exact_estimator,PARTIALLY_SUPPORTED,"attested direct, catalog, reference, and latency-arm literals",EVIDENCE_REGISTRY,,PASS
journal_v10,6.2 RQ2: 서로 다른 구성 생성기를 같은 기준으로 비교할 수 있는가?,p246.s1,Security-V2 PASS,NO,security_attestation,security_attestation;exact_estimator,PARTIALLY_SUPPORTED,"attested direct, catalog, reference, and latency-arm literals",EVIDENCE_REGISTRY,,PASS
journal_v10,6.2 RQ2: 서로 다른 구성 생성기를 같은 기준으로 비교할 수 있는가?,p249.s1,312.70,NO,formal_trial_reduction,final_suite;bounded_oracle,SUPPORTED,Security-V2-admitted 7 profiles x 2 paths over the declared instances,EVIDENCE_REGISTRY,,PASS
journal_v10,6.2 RQ2: 서로 다른 구성 생성기를 같은 기준으로 비교할 수 있는가?,p253.s1,Security-V2 PASS,NO,security_attestation,security_attestation;exact_estimator,PARTIALLY_SUPPORTED,"attested direct, catalog, reference, and latency-arm literals",EVIDENCE_REGISTRY,,PASS
journal_v10,6.3 RQ3: 직접 합성은 후보 실행 비용을 줄이는가?,p256.s1,6.3 RQ3: 직접 합성은 후보 실행 비용을 줄이는가?,NO,formal_trial_reduction;scoped_direct_synthesis,final_suite;bounded_oracle;direct_confirmatory;direct_development,SUPPORTED,"Security-V2-admitted 7 profiles x 2 paths over the declared instances | declared tabular, polynomial, Sobel, Harris, and scalar-replicated CNN-lite adapters",EVIDENCE_REGISTRY,,PASS
journal_v10,6.3 RQ3: 직접 합성은 후보 실행 비용을 줄이는가?,p257.s1,50개 workload-partition에서 Security-V2 고정 후보군은 700개의 후보를 포함했다.,YES,formal_trial_reduction;security_attestation,final_suite;bounded_oracle;security_attestation;exact_estimator,PARTIALLY_SUPPORTED,"Security-V2-admitted 7 profiles x 2 paths over the declared instances | attested direct, catalog, reference, and latency-arm literals",EVIDENCE_REGISTRY,,PASS
journal_v10,6.3 RQ3: 직접 합성은 후보 실행 비용을 줄이는가?,p257.s2,FlipGuard direct는 70회의 후보 실행으로 모든 instance에서 SAFE 구성을 찾았다.,NO,formal_trial_reduction,final_suite;bounded_oracle,SUPPORTED,Security-V2-admitted 7 profiles x 2 paths over the declared instances,EVIDENCE_REGISTRY,,PASS
journal_v10,6.3 RQ3: 직접 합성은 후보 실행 비용을 줄이는가?,p257.s3,"Instance당 평균 1.4회, 중앙값 1회, IQR 1, 최댓값 2회였으며 30개는 첫 후보에서, 20개는 한 번의 수치 보정 후 선택됐다.",YES,BACKGROUND,,BACKGROUND,Background/definition only,YES,,PASS
journal_v10,6.3 RQ3: 직접 합성은 후보 실행 비용을 줄이는가?,p257.s4,Confirmatory 40개 선택 구성은 설정 고정 최종 검증을 모두 통과했고 판단 반전·보정은 0이었다.,YES,finite_scope_decision_integrity,direct_confirmatory;direct_development;margin_interpretation;no_safe,PARTIALLY_SUPPORTED,declared finite validation and locked-audit artifacts,EVIDENCE_REGISTRY,,PASS
journal_v10,6.3 RQ3: 직접 합성은 후보 실행 비용을 줄이는가?,p257.s5,"동일 host paired protocol에서 catalog/direct total-latency ratio의 dataset-model cluster 기하평균은 3.1407, 95% CI [2.3423, 4.2153]이었다.",NO,paired_latency,paired_latency_admission;bounded_oracle,PARTIALLY_SUPPORTED,"one host, frozen direct and Security-V2 bounded-catalog arms",EVIDENCE_REGISTRY,,PASS
journal_v10,6.3 RQ3: 직접 합성은 후보 실행 비용을 줄이는가?,p264.s1,Security-V2 고정 후보,NO,security_attestation,security_attestation;exact_estimator,PARTIALLY_SUPPORTED,"attested direct, catalog, reference, and latency-arm literals",EVIDENCE_REGISTRY,,PASS
journal_v10,6.3 RQ3: 직접 합성은 후보 실행 비용을 줄이는가?,p265.s1,700,NO,formal_trial_reduction,final_suite;bounded_oracle,SUPPORTED,Security-V2-admitted 7 profiles x 2 paths over the declared instances,EVIDENCE_REGISTRY,,PASS
journal_v10,6.3 RQ3: 직접 합성은 후보 실행 비용을 줄이는가?,p266.s1,Direct 후보 실행,NO,formal_trial_reduction,final_suite;bounded_oracle,SUPPORTED,Security-V2-admitted 7 profiles x 2 paths over the declared instances,EVIDENCE_REGISTRY,,PASS
journal_v10,6.3 RQ3: 직접 합성은 후보 실행 비용을 줄이는가?,p267.s1,70,NO,formal_trial_reduction,final_suite;bounded_oracle,SUPPORTED,Security-V2-admitted 7 profiles x 2 paths over the declared instances,EVIDENCE_REGISTRY,,PASS
journal_v10,6.3 RQ3: 직접 합성은 후보 실행 비용을 줄이는가?,p268.s1,Instance당 trial,NO,formal_trial_reduction,final_suite;bounded_oracle,SUPPORTED,Security-V2-admitted 7 profiles x 2 paths over the declared instances,EVIDENCE_REGISTRY,,PASS
journal_v10,30 / 20,p274.s1,Confirmatory locked audit,NO,primary_no_retuning_locked_audit,direct_confirmatory;direct_development,SUPPORTED,10 dataset-model workloads and five deterministic repeated partitions,EVIDENCE_REGISTRY,,PASS
journal_v10,30 / 20,p275.s1,40/40 PASS; retuning 0,NO,primary_no_retuning_locked_audit,direct_confirmatory;direct_development,SUPPORTED,10 dataset-model workloads and five deterministic repeated partitions,EVIDENCE_REGISTRY,,PASS
journal_v10,30 / 20,p276.s1,Catalog/direct total latency,NO,paired_latency,paired_latency_admission;bounded_oracle,PARTIALLY_SUPPORTED,"one host, frozen direct and Security-V2 bounded-catalog arms",EVIDENCE_REGISTRY,,PASS
journal_v10,30 / 20,p277.s1,"3.1407× (95% CI [2.3423, 4.2153])",NO,paired_latency,paired_latency_admission;bounded_oracle,PARTIALLY_SUPPORTED,"one host, frozen direct and Security-V2 bounded-catalog arms",EVIDENCE_REGISTRY,,PASS
journal_v10,6.4 CoreLab plan grid와 추가 강건성,p279.s1,6.4 CoreLab plan grid와 추가 강건성,NO,corelab_eva_elasm_numerical_grid,,PARTIALLY_SUPPORTED,V9 external comparison scope,EVIDENCE_REGISTRY,,PASS
journal_v10,6.4 CoreLab plan grid와 추가 강건성,p280.s1,CoreLab 공식 LinearRegression에서 EVA mode 36개와 ELASM mode 36개를 생성했다.,NO,corelab_eva_elasm_numerical_grid,,PARTIALLY_SUPPORTED,V9 external comparison scope,EVIDENCE_REGISTRY,,PASS
journal_v10,6.4 CoreLab plan grid와 추가 강건성,p280.s2,"EVA 36/36, ELASM 34/36이 암호화 end-to-end에 성공했고, 성공 plan마다 동일한 고유 입력 200개를 실행해 14,000 numerical row를 확보했다.",NO,corelab_eva_elasm_numerical_grid,,PARTIALLY_SUPPORTED,V9 external comparison scope,EVIDENCE_REGISTRY,,PASS
journal_v10,6.4 CoreLab plan grid와 추가 강건성,p280.s3,이 workload에는 자연스러운 사전 decision rule이 없어 error-latency plan 분포로만 사용한다.,YES,BACKGROUND,,BACKGROUND,Background/definition only,YES,,PASS
journal_v10,6.4 CoreLab plan grid와 추가 강건성,p280.s4,"다중 클래스 MLP-100과 LeNet-5-small은 각각 500 validation과 500 audit에서 argmax flip 0이었고, Sobel 400+400, Harris 200+200, CNN-lite 250+250 및 독립 학습 모델 9개에서도 설정 고정 검증을 수행했다.",YES,scoped_non_tabular_extension;training_model_seed_extension;multiclass_argmax_proposition;mlp100_finite_validation_audit;lenet5_small_finite_validation_audit,sobel;harris;cnn_lite;training_seed;docs/evidence/journal_multiclass_extension_v1/multiclass_contract.json;internal/certify/multiclass_decision_contract.go;internal/certify/multiclass_decision_contract_test.go;docs/evidence/journal_multiclass_extension_results_v1/summary.json;datasets/journal_multiclass_extension_v1/mnist/input_split_manifest.json,PARTIALLY_SUPPORTED,"BSDS500 Sobel/Harris patches and MNIST CNN-lite scalar-replicated adapter | 3 datasets x 3 predeclared independent training/data seeds | finite logits with finite class-wise error bounds, strict inequalities, and no plaintext tie | one frozen MNIST MLP-100 model, 1,000 predeclared encrypted test images, scalar-replicated execution | one frozen MNIST LeNet-5-small model, 1,000 predeclared encrypted test images, declared scalar-replicated adapter",EVIDENCE_REGISTRY,,PASS
journal_v10,6.4 CoreLab plan grid와 추가 강건성,p283.s3,CoreLab EVA and ELASM error-latency plan grid.,NO,corelab_eva_elasm_numerical_grid,,PARTIALLY_SUPPORTED,V9 external comparison scope,EVIDENCE_REGISTRY,,PASS
journal_v10,6.4 CoreLab plan grid와 추가 강건성,p289.s1,CoreLab EVA/ELASM,NO,corelab_eva_elasm_numerical_grid,,PARTIALLY_SUPPORTED,V9 external comparison scope,EVIDENCE_REGISTRY,,PASS
journal_v10,70 encrypted E2E; ELASM 2 failed,p291.s1,70 encrypted E2E; ELASM 2 failed,NO,formal_trial_reduction,final_suite;bounded_oracle,SUPPORTED,Security-V2-admitted 7 profiles x 2 paths over the declared instances,EVIDENCE_REGISTRY,,PASS
journal_v10,70 encrypted E2E; ELASM 2 failed,p293.s1,MNIST MLP-100,NO,mlp100_finite_validation_audit,docs/evidence/journal_multiclass_extension_results_v1/summary.json;datasets/journal_multiclass_extension_v1/mnist/input_split_manifest.json,SUPPORTED,"one frozen MNIST MLP-100 model, 1,000 predeclared encrypted test images, scalar-replicated execution",EVIDENCE_REGISTRY,,PASS
journal_v10,70 encrypted E2E; ELASM 2 failed,p295.s1,0/0 argmax flips; SAFE,NO,multiclass_argmax_proposition,docs/evidence/journal_multiclass_extension_v1/multiclass_contract.json;internal/certify/multiclass_decision_contract.go;internal/certify/multiclass_decision_contract_test.go,SUPPORTED,"finite logits with finite class-wise error bounds, strict inequalities, and no plaintext tie",EVIDENCE_REGISTRY,,PASS
journal_v10,1 model seed,p297.s1,LeNet-5-small,NO,lenet5_small_finite_validation_audit,docs/evidence/journal_multiclass_extension_results_v1/summary.json;datasets/journal_multiclass_extension_v1/mnist/input_split_manifest.json,SUPPORTED,"one frozen MNIST LeNet-5-small model, 1,000 predeclared encrypted test images, declared scalar-replicated adapter",EVIDENCE_REGISTRY,,PASS
journal_v10,1 model seed,p299.s1,0/0 argmax flips; SAFE,NO,multiclass_argmax_proposition,docs/evidence/journal_multiclass_extension_v1/multiclass_contract.json;internal/certify/multiclass_decision_contract.go;internal/certify/multiclass_decision_contract_test.go,SUPPORTED,"finite logits with finite class-wise error bounds, strict inequalities, and no plaintext tie",EVIDENCE_REGISTRY,,PASS
journal_v10,1 model seed,p301.s1,Sobel/Harris,NO,scoped_non_tabular_extension,sobel;harris;cnn_lite,PARTIALLY_SUPPORTED,BSDS500 Sobel/Harris patches and MNIST CNN-lite scalar-replicated adapter,EVIDENCE_REGISTRY,,PASS
journal_v10,1 model seed,p303.s1,Locked audit PASS,NO,primary_no_retuning_locked_audit,direct_confirmatory;direct_development,SUPPORTED,10 dataset-model workloads and five deterministic repeated partitions,EVIDENCE_REGISTRY,,PASS
journal_v10,1 model seed,p305.s1,CNN-lite,NO,scoped_non_tabular_extension,sobel;harris;cnn_lite,PARTIALLY_SUPPORTED,BSDS500 Sobel/Harris patches and MNIST CNN-lite scalar-replicated adapter,EVIDENCE_REGISTRY,,PASS
journal_v10,1 model seed,p307.s1,Locked audit PASS,NO,primary_no_retuning_locked_audit,direct_confirmatory;direct_development,SUPPORTED,10 dataset-model workloads and five deterministic repeated partitions,EVIDENCE_REGISTRY,,PASS
journal_v10,1 model seed,p309.s1,NO_SAFE controls,NO,no_safe_behavior,no_safe,SUPPORTED,one-candidate budget control and declared two-candidate finite domain,EVIDENCE_REGISTRY,,PASS
journal_v10,40 one-candidate + 50 two-candidate,p311.s1,16/40 and 50/50 NO_SAFE,NO,no_safe_behavior,no_safe,SUPPORTED,one-candidate budget control and declared two-candidate finite domain,EVIDENCE_REGISTRY,,PASS
journal_v10,VII. 논의 및 한계,p315.s2,"EVA scale 20은 빠른 후보가 판단을 바꿀 수 있음을 보여주고, HEIR가 direct보다 빠른 common-executor 결과는 FlipGuard가 자기 후보가 아니라 외부의 더 적합한 후보를 선택해야 함을 보여준다.",YES,BACKGROUND,,BACKGROUND,Background/definition only,YES,,PASS
journal_v10,VII. 논의 및 한계,p315.s3,따라서 FlipGuard의 주인공은 특정 합성 규칙이 아니라 후보 출처와 무관한 결정 안정성 기반 선택 계층이다.,YES,finite_scope_decision_integrity,direct_confirmatory;direct_development;margin_interpretation;no_safe,PARTIALLY_SUPPORTED,declared finite validation and locked-audit artifacts,EVIDENCE_REGISTRY,,PASS
journal_v10,VII. 논의 및 한계,p316.s3,"결정 경계에 가까운 V_amb 입력은 별도 공개하며, common-executor direct 반복 flip은 이 한계를 보여준다.",NO,direct_repeat_flip_classification,,SUPPORTED,V9 external comparison scope,EVIDENCE_REGISTRY,,PASS
journal_v10,VII. 논의 및 한계,p317.s1,Catalog는 22개 profile에서 Security-V2에 적합한 후보를 고른 유한 비교군이다.,NO,security_attestation,security_attestation;exact_estimator,PARTIALLY_SUPPORTED,"attested direct, catalog, reference, and latency-arm literals",EVIDENCE_REGISTRY,,PASS
journal_v10,VII. 논의 및 한계,p317.s2,"HEIR 비교의 6.3935배는 exact polynomial, 100개 latency input, 3 keyset, 6 pass와 단일 host에 한정한다.",YES,p3_catalog_over_heir_latency,,SUPPORTED,V9 external comparison scope,EVIDENCE_REGISTRY,,PASS
journal_v10,VII. 논의 및 한계,p317.s3,Native EVA·OpenFHE·CoreLab latency는 runtime과 security assumption이 달라 cross-runtime 순위로 합치지 않았다.,NO,corelab_eva_elasm_numerical_grid,,PARTIALLY_SUPPORTED,V9 external comparison scope,EVIDENCE_REGISTRY,,PASS
journal_v10,VII. 논의 및 한계,p318.s2,"후속 연구는 packed tensor graph, 다중 host, 더 많은 training seed와 primitive analytical bound의 완전한 인스턴스화를 다뤄야 한다.",NO,training_model_seed_extension,training_seed,PARTIALLY_SUPPORTED,3 datasets x 3 predeclared independent training/data seeds,EVIDENCE_REGISTRY,,PASS
journal_v10,VIII. 결론,p320.s1,본 논문은 CKKS 구성 생성과 응용 수준의 판단 책임 사이를 연결하는 FlipGuard를 제안했다.,YES,BACKGROUND,,BACKGROUND,Background/definition only,YES,,PASS
journal_v10,VIII. 결론,p320.s2,"FlipGuard는 기본·고정 후보군·외부 compiler·내장 direct 후보를 동일한 결정 안정성 기준으로 검사하고, 적합한 후보 중 가장 빠른 구성을 선택하거나 NO_SAFE로 중단한다.",YES,no_safe_behavior;finite_scope_decision_integrity,no_safe;direct_confirmatory;direct_development;margin_interpretation,PARTIALLY_SUPPORTED,one-candidate budget control and declared two-candidate finite domain | declared finite validation and locked-audit artifacts,EVIDENCE_REGISTRY,,PASS
journal_v10,VIII. 결론,p320.s3,"통제된 주 실험에서 후보 실행을 70/700으로 줄이고 40/40 설정 고정 최종 검증을 통과했으며, EVA 후보에서 133회의 실제 판단 반전을 검출했다.",YES,formal_trial_reduction;primary_no_retuning_locked_audit;eva_substantial_population_and_locked_audit;finite_scope_decision_integrity,final_suite;bounded_oracle;direct_confirmatory;direct_development;docs/evidence/focused_external_comparison_v8/claim_admission.json;margin_interpretation;no_safe,PARTIALLY_SUPPORTED,Security-V2-admitted 7 profiles x 2 paths over the declared instances | 10 dataset-model workloads and five deterministic repeated partitions | V8 external-comparison declared workload and runtime scope | declared finite validation and locked-audit artifacts,EVIDENCE_REGISTRY,,PASS
journal_v10,VIII. 결론,p320.s4,HEIR exact common executor는 외부 후보가 가장 적합한 경우 이를 선택할 수 있음을 보여줬다.,YES,BACKGROUND,,BACKGROUND,Background/definition only,YES,,PASS
journal_v10,VIII. 결론,p320.s5,"결과는 유한 후보·입력·그래프·보안 모델 범위에 한정되지만, CKKS configuration automation과 실제 서비스 결정 사이에 명시적이고 재현 가능한 적합성 판정 계층을 제공한다.",YES,BACKGROUND,,BACKGROUND,Background/definition only,YES,,PASS
journal_v10,References,p323.s1,[1] J.,NO,BACKGROUND,,BACKGROUND,Background/definition only,[1],,PASS
journal_v10,References,p324.s1,[9] W.,NO,BACKGROUND,,BACKGROUND,Background/definition only,[9],,PASS
journal_v10,References,p324.s4,"Boddeti, “AutoFHE: Automated Adaption of CNNs for Efficient Evaluation over FHE,” Proc.",NO,BACKGROUND,,BACKGROUND,Background/definition only,YES,,PASS
journal_v10,References,p324.s6,"2173-2190, 2024.",NO,structural_extension,structural;structural_failure;margin_interpretation,PARTIALLY_SUPPORTED,five datasets x five deterministic partitions for mlp_square_poly3,EVIDENCE_REGISTRY,,PASS
journal_v10,References,p325.s1,[2] R.,NO,BACKGROUND,,BACKGROUND,Background/definition only,[2],,PASS
journal_v10,References,p325.s2,"Dathathri et al., “CHET: An Optimizing Compiler for Fully-Homomorphic Neural-Network Inferencing,” Proc.",NO,BACKGROUND,,BACKGROUND,Background/definition only,YES,,PASS
journal_v10,References,p326.s1,[10] A.,NO,BACKGROUND,,BACKGROUND,Background/definition only,[10],,PASS
journal_v10,References,p327.s1,[3] R.,NO,BACKGROUND,,BACKGROUND,Background/definition only,[3],,PASS
journal_v10,References,p327.s2,"Dathathri et al., “EVA: An Encrypted Vector Arithmetic Language and Compiler for Efficient Homomorphic Computation,” Proc.",NO,BACKGROUND,,BACKGROUND,Background/definition only,YES,,PASS
journal_v10,References,p328.s1,[11] A.,NO,BACKGROUND,,BACKGROUND,Background/definition only,[11],,PASS
journal_v10,References,p328.s3,"Neuhaus et al., “Orion: A Compiler for Encrypted Deep Learning,” Proc.",NO,orion_official_encrypted_self_test,,PARTIALLY_SUPPORTED,V9 external comparison scope,EVIDENCE_REGISTRY,,PASS
journal_v10,References,p329.s1,[4] Y.,NO,BACKGROUND,,BACKGROUND,Background/definition only,[4],,PASS
journal_v10,References,p329.s2,"Lee et al., “HECATE: Performance-Aware Scale Optimization for Homomorphic Encryption Compiler,” Proc.",NO,hecate_measured_provider,,NOT_EVALUATED,V9 external comparison scope,EVIDENCE_REGISTRY,,PASS
journal_v10,References,p330.s1,[12] J.,NO,BACKGROUND,,BACKGROUND,Background/definition only,[12],,PASS
journal_v10,References,p331.s1,[5] Y.,NO,BACKGROUND,,BACKGROUND,Background/definition only,[5],,PASS
journal_v10,References,p332.s1,[13] J.,NO,BACKGROUND,,BACKGROUND,Background/definition only,[13],,PASS
journal_v10,References,p332.s2,"Nam et al., “SLOTHE: Efficient Evaluation of Non-Arithmetic Neural-Network Functions over FHE,” Proc.",NO,BACKGROUND,,BACKGROUND,Background/definition only,YES,,PASS
journal_v10,References,p333.s1,[6] A.,NO,BACKGROUND,,BACKGROUND,Background/definition only,[6],,PASS
journal_v10,References,p333.s5,"Hithnawi, “HECO: Fully Homomorphic Encryption Compiler,” Proc.",NO,BACKGROUND,,BACKGROUND,Background/definition only,YES,,PASS
journal_v10,References,p334.s1,[14] A.,NO,BACKGROUND,,BACKGROUND,Background/definition only,[14],,PASS
journal_v10,References,p334.s5,"Polyakov, “Application-Aware Approximate Homomorphic Encryption: Configuring FHE for Practical Use,” IACR Communications in Cryptology, vol.",NO,BACKGROUND,,BACKGROUND,Background/definition only,YES,,PASS
journal_v10,References,p335.s1,[7] S.,NO,BACKGROUND,,BACKGROUND,Background/definition only,[7],,PASS
journal_v10,References,p335.s2,"Cheon et al., “DaCapo: Automatic Bootstrapping Management for Efficient Fully Homomorphic Encryption,” Proc.",NO,BACKGROUND,,BACKGROUND,Background/definition only,YES,,PASS
journal_v10,References,p335.s4,"6993-7010, 2024.",NO,formal_trial_reduction;structural_extension,final_suite;bounded_oracle;structural;structural_failure;margin_interpretation,PARTIALLY_SUPPORTED,Security-V2-admitted 7 profiles x 2 paths over the declared instances | five datasets x five deterministic partitions for mlp_square_poly3,EVIDENCE_REGISTRY,,PASS
journal_v10,References,p336.s1,[15] N.,NO,BACKGROUND,,BACKGROUND,Background/definition only,[15],,PASS
journal_v10,References,p336.s2,"Xu et al., “FHE-Agent: Automating CKKS Configuration for Practical Encrypted Inference via an LLM-Guided Agentic Framework,” arXiv:2511.18653, 2025.",NO,BACKGROUND,,BACKGROUND,Background/definition only,YES,,PASS
journal_v10,References,p337.s1,[8] Q.,NO,BACKGROUND,,BACKGROUND,Background/definition only,[8],,PASS
journal_v10,References,p338.s1,[16] J.-P.,NO,BACKGROUND,,BACKGROUND,Background/definition only,[16],,PASS
thesis_v10,FRONT_MATTER,p3.s1,결정 안정성 제약 기반 CKKS 실행 구성 선택에 관한 연구,YES,finite_scope_decision_integrity,direct_confirmatory;direct_development;margin_interpretation;no_safe,PARTIALLY_SUPPORTED,declared finite validation and locked-audit artifacts,EVIDENCE_REGISTRY,,PASS
thesis_v10,FRONT_MATTER,p4.s1,A Study on Decision-Stability-Constrained Selection of CKKS Configurations,NO,BACKGROUND,,BACKGROUND,Background/definition only,YES,,PASS
thesis_v10,FRONT_MATTER,p10.s1,결정 안정성 제약 기반 CKKS 실행 구성 선택에 관한 연구,YES,finite_scope_decision_integrity,direct_confirmatory;direct_development;margin_interpretation;no_safe,PARTIALLY_SUPPORTED,declared finite validation and locked-audit artifacts,EVIDENCE_REGISTRY,,PASS
thesis_v10,FRONT_MATTER,p11.s1,A Study on Decision-Stability-Constrained Selection of CKKS Configurations,NO,BACKGROUND,,BACKGROUND,Background/definition only,YES,,PASS
thesis_v10,FRONT_MATTER,p26.s1,결정 안정성 제약 기반 CKKS 실행 구성 선택에 관한 연구,YES,finite_scope_decision_integrity,direct_confirmatory;direct_development;margin_interpretation;no_safe,PARTIALLY_SUPPORTED,declared finite validation and locked-audit artifacts,EVIDENCE_REGISTRY,,PASS
thesis_v10,FRONT_MATTER,p27.s1,"CKKS는 암호문 상태에서 실수형 연산을 지원하지만 근사 오차가 존재하며, 같은 계산 그래프도 ring dimension, modulus chain, scale과 rescale 계획에 따라 실행시간과 오차가 달라진다.",YES,BACKGROUND,,BACKGROUND,Background/definition only,YES,,PASS
thesis_v10,FRONT_MATTER,p27.s2,"기존 compiler와 autotuner는 parameter, scale, bootstrapping 또는 신경망 구조를 자동화하지만, 생성된 후보가 실제 서비스의 threshold 또는 argmax 판단을 유지하는지는 별도의 배포 책임으로 남는다.",YES,multiclass_argmax_proposition,docs/evidence/journal_multiclass_extension_v1/multiclass_contract.json;internal/certify/multiclass_decision_contract.go;internal/certify/multiclass_decision_contract_test.go,SUPPORTED,"finite logits with finite class-wise error bounds, strict inequalities, and no plaintext tie",EVIDENCE_REGISTRY,,PASS
thesis_v10,FRONT_MATTER,p28.s1,"본 논문은 서로 다른 구성 생성기가 만든 CKKS 후보를 동일한 결정 안정성 기준으로 검사하고, 적합한 후보 중 가장 빠른 구성을 선택하는 FlipGuard를 제안한다.",YES,finite_scope_decision_integrity,direct_confirmatory;direct_development;margin_interpretation;no_safe,PARTIALLY_SUPPORTED,declared finite validation and locked-audit artifacts,EVIDENCE_REGISTRY,,PASS
thesis_v10,FRONT_MATTER,p28.s2,"FlipGuard는 model·graph·input·decision rule·security policy를 workload contract로 결속하고, 실제 암호화 validation에서 SAFE, REJECTED, FAILED를 구분한다.",YES,BACKGROUND,,BACKGROUND,Background/definition only,YES,,PASS
thesis_v10,FRONT_MATTER,p28.s3,"후보 예산 안에 SAFE가 없으면 NO_SAFE로 중단하며, 선택된 후보는 별도의 audit 입력에서 configuration을 변경하지 않고 다시 검증한다.",YES,no_safe_behavior,no_safe,SUPPORTED,one-candidate budget control and declared two-candidate finite domain,EVIDENCE_REGISTRY,,PASS
thesis_v10,FRONT_MATTER,p28.s4,후보 탐색 비용을 줄이기 위해 graph fact와 결정 여유에서 초기 구성을 계산하는 내장 direct synthesizer와 실패 원인별 제한적 보정을 제공한다.,YES,BACKGROUND,,BACKGROUND,Background/definition only,YES,,PASS
thesis_v10,FRONT_MATTER,p29.s1,"5개 공개 데이터셋과 2개 이진 graph family의 5개 반복 분할, 총 50개 workload-partition에서 FlipGuard는 Security-V2 고정 후보군 700개 대비 70회의 암호화 후보 실행으로 모든 instance의 구성을 선택했다.",YES,formal_trial_reduction;security_attestation,final_suite;bounded_oracle;security_attestation;exact_estimator,PARTIALLY_SUPPORTED,"Security-V2-admitted 7 profiles x 2 paths over the declared instances | attested direct, catalog, reference, and latency-arm literals",EVIDENCE_REGISTRY,,PASS
thesis_v10,FRONT_MATTER,p29.s2,Confirmatory 40개 선택 구성은 설정 고정 최종 검증을 모두 통과했다.,YES,BACKGROUND,,BACKGROUND,Background/definition only,YES,,PASS
thesis_v10,FRONT_MATTER,p29.s3,"외부 EVA 후보의 1,000개 고유 입력 실험에서는 scale 20이 validation 500개에서 133회의 판단 반전을 일으킨 반면, scale 30과 40은 반전이 없었고 선택된 scale 30은 audit 500개에서도 판단을 유지했다.",YES,eva_substantial_population_and_locked_audit;finite_scope_decision_integrity,docs/evidence/focused_external_comparison_v8/claim_admission.json;direct_confirmatory;direct_development;margin_interpretation;no_safe,PARTIALLY_SUPPORTED,V8 external-comparison declared workload and runtime scope | declared finite validation and locked-audit artifacts,EVIDENCE_REGISTRY,,PASS
thesis_v10,FRONT_MATTER,p29.s4,동일 Lattigo 실행기의 exact polynomial 비교에서는 안정적인 HEIR 구성과 고정 후보군 사이에서 catalog/HEIR total-latency ratio 6.3935를 관측했다.,YES,p3_catalog_over_heir_latency,,SUPPORTED,V9 external comparison scope,EVIDENCE_REGISTRY,,PASS
thesis_v10,FRONT_MATTER,p29.s5,Direct 후보는 한 V_amb 입력에서 반복 flip이 발생하여 관련 성능 주장을 차단했다.,YES,direct_repeat_flip_classification,,SUPPORTED,V9 external comparison scope,EVIDENCE_REGISTRY,,PASS
thesis_v10,FRONT_MATTER,p30.s2,"다만 모든 결론은 선언된 후보 집합, 유한 입력, 지원 graph adapter, security interpretation과 단일 host 범위에 한정되며 distribution-wide analytical safety를 의미하지 않는다.",YES,BACKGROUND,,BACKGROUND,Background/definition only,YES,,PASS
thesis_v10,FRONT_MATTER,p31.s1,"주요어: CKKS, 동형암호, 결정 안정성, 실행 구성 선택, 암호화 추론, 설정 고정 최종 검증",YES,finite_scope_decision_integrity,direct_confirmatory;direct_development;margin_interpretation;no_safe,PARTIALLY_SUPPORTED,declared finite validation and locked-audit artifacts,EVIDENCE_REGISTRY,,PASS
thesis_v10,II. CKKS 배경 및 관련 연구,p40.s2,CKKS 배경 및 관련 연구,NO,BACKGROUND,,BACKGROUND,Background/definition only,YES,,PASS
thesis_v10,II. CKKS 배경 및 관련 연구,p42.s2,CKKS 근사 산술과 실행 구성,NO,BACKGROUND,,BACKGROUND,Background/definition only,YES,,PASS
thesis_v10,II. CKKS 배경 및 관련 연구,p44.s2,결정 경계와 판단 반전,NO,finite_scope_decision_integrity,direct_confirmatory;direct_development;margin_interpretation;no_safe,PARTIALLY_SUPPORTED,declared finite validation and locked-audit artifacts,EVIDENCE_REGISTRY,,PASS
thesis_v10,II. CKKS 배경 및 관련 연구,p46.s2,CKKS compiler와 autotuner,NO,BACKGROUND,,BACKGROUND,Background/definition only,YES,,PASS
thesis_v10,III. 설계 요구사항 및 문제 정의,p52.s2,결정 안정성 계약과 상태,NO,finite_scope_decision_integrity,direct_confirmatory;direct_development;margin_interpretation;no_safe,PARTIALLY_SUPPORTED,declared finite validation and locked-audit artifacts,EVIDENCE_REGISTRY,,PASS
thesis_v10,IV. 제안하는 FlipGuard,p58.s2,후보 판정·직접 합성·제한적 보정,NO,scoped_direct_synthesis,direct_confirmatory;direct_development;final_suite,SUPPORTED,"declared tabular, polynomial, Sobel, Harris, and scalar-replicated CNN-lite adapters",EVIDENCE_REGISTRY,,PASS
thesis_v10,IV. 제안하는 FlipGuard,p60.s2,최종 선택·NO_SAFE·설정 고정 검증,NO,no_safe_behavior,no_safe,SUPPORTED,one-candidate budget control and declared two-candidate finite domain,EVIDENCE_REGISTRY,,PASS
thesis_v10,V. FlipGuard 구현,p63.s1,24,NO,structural_extension,structural;structural_failure;margin_interpretation,PARTIALLY_SUPPORTED,five datasets x five deterministic partitions for mlp_square_poly3,EVIDENCE_REGISTRY,,PASS
thesis_v10,V. FlipGuard 구현,p65.s1,24,NO,structural_extension,structural;structural_failure;margin_interpretation,PARTIALLY_SUPPORTED,five datasets x five deterministic partitions for mlp_square_poly3,EVIDENCE_REGISTRY,,PASS
thesis_v10,VII. 실험 결과,p78.s2,외부 EVA 및 HEIR 결과,NO,BACKGROUND,,BACKGROUND,Background/definition only,YES,,PASS
thesis_v10,VII. 실험 결과,p80.s2,다중 클래스와 추가 강건성,NO,multiclass_argmax_proposition,docs/evidence/journal_multiclass_extension_v1/multiclass_contract.json;internal/certify/multiclass_decision_contract.go;internal/certify/multiclass_decision_contract_test.go,SUPPORTED,"finite logits with finite class-wise error bounds, strict inequalities, and no plaintext tie",EVIDENCE_REGISTRY,,PASS
thesis_v10,영문초록,p96.s1,[그림 2] 구성 생성기와 FlipGuard 결정 안정성 판정 계층,YES,finite_scope_decision_integrity,direct_confirmatory;direct_development;margin_interpretation;no_safe,PARTIALLY_SUPPORTED,declared finite validation and locked-audit artifacts,EVIDENCE_REGISTRY,,PASS
thesis_v10,영문초록,p100.s1,[그림 4] 이진 threshold 및 다중 클래스 argmax 조건,NO,multiclass_argmax_proposition,docs/evidence/journal_multiclass_extension_v1/multiclass_contract.json;internal/certify/multiclass_decision_contract.go;internal/certify/multiclass_decision_contract_test.go,SUPPORTED,"finite logits with finite class-wise error bounds, strict inequalities, and no plaintext tie",EVIDENCE_REGISTRY,,PASS
thesis_v10,영문초록,p102.s1,[그림 5] 선택과 설정 고정 최종 검증의 분리,YES,BACKGROUND,,BACKGROUND,Background/definition only,YES,,PASS
thesis_v10,영문초록,p114.s1,[그림 11] 후보 실행 감소 결과,NO,formal_trial_reduction,final_suite;bounded_oracle,SUPPORTED,Security-V2-admitted 7 profiles x 2 paths over the declared instances,EVIDENCE_REGISTRY,,PASS
thesis_v10,영문초록,p120.s1,[그림 14] NO_SAFE control 결과,NO,no_safe_behavior,no_safe,SUPPORTED,one-candidate budget control and declared two-candidate finite domain,EVIDENCE_REGISTRY,,PASS
thesis_v10,영문초록,p122.s1,[그림 15] 구조 확장 범위,NO,structural_extension,structural;structural_failure;margin_interpretation,PARTIALLY_SUPPORTED,five datasets x five deterministic partitions for mlp_square_poly3,EVIDENCE_REGISTRY,,PASS
thesis_v10,영문초록,p128.s1,[그림 18] EVA scale별 오차와 판단 반전,NO,finite_scope_decision_integrity,direct_confirmatory;direct_development;margin_interpretation;no_safe,PARTIALLY_SUPPORTED,declared finite validation and locked-audit artifacts,EVIDENCE_REGISTRY,,PASS
thesis_v10,영문초록,p130.s1,[그림 19] 동일 Lattigo 실행기의 external candidate 비교,NO,BACKGROUND,,BACKGROUND,Background/definition only,YES,,PASS
thesis_v10,영문초록,p132.s1,[그림 20] CoreLab EVA·ELASM scale-plan grid,NO,corelab_eva_elasm_numerical_grid,,PARTIALLY_SUPPORTED,V9 external comparison scope,EVIDENCE_REGISTRY,,PASS
thesis_v10,영문초록,p136.s1,[표 1] CKKS 실행 구성의 주요 요소와 영향,NO,BACKGROUND,,BACKGROUND,Background/definition only,YES,,PASS
thesis_v10,영문초록,p147.s1,24,NO,structural_extension,structural;structural_failure;margin_interpretation,PARTIALLY_SUPPORTED,five datasets x five deterministic partitions for mlp_square_poly3,EVIDENCE_REGISTRY,,PASS
thesis_v10,영문초록,p158.s1,[표 12] Direct 후보 실행 분포,NO,formal_trial_reduction,final_suite;bounded_oracle,SUPPORTED,Security-V2-admitted 7 profiles x 2 paths over the declared instances,EVIDENCE_REGISTRY,,PASS
thesis_v10,영문초록,p160.s1,[표 13] EVA scale 결과,NO,BACKGROUND,,BACKGROUND,Background/definition only,YES,,PASS
thesis_v10,영문초록,p166.s1,[표 16] CoreLab EVA·ELASM grid,NO,corelab_eva_elasm_numerical_grid,,PARTIALLY_SUPPORTED,V9 external comparison scope,EVIDENCE_REGISTRY,,PASS
thesis_v10,영문초록,p168.s1,[표 17] 다중 클래스 결과,NO,multiclass_argmax_proposition,docs/evidence/journal_multiclass_extension_v1/multiclass_contract.json;internal/certify/multiclass_decision_contract.go;internal/certify/multiclass_decision_contract_test.go,SUPPORTED,"finite logits with finite class-wise error bounds, strict inequalities, and no plaintext tie",EVIDENCE_REGISTRY,,PASS
thesis_v10,영문초록,p172.s1,[표 19] NO_SAFE control,NO,no_safe_behavior,no_safe,SUPPORTED,one-candidate budget control and declared two-candidate finite domain,EVIDENCE_REGISTRY,,PASS
thesis_v10,영문초록,p182.s1,식 (2) CKKS 절대 오차,NO,BACKGROUND,,BACKGROUND,Background/definition only,YES,,PASS
thesis_v10,영문초록,p184.s1,식 (3) 이진 판단 보존 조건,NO,finite_scope_decision_integrity,direct_confirmatory;direct_development;margin_interpretation;no_safe,PARTIALLY_SUPPORTED,declared finite validation and locked-audit artifacts,EVIDENCE_REGISTRY,,PASS
thesis_v10,영문초록,p186.s1,식 (4) 다중 클래스 argmax 보존 조건,NO,multiclass_argmax_proposition,docs/evidence/journal_multiclass_extension_v1/multiclass_contract.json;internal/certify/multiclass_decision_contract.go;internal/certify/multiclass_decision_contract_test.go,SUPPORTED,"finite logits with finite class-wise error bounds, strict inequalities, and no plaintext tie",EVIDENCE_REGISTRY,,PASS
thesis_v10,I. 서론,p204.s1,프라이버시 보존형 데이터 분석은 의료·금융·공공·클라우드 서비스에서 민감정보를 평문으로 노출하지 않고 계산해야 한다는 요구에서 출발한다.,YES,BACKGROUND,,BACKGROUND,Background/definition only,YES,,PASS
thesis_v10,I. 서론,p204.s2,"완전동형암호는 암호문 상태에서 연산을 수행할 수 있지만 실행 비용이 높으며, CKKS는 실수·복소수의 근사 산술을 지원함으로써 통계와 기계학습 추론에 현실적인 선택지를 제공한다 [1].",YES,BACKGROUND,,BACKGROUND,Background/definition only,[1],,PASS
thesis_v10,I. 서론,p204.s3,그러나 CKKS의 편리함은 근사 오차와 실행 구성 선택이라는 새로운 책임을 함께 만든다.,YES,BACKGROUND,,BACKGROUND,Background/definition only,YES,,PASS
thesis_v10,I. 서론,p205.s3,특히 CKKS(Cheon-Kim-Kim-Song) 근사 동형암호 체계는 실수 또는 복소수 벡터에 대한 근사 산술을 지원하므로 통계 처리와 기계학습 추론에 널리 사용된다 [1].,YES,BACKGROUND,,BACKGROUND,Background/definition only,[1],,PASS
thesis_v10,I. 서론,p205.s4,그러나 CKKS의 편의성은 정확한 정수 산술이 아니라 근사 산술이라는 조건과 함께 주어진다.,NO,BACKGROUND,,BACKGROUND,Background/definition only,YES,,PASS
thesis_v10,I. 서론,p206.s1,CKKS 실행 구성(configuration)을 정하는 일은 단순히 큰 파라미터를 선택하는 문제가 아니다.,YES,BACKGROUND,,BACKGROUND,Background/definition only,YES,,PASS
thesis_v10,I. 서론,p206.s2,"큰 환 차원(ring dimension)과 긴 modulus chain은 계산 가능 깊이와 정밀도에 여유를 줄 수 있지만, 키 생성·메모리·연산 지연을 증가시키며 보안 한계에도 제약을 받는다.",YES,BACKGROUND,,BACKGROUND,Background/definition only,YES,,PASS
thesis_v10,I. 서론,p206.s4,"따라서 사용자는 계산 그래프, 입력 범위, 필요한 출력 정확도, 보안 수준을 함께 고려해야 한다.",YES,BACKGROUND,,BACKGROUND,Background/definition only,YES,,PASS
thesis_v10,I. 서론,p206.s5,"CHET, EVA, HECATE, ELASM, HECO, DaCapo와 같은 컴파일러 및 최적화 연구는 파라미터 선택, scale 관리, 부트스트래핑 배치, 데이터 배치와 코드 생성의 자동화를 발전시켰다 [2, 3, 4, 5, 6, 7].",NO,hecate_measured_provider,,NOT_EVALUATED,V9 external comparison scope,"[2, 3, 4, 5, 6, 7]",,PASS
thesis_v10,I. 서론,p207.s3,"평문 score와 CKKS score의 차이가 작더라도, 그 차이가 임계값 반대편으로 score를 이동시키면 최종 결정(decision)이 바뀐다.",NO,BACKGROUND,,BACKGROUND,Background/definition only,YES,,PASS
thesis_v10,I. 서론,p208.s2,"AutoPrivacy와 AutoFHE는 정확도와 성능의 절충을 다루며, Application-Aware Approximate Homomorphic Encryption은 회로와 입력 domain에 결합된 correctness 및 security 정의의 필요성을 이론적으로 정리한다 [8, 9, 14].",NO,BACKGROUND,,BACKGROUND,Background/definition only,"[8, 9, 14]",,PASS
thesis_v10,I. 서론,p208.s4,"핵심은 서로 다른 구성 제공자(configuration provider)의 출력에 공통으로 적용할 수 있는 임계값 결정 무결성 계약(threshold decision-integrity contract), 후보 단위의 승인·거부, SAFE 후보 부재 시 명시적 기권, 그리고 선택 리터럴(literal)을 재조정 없이 분리된 잠금 감사(locked audit)에서 재생하는 절차를 하나의 검증 계층으로 구성하는 데 있다.",YES,primary_no_retuning_locked_audit;finite_scope_decision_integrity;scoped_direct_synthesis,direct_confirmatory;direct_development;margin_interpretation;no_safe;final_suite,PARTIALLY_SUPPORTED,"10 dataset-model workloads and five deterministic repeated partitions | declared finite validation and locked-audit artifacts | declared tabular, polynomial, Sobel, Harris, and scalar-replicated CNN-lite adapters",EVIDENCE_REGISTRY,,PASS
thesis_v10,I. 서론,p209.s1,초기 실험 방식은 미리 정한 11개 CKKS profile과 2개 실행 path의 조합을 모든 작업부하-분할 인스턴스(workload-partition instance)에 실행하는 유한 후보 목록(bounded catalog)에 가까웠다.,NO,BACKGROUND,,BACKGROUND,Background/definition only,YES,,PASS
thesis_v10,I. 서론,p209.s2,"이 방식은 비교 가능한 유한 후보 집합을 만들고, 실행 가능한 후보와 decision-integrity를 만족하는 후보를 관찰하는 데 유용하다.",NO,finite_scope_decision_integrity,direct_confirmatory;direct_development;margin_interpretation;no_safe,PARTIALLY_SUPPORTED,declared finite validation and locked-audit artifacts,EVIDENCE_REGISTRY,,PASS
thesis_v10,I. 서론,p209.s3,또한 가장 빠른 SAFE 후보를 유한 범위에서 식별할 수 있으므로 평가용 기준선으로서 의미가 있다.,YES,BACKGROUND,,BACKGROUND,Background/definition only,YES,,PASS
thesis_v10,I. 서론,p209.s4,"그러나 사용자가 새 모델과 데이터셋을 입력할 때마다 같은 catalog를 반복 실행한다면, 계산 그래프에서 이미 알 수 있는 깊이와 scale 요구를 후보 생성에 충분히 활용하지 못한다.",YES,BACKGROUND,,BACKGROUND,Background/definition only,YES,,PASS
thesis_v10,I. 서론,p209.s5,"후보 수가 커질수록 실행 비용이 선형으로 증가하고, catalog 밖의 유효한 literal은 처음부터 고려되지 않는다.",NO,scoped_direct_synthesis,direct_confirmatory;direct_development;final_suite,SUPPORTED,"declared tabular, polynomial, Sobel, Harris, and scalar-replicated CNN-lite adapters",EVIDENCE_REGISTRY,,PASS
thesis_v10,I. 서론,p210.s2,"FlipGuard는 지원되는 계산 그래프에서 연산 깊이, rescale 수, 곱셈 구조, 요구 slot과 같은 사실을 추출하고, threshold decision contract와 동결된 수치·보안 정책을 결합하여 첫 CKKS literal을 직접 합성한다.",YES,scoped_direct_synthesis,direct_confirmatory;direct_development;final_suite,SUPPORTED,"declared tabular, polynomial, Sobel, Harris, and scalar-replicated CNN-lite adapters",EVIDENCE_REGISTRY,,PASS
thesis_v10,I. 서론,p210.s3,"그 후보를 실제 암호화 validation에 통과시키고, 실패 원인이 수치 정밀도 또는 level 부족으로 분류될 때만 제한된 repair를 적용한다.",YES,adaptive_repair,direct_ablation;direct_confirmatory,SUPPORTED,predeclared development ablation and observed repair causes,EVIDENCE_REGISTRY,,PASS
thesis_v10,I. 서론,p210.s4,"첫 SAFE에서 멈추며, 사전 선언한 trial budget 안에서 SAFE를 확립하지 못하면 NO_SAFE를 반환한다.",YES,formal_trial_reduction;no_safe_behavior,final_suite;bounded_oracle;no_safe,SUPPORTED,Security-V2-admitted 7 profiles x 2 paths over the declared instances | one-candidate budget control and declared two-candidate finite domain,EVIDENCE_REGISTRY,,PASS
thesis_v10,I. 서론,p211.s1,FlipGuard는 선언된 graph adapter와 동결 정책 범위에서 computation graph와 threshold decision-integrity contract로부터 CKKS literal을 직접 합성했다.,YES,finite_scope_decision_integrity;scoped_direct_synthesis,direct_confirmatory;direct_development;margin_interpretation;no_safe;final_suite,PARTIALLY_SUPPORTED,"declared finite validation and locked-audit artifacts | declared tabular, polynomial, Sobel, Harris, and scalar-replicated CNN-lite adapters",EVIDENCE_REGISTRY,,PASS
thesis_v10,I. 서론,p211.s2,"또한 선언된 finite validation에서 관측 error와 decision margin을 결합해 후보를 certify-or-reject하고, disjoint audit에서 동결 literal을 재생한다.",YES,scoped_direct_synthesis,direct_confirmatory;direct_development;final_suite,SUPPORTED,"declared tabular, polynomial, Sobel, Harris, and scalar-replicated CNN-lite adapters",EVIDENCE_REGISTRY,,PASS
thesis_v10,I. 서론,p211.s3,"여기서 SAFE는 선언된 유한 validation artifact와 관측 fresh-key run에서 정책을 통과했다는 뜻이며, 입력 분포 전체에 대한 수학적 보증을 뜻하지 않는다.",YES,BACKGROUND,,BACKGROUND,Background/definition only,YES,,PASS
thesis_v10,I. 서론,p216.s1,"본 연구의 목적은 지원 그래프와 decision-integrity contract에서 CKKS 실행 literal을 직접 합성하고, 제한된 encrypted trial, bounded repair, NO_SAFE, locked audit을 포함하는 재현 가능한 승인 체계를 구현·평가하는 것이다.",YES,formal_trial_reduction;primary_no_retuning_locked_audit;no_safe_behavior;finite_scope_decision_integrity;scoped_direct_synthesis;adaptive_repair,final_suite;bounded_oracle;direct_confirmatory;direct_development;no_safe;margin_interpretation;direct_ablation,PARTIALLY_SUPPORTED,"Security-V2-admitted 7 profiles x 2 paths over the declared instances | 10 dataset-model workloads and five deterministic repeated partitions | one-candidate budget control and declared two-candidate finite domain | declared finite validation and locked-audit artifacts | declared tabular, polynomial, Sobel, Harris, and scalar-replicated CNN-lite adapters | predeclared development ablation and observed repair causes",EVIDENCE_REGISTRY,,PASS
thesis_v10,I. 서론,p217.s2,지원되는 계산 그래프와 decision-integrity contract에서 CKKS literal을 직접 합성하여 Security-V2 bounded catalog 대비 encrypted candidate trial을 줄일 수 있는가?,YES,formal_trial_reduction;security_attestation;finite_scope_decision_integrity;scoped_direct_synthesis,final_suite;bounded_oracle;security_attestation;exact_estimator;direct_confirmatory;direct_development;margin_interpretation;no_safe,PARTIALLY_SUPPORTED,"Security-V2-admitted 7 profiles x 2 paths over the declared instances | attested direct, catalog, reference, and latency-arm literals | declared finite validation and locked-audit artifacts | declared tabular, polynomial, Sobel, Harris, and scalar-replicated CNN-lite adapters",EVIDENCE_REGISTRY,,PASS
thesis_v10,I. 서론,p218.s2,"직접 합성 후보와 bounded repair가 finite validation scope에서 decision-integrity admission을 통과하고, 선택 literal이 disjoint locked audit에서 retuning 없이 유지되는가?",YES,primary_no_retuning_locked_audit;finite_scope_decision_integrity;scoped_direct_synthesis;adaptive_repair,direct_confirmatory;direct_development;margin_interpretation;no_safe;final_suite;direct_ablation,PARTIALLY_SUPPORTED,"10 dataset-model workloads and five deterministic repeated partitions | declared finite validation and locked-audit artifacts | declared tabular, polynomial, Sobel, Harris, and scalar-replicated CNN-lite adapters | predeclared development ablation and observed repair causes",EVIDENCE_REGISTRY,,PASS
thesis_v10,I. 서론,p218.s3,또한 안전한 후보를 확립할 수 없을 때 NO_SAFE를 반환하는가?,NO,no_safe_behavior,no_safe,SUPPORTED,one-candidate budget control and declared two-candidate finite domain,EVIDENCE_REGISTRY,,PASS
thesis_v10,I. 서론,p219.s2,동일 host의 paired protocol에서 direct configuration은 Security-V2 bounded-catalog fastest-safe configuration보다 어떤 latency 차이를 보이는가?,NO,paired_latency;security_attestation,paired_latency_admission;bounded_oracle;security_attestation;exact_estimator,PARTIALLY_SUPPORTED,"one host, frozen direct and Security-V2 bounded-catalog arms | attested direct, catalog, reference, and latency-arm literals",EVIDENCE_REGISTRY,,PASS
thesis_v10,I. 서론,p220.s2,"이 결과는 deeper polynomial graph, scoped Sobel/Harris/CNN-lite, 독립 training/data seed에서 어느 범위까지 유지되며, 어떤 negative result와 한계를 보이는가?",NO,scoped_non_tabular_extension,sobel;harris;cnn_lite,PARTIALLY_SUPPORTED,BSDS500 Sobel/Harris patches and MNIST CNN-lite scalar-replicated adapter,EVIDENCE_REGISTRY,,PASS
thesis_v10,I. 서론,p221.s2,"RQ1은 후보 실행 회계, RQ2는 finite-set 경험적 admission과 audit, RQ3은 한 host에서의 paired 측정, RQ4는 선언된 adapter 범위의 확장을 다룬다.",YES,formal_trial_reduction,final_suite;bounded_oracle,SUPPORTED,Security-V2-admitted 7 profiles x 2 paths over the declared instances,EVIDENCE_REGISTRY,,PASS
thesis_v10,I. 서론,p221.s3,"어느 질문도 임의의 CKKS 프로그램, 모든 데이터 분포, 모든 하드웨어에 대한 결론을 요구하지 않는다.",NO,BACKGROUND,,BACKGROUND,Background/definition only,YES,,PASS
thesis_v10,I. 서론,p223.s2,빠르거나 공격적인 CKKS 실행 구성이 실제로 최종 판단을 바꾸는가?,NO,BACKGROUND,,BACKGROUND,Background/definition only,YES,,PASS
thesis_v10,I. 서론,p223.s4,서로 다른 구성 생성기가 만든 후보를 하나의 결정 안정성 기준으로 비교할 수 있는가?,YES,finite_scope_decision_integrity,direct_confirmatory;direct_development;margin_interpretation;no_safe,PARTIALLY_SUPPORTED,declared finite validation and locked-audit artifacts,EVIDENCE_REGISTRY,,PASS
thesis_v10,I. 서론,p223.s6,내장 직접 합성은 후보 실행 비용을 줄이면서 선택 후 재조정 없는 최종 검증을 통과하는가?,YES,formal_trial_reduction;scoped_direct_synthesis,final_suite;bounded_oracle;direct_confirmatory;direct_development,SUPPORTED,"Security-V2-admitted 7 profiles x 2 paths over the declared instances | declared tabular, polynomial, Sobel, Harris, and scalar-replicated CNN-lite adapters",EVIDENCE_REGISTRY,,PASS
thesis_v10,I. 서론,p225.s1,"첫째, 계산 그래프, model/input digest, threshold, decision margin 정책, 보안 정책을 결합한 decision-integrity workload contract와 finite-scope admission을 제안한다.",YES,finite_scope_decision_integrity,direct_confirmatory;direct_development;margin_interpretation;no_safe,PARTIALLY_SUPPORTED,declared finite validation and locked-audit artifacts,EVIDENCE_REGISTRY,,PASS
thesis_v10,I. 서론,p225.s2,"평문 score와 CKKS score의 오차를 decision margin과 비교하고, flip과 정책 위반을 분리해 기록한다.",YES,BACKGROUND,,BACKGROUND,Background/definition only,YES,,PASS
thesis_v10,I. 서론,p225.s3,이 certificate는 empirical finite-set certificate이며 분석적 CKKS error bound를 대신하지 않는다.,NO,BACKGROUND,,BACKGROUND,Background/definition only,YES,,PASS
thesis_v10,I. 서론,p226.s1,"둘째, direct literal synthesis와 bounded failure-aware repair를 구현한다.",NO,scoped_direct_synthesis;adaptive_repair,direct_confirmatory;direct_development;final_suite;direct_ablation,SUPPORTED,"declared tabular, polynomial, Sobel, Harris, and scalar-replicated CNN-lite adapters | predeclared development ablation and observed repair causes",EVIDENCE_REGISTRY,,PASS
thesis_v10,I. 서론,p226.s2,"graph fact로부터 LogN, Q/P chain, initial scale을 계산하고, 실행 실패를 분류해 수치 repair와 level repair를 사전동결된 한도 안에서 적용한다.",NO,adaptive_repair,direct_ablation;direct_confirmatory,SUPPORTED,predeclared development ablation and observed repair causes,EVIDENCE_REGISTRY,,PASS
thesis_v10,I. 서론,p226.s3,후보는 최대 4번의 encrypted trial만 허용되며 첫 SAFE에서 멈춘다.,NO,formal_trial_reduction,final_suite;bounded_oracle,SUPPORTED,Security-V2-admitted 7 profiles x 2 paths over the declared instances,EVIDENCE_REGISTRY,,PASS
thesis_v10,I. 서론,p227.s1,"FlipGuard의 동결된 bounded repair는 선언된 개발 ablation에서 one-shot 실패 네 건을 SAFE 선택으로 전환했으며, 이는 보편적 repair 성공을 뜻하지 않는다.",YES,adaptive_repair,direct_ablation;direct_confirmatory,SUPPORTED,predeclared development ablation and observed repair causes,EVIDENCE_REGISTRY,,PASS
thesis_v10,I. 서론,p227.s2,"이 결과는 repair의 경험적 가치를 보여주지만, 모든 그래프와 입력에서 repair가 성공한다고 해석하지 않는다.",YES,adaptive_repair,direct_ablation;direct_confirmatory,SUPPORTED,predeclared development ablation and observed repair causes,EVIDENCE_REGISTRY,,PASS
thesis_v10,I. 서론,p228.s1,"셋째, NO_SAFE와 no-retuning locked audit protocol을 제시한다.",YES,primary_no_retuning_locked_audit;no_safe_behavior,direct_confirmatory;direct_development;no_safe,SUPPORTED,10 dataset-model workloads and five deterministic repeated partitions | one-candidate budget control and declared two-candidate finite domain,EVIDENCE_REGISTRY,,PASS
thesis_v10,I. 서론,p228.s2,제한된 후보 budget 안에서 SAFE를 확립하지 못하면 임의의 차선 후보를 선택하지 않고 기권한다.,YES,BACKGROUND,,BACKGROUND,Background/definition only,YES,,PASS
thesis_v10,I. 서론,p228.s3,"후보가 선택되면 candidate literal과 관련 digest를 잠그고, configuration-validation과 분리된 audit input에서 synthesis와 repair를 호출하지 않은 채 그대로 재생한다.",YES,scoped_direct_synthesis;adaptive_repair,direct_confirmatory;direct_development;final_suite;direct_ablation,SUPPORTED,"declared tabular, polynomial, Sobel, Harris, and scalar-replicated CNN-lite adapters | predeclared development ablation and observed repair causes",EVIDENCE_REGISTRY,,PASS
thesis_v10,I. 서론,p228.s4,Audit의 negative result는 후보 재조정의 근거가 아니라 해당 claim을 낮추는 과학적 결과로 보존한다.,YES,BACKGROUND,,BACKGROUND,Background/definition only,YES,,PASS
thesis_v10,I. 서론,p229.s1,"넷째, Security-V2 bounded comparison, paired latency, negative result, structural/scoped generalization을 포함한 재현 가능한 evidence system을 구축한다.",YES,security_attestation,security_attestation;exact_estimator,PARTIALLY_SUPPORTED,"attested direct, catalog, reference, and latency-arm literals",EVIDENCE_REGISTRY,,PASS
thesis_v10,I. 서론,p229.s2,"Security-V2에 허용된 7개 profile과 2개 path만 정식 bounded catalog에 포함하고, Q와 QP를 객체별로 재감사한다.",YES,security_attestation,security_attestation;exact_estimator,PARTIALLY_SUPPORTED,"attested direct, catalog, reference, and latency-arm literals",EVIDENCE_REGISTRY,,PASS
thesis_v10,I. 서론,p229.s3,"모든 주요 결과는 source commit, policy digest, input/model/split digest, raw ledger, summary, SHA256SUMS, verifier와 연결한다.",YES,BACKGROUND,,BACKGROUND,Background/definition only,YES,,PASS
thesis_v10,I. 서론,p229.s4,"이 체계는 성공 사례뿐 아니라 NO_SAFE, audit policy rejection, provenance mismatch의 fail-closed 기록을 유지한다.",YES,no_safe_behavior,no_safe,SUPPORTED,one-candidate budget control and declared two-candidate finite domain,EVIDENCE_REGISTRY,,PASS
thesis_v10,I. 서론,p230.s2,"첫째, 후보의 생성 출처와 분리된 결정 안정성 판정 및 선택 계층이다.",YES,finite_scope_decision_integrity,direct_confirmatory;direct_development;margin_interpretation;no_safe,PARTIALLY_SUPPORTED,declared finite validation and locked-audit artifacts,EVIDENCE_REGISTRY,,PASS
thesis_v10,I. 서론,p230.s3,"둘째, graph fact와 결정 여유에서 후보를 산출하는 내장 직접 합성이다.",NO,scoped_direct_synthesis,direct_confirmatory;direct_development;final_suite,SUPPORTED,"declared tabular, polynomial, Sobel, Harris, and scalar-replicated CNN-lite adapters",EVIDENCE_REGISTRY,,PASS
thesis_v10,I. 서론,p230.s4,"셋째, configuration-validation과 설정 고정 최종 검증을 분리하고 NO_SAFE와 evidence provenance를 결합한 평가 절차다.",YES,no_safe_behavior,no_safe,SUPPORTED,one-candidate budget control and declared two-candidate finite domain,EVIDENCE_REGISTRY,,PASS
thesis_v10,I. 서론,p230.s5,"Security-V2, digest, failure taxonomy와 claim registry는 이 세 기여의 신뢰성을 뒷받침하는 구현 요소다.",NO,security_attestation,security_attestation;exact_estimator,PARTIALLY_SUPPORTED,"attested direct, catalog, reference, and latency-arm literals",EVIDENCE_REGISTRY,,PASS
thesis_v10,I. 서론,p231.s1,"본 연구는 선언된 tabular graph, 더 깊은 polynomial graph, scalar-replicated Sobel/Harris/CNN-lite adapter를 대상으로 한다.",NO,scoped_non_tabular_extension,sobel;harris;cnn_lite,PARTIALLY_SUPPORTED,BSDS500 Sobel/Harris patches and MNIST CNN-lite scalar-replicated adapter,EVIDENCE_REGISTRY,,PASS
thesis_v10,I. 서론,p231.s3,Bounded catalog는 Security-V2를 통과한 유한 비교 집합이며 전역 탐색을 뜻하지 않는다.,YES,security_attestation,security_attestation;exact_estimator,PARTIALLY_SUPPORTED,"attested direct, catalog, reference, and latency-arm literals",EVIDENCE_REGISTRY,,PASS
thesis_v10,I. 서론,p231.s4,Paired latency는 동일 연구 host에서 측정한 결과이고 실제 서비스 환경의 성능을 대변하지 않는다.,YES,BACKGROUND,,BACKGROUND,Background/definition only,YES,,PASS
thesis_v10,I. 서론,p231.s5,"Security 결과 역시 명시한 runtime object, Q/P literal, estimator model과 보수적 표 한계에 대한 재감사이며, 임의 runtime 분포와의 정확한 동등성을 뜻하지 않는다.",NO,scoped_direct_synthesis,direct_confirmatory;direct_development;final_suite,SUPPORTED,"declared tabular, polynomial, Sobel, Harris, and scalar-replicated CNN-lite adapters",EVIDENCE_REGISTRY,,PASS
thesis_v10,"제2장은 CKKS 근사 산술, 파라미터, decision margin과 보안 정책을 설명한다. 제3장은 compiler, autotuning, application-aware correctness 연구와 FlipGuard의 관계를 분석한다. 제4장은 문제와 assurance model을 형식화하고, 제5장과 제6장은 설계 및 구현을 제시한다. 제7장은 평가 프로토콜과 통계 단위를 정의하며, 제8장은 direct synthesis, audit, NO_SAFE, latency, 구조 확장, security 결과를 보고한다. 제9장은 negative result와 한계를 논의하고, 제10장은 재현성·보안 artifact를 정리한다. 제11장은 admitted claim의 범위 안에서 결론을 제시한다.",p232.s1,"제2장은 CKKS 근사 산술, 파라미터, decision margin과 보안 정책을 설명한다.",YES,BACKGROUND,,BACKGROUND,Background/definition only,YES,,PASS
thesis_v10,"제2장은 CKKS 근사 산술, 파라미터, decision margin과 보안 정책을 설명한다. 제3장은 compiler, autotuning, application-aware correctness 연구와 FlipGuard의 관계를 분석한다. 제4장은 문제와 assurance model을 형식화하고, 제5장과 제6장은 설계 및 구현을 제시한다. 제7장은 평가 프로토콜과 통계 단위를 정의하며, 제8장은 direct synthesis, audit, NO_SAFE, latency, 구조 확장, security 결과를 보고한다. 제9장은 negative result와 한계를 논의하고, 제10장은 재현성·보안 artifact를 정리한다. 제11장은 admitted claim의 범위 안에서 결론을 제시한다.",p232.s2,"제3장은 compiler, autotuning, application-aware correctness 연구와 FlipGuard의 관계를 분석한다.",YES,BACKGROUND,,BACKGROUND,Background/definition only,YES,,PASS
thesis_v10,"제2장은 CKKS 근사 산술, 파라미터, decision margin과 보안 정책을 설명한다. 제3장은 compiler, autotuning, application-aware correctness 연구와 FlipGuard의 관계를 분석한다. 제4장은 문제와 assurance model을 형식화하고, 제5장과 제6장은 설계 및 구현을 제시한다. 제7장은 평가 프로토콜과 통계 단위를 정의하며, 제8장은 direct synthesis, audit, NO_SAFE, latency, 구조 확장, security 결과를 보고한다. 제9장은 negative result와 한계를 논의하고, 제10장은 재현성·보안 artifact를 정리한다. 제11장은 admitted claim의 범위 안에서 결론을 제시한다.",p232.s4,"제7장은 평가 프로토콜과 통계 단위를 정의하며, 제8장은 direct synthesis, audit, NO_SAFE, latency, 구조 확장, security 결과를 보고한다.",YES,no_safe_behavior;structural_extension;scoped_direct_synthesis,no_safe;structural;structural_failure;margin_interpretation;direct_confirmatory;direct_development;final_suite,PARTIALLY_SUPPORTED,"one-candidate budget control and declared two-candidate finite domain | five datasets x five deterministic partitions for mlp_square_poly3 | declared tabular, polynomial, Sobel, Harris, and scalar-replicated CNN-lite adapters",EVIDENCE_REGISTRY,,PASS
thesis_v10,"제2장은 CKKS 근사 산술, 파라미터, decision margin과 보안 정책을 설명한다. 제3장은 compiler, autotuning, application-aware correctness 연구와 FlipGuard의 관계를 분석한다. 제4장은 문제와 assurance model을 형식화하고, 제5장과 제6장은 설계 및 구현을 제시한다. 제7장은 평가 프로토콜과 통계 단위를 정의하며, 제8장은 direct synthesis, audit, NO_SAFE, latency, 구조 확장, security 결과를 보고한다. 제9장은 negative result와 한계를 논의하고, 제10장은 재현성·보안 artifact를 정리한다. 제11장은 admitted claim의 범위 안에서 결론을 제시한다.",p232.s5,"제9장은 negative result와 한계를 논의하고, 제10장은 재현성·보안 artifact를 정리한다.",YES,BACKGROUND,,BACKGROUND,Background/definition only,YES,,PASS
thesis_v10,II. CKKS 배경 및 관련 연구,p234.s2,CKKS 배경 및 관련 연구,NO,BACKGROUND,,BACKGROUND,Background/definition only,YES,,PASS
thesis_v10,II. CKKS 배경 및 관련 연구,p235.s2,CKKS 근사 산술과 실행 구성,NO,BACKGROUND,,BACKGROUND,Background/definition only,YES,,PASS
thesis_v10,II. CKKS 배경 및 관련 연구,p236.s1,CKKS를 처음 접하는 독자를 위해 본 절에서는 scheme의 전체 수학을 재전개하기보다 실행 구성 선택에 직접 필요한 개념을 설명한다.,YES,BACKGROUND,,BACKGROUND,Background/definition only,YES,,PASS
thesis_v10,II. CKKS 배경 및 관련 연구,p236.s2,CKKS ciphertext는 정수 다항식 ring 안에 scale이 곱해진 근사 실수값을 표현한다.,YES,BACKGROUND,,BACKGROUND,Background/definition only,YES,,PASS
thesis_v10,II. CKKS 배경 및 관련 연구,p236.s4,"따라서 실행 구성은 계산 가능성, 정확도, 메모리와 latency를 동시에 결정한다.",YES,BACKGROUND,,BACKGROUND,Background/definition only,YES,,PASS
thesis_v10,II. CKKS 배경 및 관련 연구,p237.s1,"CKKS는 실수 또는 복소수 값에 대응하는 벡터를 다항식 ring의 plaintext로 인코딩하고, 암호문 상태에서 덧셈과 곱셈을 수행할 수 있게 하는 근사 동형암호 방식이다 [1].",NO,BACKGROUND,,BACKGROUND,Background/definition only,[1],,PASS
thesis_v10,II. CKKS 배경 및 관련 연구,p237.s2,"복호화 결과는 평문 계산값과 비트 단위로 동일할 필요가 없으며, 인코딩과 연산 과정의 근사 오차를 포함한다.",YES,BACKGROUND,,BACKGROUND,Background/definition only,YES,,PASS
thesis_v10,II. CKKS 배경 및 관련 연구,p237.s4,"동시에 응용이 허용할 수 있는 오차를 명확히 정의하지 않으면, 암호 연산이 성공했다는 사실만으로 응용 결과의 적합성을 판단할 수 없다는 문제를 낳는다.",YES,BACKGROUND,,BACKGROUND,Background/definition only,YES,,PASS
thesis_v10,II. CKKS 배경 및 관련 연구,p238.s1,"CKKS 구현은 cyclotomic ring dimension N, ciphertext modulus chain Q, special modulus P, scale과 level을 주요 구성 요소로 사용한다.",YES,BACKGROUND,,BACKGROUND,Background/definition only,YES,,PASS
thesis_v10,II. CKKS 배경 및 관련 연구,p239.s5,"부트스트래핑은 소모된 계산 능력을 갱신할 수 있지만 비용이 크며, 본 연구의 primary graph는 부트스트래핑을 포함하지 않는 leveled CKKS 범위다.",NO,BACKGROUND,,BACKGROUND,Background/definition only,YES,,PASS
thesis_v10,II. CKKS 배경 및 관련 연구,p240.s2,후보 시험(candidate trial)은 하나의 CKKS literal을 configuration-validation artifact에 대해 시험한 횟수다.,NO,formal_trial_reduction;scoped_direct_synthesis,final_suite;bounded_oracle;direct_confirmatory;direct_development,SUPPORTED,"Security-V2-admitted 7 profiles x 2 paths over the declared instances | declared tabular, polynomial, Sobel, Harris, and scalar-replicated CNN-lite adapters",EVIDENCE_REGISTRY,,PASS
thesis_v10,II. CKKS 배경 및 관련 연구,p240.s3,하나의 trial은 여러 fresh-key run을 포함할 수 있다.,NO,formal_trial_reduction,final_suite;bounded_oracle,SUPPORTED,Security-V2-admitted 7 profiles x 2 paths over the declared instances,EVIDENCE_REGISTRY,,PASS
thesis_v10,II. CKKS 배경 및 관련 연구,p240.s4,신규 키 반복(fresh-key run)은 새 secret/evaluation key material을 생성하고 동일 후보를 실행하는 한 번의 반복이다.,YES,BACKGROUND,,BACKGROUND,Background/definition only,YES,,PASS
thesis_v10,II. CKKS 배경 및 관련 연구,p240.s5,암호화 샘플 평가(encrypted sample evaluation)는 하나의 sample이 하나의 fresh-key run에서 암호화 평가된 횟수다.,NO,BACKGROUND,,BACKGROUND,Background/definition only,YES,,PASS
thesis_v10,II. CKKS 배경 및 관련 연구,p240.s6,"벽시계 지연시간(wall-clock latency)은 setup/key generation, evaluation-only, total 구간을 구분해 측정한다.",YES,BACKGROUND,,BACKGROUND,Background/definition only,YES,,PASS
thesis_v10,II. CKKS 배경 및 관련 연구,p241.s2,예를 들어 후보 1개를 세 fresh-key로 평가하면 candidate trial은 1이지만 key run은 3이다.,YES,formal_trial_reduction,final_suite;bounded_oracle,SUPPORTED,Security-V2-admitted 7 profiles x 2 paths over the declared instances,EVIDENCE_REGISTRY,,PASS
thesis_v10,II. CKKS 배경 및 관련 연구,p241.s3,200개 sample을 세 key로 평가하면 encrypted sample evaluation은 600이다.,NO,BACKGROUND,,BACKGROUND,Background/definition only,YES,,PASS
thesis_v10,II. CKKS 배경 및 관련 연구,p241.s4,"Catalog 후보 수, direct trial 수, key run 수를 서로 바꾸어 사용하면 tuning-work 감소를 과장하거나 실제 실행비용을 축소할 수 있다.",YES,formal_trial_reduction,final_suite;bounded_oracle,SUPPORTED,Security-V2-admitted 7 profiles x 2 paths over the declared instances,EVIDENCE_REGISTRY,,PASS
thesis_v10,II. CKKS 배경 및 관련 연구,p241.s5,"FlipGuard의 trial-reduction 주장은 candidate trial 단위로만 정의하며, key run과 sample evaluation은 별도 회계로 보고한다.",YES,formal_trial_reduction,final_suite;bounded_oracle,SUPPORTED,Security-V2-admitted 7 profiles x 2 paths over the declared instances,EVIDENCE_REGISTRY,,PASS
thesis_v10,II. CKKS 배경 및 관련 연구,p242.s1,[표 1] CKKS 실행 구성의 주요 요소와 영향,NO,BACKGROUND,,BACKGROUND,Background/definition only,YES,,PASS
thesis_v10,II. CKKS 배경 및 관련 연구,p258.s1,evaluation key 비용 증가,NO,BACKGROUND,,BACKGROUND,Background/definition only,YES,,PASS
thesis_v10,II. CKKS 배경 및 관련 연구,p271.s2,결정 경계와 판단 반전,NO,finite_scope_decision_integrity,direct_confirmatory;direct_development;margin_interpretation;no_safe,PARTIALLY_SUPPORTED,declared finite validation and locked-audit artifacts,EVIDENCE_REGISTRY,,PASS
thesis_v10,II. CKKS 배경 및 관련 연구,p272.s1,"입력 x에 대한 평문 score를 f_plain(x), CKKS candidate c의 score를 f_c(x), decision threshold를 tau라 하자.",NO,BACKGROUND,,BACKGROUND,Background/definition only,YES,,PASS
thesis_v10,II. CKKS 배경 및 관련 연구,p272.s2,평문 decision과 CKKS decision은 각각 score가 threshold 이상인지 여부로 정의한다.,YES,BACKGROUND,,BACKGROUND,Background/definition only,YES,,PASS
thesis_v10,II. CKKS 배경 및 관련 연구,p272.s3,평문 score가 threshold에서 떨어진 거리는 다음 decision margin으로 나타낸다.,YES,BACKGROUND,,BACKGROUND,Background/definition only,YES,,PASS
thesis_v10,II. CKKS 배경 및 관련 연구,p274.s1,CKKS 절대오차는 다음과 같다.,NO,BACKGROUND,,BACKGROUND,Background/definition only,YES,,PASS
thesis_v10,II. CKKS 배경 및 관련 연구,p278.s2,CKKS score가 평문 score에서 threshold까지의 거리보다 적게 이동하면 threshold를 건널 수 없다.,NO,BACKGROUND,,BACKGROUND,Background/definition only,YES,,PASS
thesis_v10,II. CKKS 배경 및 관련 연구,p278.s3,"이 명제는 rho=0.5에서만 성립하는 정리가 아니며, 특정 CKKS parameter가 해당 조건을 항상 만족한다고 증명하는 분석적 certificate도 아니다.",YES,BACKGROUND,,BACKGROUND,Background/definition only,YES,,PASS
thesis_v10,II. CKKS 배경 및 관련 연구,p279.s1,FlipGuard는 이 충분조건과 별도로 다음 운용 reserve policy를 사용한다.,YES,BACKGROUND,,BACKGROUND,Background/definition only,YES,,PASS
thesis_v10,II. CKKS 배경 및 관련 연구,p281.s3,이 값은 CKKS 이론에서 도출된 보편 상수도 아니고 경험적 최적값도 아니다.,NO,BACKGROUND,,BACKGROUND,Background/definition only,YES,,PASS
thesis_v10,II. CKKS 배경 및 관련 연구,p282.s2,"먼저 e<m이 decision 보존 경계를 정의하고, 그 내부의 더 엄격한 e<0.5m이 본 연구의 승인 영역을 정의한다.",YES,BACKGROUND,,BACKGROUND,Background/definition only,YES,,PASS
thesis_v10,II. CKKS 배경 및 관련 연구,p287.s1,e(x) = |f_ckks(x) - f_plain(x)|,NO,BACKGROUND,,BACKGROUND,Background/definition only,YES,,PASS
thesis_v10,II. CKKS 배경 및 관련 연구,p290.s1,e(x) < m(x) ⇒ D_ckks(x) = D_plain(x),NO,BACKGROUND,,BACKGROUND,Background/definition only,YES,,PASS
thesis_v10,II. CKKS 배경 및 관련 연구,p292.s1,Margin floor delta를 사용해 m(x)<=delta인 입력을 ambiguous region V_amb로 분류한다.,YES,direct_repeat_flip_classification,,SUPPORTED,V9 external comparison scope,EVIDENCE_REGISTRY,,PASS
thesis_v10,II. CKKS 배경 및 관련 연구,p292.s3,"m(x)>delta인 집합을 certifiable region V_cert라 하며, FlipGuard는 이 영역에서 flip과 오차 budget 위반을 검사한다.",YES,BACKGROUND,,BACKGROUND,Background/definition only,YES,,PASS
thesis_v10,II. CKKS 배경 및 관련 연구,p293.s2,V_amb의 sample은 coverage 분모와 함께 별도로 보고하며 숨기지 않는다.,NO,direct_repeat_flip_classification,,SUPPORTED,V9 external comparison scope,EVIDENCE_REGISTRY,,PASS
thesis_v10,II. CKKS 배경 및 관련 연구,p293.s3,Coverage는 |V_cert|/(|V_cert|+|V_amb|)로 해석할 수 있다.,NO,direct_repeat_flip_classification,,SUPPORTED,V9 external comparison scope,EVIDENCE_REGISTRY,,PASS
thesis_v10,II. CKKS 배경 및 관련 연구,p293.s5,모든 허용 candidate가 SAFE가 아니면 선택기는 NO_SAFE를 반환한다.,YES,no_safe_behavior,no_safe,SUPPORTED,one-candidate budget control and declared two-candidate finite domain,EVIDENCE_REGISTRY,,PASS
thesis_v10,II. CKKS 배경 및 관련 연구,p298.s1,[그림 4] 이진 threshold 및 다중 클래스 argmax 조건,NO,multiclass_argmax_proposition,docs/evidence/journal_multiclass_extension_v1/multiclass_contract.json;internal/certify/multiclass_decision_contract.go;internal/certify/multiclass_decision_contract_test.go,SUPPORTED,"finite logits with finite class-wise error bounds, strict inequalities, and no plaintext tie",EVIDENCE_REGISTRY,,PASS
thesis_v10,II. CKKS 배경 및 관련 연구,p299.s1,Configuration-validation은 후보 생성 후 encrypted trial과 bounded repair에 사용되는 유한 artifact다.,YES,formal_trial_reduction;adaptive_repair,final_suite;bounded_oracle;direct_ablation;direct_confirmatory,SUPPORTED,Security-V2-admitted 7 profiles x 2 paths over the declared instances | predeclared development ablation and observed repair causes,EVIDENCE_REGISTRY,,PASS
thesis_v10,II. CKKS 배경 및 관련 연구,p299.s2,Locked audit은 선택된 candidate literal을 새로 조정하지 않고 재생하는 분리된 artifact다.,NO,primary_no_retuning_locked_audit;scoped_direct_synthesis,direct_confirmatory;direct_development;final_suite,SUPPORTED,"10 dataset-model workloads and five deterministic repeated partitions | declared tabular, polynomial, Sobel, Harris, and scalar-replicated CNN-lite adapters",EVIDENCE_REGISTRY,,PASS
thesis_v10,II. CKKS 배경 및 관련 연구,p299.s4,"Selection이 끝나면 LogN, exact Q/P primes, scale, path, graph/model/input identity를 포함하는 literal을 잠근다.",NO,scoped_direct_synthesis,direct_confirmatory;direct_development;final_suite,SUPPORTED,"declared tabular, polynomial, Sobel, Harris, and scalar-replicated CNN-lite adapters",EVIDENCE_REGISTRY,,PASS
thesis_v10,II. CKKS 배경 및 관련 연구,p299.s5,"Audit은 synthesis, repair, catalog search를 호출하지 않는다.",NO,adaptive_repair,direct_ablation;direct_confirmatory,SUPPORTED,predeclared development ablation and observed repair causes,EVIDENCE_REGISTRY,,PASS
thesis_v10,II. CKKS 배경 및 관련 연구,p300.s1,Locked audit의 목적은 분포 전체의 안전성을 증명하는 것이 아니다.,NO,primary_no_retuning_locked_audit,direct_confirmatory;direct_development,SUPPORTED,10 dataset-model workloads and five deterministic repeated partitions,EVIDENCE_REGISTRY,,PASS
thesis_v10,II. CKKS 배경 및 관련 연구,p300.s2,"Validation에서 선택된 literal이 분리된 관측에서 동일 정책을 통과하는지, 그리고 audit 결과를 본 뒤 retuning하지 않았는지를 검증하는 절차다.",YES,scoped_direct_synthesis,direct_confirmatory;direct_development;final_suite,SUPPORTED,"declared tabular, polynomial, Sobel, Harris, and scalar-replicated CNN-lite adapters",EVIDENCE_REGISTRY,,PASS
thesis_v10,II. CKKS 배경 및 관련 연구,p300.s3,Audit에서 REJECT가 발생하면 그 결과는 삭제되거나 다음 후보 선택에 사용되지 않는다.,YES,BACKGROUND,,BACKGROUND,Background/definition only,YES,,PASS
thesis_v10,II. CKKS 배경 및 관련 연구,p301.s2,CKKS compiler와 autotuner,NO,BACKGROUND,,BACKGROUND,Background/definition only,YES,,PASS
thesis_v10,II. CKKS 배경 및 관련 연구,p302.s3,"이에 따라 관련 연구는 고수준 graph를 FHE 실행으로 낮추는 compiler, scheme parameter를 고르는 selector, 정확도와 latency를 함께 다루는 application-aware optimizer로 발전해 왔다.",NO,BACKGROUND,,BACKGROUND,Background/definition only,YES,,PASS
thesis_v10,II. CKKS 배경 및 관련 연구,p303.s1,"CHET는 동형암호 기반 신경망 추론을 위한 compiler와 runtime으로, symbolic analysis를 통해 ciphertext modulus와 polynomial degree를 선택하고 data layout 정책을 비용 모델로 비교한다 [2].",NO,BACKGROUND,,BACKGROUND,Background/definition only,[2],,PASS
thesis_v10,II. CKKS 배경 및 관련 연구,p303.s3,"EVA는 encrypted vector arithmetic을 중간 표현과 언어로 제공하고, rescale·relinearization 삽입과 parameter selection 및 optimization을 compiler가 담당하도록 했다 [3].",NO,BACKGROUND,,BACKGROUND,Background/definition only,[3],,PASS
thesis_v10,II. CKKS 배경 및 관련 연구,p303.s4,"두 연구는 graph에서 실행 구성을 도출한다는 점에서 FlipGuard의 직접 합성 문제와 맞닿지만, FlipGuard의 주된 평가는 이들 compiler를 대체하는 code-generation 성능이 아니라 provider가 낸 literal을 최종 threshold-decision contract로 승인·거부하는 과정이다.",YES,scoped_direct_synthesis,direct_confirmatory;direct_development;final_suite,SUPPORTED,"declared tabular, polynomial, Sobel, Harris, and scalar-replicated CNN-lite adapters",EVIDENCE_REGISTRY,,PASS
thesis_v10,II. CKKS 배경 및 관련 연구,p304.s1,HECATE는 CKKS compiler에서 scale을 단순히 균일하게 두지 않고 성능 관점에서 최적화하는 문제를 다룬다 [4].,NO,hecate_measured_provider,,NOT_EVALUATED,V9 external comparison scope,[4],,PASS
thesis_v10,II. CKKS 배경 및 관련 연구,p304.s2,"ELASM은 output error와 latency의 trade-off를 명시하고, error estimation과 scale waterline을 이용해 scale management를 수행한다 [5].",YES,BACKGROUND,,BACKGROUND,Background/definition only,[5],,PASS
thesis_v10,II. CKKS 배경 및 관련 연구,p304.s5,"차이는 FlipGuard가 error를 최종 score의 threshold margin과 sample별로 결합하여 공통 admission contract를 구성하고, SAFE/REJECTED/FAILED/NO_SAFE와 locked audit을 protocol 결과로 남긴다는 데 있다.",NO,primary_no_retuning_locked_audit;no_safe_behavior,direct_confirmatory;direct_development;no_safe,SUPPORTED,10 dataset-model workloads and five deterministic repeated partitions | one-candidate budget control and declared two-candidate finite domain,EVIDENCE_REGISTRY,,PASS
thesis_v10,II. CKKS 배경 및 관련 연구,p305.s1,HECO는 범용 FHE compiler를 지향하며 scheme-aware optimization과 lowering을 제공한다 [6].,NO,BACKGROUND,,BACKGROUND,Background/definition only,[6],,PASS
thesis_v10,II. CKKS 배경 및 관련 연구,p305.s2,DaCapo는 깊은 프로그램에서 bootstrapping 후보를 분석하고 scale-management 결과와 operation latency estimate를 결합하여 placement plan을 선택한다 [7].,YES,BACKGROUND,,BACKGROUND,Background/definition only,[7],,PASS
thesis_v10,II. CKKS 배경 및 관련 연구,p305.s5,"대신 지원 graph adapter가 제공한 사실을 직접 literal synthesis의 입력으로 사용하고, 선택 이후 decision-integrity gate와 no-retuning audit을 추가한다.",NO,finite_scope_decision_integrity;scoped_direct_synthesis,direct_confirmatory;direct_development;margin_interpretation;no_safe;final_suite,PARTIALLY_SUPPORTED,"declared finite validation and locked-audit artifacts | declared tabular, polynomial, Sobel, Harris, and scalar-replicated CNN-lite adapters",EVIDENCE_REGISTRY,,PASS
thesis_v10,II. CKKS 배경 및 관련 연구,p306.s1,AutoPrivacy는 hybrid private neural-network inference에서 layer별 HE parameter를 deep reinforcement learning으로 선택하여 latency와 model accuracy를 함께 고려한다 [8].,YES,BACKGROUND,,BACKGROUND,Background/definition only,[8],,PASS
thesis_v10,II. CKKS 배경 및 관련 연구,p306.s2,AutoFHE는 표준 CNN의 activation을 mixed-degree polynomial로 바꾸고 bootstrapping placement를 공동 최적화하여 accuracy-latency trade-off를 탐색한다 [9].,YES,BACKGROUND,,BACKGROUND,Background/definition only,[9],,PASS
thesis_v10,II. CKKS 배경 및 관련 연구,p306.s5,"FlipGuard는 학습 정확도를 개선하거나 network architecture를 탐색하지 않고, 이미 주어진 score graph와 threshold에 대해 per-sample decision-integrity admission을 수행한다.",YES,finite_scope_decision_integrity,direct_confirmatory;direct_development;margin_interpretation;no_safe,PARTIALLY_SUPPORTED,declared finite validation and locked-audit artifacts,EVIDENCE_REGISTRY,,PASS
thesis_v10,II. CKKS 배경 및 관련 연구,p307.s1,Application-Aware Approximate Homomorphic Encryption은 회로뿐 아니라 허용 input domain을 포함하는 application specification을 correctness와 security 정의에 반영한다 [14].,NO,BACKGROUND,,BACKGROUND,Background/definition only,[14],,PASS
thesis_v10,II. CKKS 배경 및 관련 연구,p307.s3,FlipGuard가 workload contract에 graph와 input scope를 결합한 것은 이러한 문제의식과 양립한다.,YES,BACKGROUND,,BACKGROUND,Background/definition only,YES,,PASS
thesis_v10,II. CKKS 배경 및 관련 연구,p307.s4,그러나 본 연구의 empirical certificate가 해당 연구의 formal application-aware correctness 정의를 구현하거나 증명한 것은 아니다.,NO,BACKGROUND,,BACKGROUND,Background/definition only,YES,,PASS
thesis_v10,II. CKKS 배경 및 관련 연구,p307.s5,"FlipGuard는 선언된 finite artifact의 실제 encrypted observation을 승인 근거로 사용하며, 분석적 residual bound의 완전한 인스턴스화는 범위 밖이다.",YES,BACKGROUND,,BACKGROUND,Background/definition only,YES,,PASS
thesis_v10,II. CKKS 배경 및 관련 연구,p308.s1,"FHE-Agent는 LLM-guided agent와 deterministic tool을 결합하여 CKKS configuration의 pruning, calibration, repair를 자동화하는 preprint다 [15].",NO,adaptive_repair,direct_ablation;direct_confirmatory,SUPPORTED,predeclared development ablation and observed repair causes,[15],,PASS
thesis_v10,II. CKKS 배경 및 관련 연구,p308.s4,"오히려 manual configuration, bounded catalog, external provider, direct synthesizer 중 어디에서 candidate가 왔든 동일한 decision-integrity gate에 넣을 수 있다는 계층 분리를 제안한다.",YES,finite_scope_decision_integrity,direct_confirmatory;direct_development;margin_interpretation;no_safe,PARTIALLY_SUPPORTED,declared finite validation and locked-audit artifacts,EVIDENCE_REGISTRY,,PASS
thesis_v10,II. CKKS 배경 및 관련 연구,p309.s1,CKKS configuration은 수치적으로 실행 가능하더라도 목표 security category를 만족하지 않을 수 있다.,NO,BACKGROUND,,BACKGROUND,Background/definition only,YES,,PASS
thesis_v10,II. CKKS 배경 및 관련 연구,p309.s2,"HomomorphicEncryption.org 표준화 커뮤니티와 관련 연구자들이 갱신한 security guideline은 secret distribution, ring dimension, modulus 크기에 따른 보수적 한계를 제공한다 [16].",NO,BACKGROUND,,BACKGROUND,Background/definition only,[16],,PASS
thesis_v10,II. CKKS 배경 및 관련 연구,p309.s4,이는 catalog의 모든 실행 이력을 자동으로 정식 비교 후보로 인정하지 않게 한다.,YES,BACKGROUND,,BACKGROUND,Background/definition only,YES,,PASS
thesis_v10,II. CKKS 배경 및 관련 연구,p310.s1,Security-V2는 guideline을 그대로 runtime 분포와 동일시하지 않는다.,NO,security_attestation,security_attestation;exact_estimator,PARTIALLY_SUPPORTED,"attested direct, catalog, reference, and latency-arm literals",EVIDENCE_REGISTRY,,PASS
thesis_v10,II. CKKS 배경 및 관련 연구,p310.s2,"Lattigo Xs와 Xe의 concrete parameter, exact Q/P prime, estimator model을 기록하고 distribution caveat를 함께 공개한다.",NO,BACKGROUND,,BACKGROUND,Background/definition only,YES,,PASS
thesis_v10,II. CKKS 배경 및 관련 연구,p310.s4,Excluded profile의 과거 실행 결과는 삭제하지 않고 historical ledger로 보존하되 bounded comparison에서는 제외한다.,YES,BACKGROUND,,BACKGROUND,Background/definition only,YES,,PASS
thesis_v10,II. CKKS 배경 및 관련 연구,p316.s1,EVA [3],NO,BACKGROUND,,BACKGROUND,Background/definition only,[3],,PASS
thesis_v10,II. CKKS 배경 및 관련 연구,p319.s1,후보 생성 이후의 결정 안정성은 별도,NO,finite_scope_decision_integrity,direct_confirmatory;direct_development;margin_interpretation;no_safe,PARTIALLY_SUPPORTED,declared finite validation and locked-audit artifacts,EVIDENCE_REGISTRY,,PASS
thesis_v10,II. CKKS 배경 및 관련 연구,p320.s1,HECATE [4],NO,hecate_measured_provider,,NOT_EVALUATED,V9 external comparison scope,[4],,PASS
thesis_v10,II. CKKS 배경 및 관련 연구,p322.s1,EVA+내부 ablation,NO,BACKGROUND,,BACKGROUND,Background/definition only,YES,,PASS
thesis_v10,II. CKKS 배경 및 관련 연구,p324.s1,ELASM [5],NO,BACKGROUND,,BACKGROUND,Background/definition only,[5],,PASS
thesis_v10,II. CKKS 배경 및 관련 연구,p326.s1,EVA·HECATE,NO,hecate_measured_provider,,NOT_EVALUATED,V9 external comparison scope,EVIDENCE_REGISTRY,,PASS
thesis_v10,II. CKKS 배경 및 관련 연구,p328.s1,DaCapo [7],NO,BACKGROUND,,BACKGROUND,Background/definition only,[7],,PASS
thesis_v10,II. CKKS 배경 및 관련 연구,p332.s1,HEIR [10],NO,BACKGROUND,,BACKGROUND,Background/definition only,[10],,PASS
thesis_v10,II. CKKS 배경 및 관련 연구,p336.s1,"AutoFHE/LOHEN/SLOTHE [9],[12],[13]",NO,BACKGROUND,,BACKGROUND,Background/definition only,[9];[12];[13],,PASS
thesis_v10,II. CKKS 배경 및 관련 연구,p342.s1,내부+EVA+HEIR+CoreLab,NO,corelab_eva_elasm_numerical_grid,,PARTIALLY_SUPPORTED,V9 external comparison scope,EVIDENCE_REGISTRY,,PASS
thesis_v10,II. CKKS 배경 및 관련 연구,p346.s1,그림 2는 기존 provider/autotuner와 FlipGuard Decision-Integrity Layer의 역할을 구분한다.,YES,finite_scope_decision_integrity,direct_confirmatory;direct_development;margin_interpretation;no_safe,PARTIALLY_SUPPORTED,declared finite validation and locked-audit artifacts,EVIDENCE_REGISTRY,,PASS
thesis_v10,II. CKKS 배경 및 관련 연구,p346.s2,"기존 시스템은 graph transformation, scale·modulus 선택, bootstrap 배치, latency·accuracy trade-off 탐색 등 서로 다른 목적의 candidate generation을 수행할 수 있다.",YES,BACKGROUND,,BACKGROUND,Background/definition only,YES,,PASS
thesis_v10,II. CKKS 배경 및 관련 연구,p346.s3,"FlipGuard는 이 결과를 candidate literal로 받아 source/model/input/policy identity와 security를 검사하고, encrypted validation을 거쳐 SAFE 또는 REJECTED로 판정한다.",YES,scoped_direct_synthesis,direct_confirmatory;direct_development;final_suite,SUPPORTED,"declared tabular, polynomial, Sobel, Harris, and scalar-replicated CNN-lite adapters",EVIDENCE_REGISTRY,,PASS
thesis_v10,II. CKKS 배경 및 관련 연구,p346.s4,"Direct path에서는 graph fact로부터 candidate를 생성하고 bounded repair를 적용하지만, candidate generation과 final admission의 논리적 경계는 유지된다.",NO,adaptive_repair,direct_ablation;direct_confirmatory,SUPPORTED,predeclared development ablation and observed repair causes,EVIDENCE_REGISTRY,,PASS
thesis_v10,II. CKKS 배경 및 관련 연구,p347.s3,"둘째, candidate를 생성한 알고리즘의 성공과 decision-integrity admission의 성공을 분리해 보고할 수 있다.",NO,finite_scope_decision_integrity,direct_confirmatory;direct_development;margin_interpretation;no_safe,PARTIALLY_SUPPORTED,declared finite validation and locked-audit artifacts,EVIDENCE_REGISTRY,,PASS
thesis_v10,II. CKKS 배경 및 관련 연구,p347.s4,빠르게 실행되는 candidate라도 decision gate를 통과하지 못하면 정식 safe-to-safe latency 비교에 포함하지 않는다.,YES,BACKGROUND,,BACKGROUND,Background/definition only,YES,,PASS
thesis_v10,II. CKKS 배경 및 관련 연구,p347.s5,반대로 catalog 밖에서 직접 합성한 candidate도 security와 admission을 통과하면 선택될 수 있다.,YES,scoped_direct_synthesis,direct_confirmatory;direct_development;final_suite,SUPPORTED,"declared tabular, polynomial, Sobel, Harris, and scalar-replicated CNN-lite adapters",EVIDENCE_REGISTRY,,PASS
thesis_v10,II. CKKS 배경 및 관련 연구,p348.s1,관련 연구와의 비교를 요약하면 다음과 같다.,NO,BACKGROUND,,BACKGROUND,Background/definition only,YES,,PASS
thesis_v10,II. CKKS 배경 및 관련 연구,p349.s2,"오히려 FlipGuard가 기존 compiler와 autotuner의 목표를 대체하지 않고, 그 위 또는 옆에서 사용할 수 있는 admission protocol이라는 범위를 확정한다.",YES,BACKGROUND,,BACKGROUND,Background/definition only,YES,,PASS
thesis_v10,II. CKKS 배경 및 관련 연구,p349.s3,본 연구의 novelty boundary는 direct synthesis만에 있지 않다.,NO,scoped_direct_synthesis,direct_confirmatory;direct_development;final_suite,SUPPORTED,"declared tabular, polynomial, Sobel, Harris, and scalar-replicated CNN-lite adapters",EVIDENCE_REGISTRY,,PASS
thesis_v10,II. CKKS 배경 및 관련 연구,p349.s4,"Graph/decision contract, bounded encrypted validation, failure-aware repair, abstention, literal lock, disjoint audit, Security-V2 filtered comparison과 evidence provenance를 하나의 연구 protocol로 결합한 데 있다.",NO,security_attestation;scoped_direct_synthesis;adaptive_repair,security_attestation;exact_estimator;direct_confirmatory;direct_development;final_suite;direct_ablation,PARTIALLY_SUPPORTED,"attested direct, catalog, reference, and latency-arm literals | declared tabular, polynomial, Sobel, Harris, and scalar-replicated CNN-lite adapters | predeclared development ablation and observed repair causes",EVIDENCE_REGISTRY,,PASS
thesis_v10,II. CKKS 배경 및 관련 연구,p350.s1,"본 연구는 선행연구에서 graph-aware parameter selection, error-latency 분리 보고, compiler/runtime 역할 분리, bootstrapping 또는 scale plan의 비용 모델, application scope 명시라는 평가 관행을 채택했다.",YES,BACKGROUND,,BACKGROUND,Background/definition only,YES,,PASS
thesis_v10,II. CKKS 배경 및 관련 연구,p350.s2,동시에 각 논문이 직접 보고하지 않은 관행을 추정해 FlipGuard의 근거로 사용하지 않는다.,YES,BACKGROUND,,BACKGROUND,Background/definition only,YES,,PASS
thesis_v10,II. CKKS 배경 및 관련 연구,p350.s3,"예컨대 ELASM이 output error를 다룬다는 사실에서 threshold decision locked audit을 수행했다고 추론하지 않으며, Application-Aware AHE의 formal 정의에서 FlipGuard의 empirical certificate가 자동으로 증명된다고 결론내리지 않는다.",YES,primary_no_retuning_locked_audit,direct_confirmatory;direct_development,SUPPORTED,10 dataset-model workloads and five deterministic repeated partitions,EVIDENCE_REGISTRY,,PASS
thesis_v10,II. CKKS 배경 및 관련 연구,p351.s1,"또한 본 논문은 CKKS autotuning, application-aware parameter generation, direct synthesis 또는 repair selection의 선행 최초성을 주장하지 않는다.",NO,scoped_direct_synthesis;adaptive_repair,direct_confirmatory;direct_development;final_suite;direct_ablation,SUPPORTED,"declared tabular, polynomial, Sobel, Harris, and scalar-replicated CNN-lite adapters | predeclared development ablation and observed repair causes",EVIDENCE_REGISTRY,,PASS
thesis_v10,II. CKKS 배경 및 관련 연구,p351.s2,Bounded-catalog fastest-safe는 유한 비교 집합의 기준이며 가능한 configuration 전체에 대한 최적성을 뜻하지 않는다.,NO,paired_latency,paired_latency_admission;bounded_oracle,PARTIALLY_SUPPORTED,"one host, frozen direct and Security-V2 bounded-catalog arms",EVIDENCE_REGISTRY,,PASS
thesis_v10,II. CKKS 배경 및 관련 연구,p351.s3,"Sobel, Harris, CNN-lite 결과는 각 finite scalar-replicated adapter 범위에 한정한다.",YES,scoped_non_tabular_extension,sobel;harris;cnn_lite,PARTIALLY_SUPPORTED,BSDS500 Sobel/Harris patches and MNIST CNN-lite scalar-replicated adapter,EVIDENCE_REGISTRY,,PASS
thesis_v10,II. CKKS 배경 및 관련 연구,p351.s4,이러한 제한을 관련 연구 장에서 먼저 명시함으로써 결과 장의 정량 성능이 연구 범위보다 넓은 기여로 오해되는 것을 막는다.,NO,BACKGROUND,,BACKGROUND,Background/definition only,YES,,PASS
thesis_v10,III. 설계 요구사항 및 문제 정의,p355.s1,"선배 학위논문들이 관련 지침에서 보안 요구사항을 도출한 뒤 시스템 설계와 안전성 분석을 연결한 방식을 참고해, 본 연구도 구현 전에 FlipGuard가 만족해야 할 기능·안전성·평가 요구사항을 고정한다.",YES,BACKGROUND,,BACKGROUND,Background/definition only,YES,,PASS
thesis_v10,III. 설계 요구사항 및 문제 정의,p356.s1,"FlipGuard가 받는 기본 입력은 학습이 끝난 model artifact, 그 모델을 CKKS 연산으로 표현한 지원 computation graph, score를 이진 decision으로 바꾸는 threshold tau, configuration-validation input, locked-audit input, 그리고 동결된 direct/security policy다.",YES,BACKGROUND,,BACKGROUND,Background/definition only,YES,,PASS
thesis_v10,III. 설계 요구사항 및 문제 정의,p356.s3,Input artifact는 source representation과 실행용 prepared representation을 각각 보존한다.,YES,BACKGROUND,,BACKGROUND,Background/definition only,YES,,PASS
thesis_v10,III. 설계 요구사항 및 문제 정의,p356.s4,"Candidate provider는 direct synthesizer, manual literal, bounded catalog, 외부 provider 중 하나일 수 있다.",NO,scoped_direct_synthesis,direct_confirmatory;direct_development;final_suite,SUPPORTED,"declared tabular, polynomial, Sobel, Harris, and scalar-replicated CNN-lite adapters",EVIDENCE_REGISTRY,,PASS
thesis_v10,III. 설계 요구사항 및 문제 정의,p357.s1,"사용자는 모델과 데이터셋을 제공하지만, FlipGuard가 임의 모델을 자동으로 CKKS graph로 번역하는 것은 아니다.",YES,BACKGROUND,,BACKGROUND,Background/definition only,YES,,PASS
thesis_v10,III. 설계 요구사항 및 문제 정의,p364.s1,manual/catalog/EVA/HEIR/direct를 같은 schema로 수용,NO,BACKGROUND,,BACKGROUND,Background/definition only,YES,,PASS
thesis_v10,III. 설계 요구사항 및 문제 정의,p366.s1,최종 threshold/argmax 판단 보존,NO,multiclass_argmax_proposition;finite_scope_decision_integrity,docs/evidence/journal_multiclass_extension_v1/multiclass_contract.json;internal/certify/multiclass_decision_contract.go;internal/certify/multiclass_decision_contract_test.go;direct_confirmatory;direct_development;margin_interpretation;no_safe,PARTIALLY_SUPPORTED,"finite logits with finite class-wise error bounds, strict inequalities, and no plaintext tie | declared finite validation and locked-audit artifacts",EVIDENCE_REGISTRY,,PASS
thesis_v10,III. 설계 요구사항 및 문제 정의,p370.s1,NO_SAFE state와 negative control,NO,no_safe_behavior,no_safe,SUPPORTED,one-candidate budget control and declared two-candidate finite domain,EVIDENCE_REGISTRY,,PASS
thesis_v10,III. 설계 요구사항 및 문제 정의,p378.s1,실행 및 보안 적합성,NO,security_attestation,security_attestation;exact_estimator,PARTIALLY_SUPPORTED,"attested direct, catalog, reference, and latency-arm literals",EVIDENCE_REGISTRY,,PASS
thesis_v10,III. 설계 요구사항 및 문제 정의,p379.s1,"exact Q/P, Security-V2, failure classification",NO,security_attestation,security_attestation;exact_estimator,PARTIALLY_SUPPORTED,"attested direct, catalog, reference, and latency-arm literals",EVIDENCE_REGISTRY,,PASS
thesis_v10,III. 설계 요구사항 및 문제 정의,p383.s2,결정 안정성 계약과 상태,NO,finite_scope_decision_integrity,direct_confirmatory;direct_development;margin_interpretation;no_safe,PARTIALLY_SUPPORTED,declared finite validation and locked-audit artifacts,EVIDENCE_REGISTRY,,PASS
thesis_v10,III. 설계 요구사항 및 문제 정의,p387.s4,"Sobel, Harris, CNN-lite 확장 역시 해당 evidence에서 선언한 scalar-replicated 범위로 제한된다.",NO,scoped_non_tabular_extension,sobel;harris;cnn_lite,PARTIALLY_SUPPORTED,BSDS500 Sobel/Harris patches and MNIST CNN-lite scalar-replicated adapter,EVIDENCE_REGISTRY,,PASS
thesis_v10,III. 설계 요구사항 및 문제 정의,p411.s1,threshold 또는 argmax decision rule,NO,multiclass_argmax_proposition,docs/evidence/journal_multiclass_extension_v1/multiclass_contract.json;internal/certify/multiclass_decision_contract.go;internal/certify/multiclass_decision_contract_test.go,SUPPORTED,"finite logits with finite class-wise error bounds, strict inequalities, and no plaintext tie",EVIDENCE_REGISTRY,,PASS
thesis_v10,III. 설계 요구사항 및 문제 정의,p417.s1,direct synthesis와 security policy,NO,scoped_direct_synthesis,direct_confirmatory;direct_development;final_suite,SUPPORTED,"declared tabular, polynomial, Sobel, Harris, and scalar-replicated CNN-lite adapters",EVIDENCE_REGISTRY,,PASS
thesis_v10,III. 설계 요구사항 및 문제 정의,p419.s1,"Candidate literal c는 최소한 (LogN, Q primes, P primes, default scale, execution path)를 포함한다.",NO,scoped_direct_synthesis,direct_confirmatory;direct_development;final_suite,SUPPORTED,"declared tabular, polynomial, Sobel, Harris, and scalar-replicated CNN-lite adapters",EVIDENCE_REGISTRY,,PASS
thesis_v10,III. 설계 요구사항 및 문제 정의,p419.s2,Profile 이름이나 candidate ID가 같다는 사실만으로 literal identity가 성립하지 않는다.,NO,scoped_direct_synthesis,direct_confirmatory;direct_development;final_suite,SUPPORTED,"declared tabular, polynomial, Sobel, Harris, and scalar-replicated CNN-lite adapters",EVIDENCE_REGISTRY,,PASS
thesis_v10,III. 설계 요구사항 및 문제 정의,p419.s3,FlipGuard는 exact prime list와 scale을 canonical serialization한 literal digest를 사용한다.,YES,scoped_direct_synthesis,direct_confirmatory;direct_development;final_suite,SUPPORTED,"declared tabular, polynomial, Sobel, Harris, and scalar-replicated CNN-lite adapters",EVIDENCE_REGISTRY,,PASS
thesis_v10,III. 설계 요구사항 및 문제 정의,p421.s1,Candidate execution 결과는 다음 네 상태로 구분한다.,YES,BACKGROUND,,BACKGROUND,Background/definition only,YES,,PASS
thesis_v10,III. 설계 요구사항 및 문제 정의,p422.s1,"SAFE는 실행이 성공하고, V_cert의 모든 관측에서 decision flip이 없으며, e_c(x)<rho*m(x) 운용 policy 위반이 없고, Security-V2가 필요한 object를 모두 admit한 상태다.",NO,security_attestation,security_attestation;exact_estimator,PARTIALLY_SUPPORTED,"attested direct, catalog, reference, and latency-arm literals",EVIDENCE_REGISTRY,,PASS
thesis_v10,III. 설계 요구사항 및 문제 정의,p424.s1,"FAILED는 parameter materialization, key generation, CKKS evaluation, decrypt/parse 또는 필수 provenance 검증이 정상 완료되지 않은 상태다.",NO,BACKGROUND,,BACKGROUND,Background/definition only,YES,,PASS
thesis_v10,III. 설계 요구사항 및 문제 정의,p424.s2,FAILED를 REJECTED와 분리하면 수치적으로 부적절한 후보와 실행할 수 없는 후보를 다른 failure cause로 repair하거나 보고할 수 있다.,NO,adaptive_repair,direct_ablation;direct_confirmatory,SUPPORTED,predeclared development ablation and observed repair causes,EVIDENCE_REGISTRY,,PASS
thesis_v10,III. 설계 요구사항 및 문제 정의,p425.s1,NO_SAFE는 허용된 candidate budget을 소진했지만 SAFE를 확립하지 못한 selection outcome이다.,NO,no_safe_behavior,no_safe,SUPPORTED,one-candidate budget control and declared two-candidate finite domain,EVIDENCE_REGISTRY,,PASS
thesis_v10,III. 설계 요구사항 및 문제 정의,p425.s2,이는 가능한 모든 CKKS configuration이 부적합하다는 결론이 아니다.,NO,BACKGROUND,,BACKGROUND,Background/definition only,YES,,PASS
thesis_v10,III. 설계 요구사항 및 문제 정의,p425.s3,"주어진 policy, candidate generator, repair budget, finite validation domain 안에서 승인 가능한 후보가 없었다는 기권 상태다.",NO,adaptive_repair,direct_ablation;direct_confirmatory,SUPPORTED,predeclared development ablation and observed repair causes,EVIDENCE_REGISTRY,,PASS
thesis_v10,III. 설계 요구사항 및 문제 정의,p431.s1,실행·security·V_cert decision·오차 기준 통과,YES,BACKGROUND,,BACKGROUND,Background/definition only,YES,,PASS
thesis_v10,III. 설계 요구사항 및 문제 정의,p437.s1,materialization·keygen·evaluation·provenance 실패,NO,BACKGROUND,,BACKGROUND,Background/definition only,YES,,PASS
thesis_v10,III. 설계 요구사항 및 문제 정의,p439.s1,AMBIGUOUS / V_amb,NO,direct_repeat_flip_classification,,SUPPORTED,V9 external comparison scope,EVIDENCE_REGISTRY,,PASS
thesis_v10,III. 설계 요구사항 및 문제 정의,p442.s1,NO_SAFE,NO,no_safe_behavior,no_safe,SUPPORTED,one-candidate budget control and declared two-candidate finite domain,EVIDENCE_REGISTRY,,PASS
thesis_v10,III. 설계 요구사항 및 문제 정의,p445.s1,V_cert={x | m(x)>delta이고 V_amb={x | m(x)<=delta로 둔다.,NO,direct_repeat_flip_classification,,SUPPORTED,V9 external comparison scope,EVIDENCE_REGISTRY,,PASS
thesis_v10,III. 설계 요구사항 및 문제 정의,p447.s2,V_amb는 certificate 위반으로 세지 않지만 크기와 coverage를 공개한다.,NO,direct_repeat_flip_classification,,SUPPORTED,V9 external comparison scope,EVIDENCE_REGISTRY,,PASS
thesis_v10,III. 설계 요구사항 및 문제 정의,p448.s3,"FlipGuard는 주어진 plaintext model decision을 CKKS 실행이 보존하는지를 검사하며, 잘못 학습된 평문 모델의 decision을 올바른 것으로 바꾸지 않는다.",NO,BACKGROUND,,BACKGROUND,Background/definition only,YES,,PASS
thesis_v10,III. 설계 요구사항 및 문제 정의,p449.s1,"본 연구가 직접 다루는 위험은 잘못된 CKKS parameter 선택으로 인해 실행 실패, 수치 budget 위반, threshold decision flip이 생기거나, selection과 audit 사이에 candidate 또는 input identity가 달라지는 경우다.",YES,BACKGROUND,,BACKGROUND,Background/definition only,YES,,PASS
thesis_v10,III. 설계 요구사항 및 문제 정의,p449.s2,"Evidence system은 source commit과 binary digest가 다른 결과의 혼합, Security-V2 excluded 후보의 정식 비교 포함, audit 후 retuning, frozen evidence overwrite를 무결성 위반으로 취급한다.",YES,security_attestation,security_attestation;exact_estimator,PARTIALLY_SUPPORTED,"attested direct, catalog, reference, and latency-arm literals",EVIDENCE_REGISTRY,,PASS
thesis_v10,III. 설계 요구사항 및 문제 정의,p450.s1,"반면 malicious evaluator가 임의의 ciphertext를 변조하는 active attack, side channel, secret-key compromise, network protocol attack은 본 연구의 threat model이 아니다.",NO,BACKGROUND,,BACKGROUND,Background/definition only,YES,,PASS
thesis_v10,III. 설계 요구사항 및 문제 정의,p450.s2,"CKKS scheme의 IND-CPA security를 새로 증명하지 않으며, implementation constant-time 특성을 평가하지 않는다.",YES,BACKGROUND,,BACKGROUND,Background/definition only,YES,,PASS
thesis_v10,III. 설계 요구사항 및 문제 정의,p450.s3,Security-V2 admission은 parameter object가 선언된 보수적 한계와 estimator sensitivity를 통과했는지를 검증한다.,YES,security_attestation,security_attestation;exact_estimator,PARTIALLY_SUPPORTED,"attested direct, catalog, reference, and latency-arm literals",EVIDENCE_REGISTRY,,PASS
thesis_v10,III. 설계 요구사항 및 문제 정의,p451.s2,"paper_admitted=true인 문장만 본문의 긍정적 주장으로 사용할 수 있고, BLOCKED 또는 NOT_EVALUATED 항목은 limitation이나 future work로만 기술한다.",NO,BACKGROUND,,BACKGROUND,Background/definition only,YES,,PASS
thesis_v10,III. 설계 요구사항 및 문제 정의,p453.s1,FlipGuard가 제공하는 첫 번째 assurance는 선언된 finite validation artifact에서의 empirical decision-integrity admission이다.,NO,finite_scope_decision_integrity,direct_confirmatory;direct_development;margin_interpretation;no_safe,PARTIALLY_SUPPORTED,declared finite validation and locked-audit artifacts,EVIDENCE_REGISTRY,,PASS
thesis_v10,III. 설계 요구사항 및 문제 정의,p453.s2,"각 certifiable sample과 fresh-key observation에 대해 error, margin, flip, reserve-policy pass를 기록한다.",YES,structural_extension,structural;structural_failure;margin_interpretation,PARTIALLY_SUPPORTED,five datasets x five deterministic partitions for mlp_square_poly3,EVIDENCE_REGISTRY,,PASS
thesis_v10,III. 설계 요구사항 및 문제 정의,p453.s3,두 번째는 selected literal을 byte-identical하게 잠그고 disjoint locked audit에서 synthesis나 repair 없이 재생했다는 no-retuning provenance다.,NO,primary_no_retuning_locked_audit;scoped_direct_synthesis;adaptive_repair,direct_confirmatory;direct_development;final_suite;direct_ablation,SUPPORTED,"10 dataset-model workloads and five deterministic repeated partitions | declared tabular, polynomial, Sobel, Harris, and scalar-replicated CNN-lite adapters | predeclared development ablation and observed repair causes",EVIDENCE_REGISTRY,,PASS
thesis_v10,III. 설계 요구사항 및 문제 정의,p453.s4,세 번째는 literal의 Q와 필요한 evaluation-key QP가 Security-V2 admission을 통과했다는 정적 재감사다.,YES,security_attestation;scoped_direct_synthesis,security_attestation;exact_estimator;direct_confirmatory;direct_development;final_suite,PARTIALLY_SUPPORTED,"attested direct, catalog, reference, and latency-arm literals | declared tabular, polynomial, Sobel, Harris, and scalar-replicated CNN-lite adapters",EVIDENCE_REGISTRY,,PASS
thesis_v10,III. 설계 요구사항 및 문제 정의,p454.s1,"FlipGuard는 선언된 finite validation에서 관측 error와 decision margin을 결합해 후보를 certify-or-reject하고, disjoint audit에서 동결 literal을 재생한다.",YES,scoped_direct_synthesis,direct_confirmatory;direct_development;final_suite,SUPPORTED,"declared tabular, polynomial, Sobel, Harris, and scalar-replicated CNN-lite adapters",EVIDENCE_REGISTRY,,PASS
thesis_v10,III. 설계 요구사항 및 문제 정의,p455.s1,"첫째, validation과 audit 결과는 미래 입력 분포 전체의 decision preservation을 증명하지 않는다.",YES,BACKGROUND,,BACKGROUND,Background/definition only,YES,,PASS
thesis_v10,III. 설계 요구사항 및 문제 정의,p455.s4,"넷째, two-estimator security sensitivity가 Lattigo runtime distribution과 정확히 동일한 security estimate를 준다고 주장하지 않는다.",NO,BACKGROUND,,BACKGROUND,Background/definition only,YES,,PASS
thesis_v10,III. 설계 요구사항 및 문제 정의,p455.s5,"다섯째, primitive CKKS residual bound를 graph 전체에 인스턴스화한 분석적 certificate는 제공하지 않는다.",NO,BACKGROUND,,BACKGROUND,Background/definition only,YES,,PASS
thesis_v10,III. 설계 요구사항 및 문제 정의,p455.s6,"여섯째, 한 host에서 측정한 latency는 production deployment의 성능 보증이 아니다.",YES,BACKGROUND,,BACKGROUND,Background/definition only,YES,,PASS
thesis_v10,III. 설계 요구사항 및 문제 정의,p456.s2,어떤 결과가 PASS였는지와 함께 무엇이 평가되지 않았는지를 명시해야 reviewer가 certificate의 실제 강도를 판단할 수 있다.,YES,BACKGROUND,,BACKGROUND,Background/definition only,YES,,PASS
thesis_v10,III. 설계 요구사항 및 문제 정의,p456.s3,그림 10과 표 13은 결과 장 이후 이 경계를 다시 종합한다.,YES,BACKGROUND,,BACKGROUND,Background/definition only,YES,,PASS
thesis_v10,IV. 제안하는 FlipGuard,p462.s1,"FlipGuard의 설계 원칙은 decision preservation, fail-closed admission, bounded work, literal immutability, evidence provenance의 다섯 가지다.",YES,scoped_direct_synthesis,direct_confirmatory;direct_development;final_suite,SUPPORTED,"declared tabular, polynomial, Sobel, Harris, and scalar-replicated CNN-lite adapters",EVIDENCE_REGISTRY,,PASS
thesis_v10,IV. 제안하는 FlipGuard,p462.s2,"시스템은 속도만 빠른 candidate를 선택하지 않으며, empirical admission을 통과한 후보 중에서 latency를 비교한다.",YES,BACKGROUND,,BACKGROUND,Background/definition only,YES,,PASS
thesis_v10,IV. 제안하는 FlipGuard,p462.s3,실행 가능한 후보가 없거나 SAFE를 확립하지 못하면 임의 선택 대신 NO_SAFE를 반환한다.,YES,no_safe_behavior,no_safe,SUPPORTED,one-candidate budget control and declared two-candidate finite domain,EVIDENCE_REGISTRY,,PASS
thesis_v10,IV. 제안하는 FlipGuard,p462.s4,Selection 이후에는 candidate를 변경하지 않고 audit negative result도 그대로 보존한다.,YES,BACKGROUND,,BACKGROUND,Background/definition only,YES,,PASS
thesis_v10,IV. 제안하는 FlipGuard,p463.s2,"Main path는 graph와 decision contract에서 시작해 direct synthesis, bounded encrypted validation, failure-aware repair, certify/reject/NO_SAFE, literal lock, disjoint audit으로 이어진다.",NO,no_safe_behavior;scoped_direct_synthesis;adaptive_repair,no_safe;direct_confirmatory;direct_development;final_suite;direct_ablation,SUPPORTED,"one-candidate budget control and declared two-candidate finite domain | declared tabular, polynomial, Sobel, Harris, and scalar-replicated CNN-lite adapters | predeclared development ablation and observed repair causes",EVIDENCE_REGISTRY,,PASS
thesis_v10,IV. 제안하는 FlipGuard,p463.s3,Security-V2 bounded catalog는 evaluation-only side path이며 direct policy의 후보 생성 규칙에 관여하지 않는다.,YES,security_attestation,security_attestation;exact_estimator,PARTIALLY_SUPPORTED,"attested direct, catalog, reference, and latency-arm literals",EVIDENCE_REGISTRY,,PASS
thesis_v10,IV. 제안하는 FlipGuard,p467.s5,"FlipGuard는 source raw digest, prepared raw digest, ordered-row digest, semantic digest, model digest를 모두 기록하고 각 layer의 기대 관계를 검증한다.",YES,BACKGROUND,,BACKGROUND,Background/definition only,YES,,PASS
thesis_v10,IV. 제안하는 FlipGuard,p469.s1,[그림 2] 구성 생성기와 FlipGuard 결정 안정성 판정 계층,YES,finite_scope_decision_integrity,direct_confirmatory;direct_development;margin_interpretation;no_safe,PARTIALLY_SUPPORTED,declared finite validation and locked-audit artifacts,EVIDENCE_REGISTRY,,PASS
thesis_v10,IV. 제안하는 FlipGuard,p470.s2,후보 판정·직접 합성·제한적 보정,NO,scoped_direct_synthesis,direct_confirmatory;direct_development;final_suite,SUPPORTED,"declared tabular, polynomial, Sobel, Harris, and scalar-replicated CNN-lite adapters",EVIDENCE_REGISTRY,,PASS
thesis_v10,IV. 제안하는 FlipGuard,p471.s1,Graph adapter는 모델 formula를 분석하여 direct synthesis에 필요한 정적 사실을 제공한다.,YES,scoped_direct_synthesis,direct_confirmatory;direct_development;final_suite,SUPPORTED,"declared tabular, polynomial, Sobel, Harris, and scalar-replicated CNN-lite adapters",EVIDENCE_REGISTRY,,PASS
thesis_v10,IV. 제안하는 FlipGuard,p472.s1,Direct synthesizer는 model name에 따른 lookup table로 literal을 선택하지 않는다.,NO,scoped_direct_synthesis,direct_confirmatory;direct_development;final_suite,SUPPORTED,"declared tabular, polynomial, Sobel, Harris, and scalar-replicated CNN-lite adapters",EVIDENCE_REGISTRY,,PASS
thesis_v10,IV. 제안하는 FlipGuard,p472.s4,"Natural primary range에서는 minimum synthesis floor가 initial literal을 지배해 rho 변화가 initial literal을 바꾸지 않았으며, 이 사실은 결과와 limitation에 공개한다.",YES,scoped_direct_synthesis,direct_confirmatory;direct_development;final_suite,SUPPORTED,"declared tabular, polynomial, Sobel, Harris, and scalar-replicated CNN-lite adapters",EVIDENCE_REGISTRY,,PASS
thesis_v10,IV. 제안하는 FlipGuard,p473.s2,"Policy는 graph contract schema, 지원 formula, scale trace version, primary rho=0.5, margin floor 0.001, minimum scale/prime floor, scale guard, first-prime guard, numerical repair +4 bits, level repair +1 Q prime, maximum additional level 2, static NTT-prime retry, maximum encrypted trials 4, error classifier, Security-V2 policy ID, scalar-replicated packing, required-slot rule, first-SAFE stopping과 NO_SAFE rule을 포함한다.",YES,formal_trial_reduction;no_safe_behavior;security_attestation;adaptive_repair,final_suite;bounded_oracle;no_safe;security_attestation;exact_estimator;direct_ablation;direct_confirmatory,PARTIALLY_SUPPORTED,"Security-V2-admitted 7 profiles x 2 paths over the declared instances | one-candidate budget control and declared two-candidate finite domain | attested direct, catalog, reference, and latency-arm literals | predeclared development ablation and observed repair causes",EVIDENCE_REGISTRY,,PASS
thesis_v10,IV. 제안하는 FlipGuard,p474.s4,Required slot으로 최소 LogN을 정한 뒤 Q와 QP가 Security-V2 cap 안에 있는지 검사한다.,NO,security_attestation,security_attestation;exact_estimator,PARTIALLY_SUPPORTED,"attested direct, catalog, reference, and latency-arm literals",EVIDENCE_REGISTRY,,PASS
thesis_v10,IV. 제안하는 FlipGuard,p474.s5,정적 literal이 admission을 통과하지 못하면 formal candidate로 실행하지 않는다.,NO,scoped_direct_synthesis,direct_confirmatory;direct_development;final_suite,SUPPORTED,"declared tabular, polynomial, Sobel, Harris, and scalar-replicated CNN-lite adapters",EVIDENCE_REGISTRY,,PASS
thesis_v10,IV. 제안하는 FlipGuard,p475.s1,FlipGuard는 선언된 graph adapter와 동결 정책 범위에서 computation graph와 threshold decision-integrity contract로부터 CKKS literal을 직접 합성했다.,YES,finite_scope_decision_integrity;scoped_direct_synthesis,direct_confirmatory;direct_development;margin_interpretation;no_safe;final_suite,PARTIALLY_SUPPORTED,"declared finite validation and locked-audit artifacts | declared tabular, polynomial, Sobel, Harris, and scalar-replicated CNN-lite adapters",EVIDENCE_REGISTRY,,PASS
thesis_v10,IV. 제안하는 FlipGuard,p475.s2,"직접 합성이라는 표현은 catalog profile을 이름으로 고르는 대신 exact Q/P와 scale을 계산한다는 뜻이며, 임의 graph 지원을 뜻하지 않는다.",YES,scoped_direct_synthesis,direct_confirmatory;direct_development;final_suite,SUPPORTED,"declared tabular, polynomial, Sobel, Harris, and scalar-replicated CNN-lite adapters",EVIDENCE_REGISTRY,,PASS
thesis_v10,IV. 제안하는 FlipGuard,p482.s1,"Static analysis만으로 runtime의 실제 근사오차와 implementation behavior를 완전히 알 수 없으므로, 합성 literal을 configuration-validation artifact에서 실행한다.",YES,scoped_direct_synthesis,direct_confirmatory;direct_development;final_suite,SUPPORTED,"declared tabular, polynomial, Sobel, Harris, and scalar-replicated CNN-lite adapters",EVIDENCE_REGISTRY,,PASS
thesis_v10,IV. 제안하는 FlipGuard,p482.s2,각 candidate trial은 새 키 3개를 사용한다.,YES,formal_trial_reduction,final_suite;bounded_oracle,SUPPORTED,Security-V2-admitted 7 profiles x 2 paths over the declared instances,EVIDENCE_REGISTRY,,PASS
thesis_v10,IV. 제안하는 FlipGuard,p482.s3,"실행 ledger는 key마다 plaintext score, CKKS score, absolute error, decision margin, budget, utilization ratio, decision, flip을 기록한다.",YES,BACKGROUND,,BACKGROUND,Background/definition only,YES,,PASS
thesis_v10,IV. 제안하는 FlipGuard,p483.s2,"Execution gate는 materialization, key generation, evaluation, decryption이 성공했는지 확인한다.",NO,BACKGROUND,,BACKGROUND,Background/definition only,YES,,PASS
thesis_v10,IV. 제안하는 FlipGuard,p483.s3,Decision gate는 V_cert의 flip과 reserve-policy violation이 0인지 확인한다.,NO,structural_extension,structural;structural_failure;margin_interpretation,PARTIALLY_SUPPORTED,five datasets x five deterministic partitions for mlp_square_poly3,EVIDENCE_REGISTRY,,PASS
thesis_v10,IV. 제안하는 FlipGuard,p483.s4,"이 둘을 분리하면 level 부족으로 실행되지 않은 candidate를 수치 REJECT와 구별하고, repair classifier가 적절한 bounded action을 선택할 수 있다.",NO,adaptive_repair,direct_ablation;direct_confirmatory,SUPPORTED,predeclared development ablation and observed repair causes,EVIDENCE_REGISTRY,,PASS
thesis_v10,IV. 제안하는 FlipGuard,p484.s1,Initial candidate가 SAFE이면 즉시 선택한다.,YES,BACKGROUND,,BACKGROUND,Background/definition only,YES,,PASS
thesis_v10,IV. 제안하는 FlipGuard,p484.s2,"실패하면 error classifier가 원인을 numerical precision, level exhaustion, static NTT-prime incompatibility, non-repairable provenance/security failure로 구분한다.",NO,adaptive_repair,direct_ablation;direct_confirmatory,SUPPORTED,predeclared development ablation and observed repair causes,EVIDENCE_REGISTRY,,PASS
thesis_v10,IV. 제안하는 FlipGuard,p484.s3,Numerical repair는 scale 관련 prime budget을 +4 bits 조정한다.,NO,adaptive_repair,direct_ablation;direct_confirmatory,SUPPORTED,predeclared development ablation and observed repair causes,EVIDENCE_REGISTRY,,PASS
thesis_v10,IV. 제안하는 FlipGuard,p484.s4,Level repair는 Q prime 1개를 추가하되 maximum additional level을 넘지 않는다.,NO,adaptive_repair,direct_ablation;direct_confirmatory,SUPPORTED,predeclared development ablation and observed repair causes,EVIDENCE_REGISTRY,,PASS
thesis_v10,IV. 제안하는 FlipGuard,p485.s1,"Repair는 audit 결과를 보아 수행하지 않으며, validation에서도 최대 encrypted trial 4번과 사전 선언된 변화만 허용한다.",YES,formal_trial_reduction;adaptive_repair,final_suite;bounded_oracle;direct_ablation;direct_confirmatory,SUPPORTED,Security-V2-admitted 7 profiles x 2 paths over the declared instances | predeclared development ablation and observed repair causes,EVIDENCE_REGISTRY,,PASS
thesis_v10,IV. 제안하는 FlipGuard,p485.s2,Security admission을 매 trial 다시 확인하고 first SAFE에서 멈춘다.,YES,formal_trial_reduction;security_attestation,final_suite;bounded_oracle;security_attestation;exact_estimator,PARTIALLY_SUPPORTED,"Security-V2-admitted 7 profiles x 2 paths over the declared instances | attested direct, catalog, reference, and latency-arm literals",EVIDENCE_REGISTRY,,PASS
thesis_v10,IV. 제안하는 FlipGuard,p485.s3,Repair budget 종료까지 SAFE가 없으면 NO_SAFE다.,NO,no_safe_behavior;adaptive_repair,no_safe;direct_ablation;direct_confirmatory,SUPPORTED,one-candidate budget control and declared two-candidate finite domain | predeclared development ablation and observed repair causes,EVIDENCE_REGISTRY,,PASS
thesis_v10,IV. 제안하는 FlipGuard,p485.s4,Provenance mismatch나 inadmissible security는 repair 대상이 아니라 integrity block이다.,NO,adaptive_repair,direct_ablation;direct_confirmatory,SUPPORTED,predeclared development ablation and observed repair causes,EVIDENCE_REGISTRY,,PASS
thesis_v10,IV. 제안하는 FlipGuard,p486.s1,"FlipGuard의 동결된 bounded repair는 선언된 개발 ablation에서 one-shot 실패 네 건을 SAFE 선택으로 전환했으며, 이는 보편적 repair 성공을 뜻하지 않는다.",YES,adaptive_repair,direct_ablation;direct_confirmatory,SUPPORTED,predeclared development ablation and observed repair causes,EVIDENCE_REGISTRY,,PASS
thesis_v10,IV. 제안하는 FlipGuard,p486.s2,"Repair의 의미는 실패를 무조건 성공으로 바꾸는 것이 아니라, 원인이 허용 class에 속할 때만 제한된 다음 literal을 생성하고 종료를 보장하는 데 있다.",NO,scoped_direct_synthesis;adaptive_repair,direct_confirmatory;direct_development;final_suite;direct_ablation,SUPPORTED,"declared tabular, polynomial, Sobel, Harris, and scalar-replicated CNN-lite adapters | predeclared development ablation and observed repair causes",EVIDENCE_REGISTRY,,PASS
thesis_v10,IV. 제안하는 FlipGuard,p493.s1,candidate provider에서 후보를 수집하고 source·graph·model·policy identity를 검증한다.,YES,BACKGROUND,,BACKGROUND,Background/definition only,YES,,PASS
thesis_v10,IV. 제안하는 FlipGuard,p497.s1,"direct 후보만 numerical reject면 scale +4, level failure면 Q level +1을 적용한다.",YES,BACKGROUND,,BACKGROUND,Background/definition only,YES,,PASS
thesis_v10,IV. 제안하는 FlipGuard,p499.s1,첫 SAFE 또는 trial budget 소진 시 중단한다.,YES,formal_trial_reduction,final_suite;bounded_oracle,SUPPORTED,Security-V2-admitted 7 profiles x 2 paths over the declared instances,EVIDENCE_REGISTRY,,PASS
thesis_v10,IV. 제안하는 FlipGuard,p501.s1,SAFE 후보를 동일 측정 경계에서 비교해 최저 지연 후보를 고정한다.,YES,BACKGROUND,,BACKGROUND,Background/definition only,YES,,PASS
thesis_v10,IV. 제안하는 FlipGuard,p503.s1,disjoint audit에서 후보를 바꾸지 않고 다시 실행한다.,YES,BACKGROUND,,BACKGROUND,Background/definition only,YES,,PASS
thesis_v10,IV. 제안하는 FlipGuard,p504.s2,최종 선택·NO_SAFE·설정 고정 검증,NO,no_safe_behavior,no_safe,SUPPORTED,one-candidate budget control and declared two-candidate finite domain,EVIDENCE_REGISTRY,,PASS
thesis_v10,IV. 제안하는 FlipGuard,p505.s1,Candidate가 SAFE가 되면 더 큰 또는 더 빠른 candidate를 탐색하지 않고 즉시 literal을 잠근다.,NO,scoped_direct_synthesis,direct_confirmatory;direct_development;final_suite,SUPPORTED,"declared tabular, polynomial, Sobel, Harris, and scalar-replicated CNN-lite adapters",EVIDENCE_REGISTRY,,PASS
thesis_v10,IV. 제안하는 FlipGuard,p505.s2,이 first-SAFE rule은 direct path를 fastest configuration search와 구분한다.,YES,BACKGROUND,,BACKGROUND,Background/definition only,YES,,PASS
thesis_v10,IV. 제안하는 FlipGuard,p505.s3,"합성 순서는 policy가 정한 보수 수준과 repair progression을 반영하므로, 선택 결과는 “검증된 후보 중 최소 latency”가 아니라 “동결 순서에서 처음으로 SAFE가 된 후보”다.",YES,adaptive_repair,direct_ablation;direct_confirmatory,SUPPORTED,predeclared development ablation and observed repair causes,EVIDENCE_REGISTRY,,PASS
thesis_v10,IV. 제안하는 FlipGuard,p505.s4,Latency 우월성은 selection 목적이 아니라 후속 paired evaluation에서 측정한다.,YES,BACKGROUND,,BACKGROUND,Background/definition only,YES,,PASS
thesis_v10,IV. 제안하는 FlipGuard,p506.s1,"사전동결 budget control은 40건 중 16건에서 NO_SAFE를, 선언된 finite-domain control은 50/50에서 NO_SAFE를 반환했다.",YES,no_safe_behavior,no_safe,SUPPORTED,one-candidate budget control and declared two-candidate finite domain,EVIDENCE_REGISTRY,,PASS
thesis_v10,IV. 제안하는 FlipGuard,p506.s2,NO_SAFE는 해당 budget 또는 finite candidate domain에서 SAFE를 확립하지 못했다는 뜻이며 가능한 CKKS literal 전체의 부재를 뜻하지 않는다.,YES,no_safe_behavior;scoped_direct_synthesis,no_safe;direct_confirmatory;direct_development;final_suite,SUPPORTED,"one-candidate budget control and declared two-candidate finite domain | declared tabular, polynomial, Sobel, Harris, and scalar-replicated CNN-lite adapters",EVIDENCE_REGISTRY,,PASS
thesis_v10,IV. 제안하는 FlipGuard,p507.s1,"Selection 결과에는 candidate literal의 canonical JSON, SHA-256, graph/model/input/policy digest, binary digest, selection ledger를 결합한다.",YES,scoped_direct_synthesis,direct_confirmatory;direct_development;final_suite,SUPPORTED,"declared tabular, polynomial, Sobel, Harris, and scalar-replicated CNN-lite adapters",EVIDENCE_REGISTRY,,PASS
thesis_v10,IV. 제안하는 FlipGuard,p507.s2,Locked audit runner는 이 selection artifact를 input으로 받고 synthesizer와 repair module을 호출할 수 없다.,NO,primary_no_retuning_locked_audit;adaptive_repair,direct_confirmatory;direct_development;direct_ablation,SUPPORTED,10 dataset-model workloads and five deterministic repeated partitions | predeclared development ablation and observed repair causes,EVIDENCE_REGISTRY,,PASS
thesis_v10,IV. 제안하는 FlipGuard,p508.s2,"Primary에서는 confirmatory seeds 1--4의 40건이 40/40 PASS였고, development seed 0의 10건도 descriptive 결과에서 10/10 PASS였다.",YES,primary_no_retuning_locked_audit,direct_confirmatory;direct_development,SUPPORTED,10 dataset-model workloads and five deterministic repeated partitions,EVIDENCE_REGISTRY,,PASS
thesis_v10,IV. 제안하는 FlipGuard,p508.s3,Structural mlp_square_poly3에서는 1건의 reserve-policy REJECT가 관측되었다.,NO,structural_extension,structural;structural_failure;margin_interpretation,PARTIALLY_SUPPORTED,five datasets x five deterministic partitions for mlp_square_poly3,EVIDENCE_REGISTRY,,PASS
thesis_v10,IV. 제안하는 FlipGuard,p510.s1,[그림 5] 선택과 설정 고정 최종 검증의 분리,YES,BACKGROUND,,BACKGROUND,Background/definition only,YES,,PASS
thesis_v10,IV. 제안하는 FlipGuard,p511.s1,Bounded catalog side path는 11 profile과 2 path의 역사적 ledger를 Security-V2로 다시 필터링한다.,YES,security_attestation,security_attestation;exact_estimator,PARTIALLY_SUPPORTED,"attested direct, catalog, reference, and latency-arm literals",EVIDENCE_REGISTRY,,PASS
thesis_v10,IV. 제안하는 FlipGuard,p511.s3,동일 workload-partition에서 admitted candidate 중 SAFE이며 latency가 가장 작은 것을 bounded-catalog arm으로 선택한다.,YES,paired_latency,paired_latency_admission;bounded_oracle,PARTIALLY_SUPPORTED,"one host, frozen direct and Security-V2 bounded-catalog arms",EVIDENCE_REGISTRY,,PASS
thesis_v10,IV. 제안하는 FlipGuard,p511.s4,Direct arm과 catalog arm은 source/model/split identity v2 검사를 통과해야 paired comparison에 들어간다.,YES,BACKGROUND,,BACKGROUND,Background/definition only,YES,,PASS
thesis_v10,IV. 제안하는 FlipGuard,p512.s1,"Catalog의 목적은 direct synthesis가 유한 비교 집합 대비 candidate trial을 얼마나 줄였는지, 선택 literal의 latency가 bounded fastest-safe와 어떻게 다른지를 평가하는 것이다.",YES,formal_trial_reduction;scoped_direct_synthesis,final_suite;bounded_oracle;direct_confirmatory;direct_development,SUPPORTED,"Security-V2-admitted 7 profiles x 2 paths over the declared instances | declared tabular, polynomial, Sobel, Harris, and scalar-replicated CNN-lite adapters",EVIDENCE_REGISTRY,,PASS
thesis_v10,IV. 제안하는 FlipGuard,p512.s2,Catalog가 direct algorithm의 repair policy를 학습시키거나 audit 결과를 통해 바뀌지는 않는다.,NO,adaptive_repair,direct_ablation;direct_confirmatory,SUPPORTED,predeclared development ablation and observed repair causes,EVIDENCE_REGISTRY,,PASS
thesis_v10,IV. 제안하는 FlipGuard,p513.s4,예를 들어 margin theorem과 rho=0.5의 의미는 기존 encrypted pack을 수정하지 않고 margin_utilization_interpretation_v1이 참조한다.,YES,BACKGROUND,,BACKGROUND,Background/definition only,YES,,PASS
thesis_v10,IV. 제안하는 FlipGuard,p514.s3,"잘못된 source, policy, security admission, 복구 불가능한 provenance 문제는 integrity block으로 처리한다.",NO,security_attestation,security_attestation;exact_estimator,PARTIALLY_SUPPORTED,"attested direct, catalog, reference, and latency-arm literals",EVIDENCE_REGISTRY,,PASS
thesis_v10,V. FlipGuard 구현,p518.s1,"FlipGuard는 Go로 작성한 CKKS 실행·직접 합성 구성요소, Python으로 작성한 artifact 준비·분석·evidence builder·verifier, Bash suite orchestrator로 구성된다.",NO,scoped_direct_synthesis,direct_confirmatory;direct_development;final_suite,SUPPORTED,"declared tabular, polynomial, Sobel, Harris, and scalar-replicated CNN-lite adapters",EVIDENCE_REGISTRY,,PASS
thesis_v10,V. FlipGuard 구현,p518.s2,암호화 실행은 Lattigo v6.2.0을 사용한다.,NO,BACKGROUND,,BACKGROUND,Background/definition only,YES,,PASS
thesis_v10,V. FlipGuard 구현,p518.s3,"최종 confirmatory run manifest가 기록한 환경은 Go 1.25.9, Ubuntu 24.04.4 LTS, Linux x86-64 VMware 가상 환경, 약 16 GB 메모리다.",NO,structural_extension,structural;structural_failure;margin_interpretation,PARTIALLY_SUPPORTED,five datasets x five deterministic partitions for mlp_square_poly3,EVIDENCE_REGISTRY,,PASS
thesis_v10,V. FlipGuard 구현,p519.s3,"둘째, synthesis and execution layer는 graph fact를 literal로 변환하고 Lattigo object를 생성해 candidate를 실행한다.",NO,scoped_direct_synthesis,direct_confirmatory;direct_development;final_suite,SUPPORTED,"declared tabular, polynomial, Sobel, Harris, and scalar-replicated CNN-lite adapters",EVIDENCE_REGISTRY,,PASS
thesis_v10,V. FlipGuard 구현,p519.s4,"셋째, assurance layer는 security, decision certificate, repair, locked replay를 수행한다.",NO,adaptive_repair,direct_ablation;direct_confirmatory,SUPPORTED,predeclared development ablation and observed repair causes,EVIDENCE_REGISTRY,,PASS
thesis_v10,V. FlipGuard 구현,p524.s1,Ubuntu 24.04 LTS on VMware Workstation,NO,structural_extension,structural;structural_failure;margin_interpretation,PARTIALLY_SUPPORTED,five datasets x five deterministic partitions for mlp_square_poly3,EVIDENCE_REGISTRY,,PASS
thesis_v10,V. FlipGuard 구현,p526.s1,"Go 1.24, Python 3.11",NO,structural_extension,structural;structural_failure;margin_interpretation,PARTIALLY_SUPPORTED,five datasets x five deterministic partitions for mlp_square_poly3,EVIDENCE_REGISTRY,,PASS
thesis_v10,V. FlipGuard 구현,p527.s1,CKKS library,NO,BACKGROUND,,BACKGROUND,Background/definition only,YES,,PASS
thesis_v10,V. FlipGuard 구현,p528.s1,Lattigo v6.2.0,NO,BACKGROUND,,BACKGROUND,Background/definition only,YES,,PASS
thesis_v10,V. FlipGuard 구현,p548.s1,internal/ckksplanner,NO,BACKGROUND,,BACKGROUND,Background/definition only,YES,,PASS
thesis_v10,V. FlipGuard 구현,p550.s1,candidate literal,NO,scoped_direct_synthesis,direct_confirmatory;direct_development;final_suite,SUPPORTED,"declared tabular, polynomial, Sobel, Harris, and scalar-replicated CNN-lite adapters",EVIDENCE_REGISTRY,,PASS
thesis_v10,V. FlipGuard 구현,p552.s1,"margin, V_cert/V_amb, SAFE/REJECTED",NO,direct_repeat_flip_classification,,SUPPORTED,V9 external comparison scope,EVIDENCE_REGISTRY,,PASS
thesis_v10,V. FlipGuard 구현,p554.s1,internal/ckksbackend,NO,BACKGROUND,,BACKGROUND,Background/definition only,YES,,PASS
thesis_v10,V. FlipGuard 구현,p555.s1,"Lattigo context, encrypt/evaluate/decrypt, timing",NO,BACKGROUND,,BACKGROUND,Background/definition only,YES,,PASS
thesis_v10,V. FlipGuard 구현,p570.s4,"Non-tabular adapter는 BSDS500에서 추출한 Sobel patch, Harris window, MNIST 0-vs-1 CNN-lite graph를 scalar-replicated 방식으로 실행한다 [19, 18].",NO,scoped_non_tabular_extension,sobel;harris;cnn_lite,PARTIALLY_SUPPORTED,BSDS500 Sobel/Harris patches and MNIST CNN-lite scalar-replicated adapter,"[19, 18]",,PASS
thesis_v10,V. FlipGuard 구현,p571.s2,새로운 operation support는 adapter version을 추가하는 방식으로 구현되며 Direct Policy V2의 scale/repair 상수를 바꾸지 않는다.,NO,adaptive_repair,direct_ablation;direct_confirmatory,SUPPORTED,predeclared development ablation and observed repair causes,EVIDENCE_REGISTRY,,PASS
thesis_v10,V. FlipGuard 구현,p571.s3,이 구조 때문에 structural 및 non-tabular holdout 결과를 본 뒤 primary policy를 retune하지 않고도 지원 범위를 확장할 수 있었다.,YES,BACKGROUND,,BACKGROUND,Background/definition only,YES,,PASS
thesis_v10,V. FlipGuard 구현,p572.s1,Synthesizer output은 symbolic profile이 아니라 exact literal이다.,NO,scoped_direct_synthesis,direct_confirmatory;direct_development;final_suite,SUPPORTED,"declared tabular, polynomial, Sobel, Harris, and scalar-replicated CNN-lite adapters",EVIDENCE_REGISTRY,,PASS
thesis_v10,V. FlipGuard 구현,p572.s3,"Materializer는 Lattigo parameter literal을 생성한 뒤 실제 LogQ, LogP, LogQP를 다시 계산한다.",NO,scoped_direct_synthesis,direct_confirmatory;direct_development;final_suite,SUPPORTED,"declared tabular, polynomial, Sobel, Harris, and scalar-replicated CNN-lite adapters",EVIDENCE_REGISTRY,,PASS
thesis_v10,V. FlipGuard 구현,p573.s1,Catalog candidate도 같은 literal schema로 정규화한다.,YES,scoped_direct_synthesis,direct_confirmatory;direct_development;final_suite,SUPPORTED,"declared tabular, polynomial, Sobel, Harris, and scalar-replicated CNN-lite adapters",EVIDENCE_REGISTRY,,PASS
thesis_v10,V. FlipGuard 구현,p573.s2,Profile과 path mapping은 candidate identity에 포함되고 Security-V2 excluded 여부가 표시된다.,NO,security_attestation,security_attestation;exact_estimator,PARTIALLY_SUPPORTED,"attested direct, catalog, reference, and latency-arm literals",EVIDENCE_REGISTRY,,PASS
thesis_v10,V. FlipGuard 구현,p573.s3,Reference candidate deep_chain_8_scale45rescale_aware 역시 security admission과 decision certificate를 workload별로 별도 기록한다.,NO,security_attestation,security_attestation;exact_estimator,PARTIALLY_SUPPORTED,"attested direct, catalog, reference, and latency-arm literals",EVIDENCE_REGISTRY,,PASS
thesis_v10,V. FlipGuard 구현,p573.s4,"Security PASS만으로 SAFE reference라 부르지 않으며, formal safe-to-safe comparison에는 decision SAFE인 row만 허용한다.",YES,BACKGROUND,,BACKGROUND,Background/definition only,YES,,PASS
thesis_v10,V. FlipGuard 구현,p575.s1,"# Direct selection
scripts/run_thesis_final_confirmatory_suite.sh --resume

# Individual CLI flow
go run ./cmd/flipguard-synthesize --model model.json --validation validation.csv
go run ./cmd/flipguard-audit --selection selected.json --audit locked_audit.csv

# Evidence verification
python3 docs/evidence/<pack>/verify_*.py",YES,BACKGROUND,,BACKGROUND,Background/definition only,YES,,PASS
thesis_v10,V. FlipGuard 구현,p582.s1,"literal, contract, plan",NO,scoped_direct_synthesis,direct_confirmatory;direct_development;final_suite,SUPPORTED,"declared tabular, polynomial, Sobel, Harris, and scalar-replicated CNN-lite adapters",EVIDENCE_REGISTRY,,PASS
thesis_v10,V. FlipGuard 구현,p584.s1,"validation, bounded repair, first SAFE",NO,adaptive_repair,direct_ablation;direct_confirmatory,SUPPORTED,predeclared development ablation and observed repair causes,EVIDENCE_REGISTRY,,PASS
thesis_v10,V. FlipGuard 구현,p599.s1,"Candidate runner는 parameter literal로 context, encoder, encryptor, decryptor, evaluator와 evaluation key를 생성한다.",NO,scoped_direct_synthesis,direct_confirmatory;direct_development;final_suite,SUPPORTED,"declared tabular, polynomial, Sobel, Harris, and scalar-replicated CNN-lite adapters",EVIDENCE_REGISTRY,,PASS
thesis_v10,V. FlipGuard 구현,p599.s3,각 trial은 독립된 fresh key material로 3번 반복한다.,YES,formal_trial_reduction,final_suite;bounded_oracle,SUPPORTED,Security-V2-admitted 7 profiles x 2 paths over the declared instances,EVIDENCE_REGISTRY,,PASS
thesis_v10,V. FlipGuard 구현,p599.s4,이 반복은 같은 model artifact의 독립 학습을 의미하지 않으며 encryption randomness와 key material 변화에 대한 관측이다.,NO,training_model_seed_extension,training_seed,PARTIALLY_SUPPORTED,3 datasets x 3 predeclared independent training/data seeds,EVIDENCE_REGISTRY,,PASS
thesis_v10,V. FlipGuard 구현,p600.s1,Execution ledger는 candidate trial과 key run을 분리한다.,YES,formal_trial_reduction,final_suite;bounded_oracle,SUPPORTED,Security-V2-admitted 7 profiles x 2 paths over the declared instances,EVIDENCE_REGISTRY,,PASS
thesis_v10,V. FlipGuard 구현,p600.s2,"Sample row에는 source row ID, key repeat, plaintext score, CKKS score, absolute error, threshold, margin, budget, utilization, decisions, flip과 violation을 저장한다.",YES,BACKGROUND,,BACKGROUND,Background/definition only,YES,,PASS
thesis_v10,V. FlipGuard 구현,p601.s2,"Ciphertext-Q admission은 LogQ를 cap과 비교하고, evaluation-key-QP admission은 LogQP를 비교한다.",NO,BACKGROUND,,BACKGROUND,Background/definition only,YES,,PASS
thesis_v10,V. FlipGuard 구현,p601.s3,Candidate가 실제로 evaluation key를 필요로 하면 두 검사 모두 PASS여야 final admission이 PASS다.,NO,BACKGROUND,,BACKGROUND,Background/definition only,YES,,PASS
thesis_v10,V. FlipGuard 구현,p602.s1,"Static re-attestation은 direct-selected 50개 row, distinct direct literal, catalog 11 profile, profile/path identity, reference, latency arm을 machine-readable CSV/JSON으로 재생했다.",YES,scoped_direct_synthesis,direct_confirmatory;direct_development;final_suite,SUPPORTED,"declared tabular, polynomial, Sobel, Harris, and scalar-replicated CNN-lite adapters",EVIDENCE_REGISTRY,,PASS
thesis_v10,V. FlipGuard 구현,p602.s2,Catalog의 4개 profile은 Security-V2에서 제외되었고 7개만 formal comparison에 남았다.,NO,security_attestation,security_attestation;exact_estimator,PARTIALLY_SUPPORTED,"attested direct, catalog, reference, and latency-arm literals",EVIDENCE_REGISTRY,,PASS
thesis_v10,V. FlipGuard 구현,p602.s3,"Exact estimator artifact는 exact Q/P prime과 2개 cost model에서 object를 평가하지만, Lattigo Xe의 finite bound가 estimator distribution과 완전히 같지 않음을 manifest에 기록한다.",NO,BACKGROUND,,BACKGROUND,Background/definition only,YES,,PASS
thesis_v10,V. FlipGuard 구현,p603.s2,Numerical reject는 실행은 성공했지만 reserve-policy violation이 있는 경우다.,NO,structural_extension,structural;structural_failure;margin_interpretation,PARTIALLY_SUPPORTED,five datasets x five deterministic partitions for mlp_square_poly3,EVIDENCE_REGISTRY,,PASS
thesis_v10,V. FlipGuard 구현,p603.s5,"Provenance mismatch, unsupported graph, Security-V2 inadmission은 repair할 수 없는 integrity class다.",NO,security_attestation;adaptive_repair,security_attestation;exact_estimator;direct_ablation;direct_confirmatory,PARTIALLY_SUPPORTED,"attested direct, catalog, reference, and latency-arm literals | predeclared development ablation and observed repair causes",EVIDENCE_REGISTRY,,PASS
thesis_v10,V. FlipGuard 구현,p604.s1,Repair executor는 policy JSON에 있는 transition만 수행한다.,NO,adaptive_repair,direct_ablation;direct_confirmatory,SUPPORTED,predeclared development ablation and observed repair causes,EVIDENCE_REGISTRY,,PASS
thesis_v10,V. FlipGuard 구현,p604.s2,"Numerical repair는 scale-related bit를 4만큼 증가시키고, level repair는 Q prime 1개를 추가한다.",NO,adaptive_repair,direct_ablation;direct_confirmatory,SUPPORTED,predeclared development ablation and observed repair causes,EVIDENCE_REGISTRY,,PASS
thesis_v10,V. FlipGuard 구현,p604.s4,Maximum trial 4번 또는 maximum additional level에 도달하면 종료한다.,YES,formal_trial_reduction,final_suite;bounded_oracle,SUPPORTED,Security-V2-admitted 7 profiles x 2 paths over the declared instances,EVIDENCE_REGISTRY,,PASS
thesis_v10,V. FlipGuard 구현,p605.s1,Locked audit runner의 input은 selection result와 audit artifact뿐이다.,NO,primary_no_retuning_locked_audit,direct_confirmatory;direct_development,SUPPORTED,10 dataset-model workloads and five deterministic repeated partitions,EVIDENCE_REGISTRY,,PASS
thesis_v10,V. FlipGuard 구현,p605.s2,"Candidate generator interface를 link하지 않도록 실행 path를 분리하고, selection literal digest와 audit materialization literal digest를 비교한다.",NO,scoped_direct_synthesis,direct_confirmatory;direct_development;final_suite,SUPPORTED,"declared tabular, polynomial, Sobel, Harris, and scalar-replicated CNN-lite adapters",EVIDENCE_REGISTRY,,PASS
thesis_v10,V. FlipGuard 구현,p605.s4,Audit에서는 fresh key 3개를 생성하지만 literal parameter는 변경하지 않는다.,NO,scoped_direct_synthesis,direct_confirmatory;direct_development;final_suite,SUPPORTED,"declared tabular, polynomial, Sobel, Harris, and scalar-replicated CNN-lite adapters",EVIDENCE_REGISTRY,,PASS
thesis_v10,V. FlipGuard 구현,p606.s2,"Audit 결과를 보고 후속 candidate가 생성된 흔적, repair event, policy digest 변경이 있으면 verifier가 실패한다.",YES,adaptive_repair,direct_ablation;direct_confirmatory,SUPPORTED,predeclared development ablation and observed repair causes,EVIDENCE_REGISTRY,,PASS
thesis_v10,V. FlipGuard 구현,p607.s1,"Paired latency runner는 direct-selected, Security-V2 bounded-catalog fastest-safe, fixed reference의 3개 arm을 frozen identity로 받는다.",YES,paired_latency;security_attestation,paired_latency_admission;bounded_oracle;security_attestation;exact_estimator,PARTIALLY_SUPPORTED,"one host, frozen direct and Security-V2 bounded-catalog arms | attested direct, catalog, reference, and latency-arm literals",EVIDENCE_REGISTRY,,PASS
thesis_v10,V. FlipGuard 구현,p607.s3,"Outlier를 제거하지 않으며 setup/keygen, evaluation-only, total latency를 분리한다.",YES,BACKGROUND,,BACKGROUND,Background/definition only,YES,,PASS
thesis_v10,V. FlipGuard 구현,p608.s1,"총 50 workload-partition instance에서 3개 arm, 6회 measurement run, run마다 6개의 고정 selected input row가 결합되어 50 x 3 x 6 x 6 = 5,400 latency record가 생성되었다.",YES,BACKGROUND,,BACKGROUND,Background/definition only,YES,,PASS
thesis_v10,V. FlipGuard 구현,p608.s2,Setup/evaluation/total은 각 record의 분리된 측정 열이며 별도 record로 세지 않는다.,NO,BACKGROUND,,BACKGROUND,Background/definition only,YES,,PASS
thesis_v10,V. FlipGuard 구현,p608.s3,분석기는 raw record를 독립 표본으로 취급하지 않고 10 dataset-model cluster를 primary inference unit으로 사용한다.,YES,BACKGROUND,,BACKGROUND,Background/definition only,YES,,PASS
thesis_v10,V. FlipGuard 구현,p610.s2,"예를 들어 trial-reduction verifier는 formal denominator가 700/560인지, 1,100이 headline denominator로 사용되지 않는지 검사한다.",YES,formal_trial_reduction,final_suite;bounded_oracle,SUPPORTED,Security-V2-admitted 7 profiles x 2 paths over the declared instances,EVIDENCE_REGISTRY,,PASS
thesis_v10,V. FlipGuard 구현,p610.s3,Structural verifier는 24 PASS와 1 REJECT가 모두 있어야 통과하며 negative row 삭제를 실패로 처리한다.,NO,structural_extension,structural;structural_failure;margin_interpretation,PARTIALLY_SUPPORTED,five datasets x five deterministic partitions for mlp_square_poly3,EVIDENCE_REGISTRY,,PASS
thesis_v10,V. FlipGuard 구현,p611.s2,RC2 archive SHA-256은 05ef70306a11ab577243b0c708489864f19ccd104e6036e28fc6bd1dab45c0be다.,NO,formal_trial_reduction;structural_extension,final_suite;bounded_oracle;structural;structural_failure;margin_interpretation,PARTIALLY_SUPPORTED,Security-V2-admitted 7 profiles x 2 paths over the declared instances | five datasets x five deterministic partitions for mlp_square_poly3,EVIDENCE_REGISTRY,,PASS
thesis_v10,V. FlipGuard 구현,p611.s3,"RC2는 RC1 이후 OpenML server-gzip transport를 byte-identical replay로 보존하는 release repair만 포함하고, encrypted result, claim, policy, Paper Artifacts V3를 변경하지 않는다.",NO,adaptive_repair,direct_ablation;direct_confirmatory,SUPPORTED,predeclared development ablation and observed repair causes,EVIDENCE_REGISTRY,,PASS
thesis_v10,V. FlipGuard 구현,p613.s3,"CNN-lite는 학습된 MNIST binary graph를 지원하지만 packed convolution, general LeNet, multiclass encrypted argmax를 구현하지 않는다.",YES,scoped_non_tabular_extension;multiclass_argmax_proposition,sobel;harris;cnn_lite;docs/evidence/journal_multiclass_extension_v1/multiclass_contract.json;internal/certify/multiclass_decision_contract.go;internal/certify/multiclass_decision_contract_test.go,PARTIALLY_SUPPORTED,"BSDS500 Sobel/Harris patches and MNIST CNN-lite scalar-replicated adapter | finite logits with finite class-wise error bounds, strict inequalities, and no plaintext tie",EVIDENCE_REGISTRY,,PASS
thesis_v10,V. FlipGuard 구현,p613.s4,Sobel과 Harris도 전체 이미지 처리 throughput 또는 vision task accuracy가 아니라 선언된 patch/window score의 threshold decision을 평가한다.,NO,scoped_non_tabular_extension,sobel;harris;cnn_lite,PARTIALLY_SUPPORTED,BSDS500 Sobel/Harris patches and MNIST CNN-lite scalar-replicated adapter,EVIDENCE_REGISTRY,,PASS
thesis_v10,V. FlipGuard 구현,p614.s2,"Paired direct/catalog 비교는 동일 scalar-replicated workload와 host 안에서 유효하지만, batch packing을 사용하는 서비스로 외삽할 수 없다.",YES,BACKGROUND,,BACKGROUND,Background/definition only,YES,,PASS
thesis_v10,V. FlipGuard 구현,p614.s3,"구현의 목적은 decision-integrity layer와 evidence protocol을 검증하는 것이며, 모든 FHE compiler optimization을 포함하는 완성형 runtime을 만드는 것이 아니다.",NO,finite_scope_decision_integrity,direct_confirmatory;direct_development;margin_interpretation;no_safe,PARTIALLY_SUPPORTED,declared finite validation and locked-audit artifacts,EVIDENCE_REGISTRY,,PASS
thesis_v10,VI. 평가 방법,p618.s1,"평가는 policy 개발과 post-freeze confirmatory evidence를 분리하고, candidate trial·key run·sample evaluation·wall-clock을 다른 단위로 보고하며, negative result를 삭제하지 않는 원칙을 따른다.",YES,formal_trial_reduction,final_suite;bounded_oracle,SUPPORTED,Security-V2-admitted 7 profiles x 2 paths over the declared instances,EVIDENCE_REGISTRY,,PASS
thesis_v10,VI. 평가 방법,p618.s2,"Direct Policy V2, Security Policy V2, primary rho=0.5, margin floor 0.001, repair rule, maximum trial 4, split assignment는 confirmatory execution 전에 동결되었다.",NO,formal_trial_reduction;adaptive_repair,final_suite;bounded_oracle;direct_ablation;direct_confirmatory,SUPPORTED,Security-V2-admitted 7 profiles x 2 paths over the declared instances | predeclared development ablation and observed repair causes,EVIDENCE_REGISTRY,,PASS
thesis_v10,VI. 평가 방법,p621.s1,"Primary evaluation은 banknote, digits_binary, iris_binary, mnist_pool16, wdbc의 5개 dataset과 linear_poly3, mlp_square_linear_score의 2개 model graph를 결합한 10 dataset-model workload로 구성한다.",NO,BACKGROUND,,BACKGROUND,Background/definition only,YES,,PASS
thesis_v10,VI. 평가 방법,p621.s2,각 workload의 fixed held-out artifact를 5개 deterministic partition seed로 나누어 configuration-validation과 locked audit을 구성했다.,NO,primary_no_retuning_locked_audit,direct_confirmatory;direct_development,SUPPORTED,10 dataset-model workloads and five deterministic repeated partitions,EVIDENCE_REGISTRY,,PASS
thesis_v10,VI. 평가 방법,p623.s1,각 candidate trial은 fresh key 3개로 configuration-validation을 실행한다.,YES,formal_trial_reduction,final_suite;bounded_oracle,SUPPORTED,Security-V2-admitted 7 profiles x 2 paths over the declared instances,EVIDENCE_REGISTRY,,PASS
thesis_v10,VI. 평가 방법,p623.s2,Selection candidate가 정해지면 audit artifact에서 다시 3개 fresh key로 exact literal을 재생한다.,NO,scoped_direct_synthesis,direct_confirmatory;direct_development;final_suite,SUPPORTED,"declared tabular, polynomial, Sobel, Harris, and scalar-replicated CNN-lite adapters",EVIDENCE_REGISTRY,,PASS
thesis_v10,5 deterministic partitions = 50 instances,p634.s1,"MNIST MLP-100, LeNet-5-small",NO,mlp100_finite_validation_audit;lenet5_small_finite_validation_audit,docs/evidence/journal_multiclass_extension_results_v1/summary.json;datasets/journal_multiclass_extension_v1/mnist/input_split_manifest.json,SUPPORTED,"one frozen MNIST MLP-100 model, 1,000 predeclared encrypted test images, scalar-replicated execution | one frozen MNIST LeNet-5-small model, 1,000 predeclared encrypted test images, declared scalar-replicated adapter",EVIDENCE_REGISTRY,,PASS
thesis_v10,500 validation + 500 audit/model,p636.s1,argmax 일반성,NO,multiclass_argmax_proposition,docs/evidence/journal_multiclass_extension_v1/multiclass_contract.json;internal/certify/multiclass_decision_contract.go;internal/certify/multiclass_decision_contract_test.go,SUPPORTED,"finite logits with finite class-wise error bounds, strict inequalities, and no plaintext tie",EVIDENCE_REGISTRY,,PASS
thesis_v10,500 validation + 500 audit/model,p637.s1,EVA,NO,BACKGROUND,,BACKGROUND,Background/definition only,YES,,PASS
thesis_v10,500 validation + 500 audit/model,p638.s1,exact shared polynomial,NO,heir_decision_bearing_shared_polynomial,docs/evidence/focused_external_comparison_v8/claim_admission.json,SUPPORTED,V8 external-comparison declared workload and runtime scope,EVIDENCE_REGISTRY,,PASS
thesis_v10,"500 validation + 500 audit, 3 contexts",p640.s1,외부 후보 decision stability,NO,finite_scope_decision_integrity,direct_confirmatory;direct_development;margin_interpretation;no_safe,PARTIALLY_SUPPORTED,declared finite validation and locked-audit artifacts,EVIDENCE_REGISTRY,,PASS
thesis_v10,"500 validation + 500 audit, 3 contexts",p642.s1,same polynomial on Lattigo/OpenFHE,NO,BACKGROUND,,BACKGROUND,Background/definition only,YES,,PASS
thesis_v10,"500 validation + 500 audit, 3 contexts",p645.s1,CoreLab,NO,corelab_eva_elasm_numerical_grid,,PARTIALLY_SUPPORTED,V9 external comparison scope,EVIDENCE_REGISTRY,,PASS
thesis_v10,"500 validation + 500 audit, 3 contexts",p646.s1,"official LinearRegression, EVA/ELASM 72 plans",NO,BACKGROUND,,BACKGROUND,Background/definition only,YES,,PASS
thesis_v10,200 unique inputs/plan,p650.s1,"poly3, Sobel, Harris, CNN-lite, independent seeds",NO,scoped_non_tabular_extension,sobel;harris;cnn_lite,PARTIALLY_SUPPORTED,BSDS500 Sobel/Harris patches and MNIST CNN-lite scalar-replicated adapter,EVIDENCE_REGISTRY,,PASS
thesis_v10,200 unique inputs/plan,p658.s1,"역사적 catalog는 11 profile, 2 path, 50 instance로 1,100 candidate execution을 포함한다.",YES,BACKGROUND,,BACKGROUND,Background/definition only,YES,,PASS
thesis_v10,200 unique inputs/plan,p658.s2,Security-V2는 profile 7개를 admit하고 4개를 exclude했다.,NO,security_attestation,security_attestation;exact_estimator,PARTIALLY_SUPPORTED,"attested direct, catalog, reference, and latency-arm literals",EVIDENCE_REGISTRY,,PASS
thesis_v10,200 unique inputs/plan,p658.s3,"Formal bounded catalog는 7개 profile과 2 path이므로 전체 700개, seed 0 development는 140개, confirmatory seeds 1--4는 560개 candidate다.",NO,formal_trial_reduction,final_suite;bounded_oracle,SUPPORTED,Security-V2-admitted 7 profiles x 2 paths over the declared instances,EVIDENCE_REGISTRY,,PASS
thesis_v10,200 unique inputs/plan,p659.s1,Trial reduction은 다음으로 계산한다.,YES,formal_trial_reduction,final_suite;bounded_oracle,SUPPORTED,Security-V2-admitted 7 profiles x 2 paths over the declared instances,EVIDENCE_REGISTRY,,PASS
thesis_v10,200 unique inputs/plan,p661.s2,Security-V2 excluded 400개를 formal oracle이나 direct-trial denominator에 포함하지 않는다.,NO,formal_trial_reduction;security_attestation,final_suite;bounded_oracle;security_attestation;exact_estimator,PARTIALLY_SUPPORTED,"Security-V2-admitted 7 profiles x 2 paths over the declared instances | attested direct, catalog, reference, and latency-arm literals",EVIDENCE_REGISTRY,,PASS
thesis_v10,200 unique inputs/plan,p662.s1,"Direct selection 지표는 candidate trial, repair count와 cause, fresh-key run, encrypted sample evaluation, SELECTED/NO_SAFE, candidate literal, security admission이다.",YES,formal_trial_reduction;no_safe_behavior;security_attestation;scoped_direct_synthesis;adaptive_repair,final_suite;bounded_oracle;no_safe;security_attestation;exact_estimator;direct_confirmatory;direct_development;direct_ablation,PARTIALLY_SUPPORTED,"Security-V2-admitted 7 profiles x 2 paths over the declared instances | one-candidate budget control and declared two-candidate finite domain | attested direct, catalog, reference, and latency-arm literals | declared tabular, polynomial, Sobel, Harris, and scalar-replicated CNN-lite adapters | predeclared development ablation and observed repair causes",EVIDENCE_REGISTRY,,PASS
thesis_v10,200 unique inputs/plan,p662.s2,"Decision-integrity 지표는 validation 및 audit의 flip, reserve-policy violation, V_cert, V_amb, coverage, maximum margin utilization이다.",NO,structural_extension;direct_repeat_flip_classification;finite_scope_decision_integrity,structural;structural_failure;margin_interpretation;direct_confirmatory;direct_development;no_safe,PARTIALLY_SUPPORTED,five datasets x five deterministic partitions for mlp_square_poly3 | V9 external comparison scope | declared finite validation and locked-audit artifacts,EVIDENCE_REGISTRY,,PASS
thesis_v10,200 unique inputs/plan,p663.s1,"Performance 지표는 setup/keygen, evaluation-only, total latency의 mean, median, p95, standard deviation, interquartile range와 within-workload coefficient of variation이다.",NO,BACKGROUND,,BACKGROUND,Background/definition only,YES,,PASS
thesis_v10,200 unique inputs/plan,p663.s2,Arm position effect도 따로 분석한다.,YES,BACKGROUND,,BACKGROUND,Background/definition only,YES,,PASS
thesis_v10,200 unique inputs/plan,p663.s3,"Security 지표는 ciphertext LogQ headroom, evaluation-key LogQP headroom, final admission, estimator model별 결과다.",NO,BACKGROUND,,BACKGROUND,Background/definition only,YES,,PASS
thesis_v10,200 unique inputs/plan,p664.s2,graph_only_fixed_tolerance는 decision margin contract 없이 graph depth와 fixed precision으로 합성한다.,YES,BACKGROUND,,BACKGROUND,Background/definition only,YES,,PASS
thesis_v10,200 unique inputs/plan,p664.s3,one_shot_direct는 initial candidate만 실행해 adaptive repair를 제거한다.,NO,adaptive_repair,direct_ablation;direct_confirmatory,SUPPORTED,predeclared development ablation and observed repair causes,EVIDENCE_REGISTRY,,PASS
thesis_v10,200 unique inputs/plan,p664.s4,"full_flipguard는 graph와 decision contract, encrypted validation, repair, certify-or-reject, NO_SAFE, locked audit을 모두 포함한다.",YES,primary_no_retuning_locked_audit;no_safe_behavior;adaptive_repair,direct_confirmatory;direct_development;no_safe;direct_ablation,SUPPORTED,10 dataset-model workloads and five deterministic repeated partitions | one-candidate budget control and declared two-candidate finite domain | predeclared development ablation and observed repair causes,EVIDENCE_REGISTRY,,PASS
thesis_v10,200 unique inputs/plan,p664.s5,latency_only_no_certification은 실행 가능한 빠른 candidate를 선택하고 decision gate를 제거한다.,YES,BACKGROUND,,BACKGROUND,Background/definition only,YES,,PASS
thesis_v10,200 unique inputs/plan,p665.s2,"Full과 graph-only가 같은 결과를 보이면 숨기지 않으며, natural data에서 margin contract가 initial literal을 바꾸었다고 주장하지 않는다.",NO,scoped_direct_synthesis,direct_confirmatory;direct_development;final_suite,SUPPORTED,"declared tabular, polynomial, Sobel, Harris, and scalar-replicated CNN-lite adapters",EVIDENCE_REGISTRY,,PASS
thesis_v10,200 unique inputs/plan,p665.s3,"One-shot과 full의 차이는 bounded repair의 경험적 효과를, latency-only의 flip은 decision gate를 제거한 결과를 보여준다.",NO,adaptive_repair,direct_ablation;direct_confirmatory,SUPPORTED,predeclared development ablation and observed repair causes,EVIDENCE_REGISTRY,,PASS
thesis_v10,200 unique inputs/plan,p666.s1,NO_SAFE는 두 control로 평가한다.,YES,no_safe_behavior,no_safe,SUPPORTED,one-candidate budget control and declared two-candidate finite domain,EVIDENCE_REGISTRY,,PASS
thesis_v10,200 unique inputs/plan,p667.s1,Control이 예상대로 NO_SAFE를 만들지 못하더라도 사후에 budget이나 input을 바꾸지 않는 것이 protocol 원칙이다.,NO,no_safe_behavior,no_safe,SUPPORTED,one-candidate budget control and declared two-candidate finite domain,EVIDENCE_REGISTRY,,PASS
thesis_v10,200 unique inputs/plan,p667.s2,NO_SAFE 결과는 global infeasibility가 아니라 해당 candidate budget/domain의 abstention behavior로만 해석한다.,YES,no_safe_behavior,no_safe,SUPPORTED,one-candidate budget control and declared two-candidate finite domain,EVIDENCE_REGISTRY,,PASS
thesis_v10,200 unique inputs/plan,p668.s1,Paired latency는 모든 arm identity가 동결된 후 한 host에서 순차 수행했다.,YES,BACKGROUND,,BACKGROUND,Background/definition only,YES,,PASS
thesis_v10,200 unique inputs/plan,p668.s2,"3개 arm은 direct-selected, Security-V2 bounded-catalog fastest-safe, fixed reference다.",YES,paired_latency;security_attestation,paired_latency_admission;bounded_oracle;security_attestation;exact_estimator,PARTIALLY_SUPPORTED,"one host, frozen direct and Security-V2 bounded-catalog arms | attested direct, catalog, reference, and latency-arm literals",EVIDENCE_REGISTRY,,PASS
thesis_v10,200 unique inputs/plan,p668.s5,다른 CKKS process를 병렬로 실행하지 않았고 process restart와 arm position을 ledger에 기록했다.,YES,BACKGROUND,,BACKGROUND,Background/definition only,YES,,PASS
thesis_v10,200 unique inputs/plan,p669.s3,Catalog/direct ratio는 workload-partition별 paired latency ratio를 구성한 뒤 cluster 수준 geometric mean과 cluster bootstrap 95% confidence interval로 요약한다.,YES,paired_latency,paired_latency_admission;bounded_oracle,PARTIALLY_SUPPORTED,"one host, frozen direct and Security-V2 bounded-catalog arms",EVIDENCE_REGISTRY,,PASS
thesis_v10,200 unique inputs/plan,p670.s1,"Formal latency claim은 confirmatory 40/40 instance complete, direct/catalog arm SAFE, identity/source digest match, Security-V2 excluded candidate 부재, no concurrent CKKS process, no outlier removal, order protocol 검증, cluster-bootstrap lower bound >1을 요구한다.",YES,primary_no_retuning_locked_audit;security_attestation,direct_confirmatory;direct_development;security_attestation;exact_estimator,PARTIALLY_SUPPORTED,"10 dataset-model workloads and five deterministic repeated partitions | attested direct, catalog, reference, and latency-arm literals",EVIDENCE_REGISTRY,,PASS
thesis_v10,200 unique inputs/plan,p670.s2,Reference가 REJECTED인 row는 diagnostic으로 남기되 reference safe-to-safe ratio에서 제외한다.,YES,BACKGROUND,,BACKGROUND,Background/definition only,YES,,PASS
thesis_v10,200 unique inputs/plan,p671.s2,"Direct Policy V2를 바꾸지 않았고 model-specific lookup, scale floor 변경, trial budget 변경을 금지했다.",YES,formal_trial_reduction,final_suite;bounded_oracle,SUPPORTED,Security-V2-admitted 7 profiles x 2 paths over the declared instances,EVIDENCE_REGISTRY,,PASS
thesis_v10,200 unique inputs/plan,p671.s3,"Selection은 graph signature, added depth/level, trial, repair, literal, security, validation outcome을 기록했다.",YES,formal_trial_reduction;scoped_direct_synthesis;adaptive_repair,final_suite;bounded_oracle;direct_confirmatory;direct_development;direct_ablation,SUPPORTED,"Security-V2-admitted 7 profiles x 2 paths over the declared instances | declared tabular, polynomial, Sobel, Harris, and scalar-replicated CNN-lite adapters | predeclared development ablation and observed repair causes",EVIDENCE_REGISTRY,,PASS
thesis_v10,200 unique inputs/plan,p671.s4,Audit은 동일 literal을 no-retuning replay했다.,NO,scoped_direct_synthesis,direct_confirmatory;direct_development;final_suite,SUPPORTED,"declared tabular, polynomial, Sobel, Harris, and scalar-replicated CNN-lite adapters",EVIDENCE_REGISTRY,,PASS
thesis_v10,200 unique inputs/plan,p672.s1,Structural 결과는 primary policy를 수정하는 feedback으로 사용하지 않는다.,YES,BACKGROUND,,BACKGROUND,Background/definition only,YES,,PASS
thesis_v10,200 unique inputs/plan,p672.s3,이 설계는 deeper polynomial graph에서 policy transportability를 평가하되 한 graph family의 결과를 임의 graph generalization으로 확장하지 않는다.,YES,BACKGROUND,,BACKGROUND,Background/definition only,YES,,PASS
thesis_v10,200 unique inputs/plan,p673.s1,Sobel과 Harris는 BSDS500 natural image에서 사전동결 규칙으로 patch/window를 추출한다 [19].,NO,scoped_non_tabular_extension,sobel;harris;cnn_lite,PARTIALLY_SUPPORTED,BSDS500 Sobel/Harris patches and MNIST CNN-lite scalar-replicated adapter,[19],,PASS
thesis_v10,200 unique inputs/plan,p673.s2,Sobel은 validation image 50개와 audit image 50개에서 각각 400/400 sample을 사용한다.,NO,scoped_non_tabular_extension,sobel;harris;cnn_lite,PARTIALLY_SUPPORTED,BSDS500 Sobel/Harris patches and MNIST CNN-lite scalar-replicated adapter,EVIDENCE_REGISTRY,,PASS
thesis_v10,200 unique inputs/plan,p673.s3,"Harris는 역할별 image 50개에서 각 4개 window, 즉 200/200 sample을 사용한다.",NO,scoped_non_tabular_extension,sobel;harris;cnn_lite,PARTIALLY_SUPPORTED,BSDS500 Sobel/Harris patches and MNIST CNN-lite scalar-replicated adapter,EVIDENCE_REGISTRY,,PASS
thesis_v10,200 unique inputs/plan,p674.s1,CNN-lite는 MNIST digit 0-vs-1의 학습된 scalar-replicated graph다 [18].,NO,scoped_non_tabular_extension,sobel;harris;cnn_lite,PARTIALLY_SUPPORTED,BSDS500 Sobel/Harris patches and MNIST CNN-lite scalar-replicated adapter,[18],,PASS
thesis_v10,200 unique inputs/plan,p674.s3,이 평가에서 plaintext task accuracy와 decision-integrity outcome은 별도 지표다.,NO,finite_scope_decision_integrity,direct_confirmatory;direct_development;margin_interpretation;no_safe,PARTIALLY_SUPPORTED,declared finite validation and locked-audit artifacts,EVIDENCE_REGISTRY,,PASS
thesis_v10,200 unique inputs/plan,p674.s4,"Packed convolution, multiclass argmax, general LeNet performance는 평가하지 않는다.",YES,multiclass_argmax_proposition,docs/evidence/journal_multiclass_extension_v1/multiclass_contract.json;internal/certify/multiclass_decision_contract.go;internal/certify/multiclass_decision_contract_test.go,SUPPORTED,"finite logits with finite class-wise error bounds, strict inequalities, and no plaintext tie",EVIDENCE_REGISTRY,,PASS
thesis_v10,200 unique inputs/plan,p675.s2,이 extension은 mlp_square_linear_score graph에서 direct selection과 locked audit만 수행했고 full 700-candidate catalog를 반복하지 않았다.,NO,formal_trial_reduction;primary_no_retuning_locked_audit,final_suite;bounded_oracle;direct_confirmatory;direct_development,SUPPORTED,Security-V2-admitted 7 profiles x 2 paths over the declared instances | 10 dataset-model workloads and five deterministic repeated partitions,EVIDENCE_REGISTRY,,PASS
thesis_v10,200 unique inputs/plan,p676.s3,Primary의 deterministic partition 결과와 독립 학습 seed 결과를 같은 표본으로 합치지 않는다.,NO,training_model_seed_extension,training_seed,PARTIALLY_SUPPORTED,3 datasets x 3 predeclared independent training/data seeds,EVIDENCE_REGISTRY,,PASS
thesis_v10,200 unique inputs/plan,p677.s1,"Security-V2 static re-attestation은 direct candidate, catalog profile, reference, paired arm의 exact Q/P를 검사한다.",YES,security_attestation,security_attestation;exact_estimator,PARTIALLY_SUPPORTED,"attested direct, catalog, reference, and latency-arm literals",EVIDENCE_REGISTRY,,PASS
thesis_v10,200 unique inputs/plan,p678.s3,"논문 본문 수치는 number_registry.json이 evidence에서 추출·검증하며, chapter source의 claim은 claim_traceability.csv와 paper claim admission registry에 연결한다.",YES,BACKGROUND,,BACKGROUND,Background/definition only,YES,,PASS
thesis_v10,200 unique inputs/plan,p688.s1,평문과 CKKS 최종 판단 불일치,NO,BACKGROUND,,BACKGROUND,Background/definition only,YES,,PASS
thesis_v10,200 unique inputs/plan,p692.s1,Candidate trials,NO,formal_trial_reduction,final_suite;bounded_oracle,SUPPORTED,Security-V2-admitted 7 profiles x 2 paths over the declared instances,EVIDENCE_REGISTRY,,PASS
thesis_v10,200 unique inputs/plan,p696.s1,candidate trial,NO,formal_trial_reduction,final_suite;bounded_oracle,SUPPORTED,Security-V2-admitted 7 profiles x 2 paths over the declared instances,EVIDENCE_REGISTRY,,PASS
thesis_v10,200 unique inputs/plan,p700.s1,eval-only 및 total,NO,BACKGROUND,,BACKGROUND,Background/definition only,YES,,PASS
thesis_v10,200 unique inputs/plan,p701.s1,NO_SAFE,NO,no_safe_behavior,no_safe,SUPPORTED,one-candidate budget control and declared two-candidate finite domain,EVIDENCE_REGISTRY,,PASS
thesis_v10,200 unique inputs/plan,p705.s1,V_cert / (V_cert+V_amb),NO,direct_repeat_flip_classification,,SUPPORTED,V9 external comparison scope,EVIDENCE_REGISTRY,,PASS
thesis_v10,VII. 실험 결과,p713.s3,"Trial 감소는 Security-V2가 admit한 전체 700, confirmatory 560 candidate를 분모로 사용한다.",YES,formal_trial_reduction;security_attestation,final_suite;bounded_oracle;security_attestation;exact_estimator,PARTIALLY_SUPPORTED,"Security-V2-admitted 7 profiles x 2 paths over the declared instances | attested direct, catalog, reference, and latency-arm literals",EVIDENCE_REGISTRY,,PASS
thesis_v10,VII. 실험 결과,p713.s4,Latency ratio는 catalog latency / direct latency로 정의한다.,YES,BACKGROUND,,BACKGROUND,Background/definition only,YES,,PASS
thesis_v10,VII. 실험 결과,p714.s1,표 3은 primary direct selection 및 locked audit의 seed 역할별 결과다.,NO,primary_no_retuning_locked_audit,direct_confirmatory;direct_development,SUPPORTED,10 dataset-model workloads and five deterministic repeated partitions,EVIDENCE_REGISTRY,,PASS
thesis_v10,VII. 실험 결과,p714.s2,Development seed 0의 10 instance는 14 candidate trial과 42 selection key run을 사용했다.,YES,formal_trial_reduction,final_suite;bounded_oracle,SUPPORTED,Security-V2-admitted 7 profiles x 2 paths over the declared instances,EVIDENCE_REGISTRY,,PASS
thesis_v10,VII. 실험 결과,p714.s3,Confirmatory seeds 1--4의 40 instance는 56 candidate trial과 168 selection key run을 사용했다.,YES,formal_trial_reduction,final_suite;bounded_oracle,SUPPORTED,Security-V2-admitted 7 profiles x 2 paths over the declared instances,EVIDENCE_REGISTRY,,PASS
thesis_v10,VII. 실험 결과,p716.s1,"FlipGuard는 Security-V2 bounded catalog의 700개 후보 대비 전체 70회, confirmatory 560개 후보 대비 56회의 encrypted candidate trial을 사용해 두 경우 모두 90% 감소를 기록했다.",YES,formal_trial_reduction;security_attestation,final_suite;bounded_oracle;security_attestation;exact_estimator,PARTIALLY_SUPPORTED,"Security-V2-admitted 7 profiles x 2 paths over the declared instances | attested direct, catalog, reference, and latency-arm literals",EVIDENCE_REGISTRY,,PASS
thesis_v10,VII. 실험 결과,p716.s2,표 4와 그림 4는 이 formal candidate-trial 회계를 나타낸다.,YES,formal_trial_reduction,final_suite;bounded_oracle,SUPPORTED,Security-V2-admitted 7 profiles x 2 paths over the declared instances,EVIDENCE_REGISTRY,,PASS
thesis_v10,VII. 실험 결과,p717.s1,The denominator contains only Security-V2-admitted bounded-catalog candidates.,NO,paired_latency;security_attestation,paired_latency_admission;bounded_oracle;security_attestation;exact_estimator,PARTIALLY_SUPPORTED,"one host, frozen direct and Security-V2 bounded-catalog arms | attested direct, catalog, reference, and latency-arm literals",EVIDENCE_REGISTRY,,PASS
thesis_v10,VII. 실험 결과,p718.s1,"전체 기준의 direct/catalog trial 비율은 70/700, confirmatory 기준은 56/560이다.",NO,formal_trial_reduction,final_suite;bounded_oracle,SUPPORTED,Security-V2-admitted 7 profiles x 2 paths over the declared instances,EVIDENCE_REGISTRY,,PASS
thesis_v10,VII. 실험 결과,p718.s2,"이 결과는 선언된 7-profile, 2-path bounded catalog 대비 encrypted candidate 실행 수를 줄였다는 뜻이다.",YES,BACKGROUND,,BACKGROUND,Background/definition only,YES,,PASS
thesis_v10,VII. 실험 결과,p718.s3,가능한 configuration 공간 전체의 search complexity를 90% 줄였다는 뜻은 아니다.,NO,formal_trial_reduction,final_suite;bounded_oracle,SUPPORTED,Security-V2-admitted 7 profiles x 2 paths over the declared instances,EVIDENCE_REGISTRY,,PASS
thesis_v10,VII. 실험 결과,p718.s4,Direct path가 catalog 밖 exact literal을 생성한다는 점 때문에 두 분자는 같은 후보 목록의 부분집합도 아니다.,YES,scoped_direct_synthesis,direct_confirmatory;direct_development;final_suite,SUPPORTED,"declared tabular, polynomial, Sobel, Harris, and scalar-replicated CNN-lite adapters",EVIDENCE_REGISTRY,,PASS
thesis_v10,VII. 실험 결과,p719.s2,"Full FlipGuard와 graph-only/fixed-tolerance는 각각 14 trial, 4 repair, 10 SELECTED, 10 audit PASS로 동일했다.",YES,formal_trial_reduction;adaptive_repair,final_suite;bounded_oracle;direct_ablation;direct_confirmatory,SUPPORTED,Security-V2-admitted 7 profiles x 2 paths over the declared instances | predeclared development ablation and observed repair causes,EVIDENCE_REGISTRY,,PASS
thesis_v10,VII. 실험 결과,p719.s3,One-shot direct는 10 trial에서 6개만 선택되고 4개가 NO_SAFE였으며 validation flip 194개를 기록했다.,YES,formal_trial_reduction;no_safe_behavior,final_suite;bounded_oracle;no_safe,SUPPORTED,Security-V2-admitted 7 profiles x 2 paths over the declared instances | one-candidate budget control and declared two-candidate finite domain,EVIDENCE_REGISTRY,,PASS
thesis_v10,VII. 실험 결과,p719.s4,Full policy는 사전동결 repair를 통해 이 실패들을 SAFE selection으로 전환했다.,YES,adaptive_repair,direct_ablation;direct_confirmatory,SUPPORTED,predeclared development ablation and observed repair causes,EVIDENCE_REGISTRY,,PASS
thesis_v10,VII. 실험 결과,p719.s5,Latency-only/no-certification은 140 trial을 실행해 10개 후보를 선택했지만 validation flip 794개가 발생했고 audit PASS는 0이었다.,YES,formal_trial_reduction,final_suite;bounded_oracle,SUPPORTED,Security-V2-admitted 7 profiles x 2 paths over the declared instances,EVIDENCE_REGISTRY,,PASS
thesis_v10,VII. 실험 결과,p720.s1,Development-only ablation; no universal repair claim.,NO,adaptive_repair,direct_ablation;direct_confirmatory,SUPPORTED,predeclared development ablation and observed repair causes,EVIDENCE_REGISTRY,,PASS
thesis_v10,VII. 실험 결과,p721.s1,"FlipGuard의 동결된 bounded repair는 선언된 개발 ablation에서 one-shot 실패 4건을 SAFE 선택으로 전환했으며, 이는 보편적 repair 성공을 뜻하지 않는다.",YES,adaptive_repair,direct_ablation;direct_confirmatory,SUPPORTED,predeclared development ablation and observed repair causes,EVIDENCE_REGISTRY,,PASS
thesis_v10,VII. 실험 결과,p721.s2,"이 ablation은 repair의 필요성과 decision gate 제거의 위험을 보여주지만, natural primary range에서 decision contract가 initial literal을 바꾸었다는 근거는 제공하지 않는다.",NO,scoped_direct_synthesis;adaptive_repair,direct_confirmatory;direct_development;final_suite;direct_ablation,SUPPORTED,"declared tabular, polynomial, Sobel, Harris, and scalar-replicated CNN-lite adapters | predeclared development ablation and observed repair causes",EVIDENCE_REGISTRY,,PASS
thesis_v10,VII. 실험 결과,p721.s3,Full과 graph-only 결과가 동일한 것은 minimum synthesis floor가 이 범위의 initial literal을 지배했음을 나타낸다.,YES,scoped_direct_synthesis,direct_confirmatory;direct_development;final_suite,SUPPORTED,"declared tabular, polynomial, Sobel, Harris, and scalar-replicated CNN-lite adapters",EVIDENCE_REGISTRY,,PASS
thesis_v10,VII. 실험 결과,p722.s1,Confirmatory seeds 1--4의 선택 literal 40개는 모두 disjoint locked audit을 통과했다.,NO,primary_no_retuning_locked_audit;scoped_direct_synthesis,direct_confirmatory;direct_development;final_suite,SUPPORTED,"10 dataset-model workloads and five deterministic repeated partitions | declared tabular, polynomial, Sobel, Harris, and scalar-replicated CNN-lite adapters",EVIDENCE_REGISTRY,,PASS
thesis_v10,VII. 실험 결과,p722.s2,"Confirmatory flip은 0, reserve-policy violation은 0, execution FAILED는 0, retuning은 0이었다.",NO,structural_extension,structural;structural_failure;margin_interpretation,PARTIALLY_SUPPORTED,five datasets x five deterministic partitions for mlp_square_poly3,EVIDENCE_REGISTRY,,PASS
thesis_v10,VII. 실험 결과,p723.s1,"동결 literal의 no-retuning locked audit은 confirmatory seeds 1--4에서 40/40, development seed 0에서 10/10 통과했다.",NO,primary_no_retuning_locked_audit;scoped_direct_synthesis,direct_confirmatory;direct_development;final_suite,SUPPORTED,"10 dataset-model workloads and five deterministic repeated partitions | declared tabular, polynomial, Sobel, Harris, and scalar-replicated CNN-lite adapters",EVIDENCE_REGISTRY,,PASS
thesis_v10,VII. 실험 결과,p723.s3,또한 fixed held-out artifact에 대한 결과이므로 미래 입력 분포에 대한 무조건적 audit 통과를 의미하지 않는다.,YES,BACKGROUND,,BACKGROUND,Background/definition only,YES,,PASS
thesis_v10,VII. 실험 결과,p726.s1,[그림 11] 후보 실행 감소 결과,NO,formal_trial_reduction,final_suite;bounded_oracle,SUPPORTED,Security-V2-admitted 7 profiles x 2 paths over the declared instances,EVIDENCE_REGISTRY,,PASS
thesis_v10,VII. 실험 결과,p732.s1,Security-V2 catalog candidates,NO,security_attestation,security_attestation;exact_estimator,PARTIALLY_SUPPORTED,"attested direct, catalog, reference, and latency-arm literals",EVIDENCE_REGISTRY,,PASS
thesis_v10,VII. 실험 결과,p733.s1,700,NO,formal_trial_reduction,final_suite;bounded_oracle,SUPPORTED,Security-V2-admitted 7 profiles x 2 paths over the declared instances,EVIDENCE_REGISTRY,,PASS
thesis_v10,VII. 실험 결과,p735.s1,70,NO,formal_trial_reduction,final_suite;bounded_oracle,SUPPORTED,Security-V2-admitted 7 profiles x 2 paths over the declared instances,EVIDENCE_REGISTRY,,PASS
thesis_v10,VII. 실험 결과,p736.s1,Trials per instance,NO,formal_trial_reduction,final_suite;bounded_oracle,SUPPORTED,Security-V2-admitted 7 profiles x 2 paths over the declared instances,EVIDENCE_REGISTRY,,PASS
thesis_v10,VII. 실험 결과,p738.s1,1-trial / 2-trial instances,NO,formal_trial_reduction,final_suite;bounded_oracle,SUPPORTED,Security-V2-admitted 7 profiles x 2 paths over the declared instances,EVIDENCE_REGISTRY,,PASS
thesis_v10,30 / 20,p744.s1,Encrypted sample evaluations,NO,BACKGROUND,,BACKGROUND,Background/definition only,YES,,PASS
thesis_v10,30 / 20,p746.s1,Confirmatory locked audit,NO,primary_no_retuning_locked_audit,direct_confirmatory;direct_development,SUPPORTED,10 dataset-model workloads and five deterministic repeated partitions,EVIDENCE_REGISTRY,,PASS
thesis_v10,30 / 20,p747.s1,40/40 PASS; flip 0; retuning 0,NO,primary_no_retuning_locked_audit,direct_confirmatory;direct_development,SUPPORTED,10 dataset-model workloads and five deterministic repeated partitions,EVIDENCE_REGISTRY,,PASS
thesis_v10,30 / 20,p748.s1,[표 12] Direct 후보 실행 분포,NO,formal_trial_reduction,final_suite;bounded_oracle,SUPPORTED,Security-V2-admitted 7 profiles x 2 paths over the declared instances,EVIDENCE_REGISTRY,,PASS
thesis_v10,30 / 20,p749.s1,trial 수,NO,formal_trial_reduction,final_suite;bounded_oracle,SUPPORTED,Security-V2-admitted 7 profiles x 2 paths over the declared instances,EVIDENCE_REGISTRY,,PASS
thesis_v10,30 / 20,p760.s1,추가 trial 불필요,NO,formal_trial_reduction,final_suite;bounded_oracle,SUPPORTED,Security-V2-admitted 7 profiles x 2 paths over the declared instances,EVIDENCE_REGISTRY,,PASS
thesis_v10,30 / 20,p765.s2,외부 EVA 및 HEIR 결과,NO,BACKGROUND,,BACKGROUND,Background/definition only,YES,,PASS
thesis_v10,30 / 20,p766.s1,"외부 provider 실험의 목적은 FlipGuard direct의 우월성을 만들기 위한 것이 아니라, 서로 다른 구성 생성기의 실제 후보가 공통 decision gate에서 어떻게 분류되는지를 확인하는 것이다.",YES,BACKGROUND,,BACKGROUND,Background/definition only,YES,,PASS
thesis_v10,30 / 20,p766.s2,EVA와 HEIR는 각각 scale-management compiler와 범용 compiler라는 서로 다른 역할을 가진다.,NO,BACKGROUND,,BACKGROUND,Background/definition only,YES,,PASS
thesis_v10,30 / 20,p768.s1,[그림 18] EVA scale별 오차와 판단 반전,NO,finite_scope_decision_integrity,direct_confirmatory;direct_development;margin_interpretation;no_safe,PARTIALLY_SUPPORTED,declared finite validation and locked-audit artifacts,EVIDENCE_REGISTRY,,PASS
thesis_v10,30 / 20,p769.s1,[표 13] EVA scale 결과,NO,BACKGROUND,,BACKGROUND,Background/definition only,YES,,PASS
thesis_v10,30 / 20,p777.s1,S20,NO,eva_substantial_population_and_locked_audit,docs/evidence/focused_external_comparison_v8/claim_admission.json,SUPPORTED,V8 external-comparison declared workload and runtime scope,EVIDENCE_REGISTRY,,PASS
thesis_v10,30 / 20,p784.s1,S30,NO,eva_substantial_population_and_locked_audit,docs/evidence/focused_external_comparison_v8/claim_admission.json,SUPPORTED,V8 external-comparison declared workload and runtime scope,EVIDENCE_REGISTRY,,PASS
thesis_v10,30 / 20,p791.s1,S40,NO,eva_substantial_population_and_locked_audit,docs/evidence/focused_external_comparison_v8/claim_admission.json,SUPPORTED,V8 external-comparison declared workload and runtime scope,EVIDENCE_REGISTRY,,PASS
thesis_v10,30 / 20,p798.s1,S30,NO,eva_substantial_population_and_locked_audit,docs/evidence/focused_external_comparison_v8/claim_admission.json,SUPPORTED,V8 external-comparison declared workload and runtime scope,EVIDENCE_REGISTRY,,PASS
thesis_v10,30 / 20,p799.s1,Locked audit,NO,primary_no_retuning_locked_audit,direct_confirmatory;direct_development,SUPPORTED,10 dataset-model workloads and five deterministic repeated partitions,EVIDENCE_REGISTRY,,PASS
thesis_v10,30 / 20,p805.s1,S40,NO,eva_substantial_population_and_locked_audit,docs/evidence/focused_external_comparison_v8/claim_admission.json,SUPPORTED,V8 external-comparison declared workload and runtime scope,EVIDENCE_REGISTRY,,PASS
thesis_v10,30 / 20,p806.s1,Locked audit,NO,primary_no_retuning_locked_audit,direct_confirmatory;direct_development,SUPPORTED,10 dataset-model workloads and five deterministic repeated partitions,EVIDENCE_REGISTRY,,PASS
thesis_v10,30 / 20,p812.s1,Scale 20은 가장 공격적인 후보였지만 500개 validation에서 133회의 판단 반전을 일으켰다.,NO,eva_substantial_population_and_locked_audit;finite_scope_decision_integrity,docs/evidence/focused_external_comparison_v8/claim_admission.json;direct_confirmatory;direct_development;margin_interpretation;no_safe,PARTIALLY_SUPPORTED,V8 external-comparison declared workload and runtime scope | declared finite validation and locked-audit artifacts,EVIDENCE_REGISTRY,,PASS
thesis_v10,30 / 20,p812.s2,"Scale 30과 40은 flip이 없었고, 사전 고정 규칙으로 선택한 scale 30은 audit 500개에서도 flip 0으로 SAFE였다.",YES,BACKGROUND,,BACKGROUND,Background/definition only,YES,,PASS
thesis_v10,30 / 20,p814.s1,[그림 19] 동일 Lattigo 실행기의 external candidate 비교,NO,BACKGROUND,,BACKGROUND,Background/definition only,YES,,PASS
thesis_v10,0 / 0,p826.s1,Security-V2 PASS,NO,security_attestation,security_attestation;exact_estimator,PARTIALLY_SUPPORTED,"attested direct, catalog, reference, and latency-arm literals",EVIDENCE_REGISTRY,,PASS
thesis_v10,0 / 0,p832.s1,Security-V2 PASS,NO,security_attestation,security_attestation;exact_estimator,PARTIALLY_SUPPORTED,"attested direct, catalog, reference, and latency-arm literals",EVIDENCE_REGISTRY,,PASS
thesis_v10,0 / 0,p835.s1,312.70,NO,formal_trial_reduction,final_suite;bounded_oracle,SUPPORTED,Security-V2-admitted 7 profiles x 2 paths over the declared instances,EVIDENCE_REGISTRY,,PASS
thesis_v10,0 / 0,p838.s1,Security-V2 PASS,NO,security_attestation,security_attestation;exact_estimator,PARTIALLY_SUPPORTED,"attested direct, catalog, reference, and latency-arm literals",EVIDENCE_REGISTRY,,PASS
thesis_v10,0 / 0,p854.s1,"[5.090070, 5.141051]",NO,formal_trial_reduction,final_suite;bounded_oracle,SUPPORTED,Security-V2-admitted 7 profiles x 2 paths over the declared instances,EVIDENCE_REGISTRY,,PASS
thesis_v10,0 / 0,p856.s1,P3,NO,p3_catalog_over_heir_latency,,SUPPORTED,V9 external comparison scope,EVIDENCE_REGISTRY,,PASS
thesis_v10,0 / 0,p858.s1,6.393517,NO,p3_catalog_over_heir_latency,,SUPPORTED,V9 external comparison scope,EVIDENCE_REGISTRY,,PASS
thesis_v10,0 / 0,p861.s1,"Direct 후보의 반복 flip은 고유 입력 1개, keyset 3개, 특정 pass에 집중된 F4_NEAR_BOUNDARY_AMBIGUITY로 분류했다.",YES,BACKGROUND,,BACKGROUND,Background/definition only,YES,,PASS
thesis_v10,0 / 0,p861.s2,"후보나 threshold를 바꾸거나 유리한 결과가 나올 때까지 재실행하지 않았으며, direct가 포함된 P1·P2 성능 주장을 차단했다.",YES,BACKGROUND,,BACKGROUND,Background/definition only,YES,,PASS
thesis_v10,0 / 0,p861.s3,반면 HEIR와 catalog는 동일 graph·input·Lattigo·Security-V2에서 모두 안정적이므로 P3만 허용했다.,YES,p3_catalog_over_heir_latency;security_attestation,security_attestation;exact_estimator,PARTIALLY_SUPPORTED,"V9 external comparison scope | attested direct, catalog, reference, and latency-arm literals",EVIDENCE_REGISTRY,,PASS
thesis_v10,0 / 0,p863.s1,[그림 20] CoreLab EVA·ELASM scale-plan grid,NO,corelab_eva_elasm_numerical_grid,,PARTIALLY_SUPPORTED,V9 external comparison scope,EVIDENCE_REGISTRY,,PASS
thesis_v10,0 / 0,p864.s1,[표 16] CoreLab EVA·ELASM grid,NO,corelab_eva_elasm_numerical_grid,,PARTIALLY_SUPPORTED,V9 external comparison scope,EVIDENCE_REGISTRY,,PASS
thesis_v10,0 / 0,p872.s1,CoreLab EVA,NO,corelab_eva_elasm_numerical_grid,,PARTIALLY_SUPPORTED,V9 external comparison scope,EVIDENCE_REGISTRY,,PASS
thesis_v10,0 / 0,p879.s1,CoreLab ELASM,NO,corelab_eva_elasm_numerical_grid,,PARTIALLY_SUPPORTED,V9 external comparison scope,EVIDENCE_REGISTRY,,PASS
thesis_v10,0 / 0,p886.s2,다중 클래스와 추가 강건성,NO,multiclass_argmax_proposition,docs/evidence/journal_multiclass_extension_v1/multiclass_contract.json;internal/certify/multiclass_decision_contract.go;internal/certify/multiclass_decision_contract_test.go,SUPPORTED,"finite logits with finite class-wise error bounds, strict inequalities, and no plaintext tie",EVIDENCE_REGISTRY,,PASS
thesis_v10,0 / 0,p887.s1,표 7과 그림 7은 두 NO_SAFE control을 제시한다.,YES,no_safe_behavior,no_safe,SUPPORTED,one-candidate budget control and declared two-candidate finite domain,EVIDENCE_REGISTRY,,PASS
thesis_v10,0 / 0,p887.s2,"Confirmatory one-candidate budget control 40 instance 중 24개는 SELECTED, 16개는 NO_SAFE였다.",YES,no_safe_behavior;structural_extension,no_safe;structural;structural_failure;margin_interpretation,PARTIALLY_SUPPORTED,one-candidate budget control and declared two-candidate finite domain | five datasets x five deterministic partitions for mlp_square_poly3,EVIDENCE_REGISTRY,,PASS
thesis_v10,0 / 0,p887.s3,Declared finite two-candidate domain에서는 50/50이 NO_SAFE였고 SELECTED는 0이었다.,YES,no_safe_behavior,no_safe,SUPPORTED,one-candidate budget control and declared two-candidate finite domain,EVIDENCE_REGISTRY,,PASS
thesis_v10,0 / 0,p889.s1,"사전동결 budget control은 40건 중 16건에서 NO_SAFE를, 선언된 finite-domain control은 50/50에서 NO_SAFE를 반환했다.",YES,no_safe_behavior,no_safe,SUPPORTED,one-candidate budget control and declared two-candidate finite domain,EVIDENCE_REGISTRY,,PASS
thesis_v10,0 / 0,p889.s2,이 결과는 FlipGuard가 안전성을 확립할 수 없는 조건에서 기권 상태를 표현한다는 근거다.,YES,BACKGROUND,,BACKGROUND,Background/definition only,YES,,PASS
thesis_v10,0 / 0,p889.s3,그러나 해당 candidate domain 밖에 SAFE literal이 존재하지 않는다는 결론은 아니다.,NO,scoped_direct_synthesis,direct_confirmatory;direct_development;final_suite,SUPPORTED,"declared tabular, polynomial, Sobel, Harris, and scalar-replicated CNN-lite adapters",EVIDENCE_REGISTRY,,PASS
thesis_v10,0 / 0,p890.s3,"Natural primary workload에서 candidate-state change, bounded-oracle selection change, direct initial literal change는 각각 0, 0, 0이었다.",NO,scoped_direct_synthesis,direct_confirmatory;direct_development;final_suite,SUPPORTED,"declared tabular, polynomial, Sobel, Harris, and scalar-replicated CNN-lite adapters",EVIDENCE_REGISTRY,,PASS
thesis_v10,0 / 0,p892.s2,오히려 tested natural range에서 minimum synthesis floor가 candidate generation을 지배했고 decision contract의 margin 변화가 initial literal까지 활성화되지 않았음을 보여준다.,NO,scoped_direct_synthesis,direct_confirmatory;direct_development;final_suite,SUPPORTED,"declared tabular, polynomial, Sobel, Harris, and scalar-replicated CNN-lite adapters",EVIDENCE_REGISTRY,,PASS
thesis_v10,0 / 0,p892.s3,"Decision contract는 validation admission에는 사용되었으나, natural primary data에서 literal을 직접 차별화했다는 claim은 열리지 않는다.",NO,scoped_direct_synthesis,direct_confirmatory;direct_development;final_suite,SUPPORTED,"declared tabular, polynomial, Sobel, Harris, and scalar-replicated CNN-lite adapters",EVIDENCE_REGISTRY,,PASS
thesis_v10,0 / 0,p893.s1,"mlp_square_poly3 structural holdout 25 instance는 43 candidate trial, 18 repair, 129 selection key run을 사용해 25/25가 SELECTED였다.",YES,formal_trial_reduction;adaptive_repair,final_suite;bounded_oracle;direct_ablation;direct_confirmatory,SUPPORTED,Security-V2-admitted 7 profiles x 2 paths over the declared instances | predeclared development ablation and observed repair causes,EVIDENCE_REGISTRY,,PASS
thesis_v10,0 / 0,p893.s2,"Selection FAILED는 0, NO_SAFE는 0였다.",YES,no_safe_behavior,no_safe,SUPPORTED,one-candidate budget control and declared two-candidate finite domain,EVIDENCE_REGISTRY,,PASS
thesis_v10,0 / 0,p893.s3,"Locked audit은 75 key run을 사용했고 24 PASS, 1 REJECT, 0 FAILED, 0 retuning이었다.",NO,primary_no_retuning_locked_audit;structural_extension,direct_confirmatory;direct_development;structural;structural_failure;margin_interpretation,PARTIALLY_SUPPORTED,10 dataset-model workloads and five deterministic repeated partitions | five datasets x five deterministic partitions for mlp_square_poly3,EVIDENCE_REGISTRY,,PASS
thesis_v10,0 / 0,p893.s4,"Flip은 0, reserve-policy violation은 1이었다.",NO,structural_extension,structural;structural_failure;margin_interpretation,PARTIALLY_SUPPORTED,five datasets x five deterministic partitions for mlp_square_poly3,EVIDENCE_REGISTRY,,PASS
thesis_v10,0 / 0,p894.s1,The one valid reserve-policy rejection is mandatory scientific evidence.,NO,structural_extension,structural;structural_failure;margin_interpretation,PARTIALLY_SUPPORTED,five datasets x five deterministic partitions for mlp_square_poly3,EVIDENCE_REGISTRY,,PASS
thesis_v10,0 / 0,p895.s1,mlp_square_poly3는 25/25 선택됐고 no-retuning audit에서 24건 PASS와 decision flip 없는 reserve-policy REJECT 1건을 기록했다.,NO,structural_extension,structural;structural_failure;margin_interpretation,PARTIALLY_SUPPORTED,five datasets x five deterministic partitions for mlp_square_poly3,EVIDENCE_REGISTRY,,PASS
thesis_v10,0 / 0,p895.s3,Validation의 margin utilization은 0.470653으로 cap 0.5 아래였지만 audit은 0.5613685로 cap을 넘었다.,NO,formal_trial_reduction,final_suite;bounded_oracle,SUPPORTED,Security-V2-admitted 7 profiles x 2 paths over the declared instances,EVIDENCE_REGISTRY,,PASS
thesis_v10,0 / 0,p896.s4,두 표기는 같은 관측을 가리키며 reserve-policy REJECT 판정에는 차이가 없다.,NO,structural_extension,structural;structural_failure;margin_interpretation,PARTIALLY_SUPPORTED,five datasets x five deterministic partitions for mlp_square_poly3,EVIDENCE_REGISTRY,,PASS
thesis_v10,0 / 0,p897.s2,Plaintext와 CKKS decision은 같았고 cryptographic execution도 성공했다.,YES,BACKGROUND,,BACKGROUND,Background/definition only,YES,,PASS
thesis_v10,0 / 0,p898.s2,"이 negative result는 selection SAFE가 unseen audit의 reserve-policy PASS를 보장하지 않음을 실증하며, locked audit을 별도 단계로 둔 설계의 필요성을 보여준다.",NO,primary_no_retuning_locked_audit;structural_extension,direct_confirmatory;direct_development;structural;structural_failure;margin_interpretation,PARTIALLY_SUPPORTED,10 dataset-model workloads and five deterministic repeated partitions | five datasets x five deterministic partitions for mlp_square_poly3,EVIDENCE_REGISTRY,,PASS
thesis_v10,0 / 0,p899.s1,"표 10과 그림 8은 Sobel, Harris, CNN-lite adapter 결과를 structural matrix 안에서 제시한다.",YES,scoped_non_tabular_extension,sobel;harris;cnn_lite,PARTIALLY_SUPPORTED,BSDS500 Sobel/Harris patches and MNIST CNN-lite scalar-replicated adapter,EVIDENCE_REGISTRY,,PASS
thesis_v10,0 / 0,p899.s2,Sobel은 BSDS500 validation 400 sample과 audit 400 sample을 사용했다.,NO,scoped_non_tabular_extension,sobel;harris;cnn_lite,PARTIALLY_SUPPORTED,BSDS500 Sobel/Harris patches and MNIST CNN-lite scalar-replicated adapter,EVIDENCE_REGISTRY,,PASS
thesis_v10,0 / 0,p899.s3,Initial candidate는 violation 4건으로 REJECTED였고 1회의 repair 후 SELECTED되었다.,NO,adaptive_repair,direct_ablation;direct_confirmatory,SUPPORTED,predeclared development ablation and observed repair causes,EVIDENCE_REGISTRY,,PASS
thesis_v10,0 / 0,p899.s4,"Locked audit은 flip 0, violation 0, retuning 0으로 PASS했다.",NO,primary_no_retuning_locked_audit,direct_confirmatory;direct_development,SUPPORTED,10 dataset-model workloads and five deterministic repeated partitions,EVIDENCE_REGISTRY,,PASS
thesis_v10,0 / 0,p900.s1,Harris는 validation 200 sample과 audit 200 sample을 사용했다.,NO,scoped_non_tabular_extension,sobel;harris;cnn_lite,PARTIALLY_SUPPORTED,BSDS500 Sobel/Harris patches and MNIST CNN-lite scalar-replicated adapter,EVIDENCE_REGISTRY,,PASS
thesis_v10,0 / 0,p900.s2,"Initial candidate는 repair 0회, 즉 repair 없이 SELECTED되었고 locked audit은 flip 0, violation 0, retuning 0이었다.",NO,primary_no_retuning_locked_audit;adaptive_repair,direct_confirmatory;direct_development;direct_ablation,SUPPORTED,10 dataset-model workloads and five deterministic repeated partitions | predeclared development ablation and observed repair causes,EVIDENCE_REGISTRY,,PASS
thesis_v10,0 / 0,p900.s4,Sobel과 Harris의 결과는 single-patch gradient-energy 및 single-window response threshold에 관한 것이다.,NO,scoped_non_tabular_extension,sobel;harris;cnn_lite,PARTIALLY_SUPPORTED,BSDS500 Sobel/Harris patches and MNIST CNN-lite scalar-replicated adapter,EVIDENCE_REGISTRY,,PASS
thesis_v10,0 / 0,p901.s1,CNN-lite는 MNIST digit 0-vs-1 scalar-replicated graph의 validation 250 image와 audit 250 image를 사용했다.,NO,scoped_non_tabular_extension,sobel;harris;cnn_lite,PARTIALLY_SUPPORTED,BSDS500 Sobel/Harris patches and MNIST CNN-lite scalar-replicated adapter,EVIDENCE_REGISTRY,,PASS
thesis_v10,0 / 0,p901.s2,"Selection과 audit은 각각 750와 750 encrypted sample-key evaluation을 기록했고 flip은 각각 0와 0, violation은 각각 0와 0이었다.",NO,BACKGROUND,,BACKGROUND,Background/definition only,YES,,PASS
thesis_v10,0 / 0,p901.s3,Candidate는 Security-V2 PASS였고 audit에서 byte-identical literal을 재생했다.,NO,security_attestation;scoped_direct_synthesis,security_attestation;exact_estimator;direct_confirmatory;direct_development;final_suite,PARTIALLY_SUPPORTED,"attested direct, catalog, reference, and latency-arm literals | declared tabular, polynomial, Sobel, Harris, and scalar-replicated CNN-lite adapters",EVIDENCE_REGISTRY,,PASS
thesis_v10,0 / 0,p901.s4,"Plaintext accuracy는 validation 98.0%, audit 99.2%였지만 이 task accuracy를 decision-integrity certificate와 혼합하지 않는다.",NO,finite_scope_decision_integrity,direct_confirmatory;direct_development;margin_interpretation;no_safe,PARTIALLY_SUPPORTED,declared finite validation and locked-audit artifacts,EVIDENCE_REGISTRY,,PASS
thesis_v10,0 / 0,p903.s1,"Sobel, Harris, CNN-lite adapter는 각 선언된 finite input과 scalar-replicated execution 범위에서 selection과 no-retuning audit evidence를 제공한다.",NO,scoped_non_tabular_extension,sobel;harris;cnn_lite,PARTIALLY_SUPPORTED,BSDS500 Sobel/Harris patches and MNIST CNN-lite scalar-replicated adapter,EVIDENCE_REGISTRY,,PASS
thesis_v10,0 / 0,p903.s2,"이 결과로 packed CNN, full-image operator accuracy, arbitrary image graph 지원을 주장하지 않는다.",YES,BACKGROUND,,BACKGROUND,Background/definition only,YES,,PASS
thesis_v10,0 / 0,p904.s1,표 11은 3 dataset과 dataset별 3 independent training/data seed로 생성한 9 model instance의 결과다.,YES,BACKGROUND,,BACKGROUND,Background/definition only,YES,,PASS
thesis_v10,0 / 0,p904.s2,"Selection은 9 trial, 27 key run에서 9/9 SELECTED, repair 0, flip 0, violation 0이었다.",YES,formal_trial_reduction;training_model_seed_extension;adaptive_repair,final_suite;bounded_oracle;training_seed;direct_ablation;direct_confirmatory,PARTIALLY_SUPPORTED,Security-V2-admitted 7 profiles x 2 paths over the declared instances | 3 datasets x 3 predeclared independent training/data seeds | predeclared development ablation and observed repair causes,EVIDENCE_REGISTRY,,PASS
thesis_v10,0 / 0,p904.s3,"Audit은 27 key run에서 9/9 PASS, flip 0, violation 0, retuning 0이었다.",NO,training_model_seed_extension,training_seed,PARTIALLY_SUPPORTED,3 datasets x 3 predeclared independent training/data seeds,EVIDENCE_REGISTRY,,PASS
thesis_v10,0 / 0,p904.s4,"Selection과 audit encrypted sample evaluation은 각각 1,854와 1,854였다.",NO,BACKGROUND,,BACKGROUND,Background/definition only,YES,,PASS
thesis_v10,0 / 0,p906.s1,3개 dataset과 dataset별 3개 independent training/data seed로 생성한 9개 model instance가 9/9 selection과 no-retuning audit PASS를 기록했다.,NO,training_model_seed_extension,training_seed,PARTIALLY_SUPPORTED,3 datasets x 3 predeclared independent training/data seeds,EVIDENCE_REGISTRY,,PASS
thesis_v10,0 / 0,p906.s2,Candidate ID는 prepared-contract path를 결합하므로 9건 모두 representation상 달랐지만 exact CKKS literal parameter와 Security-V2 facts는 일치했다.,YES,security_attestation;scoped_direct_synthesis,security_attestation;exact_estimator;direct_confirmatory;direct_development;final_suite,PARTIALLY_SUPPORTED,"attested direct, catalog, reference, and latency-arm literals | declared tabular, polynomial, Sobel, Harris, and scalar-replicated CNN-lite adapters",EVIDENCE_REGISTRY,,PASS
thesis_v10,0 / 0,p907.s1,표 12는 Security-V2 및 exact-Q/P 재감사 결과다.,NO,security_attestation,security_attestation;exact_estimator,PARTIALLY_SUPPORTED,"attested direct, catalog, reference, and latency-arm literals",EVIDENCE_REGISTRY,,PASS
thesis_v10,0 / 0,p907.s4,"2개 exact estimator model은 각각 object 17개를 PASS, 1개를 excluded로 분류했고, excluded object는 128-bit 목표를 충족하지 못했다.",NO,security_attestation,security_attestation;exact_estimator,PARTIALLY_SUPPORTED,"attested direct, catalog, reference, and latency-arm literals",EVIDENCE_REGISTRY,,PASS
thesis_v10,0 / 0,p908.s1,The estimator matches declared objects but not Lattigo's explicit Xe truncation exactly.,NO,BACKGROUND,,BACKGROUND,Background/definition only,YES,,PASS
thesis_v10,0 / 0,p909.s1,"선택 후보의 exact Q/P를 Security Policy V2와 2개 estimator model에서 재감사했으며, 실제 Lattigo Xe truncation과 estimator 분포의 exact equivalence는 주장하지 않는다.",YES,BACKGROUND,,BACKGROUND,Background/definition only,YES,,PASS
thesis_v10,0 / 0,p909.s2,Q와 QP를 별도로 검사했고 formal catalog와 paired arm은 admitted candidate만 사용했다.,YES,BACKGROUND,,BACKGROUND,Background/definition only,YES,,PASS
thesis_v10,0 / 0,p909.s3,이 결과는 선언된 object와 policy의 admission 근거이지 임의 runtime distribution의 보편적 128-bit 보증이 아니다.,NO,security_attestation,security_attestation;exact_estimator,PARTIALLY_SUPPORTED,"attested direct, catalog, reference, and latency-arm literals",EVIDENCE_REGISTRY,,PASS
thesis_v10,0 / 0,p910.s3,"따라서 catalog execution이 성공했다는 이유만으로 security-compliant comparator에 포함할 수 없으며, 1,100 historical ledger를 그대로 oracle로 사용하는 것은 부적절하다.",YES,BACKGROUND,,BACKGROUND,Background/definition only,YES,,PASS
thesis_v10,0 / 0,p911.s1,표 13은 연구 중 보존한 failure class와 claim effect를 정리한다.,YES,BACKGROUND,,BACKGROUND,Background/definition only,YES,,PASS
thesis_v10,0 / 0,p911.s2,"One-shot numerical reject는 bounded repair ablation의 입력이 되었고, budget 및 finite-domain NO_SAFE는 scoped abstention을 지지했다.",YES,no_safe_behavior;adaptive_repair,no_safe;direct_ablation;direct_confirmatory,SUPPORTED,one-candidate budget control and declared two-candidate finite domain | predeclared development ablation and observed repair causes,EVIDENCE_REGISTRY,,PASS
thesis_v10,0 / 0,p913.s2,Core paper는 11개 admitted claim을 사용하며 9개 BLOCKED 또는 NOT_EVALUATED claim은 limitation과 future work로 남긴다.,NO,BACKGROUND,,BACKGROUND,Background/definition only,YES,,PASS
thesis_v10,0 / 0,p914.s1,"RQ1: 선언된 Security-V2 bounded catalog와 비교할 때 direct synthesis는 전체 70/700, confirmatory 56/560 candidate trial을 사용해 두 population 모두 90% 감소했다.",YES,formal_trial_reduction;security_attestation;scoped_direct_synthesis,final_suite;bounded_oracle;security_attestation;exact_estimator;direct_confirmatory;direct_development,PARTIALLY_SUPPORTED,"Security-V2-admitted 7 profiles x 2 paths over the declared instances | attested direct, catalog, reference, and latency-arm literals | declared tabular, polynomial, Sobel, Harris, and scalar-replicated CNN-lite adapters",EVIDENCE_REGISTRY,,PASS
thesis_v10,0 / 0,p914.s2,이 답은 candidate trial 단위와 유한 catalog 범위에 한정된다.,NO,formal_trial_reduction,final_suite;bounded_oracle,SUPPORTED,Security-V2-admitted 7 profiles x 2 paths over the declared instances,EVIDENCE_REGISTRY,,PASS
thesis_v10,0 / 0,p915.s1,RQ2: Confirmatory 40/40과 development 10/10 primary literal이 no-retuning locked audit을 통과했다.,NO,primary_no_retuning_locked_audit;scoped_direct_synthesis,direct_confirmatory;direct_development;final_suite,SUPPORTED,"10 dataset-model workloads and five deterministic repeated partitions | declared tabular, polynomial, Sobel, Harris, and scalar-replicated CNN-lite adapters",EVIDENCE_REGISTRY,,PASS
thesis_v10,0 / 0,p915.s2,"Bounded repair는 development ablation의 one-shot failure 4건을 SAFE로 전환했고, control은 16/40 및 50/50 NO_SAFE를 반환했다.",YES,no_safe_behavior;adaptive_repair,no_safe;direct_ablation;direct_confirmatory,SUPPORTED,one-candidate budget control and declared two-candidate finite domain | predeclared development ablation and observed repair causes,EVIDENCE_REGISTRY,,PASS
thesis_v10,0 / 0,p916.s1,"RQ3: Confirmatory catalog/direct total-latency ratio의 cluster geometric mean은 3.140660, 95% CI는 [2.342334, 4.215313]이었다.",NO,paired_latency,paired_latency_admission;bounded_oracle,PARTIALLY_SUPPORTED,"one host, frozen direct and Security-V2 bounded-catalog arms",EVIDENCE_REGISTRY,,PASS
thesis_v10,0 / 0,p917.s1,RQ4: Deeper polynomial graph는 25/25 selection 후 audit 24 PASS와 1 reserve-policy REJECT를 보였다.,NO,structural_extension,structural;structural_failure;margin_interpretation,PARTIALLY_SUPPORTED,five datasets x five deterministic partitions for mlp_square_poly3,EVIDENCE_REGISTRY,,PASS
thesis_v10,0 / 0,p917.s2,Sobel/Harris/CNN-lite와 independent training/data seed는 각 finite scope에서 admission을 통과했다.,NO,scoped_non_tabular_extension,sobel;harris;cnn_lite,PARTIALLY_SUPPORTED,BSDS500 Sobel/Harris patches and MNIST CNN-lite scalar-replicated adapter,EVIDENCE_REGISTRY,,PASS
thesis_v10,0 / 0,p918.s1,[표 17] 다중 클래스 결과,NO,multiclass_argmax_proposition,docs/evidence/journal_multiclass_extension_v1/multiclass_contract.json;internal/certify/multiclass_decision_contract.go;internal/certify/multiclass_decision_contract_test.go,SUPPORTED,"finite logits with finite class-wise error bounds, strict inequalities, and no plaintext tie",EVIDENCE_REGISTRY,,PASS
thesis_v10,0 / 0,p923.s1,MNIST MLP-100,NO,mlp100_finite_validation_audit,docs/evidence/journal_multiclass_extension_results_v1/summary.json;datasets/journal_multiclass_extension_v1/mnist/input_split_manifest.json,SUPPORTED,"one frozen MNIST MLP-100 model, 1,000 predeclared encrypted test images, scalar-replicated execution",EVIDENCE_REGISTRY,,PASS
thesis_v10,500 / 500,p925.s1,"argmax flip 0 / 0, SAFE",NO,multiclass_argmax_proposition,docs/evidence/journal_multiclass_extension_v1/multiclass_contract.json;internal/certify/multiclass_decision_contract.go;internal/certify/multiclass_decision_contract_test.go,SUPPORTED,"finite logits with finite class-wise error bounds, strict inequalities, and no plaintext tie",EVIDENCE_REGISTRY,,PASS
thesis_v10,500 / 500,p927.s1,LeNet-5-small,NO,lenet5_small_finite_validation_audit,docs/evidence/journal_multiclass_extension_results_v1/summary.json;datasets/journal_multiclass_extension_v1/mnist/input_split_manifest.json,SUPPORTED,"one frozen MNIST LeNet-5-small model, 1,000 predeclared encrypted test images, declared scalar-replicated adapter",EVIDENCE_REGISTRY,,PASS
thesis_v10,500 / 500,p929.s1,"argmax flip 0 / 0, SAFE",NO,multiclass_argmax_proposition,docs/evidence/journal_multiclass_extension_v1/multiclass_contract.json;internal/certify/multiclass_decision_contract.go;internal/certify/multiclass_decision_contract_test.go,SUPPORTED,"finite logits with finite class-wise error bounds, strict inequalities, and no plaintext tie",EVIDENCE_REGISTRY,,PASS
thesis_v10,"24 PASS, 1 reserve rejection, flip 0",p938.s1,"24 PASS, 1 reserve rejection, flip 0",NO,structural_extension,structural;structural_failure;margin_interpretation,PARTIALLY_SUPPORTED,five datasets x five deterministic partitions for mlp_square_poly3,EVIDENCE_REGISTRY,,PASS
thesis_v10,"24 PASS, 1 reserve rejection, flip 0",p940.s1,Sobel,NO,scoped_non_tabular_extension,sobel;harris;cnn_lite,PARTIALLY_SUPPORTED,BSDS500 Sobel/Harris patches and MNIST CNN-lite scalar-replicated adapter,EVIDENCE_REGISTRY,,PASS
thesis_v10,"24 PASS, 1 reserve rejection, flip 0",p942.s1,locked audit PASS,NO,primary_no_retuning_locked_audit,direct_confirmatory;direct_development,SUPPORTED,10 dataset-model workloads and five deterministic repeated partitions,EVIDENCE_REGISTRY,,PASS
thesis_v10,"24 PASS, 1 reserve rejection, flip 0",p944.s1,Harris,NO,scoped_non_tabular_extension,sobel;harris;cnn_lite,PARTIALLY_SUPPORTED,BSDS500 Sobel/Harris patches and MNIST CNN-lite scalar-replicated adapter,EVIDENCE_REGISTRY,,PASS
thesis_v10,"24 PASS, 1 reserve rejection, flip 0",p946.s1,locked audit PASS,NO,primary_no_retuning_locked_audit,direct_confirmatory;direct_development,SUPPORTED,10 dataset-model workloads and five deterministic repeated partitions,EVIDENCE_REGISTRY,,PASS
thesis_v10,"24 PASS, 1 reserve rejection, flip 0",p948.s1,CNN-lite,NO,scoped_non_tabular_extension,sobel;harris;cnn_lite,PARTIALLY_SUPPORTED,BSDS500 Sobel/Harris patches and MNIST CNN-lite scalar-replicated adapter,EVIDENCE_REGISTRY,,PASS
thesis_v10,"24 PASS, 1 reserve rejection, flip 0",p950.s1,locked audit PASS,NO,primary_no_retuning_locked_audit,direct_confirmatory;direct_development,SUPPORTED,10 dataset-model workloads and five deterministic repeated partitions,EVIDENCE_REGISTRY,,PASS
thesis_v10,"24 PASS, 1 reserve rejection, flip 0",p952.s1,Independent training seeds,NO,training_model_seed_extension,training_seed,PARTIALLY_SUPPORTED,3 datasets x 3 predeclared independent training/data seeds,EVIDENCE_REGISTRY,,PASS
thesis_v10,3 datasets×3 models,p954.s1,9/9 selection and audit PASS,NO,training_model_seed_extension,training_seed,PARTIALLY_SUPPORTED,3 datasets x 3 predeclared independent training/data seeds,EVIDENCE_REGISTRY,,PASS
thesis_v10,3 datasets×3 models,p957.s1,[그림 14] NO_SAFE control 결과,NO,no_safe_behavior,no_safe,SUPPORTED,one-candidate budget control and declared two-candidate finite domain,EVIDENCE_REGISTRY,,PASS
thesis_v10,3 datasets×3 models,p958.s1,[표 19] NO_SAFE control,NO,no_safe_behavior,no_safe,SUPPORTED,one-candidate budget control and declared two-candidate finite domain,EVIDENCE_REGISTRY,,PASS
thesis_v10,3 datasets×3 models,p961.s1,NO_SAFE,NO,no_safe_behavior,no_safe,SUPPORTED,one-candidate budget control and declared two-candidate finite domain,EVIDENCE_REGISTRY,,PASS
thesis_v10,3 datasets×3 models,p972.s1,[그림 15] 구조 확장 범위,NO,structural_extension,structural;structural_failure;margin_interpretation,PARTIALLY_SUPPORTED,five datasets x five deterministic partitions for mlp_square_poly3,EVIDENCE_REGISTRY,,PASS
thesis_v10,VIII. 안전성·타당성·한계 분석,p977.s1,"FlipGuard의 가장 강한 결과는 catalog를 모두 실행한 뒤 선택하는 흐름에서 벗어나 graph에서 exact literal을 직접 합성하고, encrypted validation을 후보 승인에 집중시켰다는 점이다.",YES,scoped_direct_synthesis,direct_confirmatory;direct_development;final_suite,SUPPORTED,"declared tabular, polynomial, Sobel, Harris, and scalar-replicated CNN-lite adapters",EVIDENCE_REGISTRY,,PASS
thesis_v10,VIII. 안전성·타당성·한계 분석,p977.s2,"Formal candidate trial이 전체 700 대비 70, confirmatory 560 대비 56으로 감소했고 primary locked audit이 retuning 없이 통과했다.",YES,formal_trial_reduction;primary_no_retuning_locked_audit,final_suite;bounded_oracle;direct_confirmatory;direct_development,SUPPORTED,Security-V2-admitted 7 profiles x 2 paths over the declared instances | 10 dataset-model workloads and five deterministic repeated partitions,EVIDENCE_REGISTRY,,PASS
thesis_v10,VIII. 안전성·타당성·한계 분석,p977.s3,동시에 latency-only candidate가 많은 flip을 만들고 one-shot direct가 NO_SAFE를 낳은 ablation은 candidate 실행 성공이나 속도가 decision-integrity를 대신할 수 없음을 보여준다.,NO,no_safe_behavior;finite_scope_decision_integrity,no_safe;direct_confirmatory;direct_development;margin_interpretation,PARTIALLY_SUPPORTED,one-candidate budget control and declared two-candidate finite domain | declared finite validation and locked-audit artifacts,EVIDENCE_REGISTRY,,PASS
thesis_v10,VIII. 안전성·타당성·한계 분석,p978.s1,그러나 이 결과를 “margin이 항상 더 좋은 literal을 만든다”로 해석하면 안 된다.,NO,scoped_direct_synthesis,direct_confirmatory;direct_development;final_suite,SUPPORTED,"declared tabular, polynomial, Sobel, Harris, and scalar-replicated CNN-lite adapters",EVIDENCE_REGISTRY,,PASS
thesis_v10,VIII. 안전성·타당성·한계 분석,p978.s2,"Natural primary range에서 rho grid 변화는 candidate state, bounded-oracle selection, direct initial literal을 바꾸지 않았다.",NO,scoped_direct_synthesis,direct_confirmatory;direct_development;final_suite,SUPPORTED,"declared tabular, polynomial, Sobel, Harris, and scalar-replicated CNN-lite adapters",EVIDENCE_REGISTRY,,PASS
thesis_v10,VIII. 안전성·타당성·한계 분석,p978.s4,"Decision contract는 admission predicate와 failure reporting에서 작동했지만, primary natural data의 literal generation을 직접 차별화했다는 claim은 근거가 부족하다.",NO,scoped_direct_synthesis,direct_confirmatory;direct_development;final_suite,SUPPORTED,"declared tabular, polynomial, Sobel, Harris, and scalar-replicated CNN-lite adapters",EVIDENCE_REGISTRY,,PASS
thesis_v10,VIII. 안전성·타당성·한계 분석,p979.s3,"rho=0.5는 margin의 절반을 approximation error에 허용하고 나머지 절반을 관측되지 않은 variation에 남기는 해석 가능한 사전 정책이지만, CKKS noise theorem에서 유도된 값은 아니다.",NO,BACKGROUND,,BACKGROUND,Background/definition only,YES,,PASS
thesis_v10,VIII. 안전성·타당성·한계 분석,p981.s1,Structural seed4/banknote instance는 validation utilization 0.470653으로 SAFE였지만 audit utilization 0.5613685로 reserve cap을 초과했다.,YES,formal_trial_reduction,final_suite;bounded_oracle,SUPPORTED,Security-V2-admitted 7 profiles x 2 paths over the declared instances,EVIDENCE_REGISTRY,,PASS
thesis_v10,VIII. 안전성·타당성·한계 분석,p983.s3,"둘째, audit은 결과를 본 뒤 candidate를 강화하는 tuning set이 아니라 claim을 반증할 수 있는 장치여야 한다.",YES,BACKGROUND,,BACKGROUND,Background/definition only,YES,,PASS
thesis_v10,VIII. 안전성·타당성·한계 분석,p983.s5,운영 시스템에서는 이 audit 결과가 배포 전 발견되었다면 candidate를 사용하지 않고 human review 또는 새로운 사전 등록 protocol로 돌아가야 한다.,YES,BACKGROUND,,BACKGROUND,Background/definition only,YES,,PASS
thesis_v10,VIII. 안전성·타당성·한계 분석,p985.s1,"분석적 certificate를 완성하려면 graph별 CKKS residual bound B_c(x)를 exact parameter와 input bound에서 인스턴스화하고, B_c(x)<m(x)를 domain 전체 또는 명시한 subset에서 증명해야 한다.",YES,BACKGROUND,,BACKGROUND,Background/definition only,YES,,PASS
thesis_v10,VIII. 안전성·타당성·한계 분석,p986.s1,Security-V2 bounded catalog는 7 profile과 2 path의 유한 비교 집합이다.,NO,security_attestation,security_attestation;exact_estimator,PARTIALLY_SUPPORTED,"attested direct, catalog, reference, and latency-arm literals",EVIDENCE_REGISTRY,,PASS
thesis_v10,VIII. 안전성·타당성·한계 분석,p986.s2,Fastest-safe라는 명칭은 이 14 candidate identity 안에서만 성립한다.,YES,BACKGROUND,,BACKGROUND,Background/definition only,YES,,PASS
thesis_v10,VIII. 안전성·타당성·한계 분석,p987.s1,그럼에도 bounded catalog는 유용한 평가 기준이다.,YES,BACKGROUND,,BACKGROUND,Background/definition only,YES,,PASS
thesis_v10,VIII. 안전성·타당성·한계 분석,p987.s2,사전 선언되고 exhaustive하게 실행되었으며 동일 decision gate와 Security-V2 filter를 적용할 수 있기 때문이다.,NO,security_attestation,security_attestation;exact_estimator,PARTIALLY_SUPPORTED,"attested direct, catalog, reference, and latency-arm literals",EVIDENCE_REGISTRY,,PASS
thesis_v10,VIII. 안전성·타당성·한계 분석,p987.s3,"Historical 1,100 execution을 보존하면서 formal denominator를 700으로 수정한 과정은 security admission이 tuning-space 정의의 일부여야 함을 보여준다.",NO,formal_trial_reduction;security_attestation,final_suite;bounded_oracle;security_attestation;exact_estimator,PARTIALLY_SUPPORTED,"Security-V2-admitted 7 profiles x 2 paths over the declared instances | attested direct, catalog, reference, and latency-arm literals",EVIDENCE_REGISTRY,,PASS
thesis_v10,VIII. 안전성·타당성·한계 분석,p988.s1,"Paired latency는 동일 host, 동일 process policy, frozen arms, balanced order에서 강한 내부 비교를 제공한다.",YES,BACKGROUND,,BACKGROUND,Background/definition only,YES,,PASS
thesis_v10,VIII. 안전성·타당성·한계 분석,p988.s3,Confidence interval lower bound가 1보다 높았으므로 현재 cluster 범위에서 direct arm의 total latency 감소는 안정적으로 관측되었다.,YES,BACKGROUND,,BACKGROUND,Background/definition only,YES,,PASS
thesis_v10,VIII. 안전성·타당성·한계 분석,p989.s2,"CPU microarchitecture, memory hierarchy, OS scheduling, Lattigo version, Go runtime, cloud noisy neighbor가 달라지면 absolute latency와 ratio가 바뀔 수 있다.",NO,BACKGROUND,,BACKGROUND,Background/definition only,YES,,PASS
thesis_v10,VIII. 안전성·타당성·한계 분석,p990.s2,Sobel과 Harris는 finite patch/window score이며 CNN-lite는 scalar-replicated binary graph다.,NO,scoped_non_tabular_extension,sobel;harris;cnn_lite,PARTIALLY_SUPPORTED,BSDS500 Sobel/Harris patches and MNIST CNN-lite scalar-replicated adapter,EVIDENCE_REGISTRY,,PASS
thesis_v10,VIII. 안전성·타당성·한계 분석,p990.s4,"Rotation-heavy packed layout, ciphertext convolution, bootstrapped deep network, encrypted argmax는 별도 adapter와 policy scope가 필요하다.",NO,multiclass_argmax_proposition,docs/evidence/journal_multiclass_extension_v1/multiclass_contract.json;internal/certify/multiclass_decision_contract.go;internal/certify/multiclass_decision_contract_test.go,SUPPORTED,"finite logits with finite class-wise error bounds, strict inequalities, and no plaintext tie",EVIDENCE_REGISTRY,,PASS
thesis_v10,VIII. 안전성·타당성·한계 분석,p993.s2,9/9 selection/audit PASS는 model artifact 변화에 대한 scoped evidence지만 dataset 수와 seed 수가 작다.,NO,training_model_seed_extension,training_seed,PARTIALLY_SUPPORTED,3 datasets x 3 predeclared independent training/data seeds,EVIDENCE_REGISTRY,,PASS
thesis_v10,VIII. 안전성·타당성·한계 분석,p994.s1,"Security-V2는 published Table 5.2 cap, exact Q/P object, two-estimator sensitivity를 결합한다.",NO,security_attestation,security_attestation;exact_estimator,PARTIALLY_SUPPORTED,"attested direct, catalog, reference, and latency-arm literals",EVIDENCE_REGISTRY,,PASS
thesis_v10,VIII. 안전성·타당성·한계 분석,p994.s2,Q와 QP를 분리한 점은 ciphertext와 evaluation key의 modulus semantics를 명확히 한다.,NO,BACKGROUND,,BACKGROUND,Background/definition only,YES,,PASS
thesis_v10,VIII. 안전성·타당성·한계 분석,p994.s3,Direct 50 row가 모두 통과하고 catalog 4 profile이 제외된 결과는 security filter가 실제 comparison population을 바꾸었음을 보여준다.,YES,BACKGROUND,,BACKGROUND,Background/definition only,YES,,PASS
thesis_v10,VIII. 안전성·타당성·한계 분석,p995.s1,"그러나 guideline의 uniform-ternary 및 Gaussian 가정과 Lattigo의 concrete Xs/Xe, 특히 finite-bound truncation은 정확히 동일하지 않다.",NO,BACKGROUND,,BACKGROUND,Background/definition only,YES,,PASS
thesis_v10,VIII. 안전성·타당성·한계 분석,p995.s3,따라서 “임의 runtime에서 정확히 128-bit”라는 문장을 사용할 수 없다.,NO,security_attestation,security_attestation;exact_estimator,PARTIALLY_SUPPORTED,"attested direct, catalog, reference, and latency-arm literals",EVIDENCE_REGISTRY,,PASS
thesis_v10,VIII. 안전성·타당성·한계 분석,p996.s1,"Provider-format interoperability, Orion fail-closed import, AWS HIT rejection, EVA native scale sensitivity와 exact Q/P materialization은 candidate admission interface를 점검하는 데 유용했다.",NO,orion_official_encrypted_self_test,,PARTIALLY_SUPPORTED,V9 external comparison scope,EVIDENCE_REGISTRY,,PASS
thesis_v10,VIII. 안전성·타당성·한계 분석,p996.s2,그러나 matched Lattigo-SEAL numerical execution과 runtime-specific equivalent security는 수행하지 않았다.,NO,BACKGROUND,,BACKGROUND,Background/definition only,YES,,PASS
thesis_v10,VIII. 안전성·타당성·한계 분석,p997.s1,따라서 provider/EVA evidence는 core contribution을 지지하는 본문 결과가 아니라 appendix의 auxiliary evidence로 둔다.,NO,BACKGROUND,,BACKGROUND,Background/definition only,YES,,PASS
thesis_v10,VIII. 안전성·타당성·한계 분석,p998.s2,"Structural REJECT, one-shot NO_SAFE, latency-only flip, validation identity v1 fail-closed, security-excluded catalog profile은 모두 연구 artifact의 일부다.",NO,no_safe_behavior,no_safe,SUPPORTED,one-candidate budget control and declared two-candidate finite domain,EVIDENCE_REGISTRY,,PASS
thesis_v10,VIII. 안전성·타당성·한계 분석,p999.s3,"FlipGuard의 의미 있는 결과는 audit rejection이 전혀 없다는 데 있지 않고, rejection이 발생했을 때 retune하지 않고 보존하며 해당 claim을 낮출 수 있는 구조를 구현했다는 데 있다.",YES,BACKGROUND,,BACKGROUND,Background/definition only,YES,,PASS
thesis_v10,VIII. 안전성·타당성·한계 분석,p1000.s2,이를 줄이기 위해 seed 역할을 분리하고 paired order 및 no-outlier protocol을 사용했으며 frozen policy digest를 검증했다.,YES,BACKGROUND,,BACKGROUND,Background/definition only,YES,,PASS
thesis_v10,VIII. 안전성·타당성·한계 분석,p1001.s1,구성 타당도에는 reserve-policy violation이 실제 application harm과 동일하지 않다는 문제가 있다.,NO,structural_extension,structural;structural_failure;margin_interpretation,PARTIALLY_SUPPORTED,five datasets x five deterministic partitions for mlp_square_poly3,EVIDENCE_REGISTRY,,PASS
thesis_v10,VIII. 안전성·타당성·한계 분석,p1001.s2,본 연구는 flip과 policy rejection을 분리하고 margin utilization을 공개했다.,YES,BACKGROUND,,BACKGROUND,Background/definition only,YES,,PASS
thesis_v10,VIII. 안전성·타당성·한계 분석,p1003.s2,Latency는 10 cluster를 inference unit으로 사용하고 seed 0를 분리했다.,YES,BACKGROUND,,BACKGROUND,Background/definition only,YES,,PASS
thesis_v10,VIII. 안전성·타당성·한계 분석,p1003.s3,Decision audit 결과는 inferential population claim보다 finite outcome count로 보고한다.,YES,BACKGROUND,,BACKGROUND,Background/definition only,YES,,PASS
thesis_v10,VIII. 안전성·타당성·한계 분석,p1004.s2,"전자는 이론적 판단 보존 조건이고, ρ는 실제 운영에서 margin 전체를 소진하지 않도록 남겨 둔 보수적 여유다.",NO,finite_scope_decision_integrity,direct_confirmatory;direct_development;margin_interpretation;no_safe,PARTIALLY_SUPPORTED,declared finite validation and locked-audit artifacts,EVIDENCE_REGISTRY,,PASS
thesis_v10,VIII. 안전성·타당성·한계 분석,p1012.s1,V_amb near-boundary,NO,direct_repeat_flip_classification,,SUPPORTED,V9 external comparison scope,EVIDENCE_REGISTRY,,PASS
thesis_v10,VIII. 안전성·타당성·한계 분석,p1026.s1,universal 128-bit claim 아님,NO,security_attestation,security_attestation;exact_estimator,PARTIALLY_SUPPORTED,"attested direct, catalog, reference, and latency-arm literals",EVIDENCE_REGISTRY,,PASS
thesis_v10,VIII. 안전성·타당성·한계 분석,p1028.s1,EVA·HEIR·CoreLab evidence tier 분리,NO,corelab_eva_elasm_numerical_grid,,PARTIALLY_SUPPORTED,V9 external comparison scope,EVIDENCE_REGISTRY,,PASS
thesis_v10,IX. 재현성 및 연구 Artifact,p1032.s2,"어떤 source commit과 binary가 어떤 policy, model, input, split, candidate literal을 사용해 encrypted record를 만들었는지 추적하고, frozen evidence에서 publication input을 결정론적으로 재구축할 수 있어야 한다.",NO,scoped_direct_synthesis,direct_confirmatory;direct_development;final_suite,SUPPORTED,"declared tabular, polynomial, Sobel, Harris, and scalar-replicated CNN-lite adapters",EVIDENCE_REGISTRY,,PASS
thesis_v10,IX. 재현성 및 연구 Artifact,p1033.s2,Archive SHA-256은 05ef70306a11ab577243b0c708489864f19ccd104e6036e28fc6bd1dab45c0be다.,NO,formal_trial_reduction;structural_extension,final_suite;bounded_oracle;structural;structural_failure;margin_interpretation,PARTIALLY_SUPPORTED,Security-V2-admitted 7 profiles x 2 paths over the declared instances | five datasets x five deterministic partitions for mlp_square_poly3,EVIDENCE_REGISTRY,,PASS
thesis_v10,IX. 재현성 및 연구 Artifact,p1033.s3,"V10 core-completion manifest SHA-256은 f7123b0a6ed4846dd7b62848471d9e8aadc679d222bfa451f1503951a49d8d9f, V3 manifest는 32d378b371b75d31b8e39ef2acce4c3c7353581ccfbd5e6c7d22b30ffaf4743b, claim admission manifest는 d982f0f81915b760c537244fc71aa992bf521eaf65d57a67c2d96dbae0607b8d다.",NO,structural_extension,structural;structural_failure;margin_interpretation,PARTIALLY_SUPPORTED,five datasets x five deterministic partitions for mlp_square_poly3,EVIDENCE_REGISTRY,,PASS
thesis_v10,IX. 재현성 및 연구 Artifact,p1034.s3,RC1은 immutable predecessor로 보존한다.,YES,BACKGROUND,,BACKGROUND,Background/definition only,YES,,PASS
thesis_v10,IX. 재현성 및 연구 Artifact,p1034.s4,research_release_binding_rc2_v1 overlay가 이 관계와 allowlisted RC1--RC2 diff를 검증한다.,YES,BACKGROUND,,BACKGROUND,Background/definition only,YES,,PASS
thesis_v10,IX. 재현성 및 연구 Artifact,p1035.s3,Security-V2 재해석처럼 기존 execution을 새 policy로 필터링하는 경우에도 raw record를 수정하지 않고 derived pack을 만든다.,NO,security_attestation,security_attestation;exact_estimator,PARTIALLY_SUPPORTED,"attested direct, catalog, reference, and latency-arm literals",EVIDENCE_REGISTRY,,PASS
thesis_v10,IX. 재현성 및 연구 Artifact,p1036.s1,"Primary direct, development seed0, locked audit, validation identity v2, Security-V2 attestation, bounded oracle, NO_SAFE, policy sensitivity, structural extension, paired latency가 각각 독립 pack이다.",NO,primary_no_retuning_locked_audit;no_safe_behavior;security_attestation,direct_confirmatory;direct_development;no_safe;security_attestation;exact_estimator,PARTIALLY_SUPPORTED,"10 dataset-model workloads and five deterministic repeated partitions | one-candidate budget control and declared two-candidate finite domain | attested direct, catalog, reference, and latency-arm literals",EVIDENCE_REGISTRY,,PASS
thesis_v10,IX. 재현성 및 연구 Artifact,p1036.s3,이 분리는 report code 변경이 encrypted execution semantics를 바꾸지 않았는지 검증하는 데 사용된다.,YES,BACKGROUND,,BACKGROUND,Background/definition only,YES,,PASS
thesis_v10,IX. 재현성 및 연구 Artifact,p1037.s2,Builder는 structural outcome을 25/25 PASS로 바꾸지 않고 24 PASS와 1 reserve-policy REJECT를 필수 입력으로 요구한다.,NO,structural_extension,structural;structural_failure;margin_interpretation,PARTIALLY_SUPPORTED,five datasets x five deterministic partitions for mlp_square_poly3,EVIDENCE_REGISTRY,,PASS
thesis_v10,IX. 재현성 및 연구 Artifact,p1037.s3,"Formal catalog denominator는 전체 700, confirmatory 560이며 provider/EVA는 appendix-only다.",NO,formal_trial_reduction,final_suite;bounded_oracle,SUPPORTED,Security-V2-admitted 7 profiles x 2 paths over the declared instances,EVIDENCE_REGISTRY,,PASS
thesis_v10,IX. 재현성 및 연구 Artifact,p1038.s1,Paper claim admission registry에는 11 admitted claim과 9 blocked/not-evaluated claim이 있다.,NO,BACKGROUND,,BACKGROUND,Background/definition only,YES,,PASS
thesis_v10,IX. 재현성 및 연구 Artifact,p1040.s1,OpenML source는 server가 gzip transport를 반환하는 경우에도 decompressed canonical byte가 expected source digest와 일치하는지 검증한다.,YES,BACKGROUND,,BACKGROUND,Background/definition only,YES,,PASS
thesis_v10,IX. 재현성 및 연구 Artifact,p1040.s2,RC2 repair는 이 transport 차이를 provenance 손실 없이 처리한다.,NO,adaptive_repair,direct_ablation;direct_confirmatory,SUPPORTED,predeclared development ablation and observed repair causes,EVIDENCE_REGISTRY,,PASS
thesis_v10,IX. 재현성 및 연구 Artifact,p1041.s2,"Policy artifact는 paper title, DOI, publication date, exact table, target category, cost-model metadata, Lattigo module/version, concrete Xs/Xe, modulus semantics와 generated-at commit을 포함한다.",NO,BACKGROUND,,BACKGROUND,Background/definition only,YES,,PASS
thesis_v10,IX. 재현성 및 연구 Artifact,p1042.s2,Ciphertext와 evaluation key를 별도 object로 평가하고 2개 estimator model의 결과를 남긴다.,YES,BACKGROUND,,BACKGROUND,Background/definition only,YES,,PASS
thesis_v10,IX. 재현성 및 연구 Artifact,p1045.s2,다음으로 external source fetch manifest를 검증하고 각 frozen evidence verifier를 실행한다.,YES,BACKGROUND,,BACKGROUND,Background/definition only,YES,,PASS
thesis_v10,IX. 재현성 및 연구 Artifact,p1048.s1,"운영 적용 시 사용자는 threshold 의미, rho, margin floor, validation/audit data governance, acceptable abstention을 제공해야 한다.",YES,BACKGROUND,,BACKGROUND,Background/definition only,YES,,PASS
thesis_v10,IX. 재현성 및 연구 Artifact,p1048.s3,Audit REJECT 또는 NO_SAFE가 발생하면 시스템은 결과를 성공으로 완화하지 않고 배포를 보류하거나 별도의 사전 등록 절차를 시작해야 한다.,YES,no_safe_behavior,no_safe,SUPPORTED,one-candidate budget control and declared two-candidate finite domain,EVIDENCE_REGISTRY,,PASS
thesis_v10,IX. 재현성 및 연구 Artifact,p1060.s1,EVA·HEIR·CoreLab raw records와 claim audit,NO,corelab_eva_elasm_numerical_grid,,PARTIALLY_SUPPORTED,V9 external comparison scope,EVIDENCE_REGISTRY,,PASS
thesis_v10,21 rebuilds + 258 soak cycles PASS,p1072.s1,"# 저장소 검증 예시
git checkout flipguard-thesis-v1.0.0-rc2
python3 docs/evidence/<pack>/verify_*.py
go test ./...
go vet ./...

# 논문 입력 재생성
python3 scripts/build_flipguard_v2_paper_artifacts.py --profile final",YES,BACKGROUND,,BACKGROUND,Background/definition only,YES,,PASS
thesis_v10,X. 결론,p1075.s1,"본 연구는 CKKS 구성 선택을 단순한 실행 가능성이나 지연시간 최적화만으로 보지 않고, 최종 임계값 결정을 보존하기 위한 유한 범위 승인 문제로 정식화했다.",YES,BACKGROUND,,BACKGROUND,Background/definition only,YES,,PASS
thesis_v10,X. 결론,p1075.s2,"FlipGuard는 지원 계산 그래프와 결정 무결성 계약에서 구체적인 CKKS 리터럴을 직접 합성하고, 제한된 암호화 후보 시험과 bounded failure-aware repair를 수행하며 SAFE 후보가 없을 때 NO_SAFE로 기권한다.",YES,no_safe_behavior;finite_scope_decision_integrity;scoped_direct_synthesis;adaptive_repair,no_safe;direct_confirmatory;direct_development;margin_interpretation;final_suite;direct_ablation,PARTIALLY_SUPPORTED,"one-candidate budget control and declared two-candidate finite domain | declared finite validation and locked-audit artifacts | declared tabular, polynomial, Sobel, Harris, and scalar-replicated CNN-lite adapters | predeclared development ablation and observed repair causes",EVIDENCE_REGISTRY,,PASS
thesis_v10,X. 결론,p1075.s3,선택된 리터럴은 분리된 잠금 감사에서 재조정 없이 재생된다.,YES,primary_no_retuning_locked_audit,direct_confirmatory;direct_development,SUPPORTED,10 dataset-model workloads and five deterministic repeated partitions,EVIDENCE_REGISTRY,,PASS
thesis_v10,X. 결론,p1076.s1,"선언된 adapter와 동결 정책에서 직접 합성은 전체 70/700, 확인 평가 56/560 후보 시험을 사용해 Security-V2 bounded catalog 대비 90%의 정식 시험 감소를 기록했다.",YES,formal_trial_reduction;security_attestation;scoped_direct_synthesis,final_suite;bounded_oracle;security_attestation;exact_estimator;direct_confirmatory;direct_development,PARTIALLY_SUPPORTED,"Security-V2-admitted 7 profiles x 2 paths over the declared instances | attested direct, catalog, reference, and latency-arm literals | declared tabular, polynomial, Sobel, Harris, and scalar-replicated CNN-lite adapters",EVIDENCE_REGISTRY,,PASS
thesis_v10,X. 결론,p1076.s3,"Historical 1,100회 실행이나 가능한 CKKS 파라미터 공간 전체를 분모로 사용하지 않는다.",YES,BACKGROUND,,BACKGROUND,Background/definition only,YES,,PASS
thesis_v10,X. 결론,p1077.s1,"주요 무재조정 잠금 감사는 확인 평가 seeds 1--4에서 40/40, 개발 seed 0에서 10/10 통과했고 재조정은 0회였다.",YES,primary_no_retuning_locked_audit,direct_confirmatory;direct_development,SUPPORTED,10 dataset-model workloads and five deterministic repeated partitions,EVIDENCE_REGISTRY,,PASS
thesis_v10,X. 결론,p1077.s2,"사전동결 후보 예산 대조군은 16/40, 유한 후보 영역 대조군은 50/50에서 NO_SAFE를 반환했다.",YES,no_safe_behavior,no_safe,SUPPORTED,one-candidate budget control and declared two-candidate finite domain,EVIDENCE_REGISTRY,,PASS
thesis_v10,X. 결론,p1078.s1,"한 host의 confirmatory paired protocol에서 Security-V2 bounded-catalog total latency를 direct total latency로 나눈 dataset-model-cluster geometric mean은 3.140660이었고 cluster-bootstrap 95% confidence interval은 [2.342334, 4.215313]이었다.",NO,paired_latency;security_attestation,paired_latency_admission;bounded_oracle;security_attestation;exact_estimator,PARTIALLY_SUPPORTED,"one host, frozen direct and Security-V2 bounded-catalog arms | attested direct, catalog, reference, and latency-arm literals",EVIDENCE_REGISTRY,,PASS
thesis_v10,X. 결론,p1079.s1,Deeper polynomial mlp_square_poly3는 25/25 selection 후 locked audit 24 PASS와 decision flip 없는 reserve-policy REJECT 1건을 기록했다.,NO,primary_no_retuning_locked_audit;structural_extension,direct_confirmatory;direct_development;structural;structural_failure;margin_interpretation,PARTIALLY_SUPPORTED,10 dataset-model workloads and five deterministic repeated partitions | five datasets x five deterministic partitions for mlp_square_poly3,EVIDENCE_REGISTRY,,PASS
thesis_v10,X. 결론,p1079.s2,"Sobel, Harris, CNN-lite는 각 finite scalar-replicated input 범위에서 selection과 no-retuning audit evidence를 제공했고, 3 dataset x 3 independent training/data seed의 9 model은 9/9 selection 및 audit PASS였다.",NO,scoped_non_tabular_extension;training_model_seed_extension,sobel;harris;cnn_lite;training_seed,PARTIALLY_SUPPORTED,BSDS500 Sobel/Harris patches and MNIST CNN-lite scalar-replicated adapter | 3 datasets x 3 predeclared independent training/data seeds,EVIDENCE_REGISTRY,,PASS
thesis_v10,X. 결론,p1080.s3,Validation identity v1 mismatch와 Security-V2 catalog exclusion은 representation 및 security layer를 구분해야 함을 드러냈다.,NO,security_attestation,security_attestation;exact_estimator,PARTIALLY_SUPPORTED,"attested direct, catalog, reference, and latency-arm literals",EVIDENCE_REGISTRY,,PASS
thesis_v10,X. 결론,p1081.s1,"향후 연구는 typed graph IR를 통한 adapter 자동화, packed CNN과 bootstrapping graph, 여러 host/runtime의 paired study, 외부 autotuner candidate의 systematic admission, 그리고 exact CKKS residual bound를 decision margin과 결합한 분석적 certificate를 다루어야 한다.",YES,BACKGROUND,,BACKGROUND,Background/definition only,YES,,PASS
thesis_v10,X. 결론,p1082.s1,"결론적으로 FlipGuard는 지원된 계산 범위에서 direct synthesis, bounded validation/repair, NO_SAFE, no-retuning audit, Security-V2 comparison과 evidence provenance를 결합한 decision-integrity layer를 구현했다.",YES,no_safe_behavior;security_attestation;finite_scope_decision_integrity;scoped_direct_synthesis;adaptive_repair,no_safe;security_attestation;exact_estimator;direct_confirmatory;direct_development;margin_interpretation;final_suite;direct_ablation,PARTIALLY_SUPPORTED,"one-candidate budget control and declared two-candidate finite domain | attested direct, catalog, reference, and latency-arm literals | declared finite validation and locked-audit artifacts | declared tabular, polynomial, Sobel, Harris, and scalar-replicated CNN-lite adapters | predeclared development ablation and observed repair causes",EVIDENCE_REGISTRY,,PASS
thesis_v10,X. 결론,p1082.s2,그 성과는 모든 CKKS workload를 자동으로 해결했다는 데 있지 않다.,YES,BACKGROUND,,BACKGROUND,Background/definition only,YES,,PASS
thesis_v10,X. 결론,p1083.s1,"본 논문을 한 문장으로 요약하면, FlipGuard는 “CKKS 후보를 어떻게 더 많이 만들 것인가”보다 “어떤 후보를 배포 가능한 구성으로 인정할 것인가”를 다룬다.",NO,BACKGROUND,,BACKGROUND,Background/definition only,YES,,PASS
thesis_v10,X. 결론,p1083.s2,"EVA의 133회 flip, HEIR의 더 빠른 stable 후보, direct의 V_amb 반복 flip과 NO_SAFE는 서로 모순된 결과가 아니라 후보 출처와 무관한 판정 계층이 필요한 이유를 보여준다.",NO,no_safe_behavior;direct_repeat_flip_classification;eva_substantial_population_and_locked_audit,no_safe;docs/evidence/focused_external_comparison_v8/claim_admission.json,SUPPORTED,one-candidate budget control and declared two-candidate finite domain | V9 external comparison scope | V8 external-comparison declared workload and runtime scope,EVIDENCE_REGISTRY,,PASS
thesis_v10,참고문헌,p1086.s1,[1] J.,NO,BACKGROUND,,BACKGROUND,Background/definition only,[1],,PASS
thesis_v10,참고문헌,p1087.s1,[2] R.,NO,BACKGROUND,,BACKGROUND,Background/definition only,[2],,PASS
thesis_v10,참고문헌,p1087.s2,"Dathathri et al., “CHET: An Optimizing Compiler for Fully-Homomorphic Neural-Network Inferencing,” Proc.",NO,BACKGROUND,,BACKGROUND,Background/definition only,YES,,PASS
thesis_v10,참고문헌,p1088.s1,[3] R.,NO,BACKGROUND,,BACKGROUND,Background/definition only,[3],,PASS
thesis_v10,참고문헌,p1088.s2,"Dathathri et al., “EVA: An Encrypted Vector Arithmetic Language and Compiler for Efficient Homomorphic Computation,” Proc.",NO,BACKGROUND,,BACKGROUND,Background/definition only,YES,,PASS
thesis_v10,참고문헌,p1089.s1,[4] Y.,NO,BACKGROUND,,BACKGROUND,Background/definition only,[4],,PASS
thesis_v10,참고문헌,p1089.s2,"Lee et al., “HECATE: Performance-Aware Scale Optimization for Homomorphic Encryption Compiler,” Proc.",NO,hecate_measured_provider,,NOT_EVALUATED,V9 external comparison scope,EVIDENCE_REGISTRY,,PASS
thesis_v10,참고문헌,p1090.s1,[5] Y.,NO,BACKGROUND,,BACKGROUND,Background/definition only,[5],,PASS
thesis_v10,참고문헌,p1091.s1,[6] A.,NO,BACKGROUND,,BACKGROUND,Background/definition only,[6],,PASS
thesis_v10,참고문헌,p1091.s5,"Hithnawi, “HECO: Fully Homomorphic Encryption Compiler,” Proc.",NO,BACKGROUND,,BACKGROUND,Background/definition only,YES,,PASS
thesis_v10,참고문헌,p1092.s1,[7] S.,NO,BACKGROUND,,BACKGROUND,Background/definition only,[7],,PASS
thesis_v10,참고문헌,p1092.s2,"Cheon et al., “DaCapo: Automatic Bootstrapping Management for Efficient Fully Homomorphic Encryption,” Proc.",NO,BACKGROUND,,BACKGROUND,Background/definition only,YES,,PASS
thesis_v10,참고문헌,p1092.s4,"6993-7010, 2024.",NO,formal_trial_reduction;structural_extension,final_suite;bounded_oracle;structural;structural_failure;margin_interpretation,PARTIALLY_SUPPORTED,Security-V2-admitted 7 profiles x 2 paths over the declared instances | five datasets x five deterministic partitions for mlp_square_poly3,EVIDENCE_REGISTRY,,PASS
thesis_v10,참고문헌,p1093.s1,[8] Q.,NO,BACKGROUND,,BACKGROUND,Background/definition only,[8],,PASS
thesis_v10,참고문헌,p1094.s1,[9] W.,NO,BACKGROUND,,BACKGROUND,Background/definition only,[9],,PASS
thesis_v10,참고문헌,p1094.s4,"Boddeti, “AutoFHE: Automated Adaption of CNNs for Efficient Evaluation over FHE,” Proc.",NO,BACKGROUND,,BACKGROUND,Background/definition only,YES,,PASS
thesis_v10,참고문헌,p1094.s6,"2173-2190, 2024.",NO,structural_extension,structural;structural_failure;margin_interpretation,PARTIALLY_SUPPORTED,five datasets x five deterministic partitions for mlp_square_poly3,EVIDENCE_REGISTRY,,PASS
thesis_v10,참고문헌,p1095.s1,[10] A.,NO,BACKGROUND,,BACKGROUND,Background/definition only,[10],,PASS
thesis_v10,참고문헌,p1096.s1,[11] A.,NO,BACKGROUND,,BACKGROUND,Background/definition only,[11],,PASS
thesis_v10,참고문헌,p1096.s3,"Neuhaus et al., “Orion: A Compiler for Encrypted Deep Learning,” Proc.",NO,orion_official_encrypted_self_test,,PARTIALLY_SUPPORTED,V9 external comparison scope,EVIDENCE_REGISTRY,,PASS
thesis_v10,참고문헌,p1097.s1,[12] J.,NO,BACKGROUND,,BACKGROUND,Background/definition only,[12],,PASS
thesis_v10,참고문헌,p1098.s1,[13] J.,NO,BACKGROUND,,BACKGROUND,Background/definition only,[13],,PASS
thesis_v10,참고문헌,p1098.s2,"Nam et al., “SLOTHE: Efficient Evaluation of Non-Arithmetic Neural-Network Functions over FHE,” Proc.",NO,BACKGROUND,,BACKGROUND,Background/definition only,YES,,PASS
thesis_v10,참고문헌,p1099.s1,[14] A.,NO,BACKGROUND,,BACKGROUND,Background/definition only,[14],,PASS
thesis_v10,참고문헌,p1099.s5,"Polyakov, “Application-Aware Approximate Homomorphic Encryption: Configuring FHE for Practical Use,” IACR Communications in Cryptology, vol.",NO,BACKGROUND,,BACKGROUND,Background/definition only,YES,,PASS
thesis_v10,참고문헌,p1100.s1,[15] N.,NO,BACKGROUND,,BACKGROUND,Background/definition only,[15],,PASS
thesis_v10,참고문헌,p1100.s2,"Xu et al., “FHE-Agent: Automating CKKS Configuration for Practical Encrypted Inference via an LLM-Guided Agentic Framework,” arXiv:2511.18653, 2025.",NO,BACKGROUND,,BACKGROUND,Background/definition only,YES,,PASS
thesis_v10,참고문헌,p1101.s1,[16] J.-P.,NO,BACKGROUND,,BACKGROUND,Background/definition only,[16],,PASS
thesis_v10,참고문헌,p1102.s1,[17] T.,NO,BACKGROUND,,BACKGROUND,Background/definition only,[17],,PASS
thesis_v10,참고문헌,p1102.s2,"Mouchet et al., “Lattigo v6: A Multiparty Homomorphic Encryption Library in Go,” EPFL-LDS, software artifact, 2024.",NO,structural_extension,structural;structural_failure;margin_interpretation,PARTIALLY_SUPPORTED,five datasets x five deterministic partitions for mlp_square_poly3,EVIDENCE_REGISTRY,,PASS
thesis_v10,참고문헌,p1103.s1,[18] Y.,NO,BACKGROUND,,BACKGROUND,Background/definition only,[18],,PASS
thesis_v10,참고문헌,p1103.s8,"2278-2324, 1998.",NO,structural_extension,structural;structural_failure;margin_interpretation,PARTIALLY_SUPPORTED,five datasets x five deterministic partitions for mlp_square_poly3,EVIDENCE_REGISTRY,,PASS
thesis_v10,참고문헌,p1104.s1,[19] D.,NO,BACKGROUND,,BACKGROUND,Background/definition only,[19],,PASS
thesis_v10,참고문헌,p1104.s5,"Malik, “A Database of Human Segmented Natural Images and Its Application to Evaluating Segmentation Algorithms,” Proc.",NO,BACKGROUND,,BACKGROUND,Background/definition only,YES,,PASS
thesis_v10,참고문헌,p1105.s1,[20] J.,NO,BACKGROUND,,BACKGROUND,Background/definition only,[20],,PASS
thesis_v10,참고문헌,p1106.s1,[21] D.,NO,BACKGROUND,,BACKGROUND,Background/definition only,[21],,PASS
thesis_v10,영문초록,p1109.s1,A Study on Decision-Stability-Constrained Selection of CKKS Configurations,NO,BACKGROUND,,BACKGROUND,Background/definition only,YES,,PASS
thesis_v10,영문초록,p1110.s1,"The CKKS scheme enables approximate arithmetic over encrypted real-valued data, but its configuration determines not only executability and latency but also whether approximation error can change an application-level decision.",NO,BACKGROUND,,BACKGROUND,Background/definition only,YES,,PASS
thesis_v10,영문초록,p1110.s3,"However, the deployment responsibility of verifying that a generated candidate preserves a threshold or argmax decision remains separate.",YES,multiclass_argmax_proposition,docs/evidence/journal_multiclass_extension_v1/multiclass_contract.json;internal/certify/multiclass_decision_contract.go;internal/certify/multiclass_decision_contract_test.go,SUPPORTED,"finite logits with finite class-wise error bounds, strict inequalities, and no plaintext tie",EVIDENCE_REGISTRY,,PASS
thesis_v10,영문초록,p1111.s1,"This thesis presents FlipGuard, a provider-independent decision-stability layer for CKKS configuration selection.",NO,BACKGROUND,,BACKGROUND,Background/definition only,YES,,PASS
thesis_v10,영문초록,p1111.s3,"It executes each candidate under encryption, classifies it as SAFE, REJECTED, or FAILED, selects the lowest-latency eligible candidate within the declared set, and returns NO_SAFE when no candidate can be defended.",NO,no_safe_behavior,no_safe,SUPPORTED,one-candidate budget control and declared two-candidate finite domain,EVIDENCE_REGISTRY,,PASS
thesis_v10,영문초록,p1111.s4,A built-in direct synthesizer derives an initial literal from graph facts and decision margin and applies only predeclared bounded corrections.,NO,scoped_direct_synthesis,direct_confirmatory;direct_development;final_suite,SUPPORTED,"declared tabular, polynomial, Sobel, Harris, and scalar-replicated CNN-lite adapters",EVIDENCE_REGISTRY,,PASS
thesis_v10,영문초록,p1111.s5,The selected literal is then rerun on a disjoint locked audit without retuning.,NO,primary_no_retuning_locked_audit;scoped_direct_synthesis,direct_confirmatory;direct_development;final_suite,SUPPORTED,"10 dataset-model workloads and five deterministic repeated partitions | declared tabular, polynomial, Sobel, Harris, and scalar-replicated CNN-lite adapters",EVIDENCE_REGISTRY,,PASS
thesis_v10,영문초록,p1112.s1,"Across 50 workload-partition instances from five public datasets and two binary graph families, the direct path used 70 encrypted candidate executions instead of 700 bounded-catalog candidates, while all 40 confirmatory selections passed the locked audit.",YES,formal_trial_reduction;primary_no_retuning_locked_audit;paired_latency,final_suite;bounded_oracle;direct_confirmatory;direct_development;paired_latency_admission,PARTIALLY_SUPPORTED,"Security-V2-admitted 7 profiles x 2 paths over the declared instances | 10 dataset-model workloads and five deterministic repeated partitions | one host, frozen direct and Security-V2 bounded-catalog arms",EVIDENCE_REGISTRY,,PASS
thesis_v10,영문초록,p1112.s2,"In a 1,000-input EVA experiment, scale 20 produced 133 validation decision flips, whereas scales 30 and 40 produced none; the preselected scale-30 candidate remained flip-free on 500 audit inputs.",NO,BACKGROUND,,BACKGROUND,Background/definition only,YES,,PASS
thesis_v10,영문초록,p1112.s3,"On an exact shared polynomial in the same Lattigo harness, the HEIR-generated and bounded-catalog candidates were stable, and the catalog-to-HEIR total-latency ratio was 6.3935.",NO,paired_latency;p3_catalog_over_heir_latency;heir_decision_bearing_shared_polynomial,paired_latency_admission;bounded_oracle;docs/evidence/focused_external_comparison_v8/claim_admission.json,PARTIALLY_SUPPORTED,"one host, frozen direct and Security-V2 bounded-catalog arms | V9 external comparison scope | V8 external-comparison declared workload and runtime scope",EVIDENCE_REGISTRY,,PASS
thesis_v10,영문초록,p1112.s4,"A direct arm exhibited repeated flips on one near-boundary ambiguous input, so related latency claims were explicitly blocked.",NO,direct_repeat_flip_classification,,SUPPORTED,V9 external comparison scope,EVIDENCE_REGISTRY,,PASS
thesis_v10,영문초록,p1113.s1,"These results position FlipGuard not as a universal replacement for CKKS compilers, but as a reproducible admission and selection layer between configuration generation and application deployment.",NO,BACKGROUND,,BACKGROUND,Background/definition only,YES,,PASS
thesis_v10,영문초록,p1114.s1,"Keywords: CKKS, homomorphic encryption, decision stability, configuration selection, encrypted inference",NO,finite_scope_decision_integrity,direct_confirmatory;direct_development;margin_interpretation;no_safe,PARTIALLY_SUPPORTED,declared finite validation and locked-audit artifacts,EVIDENCE_REGISTRY,,PASS
