metric,value
polynomial_decision_match_rate,1.000000000000
raw_accuracy,0.912962962963
raw_auc,0.967186128183
raw_f1,0.912801484230
test_samples,540.000000000000
test_scaled_logit_max,0.419265558831
test_scaled_logit_max_abs,0.419265558831
test_scaled_logit_min,-0.144316259637
train_samples,1257.000000000000
