row_id,label,scaled_logit,polynomial_score,plaintext_decision,materialization_schema,source_data_sha256,source_model_sha256,source_feature_space,preprocessing_method,x_0,x_1,x_2,x_3,x_4,x_5,x_6,x_7
1,1,-0.0035887911087117749,0.49929300815158378,false,flipguard_tabular_validation_v2,sha256:64cef7c029b65854998e6b4302c8e5a5653f515850925b2d168e0af0231e8d60,sha256:025eb7dea28322d4b60adcfff3b1ff48c3fb44aa57280d39eea813405a6561d5,model_input,identity_model_input_v1,0.26127968584799999,-1.016111775245,-0.402342990831,0.20929704215,-0.67504030634300005,-1.0566774002379999,-0.36512309574500001,-0.083129335880000002
2,0,-0.053606118011139431,0.48943959475180554,false,flipguard_tabular_validation_v2,sha256:64cef7c029b65854998e6b4302c8e5a5653f515850925b2d168e0af0231e8d60,sha256:025eb7dea28322d4b60adcfff3b1ff48c3fb44aa57280d39eea813405a6561d5,model_input,identity_model_input_v1,-1.875999479736,1.635256550557,4.639353103625,-1.543443677253,-0.67504030634300005,-1.0566774002379999,-0.98807488584000003,-0.083129335880000002
3,0,-0.016076234684129428,0.49683298176722651,false,flipguard_tabular_validation_v2,sha256:64cef7c029b65854998e6b4302c8e5a5653f515850925b2d168e0af0231e8d60,sha256:025eb7dea28322d4b60adcfff3b1ff48c3fb44aa57280d39eea813405a6561d5,model_input,identity_model_input_v1,0.26127968584799999,-0.66259599847100004,-0.402342990831,-1.7187177491929999,-0.67504030634300005,0.02671859658,-1.143812833363,-0.083129335880000002
5,0,-0.044228111318415191,0.49128706207027223,false,flipguard_tabular_validation_v2,sha256:64cef7c029b65854998e6b4302c8e5a5653f515850925b2d168e0af0231e8d60,sha256:025eb7dea28322d4b60adcfff3b1ff48c3fb44aa57280d39eea813405a6561d5,model_input,identity_model_input_v1,-0.45114670268000001,-0.485838110085,-0.402342990831,0.91039332991099997,-0.67504030634300005,-1.0566774002379999,-1.143812833363,-0.083129335880000002
7,0,-0.049997695310071297,0.49015045402391594,false,flipguard_tabular_validation_v2,sha256:64cef7c029b65854998e6b4302c8e5a5653f515850925b2d168e0af0231e8d60,sha256:025eb7dea28322d4b60adcfff3b1ff48c3fb44aa57280d39eea813405a6561d5,model_input,identity_model_input_v1,0.97370607437599999,0.044435555076,-0.402342990831,-1.543443677253,-0.67504030634300005,-1.0566774002379999,-1.143812833363,-0.083129335880000002
9,1,-0.018351791939140577,0.49638469698798932,false,flipguard_tabular_validation_v2,sha256:64cef7c029b65854998e6b4302c8e5a5653f515850925b2d168e0af0231e8d60,sha256:025eb7dea28322d4b60adcfff3b1ff48c3fb44aa57280d39eea813405a6561d5,model_input,identity_model_input_v1,-0.45114670268000001,1.635256550557,1.1731870386859999,1.085667401851,-0.67504030634300005,-1.0566774002379999,0.10209074682499999,-0.083129335880000002
11,1,0.087910628038269906,0.51731839372353916,true,flipguard_tabular_validation_v2,sha256:64cef7c029b65854998e6b4302c8e5a5653f515850925b2d168e0af0231e8d60,sha256:025eb7dea28322d4b60adcfff3b1ff48c3fb44aa57280d39eea813405a6561d5,model_input,identity_model_input_v1,0.023804223005999998,-1.016111775245,-0.402342990831,0.91039332991099997,0.46545117896999999,1.419656306776,-1.143812833363,-0.083129335880000002
12,0,-0.011254232386639329,0.49778291621983206,false,flipguard_tabular_validation_v2,sha256:64cef7c029b65854998e6b4302c8e5a5653f515850925b2d168e0af0231e8d60,sha256:025eb7dea28322d4b60adcfff3b1ff48c3fb44aa57280d39eea813405a6561d5,model_input,identity_model_input_v1,0.97370607437599999,0.397951331849,-0.402342990831,-1.0176214614320001,-0.67504030634300005,0.95534373671100004,1.347994327014,-0.083129335880000002
15,1,0.098889337893398085,0.51948119956499939,true,flipguard_tabular_validation_v2,sha256:64cef7c029b65854998e6b4302c8e5a5653f515850925b2d168e0af0231e8d60,sha256:025eb7dea28322d4b60adcfff3b1ff48c3fb44aa57280d39eea813405a6561d5,model_input,identity_model_input_v1,-2.350950405421,-0.66259599847100004,-0.402342990831,-0.84234738949200005,0.75057405029900004,0.95534373671100004,-0.053647200697999997,-0.083129335880000002
16,0,-0.048668850659719383,0.49041223642003529,false,flipguard_tabular_validation_v2,sha256:64cef7c029b65854998e6b4302c8e5a5653f515850925b2d168e0af0231e8d60,sha256:025eb7dea28322d4b60adcfff3b1ff48c3fb44aa57280d39eea813405a6561d5,model_input,identity_model_input_v1,0.73623061153400005,0.75146710862300004,-0.402342990831,0.034022970210000003,-0.67504030634300005,-1.0566774002379999,-1.143812833363,-0.083129335880000002
18,1,0.087828126332530648,0.51730214088750859,true,flipguard_tabular_validation_v2,sha256:64cef7c029b65854998e6b4302c8e5a5653f515850925b2d168e0af0231e8d60,sha256:025eb7dea28322d4b60adcfff3b1ff48c3fb44aa57280d39eea813405a6561d5,model_input,identity_model_input_v1,0.26127968584799999,-1.016111775245,-0.402342990831,0.73511925797099997,-0.67504030634300005,0.800572880022,1.347994327014,2.9902111112240002
20,1,0.00042634970831865668,0.50008399089253874,true,flipguard_tabular_validation_v2,sha256:64cef7c029b65854998e6b4302c8e5a5653f515850925b2d168e0af0231e8d60,sha256:025eb7dea28322d4b60adcfff3b1ff48c3fb44aa57280d39eea813405a6561d5,model_input,identity_model_input_v1,0.49875514869100002,0.397951331849,-0.087236984928,1.085667401851,0.180328307642,-0.59236483017300001,0.56930458939600004,-0.083129335880000002
23,0,0.012051816111719066,0.50237420777400865,true,flipguard_tabular_validation_v2,sha256:64cef7c029b65854998e6b4302c8e5a5653f515850925b2d168e0af0231e8d60,sha256:025eb7dea28322d4b60adcfff3b1ff48c3fb44aa57280d39eea813405a6561d5,model_input,identity_model_input_v1,-0.45114670268000001,-1.016111775245,-0.402342990831,0.38457111409,-0.67504030634300005,-1.0566774002379999,0.41356664187300002,-0.083129335880000002
26,0,0.0029258630357456008,0.50057639501804185,true,flipguard_tabular_validation_v2,sha256:64cef7c029b65854998e6b4302c8e5a5653f515850925b2d168e0af0231e8d60,sha256:025eb7dea28322d4b60adcfff3b1ff48c3fb44aa57280d39eea813405a6561d5,model_input,identity_model_input_v1,0.49875514869100002,-1.016111775245,-0.402342990831,-0.66707331755199994,-0.67504030634300005,-1.0566774002379999,0.10209074682499999,-0.083129335880000002
30,1,0.011442779728050766,0.50225422760642602,true,flipguard_tabular_validation_v2,sha256:64cef7c029b65854998e6b4302c8e5a5653f515850925b2d168e0af0231e8d60,sha256:025eb7dea28322d4b60adcfff3b1ff48c3fb44aa57280d39eea813405a6561d5,model_input,identity_model_input_v1,0.26127968584799999,-1.016111775245,-0.402342990831,0.55984518603,-0.67504030634300005,0.800572880022,1.347994327014,-0.083129335880000002
32,0,-0.019289446091259189,0.49619997912002195,false,flipguard_tabular_validation_v2,sha256:64cef7c029b65854998e6b4302c8e5a5653f515850925b2d168e0af0231e8d60,sha256:025eb7dea28322d4b60adcfff3b1ff48c3fb44aa57280d39eea813405a6561d5,model_input,identity_model_input_v1,0.26127968584799999,-1.016111775245,-0.402342990831,-0.66707331755199994,-0.67504030634300005,-1.0566774002379999,-0.67659899079300001,-0.083129335880000002
37,0,-0.047308099660596951,0.49068030436686239,false,flipguard_tabular_validation_v2,sha256:64cef7c029b65854998e6b4302c8e5a5653f515850925b2d168e0af0231e8d60,sha256:025eb7dea28322d4b60adcfff3b1ff48c3fb44aa57280d39eea813405a6561d5,model_input,identity_model_input_v1,0.49875514869100002,-0.83935388685800005,-0.402342990831,-1.7187177491929999,-0.67504030634300005,-1.0566774002379999,-1.143812833363,-0.083129335880000002
38,1,0.063922829978633036,0.51259279750579068,true,flipguard_tabular_validation_v2,sha256:64cef7c029b65854998e6b4302c8e5a5653f515850925b2d168e0af0231e8d60,sha256:025eb7dea28322d4b60adcfff3b1ff48c3fb44aa57280d39eea813405a6561d5,model_input,identity_model_input_v1,0.49875514869100002,-0.83935388685800005,-0.402342990831,1.085667401851,1.3208197929550001,0.18148945326900001,-1.143812833363,-0.083129335880000002
39,0,-0.026383249108669085,0.49480249992559217,false,flipguard_tabular_validation_v2,sha256:64cef7c029b65854998e6b4302c8e5a5653f515850925b2d168e0af0231e8d60,sha256:025eb7dea28322d4b60adcfff3b1ff48c3fb44aa57280d39eea813405a6561d5,model_input,identity_model_input_v1,0.97370607437599999,-0.83935388685800005,-0.402342990831,1.085667401851,-0.38991743501499998,-1.0566774002379999,-1.143812833363,-0.083129335880000002
40,1,0.011236568619108572,0.50221360401796444,true,flipguard_tabular_validation_v2,sha256:64cef7c029b65854998e6b4302c8e5a5653f515850925b2d168e0af0231e8d60,sha256:025eb7dea28322d4b60adcfff3b1ff48c3fb44aa57280d39eea813405a6561d5,model_input,identity_model_input_v1,-0.21367123983700001,0.22119344346299999,-0.402342990831,0.73511925797099997,-0.67504030634300005,0.95534373671100004,-1.143812833363,-0.083129335880000002
43,0,-0.041007003473827193,0.49192162031565606,false,flipguard_tabular_validation_v2,sha256:64cef7c029b65854998e6b4302c8e5a5653f515850925b2d168e0af0231e8d60,sha256:025eb7dea28322d4b60adcfff3b1ff48c3fb44aa57280d39eea813405a6561d5,model_input,identity_model_input_v1,0.97370607437599999,0.75146710862300004,-0.402342990831,0.91039332991099997,-0.67504030634300005,-1.0566774002379999,-1.143812833363,-0.083129335880000002
45,1,0.048971065676517531,0.50964729993827396,true,flipguard_tabular_validation_v2,sha256:64cef7c029b65854998e6b4302c8e5a5653f515850925b2d168e0af0231e8d60,sha256:025eb7dea28322d4b60adcfff3b1ff48c3fb44aa57280d39eea813405a6561d5,model_input,identity_model_input_v1,0.97370607437599999,-1.016111775245,-0.402342990831,0.73511925797099997,-0.104794563686,1.419656306776,0.10209074682499999,-0.083129335880000002
47,1,0.012623063358160847,0.50248674348155764,true,flipguard_tabular_validation_v2,sha256:64cef7c029b65854998e6b4302c8e5a5653f515850925b2d168e0af0231e8d60,sha256:025eb7dea28322d4b60adcfff3b1ff48c3fb44aa57280d39eea813405a6561d5,model_input,identity_model_input_v1,0.73623061153400005,-0.13232233331099999,-0.402342990831,-0.49179924561100002,-0.67504030634300005,0.49103116664500002,0.88078048444299994,-0.083129335880000002
49,0,0.029551731051288943,0.50582169101710395,true,flipguard_tabular_validation_v2,sha256:64cef7c029b65854998e6b4302c8e5a5653f515850925b2d168e0af0231e8d60,sha256:025eb7dea28322d4b60adcfff3b1ff48c3fb44aa57280d39eea813405a6561d5,model_input,identity_model_input_v1,0.73623061153400005,-0.83935388685800005,-0.402342990831,1.085667401851,1.8910655356120001,0.95534373671100004,1.347994327014,-0.083129335880000002
51,0,-0.10084375011928788,0.4801337812265003,false,flipguard_tabular_validation_v2,sha256:64cef7c029b65854998e6b4302c8e5a5653f515850925b2d168e0af0231e8d60,sha256:025eb7dea28322d4b60adcfff3b1ff48c3fb44aa57280d39eea813405a6561d5,model_input,identity_model_input_v1,0.97370607437599999,1.104982885396,4.639353103625,0.034022970210000003,-0.67504030634300005,-0.43759397348500001,0.88078048444299994,-0.083129335880000002
52,1,0.085275290381802524,0.51679923220521506,true,flipguard_tabular_validation_v2,sha256:64cef7c029b65854998e6b4302c8e5a5653f515850925b2d168e0af0231e8d60,sha256:025eb7dea28322d4b60adcfff3b1ff48c3fb44aa57280d39eea813405a6561d5,model_input,identity_model_input_v1,0.49875514869100002,-0.83935388685800005,-0.402342990831,1.085667401851,1.3208197929550001,0.64580202333400005,-1.143812833363,-0.083129335880000002
60,1,-0.007248807067123355,0.49857198500777672,false,flipguard_tabular_validation_v2,sha256:64cef7c029b65854998e6b4302c8e5a5653f515850925b2d168e0af0231e8d60,sha256:025eb7dea28322d4b60adcfff3b1ff48c3fb44aa57280d39eea813405a6561d5,model_input,identity_model_input_v1,-2.1134749425789998,0.75146710862300004,-0.087236984928,-1.7187177491929999,-0.67504030634300005,1.2648854500869999,1.347994327014,-0.083129335880000002
61,0,-0.039014807506255238,0.49231408292126771,false,flipguard_tabular_validation_v2,sha256:64cef7c029b65854998e6b4302c8e5a5653f515850925b2d168e0af0231e8d60,sha256:025eb7dea28322d4b60adcfff3b1ff48c3fb44aa57280d39eea813405a6561d5,model_input,identity_model_input_v1,0.023804223005999998,1.45849866217,1.803399050493,1.085667401851,-0.67504030634300005,-0.59236483017300001,-1.143812833363,-0.083129335880000002
62,1,0.0062541711931533642,0.50123207172505124,true,flipguard_tabular_validation_v2,sha256:64cef7c029b65854998e6b4302c8e5a5653f515850925b2d168e0af0231e8d60,sha256:025eb7dea28322d4b60adcfff3b1ff48c3fb44aa57280d39eea813405a6561d5,model_input,identity_model_input_v1,-0.92609762836499998,-0.13232233331099999,-0.402342990831,-0.84234738949200005,-0.67504030634300005,0.18148945326900001,1.1922563794909999,-0.083129335880000002
63,0,-0.050678833448411766,0.49001626981066287,false,flipguard_tabular_validation_v2,sha256:64cef7c029b65854998e6b4302c8e5a5653f515850925b2d168e0af0231e8d60,sha256:025eb7dea28322d4b60adcfff3b1ff48c3fb44aa57280d39eea813405a6561d5,model_input,identity_model_input_v1,-0.21367123983700001,1.104982885396,1.48829304459,0.034022970210000003,-0.104794563686,-1.0566774002379999,-1.143812833363,-0.083129335880000002
64,1,0.12591974142451473,0.52480618906062937,true,flipguard_tabular_validation_v2,sha256:64cef7c029b65854998e6b4302c8e5a5653f515850925b2d168e0af0231e8d60,sha256:025eb7dea28322d4b60adcfff3b1ff48c3fb44aa57280d39eea813405a6561d5,model_input,identity_model_input_v1,0.023804223005999998,-0.83935388685800005,-0.402342990831,1.085667401851,1.605942664284,0.95534373671100004,-1.143812833363,-0.083129335880000002
65,0,-0.070972738954706821,0.48601837042592277,false,flipguard_tabular_validation_v2,sha256:64cef7c029b65854998e6b4302c8e5a5653f515850925b2d168e0af0231e8d60,sha256:025eb7dea28322d4b60adcfff3b1ff48c3fb44aa57280d39eea813405a6561d5,model_input,identity_model_input_v1,-0.68862216552199995,1.635256550557,-0.087236984928,0.20929704215,-0.67504030634300005,-1.0566774002379999,-1.143812833363,-0.083129335880000002
68,0,-0.040093554699771279,0.49210156972414504,false,flipguard_tabular_validation_v2,sha256:64cef7c029b65854998e6b4302c8e5a5653f515850925b2d168e0af0231e8d60,sha256:025eb7dea28322d4b60adcfff3b1ff48c3fb44aa57280d39eea813405a6561d5,model_input,identity_model_input_v1,-2.825901331107,0.92822499701000005,4.0091410918179999,0.20929704215,-0.67504030634300005,-0.74713568686200005,-0.67659899079300001,-0.083129335880000002
70,0,-0.017160109036650283,0.4966194585197799,false,flipguard_tabular_validation_v2,sha256:64cef7c029b65854998e6b4302c8e5a5653f515850925b2d168e0af0231e8d60,sha256:025eb7dea28322d4b60adcfff3b1ff48c3fb44aa57280d39eea813405a6561d5,model_input,identity_model_input_v1,0.97370607437599999,1.635256550557,0.54297502687900001,0.73511925797099997,-0.104794563686,0.49103116664500002,0.72504253691999998,-0.083129335880000002
71,0,-0.047291544167802159,0.49068356579894296,false,flipguard_tabular_validation_v2,sha256:64cef7c029b65854998e6b4302c8e5a5653f515850925b2d168e0af0231e8d60,sha256:025eb7dea28322d4b60adcfff3b1ff48c3fb44aa57280d39eea813405a6561d5,model_input,identity_model_input_v1,0.26127968584799999,0.22119344346299999,-0.402342990831,0.38457111409,-0.67504030634300005,-1.0566774002379999,-1.143812833363,-0.083129335880000002
72,1,0.14708343780504538,0.52897543724759399,true,flipguard_tabular_validation_v2,sha256:64cef7c029b65854998e6b4302c8e5a5653f515850925b2d168e0af0231e8d60,sha256:025eb7dea28322d4b60adcfff3b1ff48c3fb44aa57280d39eea813405a6561d5,model_input,identity_model_input_v1,-0.92609762836499998,-0.66259599847100004,-0.402342990831,0.73511925797099997,3.3166798922540002,1.419656306776,1.347994327014,-0.083129335880000002
74,1,0.061479898017979762,0.51211153990954206,true,flipguard_tabular_validation_v2,sha256:64cef7c029b65854998e6b4302c8e5a5653f515850925b2d168e0af0231e8d60,sha256:025eb7dea28322d4b60adcfff3b1ff48c3fb44aa57280d39eea813405a6561d5,model_input,identity_model_input_v1,0.73623061153400005,-1.016111775245,-0.402342990831,1.085667401851,2.7464341495969999,0.64580202333400005,1.036518431967,-0.083129335880000002
76,1,-0.011884406961591081,0.49765877182856655,false,flipguard_tabular_validation_v2,sha256:64cef7c029b65854998e6b4302c8e5a5653f515850925b2d168e0af0231e8d60,sha256:025eb7dea28322d4b60adcfff3b1ff48c3fb44aa57280d39eea813405a6561d5,model_input,identity_model_input_v1,-0.92609762836499998,1.45849866217,0.22786902097600001,1.085667401851,-0.67504030634300005,-1.0566774002379999,0.25782869434900002,-0.083129335880000002
78,1,0.063199510286922,0.51245030352652365,true,flipguard_tabular_validation_v2,sha256:64cef7c029b65854998e6b4302c8e5a5653f515850925b2d168e0af0231e8d60,sha256:025eb7dea28322d4b60adcfff3b1ff48c3fb44aa57280d39eea813405a6561d5,model_input,identity_model_input_v1,-0.92609762836499998,-0.30908022169799998,-0.402342990831,0.73511925797099997,0.180328307642,1.419656306776,0.72504253691999998,-0.083129335880000002
79,0,-0.011902143583284527,0.49765527771409296,false,flipguard_tabular_validation_v2,sha256:64cef7c029b65854998e6b4302c8e5a5653f515850925b2d168e0af0231e8d60,sha256:025eb7dea28322d4b60adcfff3b1ff48c3fb44aa57280d39eea813405a6561d5,model_input,identity_model_input_v1,0.97370607437599999,0.044435555076,-0.402342990831,-1.543443677253,-0.67504030634300005,-1.0566774002379999,0.10209074682499999,-0.083129335880000002
80,0,-0.033345248223571752,0.49343098609995639,false,flipguard_tabular_validation_v2,sha256:64cef7c029b65854998e6b4302c8e5a5653f515850925b2d168e0af0231e8d60,sha256:025eb7dea28322d4b60adcfff3b1ff48c3fb44aa57280d39eea813405a6561d5,model_input,identity_model_input_v1,0.023804223005999998,0.397951331849,-0.087236984928,-0.84234738949200005,0.180328307642,1.110114593399,1.347994327014,-0.083129335880000002
83,1,0.082410849659765056,0.51623493738297377,true,flipguard_tabular_validation_v2,sha256:64cef7c029b65854998e6b4302c8e5a5653f515850925b2d168e0af0231e8d60,sha256:025eb7dea28322d4b60adcfff3b1ff48c3fb44aa57280d39eea813405a6561d5,model_input,identity_model_input_v1,0.023804223005999998,-1.016111775245,-0.402342990831,-1.0176214614320001,-0.67504030634300005,0.18148945326900001,1.347994327014,2.9902111112240002
87,0,-0.048038804208678225,0.49053635557089037,false,flipguard_tabular_validation_v2,sha256:64cef7c029b65854998e6b4302c8e5a5653f515850925b2d168e0af0231e8d60,sha256:025eb7dea28322d4b60adcfff3b1ff48c3fb44aa57280d39eea813405a6561d5,model_input,identity_model_input_v1,-0.45114670268000001,0.75146710862300004,-0.402342990831,-0.141251101731,-0.104794563686,-0.90190654354999999,-0.83233693831599997,-0.083129335880000002
88,0,-0.036820684067487404,0.49274632523870499,false,flipguard_tabular_validation_v2,sha256:64cef7c029b65854998e6b4302c8e5a5653f515850925b2d168e0af0231e8d60,sha256:025eb7dea28322d4b60adcfff3b1ff48c3fb44aa57280d39eea813405a6561d5,model_input,identity_model_input_v1,0.97370607437599999,0.22119344346299999,-0.402342990831,0.91039332991099997,-0.67504030634300005,-1.0566774002379999,-1.143812833363,-0.083129335880000002
89,1,0.13027762756376077,0.52566469263006088,true,flipguard_tabular_validation_v2,sha256:64cef7c029b65854998e6b4302c8e5a5653f515850925b2d168e0af0231e8d60,sha256:025eb7dea28322d4b60adcfff3b1ff48c3fb44aa57280d39eea813405a6561d5,model_input,identity_model_input_v1,-1.638524016893,-0.30908022169799998,-0.402342990831,0.38457111409,2.7464341495969999,0.800572880022,1.036518431967,-0.083129335880000002
90,1,0.063840805514163795,0.51257663868629022,true,flipguard_tabular_validation_v2,sha256:64cef7c029b65854998e6b4302c8e5a5653f515850925b2d168e0af0231e8d60,sha256:025eb7dea28322d4b60adcfff3b1ff48c3fb44aa57280d39eea813405a6561d5,model_input,identity_model_input_v1,-2.350950405421,-1.016111775245,-0.402342990831,-0.84234738949200005,0.46545117896999999,0.49103116664500002,1.036518431967,-0.083129335880000002
95,0,-0.01699200916497786,0.49665257419449937,false,flipguard_tabular_validation_v2,sha256:64cef7c029b65854998e6b4302c8e5a5653f515850925b2d168e0af0231e8d60,sha256:025eb7dea28322d4b60adcfff3b1ff48c3fb44aa57280d39eea813405a6561d5,model_input,identity_model_input_v1,-0.92609762836499998,1.281740773783,2.1185050563969998,1.085667401851,0.75057405029900004,-1.0566774002379999,-1.143812833363,-0.083129335880000002
96,0,-0.052438827026360456,0.48966955107580701,false,flipguard_tabular_validation_v2,sha256:64cef7c029b65854998e6b4302c8e5a5653f515850925b2d168e0af0231e8d60,sha256:025eb7dea28322d4b60adcfff3b1ff48c3fb44aa57280d39eea813405a6561d5,model_input,identity_model_input_v1,-0.21367123983700001,1.635256550557,1.48829304459,0.55984518603,-0.38991743501499998,-1.0566774002379999,-1.143812833363,-0.083129335880000002
100,0,-0.04753328663413639,0.49063594253307513,false,flipguard_tabular_validation_v2,sha256:64cef7c029b65854998e6b4302c8e5a5653f515850925b2d168e0af0231e8d60,sha256:025eb7dea28322d4b60adcfff3b1ff48c3fb44aa57280d39eea813405a6561d5,model_input,identity_model_input_v1,0.26127968584799999,1.635256550557,3.694035085915,1.085667401851,-0.38991743501499998,-1.0566774002379999,-1.143812833363,-0.083129335880000002
102,1,0.0028651931805159098,0.50056444305656167,true,flipguard_tabular_validation_v2,sha256:64cef7c029b65854998e6b4302c8e5a5653f515850925b2d168e0af0231e8d60,sha256:025eb7dea28322d4b60adcfff3b1ff48c3fb44aa57280d39eea813405a6561d5,model_input,identity_model_input_v1,-0.21367123983700001,1.104982885396,0.22786902097600001,0.73511925797099997,-0.67504030634300005,0.33626030995700001,0.88078048444299994,-0.083129335880000002
103,1,0.09766263492398472,0.51923953908002496,true,flipguard_tabular_validation_v2,sha256:64cef7c029b65854998e6b4302c8e5a5653f515850925b2d168e0af0231e8d60,sha256:025eb7dea28322d4b60adcfff3b1ff48c3fb44aa57280d39eea813405a6561d5,model_input,identity_model_input_v1,0.023804223005999998,-0.83935388685800005,-0.402342990831,0.55984518603,1.3208197929550001,0.95534373671100004,-1.143812833363,-0.083129335880000002
106,0,-0.060327193537719287,0.4881155428730693,false,flipguard_tabular_validation_v2,sha256:64cef7c029b65854998e6b4302c8e5a5653f515850925b2d168e0af0231e8d60,sha256:025eb7dea28322d4b60adcfff3b1ff48c3fb44aa57280d39eea813405a6561d5,model_input,identity_model_input_v1,-2.5884258682639998,1.104982885396,-0.402342990831,0.20929704215,0.180328307642,-1.0566774002379999,-1.143812833363,-0.083129335880000002
109,1,-0.0078579728908876149,0.49845197934049512,false,flipguard_tabular_validation_v2,sha256:64cef7c029b65854998e6b4302c8e5a5653f515850925b2d168e0af0231e8d60,sha256:025eb7dea28322d4b60adcfff3b1ff48c3fb44aa57280d39eea813405a6561d5,model_input,identity_model_input_v1,0.023804223005999998,-1.016111775245,-0.087236984928,-1.3681696053129999,-0.67504030634300005,0.18148945326900001,1.347994327014,-0.083129335880000002
110,1,0.010391445617660519,0.50204711478667907,true,flipguard_tabular_validation_v2,sha256:64cef7c029b65854998e6b4302c8e5a5653f515850925b2d168e0af0231e8d60,sha256:025eb7dea28322d4b60adcfff3b1ff48c3fb44aa57280d39eea813405a6561d5,model_input,identity_model_input_v1,0.49875514869100002,-1.016111775245,-0.402342990831,0.91039332991099997,-0.38991743501499998,1.419656306776,1.347994327014,-0.083129335880000002
111,0,-0.060393493517389776,0.48810248177707422,false,flipguard_tabular_validation_v2,sha256:64cef7c029b65854998e6b4302c8e5a5653f515850925b2d168e0af0231e8d60,sha256:025eb7dea28322d4b60adcfff3b1ff48c3fb44aa57280d39eea813405a6561d5,model_input,identity_model_input_v1,-2.5884258682639998,1.812014438944,2.4336110622999998,0.91039332991099997,-0.67504030634300005,-1.0566774002379999,-1.143812833363,-0.083129335880000002
115,1,0.013888393607362215,0.50273601354065034,true,flipguard_tabular_validation_v2,sha256:64cef7c029b65854998e6b4302c8e5a5653f515850925b2d168e0af0231e8d60,sha256:025eb7dea28322d4b60adcfff3b1ff48c3fb44aa57280d39eea813405a6561d5,model_input,identity_model_input_v1,-0.45114670268000001,-0.485838110085,-0.402342990831,0.55984518603,-0.67504030634300005,1.2648854500869999,1.347994327014,-0.083129335880000002
118,0,0.0033002913064254166,0.50065015738736585,true,flipguard_tabular_validation_v2,sha256:64cef7c029b65854998e6b4302c8e5a5653f515850925b2d168e0af0231e8d60,sha256:025eb7dea28322d4b60adcfff3b1ff48c3fb44aa57280d39eea813405a6561d5,model_input,identity_model_input_v1,-0.68862216552199995,1.281740773783,-0.402342990831,-0.141251101731,-0.104794563686,0.64580202333400005,-0.67659899079300001,-0.083129335880000002
124,1,0.045218074417650161,0.5089079606602771,true,flipguard_tabular_validation_v2,sha256:64cef7c029b65854998e6b4302c8e5a5653f515850925b2d168e0af0231e8d60,sha256:025eb7dea28322d4b60adcfff3b1ff48c3fb44aa57280d39eea813405a6561d5,model_input,identity_model_input_v1,-2.825901331107,0.044435555076,-0.402342990831,-1.543443677253,0.75057405029900004,0.64580202333400005,0.72504253691999998,-0.083129335880000002
126,1,0.072351974692687393,0.51425333901445947,true,flipguard_tabular_validation_v2,sha256:64cef7c029b65854998e6b4302c8e5a5653f515850925b2d168e0af0231e8d60,sha256:025eb7dea28322d4b60adcfff3b1ff48c3fb44aa57280d39eea813405a6561d5,model_input,identity_model_input_v1,-0.45114670268000001,-1.016111775245,-0.402342990831,1.085667401851,0.46545117896999999,1.2648854500869999,0.88078048444299994,-0.083129335880000002
130,1,0.024353600982625897,0.50479765939357735,true,flipguard_tabular_validation_v2,sha256:64cef7c029b65854998e6b4302c8e5a5653f515850925b2d168e0af0231e8d60,sha256:025eb7dea28322d4b60adcfff3b1ff48c3fb44aa57280d39eea813405a6561d5,model_input,identity_model_input_v1,-0.92609762836499998,1.281740773783,-0.087236984928,0.91039332991099997,-0.67504030634300005,1.2648854500869999,0.41356664187300002,-0.083129335880000002
131,1,0.063901760506330396,0.51258864681974714,true,flipguard_tabular_validation_v2,sha256:64cef7c029b65854998e6b4302c8e5a5653f515850925b2d168e0af0231e8d60,sha256:025eb7dea28322d4b60adcfff3b1ff48c3fb44aa57280d39eea813405a6561d5,model_input,identity_model_input_v1,0.97370607437599999,-0.13232233331099999,-0.402342990831,0.55984518603,1.035696921627,1.419656306776,-0.98807488584000003,-0.083129335880000002
135,0,0.012271914891812095,0.50241756723368702,true,flipguard_tabular_validation_v2,sha256:64cef7c029b65854998e6b4302c8e5a5653f515850925b2d168e0af0231e8d60,sha256:025eb7dea28322d4b60adcfff3b1ff48c3fb44aa57280d39eea813405a6561d5,model_input,identity_model_input_v1,0.97370607437599999,-1.016111775245,-0.402342990831,0.91039332991099997,-0.67504030634300005,0.49103116664500002,-1.143812833363,-0.083129335880000002
141,0,-0.14300646230017108,0.47182772692686631,false,flipguard_tabular_validation_v2,sha256:64cef7c029b65854998e6b4302c8e5a5653f515850925b2d168e0af0231e8d60,sha256:025eb7dea28322d4b60adcfff3b1ff48c3fb44aa57280d39eea813405a6561d5,model_input,identity_model_input_v1,-0.92609762836499998,1.45849866217,0.22786902097600001,-1.7187177491929999,1.605942664284,-1.0566774002379999,-1.143812833363,-0.083129335880000002
144,0,-0.049344926470675191,0.49027904948527701,false,flipguard_tabular_validation_v2,sha256:64cef7c029b65854998e6b4302c8e5a5653f515850925b2d168e0af0231e8d60,sha256:025eb7dea28322d4b60adcfff3b1ff48c3fb44aa57280d39eea813405a6561d5,model_input,identity_model_input_v1,0.97370607437599999,0.92822499701000005,-0.402342990831,-0.31652517367100003,-0.67504030634300005,-1.0566774002379999,-1.143812833363,-0.083129335880000002
145,0,-0.092787093398151874,0.48172094260056408,false,flipguard_tabular_validation_v2,sha256:64cef7c029b65854998e6b4302c8e5a5653f515850925b2d168e0af0231e8d60,sha256:025eb7dea28322d4b60adcfff3b1ff48c3fb44aa57280d39eea813405a6561d5,model_input,identity_model_input_v1,0.97370607437599999,1.281740773783,2.7487170682039999,0.91039332991099997,-0.104794563686,0.800572880022,1.1922563794909999,-0.083129335880000002
147,0,-0.038675883435748001,0.49238085096315765,false,flipguard_tabular_validation_v2,sha256:64cef7c029b65854998e6b4302c8e5a5653f515850925b2d168e0af0231e8d60,sha256:025eb7dea28322d4b60adcfff3b1ff48c3fb44aa57280d39eea813405a6561d5,model_input,identity_model_input_v1,0.73623061153400005,-0.13232233331099999,-0.402342990831,-1.7187177491929999,-0.104794563686,0.95534373671100004,1.347994327014,-0.083129335880000002
148,0,0.0062155932344736958,0.50122447186719132,true,flipguard_tabular_validation_v2,sha256:64cef7c029b65854998e6b4302c8e5a5653f515850925b2d168e0af0231e8d60,sha256:025eb7dea28322d4b60adcfff3b1ff48c3fb44aa57280d39eea813405a6561d5,model_input,identity_model_input_v1,-2.825901331107,0.92822499701000005,-0.402342990831,-1.7187177491929999,-0.67504030634300005,1.2648854500869999,1.347994327014,-0.083129335880000002
150,0,-0.025983441340783738,0.49488126205586558,false,flipguard_tabular_validation_v2,sha256:64cef7c029b65854998e6b4302c8e5a5653f515850925b2d168e0af0231e8d60,sha256:025eb7dea28322d4b60adcfff3b1ff48c3fb44aa57280d39eea813405a6561d5,model_input,identity_model_input_v1,-1.163573091208,1.812014438944,1.803399050493,0.55984518603,-0.67504030634300005,-1.0566774002379999,0.56930458939600004,-0.083129335880000002
152,1,0.088000621351598418,0.51733612240626492,true,flipguard_tabular_validation_v2,sha256:64cef7c029b65854998e6b4302c8e5a5653f515850925b2d168e0af0231e8d60,sha256:025eb7dea28322d4b60adcfff3b1ff48c3fb44aa57280d39eea813405a6561d5,model_input,identity_model_input_v1,-1.40104855405,-1.016111775245,-0.402342990831,0.38457111409,1.035696921627,1.419656306776,1.347994327014,-0.083129335880000002
153,1,-0.011771161033897207,0.49768108127632227,false,flipguard_tabular_validation_v2,sha256:64cef7c029b65854998e6b4302c8e5a5653f515850925b2d168e0af0231e8d60,sha256:025eb7dea28322d4b60adcfff3b1ff48c3fb44aa57280d39eea813405a6561d5,model_input,identity_model_input_v1,-0.68862216552199995,1.104982885396,0.22786902097600001,0.55984518603,-0.67504030634300005,-1.0566774002379999,0.25782869434900002,-0.083129335880000002
154,0,-0.04407035632404574,0.491318139804163,false,flipguard_tabular_validation_v2,sha256:64cef7c029b65854998e6b4302c8e5a5653f515850925b2d168e0af0231e8d60,sha256:025eb7dea28322d4b60adcfff3b1ff48c3fb44aa57280d39eea813405a6561d5,model_input,identity_model_input_v1,0.023804223005999998,-0.485838110085,-0.402342990831,0.034022970210000003,-0.67504030634300005,-1.0566774002379999,-1.143812833363,-0.083129335880000002
155,0,-0.11422241212306528,0.47749818481175615,false,flipguard_tabular_validation_v2,sha256:64cef7c029b65854998e6b4302c8e5a5653f515850925b2d168e0af0231e8d60,sha256:025eb7dea28322d4b60adcfff3b1ff48c3fb44aa57280d39eea813405a6561d5,model_input,identity_model_input_v1,0.49875514869100002,1.635256550557,3.0638230741079999,-1.0176214614320001,-0.67504030634300005,1.110114593399,1.347994327014,-0.083129335880000002
157,1,0.086116711113312885,0.51696499208932267,true,flipguard_tabular_validation_v2,sha256:64cef7c029b65854998e6b4302c8e5a5653f515850925b2d168e0af0231e8d60,sha256:025eb7dea28322d4b60adcfff3b1ff48c3fb44aa57280d39eea813405a6561d5,model_input,identity_model_input_v1,-2.1134749425789998,-0.485838110085,-0.402342990831,-1.0176214614320001,2.1761884069409998,0.800572880022,0.88078048444299994,-0.083129335880000002
158,0,-0.0030404364297593424,0.49940103402333741,false,flipguard_tabular_validation_v2,sha256:64cef7c029b65854998e6b4302c8e5a5653f515850925b2d168e0af0231e8d60,sha256:025eb7dea28322d4b60adcfff3b1ff48c3fb44aa57280d39eea813405a6561d5,model_input,identity_model_input_v1,0.49875514869100002,-1.016111775245,-0.402342990831,-1.3681696053129999,-0.67504030634300005,0.18148945326900001,1.347994327014,-0.083129335880000002
161,0,-0.020867817720905558,0.49588903990898159,false,flipguard_tabular_validation_v2,sha256:64cef7c029b65854998e6b4302c8e5a5653f515850925b2d168e0af0231e8d60,sha256:025eb7dea28322d4b60adcfff3b1ff48c3fb44aa57280d39eea813405a6561d5,model_input,identity_model_input_v1,0.023804223005999998,1.812014438944,1.803399050493,0.91039332991099997,0.75057405029900004,-0.43759397348500001,-0.52086104326899996,-0.083129335880000002
162,1,0.0032181453547812833,0.5006339746348919,true,flipguard_tabular_validation_v2,sha256:64cef7c029b65854998e6b4302c8e5a5653f515850925b2d168e0af0231e8d60,sha256:025eb7dea28322d4b60adcfff3b1ff48c3fb44aa57280d39eea813405a6561d5,model_input,identity_model_input_v1,0.97370607437599999,-0.83935388685800005,-0.402342990831,-1.543443677253,-0.67504030634300005,0.95534373671100004,1.036518431967,-0.083129335880000002
163,0,0.010368212174847107,0.50204253779844488,true,flipguard_tabular_validation_v2,sha256:64cef7c029b65854998e6b4302c8e5a5653f515850925b2d168e0af0231e8d60,sha256:025eb7dea28322d4b60adcfff3b1ff48c3fb44aa57280d39eea813405a6561d5,model_input,identity_model_input_v1,0.023804223005999998,0.044435555076,-0.402342990831,1.085667401851,-0.67504030634300005,-0.59236483017300001,1.347994327014,-0.083129335880000002
165,0,-0.049584103487633591,0.49023193161293616,false,flipguard_tabular_validation_v2,sha256:64cef7c029b65854998e6b4302c8e5a5653f515850925b2d168e0af0231e8d60,sha256:025eb7dea28322d4b60adcfff3b1ff48c3fb44aa57280d39eea813405a6561d5,model_input,identity_model_input_v1,0.73623061153400005,1.281740773783,0.22786902097600001,1.085667401851,1.035696921627,-1.0566774002379999,0.56930458939600004,-0.083129335880000002
166,1,0.093751400206238455,0.51846902584062893,true,flipguard_tabular_validation_v2,sha256:64cef7c029b65854998e6b4302c8e5a5653f515850925b2d168e0af0231e8d60,sha256:025eb7dea28322d4b60adcfff3b1ff48c3fb44aa57280d39eea813405a6561d5,model_input,identity_model_input_v1,-1.163573091208,-0.83935388685800005,-0.402342990831,-0.141251101731,2.1761884069409998,1.2648854500869999,1.1922563794909999,-0.083129335880000002
168,0,-0.037081688796573781,0.49269490730707499,false,flipguard_tabular_validation_v2,sha256:64cef7c029b65854998e6b4302c8e5a5653f515850925b2d168e0af0231e8d60,sha256:025eb7dea28322d4b60adcfff3b1ff48c3fb44aa57280d39eea813405a6561d5,model_input,identity_model_input_v1,0.97370607437599999,1.812014438944,2.7487170682039999,0.034022970210000003,-0.67504030634300005,-1.0566774002379999,-1.143812833363,-0.083129335880000002
172,0,-0.037684917460404879,0.49257607126030023,false,flipguard_tabular_validation_v2,sha256:64cef7c029b65854998e6b4302c8e5a5653f515850925b2d168e0af0231e8d60,sha256:025eb7dea28322d4b60adcfff3b1ff48c3fb44aa57280d39eea813405a6561d5,model_input,identity_model_input_v1,0.97370607437599999,0.397951331849,-0.402342990831,1.085667401851,-0.67504030634300005,-1.0566774002379999,-1.143812833363,-0.083129335880000002
173,1,0.082698785223654037,0.51629166068905985,true,flipguard_tabular_validation_v2,sha256:64cef7c029b65854998e6b4302c8e5a5653f515850925b2d168e0af0231e8d60,sha256:025eb7dea28322d4b60adcfff3b1ff48c3fb44aa57280d39eea813405a6561d5,model_input,identity_model_input_v1,-2.350950405421,-0.66259599847100004,-0.402342990831,0.034022970210000003,0.46545117896999999,1.419656306776,1.347994327014,-0.083129335880000002
175,0,-0.057150506809649435,0.48874135015849907,false,flipguard_tabular_validation_v2,sha256:64cef7c029b65854998e6b4302c8e5a5653f515850925b2d168e0af0231e8d60,sha256:025eb7dea28322d4b60adcfff3b1ff48c3fb44aa57280d39eea813405a6561d5,model_input,identity_model_input_v1,-0.21367123983700001,1.45849866217,0.22786902097600001,0.91039332991099997,-0.67504030634300005,-1.0566774002379999,-1.143812833363,-0.083129335880000002
176,0,-0.060312956062937288,0.48811834765560136,false,flipguard_tabular_validation_v2,sha256:64cef7c029b65854998e6b4302c8e5a5653f515850925b2d168e0af0231e8d60,sha256:025eb7dea28322d4b60adcfff3b1ff48c3fb44aa57280d39eea813405a6561d5,model_input,identity_model_input_v1,0.97370607437599999,0.92822499701000005,-0.402342990831,-1.543443677253,-0.67504030634300005,-1.0566774002379999,-1.143812833363,-0.083129335880000002
178,0,-0.0021716352857319441,0.49957218784871082,false,flipguard_tabular_validation_v2,sha256:64cef7c029b65854998e6b4302c8e5a5653f515850925b2d168e0af0231e8d60,sha256:025eb7dea28322d4b60adcfff3b1ff48c3fb44aa57280d39eea813405a6561d5,model_input,identity_model_input_v1,0.26127968584799999,-1.016111775245,-0.402342990831,-1.3681696053129999,-0.67504030634300005,0.18148945326900001,1.347994327014,-0.083129335880000002
179,1,0.0077173632819872145,0.50152032056655149,true,flipguard_tabular_validation_v2,sha256:64cef7c029b65854998e6b4302c8e5a5653f515850925b2d168e0af0231e8d60,sha256:025eb7dea28322d4b60adcfff3b1ff48c3fb44aa57280d39eea813405a6561d5,model_input,identity_model_input_v1,0.26127968584799999,-1.016111775245,-0.402342990831,0.91039332991099997,-0.67504030634300005,-1.0566774002379999,-0.053647200697999997,-0.083129335880000002
180,1,0.054867182906073841,0.51080883503249652,true,flipguard_tabular_validation_v2,sha256:64cef7c029b65854998e6b4302c8e5a5653f515850925b2d168e0af0231e8d60,sha256:025eb7dea28322d4b60adcfff3b1ff48c3fb44aa57280d39eea813405a6561d5,model_input,identity_model_input_v1,0.49875514869100002,-1.016111775245,-0.402342990831,1.085667401851,2.1761884069409998,1.110114593399,1.347994327014,-0.083129335880000002
182,1,0.0073319487534498264,0.50144439390442963,true,flipguard_tabular_validation_v2,sha256:64cef7c029b65854998e6b4302c8e5a5653f515850925b2d168e0af0231e8d60,sha256:025eb7dea28322d4b60adcfff3b1ff48c3fb44aa57280d39eea813405a6561d5,model_input,identity_model_input_v1,0.49875514869100002,-1.016111775245,-0.402342990831,0.034022970210000003,-0.67504030634300005,-0.90190654354999999,1.347994327014,-0.083129335880000002
183,1,0.057997673110922729,0.51142554160285181,true,flipguard_tabular_validation_v2,sha256:64cef7c029b65854998e6b4302c8e5a5653f515850925b2d168e0af0231e8d60,sha256:025eb7dea28322d4b60adcfff3b1ff48c3fb44aa57280d39eea813405a6561d5,model_input,identity_model_input_v1,-1.40104855405,-0.485838110085,-0.402342990831,0.20929704215,0.180328307642,1.419656306776,1.036518431967,-0.083129335880000002
184,0,-0.035420966282251297,0.49302206964239648,false,flipguard_tabular_validation_v2,sha256:64cef7c029b65854998e6b4302c8e5a5653f515850925b2d168e0af0231e8d60,sha256:025eb7dea28322d4b60adcfff3b1ff48c3fb44aa57280d39eea813405a6561d5,model_input,identity_model_input_v1,0.26127968584799999,-1.016111775245,-0.402342990831,0.38457111409,-0.67504030634300005,-1.0566774002379999,-1.143812833363,-0.083129335880000002
186,1,0.077104330040402791,0.51518955301795932,true,flipguard_tabular_validation_v2,sha256:64cef7c029b65854998e6b4302c8e5a5653f515850925b2d168e0af0231e8d60,sha256:025eb7dea28322d4b60adcfff3b1ff48c3fb44aa57280d39eea813405a6561d5,model_input,identity_model_input_v1,-2.1134749425789998,0.22119344346299999,-0.402342990831,-0.66707331755199994,1.605942664284,1.110114593399,0.72504253691999998,-0.083129335880000002
187,1,0.17558945626449229,0.53459112288410493,true,flipguard_tabular_validation_v2,sha256:64cef7c029b65854998e6b4302c8e5a5653f515850925b2d168e0af0231e8d60,sha256:025eb7dea28322d4b60adcfff3b1ff48c3fb44aa57280d39eea813405a6561d5,model_input,identity_model_input_v1,-2.5884258682639998,-0.66259599847100004,-0.402342990831,-0.66707331755199994,1.8910655356120001,1.110114593399,-0.20938514822199999,-0.083129335880000002
189,1,-0.018888872276356709,0.49627889216155774,false,flipguard_tabular_validation_v2,sha256:64cef7c029b65854998e6b4302c8e5a5653f515850925b2d168e0af0231e8d60,sha256:025eb7dea28322d4b60adcfff3b1ff48c3fb44aa57280d39eea813405a6561d5,model_input,identity_model_input_v1,0.97370607437599999,0.397951331849,-0.402342990831,-1.7187177491929999,-0.67504030634300005,-0.28282311679599997,1.347994327014,-0.083129335880000002
193,0,-0.045186494316440881,0.49109826061966116,false,flipguard_tabular_validation_v2,sha256:64cef7c029b65854998e6b4302c8e5a5653f515850925b2d168e0af0231e8d60,sha256:025eb7dea28322d4b60adcfff3b1ff48c3fb44aa57280d39eea813405a6561d5,model_input,identity_model_input_v1,0.49875514869100002,-1.016111775245,-0.402342990831,-1.7187177491929999,-0.67504030634300005,-1.0566774002379999,-1.143812833363,-0.083129335880000002
194,0,-0.0094106283424993387,0.49814610621652761,false,flipguard_tabular_validation_v2,sha256:64cef7c029b65854998e6b4302c8e5a5653f515850925b2d168e0af0231e8d60,sha256:025eb7dea28322d4b60adcfff3b1ff48c3fb44aa57280d39eea813405a6561d5,model_input,identity_model_input_v1,0.73623061153400005,0.75146710862300004,-0.402342990831,-0.66707331755199994,-0.67504030634300005,-1.0566774002379999,0.25782869434900002,-0.083129335880000002
197,0,-0.078430938832483449,0.48454910505000076,false,flipguard_tabular_validation_v2,sha256:64cef7c029b65854998e6b4302c8e5a5653f515850925b2d168e0af0231e8d60,sha256:025eb7dea28322d4b60adcfff3b1ff48c3fb44aa57280d39eea813405a6561d5,model_input,identity_model_input_v1,0.97370607437599999,1.812014438944,0.85808103278299996,0.55984518603,1.3208197929550001,-1.0566774002379999,-0.52086104326899996,-0.083129335880000002
198,0,-0.010374292514278485,0.49795626437468715,false,flipguard_tabular_validation_v2,sha256:64cef7c029b65854998e6b4302c8e5a5653f515850925b2d168e0af0231e8d60,sha256:025eb7dea28322d4b60adcfff3b1ff48c3fb44aa57280d39eea813405a6561d5,model_input,identity_model_input_v1,0.73623061153400005,-0.66259599847100004,-0.402342990831,-1.7187177491929999,-0.67504030634300005,-0.128052260108,1.347994327014,-0.083129335880000002
199,1,-0.010478262843659734,0.49793578221979901,false,flipguard_tabular_validation_v2,sha256:64cef7c029b65854998e6b4302c8e5a5653f515850925b2d168e0af0231e8d60,sha256:025eb7dea28322d4b60adcfff3b1ff48c3fb44aa57280d39eea813405a6561d5,model_input,identity_model_input_v1,0.97370607437599999,0.75146710862300004,-0.402342990831,0.20929704215,1.605942664284,1.110114593399,0.41356664187300002,-0.083129335880000002
201,0,-0.14431625963668201,0.47156969685157363,false,flipguard_tabular_validation_v2,sha256:64cef7c029b65854998e6b4302c8e5a5653f515850925b2d168e0af0231e8d60,sha256:025eb7dea28322d4b60adcfff3b1ff48c3fb44aa57280d39eea813405a6561d5,model_input,identity_model_input_v1,0.023804223005999998,1.812014438944,1.48829304459,-1.7187177491929999,1.8910655356120001,-0.43759397348500001,0.25782869434900002,-0.083129335880000002
202,0,-0.041430890238798465,0.49183811462295668,false,flipguard_tabular_validation_v2,sha256:64cef7c029b65854998e6b4302c8e5a5653f515850925b2d168e0af0231e8d60,sha256:025eb7dea28322d4b60adcfff3b1ff48c3fb44aa57280d39eea813405a6561d5,model_input,identity_model_input_v1,0.97370607437599999,1.281740773783,-0.402342990831,-1.7187177491929999,-0.67504030634300005,-1.0566774002379999,-0.52086104326899996,-0.083129335880000002
203,1,0.064328459110224279,0.51267270644471419,true,flipguard_tabular_validation_v2,sha256:64cef7c029b65854998e6b4302c8e5a5653f515850925b2d168e0af0231e8d60,sha256:025eb7dea28322d4b60adcfff3b1ff48c3fb44aa57280d39eea813405a6561d5,model_input,identity_model_input_v1,0.26127968584799999,-0.83935388685800005,-0.402342990831,0.91039332991099997,0.75057405029900004,0.64580202333400005,-1.143812833363,-0.083129335880000002
205,1,-0.023098593857587744,0.49544957701005521,false,flipguard_tabular_validation_v2,sha256:64cef7c029b65854998e6b4302c8e5a5653f515850925b2d168e0af0231e8d60,sha256:025eb7dea28322d4b60adcfff3b1ff48c3fb44aa57280d39eea813405a6561d5,model_input,identity_model_input_v1,0.97370607437599999,0.75146710862300004,-0.402342990831,0.20929704215,-0.67504030634300005,-1.0566774002379999,-0.67659899079300001,-0.083129335880000002
206,0,-0.043430571401255724,0.49144417743395263,false,flipguard_tabular_validation_v2,sha256:64cef7c029b65854998e6b4302c8e5a5653f515850925b2d168e0af0231e8d60,sha256:025eb7dea28322d4b60adcfff3b1ff48c3fb44aa57280d39eea813405a6561d5,model_input,identity_model_input_v1,0.023804223005999998,0.044435555076,-0.402342990831,0.91039332991099997,-0.38991743501499998,-1.0566774002379999,-1.143812833363,-0.083129335880000002
207,1,0.01631016116949062,0.50321310175038969,true,flipguard_tabular_validation_v2,sha256:64cef7c029b65854998e6b4302c8e5a5653f515850925b2d168e0af0231e8d60,sha256:025eb7dea28322d4b60adcfff3b1ff48c3fb44aa57280d39eea813405a6561d5,model_input,identity_model_input_v1,0.73623061153400005,-0.83935388685800005,-0.402342990831,0.20929704215,-0.67504030634300005,-0.128052260108,1.036518431967,-0.083129335880000002
208,0,-0.019113999680683079,0.49623454206290546,false,flipguard_tabular_validation_v2,sha256:64cef7c029b65854998e6b4302c8e5a5653f515850925b2d168e0af0231e8d60,sha256:025eb7dea28322d4b60adcfff3b1ff48c3fb44aa57280d39eea813405a6561d5,model_input,identity_model_input_v1,0.023804223005999998,-0.13232233331099999,-0.402342990831,-1.7187177491929999,-0.67504030634300005,0.18148945326900001,-1.143812833363,-0.083129335880000002
209,1,0.076589655543917876,0.51508816214215181,true,flipguard_tabular_validation_v2,sha256:64cef7c029b65854998e6b4302c8e5a5653f515850925b2d168e0af0231e8d60,sha256:025eb7dea28322d4b60adcfff3b1ff48c3fb44aa57280d39eea813405a6561d5,model_input,identity_model_input_v1,0.73623061153400005,-1.016111775245,-0.402342990831,1.085667401851,1.035696921627,1.110114593399,0.25782869434900002,-0.083129335880000002
211,0,-0.034895150786646623,0.49312565529503061,false,flipguard_tabular_validation_v2,sha256:64cef7c029b65854998e6b4302c8e5a5653f515850925b2d168e0af0231e8d60,sha256:025eb7dea28322d4b60adcfff3b1ff48c3fb44aa57280d39eea813405a6561d5,model_input,identity_model_input_v1,0.023804223005999998,1.812014438944,1.803399050493,-1.7187177491929999,-0.67504030634300005,-0.59236483017300001,-0.52086104326899996,-0.083129335880000002
212,0,-0.032774174839550599,0.49354348755660854,false,flipguard_tabular_validation_v2,sha256:64cef7c029b65854998e6b4302c8e5a5653f515850925b2d168e0af0231e8d60,sha256:025eb7dea28322d4b60adcfff3b1ff48c3fb44aa57280d39eea813405a6561d5,model_input,identity_model_input_v1,0.73623061153400005,-0.66259599847100004,-0.402342990831,0.91039332991099997,-0.67504030634300005,-1.0566774002379999,-1.143812833363,-0.083129335880000002
218,0,0.013555870585371155,0.50267050650531808,true,flipguard_tabular_validation_v2,sha256:64cef7c029b65854998e6b4302c8e5a5653f515850925b2d168e0af0231e8d60,sha256:025eb7dea28322d4b60adcfff3b1ff48c3fb44aa57280d39eea813405a6561d5,model_input,identity_model_input_v1,0.73623061153400005,-0.83935388685800005,-0.402342990831,1.085667401851,-0.67504030634300005,-0.28282311679599997,1.347994327014,-0.083129335880000002
221,1,0.012017472726876787,0.50236744212719475,true,flipguard_tabular_validation_v2,sha256:64cef7c029b65854998e6b4302c8e5a5653f515850925b2d168e0af0231e8d60,sha256:025eb7dea28322d4b60adcfff3b1ff48c3fb44aa57280d39eea813405a6561d5,model_input,identity_model_input_v1,-0.68862216552199995,0.22119344346299999,-0.402342990831,1.085667401851,-0.67504030634300005,-0.74713568686200005,1.1922563794909999,-0.083129335880000002
222,0,-0.066208398965872328,0.48695694540372314,false,flipguard_tabular_validation_v2,sha256:64cef7c029b65854998e6b4302c8e5a5653f515850925b2d168e0af0231e8d60,sha256:025eb7dea28322d4b60adcfff3b1ff48c3fb44aa57280d39eea813405a6561d5,model_input,identity_model_input_v1,-2.825901331107,1.635256550557,1.48829304459,0.20929704215,-0.67504030634300005,-1.0566774002379999,-1.143812833363,-0.083129335880000002
223,0,0.039044963258705628,0.50769185776196502,true,flipguard_tabular_validation_v2,sha256:64cef7c029b65854998e6b4302c8e5a5653f515850925b2d168e0af0231e8d60,sha256:025eb7dea28322d4b60adcfff3b1ff48c3fb44aa57280d39eea813405a6561d5,model_input,identity_model_input_v1,-0.45114670268000001,-0.30908022169799998,-0.402342990831,1.085667401851,0.46545117896999999,1.419656306776,1.347994327014,-0.083129335880000002
224,1,0.050621529545877696,0.50997244132053787,true,flipguard_tabular_validation_v2,sha256:64cef7c029b65854998e6b4302c8e5a5653f515850925b2d168e0af0231e8d60,sha256:025eb7dea28322d4b60adcfff3b1ff48c3fb44aa57280d39eea813405a6561d5,model_input,identity_model_input_v1,0.26127968584799999,-0.30908022169799998,-0.402342990831,1.085667401851,0.46545117896999999,0.800572880022,-1.143812833363,-0.083129335880000002
225,0,-0.064726356761371617,0.48724890771800977,false,flipguard_tabular_validation_v2,sha256:64cef7c029b65854998e6b4302c8e5a5653f515850925b2d168e0af0231e8d60,sha256:025eb7dea28322d4b60adcfff3b1ff48c3fb44aa57280d39eea813405a6561d5,model_input,identity_model_input_v1,0.49875514869100002,1.812014438944,4.324247097722,-1.7187177491929999,-0.67504030634300005,-0.90190654354999999,0.56930458939600004,-0.083129335880000002
226,0,-0.0012093738737549682,0.49976175334687029,false,flipguard_tabular_validation_v2,sha256:64cef7c029b65854998e6b4302c8e5a5653f515850925b2d168e0af0231e8d60,sha256:025eb7dea28322d4b60adcfff3b1ff48c3fb44aa57280d39eea813405a6561d5,model_input,identity_model_input_v1,-0.21367123983700001,-0.13232233331099999,-0.402342990831,-0.84234738949200005,-0.67504030634300005,0.33626030995700001,1.347994327014,-0.083129335880000002
228,0,-0.0559094541469898,0.48898583753304303,false,flipguard_tabular_validation_v2,sha256:64cef7c029b65854998e6b4302c8e5a5653f515850925b2d168e0af0231e8d60,sha256:025eb7dea28322d4b60adcfff3b1ff48c3fb44aa57280d39eea813405a6561d5,model_input,identity_model_input_v1,-0.68862216552199995,0.044435555076,-0.402342990831,0.034022970210000003,-0.67504030634300005,-1.0566774002379999,-1.143812833363,-0.083129335880000002
229,0,-0.047577548159311561,0.49062722301261563,false,flipguard_tabular_validation_v2,sha256:64cef7c029b65854998e6b4302c8e5a5653f515850925b2d168e0af0231e8d60,sha256:025eb7dea28322d4b60adcfff3b1ff48c3fb44aa57280d39eea813405a6561d5,model_input,identity_model_input_v1,0.97370607437599999,-0.30908022169799998,-0.402342990831,-1.7187177491929999,-0.67504030634300005,-1.0566774002379999,-1.143812833363,-0.083129335880000002
232,0,-0.018029500701945898,0.49644818836171667,false,flipguard_tabular_validation_v2,sha256:64cef7c029b65854998e6b4302c8e5a5653f515850925b2d168e0af0231e8d60,sha256:025eb7dea28322d4b60adcfff3b1ff48c3fb44aa57280d39eea813405a6561d5,model_input,identity_model_input_v1,0.73623061153400005,0.92822499701000005,-0.402342990831,-1.7187177491929999,-0.67504030634300005,-0.59236483017300001,-0.053647200697999997,-0.083129335880000002
234,1,0.029042736442323684,0.50572141907913781,true,flipguard_tabular_validation_v2,sha256:64cef7c029b65854998e6b4302c8e5a5653f515850925b2d168e0af0231e8d60,sha256:025eb7dea28322d4b60adcfff3b1ff48c3fb44aa57280d39eea813405a6561d5,model_input,identity_model_input_v1,0.26127968584799999,-0.485838110085,-0.402342990831,1.085667401851,-0.67504030634300005,1.419656306776,0.72504253691999998,-0.083129335880000002
237,1,0.023907788709375974,0.50470983437574701,true,flipguard_tabular_validation_v2,sha256:64cef7c029b65854998e6b4302c8e5a5653f515850925b2d168e0af0231e8d60,sha256:025eb7dea28322d4b60adcfff3b1ff48c3fb44aa57280d39eea813405a6561d5,model_input,identity_model_input_v1,0.73623061153400005,-1.016111775245,-0.402342990831,0.91039332991099997,1.035696921627,-0.128052260108,0.88078048444299994,-0.083129335880000002
239,1,0.026879952819396195,0.50529535070542109,true,flipguard_tabular_validation_v2,sha256:64cef7c029b65854998e6b4302c8e5a5653f515850925b2d168e0af0231e8d60,sha256:025eb7dea28322d4b60adcfff3b1ff48c3fb44aa57280d39eea813405a6561d5,model_input,identity_model_input_v1,-1.40104855405,-1.016111775245,-0.402342990831,-1.0176214614320001,-0.67504030634300005,0.95534373671100004,1.036518431967,-0.083129335880000002
240,1,-0.036992846956369091,0.4927124091495953,false,flipguard_tabular_validation_v2,sha256:64cef7c029b65854998e6b4302c8e5a5653f515850925b2d168e0af0231e8d60,sha256:025eb7dea28322d4b60adcfff3b1ff48c3fb44aa57280d39eea813405a6561d5,model_input,identity_model_input_v1,0.97370607437599999,-1.016111775245,-0.402342990831,-1.3681696053129999,-0.67504030634300005,-1.0566774002379999,-1.143812833363,-0.083129335880000002
241,0,-0.11105770502314435,0.47812163211044056,false,flipguard_tabular_validation_v2,sha256:64cef7c029b65854998e6b4302c8e5a5653f515850925b2d168e0af0231e8d60,sha256:025eb7dea28322d4b60adcfff3b1ff48c3fb44aa57280d39eea813405a6561d5,model_input,identity_model_input_v1,-0.45114670268000001,1.281740773783,3.3789290800109999,-0.66707331755199994,-0.67504030634300005,1.2648854500869999,1.1922563794909999,-0.083129335880000002
243,0,-0.060720434229595603,0.48803807445676967,false,flipguard_tabular_validation_v2,sha256:64cef7c029b65854998e6b4302c8e5a5653f515850925b2d168e0af0231e8d60,sha256:025eb7dea28322d4b60adcfff3b1ff48c3fb44aa57280d39eea813405a6561d5,model_input,identity_model_input_v1,-2.5884258682639998,1.812014438944,4.0091410918179999,1.085667401851,-0.67504030634300005,-1.0566774002379999,-1.143812833363,-0.083129335880000002
244,1,0.11529729340846326,0.5227135668014673,true,flipguard_tabular_validation_v2,sha256:64cef7c029b65854998e6b4302c8e5a5653f515850925b2d168e0af0231e8d60,sha256:025eb7dea28322d4b60adcfff3b1ff48c3fb44aa57280d39eea813405a6561d5,model_input,identity_model_input_v1,-0.45114670268000001,-1.016111775245,-0.402342990831,0.20929704215,1.035696921627,1.419656306776,-0.83233693831599997,-0.083129335880000002
245,0,-0.068727003712729162,0.48646078026859235,false,flipguard_tabular_validation_v2,sha256:64cef7c029b65854998e6b4302c8e5a5653f515850925b2d168e0af0231e8d60,sha256:025eb7dea28322d4b60adcfff3b1ff48c3fb44aa57280d39eea813405a6561d5,model_input,identity_model_input_v1,-0.92609762836499998,1.45849866217,-0.402342990831,1.085667401851,-0.67504030634300005,-1.0566774002379999,-1.143812833363,-0.083129335880000002
248,0,-0.032899748761284257,0.49351874949402702,false,flipguard_tabular_validation_v2,sha256:64cef7c029b65854998e6b4302c8e5a5653f515850925b2d168e0af0231e8d60,sha256:025eb7dea28322d4b60adcfff3b1ff48c3fb44aa57280d39eea813405a6561d5,model_input,identity_model_input_v1,-0.92609762836499998,0.397951331849,0.85808103278299996,0.55984518603,0.180328307642,-1.0566774002379999,-1.143812833363,-0.083129335880000002
249,1,0.03521519681593574,0.50693739377273939,true,flipguard_tabular_validation_v2,sha256:64cef7c029b65854998e6b4302c8e5a5653f515850925b2d168e0af0231e8d60,sha256:025eb7dea28322d4b60adcfff3b1ff48c3fb44aa57280d39eea813405a6561d5,model_input,identity_model_input_v1,-0.68862216552199995,-0.66259599847100004,-0.402342990831,0.73511925797099997,-0.67504030634300005,1.110114593399,-0.67659899079300001,-0.083129335880000002
250,1,0.020642648451370926,0.50406660174492002,true,flipguard_tabular_validation_v2,sha256:64cef7c029b65854998e6b4302c8e5a5653f515850925b2d168e0af0231e8d60,sha256:025eb7dea28322d4b60adcfff3b1ff48c3fb44aa57280d39eea813405a6561d5,model_input,identity_model_input_v1,-2.1134749425789998,0.75146710862300004,-0.402342990831,-1.7187177491929999,-0.67504030634300005,1.419656306776,-0.52086104326899996,-0.083129335880000002
253,1,0.052167842060906383,0.51027706488599855,true,flipguard_tabular_validation_v2,sha256:64cef7c029b65854998e6b4302c8e5a5653f515850925b2d168e0af0231e8d60,sha256:025eb7dea28322d4b60adcfff3b1ff48c3fb44aa57280d39eea813405a6561d5,model_input,identity_model_input_v1,0.26127968584799999,-1.016111775245,-0.402342990831,0.55984518603,0.180328307642,1.419656306776,0.56930458939600004,-0.083129335880000002
254,0,-0.047575395536092448,0.49062764707938977,false,flipguard_tabular_validation_v2,sha256:64cef7c029b65854998e6b4302c8e5a5653f515850925b2d168e0af0231e8d60,sha256:025eb7dea28322d4b60adcfff3b1ff48c3fb44aa57280d39eea813405a6561d5,model_input,identity_model_input_v1,0.97370607437599999,0.75146710862300004,-0.402342990831,-0.31652517367100003,-0.67504030634300005,-1.0566774002379999,-1.143812833363,-0.083129335880000002
258,1,0.024699573447263694,0.50486581596911095,true,flipguard_tabular_validation_v2,sha256:64cef7c029b65854998e6b4302c8e5a5653f515850925b2d168e0af0231e8d60,sha256:025eb7dea28322d4b60adcfff3b1ff48c3fb44aa57280d39eea813405a6561d5,model_input,identity_model_input_v1,0.023804223005999998,0.044435555076,-0.402342990831,-1.3681696053129999,-0.67504030634300005,1.419656306776,0.10209074682499999,-0.083129335880000002
259,0,-0.037716031904779804,0.49256994171475837,false,flipguard_tabular_validation_v2,sha256:64cef7c029b65854998e6b4302c8e5a5653f515850925b2d168e0af0231e8d60,sha256:025eb7dea28322d4b60adcfff3b1ff48c3fb44aa57280d39eea813405a6561d5,model_input,identity_model_input_v1,0.73623061153400005,-0.485838110085,-0.402342990831,-0.141251101731,-0.67504030634300005,-1.0566774002379999,-1.143812833363,-0.083129335880000002
262,1,0.11047898149612735,0.52176435935473708,true,flipguard_tabular_validation_v2,sha256:64cef7c029b65854998e6b4302c8e5a5653f515850925b2d168e0af0231e8d60,sha256:025eb7dea28322d4b60adcfff3b1ff48c3fb44aa57280d39eea813405a6561d5,model_input,identity_model_input_v1,-2.5884258682639998,1.104982885396,-0.402342990831,-0.31652517367100003,2.7464341495969999,1.419656306776,0.88078048444299994,-0.083129335880000002
264,1,0.044555312992547724,0.50877739665953192,true,flipguard_tabular_validation_v2,sha256:64cef7c029b65854998e6b4302c8e5a5653f515850925b2d168e0af0231e8d60,sha256:025eb7dea28322d4b60adcfff3b1ff48c3fb44aa57280d39eea813405a6561d5,model_input,identity_model_input_v1,0.023804223005999998,-1.016111775245,-0.402342990831,0.73511925797099997,-0.104794563686,0.95534373671100004,-1.143812833363,-0.083129335880000002
265,0,-0.012636713072565498,0.49751056752470457,false,flipguard_tabular_validation_v2,sha256:64cef7c029b65854998e6b4302c8e5a5653f515850925b2d168e0af0231e8d60,sha256:025eb7dea28322d4b60adcfff3b1ff48c3fb44aa57280d39eea813405a6561d5,model_input,identity_model_input_v1,0.97370607437599999,-0.66259599847100004,-0.402342990831,-1.7187177491929999,-0.67504030634300005,-0.90190654354999999,1.347994327014,-0.083129335880000002
267,0,-2.2939996676778142e-05,0.49999548082065465,false,flipguard_tabular_validation_v2,sha256:64cef7c029b65854998e6b4302c8e5a5653f515850925b2d168e0af0231e8d60,sha256:025eb7dea28322d4b60adcfff3b1ff48c3fb44aa57280d39eea813405a6561d5,model_input,identity_model_input_v1,0.73623061153400005,1.812014438944,-0.087236984928,1.085667401851,-0.67504030634300005,-1.0566774002379999,0.72504253691999998,-0.083129335880000002
270,0,-0.076139688019046761,0.48500048146024777,false,flipguard_tabular_validation_v2,sha256:64cef7c029b65854998e6b4302c8e5a5653f515850925b2d168e0af0231e8d60,sha256:025eb7dea28322d4b60adcfff3b1ff48c3fb44aa57280d39eea813405a6561d5,model_input,identity_model_input_v1,-2.825901331107,1.45849866217,0.54297502687900001,-0.141251101731,-0.67504030634300005,-1.0566774002379999,-1.143812833363,-0.083129335880000002
272,1,0.11624849149828013,0.52290095282516114,true,flipguard_tabular_validation_v2,sha256:64cef7c029b65854998e6b4302c8e5a5653f515850925b2d168e0af0231e8d60,sha256:025eb7dea28322d4b60adcfff3b1ff48c3fb44aa57280d39eea813405a6561d5,model_input,identity_model_input_v1,0.73623061153400005,-0.66259599847100004,-0.402342990831,0.73511925797099997,1.8910655356120001,1.419656306776,-0.83233693831599997,-0.083129335880000002
273,0,-0.055104665005116009,0.48914438099399216,false,flipguard_tabular_validation_v2,sha256:64cef7c029b65854998e6b4302c8e5a5653f515850925b2d168e0af0231e8d60,sha256:025eb7dea28322d4b60adcfff3b1ff48c3fb44aa57280d39eea813405a6561d5,model_input,identity_model_input_v1,0.97370607437599999,1.812014438944,4.324247097722,1.085667401851,-0.67504030634300005,-1.0566774002379999,0.25782869434900002,-0.083129335880000002
275,0,-0.043799238090620952,0.49137155009614769,false,flipguard_tabular_validation_v2,sha256:64cef7c029b65854998e6b4302c8e5a5653f515850925b2d168e0af0231e8d60,sha256:025eb7dea28322d4b60adcfff3b1ff48c3fb44aa57280d39eea813405a6561d5,model_input,identity_model_input_v1,0.26127968584799999,-0.13232233331099999,-0.402342990831,0.38457111409,-0.67504030634300005,-1.0566774002379999,-1.143812833363,-0.083129335880000002
278,0,-0.081528053106110762,0.48393897353809617,false,flipguard_tabular_validation_v2,sha256:64cef7c029b65854998e6b4302c8e5a5653f515850925b2d168e0af0231e8d60,sha256:025eb7dea28322d4b60adcfff3b1ff48c3fb44aa57280d39eea813405a6561d5,model_input,identity_model_input_v1,-2.825901331107,1.635256550557,-0.402342990831,1.085667401851,-0.67504030634300005,-1.0566774002379999,-1.143812833363,-0.083129335880000002
279,1,0.079958370493093886,0.51575179898713952,true,flipguard_tabular_validation_v2,sha256:64cef7c029b65854998e6b4302c8e5a5653f515850925b2d168e0af0231e8d60,sha256:025eb7dea28322d4b60adcfff3b1ff48c3fb44aa57280d39eea813405a6561d5,model_input,identity_model_input_v1,-0.21367123983700001,-1.016111775245,-0.402342990831,0.38457111409,2.1761884069409998,1.419656306776,1.1922563794909999,-0.083129335880000002
281,0,-0.023921774741507792,0.49528741037592294,false,flipguard_tabular_validation_v2,sha256:64cef7c029b65854998e6b4302c8e5a5653f515850925b2d168e0af0231e8d60,sha256:025eb7dea28322d4b60adcfff3b1ff48c3fb44aa57280d39eea813405a6561d5,model_input,identity_model_input_v1,-2.825901331107,0.22119344346299999,-0.402342990831,0.034022970210000003,-0.38991743501499998,-1.0566774002379999,-0.52086104326899996,-0.083129335880000002
285,0,-0.030418275041828001,0.4940075998167599,false,flipguard_tabular_validation_v2,sha256:64cef7c029b65854998e6b4302c8e5a5653f515850925b2d168e0af0231e8d60,sha256:025eb7dea28322d4b60adcfff3b1ff48c3fb44aa57280d39eea813405a6561d5,model_input,identity_model_input_v1,0.73623061153400005,1.812014438944,1.48829304459,-1.7187177491929999,-0.67504030634300005,-1.0566774002379999,0.10209074682499999,-0.083129335880000002
290,0,-0.032096261950939356,0.49367703639566496,false,flipguard_tabular_validation_v2,sha256:64cef7c029b65854998e6b4302c8e5a5653f515850925b2d168e0af0231e8d60,sha256:025eb7dea28322d4b60adcfff3b1ff48c3fb44aa57280d39eea813405a6561d5,model_input,identity_model_input_v1,0.97370607437599999,1.635256550557,2.1185050563969998,-1.7187177491929999,-0.67504030634300005,-1.0566774002379999,-0.67659899079300001,-0.083129335880000002
291,0,-0.046177300335225831,0.49090307183396054,false,flipguard_tabular_validation_v2,sha256:64cef7c029b65854998e6b4302c8e5a5653f515850925b2d168e0af0231e8d60,sha256:025eb7dea28322d4b60adcfff3b1ff48c3fb44aa57280d39eea813405a6561d5,model_input,identity_model_input_v1,0.26127968584799999,-1.016111775245,-0.402342990831,-1.543443677253,-0.67504030634300005,-1.0566774002379999,-1.143812833363,-0.083129335880000002
295,0,-0.013131600950804071,0.49741307461269157,false,flipguard_tabular_validation_v2,sha256:64cef7c029b65854998e6b4302c8e5a5653f515850925b2d168e0af0231e8d60,sha256:025eb7dea28322d4b60adcfff3b1ff48c3fb44aa57280d39eea813405a6561d5,model_input,identity_model_input_v1,0.023804223005999998,-1.016111775245,-0.402342990831,1.085667401851,-0.67504030634300005,-1.0566774002379999,-0.67659899079300001,-0.083129335880000002
296,1,0.02411947261774882,0.50475153610569656,true,flipguard_tabular_validation_v2,sha256:64cef7c029b65854998e6b4302c8e5a5653f515850925b2d168e0af0231e8d60,sha256:025eb7dea28322d4b60adcfff3b1ff48c3fb44aa57280d39eea813405a6561d5,model_input,identity_model_input_v1,0.49875514869100002,-1.016111775245,-0.402342990831,0.55984518603,-0.67504030634300005,0.49103116664500002,0.88078048444299994,-0.083129335880000002
298,1,0.028683826266024715,0.50565071377440685,true,flipguard_tabular_validation_v2,sha256:64cef7c029b65854998e6b4302c8e5a5653f515850925b2d168e0af0231e8d60,sha256:025eb7dea28322d4b60adcfff3b1ff48c3fb44aa57280d39eea813405a6561d5,model_input,identity_model_input_v1,-0.45114670268000001,-1.016111775245,-0.402342990831,-1.0176214614320001,-0.67504030634300005,0.64580202333400005,-0.053647200697999997,-0.083129335880000002
299,0,-0.060287435462157979,0.48812337521395488,false,flipguard_tabular_validation_v2,sha256:64cef7c029b65854998e6b4302c8e5a5653f515850925b2d168e0af0231e8d60,sha256:025eb7dea28322d4b60adcfff3b1ff48c3fb44aa57280d39eea813405a6561d5,model_input,identity_model_input_v1,-2.825901331107,1.812014438944,1.48829304459,0.20929704215,-0.38991743501499998,-1.0566774002379999,-1.143812833363,-0.083129335880000002
301,1,0.035689374521101061,0.50703080678065693,true,flipguard_tabular_validation_v2,sha256:64cef7c029b65854998e6b4302c8e5a5653f515850925b2d168e0af0231e8d60,sha256:025eb7dea28322d4b60adcfff3b1ff48c3fb44aa57280d39eea813405a6561d5,model_input,identity_model_input_v1,0.49875514869100002,-0.30908022169799998,-0.402342990831,0.91039332991099997,-0.67504030634300005,1.110114593399,-0.053647200697999997,-0.083129335880000002
306,1,0.033485298445179397,0.50659660379370031,true,flipguard_tabular_validation_v2,sha256:64cef7c029b65854998e6b4302c8e5a5653f515850925b2d168e0af0231e8d60,sha256:025eb7dea28322d4b60adcfff3b1ff48c3fb44aa57280d39eea813405a6561d5,model_input,identity_model_input_v1,0.26127968584799999,0.397951331849,-0.402342990831,1.085667401851,0.180328307642,0.95534373671100004,-1.143812833363,-0.083129335880000002
308,0,-0.046500641080834904,0.49083937370707553,false,flipguard_tabular_validation_v2,sha256:64cef7c029b65854998e6b4302c8e5a5653f515850925b2d168e0af0231e8d60,sha256:025eb7dea28322d4b60adcfff3b1ff48c3fb44aa57280d39eea813405a6561d5,model_input,identity_model_input_v1,0.023804223005999998,-0.83935388685800005,-0.402342990831,-0.84234738949200005,-0.38991743501499998,-1.0566774002379999,-1.143812833363,-0.083129335880000002
309,1,0.060605755884061301,0.51193933390916002,true,flipguard_tabular_validation_v2,sha256:64cef7c029b65854998e6b4302c8e5a5653f515850925b2d168e0af0231e8d60,sha256:025eb7dea28322d4b60adcfff3b1ff48c3fb44aa57280d39eea813405a6561d5,model_input,identity_model_input_v1,0.023804223005999998,-1.016111775245,-0.402342990831,0.73511925797099997,-0.104794563686,1.2648854500869999,-0.67659899079300001,-0.083129335880000002
310,1,0.029068842778356408,0.50572656202733623,true,flipguard_tabular_validation_v2,sha256:64cef7c029b65854998e6b4302c8e5a5653f515850925b2d168e0af0231e8d60,sha256:025eb7dea28322d4b60adcfff3b1ff48c3fb44aa57280d39eea813405a6561d5,model_input,identity_model_input_v1,0.97370607437599999,0.044435555076,-0.402342990831,0.55984518603,-0.67504030634300005,0.800572880022,0.25782869434900002,-0.083129335880000002
311,0,-0.0017753545890410393,0.4996502551459589,false,flipguard_tabular_validation_v2,sha256:64cef7c029b65854998e6b4302c8e5a5653f515850925b2d168e0af0231e8d60,sha256:025eb7dea28322d4b60adcfff3b1ff48c3fb44aa57280d39eea813405a6561d5,model_input,identity_model_input_v1,0.73623061153400005,-0.66259599847100004,-0.402342990831,-1.0176214614320001,-0.67504030634300005,-0.90190654354999999,1.1922563794909999,-0.083129335880000002
312,1,0.097931410730533075,0.51929248791391502,true,flipguard_tabular_validation_v2,sha256:64cef7c029b65854998e6b4302c8e5a5653f515850925b2d168e0af0231e8d60,sha256:025eb7dea28322d4b60adcfff3b1ff48c3fb44aa57280d39eea813405a6561d5,model_input,identity_model_input_v1,-0.21367123983700001,-1.016111775245,-0.402342990831,1.085667401851,1.3208197929550001,1.419656306776,0.88078048444299994,-0.083129335880000002
313,0,-0.042963302413413784,0.49153622942455749,false,flipguard_tabular_validation_v2,sha256:64cef7c029b65854998e6b4302c8e5a5653f515850925b2d168e0af0231e8d60,sha256:025eb7dea28322d4b60adcfff3b1ff48c3fb44aa57280d39eea813405a6561d5,model_input,identity_model_input_v1,0.023804223005999998,-0.30908022169799998,-0.402342990831,0.73511925797099997,-0.67504030634300005,-1.0566774002379999,-1.143812833363,-0.083129335880000002
314,1,0.0016734396735179967,0.50032966761568309,true,flipguard_tabular_validation_v2,sha256:64cef7c029b65854998e6b4302c8e5a5653f515850925b2d168e0af0231e8d60,sha256:025eb7dea28322d4b60adcfff3b1ff48c3fb44aa57280d39eea813405a6561d5,model_input,identity_model_input_v1,0.97370607437599999,0.22119344346299999,-0.402342990831,-0.141251101731,-0.67504030634300005,-0.90190654354999999,1.1922563794909999,-0.083129335880000002
316,0,-0.01234737894600646,0.49756756634763671,false,flipguard_tabular_validation_v2,sha256:64cef7c029b65854998e6b4302c8e5a5653f515850925b2d168e0af0231e8d60,sha256:025eb7dea28322d4b60adcfff3b1ff48c3fb44aa57280d39eea813405a6561d5,model_input,identity_model_input_v1,-0.92609762836499998,1.281740773783,4.324247097722,0.55984518603,0.75057405029900004,-1.0566774002379999,-0.83233693831599997,-0.083129335880000002
324,1,0.085816849880998913,0.51690591942655684,true,flipguard_tabular_validation_v2,sha256:64cef7c029b65854998e6b4302c8e5a5653f515850925b2d168e0af0231e8d60,sha256:025eb7dea28322d4b60adcfff3b1ff48c3fb44aa57280d39eea813405a6561d5,model_input,identity_model_input_v1,0.023804223005999998,-1.016111775245,-0.402342990831,0.73511925797099997,0.46545117896999999,1.419656306776,-0.20938514822199999,-0.083129335880000002
325,1,0.11837304017512032,0.52331948891449875,true,flipguard_tabular_validation_v2,sha256:64cef7c029b65854998e6b4302c8e5a5653f515850925b2d168e0af0231e8d60,sha256:025eb7dea28322d4b60adcfff3b1ff48c3fb44aa57280d39eea813405a6561d5,model_input,identity_model_input_v1,-0.21367123983700001,-1.016111775245,-0.402342990831,0.91039332991099997,1.605942664284,1.419656306776,0.56930458939600004,-0.083129335880000002
326,0,-0.022624890704911225,0.49554289653113248,false,flipguard_tabular_validation_v2,sha256:64cef7c029b65854998e6b4302c8e5a5653f515850925b2d168e0af0231e8d60,sha256:025eb7dea28322d4b60adcfff3b1ff48c3fb44aa57280d39eea813405a6561d5,model_input,identity_model_input_v1,0.73623061153400005,1.45849866217,-0.087236984928,-1.7187177491929999,-0.67504030634300005,0.02671859658,1.036518431967,-0.083129335880000002
332,0,-0.038136482726046909,0.49248711290296876,false,flipguard_tabular_validation_v2,sha256:64cef7c029b65854998e6b4302c8e5a5653f515850925b2d168e0af0231e8d60,sha256:025eb7dea28322d4b60adcfff3b1ff48c3fb44aa57280d39eea813405a6561d5,model_input,identity_model_input_v1,0.26127968584799999,-0.66259599847100004,-0.402342990831,0.55984518603,-0.67504030634300005,-1.0566774002379999,-1.143812833363,-0.083129335880000002
333,1,0.070715745561319515,0.51393100187557994,true,flipguard_tabular_validation_v2,sha256:64cef7c029b65854998e6b4302c8e5a5653f515850925b2d168e0af0231e8d60,sha256:025eb7dea28322d4b60adcfff3b1ff48c3fb44aa57280d39eea813405a6561d5,model_input,identity_model_input_v1,0.023804223005999998,-1.016111775245,-0.402342990831,1.085667401851,0.180328307642,1.110114593399,-0.83233693831599997,-0.083129335880000002
339,0,-0.064088454717679322,0.48737457442061716,false,flipguard_tabular_validation_v2,sha256:64cef7c029b65854998e6b4302c8e5a5653f515850925b2d168e0af0231e8d60,sha256:025eb7dea28322d4b60adcfff3b1ff48c3fb44aa57280d39eea813405a6561d5,model_input,identity_model_input_v1,0.73623061153400005,0.92822499701000005,-0.402342990831,-1.543443677253,-0.67504030634300005,-1.0566774002379999,-1.143812833363,-0.083129335880000002
344,0,-0.061155350061914089,0.48795239603780294,false,flipguard_tabular_validation_v2,sha256:64cef7c029b65854998e6b4302c8e5a5653f515850925b2d168e0af0231e8d60,sha256:025eb7dea28322d4b60adcfff3b1ff48c3fb44aa57280d39eea813405a6561d5,model_input,identity_model_input_v1,-2.1134749425789998,1.812014438944,4.639353103625,-1.1928955333719999,-0.67504030634300005,0.33626030995700001,0.10209074682499999,-0.083129335880000002
346,0,-0.083781916943756224,0.48349496236208001,false,flipguard_tabular_validation_v2,sha256:64cef7c029b65854998e6b4302c8e5a5653f515850925b2d168e0af0231e8d60,sha256:025eb7dea28322d4b60adcfff3b1ff48c3fb44aa57280d39eea813405a6561d5,model_input,identity_model_input_v1,0.49875514869100002,1.45849866217,-0.402342990831,-1.543443677253,0.46545117896999999,-0.43759397348500001,0.25782869434900002,-0.083129335880000002
348,0,-0.044072763930137697,0.49131766550576289,false,flipguard_tabular_validation_v2,sha256:64cef7c029b65854998e6b4302c8e5a5653f515850925b2d168e0af0231e8d60,sha256:025eb7dea28322d4b60adcfff3b1ff48c3fb44aa57280d39eea813405a6561d5,model_input,identity_model_input_v1,0.49875514869100002,-0.66259599847100004,-0.402342990831,-1.7187177491929999,-0.67504030634300005,-0.90190654354999999,-1.143812833363,-0.083129335880000002
349,1,0.025322923627061768,0.50498861595453115,true,flipguard_tabular_validation_v2,sha256:64cef7c029b65854998e6b4302c8e5a5653f515850925b2d168e0af0231e8d60,sha256:025eb7dea28322d4b60adcfff3b1ff48c3fb44aa57280d39eea813405a6561d5,model_input,identity_model_input_v1,-0.21367123983700001,-0.13232233331099999,-0.402342990831,0.73511925797099997,-0.67504030634300005,0.18148945326900001,0.41356664187300002,-0.083129335880000002
352,1,0.037067860504702524,0.50730236851942645,true,flipguard_tabular_validation_v2,sha256:64cef7c029b65854998e6b4302c8e5a5653f515850925b2d168e0af0231e8d60,sha256:025eb7dea28322d4b60adcfff3b1ff48c3fb44aa57280d39eea813405a6561d5,model_input,identity_model_input_v1,0.49875514869100002,-0.83935388685800005,-0.402342990831,-0.141251101731,-0.67504030634300005,1.419656306776,0.10209074682499999,-0.083129335880000002
353,0,-0.038357191884076547,0.49244363319883694,false,flipguard_tabular_validation_v2,sha256:64cef7c029b65854998e6b4302c8e5a5653f515850925b2d168e0af0231e8d60,sha256:025eb7dea28322d4b60adcfff3b1ff48c3fb44aa57280d39eea813405a6561d5,model_input,identity_model_input_v1,-0.45114670268000001,1.104982885396,1.1731870386859999,1.085667401851,-0.67504030634300005,-1.0566774002379999,-0.83233693831599997,-0.083129335880000002
356,1,0.010369802845195425,0.50204285116050351,true,flipguard_tabular_validation_v2,sha256:64cef7c029b65854998e6b4302c8e5a5653f515850925b2d168e0af0231e8d60,sha256:025eb7dea28322d4b60adcfff3b1ff48c3fb44aa57280d39eea813405a6561d5,model_input,identity_model_input_v1,0.26127968584799999,-1.016111775245,-0.402342990831,0.38457111409,-0.38991743501499998,1.2648854500869999,1.347994327014,-0.083129335880000002
358,1,0.036567075392490142,0.50720371385232055,true,flipguard_tabular_validation_v2,sha256:64cef7c029b65854998e6b4302c8e5a5653f515850925b2d168e0af0231e8d60,sha256:025eb7dea28322d4b60adcfff3b1ff48c3fb44aa57280d39eea813405a6561d5,model_input,identity_model_input_v1,0.49875514869100002,-1.016111775245,-0.402342990831,1.085667401851,0.180328307642,1.419656306776,1.036518431967,-0.083129335880000002
359,1,0.037380481495075391,0.5073639548545299,true,flipguard_tabular_validation_v2,sha256:64cef7c029b65854998e6b4302c8e5a5653f515850925b2d168e0af0231e8d60,sha256:025eb7dea28322d4b60adcfff3b1ff48c3fb44aa57280d39eea813405a6561d5,model_input,identity_model_input_v1,-0.68862216552199995,-1.016111775245,-0.402342990831,0.034022970210000003,-0.67504030634300005,0.800572880022,0.41356664187300002,-0.083129335880000002
362,1,0.010535024660610147,0.5020753998581402,true,flipguard_tabular_validation_v2,sha256:64cef7c029b65854998e6b4302c8e5a5653f515850925b2d168e0af0231e8d60,sha256:025eb7dea28322d4b60adcfff3b1ff48c3fb44aa57280d39eea813405a6561d5,model_input,identity_model_input_v1,0.73623061153400005,-0.30908022169799998,-0.402342990831,0.91039332991099997,-0.67504030634300005,-0.128052260108,1.347994327014,-0.083129335880000002
363,1,0.0073266621108306462,0.5014433524358336,true,flipguard_tabular_validation_v2,sha256:64cef7c029b65854998e6b4302c8e5a5653f515850925b2d168e0af0231e8d60,sha256:025eb7dea28322d4b60adcfff3b1ff48c3fb44aa57280d39eea813405a6561d5,model_input,identity_model_input_v1,0.73623061153400005,-1.016111775245,-0.402342990831,0.034022970210000003,-0.67504030634300005,-0.90190654354999999,1.347994327014,-0.083129335880000002
364,0,-0.040890450584364468,0.49194458123488022,false,flipguard_tabular_validation_v2,sha256:64cef7c029b65854998e6b4302c8e5a5653f515850925b2d168e0af0231e8d60,sha256:025eb7dea28322d4b60adcfff3b1ff48c3fb44aa57280d39eea813405a6561d5,model_input,identity_model_input_v1,-0.21367123983700001,-0.30908022169799998,-0.402342990831,0.20929704215,0.180328307642,-1.0566774002379999,-1.143812833363,-0.083129335880000002
365,1,0.04360375157028918,0.50858993905934702,true,flipguard_tabular_validation_v2,sha256:64cef7c029b65854998e6b4302c8e5a5653f515850925b2d168e0af0231e8d60,sha256:025eb7dea28322d4b60adcfff3b1ff48c3fb44aa57280d39eea813405a6561d5,model_input,identity_model_input_v1,-0.68862216552199995,0.044435555076,-0.402342990831,0.91039332991099997,1.035696921627,0.49103116664500002,1.036518431967,-0.083129335880000002
368,1,-0.0025423924553043889,0.49949914868630502,false,flipguard_tabular_validation_v2,sha256:64cef7c029b65854998e6b4302c8e5a5653f515850925b2d168e0af0231e8d60,sha256:025eb7dea28322d4b60adcfff3b1ff48c3fb44aa57280d39eea813405a6561d5,model_input,identity_model_input_v1,0.023804223005999998,-1.016111775245,-0.402342990831,0.73511925797099997,-0.67504030634300005,-1.0566774002379999,-0.36512309574500001,-0.083129335880000002
369,0,-0.039291847598613275,0.49225950602307317,false,flipguard_tabular_validation_v2,sha256:64cef7c029b65854998e6b4302c8e5a5653f515850925b2d168e0af0231e8d60,sha256:025eb7dea28322d4b60adcfff3b1ff48c3fb44aa57280d39eea813405a6561d5,model_input,identity_model_input_v1,0.023804223005999998,1.812014438944,3.3789290800109999,-0.66707331755199994,-0.67504030634300005,-1.0566774002379999,0.10209074682499999,-0.083129335880000002
370,0,-0.042521591597312745,0.4916232464553294,false,flipguard_tabular_validation_v2,sha256:64cef7c029b65854998e6b4302c8e5a5653f515850925b2d168e0af0231e8d60,sha256:025eb7dea28322d4b60adcfff3b1ff48c3fb44aa57280d39eea813405a6561d5,model_input,identity_model_input_v1,0.73623061153400005,-1.016111775245,-0.402342990831,-1.7187177491929999,-0.67504030634300005,-1.0566774002379999,-1.143812833363,-0.083129335880000002
371,0,-0.02977749625068692,0.49413383323861465,false,flipguard_tabular_validation_v2,sha256:64cef7c029b65854998e6b4302c8e5a5653f515850925b2d168e0af0231e8d60,sha256:025eb7dea28322d4b60adcfff3b1ff48c3fb44aa57280d39eea813405a6561d5,model_input,identity_model_input_v1,0.97370607437599999,0.397951331849,-0.402342990831,1.085667401851,-0.67504030634300005,-1.0566774002379999,-0.98807488584000003,-0.083129335880000002
373,0,0.0082735942164328634,0.50162989806063729,true,flipguard_tabular_validation_v2,sha256:64cef7c029b65854998e6b4302c8e5a5653f515850925b2d168e0af0231e8d60,sha256:025eb7dea28322d4b60adcfff3b1ff48c3fb44aa57280d39eea813405a6561d5,model_input,identity_model_input_v1,0.023804223005999998,0.044435555076,-0.402342990831,1.085667401851,-0.67504030634300005,-1.0566774002379999,0.41356664187300002,-0.083129335880000002
375,1,0.029686438450128826,0.50584822837467536,true,flipguard_tabular_validation_v2,sha256:64cef7c029b65854998e6b4302c8e5a5653f515850925b2d168e0af0231e8d60,sha256:025eb7dea28322d4b60adcfff3b1ff48c3fb44aa57280d39eea813405a6561d5,model_input,identity_model_input_v1,-0.68862216552199995,0.57470922023600002,-0.402342990831,-0.49179924561100002,-0.67504030634300005,1.419656306776,0.10209074682499999,-0.083129335880000002
379,1,-0.015991820215210922,0.49684961141760342,false,flipguard_tabular_validation_v2,sha256:64cef7c029b65854998e6b4302c8e5a5653f515850925b2d168e0af0231e8d60,sha256:025eb7dea28322d4b60adcfff3b1ff48c3fb44aa57280d39eea813405a6561d5,model_input,identity_model_input_v1,0.26127968584799999,0.397951331849,-0.402342990831,0.55984518603,1.605942664284,-0.43759397348500001,-1.143812833363,-0.083129335880000002
385,1,0.075338298202553861,0.5148416447459031,true,flipguard_tabular_validation_v2,sha256:64cef7c029b65854998e6b4302c8e5a5653f515850925b2d168e0af0231e8d60,sha256:025eb7dea28322d4b60adcfff3b1ff48c3fb44aa57280d39eea813405a6561d5,model_input,identity_model_input_v1,-1.163573091208,0.57470922023600002,-0.087236984928,0.91039332991099997,0.75057405029900004,1.110114593399,-1.143812833363,-0.083129335880000002
386,1,0.043367977738331787,0.50854349161445134,true,flipguard_tabular_validation_v2,sha256:64cef7c029b65854998e6b4302c8e5a5653f515850925b2d168e0af0231e8d60,sha256:025eb7dea28322d4b60adcfff3b1ff48c3fb44aa57280d39eea813405a6561d5,model_input,identity_model_input_v1,0.023804223005999998,-1.016111775245,-0.402342990831,-0.31652517367100003,0.180328307642,0.95534373671100004,-1.143812833363,-0.083129335880000002
387,0,-0.013794511148894878,0.4972824813036677,false,flipguard_tabular_validation_v2,sha256:64cef7c029b65854998e6b4302c8e5a5653f515850925b2d168e0af0231e8d60,sha256:025eb7dea28322d4b60adcfff3b1ff48c3fb44aa57280d39eea813405a6561d5,model_input,identity_model_input_v1,0.26127968584799999,1.281740773783,-0.402342990831,-0.84234738949200005,-0.67504030634300005,1.110114593399,1.347994327014,-0.083129335880000002
392,1,0.0025267716336611033,0.50049777401183126,true,flipguard_tabular_validation_v2,sha256:64cef7c029b65854998e6b4302c8e5a5653f515850925b2d168e0af0231e8d60,sha256:025eb7dea28322d4b60adcfff3b1ff48c3fb44aa57280d39eea813405a6561d5,model_input,identity_model_input_v1,0.49875514869100002,-1.016111775245,-0.402342990831,-0.31652517367100003,-0.38991743501499998,-1.0566774002379999,0.25782869434900002,-0.083129335880000002
394,1,0.034665646724674551,0.50682913240476091,true,flipguard_tabular_validation_v2,sha256:64cef7c029b65854998e6b4302c8e5a5653f515850925b2d168e0af0231e8d60,sha256:025eb7dea28322d4b60adcfff3b1ff48c3fb44aa57280d39eea813405a6561d5,model_input,identity_model_input_v1,0.49875514869100002,-0.13232233331099999,-0.402342990831,0.91039332991099997,-0.67504030634300005,1.419656306776,-0.67659899079300001,-0.083129335880000002
397,0,0.00033434739005352851,0.5000658664358405,true,flipguard_tabular_validation_v2,sha256:64cef7c029b65854998e6b4302c8e5a5653f515850925b2d168e0af0231e8d60,sha256:025eb7dea28322d4b60adcfff3b1ff48c3fb44aa57280d39eea813405a6561d5,model_input,identity_model_input_v1,0.97370607437599999,0.22119344346299999,-0.402342990831,-0.141251101731,-0.67504030634300005,-0.90190654354999999,-0.053647200697999997,-0.083129335880000002
398,1,0.039865824838541689,0.50785356749319266,true,flipguard_tabular_validation_v2,sha256:64cef7c029b65854998e6b4302c8e5a5653f515850925b2d168e0af0231e8d60,sha256:025eb7dea28322d4b60adcfff3b1ff48c3fb44aa57280d39eea813405a6561d5,model_input,identity_model_input_v1,-0.92609762836499998,0.57470922023600002,-0.087236984928,0.91039332991099997,-0.38991743501499998,1.419656306776,0.25782869434900002,-0.083129335880000002
399,0,-0.043101463038861691,0.49150901178134426,false,flipguard_tabular_validation_v2,sha256:64cef7c029b65854998e6b4302c8e5a5653f515850925b2d168e0af0231e8d60,sha256:025eb7dea28322d4b60adcfff3b1ff48c3fb44aa57280d39eea813405a6561d5,model_input,identity_model_input_v1,0.73623061153400005,-0.83935388685800005,-0.402342990831,-1.543443677253,-0.67504030634300005,-1.0566774002379999,-1.143812833363,-0.083129335880000002
400,0,-0.042226906601941963,0.49168129939941746,false,flipguard_tabular_validation_v2,sha256:64cef7c029b65854998e6b4302c8e5a5653f515850925b2d168e0af0231e8d60,sha256:025eb7dea28322d4b60adcfff3b1ff48c3fb44aa57280d39eea813405a6561d5,model_input,identity_model_input_v1,-2.5884258682639998,1.281740773783,4.0091410918179999,0.55984518603,-0.38991743501499998,-1.0566774002379999,-1.143812833363,-0.083129335880000002
401,1,0.11312269261729806,0.52228517044560774,true,flipguard_tabular_validation_v2,sha256:64cef7c029b65854998e6b4302c8e5a5653f515850925b2d168e0af0231e8d60,sha256:025eb7dea28322d4b60adcfff3b1ff48c3fb44aa57280d39eea813405a6561d5,model_input,identity_model_input_v1,-2.350950405421,0.397951331849,-0.402342990831,-0.141251101731,1.3208197929550001,1.2648854500869999,0.25782869434900002,-0.083129335880000002
402,1,-0.008568398617009804,0.49831202547244907,false,flipguard_tabular_validation_v2,sha256:64cef7c029b65854998e6b4302c8e5a5653f515850925b2d168e0af0231e8d60,sha256:025eb7dea28322d4b60adcfff3b1ff48c3fb44aa57280d39eea813405a6561d5,model_input,identity_model_input_v1,0.26127968584799999,-1.016111775245,-0.402342990831,-1.543443677253,-0.67504030634300005,-0.90190654354999999,1.347994327014,-0.083129335880000002
403,0,-0.032148909516263854,0.49366666482529603,false,flipguard_tabular_validation_v2,sha256:64cef7c029b65854998e6b4302c8e5a5653f515850925b2d168e0af0231e8d60,sha256:025eb7dea28322d4b60adcfff3b1ff48c3fb44aa57280d39eea813405a6561d5,model_input,identity_model_input_v1,0.023804223005999998,1.812014438944,1.803399050493,0.034022970210000003,-0.67504030634300005,-1.0566774002379999,-0.52086104326899996,-0.083129335880000002
404,1,0.10941944139433531,0.52155562995468407,true,flipguard_tabular_validation_v2,sha256:64cef7c029b65854998e6b4302c8e5a5653f515850925b2d168e0af0231e8d60,sha256:025eb7dea28322d4b60adcfff3b1ff48c3fb44aa57280d39eea813405a6561d5,model_input,identity_model_input_v1,-0.68862216552199995,-0.83935388685800005,-0.402342990831,1.085667401851,0.75057405029900004,1.2648854500869999,0.10209074682499999,-0.083129335880000002
405,1,0.038844284306024997,0.50765232400828697,true,flipguard_tabular_validation_v2,sha256:64cef7c029b65854998e6b4302c8e5a5653f515850925b2d168e0af0231e8d60,sha256:025eb7dea28322d4b60adcfff3b1ff48c3fb44aa57280d39eea813405a6561d5,model_input,identity_model_input_v1,0.49875514869100002,-1.016111775245,-0.402342990831,0.034022970210000003,-0.67504030634300005,1.2648854500869999,-0.36512309574500001,-0.083129335880000002
406,1,0.020446949423181173,0.50402804903636667,true,flipguard_tabular_validation_v2,sha256:64cef7c029b65854998e6b4302c8e5a5653f515850925b2d168e0af0231e8d60,sha256:025eb7dea28322d4b60adcfff3b1ff48c3fb44aa57280d39eea813405a6561d5,model_input,identity_model_input_v1,-1.40104855405,0.75146710862300004,-0.402342990831,-1.0176214614320001,-0.67504030634300005,1.2648854500869999,-0.52086104326899996,-0.083129335880000002
408,1,0.059980464379932652,0.51181615148284676,true,flipguard_tabular_validation_v2,sha256:64cef7c029b65854998e6b4302c8e5a5653f515850925b2d168e0af0231e8d60,sha256:025eb7dea28322d4b60adcfff3b1ff48c3fb44aa57280d39eea813405a6561d5,model_input,identity_model_input_v1,-1.40104855405,-1.016111775245,-0.402342990831,0.38457111409,-0.38991743501499998,0.95534373671100004,0.10209074682499999,-0.083129335880000002
409,0,-0.03935915856036426,0.49224624576360826,false,flipguard_tabular_validation_v2,sha256:64cef7c029b65854998e6b4302c8e5a5653f515850925b2d168e0af0231e8d60,sha256:025eb7dea28322d4b60adcfff3b1ff48c3fb44aa57280d39eea813405a6561d5,model_input,identity_model_input_v1,0.023804223005999998,-1.016111775245,-0.402342990831,-0.49179924561100002,-0.104794563686,-1.0566774002379999,-1.143812833363,-0.083129335880000002
413,0,-0.002659801931884349,0.49947601901941879,false,flipguard_tabular_validation_v2,sha256:64cef7c029b65854998e6b4302c8e5a5653f515850925b2d168e0af0231e8d60,sha256:025eb7dea28322d4b60adcfff3b1ff48c3fb44aa57280d39eea813405a6561d5,model_input,identity_model_input_v1,0.97370607437599999,-1.016111775245,-0.402342990831,-1.543443677253,-0.67504030634300005,-1.0566774002379999,1.036518431967,-0.083129335880000002
414,0,-0.028896616322895398,0.49430736658438962,false,flipguard_tabular_validation_v2,sha256:64cef7c029b65854998e6b4302c8e5a5653f515850925b2d168e0af0231e8d60,sha256:025eb7dea28322d4b60adcfff3b1ff48c3fb44aa57280d39eea813405a6561d5,model_input,identity_model_input_v1,0.023804223005999998,1.812014438944,3.0638230741079999,0.91039332991099997,1.3208197929550001,-1.0566774002379999,-1.143812833363,-0.083129335880000002
416,1,-0.023643398880616156,0.4953422504205186,false,flipguard_tabular_validation_v2,sha256:64cef7c029b65854998e6b4302c8e5a5653f515850925b2d168e0af0231e8d60,sha256:025eb7dea28322d4b60adcfff3b1ff48c3fb44aa57280d39eea813405a6561d5,model_input,identity_model_input_v1,-0.45114670268000001,0.57470922023600002,-0.402342990831,1.085667401851,-0.67504030634300005,-1.0566774002379999,-0.52086104326899996,-0.083129335880000002
417,1,0.033763703427510325,0.50665144957521957,true,flipguard_tabular_validation_v2,sha256:64cef7c029b65854998e6b4302c8e5a5653f515850925b2d168e0af0231e8d60,sha256:025eb7dea28322d4b60adcfff3b1ff48c3fb44aa57280d39eea813405a6561d5,model_input,identity_model_input_v1,0.26127968584799999,0.22119344346299999,-0.402342990831,1.085667401851,-0.67504030634300005,1.2648854500869999,0.25782869434900002,-0.083129335880000002
419,1,0.014636042616212229,0.50288330039539386,true,flipguard_tabular_validation_v2,sha256:64cef7c029b65854998e6b4302c8e5a5653f515850925b2d168e0af0231e8d60,sha256:025eb7dea28322d4b60adcfff3b1ff48c3fb44aa57280d39eea813405a6561d5,model_input,identity_model_input_v1,0.26127968584799999,-0.485838110085,0.54297502687900001,-0.31652517367100003,-0.67504030634300005,1.419656306776,-1.143812833363,-0.083129335880000002
422,0,0.016466662997468694,0.50324393261050138,true,flipguard_tabular_validation_v2,sha256:64cef7c029b65854998e6b4302c8e5a5653f515850925b2d168e0af0231e8d60,sha256:025eb7dea28322d4b60adcfff3b1ff48c3fb44aa57280d39eea813405a6561d5,model_input,identity_model_input_v1,-0.92609762836499998,-1.016111775245,-0.402342990831,1.085667401851,-0.67504030634300005,-1.0566774002379999,0.41356664187300002,-0.083129335880000002
424,1,0.13330188937138171,0.52626047220616223,true,flipguard_tabular_validation_v2,sha256:64cef7c029b65854998e6b4302c8e5a5653f515850925b2d168e0af0231e8d60,sha256:025eb7dea28322d4b60adcfff3b1ff48c3fb44aa57280d39eea813405a6561d5,model_input,identity_model_input_v1,0.023804223005999998,-0.83935388685800005,-0.402342990831,1.085667401851,1.605942664284,1.110114593399,-1.143812833363,-0.083129335880000002
428,1,0.046483302276891354,0.50915721054854757,true,flipguard_tabular_validation_v2,sha256:64cef7c029b65854998e6b4302c8e5a5653f515850925b2d168e0af0231e8d60,sha256:025eb7dea28322d4b60adcfff3b1ff48c3fb44aa57280d39eea813405a6561d5,model_input,identity_model_input_v1,0.49875514869100002,-0.66259599847100004,-0.402342990831,0.55984518603,-0.38991743501499998,1.419656306776,-0.36512309574500001,-0.083129335880000002
429,0,-0.0061995544845892389,0.49877868776653594,false,flipguard_tabular_validation_v2,sha256:64cef7c029b65854998e6b4302c8e5a5653f515850925b2d168e0af0231e8d60,sha256:025eb7dea28322d4b60adcfff3b1ff48c3fb44aa57280d39eea813405a6561d5,model_input,identity_model_input_v1,-0.21367123983700001,-1.016111775245,-0.402342990831,-1.7187177491929999,-0.67504030634300005,-1.0566774002379999,0.88078048444299994,-0.083129335880000002
431,1,0.090882986331347129,0.51790394830727537,true,flipguard_tabular_validation_v2,sha256:64cef7c029b65854998e6b4302c8e5a5653f515850925b2d168e0af0231e8d60,sha256:025eb7dea28322d4b60adcfff3b1ff48c3fb44aa57280d39eea813405a6561d5,model_input,identity_model_input_v1,-2.1134749425789998,-0.66259599847100004,-0.402342990831,-0.84234738949200005,1.8910655356120001,1.419656306776,1.347994327014,-0.083129335880000002
433,1,0.31401403605513684,0.56186076510286198,true,flipguard_tabular_validation_v2,sha256:64cef7c029b65854998e6b4302c8e5a5653f515850925b2d168e0af0231e8d60,sha256:025eb7dea28322d4b60adcfff3b1ff48c3fb44aa57280d39eea813405a6561d5,model_input,identity_model_input_v1,0.97370607437599999,-0.83935388685800005,-0.402342990831,0.91039332991099997,0.46545117896999999,1.419656306776,-0.36512309574500001,9.1368920054329994
434,0,-0.026687846519509489,0.49474249423565664,false,flipguard_tabular_validation_v2,sha256:64cef7c029b65854998e6b4302c8e5a5653f515850925b2d168e0af0231e8d60,sha256:025eb7dea28322d4b60adcfff3b1ff48c3fb44aa57280d39eea813405a6561d5,model_input,identity_model_input_v1,0.26127968584799999,1.45849866217,-0.402342990831,-1.7187177491929999,-0.67504030634300005,-0.74713568686200005,0.56930458939600004,-0.083129335880000002
436,0,-0.062805126217329865,0.48762739013518602,false,flipguard_tabular_validation_v2,sha256:64cef7c029b65854998e6b4302c8e5a5653f515850925b2d168e0af0231e8d60,sha256:025eb7dea28322d4b60adcfff3b1ff48c3fb44aa57280d39eea813405a6561d5,model_input,identity_model_input_v1,-0.92609762836499998,1.812014438944,0.85808103278299996,0.73511925797099997,-0.67504030634300005,-1.0566774002379999,-1.143812833363,-0.083129335880000002
438,1,-0.018323670465743572,0.49639023691824852,false,flipguard_tabular_validation_v2,sha256:64cef7c029b65854998e6b4302c8e5a5653f515850925b2d168e0af0231e8d60,sha256:025eb7dea28322d4b60adcfff3b1ff48c3fb44aa57280d39eea813405a6561d5,model_input,identity_model_input_v1,0.023804223005999998,1.812014438944,0.54297502687900001,0.73511925797099997,-0.67504030634300005,-0.59236483017300001,1.347994327014,-0.083129335880000002
439,0,-0.088693959373126879,0.48252729000349398,false,flipguard_tabular_validation_v2,sha256:64cef7c029b65854998e6b4302c8e5a5653f515850925b2d168e0af0231e8d60,sha256:025eb7dea28322d4b60adcfff3b1ff48c3fb44aa57280d39eea813405a6561d5,model_input,identity_model_input_v1,0.49875514869100002,-0.13232233331099999,-0.402342990831,-1.1928955333719999,1.605942664284,0.33626030995700001,1.347994327014,-0.083129335880000002
440,0,-0.028939284244619244,0.49429896100380999,false,flipguard_tabular_validation_v2,sha256:64cef7c029b65854998e6b4302c8e5a5653f515850925b2d168e0af0231e8d60,sha256:025eb7dea28322d4b60adcfff3b1ff48c3fb44aa57280d39eea813405a6561d5,model_input,identity_model_input_v1,0.26127968584799999,0.044435555076,-0.402342990831,0.73511925797099997,-0.67504030634300005,-0.59236483017300001,-1.143812833363,-0.083129335880000002
444,1,0.10151693122915516,0.51999883545214354,true,flipguard_tabular_validation_v2,sha256:64cef7c029b65854998e6b4302c8e5a5653f515850925b2d168e0af0231e8d60,sha256:025eb7dea28322d4b60adcfff3b1ff48c3fb44aa57280d39eea813405a6561d5,model_input,identity_model_input_v1,-0.68862216552199995,-0.83935388685800005,-0.402342990831,0.91039332991099997,0.46545117896999999,1.419656306776,-0.83233693831599997,-0.083129335880000002
445,0,-0.050396023720680458,0.49007198332702595,false,flipguard_tabular_validation_v2,sha256:64cef7c029b65854998e6b4302c8e5a5653f515850925b2d168e0af0231e8d60,sha256:025eb7dea28322d4b60adcfff3b1ff48c3fb44aa57280d39eea813405a6561d5,model_input,identity_model_input_v1,-0.68862216552199995,0.397951331849,-0.087236984928,0.38457111409,-0.104794563686,-1.0566774002379999,-1.143812833363,-0.083129335880000002
446,0,-0.11050461112992536,0.47823059160740472,false,flipguard_tabular_validation_v2,sha256:64cef7c029b65854998e6b4302c8e5a5653f515850925b2d168e0af0231e8d60,sha256:025eb7dea28322d4b60adcfff3b1ff48c3fb44aa57280d39eea813405a6561d5,model_input,identity_model_input_v1,-0.92609762836499998,1.281740773783,4.639353103625,0.55984518603,0.75057405029900004,1.2648854500869999,1.1922563794909999,-0.083129335880000002
447,1,0.078834791858944847,0.51553045399621211,true,flipguard_tabular_validation_v2,sha256:64cef7c029b65854998e6b4302c8e5a5653f515850925b2d168e0af0231e8d60,sha256:025eb7dea28322d4b60adcfff3b1ff48c3fb44aa57280d39eea813405a6561d5,model_input,identity_model_input_v1,0.73623061153400005,-1.016111775245,-0.402342990831,1.085667401851,0.46545117896999999,1.419656306776,-0.36512309574500001,-0.083129335880000002
450,1,0.086320199522979424,0.5170050793060269,true,flipguard_tabular_validation_v2,sha256:64cef7c029b65854998e6b4302c8e5a5653f515850925b2d168e0af0231e8d60,sha256:025eb7dea28322d4b60adcfff3b1ff48c3fb44aa57280d39eea813405a6561d5,model_input,identity_model_input_v1,0.49875514869100002,-0.83935388685800005,-0.402342990831,1.085667401851,0.75057405029900004,1.2648854500869999,-1.143812833363,-0.083129335880000002
451,1,0.025256844618581607,0.50497559838986061,true,flipguard_tabular_validation_v2,sha256:64cef7c029b65854998e6b4302c8e5a5653f515850925b2d168e0af0231e8d60,sha256:025eb7dea28322d4b60adcfff3b1ff48c3fb44aa57280d39eea813405a6561d5,model_input,identity_model_input_v1,0.97370607437599999,-0.30908022169799998,-0.402342990831,0.034022970210000003,-0.67504030634300005,1.419656306776,0.56930458939600004,-0.083129335880000002
452,0,-0.041308678704081309,0.49186219029529599,false,flipguard_tabular_validation_v2,sha256:64cef7c029b65854998e6b4302c8e5a5653f515850925b2d168e0af0231e8d60,sha256:025eb7dea28322d4b60adcfff3b1ff48c3fb44aa57280d39eea813405a6561d5,model_input,identity_model_input_v1,0.49875514869100002,-0.13232233331099999,-0.402342990831,0.38457111409,-0.67504030634300005,-1.0566774002379999,-1.143812833363,-0.083129335880000002
455,1,0.045218778073153922,0.50890809928041136,true,flipguard_tabular_validation_v2,sha256:64cef7c029b65854998e6b4302c8e5a5653f515850925b2d168e0af0231e8d60,sha256:025eb7dea28322d4b60adcfff3b1ff48c3fb44aa57280d39eea813405a6561d5,model_input,identity_model_input_v1,0.023804223005999998,-0.83935388685800005,-0.402342990831,0.034022970210000003,-0.38991743501499998,1.2648854500869999,-0.053647200697999997,-0.083129335880000002
456,1,0.001222996686711052,0.50024093034728212,true,flipguard_tabular_validation_v2,sha256:64cef7c029b65854998e6b4302c8e5a5653f515850925b2d168e0af0231e8d60,sha256:025eb7dea28322d4b60adcfff3b1ff48c3fb44aa57280d39eea813405a6561d5,model_input,identity_model_input_v1,0.73623061153400005,-0.66259599847100004,-0.402342990831,-1.7187177491929999,-0.67504030634300005,-0.59236483017300001,0.41356664187300002,-0.083129335880000002
460,1,0.014690660544938628,0.50289406012735294,true,flipguard_tabular_validation_v2,sha256:64cef7c029b65854998e6b4302c8e5a5653f515850925b2d168e0af0231e8d60,sha256:025eb7dea28322d4b60adcfff3b1ff48c3fb44aa57280d39eea813405a6561d5,model_input,identity_model_input_v1,0.26127968584799999,-1.016111775245,-0.402342990831,-0.49179924561100002,-0.67504030634300005,-0.43759397348500001,0.10209074682499999,-0.083129335880000002
461,0,-0.046111979149324765,0.49091594010758299,false,flipguard_tabular_validation_v2,sha256:64cef7c029b65854998e6b4302c8e5a5653f515850925b2d168e0af0231e8d60,sha256:025eb7dea28322d4b60adcfff3b1ff48c3fb44aa57280d39eea813405a6561d5,model_input,identity_model_input_v1,0.97370607437599999,1.812014438944,0.22786902097600001,0.55984518603,-0.67504030634300005,-1.0566774002379999,-1.143812833363,-0.083129335880000002
462,1,0.094255409295965875,0.51856831563130523,true,flipguard_tabular_validation_v2,sha256:64cef7c029b65854998e6b4302c8e5a5653f515850925b2d168e0af0231e8d60,sha256:025eb7dea28322d4b60adcfff3b1ff48c3fb44aa57280d39eea813405a6561d5,model_input,identity_model_input_v1,0.97370607437599999,-0.66259599847100004,-0.402342990831,1.085667401851,1.3208197929550001,1.2648854500869999,-0.98807488584000003,-0.083129335880000002
463,0,-0.053360255322084604,0.48948802970154931,false,flipguard_tabular_validation_v2,sha256:64cef7c029b65854998e6b4302c8e5a5653f515850925b2d168e0af0231e8d60,sha256:025eb7dea28322d4b60adcfff3b1ff48c3fb44aa57280d39eea813405a6561d5,model_input,identity_model_input_v1,-0.21367123983700001,-0.13232233331099999,-0.402342990831,-0.49179924561100002,-0.67504030634300005,-1.0566774002379999,-1.143812833363,-0.083129335880000002
464,0,-0.046820102813377042,0.49077643974576474,false,flipguard_tabular_validation_v2,sha256:64cef7c029b65854998e6b4302c8e5a5653f515850925b2d168e0af0231e8d60,sha256:025eb7dea28322d4b60adcfff3b1ff48c3fb44aa57280d39eea813405a6561d5,model_input,identity_model_input_v1,0.023804223005999998,1.104982885396,1.48829304459,0.91039332991099997,-0.67504030634300005,-1.0566774002379999,-1.143812833363,-0.083129335880000002
466,0,-0.044971110555991088,0.49114069122046977,false,flipguard_tabular_validation_v2,sha256:64cef7c029b65854998e6b4302c8e5a5653f515850925b2d168e0af0231e8d60,sha256:025eb7dea28322d4b60adcfff3b1ff48c3fb44aa57280d39eea813405a6561d5,model_input,identity_model_input_v1,-0.21367123983700001,1.812014438944,2.1185050563969998,-1.7187177491929999,-0.38991743501499998,-0.59236483017300001,-0.36512309574500001,-0.083129335880000002
468,0,-0.060291965955654871,0.48812248270673597,false,flipguard_tabular_validation_v2,sha256:64cef7c029b65854998e6b4302c8e5a5653f515850925b2d168e0af0231e8d60,sha256:025eb7dea28322d4b60adcfff3b1ff48c3fb44aa57280d39eea813405a6561d5,model_input,identity_model_input_v1,-0.92609762836499998,1.635256550557,1.1731870386859999,0.38457111409,-0.67504030634300005,-1.0566774002379999,-1.143812833363,-0.083129335880000002
469,0,-0.008941226095232211,0.49823857845923925,false,flipguard_tabular_validation_v2,sha256:64cef7c029b65854998e6b4302c8e5a5653f515850925b2d168e0af0231e8d60,sha256:025eb7dea28322d4b60adcfff3b1ff48c3fb44aa57280d39eea813405a6561d5,model_input,identity_model_input_v1,0.49875514869100002,-1.016111775245,-0.402342990831,-1.7187177491929999,-0.67504030634300005,-0.59236483017300001,1.347994327014,-0.083129335880000002
470,1,0.063641857920926789,0.51253744601042261,true,flipguard_tabular_validation_v2,sha256:64cef7c029b65854998e6b4302c8e5a5653f515850925b2d168e0af0231e8d60,sha256:025eb7dea28322d4b60adcfff3b1ff48c3fb44aa57280d39eea813405a6561d5,model_input,identity_model_input_v1,0.26127968584799999,-1.016111775245,-0.402342990831,1.085667401851,0.75057405029900004,1.419656306776,0.88078048444299994,-0.083129335880000002
471,0,-0.032914262001569036,0.49351589038569088,false,flipguard_tabular_validation_v2,sha256:64cef7c029b65854998e6b4302c8e5a5653f515850925b2d168e0af0231e8d60,sha256:025eb7dea28322d4b60adcfff3b1ff48c3fb44aa57280d39eea813405a6561d5,model_input,identity_model_input_v1,0.49875514869100002,-1.016111775245,-0.402342990831,0.55984518603,-0.67504030634300005,-1.0566774002379999,-1.143812833363,-0.083129335880000002
473,0,-0.047394260646554776,0.49066333065262868,false,flipguard_tabular_validation_v2,sha256:64cef7c029b65854998e6b4302c8e5a5653f515850925b2d168e0af0231e8d60,sha256:025eb7dea28322d4b60adcfff3b1ff48c3fb44aa57280d39eea813405a6561d5,model_input,identity_model_input_v1,0.97370607437599999,0.22119344346299999,-0.402342990831,-1.0176214614320001,-0.67504030634300005,-1.0566774002379999,-1.143812833363,-0.083129335880000002
476,1,0.13051745707732115,0.5257119390442323,true,flipguard_tabular_validation_v2,sha256:64cef7c029b65854998e6b4302c8e5a5653f515850925b2d168e0af0231e8d60,sha256:025eb7dea28322d4b60adcfff3b1ff48c3fb44aa57280d39eea813405a6561d5,model_input,identity_model_input_v1,0.73623061153400005,-1.016111775245,-0.402342990831,1.085667401851,1.605942664284,1.419656306776,-1.143812833363,-0.083129335880000002
480,1,0.11639546191658517,0.52292990599756728,true,flipguard_tabular_validation_v2,sha256:64cef7c029b65854998e6b4302c8e5a5653f515850925b2d168e0af0231e8d60,sha256:025eb7dea28322d4b60adcfff3b1ff48c3fb44aa57280d39eea813405a6561d5,model_input,identity_model_input_v1,-0.21367123983700001,0.75146710862300004,-0.402342990831,1.085667401851,2.1761884069409998,1.419656306776,-0.67659899079300001,-0.083129335880000002
482,0,-0.01722237653405408,0.49660719182279134,false,flipguard_tabular_validation_v2,sha256:64cef7c029b65854998e6b4302c8e5a5653f515850925b2d168e0af0231e8d60,sha256:025eb7dea28322d4b60adcfff3b1ff48c3fb44aa57280d39eea813405a6561d5,model_input,identity_model_input_v1,-0.21367123983700001,0.57470922023600002,1.1731870386859999,0.38457111409,-0.67504030634300005,-0.59236483017300001,-0.52086104326899996,-0.083129335880000002
488,1,0.089969406506355931,0.51772397308175211,true,flipguard_tabular_validation_v2,sha256:64cef7c029b65854998e6b4302c8e5a5653f515850925b2d168e0af0231e8d60,sha256:025eb7dea28322d4b60adcfff3b1ff48c3fb44aa57280d39eea813405a6561d5,model_input,identity_model_input_v1,-1.163573091208,-1.016111775245,-0.402342990831,0.91039332991099997,0.75057405029900004,1.419656306776,1.1922563794909999,-0.083129335880000002
494,1,0.072843799754829699,0.51435022855170143,true,flipguard_tabular_validation_v2,sha256:64cef7c029b65854998e6b4302c8e5a5653f515850925b2d168e0af0231e8d60,sha256:025eb7dea28322d4b60adcfff3b1ff48c3fb44aa57280d39eea813405a6561d5,model_input,identity_model_input_v1,0.97370607437599999,-0.83935388685800005,-0.402342990831,1.085667401851,0.46545117896999999,1.419656306776,-0.98807488584000003,-0.083129335880000002
495,1,0.00044624679882085145,0.50008791061936775,true,flipguard_tabular_validation_v2,sha256:64cef7c029b65854998e6b4302c8e5a5653f515850925b2d168e0af0231e8d60,sha256:025eb7dea28322d4b60adcfff3b1ff48c3fb44aa57280d39eea813405a6561d5,model_input,identity_model_input_v1,0.97370607437599999,-1.016111775245,-0.402342990831,0.034022970210000003,-0.67504030634300005,-1.0566774002379999,-0.36512309574500001,-0.083129335880000002
497,1,0.00080487129235910695,0.50015855964459477,true,flipguard_tabular_validation_v2,sha256:64cef7c029b65854998e6b4302c8e5a5653f515850925b2d168e0af0231e8d60,sha256:025eb7dea28322d4b60adcfff3b1ff48c3fb44aa57280d39eea813405a6561d5,model_input,identity_model_input_v1,0.97370607437599999,-0.66259599847100004,-0.402342990831,0.73511925797099997,-0.67504030634300005,-1.0566774002379999,-0.36512309574500001,-0.083129335880000002
502,0,-0.028265662991235133,0.49443166439072667,false,flipguard_tabular_validation_v2,sha256:64cef7c029b65854998e6b4302c8e5a5653f515850925b2d168e0af0231e8d60,sha256:025eb7dea28322d4b60adcfff3b1ff48c3fb44aa57280d39eea813405a6561d5,model_input,identity_model_input_v1,0.97370607437599999,-1.016111775245,-0.402342990831,0.55984518603,-0.67504030634300005,-1.0566774002379999,-1.143812833363,-0.083129335880000002
503,1,0.066862245142900428,0.51317186229315137,true,flipguard_tabular_validation_v2,sha256:64cef7c029b65854998e6b4302c8e5a5653f515850925b2d168e0af0231e8d60,sha256:025eb7dea28322d4b60adcfff3b1ff48c3fb44aa57280d39eea813405a6561d5,model_input,identity_model_input_v1,-0.68862216552199995,0.92822499701000005,-0.402342990831,1.085667401851,0.46545117896999999,1.419656306776,-0.36512309574500001,-0.083129335880000002
507,0,-0.051658028299269999,0.48982336842504381,false,flipguard_tabular_validation_v2,sha256:64cef7c029b65854998e6b4302c8e5a5653f515850925b2d168e0af0231e8d60,sha256:025eb7dea28322d4b60adcfff3b1ff48c3fb44aa57280d39eea813405a6561d5,model_input,identity_model_input_v1,0.97370607437599999,0.044435555076,-0.402342990831,-1.7187177491929999,-0.67504030634300005,-1.0566774002379999,-1.143812833363,-0.083129335880000002
508,0,-0.050751149021748501,0.49000202364271556,false,flipguard_tabular_validation_v2,sha256:64cef7c029b65854998e6b4302c8e5a5653f515850925b2d168e0af0231e8d60,sha256:025eb7dea28322d4b60adcfff3b1ff48c3fb44aa57280d39eea813405a6561d5,model_input,identity_model_input_v1,-0.21367123983700001,0.397951331849,-0.402342990831,1.085667401851,-0.67504030634300005,-1.0566774002379999,-1.143812833363,-0.083129335880000002
510,1,0.0054913538471512945,0.50108179670788877,true,flipguard_tabular_validation_v2,sha256:64cef7c029b65854998e6b4302c8e5a5653f515850925b2d168e0af0231e8d60,sha256:025eb7dea28322d4b60adcfff3b1ff48c3fb44aa57280d39eea813405a6561d5,model_input,identity_model_input_v1,0.97370607437599999,-1.016111775245,-0.402342990831,-0.31652517367100003,-0.67504030634300005,-0.43759397348500001,1.347994327014,-0.083129335880000002
512,1,0.085973840093703485,0.51693684649845961,true,flipguard_tabular_validation_v2,sha256:64cef7c029b65854998e6b4302c8e5a5653f515850925b2d168e0af0231e8d60,sha256:025eb7dea28322d4b60adcfff3b1ff48c3fb44aa57280d39eea813405a6561d5,model_input,identity_model_input_v1,-0.21367123983700001,-1.016111775245,-0.402342990831,0.73511925797099997,0.46545117896999999,1.419656306776,0.10209074682499999,-0.083129335880000002
514,0,-0.056693456263427054,0.48883138911610485,false,flipguard_tabular_validation_v2,sha256:64cef7c029b65854998e6b4302c8e5a5653f515850925b2d168e0af0231e8d60,sha256:025eb7dea28322d4b60adcfff3b1ff48c3fb44aa57280d39eea813405a6561d5,model_input,identity_model_input_v1,-0.21367123983700001,1.281740773783,1.1731870386859999,-1.7187177491929999,-0.67504030634300005,0.95534373671100004,1.347994327014,-0.083129335880000002
516,1,0.11906673327947989,0.52345614645605754,true,flipguard_tabular_validation_v2,sha256:64cef7c029b65854998e6b4302c8e5a5653f515850925b2d168e0af0231e8d60,sha256:025eb7dea28322d4b60adcfff3b1ff48c3fb44aa57280d39eea813405a6561d5,model_input,identity_model_input_v1,-2.5884258682639998,0.57470922023600002,-0.402342990831,-0.141251101731,2.7464341495969999,1.419656306776,1.347994327014,-0.083129335880000002
517,0,-0.07539470039484486,0.48514724402221554,false,flipguard_tabular_validation_v2,sha256:64cef7c029b65854998e6b4302c8e5a5653f515850925b2d168e0af0231e8d60,sha256:025eb7dea28322d4b60adcfff3b1ff48c3fb44aa57280d39eea813405a6561d5,model_input,identity_model_input_v1,-2.5884258682639998,1.281740773783,-0.402342990831,1.085667401851,-0.67504030634300005,-1.0566774002379999,-1.143812833363,-0.083129335880000002
518,0,-0.03719491482129661,0.49267260178020456,false,flipguard_tabular_validation_v2,sha256:64cef7c029b65854998e6b4302c8e5a5653f515850925b2d168e0af0231e8d60,sha256:025eb7dea28322d4b60adcfff3b1ff48c3fb44aa57280d39eea813405a6561d5,model_input,identity_model_input_v1,-0.92609762836499998,0.92822499701000005,4.0091410918179999,1.085667401851,-0.104794563686,-1.0566774002379999,-1.143812833363,-0.083129335880000002
519,0,-0.0052394178966733646,0.49896783467435535,false,flipguard_tabular_validation_v2,sha256:64cef7c029b65854998e6b4302c8e5a5653f515850925b2d168e0af0231e8d60,sha256:025eb7dea28322d4b60adcfff3b1ff48c3fb44aa57280d39eea813405a6561d5,model_input,identity_model_input_v1,0.023804223005999998,-1.016111775245,-0.402342990831,-1.7187177491929999,-0.67504030634300005,-1.0566774002379999,0.56930458939600004,-0.083129335880000002
520,1,0.093232223495477343,0.51836674802860905,true,flipguard_tabular_validation_v2,sha256:64cef7c029b65854998e6b4302c8e5a5653f515850925b2d168e0af0231e8d60,sha256:025eb7dea28322d4b60adcfff3b1ff48c3fb44aa57280d39eea813405a6561d5,model_input,identity_model_input_v1,0.26127968584799999,0.397951331849,-0.402342990831,1.085667401851,1.8910655356120001,1.419656306776,-0.20938514822199999,-0.083129335880000002
522,0,-0.039409036192161837,0.4922364198701441,false,flipguard_tabular_validation_v2,sha256:64cef7c029b65854998e6b4302c8e5a5653f515850925b2d168e0af0231e8d60,sha256:025eb7dea28322d4b60adcfff3b1ff48c3fb44aa57280d39eea813405a6561d5,model_input,identity_model_input_v1,0.49875514869100002,1.812014438944,-0.402342990831,1.085667401851,0.180328307642,-0.43759397348500001,-0.98807488584000003,-0.083129335880000002
523,1,0.077682471465035347,0.51530344687861196,true,flipguard_tabular_validation_v2,sha256:64cef7c029b65854998e6b4302c8e5a5653f515850925b2d168e0af0231e8d60,sha256:025eb7dea28322d4b60adcfff3b1ff48c3fb44aa57280d39eea813405a6561d5,model_input,identity_model_input_v1,0.023804223005999998,-1.016111775245,-0.402342990831,0.73511925797099997,1.605942664284,1.419656306776,1.036518431967,-0.083129335880000002
524,1,0.10285868917078481,0.52026316176664456,true,flipguard_tabular_validation_v2,sha256:64cef7c029b65854998e6b4302c8e5a5653f515850925b2d168e0af0231e8d60,sha256:025eb7dea28322d4b60adcfff3b1ff48c3fb44aa57280d39eea813405a6561d5,model_input,identity_model_input_v1,0.49875514869100002,-1.016111775245,-0.402342990831,1.085667401851,1.605942664284,1.419656306776,0.41356664187300002,-0.083129335880000002
526,1,0.0090293480056701132,0.50177878155711697,true,flipguard_tabular_validation_v2,sha256:64cef7c029b65854998e6b4302c8e5a5653f515850925b2d168e0af0231e8d60,sha256:025eb7dea28322d4b60adcfff3b1ff48c3fb44aa57280d39eea813405a6561d5,model_input,identity_model_input_v1,0.73623061153400005,-0.485838110085,-0.402342990831,0.55984518603,-0.67504030634300005,-0.59236483017300001,1.347994327014,-0.083129335880000002
527,1,0.038380335555105664,0.50756092610435577,true,flipguard_tabular_validation_v2,sha256:64cef7c029b65854998e6b4302c8e5a5653f515850925b2d168e0af0231e8d60,sha256:025eb7dea28322d4b60adcfff3b1ff48c3fb44aa57280d39eea813405a6561d5,model_input,identity_model_input_v1,0.73623061153400005,-0.83935388685800005,-0.402342990831,-0.84234738949200005,1.3208197929550001,0.95534373671100004,-1.143812833363,-0.083129335880000002
528,1,0.13218027068607879,0.52603951332515753,true,flipguard_tabular_validation_v2,sha256:64cef7c029b65854998e6b4302c8e5a5653f515850925b2d168e0af0231e8d60,sha256:025eb7dea28322d4b60adcfff3b1ff48c3fb44aa57280d39eea813405a6561d5,model_input,identity_model_input_v1,0.023804223005999998,-1.016111775245,-0.402342990831,1.085667401851,1.605942664284,0.95534373671100004,-1.143812833363,-0.083129335880000002
530,1,0.07027856037890684,0.5138448763946446,true,flipguard_tabular_validation_v2,sha256:64cef7c029b65854998e6b4302c8e5a5653f515850925b2d168e0af0231e8d60,sha256:025eb7dea28322d4b60adcfff3b1ff48c3fb44aa57280d39eea813405a6561d5,model_input,identity_model_input_v1,0.73623061153400005,-0.83935388685800005,-0.402342990831,0.38457111409,0.75057405029900004,1.2648854500869999,-0.83233693831599997,-0.083129335880000002
534,0,-0.05215352945789202,0.48972575469679525,false,flipguard_tabular_validation_v2,sha256:64cef7c029b65854998e6b4302c8e5a5653f515850925b2d168e0af0231e8d60,sha256:025eb7dea28322d4b60adcfff3b1ff48c3fb44aa57280d39eea813405a6561d5,model_input,identity_model_input_v1,0.023804223005999998,-0.485838110085,-0.402342990831,-1.1928955333719999,-0.67504030634300005,-1.0566774002379999,-1.143812833363,-0.083129335880000002
535,1,0.013856927254918144,0.50272981466921884,true,flipguard_tabular_validation_v2,sha256:64cef7c029b65854998e6b4302c8e5a5653f515850925b2d168e0af0231e8d60,sha256:025eb7dea28322d4b60adcfff3b1ff48c3fb44aa57280d39eea813405a6561d5,model_input,identity_model_input_v1,0.73623061153400005,-1.016111775245,-0.402342990831,0.20929704215,-0.67504030634300005,-1.0566774002379999,0.88078048444299994,-0.083129335880000002
537,1,0.089180149547581231,0.51756848946087353,true,flipguard_tabular_validation_v2,sha256:64cef7c029b65854998e6b4302c8e5a5653f515850925b2d168e0af0231e8d60,sha256:025eb7dea28322d4b60adcfff3b1ff48c3fb44aa57280d39eea813405a6561d5,model_input,identity_model_input_v1,0.023804223005999998,-1.016111775245,-0.402342990831,0.55984518603,0.75057405029900004,1.2648854500869999,-0.20938514822199999,-0.083129335880000002
539,1,0.0080330654001230274,0.50158251388382424,true,flipguard_tabular_validation_v2,sha256:64cef7c029b65854998e6b4302c8e5a5653f515850925b2d168e0af0231e8d60,sha256:025eb7dea28322d4b60adcfff3b1ff48c3fb44aa57280d39eea813405a6561d5,model_input,identity_model_input_v1,0.97370607437599999,-1.016111775245,-0.402342990831,0.034022970210000003,-0.67504030634300005,-0.28282311679599997,1.347994327014,-0.083129335880000002
