metric,value
polynomial_decision_match_rate,1.000000000000
raw_accuracy,1.000000000000
raw_auc,1.000000000000
raw_f1,1.000000000000
test_samples,30.000000000000
test_scaled_logit_max,1.004746905704
test_scaled_logit_max_abs,1.004746905704
test_scaled_logit_min,-0.849608635699
train_samples,70.000000000000
