metric,value
polynomial_decision_match_rate,1.000000000000
raw_accuracy,0.941520467836
raw_auc,0.964953271028
raw_f1,0.953703703704
test_samples,171.000000000000
test_scaled_logit_max,0.092848112837
test_scaled_logit_max_abs,3.372770244442
test_scaled_logit_min,-3.372770244442
train_samples,398.000000000000
