schema_version,provider_id,provider_commit,runtime,workload_id,evidence_level,model_digest,graph_digest,input_id,input_digest,split_role,context_or_key_id,pass_index,plaintext_output,decrypted_output,plaintext_decision,encrypted_decision,decision_margin_or_top_two_gap,numerical_error,decision_flip,provider_prediction,execution_status,gate_status,security_status,compile_time_ms,tuning_time_ms,keygen_time_ms,encryption_time_ms,evaluation_time_ms,decryption_time_ms,total_time_ms,raw_output_digest,candidate_id,threshold,error_violation
flipguard_provider_execution_record_v7,EVA,4cd3254c9c51340ae30c451495ce5378135758c0,native_eva_seal,shared_polynomial_v1,5,NOT_APPLICABLE,sha256:403b0d9e5ee96ff9484c0ad598ac73355c03e907d23996b8a882e2d28fd12513,1,sha256:dfc254192e6c4c82b53a0a33c487f6897731cdcc8b1f0ade804eff14de585dfc,configuration_validation_scale_20,1,NOT_SEPARATELY_RECORDED,0.405941150447,3.04241484759967,false,true,0.09405884955299998,2.63647369715267,true,3.04241484759967,PASS,REJECTED_SAMPLE,SECURITY_TARGET_MATCH_ASSUMPTIONS_DIFFER,NOT_SEPARATELY_RECORDED,NOT_SEPARATELY_RECORDED,53.633253,34.910933,29.254264,0.731863,64.995855,sha256:e0e05f0d8ec9bed6063c37e11befc3791ace8b735c0e91eab8681047e6e35796,eva_native_scale20_N14_QP240_403b0d9e5ee9,0.5,true
flipguard_provider_execution_record_v7,EVA,4cd3254c9c51340ae30c451495ce5378135758c0,native_eva_seal,shared_polynomial_v1,5,NOT_APPLICABLE,sha256:403b0d9e5ee96ff9484c0ad598ac73355c03e907d23996b8a882e2d28fd12513,2,sha256:dfc254192e6c4c82b53a0a33c487f6897731cdcc8b1f0ade804eff14de585dfc,configuration_validation_scale_20,1,NOT_SEPARATELY_RECORDED,0.613051408295,2.967873285701171,true,true,0.11305140829500004,2.354821877406171,false,2.967873285701171,PASS,REJECTED_SAMPLE,SECURITY_TARGET_MATCH_ASSUMPTIONS_DIFFER,NOT_SEPARATELY_RECORDED,NOT_SEPARATELY_RECORDED,53.633253,30.725424,23.706804,0.771478,55.267735,sha256:e0e05f0d8ec9bed6063c37e11befc3791ace8b735c0e91eab8681047e6e35796,eva_native_scale20_N14_QP240_403b0d9e5ee9,0.5,true
flipguard_provider_execution_record_v7,EVA,4cd3254c9c51340ae30c451495ce5378135758c0,native_eva_seal,shared_polynomial_v1,5,NOT_APPLICABLE,sha256:403b0d9e5ee96ff9484c0ad598ac73355c03e907d23996b8a882e2d28fd12513,4,sha256:dfc254192e6c4c82b53a0a33c487f6897731cdcc8b1f0ade804eff14de585dfc,configuration_validation_scale_20,1,NOT_SEPARATELY_RECORDED,0.360432845935,3.0379350285519764,false,true,0.13956715406499998,2.6775021826169763,true,3.0379350285519764,PASS,REJECTED_SAMPLE,SECURITY_TARGET_MATCH_ASSUMPTIONS_DIFFER,NOT_SEPARATELY_RECORDED,NOT_SEPARATELY_RECORDED,53.633253,30.782451,23.716528,0.792658,55.359383,sha256:e0e05f0d8ec9bed6063c37e11befc3791ace8b735c0e91eab8681047e6e35796,eva_native_scale20_N14_QP240_403b0d9e5ee9,0.5,true
flipguard_provider_execution_record_v7,EVA,4cd3254c9c51340ae30c451495ce5378135758c0,native_eva_seal,shared_polynomial_v1,5,NOT_APPLICABLE,sha256:403b0d9e5ee96ff9484c0ad598ac73355c03e907d23996b8a882e2d28fd12513,7,sha256:dfc254192e6c4c82b53a0a33c487f6897731cdcc8b1f0ade804eff14de585dfc,configuration_validation_scale_20,1,NOT_SEPARATELY_RECORDED,0.619973925520,3.4916012274932946,true,true,0.11997392551999997,2.8716273019732945,false,3.4916012274932946,PASS,REJECTED_SAMPLE,SECURITY_TARGET_MATCH_ASSUMPTIONS_DIFFER,NOT_SEPARATELY_RECORDED,NOT_SEPARATELY_RECORDED,53.633253,27.919168,23.974952,0.729409,52.689132,sha256:e0e05f0d8ec9bed6063c37e11befc3791ace8b735c0e91eab8681047e6e35796,eva_native_scale20_N14_QP240_403b0d9e5ee9,0.5,true
flipguard_provider_execution_record_v7,EVA,4cd3254c9c51340ae30c451495ce5378135758c0,native_eva_seal,shared_polynomial_v1,5,NOT_APPLICABLE,sha256:403b0d9e5ee96ff9484c0ad598ac73355c03e907d23996b8a882e2d28fd12513,12,sha256:dfc254192e6c4c82b53a0a33c487f6897731cdcc8b1f0ade804eff14de585dfc,configuration_validation_scale_20,1,NOT_SEPARATELY_RECORDED,0.373458310701,2.8566692727176735,false,true,0.126541689299,2.4832109620166736,true,2.8566692727176735,PASS,REJECTED_SAMPLE,SECURITY_TARGET_MATCH_ASSUMPTIONS_DIFFER,NOT_SEPARATELY_RECORDED,NOT_SEPARATELY_RECORDED,53.633253,28.512762,24.629745,0.742734,53.949603,sha256:e0e05f0d8ec9bed6063c37e11befc3791ace8b735c0e91eab8681047e6e35796,eva_native_scale20_N14_QP240_403b0d9e5ee9,0.5,true
flipguard_provider_execution_record_v7,EVA,4cd3254c9c51340ae30c451495ce5378135758c0,native_eva_seal,shared_polynomial_v1,5,NOT_APPLICABLE,sha256:403b0d9e5ee96ff9484c0ad598ac73355c03e907d23996b8a882e2d28fd12513,13,sha256:dfc254192e6c4c82b53a0a33c487f6897731cdcc8b1f0ade804eff14de585dfc,configuration_validation_scale_20,1,NOT_SEPARATELY_RECORDED,0.382755646549,2.428001375945481,false,true,0.11724435345099998,2.045245729396481,true,2.428001375945481,PASS,REJECTED_SAMPLE,SECURITY_TARGET_MATCH_ASSUMPTIONS_DIFFER,NOT_SEPARATELY_RECORDED,NOT_SEPARATELY_RECORDED,53.633253,29.615527,23.82445,0.735831,54.241711,sha256:e0e05f0d8ec9bed6063c37e11befc3791ace8b735c0e91eab8681047e6e35796,eva_native_scale20_N14_QP240_403b0d9e5ee9,0.5,true
flipguard_provider_execution_record_v7,EVA,4cd3254c9c51340ae30c451495ce5378135758c0,native_eva_seal,shared_polynomial_v1,5,NOT_APPLICABLE,sha256:403b0d9e5ee96ff9484c0ad598ac73355c03e907d23996b8a882e2d28fd12513,16,sha256:dfc254192e6c4c82b53a0a33c487f6897731cdcc8b1f0ade804eff14de585dfc,configuration_validation_scale_20,1,NOT_SEPARATELY_RECORDED,0.394676866358,2.4461874119060703,false,true,0.10532313364200002,2.05151054554807,true,2.4461874119060703,PASS,REJECTED_SAMPLE,SECURITY_TARGET_MATCH_ASSUMPTIONS_DIFFER,NOT_SEPARATELY_RECORDED,NOT_SEPARATELY_RECORDED,53.633253,29.326158,22.460275,1.325086,53.177754,sha256:e0e05f0d8ec9bed6063c37e11befc3791ace8b735c0e91eab8681047e6e35796,eva_native_scale20_N14_QP240_403b0d9e5ee9,0.5,true
flipguard_provider_execution_record_v7,EVA,4cd3254c9c51340ae30c451495ce5378135758c0,native_eva_seal,shared_polynomial_v1,5,NOT_APPLICABLE,sha256:403b0d9e5ee96ff9484c0ad598ac73355c03e907d23996b8a882e2d28fd12513,18,sha256:dfc254192e6c4c82b53a0a33c487f6897731cdcc8b1f0ade804eff14de585dfc,configuration_validation_scale_20,1,NOT_SEPARATELY_RECORDED,0.649763871290,3.175265096572976,true,true,0.14976387129000002,2.5255012252829756,false,3.175265096572976,PASS,REJECTED_SAMPLE,SECURITY_TARGET_MATCH_ASSUMPTIONS_DIFFER,NOT_SEPARATELY_RECORDED,NOT_SEPARATELY_RECORDED,53.633253,29.467228,23.420422,0.726313,53.797307,sha256:e0e05f0d8ec9bed6063c37e11befc3791ace8b735c0e91eab8681047e6e35796,eva_native_scale20_N14_QP240_403b0d9e5ee9,0.5,true
flipguard_provider_execution_record_v7,EVA,4cd3254c9c51340ae30c451495ce5378135758c0,native_eva_seal,shared_polynomial_v1,5,NOT_APPLICABLE,sha256:403b0d9e5ee96ff9484c0ad598ac73355c03e907d23996b8a882e2d28fd12513,22,sha256:dfc254192e6c4c82b53a0a33c487f6897731cdcc8b1f0ade804eff14de585dfc,configuration_validation_scale_20,1,NOT_SEPARATELY_RECORDED,0.621008281974,2.5845616533562534,true,true,0.12100828197400004,1.9635533713822535,false,2.5845616533562534,PASS,REJECTED_SAMPLE,SECURITY_TARGET_MATCH_ASSUMPTIONS_DIFFER,NOT_SEPARATELY_RECORDED,NOT_SEPARATELY_RECORDED,53.633253,28.814629,24.18426,0.739647,53.812755,sha256:e0e05f0d8ec9bed6063c37e11befc3791ace8b735c0e91eab8681047e6e35796,eva_native_scale20_N14_QP240_403b0d9e5ee9,0.5,true
flipguard_provider_execution_record_v7,EVA,4cd3254c9c51340ae30c451495ce5378135758c0,native_eva_seal,shared_polynomial_v1,5,NOT_APPLICABLE,sha256:403b0d9e5ee96ff9484c0ad598ac73355c03e907d23996b8a882e2d28fd12513,23,sha256:dfc254192e6c4c82b53a0a33c487f6897731cdcc8b1f0ade804eff14de585dfc,configuration_validation_scale_20,1,NOT_SEPARATELY_RECORDED,0.602755940902,2.534533018620197,true,true,0.10275594090200002,1.931777077718197,false,2.534533018620197,PASS,REJECTED_SAMPLE,SECURITY_TARGET_MATCH_ASSUMPTIONS_DIFFER,NOT_SEPARATELY_RECORDED,NOT_SEPARATELY_RECORDED,53.633253,29.469056,23.764026,0.723077,54.022685,sha256:e0e05f0d8ec9bed6063c37e11befc3791ace8b735c0e91eab8681047e6e35796,eva_native_scale20_N14_QP240_403b0d9e5ee9,0.5,true
flipguard_provider_execution_record_v7,EVA,4cd3254c9c51340ae30c451495ce5378135758c0,native_eva_seal,shared_polynomial_v1,5,NOT_APPLICABLE,sha256:403b0d9e5ee96ff9484c0ad598ac73355c03e907d23996b8a882e2d28fd12513,24,sha256:dfc254192e6c4c82b53a0a33c487f6897731cdcc8b1f0ade804eff14de585dfc,configuration_validation_scale_20,1,NOT_SEPARATELY_RECORDED,0.372285499073,1.6318970309639915,false,true,0.12771450092699999,1.2596115318909915,true,1.6318970309639915,PASS,REJECTED_SAMPLE,SECURITY_TARGET_MATCH_ASSUMPTIONS_DIFFER,NOT_SEPARATELY_RECORDED,NOT_SEPARATELY_RECORDED,53.633253,28.456286,24.788337,0.765096,54.07444,sha256:e0e05f0d8ec9bed6063c37e11befc3791ace8b735c0e91eab8681047e6e35796,eva_native_scale20_N14_QP240_403b0d9e5ee9,0.5,true
flipguard_provider_execution_record_v7,EVA,4cd3254c9c51340ae30c451495ce5378135758c0,native_eva_seal,shared_polynomial_v1,5,NOT_APPLICABLE,sha256:403b0d9e5ee96ff9484c0ad598ac73355c03e907d23996b8a882e2d28fd12513,27,sha256:dfc254192e6c4c82b53a0a33c487f6897731cdcc8b1f0ade804eff14de585dfc,configuration_validation_scale_20,1,NOT_SEPARATELY_RECORDED,0.554808789627,2.6949641922983716,true,true,0.054808789626999976,2.140155402671372,false,2.6949641922983716,PASS,REJECTED_SAMPLE,SECURITY_TARGET_MATCH_ASSUMPTIONS_DIFFER,NOT_SEPARATELY_RECORDED,NOT_SEPARATELY_RECORDED,53.633253,30.557479,27.912327,0.736582,59.273884,sha256:e0e05f0d8ec9bed6063c37e11befc3791ace8b735c0e91eab8681047e6e35796,eva_native_scale20_N14_QP240_403b0d9e5ee9,0.5,true
flipguard_provider_execution_record_v7,EVA,4cd3254c9c51340ae30c451495ce5378135758c0,native_eva_seal,shared_polynomial_v1,5,NOT_APPLICABLE,sha256:403b0d9e5ee96ff9484c0ad598ac73355c03e907d23996b8a882e2d28fd12513,28,sha256:dfc254192e6c4c82b53a0a33c487f6897731cdcc8b1f0ade804eff14de585dfc,configuration_validation_scale_20,1,NOT_SEPARATELY_RECORDED,0.693877906730,2.1189397293913528,true,true,0.19387790673000005,1.4250618226613527,false,2.1189397293913528,PASS,REJECTED_SAMPLE,SECURITY_TARGET_MATCH_ASSUMPTIONS_DIFFER,NOT_SEPARATELY_RECORDED,NOT_SEPARATELY_RECORDED,53.633253,31.761854,23.8081,0.735129,56.368581,sha256:e0e05f0d8ec9bed6063c37e11befc3791ace8b735c0e91eab8681047e6e35796,eva_native_scale20_N14_QP240_403b0d9e5ee9,0.5,true
flipguard_provider_execution_record_v7,EVA,4cd3254c9c51340ae30c451495ce5378135758c0,native_eva_seal,shared_polynomial_v1,5,NOT_APPLICABLE,sha256:403b0d9e5ee96ff9484c0ad598ac73355c03e907d23996b8a882e2d28fd12513,29,sha256:dfc254192e6c4c82b53a0a33c487f6897731cdcc8b1f0ade804eff14de585dfc,configuration_validation_scale_20,1,NOT_SEPARATELY_RECORDED,0.377788305698,2.644946686736254,false,true,0.12221169430200002,2.267158381038254,true,2.644946686736254,PASS,REJECTED_SAMPLE,SECURITY_TARGET_MATCH_ASSUMPTIONS_DIFFER,NOT_SEPARATELY_RECORDED,NOT_SEPARATELY_RECORDED,53.633253,29.358183,22.184704,0.722907,52.329163,sha256:e0e05f0d8ec9bed6063c37e11befc3791ace8b735c0e91eab8681047e6e35796,eva_native_scale20_N14_QP240_403b0d9e5ee9,0.5,true
flipguard_provider_execution_record_v7,EVA,4cd3254c9c51340ae30c451495ce5378135758c0,native_eva_seal,shared_polynomial_v1,5,NOT_APPLICABLE,sha256:403b0d9e5ee96ff9484c0ad598ac73355c03e907d23996b8a882e2d28fd12513,1,sha256:dfc254192e6c4c82b53a0a33c487f6897731cdcc8b1f0ade804eff14de585dfc,configuration_validation_scale_20,2,NOT_SEPARATELY_RECORDED,0.405941150447,-1.83698005402454,false,false,0.09405884955299998,2.24292120447154,false,-1.83698005402454,PASS,REJECTED_SAMPLE,SECURITY_TARGET_MATCH_ASSUMPTIONS_DIFFER,NOT_SEPARATELY_RECORDED,NOT_SEPARATELY_RECORDED,28.381123,31.297479,24.955856,0.746952,57.089264,sha256:e0e05f0d8ec9bed6063c37e11befc3791ace8b735c0e91eab8681047e6e35796,eva_native_scale20_N14_QP240_403b0d9e5ee9,0.5,true
flipguard_provider_execution_record_v7,EVA,4cd3254c9c51340ae30c451495ce5378135758c0,native_eva_seal,shared_polynomial_v1,5,NOT_APPLICABLE,sha256:403b0d9e5ee96ff9484c0ad598ac73355c03e907d23996b8a882e2d28fd12513,2,sha256:dfc254192e6c4c82b53a0a33c487f6897731cdcc8b1f0ade804eff14de585dfc,configuration_validation_scale_20,2,NOT_SEPARATELY_RECORDED,0.613051408295,-1.6222894488833783,true,false,0.11305140829500004,2.2353408571783784,true,-1.6222894488833783,PASS,REJECTED_SAMPLE,SECURITY_TARGET_MATCH_ASSUMPTIONS_DIFFER,NOT_SEPARATELY_RECORDED,NOT_SEPARATELY_RECORDED,28.381123,28.418307,26.9021,0.840847,56.225935,sha256:e0e05f0d8ec9bed6063c37e11befc3791ace8b735c0e91eab8681047e6e35796,eva_native_scale20_N14_QP240_403b0d9e5ee9,0.5,true
flipguard_provider_execution_record_v7,EVA,4cd3254c9c51340ae30c451495ce5378135758c0,native_eva_seal,shared_polynomial_v1,5,NOT_APPLICABLE,sha256:403b0d9e5ee96ff9484c0ad598ac73355c03e907d23996b8a882e2d28fd12513,4,sha256:dfc254192e6c4c82b53a0a33c487f6897731cdcc8b1f0ade804eff14de585dfc,configuration_validation_scale_20,2,NOT_SEPARATELY_RECORDED,0.360432845935,-2.2551469175581658,false,false,0.13956715406499998,2.615579763493166,false,-2.2551469175581658,PASS,REJECTED_SAMPLE,SECURITY_TARGET_MATCH_ASSUMPTIONS_DIFFER,NOT_SEPARATELY_RECORDED,NOT_SEPARATELY_RECORDED,28.381123,28.517691,25.048422,0.727385,54.359301,sha256:e0e05f0d8ec9bed6063c37e11befc3791ace8b735c0e91eab8681047e6e35796,eva_native_scale20_N14_QP240_403b0d9e5ee9,0.5,true
flipguard_provider_execution_record_v7,EVA,4cd3254c9c51340ae30c451495ce5378135758c0,native_eva_seal,shared_polynomial_v1,5,NOT_APPLICABLE,sha256:403b0d9e5ee96ff9484c0ad598ac73355c03e907d23996b8a882e2d28fd12513,7,sha256:dfc254192e6c4c82b53a0a33c487f6897731cdcc8b1f0ade804eff14de585dfc,configuration_validation_scale_20,2,NOT_SEPARATELY_RECORDED,0.619973925520,-2.1840259908298028,true,false,0.11997392551999997,2.803999916349803,true,-2.1840259908298028,PASS,REJECTED_SAMPLE,SECURITY_TARGET_MATCH_ASSUMPTIONS_DIFFER,NOT_SEPARATELY_RECORDED,NOT_SEPARATELY_RECORDED,28.381123,28.524229,24.544321,0.771468,53.917622,sha256:e0e05f0d8ec9bed6063c37e11befc3791ace8b735c0e91eab8681047e6e35796,eva_native_scale20_N14_QP240_403b0d9e5ee9,0.5,true
flipguard_provider_execution_record_v7,EVA,4cd3254c9c51340ae30c451495ce5378135758c0,native_eva_seal,shared_polynomial_v1,5,NOT_APPLICABLE,sha256:403b0d9e5ee96ff9484c0ad598ac73355c03e907d23996b8a882e2d28fd12513,12,sha256:dfc254192e6c4c82b53a0a33c487f6897731cdcc8b1f0ade804eff14de585dfc,configuration_validation_scale_20,2,NOT_SEPARATELY_RECORDED,0.373458310701,-2.0058417656373013,false,false,0.126541689299,2.379300076338301,false,-2.0058417656373013,PASS,REJECTED_SAMPLE,SECURITY_TARGET_MATCH_ASSUMPTIONS_DIFFER,NOT_SEPARATELY_RECORDED,NOT_SEPARATELY_RECORDED,28.381123,29.815806,25.402577,0.816672,56.103784,sha256:e0e05f0d8ec9bed6063c37e11befc3791ace8b735c0e91eab8681047e6e35796,eva_native_scale20_N14_QP240_403b0d9e5ee9,0.5,true
flipguard_provider_execution_record_v7,EVA,4cd3254c9c51340ae30c451495ce5378135758c0,native_eva_seal,shared_polynomial_v1,5,NOT_APPLICABLE,sha256:403b0d9e5ee96ff9484c0ad598ac73355c03e907d23996b8a882e2d28fd12513,13,sha256:dfc254192e6c4c82b53a0a33c487f6897731cdcc8b1f0ade804eff14de585dfc,configuration_validation_scale_20,2,NOT_SEPARATELY_RECORDED,0.382755646549,-1.9279819034108858,false,false,0.11724435345099998,2.3107375499598857,false,-1.9279819034108858,PASS,REJECTED_SAMPLE,SECURITY_TARGET_MATCH_ASSUMPTIONS_DIFFER,NOT_SEPARATELY_RECORDED,NOT_SEPARATELY_RECORDED,28.381123,28.912622,22.427023,0.735299,52.142191,sha256:e0e05f0d8ec9bed6063c37e11befc3791ace8b735c0e91eab8681047e6e35796,eva_native_scale20_N14_QP240_403b0d9e5ee9,0.5,true
flipguard_provider_execution_record_v7,EVA,4cd3254c9c51340ae30c451495ce5378135758c0,native_eva_seal,shared_polynomial_v1,5,NOT_APPLICABLE,sha256:403b0d9e5ee96ff9484c0ad598ac73355c03e907d23996b8a882e2d28fd12513,16,sha256:dfc254192e6c4c82b53a0a33c487f6897731cdcc8b1f0ade804eff14de585dfc,configuration_validation_scale_20,2,NOT_SEPARATELY_RECORDED,0.394676866358,-1.9100092270730218,false,false,0.10532313364200002,2.304686093431022,false,-1.9100092270730218,PASS,REJECTED_SAMPLE,SECURITY_TARGET_MATCH_ASSUMPTIONS_DIFFER,NOT_SEPARATELY_RECORDED,NOT_SEPARATELY_RECORDED,28.381123,28.422949,21.597787,0.732875,50.819184,sha256:e0e05f0d8ec9bed6063c37e11befc3791ace8b735c0e91eab8681047e6e35796,eva_native_scale20_N14_QP240_403b0d9e5ee9,0.5,true
flipguard_provider_execution_record_v7,EVA,4cd3254c9c51340ae30c451495ce5378135758c0,native_eva_seal,shared_polynomial_v1,5,NOT_APPLICABLE,sha256:403b0d9e5ee96ff9484c0ad598ac73355c03e907d23996b8a882e2d28fd12513,18,sha256:dfc254192e6c4c82b53a0a33c487f6897731cdcc8b1f0ade804eff14de585dfc,configuration_validation_scale_20,2,NOT_SEPARATELY_RECORDED,0.649763871290,-1.624915205182932,true,false,0.14976387129000002,2.274679076472932,true,-1.624915205182932,PASS,REJECTED_SAMPLE,SECURITY_TARGET_MATCH_ASSUMPTIONS_DIFFER,NOT_SEPARATELY_RECORDED,NOT_SEPARATELY_RECORDED,28.381123,27.79539,22.42001,0.739097,51.020771,sha256:e0e05f0d8ec9bed6063c37e11befc3791ace8b735c0e91eab8681047e6e35796,eva_native_scale20_N14_QP240_403b0d9e5ee9,0.5,true
flipguard_provider_execution_record_v7,EVA,4cd3254c9c51340ae30c451495ce5378135758c0,native_eva_seal,shared_polynomial_v1,5,NOT_APPLICABLE,sha256:403b0d9e5ee96ff9484c0ad598ac73355c03e907d23996b8a882e2d28fd12513,22,sha256:dfc254192e6c4c82b53a0a33c487f6897731cdcc8b1f0ade804eff14de585dfc,configuration_validation_scale_20,2,NOT_SEPARATELY_RECORDED,0.621008281974,-1.6605689334847202,true,false,0.12100828197400004,2.28157721545872,true,-1.6605689334847202,PASS,REJECTED_SAMPLE,SECURITY_TARGET_MATCH_ASSUMPTIONS_DIFFER,NOT_SEPARATELY_RECORDED,NOT_SEPARATELY_RECORDED,28.381123,28.018806,22.063125,0.738035,50.88648,sha256:e0e05f0d8ec9bed6063c37e11befc3791ace8b735c0e91eab8681047e6e35796,eva_native_scale20_N14_QP240_403b0d9e5ee9,0.5,true
flipguard_provider_execution_record_v7,EVA,4cd3254c9c51340ae30c451495ce5378135758c0,native_eva_seal,shared_polynomial_v1,5,NOT_APPLICABLE,sha256:403b0d9e5ee96ff9484c0ad598ac73355c03e907d23996b8a882e2d28fd12513,23,sha256:dfc254192e6c4c82b53a0a33c487f6897731cdcc8b1f0ade804eff14de585dfc,configuration_validation_scale_20,2,NOT_SEPARATELY_RECORDED,0.602755940902,-1.7613494797754532,true,false,0.10275594090200002,2.364105420677453,true,-1.7613494797754532,PASS,REJECTED_SAMPLE,SECURITY_TARGET_MATCH_ASSUMPTIONS_DIFFER,NOT_SEPARATELY_RECORDED,NOT_SEPARATELY_RECORDED,28.381123,27.851244,23.467315,0.749567,52.13471,sha256:e0e05f0d8ec9bed6063c37e11befc3791ace8b735c0e91eab8681047e6e35796,eva_native_scale20_N14_QP240_403b0d9e5ee9,0.5,true
flipguard_provider_execution_record_v7,EVA,4cd3254c9c51340ae30c451495ce5378135758c0,native_eva_seal,shared_polynomial_v1,5,NOT_APPLICABLE,sha256:403b0d9e5ee96ff9484c0ad598ac73355c03e907d23996b8a882e2d28fd12513,24,sha256:dfc254192e6c4c82b53a0a33c487f6897731cdcc8b1f0ade804eff14de585dfc,configuration_validation_scale_20,2,NOT_SEPARATELY_RECORDED,0.372285499073,-1.9264037125334448,false,false,0.12771450092699999,2.298689211606445,false,-1.9264037125334448,PASS,REJECTED_SAMPLE,SECURITY_TARGET_MATCH_ASSUMPTIONS_DIFFER,NOT_SEPARATELY_RECORDED,NOT_SEPARATELY_RECORDED,28.381123,29.775181,24.290299,0.744457,54.895587,sha256:e0e05f0d8ec9bed6063c37e11befc3791ace8b735c0e91eab8681047e6e35796,eva_native_scale20_N14_QP240_403b0d9e5ee9,0.5,true
flipguard_provider_execution_record_v7,EVA,4cd3254c9c51340ae30c451495ce5378135758c0,native_eva_seal,shared_polynomial_v1,5,NOT_APPLICABLE,sha256:403b0d9e5ee96ff9484c0ad598ac73355c03e907d23996b8a882e2d28fd12513,27,sha256:dfc254192e6c4c82b53a0a33c487f6897731cdcc8b1f0ade804eff14de585dfc,configuration_validation_scale_20,2,NOT_SEPARATELY_RECORDED,0.554808789627,-1.2605315424210581,true,false,0.054808789626999976,1.8153403320480581,true,-1.2605315424210581,PASS,REJECTED_SAMPLE,SECURITY_TARGET_MATCH_ASSUMPTIONS_DIFFER,NOT_SEPARATELY_RECORDED,NOT_SEPARATELY_RECORDED,28.381123,28.730407,22.135656,0.739067,51.671664,sha256:e0e05f0d8ec9bed6063c37e11befc3791ace8b735c0e91eab8681047e6e35796,eva_native_scale20_N14_QP240_403b0d9e5ee9,0.5,true
flipguard_provider_execution_record_v7,EVA,4cd3254c9c51340ae30c451495ce5378135758c0,native_eva_seal,shared_polynomial_v1,5,NOT_APPLICABLE,sha256:403b0d9e5ee96ff9484c0ad598ac73355c03e907d23996b8a882e2d28fd12513,28,sha256:dfc254192e6c4c82b53a0a33c487f6897731cdcc8b1f0ade804eff14de585dfc,configuration_validation_scale_20,2,NOT_SEPARATELY_RECORDED,0.693877906730,-1.6455058462554695,true,false,0.19387790673000005,2.3393837529854693,true,-1.6455058462554695,PASS,REJECTED_SAMPLE,SECURITY_TARGET_MATCH_ASSUMPTIONS_DIFFER,NOT_SEPARATELY_RECORDED,NOT_SEPARATELY_RECORDED,28.381123,30.285734,22.034426,0.74603,53.132985,sha256:e0e05f0d8ec9bed6063c37e11befc3791ace8b735c0e91eab8681047e6e35796,eva_native_scale20_N14_QP240_403b0d9e5ee9,0.5,true
flipguard_provider_execution_record_v7,EVA,4cd3254c9c51340ae30c451495ce5378135758c0,native_eva_seal,shared_polynomial_v1,5,NOT_APPLICABLE,sha256:403b0d9e5ee96ff9484c0ad598ac73355c03e907d23996b8a882e2d28fd12513,29,sha256:dfc254192e6c4c82b53a0a33c487f6897731cdcc8b1f0ade804eff14de585dfc,configuration_validation_scale_20,2,NOT_SEPARATELY_RECORDED,0.377788305698,-2.1119857103196966,false,false,0.12221169430200002,2.4897740160176967,false,-2.1119857103196966,PASS,REJECTED_SAMPLE,SECURITY_TARGET_MATCH_ASSUMPTIONS_DIFFER,NOT_SEPARATELY_RECORDED,NOT_SEPARATELY_RECORDED,28.381123,27.93105,23.5615,0.770175,52.328951,sha256:e0e05f0d8ec9bed6063c37e11befc3791ace8b735c0e91eab8681047e6e35796,eva_native_scale20_N14_QP240_403b0d9e5ee9,0.5,true
flipguard_provider_execution_record_v7,EVA,4cd3254c9c51340ae30c451495ce5378135758c0,native_eva_seal,shared_polynomial_v1,5,NOT_APPLICABLE,sha256:403b0d9e5ee96ff9484c0ad598ac73355c03e907d23996b8a882e2d28fd12513,1,sha256:dfc254192e6c4c82b53a0a33c487f6897731cdcc8b1f0ade804eff14de585dfc,configuration_validation_scale_20,3,NOT_SEPARATELY_RECORDED,0.405941150447,0.8485587260196656,false,true,0.09405884955299998,0.4426175755726656,true,0.8485587260196656,PASS,REJECTED_SAMPLE,SECURITY_TARGET_MATCH_ASSUMPTIONS_DIFFER,NOT_SEPARATELY_RECORDED,NOT_SEPARATELY_RECORDED,24.790829,28.044042,22.624472,0.748544,51.499384,sha256:e0e05f0d8ec9bed6063c37e11befc3791ace8b735c0e91eab8681047e6e35796,eva_native_scale20_N14_QP240_403b0d9e5ee9,0.5,true
flipguard_provider_execution_record_v7,EVA,4cd3254c9c51340ae30c451495ce5378135758c0,native_eva_seal,shared_polynomial_v1,5,NOT_APPLICABLE,sha256:403b0d9e5ee96ff9484c0ad598ac73355c03e907d23996b8a882e2d28fd12513,2,sha256:dfc254192e6c4c82b53a0a33c487f6897731cdcc8b1f0ade804eff14de585dfc,configuration_validation_scale_20,3,NOT_SEPARATELY_RECORDED,0.613051408295,1.0551467061637254,true,true,0.11305140829500004,0.44209529786872537,false,1.0551467061637254,PASS,REJECTED_SAMPLE,SECURITY_TARGET_MATCH_ASSUMPTIONS_DIFFER,NOT_SEPARATELY_RECORDED,NOT_SEPARATELY_RECORDED,24.790829,27.681462,22.698482,0.726444,51.171219,sha256:e0e05f0d8ec9bed6063c37e11befc3791ace8b735c0e91eab8681047e6e35796,eva_native_scale20_N14_QP240_403b0d9e5ee9,0.5,true
flipguard_provider_execution_record_v7,EVA,4cd3254c9c51340ae30c451495ce5378135758c0,native_eva_seal,shared_polynomial_v1,5,NOT_APPLICABLE,sha256:403b0d9e5ee96ff9484c0ad598ac73355c03e907d23996b8a882e2d28fd12513,4,sha256:dfc254192e6c4c82b53a0a33c487f6897731cdcc8b1f0ade804eff14de585dfc,configuration_validation_scale_20,3,NOT_SEPARATELY_RECORDED,0.360432845935,0.8630905386202501,false,true,0.13956715406499998,0.5026576926852501,true,0.8630905386202501,PASS,REJECTED_SAMPLE,SECURITY_TARGET_MATCH_ASSUMPTIONS_DIFFER,NOT_SEPARATELY_RECORDED,NOT_SEPARATELY_RECORDED,24.790829,27.751534,22.591742,0.734308,51.141544,sha256:e0e05f0d8ec9bed6063c37e11befc3791ace8b735c0e91eab8681047e6e35796,eva_native_scale20_N14_QP240_403b0d9e5ee9,0.5,true
flipguard_provider_execution_record_v7,EVA,4cd3254c9c51340ae30c451495ce5378135758c0,native_eva_seal,shared_polynomial_v1,5,NOT_APPLICABLE,sha256:403b0d9e5ee96ff9484c0ad598ac73355c03e907d23996b8a882e2d28fd12513,7,sha256:dfc254192e6c4c82b53a0a33c487f6897731cdcc8b1f0ade804eff14de585dfc,configuration_validation_scale_20,3,NOT_SEPARATELY_RECORDED,0.619973925520,1.102534663869418,true,true,0.11997392551999997,0.48256073834941804,false,1.102534663869418,PASS,REJECTED_SAMPLE,SECURITY_TARGET_MATCH_ASSUMPTIONS_DIFFER,NOT_SEPARATELY_RECORDED,NOT_SEPARATELY_RECORDED,24.790829,27.560555,22.588485,0.742814,50.958249,sha256:e0e05f0d8ec9bed6063c37e11befc3791ace8b735c0e91eab8681047e6e35796,eva_native_scale20_N14_QP240_403b0d9e5ee9,0.5,true
flipguard_provider_execution_record_v7,EVA,4cd3254c9c51340ae30c451495ce5378135758c0,native_eva_seal,shared_polynomial_v1,5,NOT_APPLICABLE,sha256:403b0d9e5ee96ff9484c0ad598ac73355c03e907d23996b8a882e2d28fd12513,12,sha256:dfc254192e6c4c82b53a0a33c487f6897731cdcc8b1f0ade804eff14de585dfc,configuration_validation_scale_20,3,NOT_SEPARATELY_RECORDED,0.373458310701,0.8530104219607108,false,true,0.126541689299,0.47955211125971076,true,0.8530104219607108,PASS,REJECTED_SAMPLE,SECURITY_TARGET_MATCH_ASSUMPTIONS_DIFFER,NOT_SEPARATELY_RECORDED,NOT_SEPARATELY_RECORDED,24.790829,27.535389,22.486054,0.807265,50.898798,sha256:e0e05f0d8ec9bed6063c37e11befc3791ace8b735c0e91eab8681047e6e35796,eva_native_scale20_N14_QP240_403b0d9e5ee9,0.5,true
flipguard_provider_execution_record_v7,EVA,4cd3254c9c51340ae30c451495ce5378135758c0,native_eva_seal,shared_polynomial_v1,5,NOT_APPLICABLE,sha256:403b0d9e5ee96ff9484c0ad598ac73355c03e907d23996b8a882e2d28fd12513,13,sha256:dfc254192e6c4c82b53a0a33c487f6897731cdcc8b1f0ade804eff14de585dfc,configuration_validation_scale_20,3,NOT_SEPARATELY_RECORDED,0.382755646549,0.8392013411380409,false,true,0.11724435345099998,0.4564456945890409,true,0.8392013411380409,PASS,REJECTED_SAMPLE,SECURITY_TARGET_MATCH_ASSUMPTIONS_DIFFER,NOT_SEPARATELY_RECORDED,NOT_SEPARATELY_RECORDED,24.790829,27.225557,21.838518,0.73053,49.86645,sha256:e0e05f0d8ec9bed6063c37e11befc3791ace8b735c0e91eab8681047e6e35796,eva_native_scale20_N14_QP240_403b0d9e5ee9,0.5,true
flipguard_provider_execution_record_v7,EVA,4cd3254c9c51340ae30c451495ce5378135758c0,native_eva_seal,shared_polynomial_v1,5,NOT_APPLICABLE,sha256:403b0d9e5ee96ff9484c0ad598ac73355c03e907d23996b8a882e2d28fd12513,16,sha256:dfc254192e6c4c82b53a0a33c487f6897731cdcc8b1f0ade804eff14de585dfc,configuration_validation_scale_20,3,NOT_SEPARATELY_RECORDED,0.394676866358,0.814836744000888,false,true,0.10532313364200002,0.42015987764288804,true,0.814836744000888,PASS,REJECTED_SAMPLE,SECURITY_TARGET_MATCH_ASSUMPTIONS_DIFFER,NOT_SEPARATELY_RECORDED,NOT_SEPARATELY_RECORDED,24.790829,27.760039,21.604038,0.730311,50.160492,sha256:e0e05f0d8ec9bed6063c37e11befc3791ace8b735c0e91eab8681047e6e35796,eva_native_scale20_N14_QP240_403b0d9e5ee9,0.5,true
flipguard_provider_execution_record_v7,EVA,4cd3254c9c51340ae30c451495ce5378135758c0,native_eva_seal,shared_polynomial_v1,5,NOT_APPLICABLE,sha256:403b0d9e5ee96ff9484c0ad598ac73355c03e907d23996b8a882e2d28fd12513,18,sha256:dfc254192e6c4c82b53a0a33c487f6897731cdcc8b1f0ade804eff14de585dfc,configuration_validation_scale_20,3,NOT_SEPARATELY_RECORDED,0.649763871290,1.0892477499931654,true,true,0.14976387129000002,0.4394838787031654,false,1.0892477499931654,PASS,REJECTED_SAMPLE,SECURITY_TARGET_MATCH_ASSUMPTIONS_DIFFER,NOT_SEPARATELY_RECORDED,NOT_SEPARATELY_RECORDED,24.790829,27.678517,21.624156,0.793188,50.160803,sha256:e0e05f0d8ec9bed6063c37e11befc3791ace8b735c0e91eab8681047e6e35796,eva_native_scale20_N14_QP240_403b0d9e5ee9,0.5,true
flipguard_provider_execution_record_v7,EVA,4cd3254c9c51340ae30c451495ce5378135758c0,native_eva_seal,shared_polynomial_v1,5,NOT_APPLICABLE,sha256:403b0d9e5ee96ff9484c0ad598ac73355c03e907d23996b8a882e2d28fd12513,22,sha256:dfc254192e6c4c82b53a0a33c487f6897731cdcc8b1f0ade804eff14de585dfc,configuration_validation_scale_20,3,NOT_SEPARATELY_RECORDED,0.621008281974,1.0139342150798567,true,true,0.12100828197400004,0.39292593310585666,false,1.0139342150798567,PASS,REJECTED_SAMPLE,SECURITY_TARGET_MATCH_ASSUMPTIONS_DIFFER,NOT_SEPARATELY_RECORDED,NOT_SEPARATELY_RECORDED,24.790829,27.408952,22.066977,0.731683,50.274267,sha256:e0e05f0d8ec9bed6063c37e11befc3791ace8b735c0e91eab8681047e6e35796,eva_native_scale20_N14_QP240_403b0d9e5ee9,0.5,true
flipguard_provider_execution_record_v7,EVA,4cd3254c9c51340ae30c451495ce5378135758c0,native_eva_seal,shared_polynomial_v1,5,NOT_APPLICABLE,sha256:403b0d9e5ee96ff9484c0ad598ac73355c03e907d23996b8a882e2d28fd12513,23,sha256:dfc254192e6c4c82b53a0a33c487f6897731cdcc8b1f0ade804eff14de585dfc,configuration_validation_scale_20,3,NOT_SEPARATELY_RECORDED,0.602755940902,1.0242259405935035,true,true,0.10275594090200002,0.42146999969150345,false,1.0242259405935035,PASS,REJECTED_SAMPLE,SECURITY_TARGET_MATCH_ASSUMPTIONS_DIFFER,NOT_SEPARATELY_RECORDED,NOT_SEPARATELY_RECORDED,24.790829,27.466654,22.071601,0.766789,50.37287,sha256:e0e05f0d8ec9bed6063c37e11befc3791ace8b735c0e91eab8681047e6e35796,eva_native_scale20_N14_QP240_403b0d9e5ee9,0.5,true
flipguard_provider_execution_record_v7,EVA,4cd3254c9c51340ae30c451495ce5378135758c0,native_eva_seal,shared_polynomial_v1,5,NOT_APPLICABLE,sha256:403b0d9e5ee96ff9484c0ad598ac73355c03e907d23996b8a882e2d28fd12513,24,sha256:dfc254192e6c4c82b53a0a33c487f6897731cdcc8b1f0ade804eff14de585dfc,configuration_validation_scale_20,3,NOT_SEPARATELY_RECORDED,0.372285499073,0.8737355888883821,false,true,0.12771450092699999,0.5014500898153821,true,0.8737355888883821,PASS,REJECTED_SAMPLE,SECURITY_TARGET_MATCH_ASSUMPTIONS_DIFFER,NOT_SEPARATELY_RECORDED,NOT_SEPARATELY_RECORDED,24.790829,27.78153,22.152538,0.739307,50.740401,sha256:e0e05f0d8ec9bed6063c37e11befc3791ace8b735c0e91eab8681047e6e35796,eva_native_scale20_N14_QP240_403b0d9e5ee9,0.5,true
flipguard_provider_execution_record_v7,EVA,4cd3254c9c51340ae30c451495ce5378135758c0,native_eva_seal,shared_polynomial_v1,5,NOT_APPLICABLE,sha256:403b0d9e5ee96ff9484c0ad598ac73355c03e907d23996b8a882e2d28fd12513,27,sha256:dfc254192e6c4c82b53a0a33c487f6897731cdcc8b1f0ade804eff14de585dfc,configuration_validation_scale_20,3,NOT_SEPARATELY_RECORDED,0.554808789627,1.011564477637541,true,true,0.054808789626999976,0.456755688010541,false,1.011564477637541,PASS,REJECTED_SAMPLE,SECURITY_TARGET_MATCH_ASSUMPTIONS_DIFFER,NOT_SEPARATELY_RECORDED,NOT_SEPARATELY_RECORDED,24.790829,27.51534,21.756025,0.738486,50.076535,sha256:e0e05f0d8ec9bed6063c37e11befc3791ace8b735c0e91eab8681047e6e35796,eva_native_scale20_N14_QP240_403b0d9e5ee9,0.5,true
flipguard_provider_execution_record_v7,EVA,4cd3254c9c51340ae30c451495ce5378135758c0,native_eva_seal,shared_polynomial_v1,5,NOT_APPLICABLE,sha256:403b0d9e5ee96ff9484c0ad598ac73355c03e907d23996b8a882e2d28fd12513,28,sha256:dfc254192e6c4c82b53a0a33c487f6897731cdcc8b1f0ade804eff14de585dfc,configuration_validation_scale_20,3,NOT_SEPARATELY_RECORDED,0.693877906730,1.1535379021980532,true,true,0.19387790673000005,0.45965999546805314,false,1.1535379021980532,PASS,REJECTED_SAMPLE,SECURITY_TARGET_MATCH_ASSUMPTIONS_DIFFER,NOT_SEPARATELY_RECORDED,NOT_SEPARATELY_RECORDED,24.790829,27.539606,21.767945,0.735079,50.11072,sha256:e0e05f0d8ec9bed6063c37e11befc3791ace8b735c0e91eab8681047e6e35796,eva_native_scale20_N14_QP240_403b0d9e5ee9,0.5,true
flipguard_provider_execution_record_v7,EVA,4cd3254c9c51340ae30c451495ce5378135758c0,native_eva_seal,shared_polynomial_v1,5,NOT_APPLICABLE,sha256:403b0d9e5ee96ff9484c0ad598ac73355c03e907d23996b8a882e2d28fd12513,29,sha256:dfc254192e6c4c82b53a0a33c487f6897731cdcc8b1f0ade804eff14de585dfc,configuration_validation_scale_20,3,NOT_SEPARATELY_RECORDED,0.377788305698,0.8080883038845403,false,true,0.12221169430200002,0.43029999818654036,true,0.8080883038845403,PASS,REJECTED_SAMPLE,SECURITY_TARGET_MATCH_ASSUMPTIONS_DIFFER,NOT_SEPARATELY_RECORDED,NOT_SEPARATELY_RECORDED,24.790829,27.428317,21.579392,0.75169,49.82348,sha256:e0e05f0d8ec9bed6063c37e11befc3791ace8b735c0e91eab8681047e6e35796,eva_native_scale20_N14_QP240_403b0d9e5ee9,0.5,true
flipguard_provider_execution_record_v7,EVA,4cd3254c9c51340ae30c451495ce5378135758c0,native_eva_seal,shared_polynomial_v1,5,NOT_APPLICABLE,sha256:ef28317b2a3db3141e6d2ce3036709aacbcb8738f3047c2b2ff4126968997088,1,sha256:dfc254192e6c4c82b53a0a33c487f6897731cdcc8b1f0ade804eff14de585dfc,configuration_validation_scale_30,1,NOT_SEPARATELY_RECORDED,0.405941150447,0.4066571990190749,false,false,0.09405884955299998,0.0007160485720748566,false,0.4066571990190749,PASS,SAFE_SAMPLE,SECURITY_TARGET_MATCH_ASSUMPTIONS_DIFFER,NOT_SEPARATELY_RECORDED,NOT_SEPARATELY_RECORDED,22.080487,27.894677,22.598445,0.737074,51.31278,sha256:29eac11722d50e79dbcad7eefaa2d51c4b60c0492af6128a6ae3d3af8e17fe34,eva_native_scale30_N14_QP240_ef28317b2a3d,0.5,false
flipguard_provider_execution_record_v7,EVA,4cd3254c9c51340ae30c451495ce5378135758c0,native_eva_seal,shared_polynomial_v1,5,NOT_APPLICABLE,sha256:ef28317b2a3db3141e6d2ce3036709aacbcb8738f3047c2b2ff4126968997088,2,sha256:dfc254192e6c4c82b53a0a33c487f6897731cdcc8b1f0ade804eff14de585dfc,configuration_validation_scale_30,1,NOT_SEPARATELY_RECORDED,0.613051408295,0.6137238901388766,true,true,0.11305140829500004,0.0006724818438765823,false,0.6137238901388766,PASS,SAFE_SAMPLE,SECURITY_TARGET_MATCH_ASSUMPTIONS_DIFFER,NOT_SEPARATELY_RECORDED,NOT_SEPARATELY_RECORDED,22.080487,28.001462,23.246851,0.733507,52.044729,sha256:29eac11722d50e79dbcad7eefaa2d51c4b60c0492af6128a6ae3d3af8e17fe34,eva_native_scale30_N14_QP240_ef28317b2a3d,0.5,false
flipguard_provider_execution_record_v7,EVA,4cd3254c9c51340ae30c451495ce5378135758c0,native_eva_seal,shared_polynomial_v1,5,NOT_APPLICABLE,sha256:ef28317b2a3db3141e6d2ce3036709aacbcb8738f3047c2b2ff4126968997088,4,sha256:dfc254192e6c4c82b53a0a33c487f6897731cdcc8b1f0ade804eff14de585dfc,configuration_validation_scale_30,1,NOT_SEPARATELY_RECORDED,0.360432845935,0.361312015697035,false,false,0.13956715406499998,0.0008791697620350036,false,0.361312015697035,PASS,SAFE_SAMPLE,SECURITY_TARGET_MATCH_ASSUMPTIONS_DIFFER,NOT_SEPARATELY_RECORDED,NOT_SEPARATELY_RECORDED,22.080487,27.78156,22.205767,0.742924,50.795474,sha256:29eac11722d50e79dbcad7eefaa2d51c4b60c0492af6128a6ae3d3af8e17fe34,eva_native_scale30_N14_QP240_ef28317b2a3d,0.5,false
flipguard_provider_execution_record_v7,EVA,4cd3254c9c51340ae30c451495ce5378135758c0,native_eva_seal,shared_polynomial_v1,5,NOT_APPLICABLE,sha256:ef28317b2a3db3141e6d2ce3036709aacbcb8738f3047c2b2ff4126968997088,7,sha256:dfc254192e6c4c82b53a0a33c487f6897731cdcc8b1f0ade804eff14de585dfc,configuration_validation_scale_30,1,NOT_SEPARATELY_RECORDED,0.619973925520,0.6205734006658435,true,true,0.11997392551999997,0.0005994751458435754,false,0.6205734006658435,PASS,SAFE_SAMPLE,SECURITY_TARGET_MATCH_ASSUMPTIONS_DIFFER,NOT_SEPARATELY_RECORDED,NOT_SEPARATELY_RECORDED,22.080487,27.477189,22.515949,0.749937,50.807316,sha256:29eac11722d50e79dbcad7eefaa2d51c4b60c0492af6128a6ae3d3af8e17fe34,eva_native_scale30_N14_QP240_ef28317b2a3d,0.5,false
flipguard_provider_execution_record_v7,EVA,4cd3254c9c51340ae30c451495ce5378135758c0,native_eva_seal,shared_polynomial_v1,5,NOT_APPLICABLE,sha256:ef28317b2a3db3141e6d2ce3036709aacbcb8738f3047c2b2ff4126968997088,12,sha256:dfc254192e6c4c82b53a0a33c487f6897731cdcc8b1f0ade804eff14de585dfc,configuration_validation_scale_30,1,NOT_SEPARATELY_RECORDED,0.373458310701,0.37411371088526557,false,false,0.126541689299,0.0006554001842655754,false,0.37411371088526557,PASS,SAFE_SAMPLE,SECURITY_TARGET_MATCH_ASSUMPTIONS_DIFFER,NOT_SEPARATELY_RECORDED,NOT_SEPARATELY_RECORDED,22.080487,27.678658,22.995148,0.755768,51.496799,sha256:29eac11722d50e79dbcad7eefaa2d51c4b60c0492af6128a6ae3d3af8e17fe34,eva_native_scale30_N14_QP240_ef28317b2a3d,0.5,false
flipguard_provider_execution_record_v7,EVA,4cd3254c9c51340ae30c451495ce5378135758c0,native_eva_seal,shared_polynomial_v1,5,NOT_APPLICABLE,sha256:ef28317b2a3db3141e6d2ce3036709aacbcb8738f3047c2b2ff4126968997088,13,sha256:dfc254192e6c4c82b53a0a33c487f6897731cdcc8b1f0ade804eff14de585dfc,configuration_validation_scale_30,1,NOT_SEPARATELY_RECORDED,0.382755646549,0.38325647761473464,false,false,0.11724435345099998,0.0005008310657346193,false,0.38325647761473464,PASS,SAFE_SAMPLE,SECURITY_TARGET_MATCH_ASSUMPTIONS_DIFFER,NOT_SEPARATELY_RECORDED,NOT_SEPARATELY_RECORDED,22.080487,28.060123,22.19083,0.749196,51.067654,sha256:29eac11722d50e79dbcad7eefaa2d51c4b60c0492af6128a6ae3d3af8e17fe34,eva_native_scale30_N14_QP240_ef28317b2a3d,0.5,false
flipguard_provider_execution_record_v7,EVA,4cd3254c9c51340ae30c451495ce5378135758c0,native_eva_seal,shared_polynomial_v1,5,NOT_APPLICABLE,sha256:ef28317b2a3db3141e6d2ce3036709aacbcb8738f3047c2b2ff4126968997088,16,sha256:dfc254192e6c4c82b53a0a33c487f6897731cdcc8b1f0ade804eff14de585dfc,configuration_validation_scale_30,1,NOT_SEPARATELY_RECORDED,0.394676866358,0.3952623015576122,false,false,0.10532313364200002,0.0005854351996122387,false,0.3952623015576122,PASS,SAFE_SAMPLE,SECURITY_TARGET_MATCH_ASSUMPTIONS_DIFFER,NOT_SEPARATELY_RECORDED,NOT_SEPARATELY_RECORDED,22.080487,28.042229,22.442552,0.803337,51.360294,sha256:29eac11722d50e79dbcad7eefaa2d51c4b60c0492af6128a6ae3d3af8e17fe34,eva_native_scale30_N14_QP240_ef28317b2a3d,0.5,false
flipguard_provider_execution_record_v7,EVA,4cd3254c9c51340ae30c451495ce5378135758c0,native_eva_seal,shared_polynomial_v1,5,NOT_APPLICABLE,sha256:ef28317b2a3db3141e6d2ce3036709aacbcb8738f3047c2b2ff4126968997088,18,sha256:dfc254192e6c4c82b53a0a33c487f6897731cdcc8b1f0ade804eff14de585dfc,configuration_validation_scale_30,1,NOT_SEPARATELY_RECORDED,0.649763871290,0.6506006099275359,true,true,0.14976387129000002,0.000836738637535861,false,0.6506006099275359,PASS,SAFE_SAMPLE,SECURITY_TARGET_MATCH_ASSUMPTIONS_DIFFER,NOT_SEPARATELY_RECORDED,NOT_SEPARATELY_RECORDED,22.080487,27.825112,22.752003,0.766348,51.414886,sha256:29eac11722d50e79dbcad7eefaa2d51c4b60c0492af6128a6ae3d3af8e17fe34,eva_native_scale30_N14_QP240_ef28317b2a3d,0.5,false
flipguard_provider_execution_record_v7,EVA,4cd3254c9c51340ae30c451495ce5378135758c0,native_eva_seal,shared_polynomial_v1,5,NOT_APPLICABLE,sha256:ef28317b2a3db3141e6d2ce3036709aacbcb8738f3047c2b2ff4126968997088,22,sha256:dfc254192e6c4c82b53a0a33c487f6897731cdcc8b1f0ade804eff14de585dfc,configuration_validation_scale_30,1,NOT_SEPARATELY_RECORDED,0.621008281974,0.6219219766376408,true,true,0.12100828197400004,0.0009136946636407739,false,0.6219219766376408,PASS,SAFE_SAMPLE,SECURITY_TARGET_MATCH_ASSUMPTIONS_DIFFER,NOT_SEPARATELY_RECORDED,NOT_SEPARATELY_RECORDED,22.080487,27.89899,22.91341,0.737294,51.615007,sha256:29eac11722d50e79dbcad7eefaa2d51c4b60c0492af6128a6ae3d3af8e17fe34,eva_native_scale30_N14_QP240_ef28317b2a3d,0.5,false
flipguard_provider_execution_record_v7,EVA,4cd3254c9c51340ae30c451495ce5378135758c0,native_eva_seal,shared_polynomial_v1,5,NOT_APPLICABLE,sha256:ef28317b2a3db3141e6d2ce3036709aacbcb8738f3047c2b2ff4126968997088,23,sha256:dfc254192e6c4c82b53a0a33c487f6897731cdcc8b1f0ade804eff14de585dfc,configuration_validation_scale_30,1,NOT_SEPARATELY_RECORDED,0.602755940902,0.6037885214736667,true,true,0.10275594090200002,0.0010325805716666636,false,0.6037885214736667,PASS,SAFE_SAMPLE,SECURITY_TARGET_MATCH_ASSUMPTIONS_DIFFER,NOT_SEPARATELY_RECORDED,NOT_SEPARATELY_RECORDED,22.080487,27.811249,22.824859,0.755117,51.454946,sha256:29eac11722d50e79dbcad7eefaa2d51c4b60c0492af6128a6ae3d3af8e17fe34,eva_native_scale30_N14_QP240_ef28317b2a3d,0.5,false
flipguard_provider_execution_record_v7,EVA,4cd3254c9c51340ae30c451495ce5378135758c0,native_eva_seal,shared_polynomial_v1,5,NOT_APPLICABLE,sha256:ef28317b2a3db3141e6d2ce3036709aacbcb8738f3047c2b2ff4126968997088,24,sha256:dfc254192e6c4c82b53a0a33c487f6897731cdcc8b1f0ade804eff14de585dfc,configuration_validation_scale_30,1,NOT_SEPARATELY_RECORDED,0.372285499073,0.3732245021331274,false,false,0.12771450092699999,0.0009390030601273969,false,0.3732245021331274,PASS,SAFE_SAMPLE,SECURITY_TARGET_MATCH_ASSUMPTIONS_DIFFER,NOT_SEPARATELY_RECORDED,NOT_SEPARATELY_RECORDED,22.080487,27.546785,22.170912,0.749196,50.541393,sha256:29eac11722d50e79dbcad7eefaa2d51c4b60c0492af6128a6ae3d3af8e17fe34,eva_native_scale30_N14_QP240_ef28317b2a3d,0.5,false
flipguard_provider_execution_record_v7,EVA,4cd3254c9c51340ae30c451495ce5378135758c0,native_eva_seal,shared_polynomial_v1,5,NOT_APPLICABLE,sha256:ef28317b2a3db3141e6d2ce3036709aacbcb8738f3047c2b2ff4126968997088,27,sha256:dfc254192e6c4c82b53a0a33c487f6897731cdcc8b1f0ade804eff14de585dfc,configuration_validation_scale_30,1,NOT_SEPARATELY_RECORDED,0.554808789627,0.5555844612136365,true,true,0.054808789626999976,0.0007756715866364949,false,0.5555844612136365,PASS,SAFE_SAMPLE,SECURITY_TARGET_MATCH_ASSUMPTIONS_DIFFER,NOT_SEPARATELY_RECORDED,NOT_SEPARATELY_RECORDED,22.080487,28.156568,22.45243,0.745689,51.421103,sha256:29eac11722d50e79dbcad7eefaa2d51c4b60c0492af6128a6ae3d3af8e17fe34,eva_native_scale30_N14_QP240_ef28317b2a3d,0.5,false
flipguard_provider_execution_record_v7,EVA,4cd3254c9c51340ae30c451495ce5378135758c0,native_eva_seal,shared_polynomial_v1,5,NOT_APPLICABLE,sha256:ef28317b2a3db3141e6d2ce3036709aacbcb8738f3047c2b2ff4126968997088,28,sha256:dfc254192e6c4c82b53a0a33c487f6897731cdcc8b1f0ade804eff14de585dfc,configuration_validation_scale_30,1,NOT_SEPARATELY_RECORDED,0.693877906730,0.6948355566135928,true,true,0.19387790673000005,0.0009576498835927039,false,0.6948355566135928,PASS,SAFE_SAMPLE,SECURITY_TARGET_MATCH_ASSUMPTIONS_DIFFER,NOT_SEPARATELY_RECORDED,NOT_SEPARATELY_RECORDED,22.080487,27.910382,22.722062,0.730951,51.426323,sha256:29eac11722d50e79dbcad7eefaa2d51c4b60c0492af6128a6ae3d3af8e17fe34,eva_native_scale30_N14_QP240_ef28317b2a3d,0.5,false
flipguard_provider_execution_record_v7,EVA,4cd3254c9c51340ae30c451495ce5378135758c0,native_eva_seal,shared_polynomial_v1,5,NOT_APPLICABLE,sha256:ef28317b2a3db3141e6d2ce3036709aacbcb8738f3047c2b2ff4126968997088,29,sha256:dfc254192e6c4c82b53a0a33c487f6897731cdcc8b1f0ade804eff14de585dfc,configuration_validation_scale_30,1,NOT_SEPARATELY_RECORDED,0.377788305698,0.3785269173568339,false,false,0.12221169430200002,0.000738611658833932,false,0.3785269173568339,PASS,SAFE_SAMPLE,SECURITY_TARGET_MATCH_ASSUMPTIONS_DIFFER,NOT_SEPARATELY_RECORDED,NOT_SEPARATELY_RECORDED,22.080487,27.708658,22.695878,0.749246,51.222029,sha256:29eac11722d50e79dbcad7eefaa2d51c4b60c0492af6128a6ae3d3af8e17fe34,eva_native_scale30_N14_QP240_ef28317b2a3d,0.5,false
flipguard_provider_execution_record_v7,EVA,4cd3254c9c51340ae30c451495ce5378135758c0,native_eva_seal,shared_polynomial_v1,5,NOT_APPLICABLE,sha256:ef28317b2a3db3141e6d2ce3036709aacbcb8738f3047c2b2ff4126968997088,1,sha256:dfc254192e6c4c82b53a0a33c487f6897731cdcc8b1f0ade804eff14de585dfc,configuration_validation_scale_30,2,NOT_SEPARATELY_RECORDED,0.405941150447,0.405821459517467,false,false,0.09405884955299998,0.00011969092953301175,false,0.405821459517467,PASS,SAFE_SAMPLE,SECURITY_TARGET_MATCH_ASSUMPTIONS_DIFFER,NOT_SEPARATELY_RECORDED,NOT_SEPARATELY_RECORDED,24.62116,28.130034,22.352383,0.762701,51.330538,sha256:29eac11722d50e79dbcad7eefaa2d51c4b60c0492af6128a6ae3d3af8e17fe34,eva_native_scale30_N14_QP240_ef28317b2a3d,0.5,false
flipguard_provider_execution_record_v7,EVA,4cd3254c9c51340ae30c451495ce5378135758c0,native_eva_seal,shared_polynomial_v1,5,NOT_APPLICABLE,sha256:ef28317b2a3db3141e6d2ce3036709aacbcb8738f3047c2b2ff4126968997088,2,sha256:dfc254192e6c4c82b53a0a33c487f6897731cdcc8b1f0ade804eff14de585dfc,configuration_validation_scale_30,2,NOT_SEPARATELY_RECORDED,0.613051408295,0.6128783241147538,true,true,0.11305140829500004,0.00017308418024619687,false,0.6128783241147538,PASS,SAFE_SAMPLE,SECURITY_TARGET_MATCH_ASSUMPTIONS_DIFFER,NOT_SEPARATELY_RECORDED,NOT_SEPARATELY_RECORDED,24.62116,27.814347,21.996715,0.745469,50.62532,sha256:29eac11722d50e79dbcad7eefaa2d51c4b60c0492af6128a6ae3d3af8e17fe34,eva_native_scale30_N14_QP240_ef28317b2a3d,0.5,false
flipguard_provider_execution_record_v7,EVA,4cd3254c9c51340ae30c451495ce5378135758c0,native_eva_seal,shared_polynomial_v1,5,NOT_APPLICABLE,sha256:ef28317b2a3db3141e6d2ce3036709aacbcb8738f3047c2b2ff4126968997088,4,sha256:dfc254192e6c4c82b53a0a33c487f6897731cdcc8b1f0ade804eff14de585dfc,configuration_validation_scale_30,2,NOT_SEPARATELY_RECORDED,0.360432845935,0.36020467268964673,false,false,0.13956715406499998,0.00022817324535329142,false,0.36020467268964673,PASS,SAFE_SAMPLE,SECURITY_TARGET_MATCH_ASSUMPTIONS_DIFFER,NOT_SEPARATELY_RECORDED,NOT_SEPARATELY_RECORDED,24.62116,36.392578,24.050905,2.941289,63.456796,sha256:29eac11722d50e79dbcad7eefaa2d51c4b60c0492af6128a6ae3d3af8e17fe34,eva_native_scale30_N14_QP240_ef28317b2a3d,0.5,false
flipguard_provider_execution_record_v7,EVA,4cd3254c9c51340ae30c451495ce5378135758c0,native_eva_seal,shared_polynomial_v1,5,NOT_APPLICABLE,sha256:ef28317b2a3db3141e6d2ce3036709aacbcb8738f3047c2b2ff4126968997088,7,sha256:dfc254192e6c4c82b53a0a33c487f6897731cdcc8b1f0ade804eff14de585dfc,configuration_validation_scale_30,2,NOT_SEPARATELY_RECORDED,0.619973925520,0.619830375865117,true,true,0.11997392551999997,0.00014354965488294624,false,0.619830375865117,PASS,SAFE_SAMPLE,SECURITY_TARGET_MATCH_ASSUMPTIONS_DIFFER,NOT_SEPARATELY_RECORDED,NOT_SEPARATELY_RECORDED,24.62116,28.243407,22.828906,0.760708,51.930684,sha256:29eac11722d50e79dbcad7eefaa2d51c4b60c0492af6128a6ae3d3af8e17fe34,eva_native_scale30_N14_QP240_ef28317b2a3d,0.5,false
flipguard_provider_execution_record_v7,EVA,4cd3254c9c51340ae30c451495ce5378135758c0,native_eva_seal,shared_polynomial_v1,5,NOT_APPLICABLE,sha256:ef28317b2a3db3141e6d2ce3036709aacbcb8738f3047c2b2ff4126968997088,12,sha256:dfc254192e6c4c82b53a0a33c487f6897731cdcc8b1f0ade804eff14de585dfc,configuration_validation_scale_30,2,NOT_SEPARATELY_RECORDED,0.373458310701,0.37319973442784005,false,false,0.126541689299,0.00025857627315994947,false,0.37319973442784005,PASS,SAFE_SAMPLE,SECURITY_TARGET_MATCH_ASSUMPTIONS_DIFFER,NOT_SEPARATELY_RECORDED,NOT_SEPARATELY_RECORDED,24.62116,32.813132,22.419748,0.74575,56.351439,sha256:29eac11722d50e79dbcad7eefaa2d51c4b60c0492af6128a6ae3d3af8e17fe34,eva_native_scale30_N14_QP240_ef28317b2a3d,0.5,false
flipguard_provider_execution_record_v7,EVA,4cd3254c9c51340ae30c451495ce5378135758c0,native_eva_seal,shared_polynomial_v1,5,NOT_APPLICABLE,sha256:ef28317b2a3db3141e6d2ce3036709aacbcb8738f3047c2b2ff4126968997088,13,sha256:dfc254192e6c4c82b53a0a33c487f6897731cdcc8b1f0ade804eff14de585dfc,configuration_validation_scale_30,2,NOT_SEPARATELY_RECORDED,0.382755646549,0.3826352960330725,false,false,0.11724435345099998,0.00012035051592751422,false,0.3826352960330725,PASS,SAFE_SAMPLE,SECURITY_TARGET_MATCH_ASSUMPTIONS_DIFFER,NOT_SEPARATELY_RECORDED,NOT_SEPARATELY_RECORDED,24.62116,42.574548,26.451153,0.744256,69.836974,sha256:29eac11722d50e79dbcad7eefaa2d51c4b60c0492af6128a6ae3d3af8e17fe34,eva_native_scale30_N14_QP240_ef28317b2a3d,0.5,false
flipguard_provider_execution_record_v7,EVA,4cd3254c9c51340ae30c451495ce5378135758c0,native_eva_seal,shared_polynomial_v1,5,NOT_APPLICABLE,sha256:ef28317b2a3db3141e6d2ce3036709aacbcb8738f3047c2b2ff4126968997088,16,sha256:dfc254192e6c4c82b53a0a33c487f6897731cdcc8b1f0ade804eff14de585dfc,configuration_validation_scale_30,2,NOT_SEPARATELY_RECORDED,0.394676866358,0.3945884459550573,false,false,0.10532313364200002,8.842040294265718e-05,false,0.3945884459550573,PASS,SAFE_SAMPLE,SECURITY_TARGET_MATCH_ASSUMPTIONS_DIFFER,NOT_SEPARATELY_RECORDED,NOT_SEPARATELY_RECORDED,24.62116,32.058205,22.579063,0.738165,55.440496,sha256:29eac11722d50e79dbcad7eefaa2d51c4b60c0492af6128a6ae3d3af8e17fe34,eva_native_scale30_N14_QP240_ef28317b2a3d,0.5,false
flipguard_provider_execution_record_v7,EVA,4cd3254c9c51340ae30c451495ce5378135758c0,native_eva_seal,shared_polynomial_v1,5,NOT_APPLICABLE,sha256:ef28317b2a3db3141e6d2ce3036709aacbcb8738f3047c2b2ff4126968997088,18,sha256:dfc254192e6c4c82b53a0a33c487f6897731cdcc8b1f0ade804eff14de585dfc,configuration_validation_scale_30,2,NOT_SEPARATELY_RECORDED,0.649763871290,0.6495125159964412,true,true,0.14976387129000002,0.00025135529355879704,false,0.6495125159964412,PASS,SAFE_SAMPLE,SECURITY_TARGET_MATCH_ASSUMPTIONS_DIFFER,NOT_SEPARATELY_RECORDED,NOT_SEPARATELY_RECORDED,24.62116,27.679664,22.604857,0.777159,51.137771,sha256:29eac11722d50e79dbcad7eefaa2d51c4b60c0492af6128a6ae3d3af8e17fe34,eva_native_scale30_N14_QP240_ef28317b2a3d,0.5,false
flipguard_provider_execution_record_v7,EVA,4cd3254c9c51340ae30c451495ce5378135758c0,native_eva_seal,shared_polynomial_v1,5,NOT_APPLICABLE,sha256:ef28317b2a3db3141e6d2ce3036709aacbcb8738f3047c2b2ff4126968997088,22,sha256:dfc254192e6c4c82b53a0a33c487f6897731cdcc8b1f0ade804eff14de585dfc,configuration_validation_scale_30,2,NOT_SEPARATELY_RECORDED,0.621008281974,0.6208926729433701,true,true,0.12100828197400004,0.00011560903062990402,false,0.6208926729433701,PASS,SAFE_SAMPLE,SECURITY_TARGET_MATCH_ASSUMPTIONS_DIFFER,NOT_SEPARATELY_RECORDED,NOT_SEPARATELY_RECORDED,24.62116,26.943838,24.147691,0.735229,52.030001,sha256:29eac11722d50e79dbcad7eefaa2d51c4b60c0492af6128a6ae3d3af8e17fe34,eva_native_scale30_N14_QP240_ef28317b2a3d,0.5,false
flipguard_provider_execution_record_v7,EVA,4cd3254c9c51340ae30c451495ce5378135758c0,native_eva_seal,shared_polynomial_v1,5,NOT_APPLICABLE,sha256:ef28317b2a3db3141e6d2ce3036709aacbcb8738f3047c2b2ff4126968997088,23,sha256:dfc254192e6c4c82b53a0a33c487f6897731cdcc8b1f0ade804eff14de585dfc,configuration_validation_scale_30,2,NOT_SEPARATELY_RECORDED,0.602755940902,0.6026745624748779,true,true,0.10275594090200002,8.137842712208077e-05,false,0.6026745624748779,PASS,SAFE_SAMPLE,SECURITY_TARGET_MATCH_ASSUMPTIONS_DIFFER,NOT_SEPARATELY_RECORDED,NOT_SEPARATELY_RECORDED,24.62116,31.302196,27.855494,0.748475,59.970606,sha256:29eac11722d50e79dbcad7eefaa2d51c4b60c0492af6128a6ae3d3af8e17fe34,eva_native_scale30_N14_QP240_ef28317b2a3d,0.5,false
flipguard_provider_execution_record_v7,EVA,4cd3254c9c51340ae30c451495ce5378135758c0,native_eva_seal,shared_polynomial_v1,5,NOT_APPLICABLE,sha256:ef28317b2a3db3141e6d2ce3036709aacbcb8738f3047c2b2ff4126968997088,24,sha256:dfc254192e6c4c82b53a0a33c487f6897731cdcc8b1f0ade804eff14de585dfc,configuration_validation_scale_30,2,NOT_SEPARATELY_RECORDED,0.372285499073,0.3721614377773782,false,false,0.12771450092699999,0.00012406129562181345,false,0.3721614377773782,PASS,SAFE_SAMPLE,SECURITY_TARGET_MATCH_ASSUMPTIONS_DIFFER,NOT_SEPARATELY_RECORDED,NOT_SEPARATELY_RECORDED,24.62116,32.563828,25.02056,3.44334,61.09234,sha256:29eac11722d50e79dbcad7eefaa2d51c4b60c0492af6128a6ae3d3af8e17fe34,eva_native_scale30_N14_QP240_ef28317b2a3d,0.5,false
flipguard_provider_execution_record_v7,EVA,4cd3254c9c51340ae30c451495ce5378135758c0,native_eva_seal,shared_polynomial_v1,5,NOT_APPLICABLE,sha256:ef28317b2a3db3141e6d2ce3036709aacbcb8738f3047c2b2ff4126968997088,27,sha256:dfc254192e6c4c82b53a0a33c487f6897731cdcc8b1f0ade804eff14de585dfc,configuration_validation_scale_30,2,NOT_SEPARATELY_RECORDED,0.554808789627,0.5545574816631058,true,true,0.054808789626999976,0.0002513079638941651,false,0.5545574816631058,PASS,SAFE_SAMPLE,SECURITY_TARGET_MATCH_ASSUMPTIONS_DIFFER,NOT_SEPARATELY_RECORDED,NOT_SEPARATELY_RECORDED,24.62116,32.777375,31.594786,0.743065,65.185436,sha256:29eac11722d50e79dbcad7eefaa2d51c4b60c0492af6128a6ae3d3af8e17fe34,eva_native_scale30_N14_QP240_ef28317b2a3d,0.5,false
flipguard_provider_execution_record_v7,EVA,4cd3254c9c51340ae30c451495ce5378135758c0,native_eva_seal,shared_polynomial_v1,5,NOT_APPLICABLE,sha256:ef28317b2a3db3141e6d2ce3036709aacbcb8738f3047c2b2ff4126968997088,28,sha256:dfc254192e6c4c82b53a0a33c487f6897731cdcc8b1f0ade804eff14de585dfc,configuration_validation_scale_30,2,NOT_SEPARATELY_RECORDED,0.693877906730,0.6937565296253032,true,true,0.19387790673000005,0.00012137710469684038,false,0.6937565296253032,PASS,SAFE_SAMPLE,SECURITY_TARGET_MATCH_ASSUMPTIONS_DIFFER,NOT_SEPARATELY_RECORDED,NOT_SEPARATELY_RECORDED,24.62116,34.582601,22.429989,0.739969,57.819214,sha256:29eac11722d50e79dbcad7eefaa2d51c4b60c0492af6128a6ae3d3af8e17fe34,eva_native_scale30_N14_QP240_ef28317b2a3d,0.5,false
flipguard_provider_execution_record_v7,EVA,4cd3254c9c51340ae30c451495ce5378135758c0,native_eva_seal,shared_polynomial_v1,5,NOT_APPLICABLE,sha256:ef28317b2a3db3141e6d2ce3036709aacbcb8738f3047c2b2ff4126968997088,29,sha256:dfc254192e6c4c82b53a0a33c487f6897731cdcc8b1f0ade804eff14de585dfc,configuration_validation_scale_30,2,NOT_SEPARATELY_RECORDED,0.377788305698,0.3777842608956361,false,false,0.12221169430200002,4.044802363878386e-06,false,0.3777842608956361,PASS,SAFE_SAMPLE,SECURITY_TARGET_MATCH_ASSUMPTIONS_DIFFER,NOT_SEPARATELY_RECORDED,NOT_SEPARATELY_RECORDED,24.62116,27.041961,23.078766,0.737043,50.923123,sha256:29eac11722d50e79dbcad7eefaa2d51c4b60c0492af6128a6ae3d3af8e17fe34,eva_native_scale30_N14_QP240_ef28317b2a3d,0.5,false
flipguard_provider_execution_record_v7,EVA,4cd3254c9c51340ae30c451495ce5378135758c0,native_eva_seal,shared_polynomial_v1,5,NOT_APPLICABLE,sha256:ef28317b2a3db3141e6d2ce3036709aacbcb8738f3047c2b2ff4126968997088,1,sha256:dfc254192e6c4c82b53a0a33c487f6897731cdcc8b1f0ade804eff14de585dfc,configuration_validation_scale_30,3,NOT_SEPARATELY_RECORDED,0.405941150447,0.40537992023261243,false,false,0.09405884955299998,0.0005612302143875869,false,0.40537992023261243,PASS,SAFE_SAMPLE,SECURITY_TARGET_MATCH_ASSUMPTIONS_DIFFER,NOT_SEPARATELY_RECORDED,NOT_SEPARATELY_RECORDED,23.076361,28.181741,22.744588,0.740509,51.75794,sha256:29eac11722d50e79dbcad7eefaa2d51c4b60c0492af6128a6ae3d3af8e17fe34,eva_native_scale30_N14_QP240_ef28317b2a3d,0.5,false
flipguard_provider_execution_record_v7,EVA,4cd3254c9c51340ae30c451495ce5378135758c0,native_eva_seal,shared_polynomial_v1,5,NOT_APPLICABLE,sha256:ef28317b2a3db3141e6d2ce3036709aacbcb8738f3047c2b2ff4126968997088,2,sha256:dfc254192e6c4c82b53a0a33c487f6897731cdcc8b1f0ade804eff14de585dfc,configuration_validation_scale_30,3,NOT_SEPARATELY_RECORDED,0.613051408295,0.6122067464250139,true,true,0.11305140829500004,0.0008446618699861075,false,0.6122067464250139,PASS,SAFE_SAMPLE,SECURITY_TARGET_MATCH_ASSUMPTIONS_DIFFER,NOT_SEPARATELY_RECORDED,NOT_SEPARATELY_RECORDED,23.076361,28.10698,22.290947,0.74647,51.221083,sha256:29eac11722d50e79dbcad7eefaa2d51c4b60c0492af6128a6ae3d3af8e17fe34,eva_native_scale30_N14_QP240_ef28317b2a3d,0.5,false
flipguard_provider_execution_record_v7,EVA,4cd3254c9c51340ae30c451495ce5378135758c0,native_eva_seal,shared_polynomial_v1,5,NOT_APPLICABLE,sha256:ef28317b2a3db3141e6d2ce3036709aacbcb8738f3047c2b2ff4126968997088,4,sha256:dfc254192e6c4c82b53a0a33c487f6897731cdcc8b1f0ade804eff14de585dfc,configuration_validation_scale_30,3,NOT_SEPARATELY_RECORDED,0.360432845935,0.3594598906751029,false,false,0.13956715406499998,0.0009729552598971014,false,0.3594598906751029,PASS,SAFE_SAMPLE,SECURITY_TARGET_MATCH_ASSUMPTIONS_DIFFER,NOT_SEPARATELY_RECORDED,NOT_SEPARATELY_RECORDED,23.076361,28.512672,23.807023,0.780846,53.17006,sha256:29eac11722d50e79dbcad7eefaa2d51c4b60c0492af6128a6ae3d3af8e17fe34,eva_native_scale30_N14_QP240_ef28317b2a3d,0.5,false
flipguard_provider_execution_record_v7,EVA,4cd3254c9c51340ae30c451495ce5378135758c0,native_eva_seal,shared_polynomial_v1,5,NOT_APPLICABLE,sha256:ef28317b2a3db3141e6d2ce3036709aacbcb8738f3047c2b2ff4126968997088,7,sha256:dfc254192e6c4c82b53a0a33c487f6897731cdcc8b1f0ade804eff14de585dfc,configuration_validation_scale_30,3,NOT_SEPARATELY_RECORDED,0.619973925520,0.6191876772978259,true,true,0.11997392551999997,0.0007862482221741018,false,0.6191876772978259,PASS,SAFE_SAMPLE,SECURITY_TARGET_MATCH_ASSUMPTIONS_DIFFER,NOT_SEPARATELY_RECORDED,NOT_SEPARATELY_RECORDED,23.076361,29.487561,24.921594,0.770806,55.250644,sha256:29eac11722d50e79dbcad7eefaa2d51c4b60c0492af6128a6ae3d3af8e17fe34,eva_native_scale30_N14_QP240_ef28317b2a3d,0.5,false
flipguard_provider_execution_record_v7,EVA,4cd3254c9c51340ae30c451495ce5378135758c0,native_eva_seal,shared_polynomial_v1,5,NOT_APPLICABLE,sha256:ef28317b2a3db3141e6d2ce3036709aacbcb8738f3047c2b2ff4126968997088,12,sha256:dfc254192e6c4c82b53a0a33c487f6897731cdcc8b1f0ade804eff14de585dfc,configuration_validation_scale_30,3,NOT_SEPARATELY_RECORDED,0.373458310701,0.37316819474388724,false,false,0.126541689299,0.0002901159571127576,false,0.37316819474388724,PASS,SAFE_SAMPLE,SECURITY_TARGET_MATCH_ASSUMPTIONS_DIFFER,NOT_SEPARATELY_RECORDED,NOT_SEPARATELY_RECORDED,23.076361,31.418924,22.864013,0.731032,55.08366,sha256:29eac11722d50e79dbcad7eefaa2d51c4b60c0492af6128a6ae3d3af8e17fe34,eva_native_scale30_N14_QP240_ef28317b2a3d,0.5,false
flipguard_provider_execution_record_v7,EVA,4cd3254c9c51340ae30c451495ce5378135758c0,native_eva_seal,shared_polynomial_v1,5,NOT_APPLICABLE,sha256:ef28317b2a3db3141e6d2ce3036709aacbcb8738f3047c2b2ff4126968997088,13,sha256:dfc254192e6c4c82b53a0a33c487f6897731cdcc8b1f0ade804eff14de585dfc,configuration_validation_scale_30,3,NOT_SEPARATELY_RECORDED,0.382755646549,0.38164129073148007,false,false,0.11724435345099998,0.001114355817519952,false,0.38164129073148007,PASS,SAFE_SAMPLE,SECURITY_TARGET_MATCH_ASSUMPTIONS_DIFFER,NOT_SEPARATELY_RECORDED,NOT_SEPARATELY_RECORDED,23.076361,27.531832,22.869663,0.797636,51.27282,sha256:29eac11722d50e79dbcad7eefaa2d51c4b60c0492af6128a6ae3d3af8e17fe34,eva_native_scale30_N14_QP240_ef28317b2a3d,0.5,false
flipguard_provider_execution_record_v7,EVA,4cd3254c9c51340ae30c451495ce5378135758c0,native_eva_seal,shared_polynomial_v1,5,NOT_APPLICABLE,sha256:ef28317b2a3db3141e6d2ce3036709aacbcb8738f3047c2b2ff4126968997088,16,sha256:dfc254192e6c4c82b53a0a33c487f6897731cdcc8b1f0ade804eff14de585dfc,configuration_validation_scale_30,3,NOT_SEPARATELY_RECORDED,0.394676866358,0.3930068172069052,false,false,0.10532313364200002,0.0016700491510947546,false,0.3930068172069052,PASS,SAFE_SAMPLE,SECURITY_TARGET_MATCH_ASSUMPTIONS_DIFFER,NOT_SEPARATELY_RECORDED,NOT_SEPARATELY_RECORDED,23.076361,27.942993,22.309432,0.972695,51.309819,sha256:29eac11722d50e79dbcad7eefaa2d51c4b60c0492af6128a6ae3d3af8e17fe34,eva_native_scale30_N14_QP240_ef28317b2a3d,0.5,false
flipguard_provider_execution_record_v7,EVA,4cd3254c9c51340ae30c451495ce5378135758c0,native_eva_seal,shared_polynomial_v1,5,NOT_APPLICABLE,sha256:ef28317b2a3db3141e6d2ce3036709aacbcb8738f3047c2b2ff4126968997088,18,sha256:dfc254192e6c4c82b53a0a33c487f6897731cdcc8b1f0ade804eff14de585dfc,configuration_validation_scale_30,3,NOT_SEPARATELY_RECORDED,0.649763871290,0.6488398712481496,true,true,0.14976387129000002,0.0009240000418504479,false,0.6488398712481496,PASS,SAFE_SAMPLE,SECURITY_TARGET_MATCH_ASSUMPTIONS_DIFFER,NOT_SEPARATELY_RECORDED,NOT_SEPARATELY_RECORDED,23.076361,28.316119,22.618542,0.755177,51.764007,sha256:29eac11722d50e79dbcad7eefaa2d51c4b60c0492af6128a6ae3d3af8e17fe34,eva_native_scale30_N14_QP240_ef28317b2a3d,0.5,false
flipguard_provider_execution_record_v7,EVA,4cd3254c9c51340ae30c451495ce5378135758c0,native_eva_seal,shared_polynomial_v1,5,NOT_APPLICABLE,sha256:ef28317b2a3db3141e6d2ce3036709aacbcb8738f3047c2b2ff4126968997088,22,sha256:dfc254192e6c4c82b53a0a33c487f6897731cdcc8b1f0ade804eff14de585dfc,configuration_validation_scale_30,3,NOT_SEPARATELY_RECORDED,0.621008281974,0.620672311670409,true,true,0.12100828197400004,0.00033597030359100444,false,0.620672311670409,PASS,SAFE_SAMPLE,SECURITY_TARGET_MATCH_ASSUMPTIONS_DIFFER,NOT_SEPARATELY_RECORDED,NOT_SEPARATELY_RECORDED,23.076361,27.470241,22.672183,0.750788,50.958876,sha256:29eac11722d50e79dbcad7eefaa2d51c4b60c0492af6128a6ae3d3af8e17fe34,eva_native_scale30_N14_QP240_ef28317b2a3d,0.5,false
flipguard_provider_execution_record_v7,EVA,4cd3254c9c51340ae30c451495ce5378135758c0,native_eva_seal,shared_polynomial_v1,5,NOT_APPLICABLE,sha256:ef28317b2a3db3141e6d2ce3036709aacbcb8738f3047c2b2ff4126968997088,23,sha256:dfc254192e6c4c82b53a0a33c487f6897731cdcc8b1f0ade804eff14de585dfc,configuration_validation_scale_30,3,NOT_SEPARATELY_RECORDED,0.602755940902,0.6022892703616901,true,true,0.10275594090200002,0.0004666705403099103,false,0.6022892703616901,PASS,SAFE_SAMPLE,SECURITY_TARGET_MATCH_ASSUMPTIONS_DIFFER,NOT_SEPARATELY_RECORDED,NOT_SEPARATELY_RECORDED,23.076361,31.787026,23.464029,0.743846,56.062577,sha256:29eac11722d50e79dbcad7eefaa2d51c4b60c0492af6128a6ae3d3af8e17fe34,eva_native_scale30_N14_QP240_ef28317b2a3d,0.5,false
flipguard_provider_execution_record_v7,EVA,4cd3254c9c51340ae30c451495ce5378135758c0,native_eva_seal,shared_polynomial_v1,5,NOT_APPLICABLE,sha256:ef28317b2a3db3141e6d2ce3036709aacbcb8738f3047c2b2ff4126968997088,24,sha256:dfc254192e6c4c82b53a0a33c487f6897731cdcc8b1f0ade804eff14de585dfc,configuration_validation_scale_30,3,NOT_SEPARATELY_RECORDED,0.372285499073,0.3710033614919529,false,false,0.12771450092699999,0.0012821375810471158,false,0.3710033614919529,PASS,SAFE_SAMPLE,SECURITY_TARGET_MATCH_ASSUMPTIONS_DIFFER,NOT_SEPARATELY_RECORDED,NOT_SEPARATELY_RECORDED,23.076361,27.796858,26.623317,0.74098,55.229303,sha256:29eac11722d50e79dbcad7eefaa2d51c4b60c0492af6128a6ae3d3af8e17fe34,eva_native_scale30_N14_QP240_ef28317b2a3d,0.5,false
flipguard_provider_execution_record_v7,EVA,4cd3254c9c51340ae30c451495ce5378135758c0,native_eva_seal,shared_polynomial_v1,5,NOT_APPLICABLE,sha256:ef28317b2a3db3141e6d2ce3036709aacbcb8738f3047c2b2ff4126968997088,27,sha256:dfc254192e6c4c82b53a0a33c487f6897731cdcc8b1f0ade804eff14de585dfc,configuration_validation_scale_30,3,NOT_SEPARATELY_RECORDED,0.554808789627,0.5542376664898925,true,true,0.054808789626999976,0.0005711231371074987,false,0.5542376664898925,PASS,SAFE_SAMPLE,SECURITY_TARGET_MATCH_ASSUMPTIONS_DIFFER,NOT_SEPARATELY_RECORDED,NOT_SEPARATELY_RECORDED,23.076361,28.433404,21.998679,0.737534,51.236582,sha256:29eac11722d50e79dbcad7eefaa2d51c4b60c0492af6128a6ae3d3af8e17fe34,eva_native_scale30_N14_QP240_ef28317b2a3d,0.5,false
flipguard_provider_execution_record_v7,EVA,4cd3254c9c51340ae30c451495ce5378135758c0,native_eva_seal,shared_polynomial_v1,5,NOT_APPLICABLE,sha256:ef28317b2a3db3141e6d2ce3036709aacbcb8738f3047c2b2ff4126968997088,28,sha256:dfc254192e6c4c82b53a0a33c487f6897731cdcc8b1f0ade804eff14de585dfc,configuration_validation_scale_30,3,NOT_SEPARATELY_RECORDED,0.693877906730,0.6928762782257614,true,true,0.19387790673000005,0.001001628504238683,false,0.6928762782257614,PASS,SAFE_SAMPLE,SECURITY_TARGET_MATCH_ASSUMPTIONS_DIFFER,NOT_SEPARATELY_RECORDED,NOT_SEPARATELY_RECORDED,23.076361,27.827416,22.601951,0.753875,51.253514,sha256:29eac11722d50e79dbcad7eefaa2d51c4b60c0492af6128a6ae3d3af8e17fe34,eva_native_scale30_N14_QP240_ef28317b2a3d,0.5,false
flipguard_provider_execution_record_v7,EVA,4cd3254c9c51340ae30c451495ce5378135758c0,native_eva_seal,shared_polynomial_v1,5,NOT_APPLICABLE,sha256:ef28317b2a3db3141e6d2ce3036709aacbcb8738f3047c2b2ff4126968997088,29,sha256:dfc254192e6c4c82b53a0a33c487f6897731cdcc8b1f0ade804eff14de585dfc,configuration_validation_scale_30,3,NOT_SEPARATELY_RECORDED,0.377788305698,0.377104133266947,false,false,0.12221169430200002,0.0006841724310530095,false,0.377104133266947,PASS,SAFE_SAMPLE,SECURITY_TARGET_MATCH_ASSUMPTIONS_DIFFER,NOT_SEPARATELY_RECORDED,NOT_SEPARATELY_RECORDED,23.076361,27.37117,22.285638,0.745649,50.471907,sha256:29eac11722d50e79dbcad7eefaa2d51c4b60c0492af6128a6ae3d3af8e17fe34,eva_native_scale30_N14_QP240_ef28317b2a3d,0.5,false
flipguard_provider_execution_record_v7,EVA,4cd3254c9c51340ae30c451495ce5378135758c0,native_eva_seal,shared_polynomial_v1,5,NOT_APPLICABLE,sha256:eeed1dcd1ccba56b1b1a5885336644550e7da1c9df36404d96e0bcca99f76275,1,sha256:dfc254192e6c4c82b53a0a33c487f6897731cdcc8b1f0ade804eff14de585dfc,configuration_validation_scale_40,1,NOT_SEPARATELY_RECORDED,0.405941150447,0.40594115215672993,false,false,0.09405884955299998,1.7097299132018406e-09,false,0.40594115215672993,PASS,SAFE_SAMPLE,SECURITY_TARGET_MATCH_ASSUMPTIONS_DIFFER,NOT_SEPARATELY_RECORDED,NOT_SEPARATELY_RECORDED,90.441583,44.931676,47.038374,1.709848,93.765178,sha256:181e85cba0cac3940502c7272873de4bfbcc83797160e03529a3995914bc1a01,eva_native_scale40_N14_QP320_eeed1dcd1ccb,0.5,false
flipguard_provider_execution_record_v7,EVA,4cd3254c9c51340ae30c451495ce5378135758c0,native_eva_seal,shared_polynomial_v1,5,NOT_APPLICABLE,sha256:eeed1dcd1ccba56b1b1a5885336644550e7da1c9df36404d96e0bcca99f76275,2,sha256:dfc254192e6c4c82b53a0a33c487f6897731cdcc8b1f0ade804eff14de585dfc,configuration_validation_scale_40,1,NOT_SEPARATELY_RECORDED,0.613051408295,0.6130514057136062,true,true,0.11305140829500004,2.581393876432969e-09,false,0.6130514057136062,PASS,SAFE_SAMPLE,SECURITY_TARGET_MATCH_ASSUMPTIONS_DIFFER,NOT_SEPARATELY_RECORDED,NOT_SEPARATELY_RECORDED,90.441583,38.853767,39.992588,1.617114,80.540594,sha256:181e85cba0cac3940502c7272873de4bfbcc83797160e03529a3995914bc1a01,eva_native_scale40_N14_QP320_eeed1dcd1ccb,0.5,false
flipguard_provider_execution_record_v7,EVA,4cd3254c9c51340ae30c451495ce5378135758c0,native_eva_seal,shared_polynomial_v1,5,NOT_APPLICABLE,sha256:eeed1dcd1ccba56b1b1a5885336644550e7da1c9df36404d96e0bcca99f76275,4,sha256:dfc254192e6c4c82b53a0a33c487f6897731cdcc8b1f0ade804eff14de585dfc,configuration_validation_scale_40,1,NOT_SEPARATELY_RECORDED,0.360432845935,0.36043284911508333,false,false,0.13956715406499998,3.1800833077966217e-09,false,0.36043284911508333,PASS,SAFE_SAMPLE,SECURITY_TARGET_MATCH_ASSUMPTIONS_DIFFER,NOT_SEPARATELY_RECORDED,NOT_SEPARATELY_RECORDED,90.441583,38.34939,40.11842,1.505334,80.047664,sha256:181e85cba0cac3940502c7272873de4bfbcc83797160e03529a3995914bc1a01,eva_native_scale40_N14_QP320_eeed1dcd1ccb,0.5,false
flipguard_provider_execution_record_v7,EVA,4cd3254c9c51340ae30c451495ce5378135758c0,native_eva_seal,shared_polynomial_v1,5,NOT_APPLICABLE,sha256:eeed1dcd1ccba56b1b1a5885336644550e7da1c9df36404d96e0bcca99f76275,7,sha256:dfc254192e6c4c82b53a0a33c487f6897731cdcc8b1f0ade804eff14de585dfc,configuration_validation_scale_40,1,NOT_SEPARATELY_RECORDED,0.619973925520,0.6199739236202133,true,true,0.11997392551999997,1.8997866613190695e-09,false,0.6199739236202133,PASS,SAFE_SAMPLE,SECURITY_TARGET_MATCH_ASSUMPTIONS_DIFFER,NOT_SEPARATELY_RECORDED,NOT_SEPARATELY_RECORDED,90.441583,38.862316,40.654636,1.510584,81.095183,sha256:181e85cba0cac3940502c7272873de4bfbcc83797160e03529a3995914bc1a01,eva_native_scale40_N14_QP320_eeed1dcd1ccb,0.5,false
flipguard_provider_execution_record_v7,EVA,4cd3254c9c51340ae30c451495ce5378135758c0,native_eva_seal,shared_polynomial_v1,5,NOT_APPLICABLE,sha256:eeed1dcd1ccba56b1b1a5885336644550e7da1c9df36404d96e0bcca99f76275,12,sha256:dfc254192e6c4c82b53a0a33c487f6897731cdcc8b1f0ade804eff14de585dfc,configuration_validation_scale_40,1,NOT_SEPARATELY_RECORDED,0.373458310701,0.37345831316644323,false,false,0.126541689299,2.465443238452991e-09,false,0.37345831316644323,PASS,SAFE_SAMPLE,SECURITY_TARGET_MATCH_ASSUMPTIONS_DIFFER,NOT_SEPARATELY_RECORDED,NOT_SEPARATELY_RECORDED,90.441583,39.797968,40.368468,1.498331,81.733949,sha256:181e85cba0cac3940502c7272873de4bfbcc83797160e03529a3995914bc1a01,eva_native_scale40_N14_QP320_eeed1dcd1ccb,0.5,false
flipguard_provider_execution_record_v7,EVA,4cd3254c9c51340ae30c451495ce5378135758c0,native_eva_seal,shared_polynomial_v1,5,NOT_APPLICABLE,sha256:eeed1dcd1ccba56b1b1a5885336644550e7da1c9df36404d96e0bcca99f76275,13,sha256:dfc254192e6c4c82b53a0a33c487f6897731cdcc8b1f0ade804eff14de585dfc,configuration_validation_scale_40,1,NOT_SEPARATELY_RECORDED,0.382755646549,0.38275564853549376,false,false,0.11724435345099998,1.9864937472746647e-09,false,0.38275564853549376,PASS,SAFE_SAMPLE,SECURITY_TARGET_MATCH_ASSUMPTIONS_DIFFER,NOT_SEPARATELY_RECORDED,NOT_SEPARATELY_RECORDED,90.441583,41.106173,47.117848,1.484696,89.777506,sha256:181e85cba0cac3940502c7272873de4bfbcc83797160e03529a3995914bc1a01,eva_native_scale40_N14_QP320_eeed1dcd1ccb,0.5,false
flipguard_provider_execution_record_v7,EVA,4cd3254c9c51340ae30c451495ce5378135758c0,native_eva_seal,shared_polynomial_v1,5,NOT_APPLICABLE,sha256:eeed1dcd1ccba56b1b1a5885336644550e7da1c9df36404d96e0bcca99f76275,16,sha256:dfc254192e6c4c82b53a0a33c487f6897731cdcc8b1f0ade804eff14de585dfc,configuration_validation_scale_40,1,NOT_SEPARATELY_RECORDED,0.394676866358,0.39467686816621683,false,false,0.10532313364200002,1.8082168540267674e-09,false,0.39467686816621683,PASS,SAFE_SAMPLE,SECURITY_TARGET_MATCH_ASSUMPTIONS_DIFFER,NOT_SEPARATELY_RECORDED,NOT_SEPARATELY_RECORDED,90.441583,49.252794,39.791937,1.567191,90.680079,sha256:181e85cba0cac3940502c7272873de4bfbcc83797160e03529a3995914bc1a01,eva_native_scale40_N14_QP320_eeed1dcd1ccb,0.5,false
flipguard_provider_execution_record_v7,EVA,4cd3254c9c51340ae30c451495ce5378135758c0,native_eva_seal,shared_polynomial_v1,5,NOT_APPLICABLE,sha256:eeed1dcd1ccba56b1b1a5885336644550e7da1c9df36404d96e0bcca99f76275,18,sha256:dfc254192e6c4c82b53a0a33c487f6897731cdcc8b1f0ade804eff14de585dfc,configuration_validation_scale_40,1,NOT_SEPARATELY_RECORDED,0.649763871290,0.6497638675281563,true,true,0.14976387129000002,3.7618437254138826e-09,false,0.6497638675281563,PASS,SAFE_SAMPLE,SECURITY_TARGET_MATCH_ASSUMPTIONS_DIFFER,NOT_SEPARATELY_RECORDED,NOT_SEPARATELY_RECORDED,90.441583,38.834841,40.996427,1.48179,81.382287,sha256:181e85cba0cac3940502c7272873de4bfbcc83797160e03529a3995914bc1a01,eva_native_scale40_N14_QP320_eeed1dcd1ccb,0.5,false
flipguard_provider_execution_record_v7,EVA,4cd3254c9c51340ae30c451495ce5378135758c0,native_eva_seal,shared_polynomial_v1,5,NOT_APPLICABLE,sha256:eeed1dcd1ccba56b1b1a5885336644550e7da1c9df36404d96e0bcca99f76275,22,sha256:dfc254192e6c4c82b53a0a33c487f6897731cdcc8b1f0ade804eff14de585dfc,configuration_validation_scale_40,1,NOT_SEPARATELY_RECORDED,0.621008281974,0.6210082797695899,true,true,0.12100828197400004,2.2044100989049298e-09,false,0.6210082797695899,PASS,SAFE_SAMPLE,SECURITY_TARGET_MATCH_ASSUMPTIONS_DIFFER,NOT_SEPARATELY_RECORDED,NOT_SEPARATELY_RECORDED,90.441583,38.875317,40.199742,1.544358,80.69072,sha256:181e85cba0cac3940502c7272873de4bfbcc83797160e03529a3995914bc1a01,eva_native_scale40_N14_QP320_eeed1dcd1ccb,0.5,false
flipguard_provider_execution_record_v7,EVA,4cd3254c9c51340ae30c451495ce5378135758c0,native_eva_seal,shared_polynomial_v1,5,NOT_APPLICABLE,sha256:eeed1dcd1ccba56b1b1a5885336644550e7da1c9df36404d96e0bcca99f76275,23,sha256:dfc254192e6c4c82b53a0a33c487f6897731cdcc8b1f0ade804eff14de585dfc,configuration_validation_scale_40,1,NOT_SEPARATELY_RECORDED,0.602755940902,0.6027559388787159,true,true,0.10275594090200002,2.023284095820088e-09,false,0.6027559388787159,PASS,SAFE_SAMPLE,SECURITY_TARGET_MATCH_ASSUMPTIONS_DIFFER,NOT_SEPARATELY_RECORDED,NOT_SEPARATELY_RECORDED,90.441583,44.242297,45.592932,1.593631,91.502247,sha256:181e85cba0cac3940502c7272873de4bfbcc83797160e03529a3995914bc1a01,eva_native_scale40_N14_QP320_eeed1dcd1ccb,0.5,false
flipguard_provider_execution_record_v7,EVA,4cd3254c9c51340ae30c451495ce5378135758c0,native_eva_seal,shared_polynomial_v1,5,NOT_APPLICABLE,sha256:eeed1dcd1ccba56b1b1a5885336644550e7da1c9df36404d96e0bcca99f76275,24,sha256:dfc254192e6c4c82b53a0a33c487f6897731cdcc8b1f0ade804eff14de585dfc,configuration_validation_scale_40,1,NOT_SEPARATELY_RECORDED,0.372285499073,0.3722855015789797,false,false,0.12771450092699999,2.505979701528105e-09,false,0.3722855015789797,PASS,SAFE_SAMPLE,SECURITY_TARGET_MATCH_ASSUMPTIONS_DIFFER,NOT_SEPARATELY_RECORDED,NOT_SEPARATELY_RECORDED,90.441583,46.561429,45.281748,1.733102,93.654937,sha256:181e85cba0cac3940502c7272873de4bfbcc83797160e03529a3995914bc1a01,eva_native_scale40_N14_QP320_eeed1dcd1ccb,0.5,false
flipguard_provider_execution_record_v7,EVA,4cd3254c9c51340ae30c451495ce5378135758c0,native_eva_seal,shared_polynomial_v1,5,NOT_APPLICABLE,sha256:eeed1dcd1ccba56b1b1a5885336644550e7da1c9df36404d96e0bcca99f76275,27,sha256:dfc254192e6c4c82b53a0a33c487f6897731cdcc8b1f0ade804eff14de585dfc,configuration_validation_scale_40,1,NOT_SEPARATELY_RECORDED,0.554808789627,0.5548087887573945,true,true,0.054808789626999976,8.69605498721171e-10,false,0.5548087887573945,PASS,SAFE_SAMPLE,SECURITY_TARGET_MATCH_ASSUMPTIONS_DIFFER,NOT_SEPARATELY_RECORDED,NOT_SEPARATELY_RECORDED,90.441583,44.143904,45.66412,1.500386,91.392356,sha256:181e85cba0cac3940502c7272873de4bfbcc83797160e03529a3995914bc1a01,eva_native_scale40_N14_QP320_eeed1dcd1ccb,0.5,false
flipguard_provider_execution_record_v7,EVA,4cd3254c9c51340ae30c451495ce5378135758c0,native_eva_seal,shared_polynomial_v1,5,NOT_APPLICABLE,sha256:eeed1dcd1ccba56b1b1a5885336644550e7da1c9df36404d96e0bcca99f76275,28,sha256:dfc254192e6c4c82b53a0a33c487f6897731cdcc8b1f0ade804eff14de585dfc,configuration_validation_scale_40,1,NOT_SEPARATELY_RECORDED,0.693877906730,0.6938779029316116,true,true,0.19387790673000005,3.798388492626259e-09,false,0.6938779029316116,PASS,SAFE_SAMPLE,SECURITY_TARGET_MATCH_ASSUMPTIONS_DIFFER,NOT_SEPARATELY_RECORDED,NOT_SEPARATELY_RECORDED,90.441583,39.662117,41.933735,1.536313,83.230691,sha256:181e85cba0cac3940502c7272873de4bfbcc83797160e03529a3995914bc1a01,eva_native_scale40_N14_QP320_eeed1dcd1ccb,0.5,false
flipguard_provider_execution_record_v7,EVA,4cd3254c9c51340ae30c451495ce5378135758c0,native_eva_seal,shared_polynomial_v1,5,NOT_APPLICABLE,sha256:eeed1dcd1ccba56b1b1a5885336644550e7da1c9df36404d96e0bcca99f76275,29,sha256:dfc254192e6c4c82b53a0a33c487f6897731cdcc8b1f0ade804eff14de585dfc,configuration_validation_scale_40,1,NOT_SEPARATELY_RECORDED,0.377788305698,0.3777883080601247,false,false,0.12221169430200002,2.3621247180471983e-09,false,0.3777883080601247,PASS,SAFE_SAMPLE,SECURITY_TARGET_MATCH_ASSUMPTIONS_DIFFER,NOT_SEPARATELY_RECORDED,NOT_SEPARATELY_RECORDED,90.441583,40.333813,44.458623,2.367342,87.235932,sha256:181e85cba0cac3940502c7272873de4bfbcc83797160e03529a3995914bc1a01,eva_native_scale40_N14_QP320_eeed1dcd1ccb,0.5,false
flipguard_provider_execution_record_v7,EVA,4cd3254c9c51340ae30c451495ce5378135758c0,native_eva_seal,shared_polynomial_v1,5,NOT_APPLICABLE,sha256:eeed1dcd1ccba56b1b1a5885336644550e7da1c9df36404d96e0bcca99f76275,1,sha256:dfc254192e6c4c82b53a0a33c487f6897731cdcc8b1f0ade804eff14de585dfc,configuration_validation_scale_40,2,NOT_SEPARATELY_RECORDED,0.405941150447,0.4059411486611085,false,false,0.09405884955299998,1.7858915457580338e-09,false,0.4059411486611085,PASS,SAFE_SAMPLE,SECURITY_TARGET_MATCH_ASSUMPTIONS_DIFFER,NOT_SEPARATELY_RECORDED,NOT_SEPARATELY_RECORDED,51.608871,41.281562,42.337453,1.617825,85.33244,sha256:181e85cba0cac3940502c7272873de4bfbcc83797160e03529a3995914bc1a01,eva_native_scale40_N14_QP320_eeed1dcd1ccb,0.5,false
flipguard_provider_execution_record_v7,EVA,4cd3254c9c51340ae30c451495ce5378135758c0,native_eva_seal,shared_polynomial_v1,5,NOT_APPLICABLE,sha256:eeed1dcd1ccba56b1b1a5885336644550e7da1c9df36404d96e0bcca99f76275,2,sha256:dfc254192e6c4c82b53a0a33c487f6897731cdcc8b1f0ade804eff14de585dfc,configuration_validation_scale_40,2,NOT_SEPARATELY_RECORDED,0.613051408295,0.6130514098684355,true,true,0.11305140829500004,1.57343549300748e-09,false,0.6130514098684355,PASS,SAFE_SAMPLE,SECURITY_TARGET_MATCH_ASSUMPTIONS_DIFFER,NOT_SEPARATELY_RECORDED,NOT_SEPARATELY_RECORDED,51.608871,41.280339,43.452095,1.805357,86.614356,sha256:181e85cba0cac3940502c7272873de4bfbcc83797160e03529a3995914bc1a01,eva_native_scale40_N14_QP320_eeed1dcd1ccb,0.5,false
flipguard_provider_execution_record_v7,EVA,4cd3254c9c51340ae30c451495ce5378135758c0,native_eva_seal,shared_polynomial_v1,5,NOT_APPLICABLE,sha256:eeed1dcd1ccba56b1b1a5885336644550e7da1c9df36404d96e0bcca99f76275,4,sha256:dfc254192e6c4c82b53a0a33c487f6897731cdcc8b1f0ade804eff14de585dfc,configuration_validation_scale_40,2,NOT_SEPARATELY_RECORDED,0.360432845935,0.3604328445553771,false,false,0.13956715406499998,1.3796229159090956e-09,false,0.3604328445553771,PASS,SAFE_SAMPLE,SECURITY_TARGET_MATCH_ASSUMPTIONS_DIFFER,NOT_SEPARATELY_RECORDED,NOT_SEPARATELY_RECORDED,51.608871,40.214885,42.50105,1.492891,84.281914,sha256:181e85cba0cac3940502c7272873de4bfbcc83797160e03529a3995914bc1a01,eva_native_scale40_N14_QP320_eeed1dcd1ccb,0.5,false
flipguard_provider_execution_record_v7,EVA,4cd3254c9c51340ae30c451495ce5378135758c0,native_eva_seal,shared_polynomial_v1,5,NOT_APPLICABLE,sha256:eeed1dcd1ccba56b1b1a5885336644550e7da1c9df36404d96e0bcca99f76275,7,sha256:dfc254192e6c4c82b53a0a33c487f6897731cdcc8b1f0ade804eff14de585dfc,configuration_validation_scale_40,2,NOT_SEPARATELY_RECORDED,0.619973925520,0.619973927920225,true,true,0.11997392551999997,2.400225018739377e-09,false,0.619973927920225,PASS,SAFE_SAMPLE,SECURITY_TARGET_MATCH_ASSUMPTIONS_DIFFER,NOT_SEPARATELY_RECORDED,NOT_SEPARATELY_RECORDED,51.608871,41.103102,42.81051,1.610462,85.59677,sha256:181e85cba0cac3940502c7272873de4bfbcc83797160e03529a3995914bc1a01,eva_native_scale40_N14_QP320_eeed1dcd1ccb,0.5,false
flipguard_provider_execution_record_v7,EVA,4cd3254c9c51340ae30c451495ce5378135758c0,native_eva_seal,shared_polynomial_v1,5,NOT_APPLICABLE,sha256:eeed1dcd1ccba56b1b1a5885336644550e7da1c9df36404d96e0bcca99f76275,12,sha256:dfc254192e6c4c82b53a0a33c487f6897731cdcc8b1f0ade804eff14de585dfc,configuration_validation_scale_40,2,NOT_SEPARATELY_RECORDED,0.373458310701,0.37345830809055164,false,false,0.126541689299,2.6104483574762583e-09,false,0.37345830809055164,PASS,SAFE_SAMPLE,SECURITY_TARGET_MATCH_ASSUMPTIONS_DIFFER,NOT_SEPARATELY_RECORDED,NOT_SEPARATELY_RECORDED,51.608871,41.11163,41.994805,1.526264,84.77225,sha256:181e85cba0cac3940502c7272873de4bfbcc83797160e03529a3995914bc1a01,eva_native_scale40_N14_QP320_eeed1dcd1ccb,0.5,false
flipguard_provider_execution_record_v7,EVA,4cd3254c9c51340ae30c451495ce5378135758c0,native_eva_seal,shared_polynomial_v1,5,NOT_APPLICABLE,sha256:eeed1dcd1ccba56b1b1a5885336644550e7da1c9df36404d96e0bcca99f76275,13,sha256:dfc254192e6c4c82b53a0a33c487f6897731cdcc8b1f0ade804eff14de585dfc,configuration_validation_scale_40,2,NOT_SEPARATELY_RECORDED,0.382755646549,0.38275564450482846,false,false,0.11724435345099998,2.0441715542496297e-09,false,0.38275564450482846,PASS,SAFE_SAMPLE,SECURITY_TARGET_MATCH_ASSUMPTIONS_DIFFER,NOT_SEPARATELY_RECORDED,NOT_SEPARATELY_RECORDED,51.608871,39.661682,43.674477,2.098864,85.508831,sha256:181e85cba0cac3940502c7272873de4bfbcc83797160e03529a3995914bc1a01,eva_native_scale40_N14_QP320_eeed1dcd1ccb,0.5,false
flipguard_provider_execution_record_v7,EVA,4cd3254c9c51340ae30c451495ce5378135758c0,native_eva_seal,shared_polynomial_v1,5,NOT_APPLICABLE,sha256:eeed1dcd1ccba56b1b1a5885336644550e7da1c9df36404d96e0bcca99f76275,16,sha256:dfc254192e6c4c82b53a0a33c487f6897731cdcc8b1f0ade804eff14de585dfc,configuration_validation_scale_40,2,NOT_SEPARATELY_RECORDED,0.394676866358,0.39467686517439676,false,false,0.10532313364200002,1.1836032154377563e-09,false,0.39467686517439676,PASS,SAFE_SAMPLE,SECURITY_TARGET_MATCH_ASSUMPTIONS_DIFFER,NOT_SEPARATELY_RECORDED,NOT_SEPARATELY_RECORDED,51.608871,40.658227,42.490655,1.582309,84.816301,sha256:181e85cba0cac3940502c7272873de4bfbcc83797160e03529a3995914bc1a01,eva_native_scale40_N14_QP320_eeed1dcd1ccb,0.5,false
flipguard_provider_execution_record_v7,EVA,4cd3254c9c51340ae30c451495ce5378135758c0,native_eva_seal,shared_polynomial_v1,5,NOT_APPLICABLE,sha256:eeed1dcd1ccba56b1b1a5885336644550e7da1c9df36404d96e0bcca99f76275,18,sha256:dfc254192e6c4c82b53a0a33c487f6897731cdcc8b1f0ade804eff14de585dfc,configuration_validation_scale_40,2,NOT_SEPARATELY_RECORDED,0.649763871290,0.649763874205879,true,true,0.14976387129000002,2.9158789827121723e-09,false,0.649763874205879,PASS,SAFE_SAMPLE,SECURITY_TARGET_MATCH_ASSUMPTIONS_DIFFER,NOT_SEPARATELY_RECORDED,NOT_SEPARATELY_RECORDED,51.608871,40.098647,50.260514,1.953856,92.386445,sha256:181e85cba0cac3940502c7272873de4bfbcc83797160e03529a3995914bc1a01,eva_native_scale40_N14_QP320_eeed1dcd1ccb,0.5,false
flipguard_provider_execution_record_v7,EVA,4cd3254c9c51340ae30c451495ce5378135758c0,native_eva_seal,shared_polynomial_v1,5,NOT_APPLICABLE,sha256:eeed1dcd1ccba56b1b1a5885336644550e7da1c9df36404d96e0bcca99f76275,22,sha256:dfc254192e6c4c82b53a0a33c487f6897731cdcc8b1f0ade804eff14de585dfc,configuration_validation_scale_40,2,NOT_SEPARATELY_RECORDED,0.621008281974,0.6210082831421403,true,true,0.12100828197400004,1.168140251195382e-09,false,0.6210082831421403,PASS,SAFE_SAMPLE,SECURITY_TARGET_MATCH_ASSUMPTIONS_DIFFER,NOT_SEPARATELY_RECORDED,NOT_SEPARATELY_RECORDED,51.608871,48.783325,39.828801,1.493061,90.178294,sha256:181e85cba0cac3940502c7272873de4bfbcc83797160e03529a3995914bc1a01,eva_native_scale40_N14_QP320_eeed1dcd1ccb,0.5,false
flipguard_provider_execution_record_v7,EVA,4cd3254c9c51340ae30c451495ce5378135758c0,native_eva_seal,shared_polynomial_v1,5,NOT_APPLICABLE,sha256:eeed1dcd1ccba56b1b1a5885336644550e7da1c9df36404d96e0bcca99f76275,23,sha256:dfc254192e6c4c82b53a0a33c487f6897731cdcc8b1f0ade804eff14de585dfc,configuration_validation_scale_40,2,NOT_SEPARATELY_RECORDED,0.602755940902,0.6027559430788856,true,true,0.10275594090200002,2.1768855607007254e-09,false,0.6027559430788856,PASS,SAFE_SAMPLE,SECURITY_TARGET_MATCH_ASSUMPTIONS_DIFFER,NOT_SEPARATELY_RECORDED,NOT_SEPARATELY_RECORDED,51.608871,38.07714,40.179183,1.5402,79.865763,sha256:181e85cba0cac3940502c7272873de4bfbcc83797160e03529a3995914bc1a01,eva_native_scale40_N14_QP320_eeed1dcd1ccb,0.5,false
flipguard_provider_execution_record_v7,EVA,4cd3254c9c51340ae30c451495ce5378135758c0,native_eva_seal,shared_polynomial_v1,5,NOT_APPLICABLE,sha256:eeed1dcd1ccba56b1b1a5885336644550e7da1c9df36404d96e0bcca99f76275,24,sha256:dfc254192e6c4c82b53a0a33c487f6897731cdcc8b1f0ade804eff14de585dfc,configuration_validation_scale_40,2,NOT_SEPARATELY_RECORDED,0.372285499073,0.37228549748156897,false,false,0.12771450092699999,1.591431042502478e-09,false,0.37228549748156897,PASS,SAFE_SAMPLE,SECURITY_TARGET_MATCH_ASSUMPTIONS_DIFFER,NOT_SEPARATELY_RECORDED,NOT_SEPARATELY_RECORDED,51.608871,38.769293,39.43137,1.514712,79.785136,sha256:181e85cba0cac3940502c7272873de4bfbcc83797160e03529a3995914bc1a01,eva_native_scale40_N14_QP320_eeed1dcd1ccb,0.5,false
flipguard_provider_execution_record_v7,EVA,4cd3254c9c51340ae30c451495ce5378135758c0,native_eva_seal,shared_polynomial_v1,5,NOT_APPLICABLE,sha256:eeed1dcd1ccba56b1b1a5885336644550e7da1c9df36404d96e0bcca99f76275,27,sha256:dfc254192e6c4c82b53a0a33c487f6897731cdcc8b1f0ade804eff14de585dfc,configuration_validation_scale_40,2,NOT_SEPARATELY_RECORDED,0.554808789627,0.5548087904069151,true,true,0.054808789626999976,7.799151324761056e-10,false,0.5548087904069151,PASS,SAFE_SAMPLE,SECURITY_TARGET_MATCH_ASSUMPTIONS_DIFFER,NOT_SEPARATELY_RECORDED,NOT_SEPARATELY_RECORDED,51.608871,39.829421,40.126716,1.500977,81.527215,sha256:181e85cba0cac3940502c7272873de4bfbcc83797160e03529a3995914bc1a01,eva_native_scale40_N14_QP320_eeed1dcd1ccb,0.5,false
flipguard_provider_execution_record_v7,EVA,4cd3254c9c51340ae30c451495ce5378135758c0,native_eva_seal,shared_polynomial_v1,5,NOT_APPLICABLE,sha256:eeed1dcd1ccba56b1b1a5885336644550e7da1c9df36404d96e0bcca99f76275,28,sha256:dfc254192e6c4c82b53a0a33c487f6897731cdcc8b1f0ade804eff14de585dfc,configuration_validation_scale_40,2,NOT_SEPARATELY_RECORDED,0.693877906730,0.6938779107296147,true,true,0.19387790673000005,3.999614639482729e-09,false,0.6938779107296147,PASS,SAFE_SAMPLE,SECURITY_TARGET_MATCH_ASSUMPTIONS_DIFFER,NOT_SEPARATELY_RECORDED,NOT_SEPARATELY_RECORDED,51.608871,39.168807,40.432018,1.934595,81.608577,sha256:181e85cba0cac3940502c7272873de4bfbcc83797160e03529a3995914bc1a01,eva_native_scale40_N14_QP320_eeed1dcd1ccb,0.5,false
flipguard_provider_execution_record_v7,EVA,4cd3254c9c51340ae30c451495ce5378135758c0,native_eva_seal,shared_polynomial_v1,5,NOT_APPLICABLE,sha256:eeed1dcd1ccba56b1b1a5885336644550e7da1c9df36404d96e0bcca99f76275,29,sha256:dfc254192e6c4c82b53a0a33c487f6897731cdcc8b1f0ade804eff14de585dfc,configuration_validation_scale_40,2,NOT_SEPARATELY_RECORDED,0.377788305698,0.37778830355230464,false,false,0.12221169430200002,2.145695343624965e-09,false,0.37778830355230464,PASS,SAFE_SAMPLE,SECURITY_TARGET_MATCH_ASSUMPTIONS_DIFFER,NOT_SEPARATELY_RECORDED,NOT_SEPARATELY_RECORDED,51.608871,40.398368,44.602139,1.605783,86.691209,sha256:181e85cba0cac3940502c7272873de4bfbcc83797160e03529a3995914bc1a01,eva_native_scale40_N14_QP320_eeed1dcd1ccb,0.5,false
flipguard_provider_execution_record_v7,EVA,4cd3254c9c51340ae30c451495ce5378135758c0,native_eva_seal,shared_polynomial_v1,5,NOT_APPLICABLE,sha256:eeed1dcd1ccba56b1b1a5885336644550e7da1c9df36404d96e0bcca99f76275,1,sha256:dfc254192e6c4c82b53a0a33c487f6897731cdcc8b1f0ade804eff14de585dfc,configuration_validation_scale_40,3,NOT_SEPARATELY_RECORDED,0.405941150447,0.40594115016289645,false,false,0.09405884955299998,2.8410357399977215e-10,false,0.40594115016289645,PASS,SAFE_SAMPLE,SECURITY_TARGET_MATCH_ASSUMPTIONS_DIFFER,NOT_SEPARATELY_RECORDED,NOT_SEPARATELY_RECORDED,43.529264,39.560662,41.176455,1.617304,82.442969,sha256:181e85cba0cac3940502c7272873de4bfbcc83797160e03529a3995914bc1a01,eva_native_scale40_N14_QP320_eeed1dcd1ccb,0.5,false
flipguard_provider_execution_record_v7,EVA,4cd3254c9c51340ae30c451495ce5378135758c0,native_eva_seal,shared_polynomial_v1,5,NOT_APPLICABLE,sha256:eeed1dcd1ccba56b1b1a5885336644550e7da1c9df36404d96e0bcca99f76275,2,sha256:dfc254192e6c4c82b53a0a33c487f6897731cdcc8b1f0ade804eff14de585dfc,configuration_validation_scale_40,3,NOT_SEPARATELY_RECORDED,0.613051408295,0.6130514062441104,true,true,0.11305140829500004,2.0508896803050902e-09,false,0.6130514062441104,PASS,SAFE_SAMPLE,SECURITY_TARGET_MATCH_ASSUMPTIONS_DIFFER,NOT_SEPARATELY_RECORDED,NOT_SEPARATELY_RECORDED,43.529264,38.447018,40.876656,1.541402,80.938082,sha256:181e85cba0cac3940502c7272873de4bfbcc83797160e03529a3995914bc1a01,eva_native_scale40_N14_QP320_eeed1dcd1ccb,0.5,false
flipguard_provider_execution_record_v7,EVA,4cd3254c9c51340ae30c451495ce5378135758c0,native_eva_seal,shared_polynomial_v1,5,NOT_APPLICABLE,sha256:eeed1dcd1ccba56b1b1a5885336644550e7da1c9df36404d96e0bcca99f76275,4,sha256:dfc254192e6c4c82b53a0a33c487f6897731cdcc8b1f0ade804eff14de585dfc,configuration_validation_scale_40,3,NOT_SEPARATELY_RECORDED,0.360432845935,0.36043284441317996,false,false,0.13956715406499998,1.5218200588584807e-09,false,0.36043284441317996,PASS,SAFE_SAMPLE,SECURITY_TARGET_MATCH_ASSUMPTIONS_DIFFER,NOT_SEPARATELY_RECORDED,NOT_SEPARATELY_RECORDED,43.529264,40.623568,42.795253,1.558083,85.06014,sha256:181e85cba0cac3940502c7272873de4bfbcc83797160e03529a3995914bc1a01,eva_native_scale40_N14_QP320_eeed1dcd1ccb,0.5,false
flipguard_provider_execution_record_v7,EVA,4cd3254c9c51340ae30c451495ce5378135758c0,native_eva_seal,shared_polynomial_v1,5,NOT_APPLICABLE,sha256:eeed1dcd1ccba56b1b1a5885336644550e7da1c9df36404d96e0bcca99f76275,7,sha256:dfc254192e6c4c82b53a0a33c487f6897731cdcc8b1f0ade804eff14de585dfc,configuration_validation_scale_40,3,NOT_SEPARATELY_RECORDED,0.619973925520,0.6199739267760785,true,true,0.11997392551999997,1.2560785744852865e-09,false,0.6199739267760785,PASS,SAFE_SAMPLE,SECURITY_TARGET_MATCH_ASSUMPTIONS_DIFFER,NOT_SEPARATELY_RECORDED,NOT_SEPARATELY_RECORDED,43.529264,42.434615,40.685775,1.509482,84.705675,sha256:181e85cba0cac3940502c7272873de4bfbcc83797160e03529a3995914bc1a01,eva_native_scale40_N14_QP320_eeed1dcd1ccb,0.5,false
flipguard_provider_execution_record_v7,EVA,4cd3254c9c51340ae30c451495ce5378135758c0,native_eva_seal,shared_polynomial_v1,5,NOT_APPLICABLE,sha256:eeed1dcd1ccba56b1b1a5885336644550e7da1c9df36404d96e0bcca99f76275,12,sha256:dfc254192e6c4c82b53a0a33c487f6897731cdcc8b1f0ade804eff14de585dfc,configuration_validation_scale_40,3,NOT_SEPARATELY_RECORDED,0.373458310701,0.3734583090513727,false,false,0.126541689299,1.6496272681187918e-09,false,0.3734583090513727,PASS,SAFE_SAMPLE,SECURITY_TARGET_MATCH_ASSUMPTIONS_DIFFER,NOT_SEPARATELY_RECORDED,NOT_SEPARATELY_RECORDED,43.529264,38.607163,42.668894,1.568634,82.923338,sha256:181e85cba0cac3940502c7272873de4bfbcc83797160e03529a3995914bc1a01,eva_native_scale40_N14_QP320_eeed1dcd1ccb,0.5,false
flipguard_provider_execution_record_v7,EVA,4cd3254c9c51340ae30c451495ce5378135758c0,native_eva_seal,shared_polynomial_v1,5,NOT_APPLICABLE,sha256:eeed1dcd1ccba56b1b1a5885336644550e7da1c9df36404d96e0bcca99f76275,13,sha256:dfc254192e6c4c82b53a0a33c487f6897731cdcc8b1f0ade804eff14de585dfc,configuration_validation_scale_40,3,NOT_SEPARATELY_RECORDED,0.382755646549,0.3827556446342369,false,false,0.11724435345099998,1.914763125832053e-09,false,0.3827556446342369,PASS,SAFE_SAMPLE,SECURITY_TARGET_MATCH_ASSUMPTIONS_DIFFER,NOT_SEPARATELY_RECORDED,NOT_SEPARATELY_RECORDED,43.529264,39.928143,39.697034,1.484125,81.192679,sha256:181e85cba0cac3940502c7272873de4bfbcc83797160e03529a3995914bc1a01,eva_native_scale40_N14_QP320_eeed1dcd1ccb,0.5,false
flipguard_provider_execution_record_v7,EVA,4cd3254c9c51340ae30c451495ce5378135758c0,native_eva_seal,shared_polynomial_v1,5,NOT_APPLICABLE,sha256:eeed1dcd1ccba56b1b1a5885336644550e7da1c9df36404d96e0bcca99f76275,16,sha256:dfc254192e6c4c82b53a0a33c487f6897731cdcc8b1f0ade804eff14de585dfc,configuration_validation_scale_40,3,NOT_SEPARATELY_RECORDED,0.394676866358,0.3946768684360726,false,false,0.10532313364200002,2.0780726028846175e-09,false,0.3946768684360726,PASS,SAFE_SAMPLE,SECURITY_TARGET_MATCH_ASSUMPTIONS_DIFFER,NOT_SEPARATELY_RECORDED,NOT_SEPARATELY_RECORDED,43.529264,39.217739,39.511726,1.553144,80.353071,sha256:181e85cba0cac3940502c7272873de4bfbcc83797160e03529a3995914bc1a01,eva_native_scale40_N14_QP320_eeed1dcd1ccb,0.5,false
flipguard_provider_execution_record_v7,EVA,4cd3254c9c51340ae30c451495ce5378135758c0,native_eva_seal,shared_polynomial_v1,5,NOT_APPLICABLE,sha256:eeed1dcd1ccba56b1b1a5885336644550e7da1c9df36404d96e0bcca99f76275,18,sha256:dfc254192e6c4c82b53a0a33c487f6897731cdcc8b1f0ade804eff14de585dfc,configuration_validation_scale_40,3,NOT_SEPARATELY_RECORDED,0.649763871290,0.6497638727101386,true,true,0.14976387129000002,1.4201385623024976e-09,false,0.6497638727101386,PASS,SAFE_SAMPLE,SECURITY_TARGET_MATCH_ASSUMPTIONS_DIFFER,NOT_SEPARATELY_RECORDED,NOT_SEPARATELY_RECORDED,43.529264,38.719695,39.920027,1.506387,80.218033,sha256:181e85cba0cac3940502c7272873de4bfbcc83797160e03529a3995914bc1a01,eva_native_scale40_N14_QP320_eeed1dcd1ccb,0.5,false
flipguard_provider_execution_record_v7,EVA,4cd3254c9c51340ae30c451495ce5378135758c0,native_eva_seal,shared_polynomial_v1,5,NOT_APPLICABLE,sha256:eeed1dcd1ccba56b1b1a5885336644550e7da1c9df36404d96e0bcca99f76275,22,sha256:dfc254192e6c4c82b53a0a33c487f6897731cdcc8b1f0ade804eff14de585dfc,configuration_validation_scale_40,3,NOT_SEPARATELY_RECORDED,0.621008281974,0.6210082799892234,true,true,0.12100828197400004,1.9847766763447794e-09,false,0.6210082799892234,PASS,SAFE_SAMPLE,SECURITY_TARGET_MATCH_ASSUMPTIONS_DIFFER,NOT_SEPARATELY_RECORDED,NOT_SEPARATELY_RECORDED,43.529264,38.614997,41.012918,1.495747,81.193764,sha256:181e85cba0cac3940502c7272873de4bfbcc83797160e03529a3995914bc1a01,eva_native_scale40_N14_QP320_eeed1dcd1ccb,0.5,false
flipguard_provider_execution_record_v7,EVA,4cd3254c9c51340ae30c451495ce5378135758c0,native_eva_seal,shared_polynomial_v1,5,NOT_APPLICABLE,sha256:eeed1dcd1ccba56b1b1a5885336644550e7da1c9df36404d96e0bcca99f76275,23,sha256:dfc254192e6c4c82b53a0a33c487f6897731cdcc8b1f0ade804eff14de585dfc,configuration_validation_scale_40,3,NOT_SEPARATELY_RECORDED,0.602755940902,0.6027559421282149,true,true,0.10275594090200002,1.2262149073904993e-09,false,0.6027559421282149,PASS,SAFE_SAMPLE,SECURITY_TARGET_MATCH_ASSUMPTIONS_DIFFER,NOT_SEPARATELY_RECORDED,NOT_SEPARATELY_RECORDED,43.529264,40.495091,39.956916,1.535872,82.060516,sha256:181e85cba0cac3940502c7272873de4bfbcc83797160e03529a3995914bc1a01,eva_native_scale40_N14_QP320_eeed1dcd1ccb,0.5,false
flipguard_provider_execution_record_v7,EVA,4cd3254c9c51340ae30c451495ce5378135758c0,native_eva_seal,shared_polynomial_v1,5,NOT_APPLICABLE,sha256:eeed1dcd1ccba56b1b1a5885336644550e7da1c9df36404d96e0bcca99f76275,24,sha256:dfc254192e6c4c82b53a0a33c487f6897731cdcc8b1f0ade804eff14de585dfc,configuration_validation_scale_40,3,NOT_SEPARATELY_RECORDED,0.372285499073,0.3722855017012218,false,false,0.12771450092699999,2.62822180685518e-09,false,0.3722855017012218,PASS,SAFE_SAMPLE,SECURITY_TARGET_MATCH_ASSUMPTIONS_DIFFER,NOT_SEPARATELY_RECORDED,NOT_SEPARATELY_RECORDED,43.529264,38.028583,39.330807,1.591416,79.025726,sha256:181e85cba0cac3940502c7272873de4bfbcc83797160e03529a3995914bc1a01,eva_native_scale40_N14_QP320_eeed1dcd1ccb,0.5,false
flipguard_provider_execution_record_v7,EVA,4cd3254c9c51340ae30c451495ce5378135758c0,native_eva_seal,shared_polynomial_v1,5,NOT_APPLICABLE,sha256:eeed1dcd1ccba56b1b1a5885336644550e7da1c9df36404d96e0bcca99f76275,27,sha256:dfc254192e6c4c82b53a0a33c487f6897731cdcc8b1f0ade804eff14de585dfc,configuration_validation_scale_40,3,NOT_SEPARATELY_RECORDED,0.554808789627,0.5548087906502792,true,true,0.054808789626999976,1.0232792391207113e-09,false,0.5548087906502792,PASS,SAFE_SAMPLE,SECURITY_TARGET_MATCH_ASSUMPTIONS_DIFFER,NOT_SEPARATELY_RECORDED,NOT_SEPARATELY_RECORDED,43.529264,37.411329,39.297464,1.492129,78.273099,sha256:181e85cba0cac3940502c7272873de4bfbcc83797160e03529a3995914bc1a01,eva_native_scale40_N14_QP320_eeed1dcd1ccb,0.5,false
flipguard_provider_execution_record_v7,EVA,4cd3254c9c51340ae30c451495ce5378135758c0,native_eva_seal,shared_polynomial_v1,5,NOT_APPLICABLE,sha256:eeed1dcd1ccba56b1b1a5885336644550e7da1c9df36404d96e0bcca99f76275,28,sha256:dfc254192e6c4c82b53a0a33c487f6897731cdcc8b1f0ade804eff14de585dfc,configuration_validation_scale_40,3,NOT_SEPARATELY_RECORDED,0.693877906730,0.6938779104842312,true,true,0.19387790673000005,3.754231148178633e-09,false,0.6938779104842312,PASS,SAFE_SAMPLE,SECURITY_TARGET_MATCH_ASSUMPTIONS_DIFFER,NOT_SEPARATELY_RECORDED,NOT_SEPARATELY_RECORDED,43.529264,38.03751,39.339594,1.606815,79.055732,sha256:181e85cba0cac3940502c7272873de4bfbcc83797160e03529a3995914bc1a01,eva_native_scale40_N14_QP320_eeed1dcd1ccb,0.5,false
flipguard_provider_execution_record_v7,EVA,4cd3254c9c51340ae30c451495ce5378135758c0,native_eva_seal,shared_polynomial_v1,5,NOT_APPLICABLE,sha256:eeed1dcd1ccba56b1b1a5885336644550e7da1c9df36404d96e0bcca99f76275,29,sha256:dfc254192e6c4c82b53a0a33c487f6897731cdcc8b1f0ade804eff14de585dfc,configuration_validation_scale_40,3,NOT_SEPARATELY_RECORDED,0.377788305698,0.37778830613802433,false,false,0.12221169430200002,4.4002435029000253e-10,false,0.37778830613802433,PASS,SAFE_SAMPLE,SECURITY_TARGET_MATCH_ASSUMPTIONS_DIFFER,NOT_SEPARATELY_RECORDED,NOT_SEPARATELY_RECORDED,43.529264,38.398913,39.91089,1.525804,79.911228,sha256:181e85cba0cac3940502c7272873de4bfbcc83797160e03529a3995914bc1a01,eva_native_scale40_N14_QP320_eeed1dcd1ccb,0.5,false
flipguard_provider_execution_record_v7,EVA,4cd3254c9c51340ae30c451495ce5378135758c0,native_eva_seal,shared_polynomial_v1,6,NOT_APPLICABLE,sha256:ef28317b2a3db3141e6d2ce3036709aacbcb8738f3047c2b2ff4126968997088,0,sha256:e08a12045817a727b04603a3462ec7240884aae00679da4c8602d9f962626d4b,locked_audit_scale_30,1,NOT_SEPARATELY_RECORDED,0.372731897182,0.3719543408881266,false,false,0.127268102818,0.0007775562938733827,false,0.3719543408881266,PASS,SAFE_SAMPLE,SECURITY_TARGET_MATCH_ASSUMPTIONS_DIFFER,NOT_SEPARATELY_RECORDED,NOT_SEPARATELY_RECORDED,38.629534,27.83973,23.893364,0.741561,52.568372,sha256:02a6cfb4fe17c40ddd323806435d8f78840fa385653311fc77b30e7c5eaa53c8,eva_native_scale30_N14_QP240_ef28317b2a3d,0.5,false
flipguard_provider_execution_record_v7,EVA,4cd3254c9c51340ae30c451495ce5378135758c0,native_eva_seal,shared_polynomial_v1,6,NOT_APPLICABLE,sha256:ef28317b2a3db3141e6d2ce3036709aacbcb8738f3047c2b2ff4126968997088,3,sha256:e08a12045817a727b04603a3462ec7240884aae00679da4c8602d9f962626d4b,locked_audit_scale_30,1,NOT_SEPARATELY_RECORDED,0.417581541703,0.4167712693373966,false,false,0.08241845829700001,0.0008102723656033817,false,0.4167712693373966,PASS,SAFE_SAMPLE,SECURITY_TARGET_MATCH_ASSUMPTIONS_DIFFER,NOT_SEPARATELY_RECORDED,NOT_SEPARATELY_RECORDED,38.629534,27.355771,22.84226,0.766759,51.048347,sha256:02a6cfb4fe17c40ddd323806435d8f78840fa385653311fc77b30e7c5eaa53c8,eva_native_scale30_N14_QP240_ef28317b2a3d,0.5,false
flipguard_provider_execution_record_v7,EVA,4cd3254c9c51340ae30c451495ce5378135758c0,native_eva_seal,shared_polynomial_v1,6,NOT_APPLICABLE,sha256:ef28317b2a3db3141e6d2ce3036709aacbcb8738f3047c2b2ff4126968997088,5,sha256:e08a12045817a727b04603a3462ec7240884aae00679da4c8602d9f962626d4b,locked_audit_scale_30,1,NOT_SEPARATELY_RECORDED,0.629785886387,0.6289502275086188,true,true,0.12978588638699995,0.000835658878381107,false,0.6289502275086188,PASS,SAFE_SAMPLE,SECURITY_TARGET_MATCH_ASSUMPTIONS_DIFFER,NOT_SEPARATELY_RECORDED,NOT_SEPARATELY_RECORDED,38.629534,28.565031,22.153039,0.757772,51.556483,sha256:02a6cfb4fe17c40ddd323806435d8f78840fa385653311fc77b30e7c5eaa53c8,eva_native_scale30_N14_QP240_ef28317b2a3d,0.5,false
flipguard_provider_execution_record_v7,EVA,4cd3254c9c51340ae30c451495ce5378135758c0,native_eva_seal,shared_polynomial_v1,6,NOT_APPLICABLE,sha256:ef28317b2a3db3141e6d2ce3036709aacbcb8738f3047c2b2ff4126968997088,6,sha256:e08a12045817a727b04603a3462ec7240884aae00679da4c8602d9f962626d4b,locked_audit_scale_30,1,NOT_SEPARATELY_RECORDED,0.621733672687,0.6208660897162654,true,true,0.12173367268699997,0.0008675829707345262,false,0.6208660897162654,PASS,SAFE_SAMPLE,SECURITY_TARGET_MATCH_ASSUMPTIONS_DIFFER,NOT_SEPARATELY_RECORDED,NOT_SEPARATELY_RECORDED,38.629534,29.038259,22.484656,0.743215,52.345127,sha256:02a6cfb4fe17c40ddd323806435d8f78840fa385653311fc77b30e7c5eaa53c8,eva_native_scale30_N14_QP240_ef28317b2a3d,0.5,false
flipguard_provider_execution_record_v7,EVA,4cd3254c9c51340ae30c451495ce5378135758c0,native_eva_seal,shared_polynomial_v1,6,NOT_APPLICABLE,sha256:ef28317b2a3db3141e6d2ce3036709aacbcb8738f3047c2b2ff4126968997088,8,sha256:e08a12045817a727b04603a3462ec7240884aae00679da4c8602d9f962626d4b,locked_audit_scale_30,1,NOT_SEPARATELY_RECORDED,0.629438854140,0.6284910079185166,true,true,0.12943885414,0.0009478462214833616,false,0.6284910079185166,PASS,SAFE_SAMPLE,SECURITY_TARGET_MATCH_ASSUMPTIONS_DIFFER,NOT_SEPARATELY_RECORDED,NOT_SEPARATELY_RECORDED,38.629534,27.238866,29.870164,0.7302,57.905315,sha256:02a6cfb4fe17c40ddd323806435d8f78840fa385653311fc77b30e7c5eaa53c8,eva_native_scale30_N14_QP240_ef28317b2a3d,0.5,false
flipguard_provider_execution_record_v7,EVA,4cd3254c9c51340ae30c451495ce5378135758c0,native_eva_seal,shared_polynomial_v1,6,NOT_APPLICABLE,sha256:ef28317b2a3db3141e6d2ce3036709aacbcb8738f3047c2b2ff4126968997088,9,sha256:e08a12045817a727b04603a3462ec7240884aae00679da4c8602d9f962626d4b,locked_audit_scale_30,1,NOT_SEPARATELY_RECORDED,0.399716912828,0.39892514631282555,false,false,0.10028308717200002,0.0007917665151744302,false,0.39892514631282555,PASS,SAFE_SAMPLE,SECURITY_TARGET_MATCH_ASSUMPTIONS_DIFFER,NOT_SEPARATELY_RECORDED,NOT_SEPARATELY_RECORDED,38.629534,27.524257,23.368263,0.830889,51.78808,sha256:02a6cfb4fe17c40ddd323806435d8f78840fa385653311fc77b30e7c5eaa53c8,eva_native_scale30_N14_QP240_ef28317b2a3d,0.5,false
flipguard_provider_execution_record_v7,EVA,4cd3254c9c51340ae30c451495ce5378135758c0,native_eva_seal,shared_polynomial_v1,6,NOT_APPLICABLE,sha256:ef28317b2a3db3141e6d2ce3036709aacbcb8738f3047c2b2ff4126968997088,10,sha256:e08a12045817a727b04603a3462ec7240884aae00679da4c8602d9f962626d4b,locked_audit_scale_30,1,NOT_SEPARATELY_RECORDED,0.640342164990,0.6394869829771956,true,true,0.14034216498999996,0.000855182012804323,false,0.6394869829771956,PASS,SAFE_SAMPLE,SECURITY_TARGET_MATCH_ASSUMPTIONS_DIFFER,NOT_SEPARATELY_RECORDED,NOT_SEPARATELY_RECORDED,38.629534,29.012356,22.858407,0.734739,52.674511,sha256:02a6cfb4fe17c40ddd323806435d8f78840fa385653311fc77b30e7c5eaa53c8,eva_native_scale30_N14_QP240_ef28317b2a3d,0.5,false
flipguard_provider_execution_record_v7,EVA,4cd3254c9c51340ae30c451495ce5378135758c0,native_eva_seal,shared_polynomial_v1,6,NOT_APPLICABLE,sha256:ef28317b2a3db3141e6d2ce3036709aacbcb8738f3047c2b2ff4126968997088,11,sha256:e08a12045817a727b04603a3462ec7240884aae00679da4c8602d9f962626d4b,locked_audit_scale_30,1,NOT_SEPARATELY_RECORDED,0.565146843018,0.5643342391741967,true,true,0.065146843018,0.0008126038438033278,false,0.5643342391741967,PASS,SAFE_SAMPLE,SECURITY_TARGET_MATCH_ASSUMPTIONS_DIFFER,NOT_SEPARATELY_RECORDED,NOT_SEPARATELY_RECORDED,38.629534,29.250675,22.883361,0.738686,52.940709,sha256:02a6cfb4fe17c40ddd323806435d8f78840fa385653311fc77b30e7c5eaa53c8,eva_native_scale30_N14_QP240_ef28317b2a3d,0.5,false
flipguard_provider_execution_record_v7,EVA,4cd3254c9c51340ae30c451495ce5378135758c0,native_eva_seal,shared_polynomial_v1,6,NOT_APPLICABLE,sha256:ef28317b2a3db3141e6d2ce3036709aacbcb8738f3047c2b2ff4126968997088,14,sha256:e08a12045817a727b04603a3462ec7240884aae00679da4c8602d9f962626d4b,locked_audit_scale_30,1,NOT_SEPARATELY_RECORDED,0.645080005659,0.644243219236391,true,true,0.14508000565900003,0.0008367864226089816,false,0.644243219236391,PASS,SAFE_SAMPLE,SECURITY_TARGET_MATCH_ASSUMPTIONS_DIFFER,NOT_SEPARATELY_RECORDED,NOT_SEPARATELY_RECORDED,38.629534,28.130264,22.954823,0.736051,51.888425,sha256:02a6cfb4fe17c40ddd323806435d8f78840fa385653311fc77b30e7c5eaa53c8,eva_native_scale30_N14_QP240_ef28317b2a3d,0.5,false
flipguard_provider_execution_record_v7,EVA,4cd3254c9c51340ae30c451495ce5378135758c0,native_eva_seal,shared_polynomial_v1,6,NOT_APPLICABLE,sha256:ef28317b2a3db3141e6d2ce3036709aacbcb8738f3047c2b2ff4126968997088,15,sha256:e08a12045817a727b04603a3462ec7240884aae00679da4c8602d9f962626d4b,locked_audit_scale_30,1,NOT_SEPARATELY_RECORDED,0.654038616520,0.6531396063436866,true,true,0.15403861651999995,0.0008990101763133307,false,0.6531396063436866,PASS,SAFE_SAMPLE,SECURITY_TARGET_MATCH_ASSUMPTIONS_DIFFER,NOT_SEPARATELY_RECORDED,NOT_SEPARATELY_RECORDED,38.629534,28.388208,22.394657,0.74084,51.593136,sha256:02a6cfb4fe17c40ddd323806435d8f78840fa385653311fc77b30e7c5eaa53c8,eva_native_scale30_N14_QP240_ef28317b2a3d,0.5,false
flipguard_provider_execution_record_v7,EVA,4cd3254c9c51340ae30c451495ce5378135758c0,native_eva_seal,shared_polynomial_v1,6,NOT_APPLICABLE,sha256:ef28317b2a3db3141e6d2ce3036709aacbcb8738f3047c2b2ff4126968997088,17,sha256:e08a12045817a727b04603a3462ec7240884aae00679da4c8602d9f962626d4b,locked_audit_scale_30,1,NOT_SEPARATELY_RECORDED,0.375133521761,0.37442387239200037,false,false,0.12486647823899999,0.000709649368999643,false,0.37442387239200037,PASS,SAFE_SAMPLE,SECURITY_TARGET_MATCH_ASSUMPTIONS_DIFFER,NOT_SEPARATELY_RECORDED,NOT_SEPARATELY_RECORDED,38.629534,28.94639,23.472144,0.739377,53.225298,sha256:02a6cfb4fe17c40ddd323806435d8f78840fa385653311fc77b30e7c5eaa53c8,eva_native_scale30_N14_QP240_ef28317b2a3d,0.5,false
flipguard_provider_execution_record_v7,EVA,4cd3254c9c51340ae30c451495ce5378135758c0,native_eva_seal,shared_polynomial_v1,6,NOT_APPLICABLE,sha256:ef28317b2a3db3141e6d2ce3036709aacbcb8738f3047c2b2ff4126968997088,19,sha256:e08a12045817a727b04603a3462ec7240884aae00679da4c8602d9f962626d4b,locked_audit_scale_30,1,NOT_SEPARATELY_RECORDED,0.381214331404,0.3803732147243025,false,false,0.11878566859599998,0.0008411166796974956,false,0.3803732147243025,PASS,SAFE_SAMPLE,SECURITY_TARGET_MATCH_ASSUMPTIONS_DIFFER,NOT_SEPARATELY_RECORDED,NOT_SEPARATELY_RECORDED,38.629534,27.662066,22.299217,0.737363,50.766685,sha256:02a6cfb4fe17c40ddd323806435d8f78840fa385653311fc77b30e7c5eaa53c8,eva_native_scale30_N14_QP240_ef28317b2a3d,0.5,false
flipguard_provider_execution_record_v7,EVA,4cd3254c9c51340ae30c451495ce5378135758c0,native_eva_seal,shared_polynomial_v1,6,NOT_APPLICABLE,sha256:ef28317b2a3db3141e6d2ce3036709aacbcb8738f3047c2b2ff4126968997088,20,sha256:e08a12045817a727b04603a3462ec7240884aae00679da4c8602d9f962626d4b,locked_audit_scale_30,1,NOT_SEPARATELY_RECORDED,0.380991310600,0.38022993507679825,false,false,0.11900868939999998,0.0007613755232017683,false,0.38022993507679825,PASS,SAFE_SAMPLE,SECURITY_TARGET_MATCH_ASSUMPTIONS_DIFFER,NOT_SEPARATELY_RECORDED,NOT_SEPARATELY_RECORDED,38.629534,27.146168,21.816628,0.736201,49.765051,sha256:02a6cfb4fe17c40ddd323806435d8f78840fa385653311fc77b30e7c5eaa53c8,eva_native_scale30_N14_QP240_ef28317b2a3d,0.5,false
flipguard_provider_execution_record_v7,EVA,4cd3254c9c51340ae30c451495ce5378135758c0,native_eva_seal,shared_polynomial_v1,6,NOT_APPLICABLE,sha256:ef28317b2a3db3141e6d2ce3036709aacbcb8738f3047c2b2ff4126968997088,21,sha256:e08a12045817a727b04603a3462ec7240884aae00679da4c8602d9f962626d4b,locked_audit_scale_30,1,NOT_SEPARATELY_RECORDED,0.363584009654,0.36265407618912526,false,false,0.136415990346,0.0009299334648747437,false,0.36265407618912526,PASS,SAFE_SAMPLE,SECURITY_TARGET_MATCH_ASSUMPTIONS_DIFFER,NOT_SEPARATELY_RECORDED,NOT_SEPARATELY_RECORDED,38.629534,27.257321,23.809145,0.771638,51.906001,sha256:02a6cfb4fe17c40ddd323806435d8f78840fa385653311fc77b30e7c5eaa53c8,eva_native_scale30_N14_QP240_ef28317b2a3d,0.5,false
flipguard_provider_execution_record_v7,EVA,4cd3254c9c51340ae30c451495ce5378135758c0,native_eva_seal,shared_polynomial_v1,6,NOT_APPLICABLE,sha256:ef28317b2a3db3141e6d2ce3036709aacbcb8738f3047c2b2ff4126968997088,25,sha256:e08a12045817a727b04603a3462ec7240884aae00679da4c8602d9f962626d4b,locked_audit_scale_30,1,NOT_SEPARATELY_RECORDED,0.335080207201,0.3344221901559421,false,false,0.164919792799,0.0006580170450579126,false,0.3344221901559421,PASS,SAFE_SAMPLE,SECURITY_TARGET_MATCH_ASSUMPTIONS_DIFFER,NOT_SEPARATELY_RECORDED,NOT_SEPARATELY_RECORDED,38.629534,28.464092,22.125337,0.79412,51.454131,sha256:02a6cfb4fe17c40ddd323806435d8f78840fa385653311fc77b30e7c5eaa53c8,eva_native_scale30_N14_QP240_ef28317b2a3d,0.5,false
flipguard_provider_execution_record_v7,EVA,4cd3254c9c51340ae30c451495ce5378135758c0,native_eva_seal,shared_polynomial_v1,6,NOT_APPLICABLE,sha256:ef28317b2a3db3141e6d2ce3036709aacbcb8738f3047c2b2ff4126968997088,26,sha256:e08a12045817a727b04603a3462ec7240884aae00679da4c8602d9f962626d4b,locked_audit_scale_30,1,NOT_SEPARATELY_RECORDED,0.643919131784,0.6431107271056586,true,true,0.14391913178399995,0.0008084046783413124,false,0.6431107271056586,PASS,SAFE_SAMPLE,SECURITY_TARGET_MATCH_ASSUMPTIONS_DIFFER,NOT_SEPARATELY_RECORDED,NOT_SEPARATELY_RECORDED,38.629534,27.175613,22.767632,0.738596,50.754668,sha256:02a6cfb4fe17c40ddd323806435d8f78840fa385653311fc77b30e7c5eaa53c8,eva_native_scale30_N14_QP240_ef28317b2a3d,0.5,false
flipguard_provider_execution_record_v7,EVA,4cd3254c9c51340ae30c451495ce5378135758c0,native_eva_seal,shared_polynomial_v1,6,NOT_APPLICABLE,sha256:ef28317b2a3db3141e6d2ce3036709aacbcb8738f3047c2b2ff4126968997088,0,sha256:e08a12045817a727b04603a3462ec7240884aae00679da4c8602d9f962626d4b,locked_audit_scale_30,2,NOT_SEPARATELY_RECORDED,0.372731897182,0.3703968490468247,false,false,0.127268102818,0.0023350481351753216,false,0.3703968490468247,PASS,SAFE_SAMPLE,SECURITY_TARGET_MATCH_ASSUMPTIONS_DIFFER,NOT_SEPARATELY_RECORDED,NOT_SEPARATELY_RECORDED,24.294876,28.941808,22.3625,0.844665,52.263038,sha256:02a6cfb4fe17c40ddd323806435d8f78840fa385653311fc77b30e7c5eaa53c8,eva_native_scale30_N14_QP240_ef28317b2a3d,0.5,false
flipguard_provider_execution_record_v7,EVA,4cd3254c9c51340ae30c451495ce5378135758c0,native_eva_seal,shared_polynomial_v1,6,NOT_APPLICABLE,sha256:ef28317b2a3db3141e6d2ce3036709aacbcb8738f3047c2b2ff4126968997088,3,sha256:e08a12045817a727b04603a3462ec7240884aae00679da4c8602d9f962626d4b,locked_audit_scale_30,2,NOT_SEPARATELY_RECORDED,0.417581541703,0.41530631661532497,false,false,0.08241845829700001,0.0022752250876750257,false,0.41530631661532497,PASS,SAFE_SAMPLE,SECURITY_TARGET_MATCH_ASSUMPTIONS_DIFFER,NOT_SEPARATELY_RECORDED,NOT_SEPARATELY_RECORDED,24.294876,32.169089,30.149513,1.800408,64.195865,sha256:02a6cfb4fe17c40ddd323806435d8f78840fa385653311fc77b30e7c5eaa53c8,eva_native_scale30_N14_QP240_ef28317b2a3d,0.5,false
flipguard_provider_execution_record_v7,EVA,4cd3254c9c51340ae30c451495ce5378135758c0,native_eva_seal,shared_polynomial_v1,6,NOT_APPLICABLE,sha256:ef28317b2a3db3141e6d2ce3036709aacbcb8738f3047c2b2ff4126968997088,5,sha256:e08a12045817a727b04603a3462ec7240884aae00679da4c8602d9f962626d4b,locked_audit_scale_30,2,NOT_SEPARATELY_RECORDED,0.629785886387,0.627124230759365,true,true,0.12978588638699995,0.0026616556276349845,false,0.627124230759365,PASS,SAFE_SAMPLE,SECURITY_TARGET_MATCH_ASSUMPTIONS_DIFFER,NOT_SEPARATELY_RECORDED,NOT_SEPARATELY_RECORDED,24.294876,28.749617,21.99357,0.748585,51.568465,sha256:02a6cfb4fe17c40ddd323806435d8f78840fa385653311fc77b30e7c5eaa53c8,eva_native_scale30_N14_QP240_ef28317b2a3d,0.5,false
flipguard_provider_execution_record_v7,EVA,4cd3254c9c51340ae30c451495ce5378135758c0,native_eva_seal,shared_polynomial_v1,6,NOT_APPLICABLE,sha256:ef28317b2a3db3141e6d2ce3036709aacbcb8738f3047c2b2ff4126968997088,6,sha256:e08a12045817a727b04603a3462ec7240884aae00679da4c8602d9f962626d4b,locked_audit_scale_30,2,NOT_SEPARATELY_RECORDED,0.621733672687,0.6192280457419684,true,true,0.12173367268699997,0.002505626945031536,false,0.6192280457419684,PASS,SAFE_SAMPLE,SECURITY_TARGET_MATCH_ASSUMPTIONS_DIFFER,NOT_SEPARATELY_RECORDED,NOT_SEPARATELY_RECORDED,24.294876,27.820272,23.045037,0.747212,51.820813,sha256:02a6cfb4fe17c40ddd323806435d8f78840fa385653311fc77b30e7c5eaa53c8,eva_native_scale30_N14_QP240_ef28317b2a3d,0.5,false
flipguard_provider_execution_record_v7,EVA,4cd3254c9c51340ae30c451495ce5378135758c0,native_eva_seal,shared_polynomial_v1,6,NOT_APPLICABLE,sha256:ef28317b2a3db3141e6d2ce3036709aacbcb8738f3047c2b2ff4126968997088,8,sha256:e08a12045817a727b04603a3462ec7240884aae00679da4c8602d9f962626d4b,locked_audit_scale_30,2,NOT_SEPARATELY_RECORDED,0.629438854140,0.6269737218633963,true,true,0.12943885414,0.002465132276603721,false,0.6269737218633963,PASS,SAFE_SAMPLE,SECURITY_TARGET_MATCH_ASSUMPTIONS_DIFFER,NOT_SEPARATELY_RECORDED,NOT_SEPARATELY_RECORDED,24.294876,29.482602,24.127764,1.042406,54.731018,sha256:02a6cfb4fe17c40ddd323806435d8f78840fa385653311fc77b30e7c5eaa53c8,eva_native_scale30_N14_QP240_ef28317b2a3d,0.5,false
flipguard_provider_execution_record_v7,EVA,4cd3254c9c51340ae30c451495ce5378135758c0,native_eva_seal,shared_polynomial_v1,6,NOT_APPLICABLE,sha256:ef28317b2a3db3141e6d2ce3036709aacbcb8738f3047c2b2ff4126968997088,9,sha256:e08a12045817a727b04603a3462ec7240884aae00679da4c8602d9f962626d4b,locked_audit_scale_30,2,NOT_SEPARATELY_RECORDED,0.399716912828,0.39750250810190907,false,false,0.10028308717200002,0.0022144047260909128,false,0.39750250810190907,PASS,SAFE_SAMPLE,SECURITY_TARGET_MATCH_ASSUMPTIONS_DIFFER,NOT_SEPARATELY_RECORDED,NOT_SEPARATELY_RECORDED,24.294876,29.740475,31.083141,0.742133,61.633246,sha256:02a6cfb4fe17c40ddd323806435d8f78840fa385653311fc77b30e7c5eaa53c8,eva_native_scale30_N14_QP240_ef28317b2a3d,0.5,false
flipguard_provider_execution_record_v7,EVA,4cd3254c9c51340ae30c451495ce5378135758c0,native_eva_seal,shared_polynomial_v1,6,NOT_APPLICABLE,sha256:ef28317b2a3db3141e6d2ce3036709aacbcb8738f3047c2b2ff4126968997088,10,sha256:e08a12045817a727b04603a3462ec7240884aae00679da4c8602d9f962626d4b,locked_audit_scale_30,2,NOT_SEPARATELY_RECORDED,0.640342164990,0.6384007980349908,true,true,0.14034216498999996,0.0019413669550091273,false,0.6384007980349908,PASS,SAFE_SAMPLE,SECURITY_TARGET_MATCH_ASSUMPTIONS_DIFFER,NOT_SEPARATELY_RECORDED,NOT_SEPARATELY_RECORDED,24.294876,28.558892,23.659736,0.824346,53.130369,sha256:02a6cfb4fe17c40ddd323806435d8f78840fa385653311fc77b30e7c5eaa53c8,eva_native_scale30_N14_QP240_ef28317b2a3d,0.5,false
flipguard_provider_execution_record_v7,EVA,4cd3254c9c51340ae30c451495ce5378135758c0,native_eva_seal,shared_polynomial_v1,6,NOT_APPLICABLE,sha256:ef28317b2a3db3141e6d2ce3036709aacbcb8738f3047c2b2ff4126968997088,11,sha256:e08a12045817a727b04603a3462ec7240884aae00679da4c8602d9f962626d4b,locked_audit_scale_30,2,NOT_SEPARATELY_RECORDED,0.565146843018,0.5625821050299556,true,true,0.065146843018,0.002564737988044352,false,0.5625821050299556,PASS,SAFE_SAMPLE,SECURITY_TARGET_MATCH_ASSUMPTIONS_DIFFER,NOT_SEPARATELY_RECORDED,NOT_SEPARATELY_RECORDED,24.294876,30.976776,24.446713,0.750178,56.243427,sha256:02a6cfb4fe17c40ddd323806435d8f78840fa385653311fc77b30e7c5eaa53c8,eva_native_scale30_N14_QP240_ef28317b2a3d,0.5,false
flipguard_provider_execution_record_v7,EVA,4cd3254c9c51340ae30c451495ce5378135758c0,native_eva_seal,shared_polynomial_v1,6,NOT_APPLICABLE,sha256:ef28317b2a3db3141e6d2ce3036709aacbcb8738f3047c2b2ff4126968997088,14,sha256:e08a12045817a727b04603a3462ec7240884aae00679da4c8602d9f962626d4b,locked_audit_scale_30,2,NOT_SEPARATELY_RECORDED,0.645080005659,0.6427248151022864,true,true,0.14508000565900003,0.0023551905567136266,false,0.6427248151022864,PASS,SAFE_SAMPLE,SECURITY_TARGET_MATCH_ASSUMPTIONS_DIFFER,NOT_SEPARATELY_RECORDED,NOT_SEPARATELY_RECORDED,24.294876,29.31892,23.295858,0.804169,53.487185,sha256:02a6cfb4fe17c40ddd323806435d8f78840fa385653311fc77b30e7c5eaa53c8,eva_native_scale30_N14_QP240_ef28317b2a3d,0.5,false
flipguard_provider_execution_record_v7,EVA,4cd3254c9c51340ae30c451495ce5378135758c0,native_eva_seal,shared_polynomial_v1,6,NOT_APPLICABLE,sha256:ef28317b2a3db3141e6d2ce3036709aacbcb8738f3047c2b2ff4126968997088,15,sha256:e08a12045817a727b04603a3462ec7240884aae00679da4c8602d9f962626d4b,locked_audit_scale_30,2,NOT_SEPARATELY_RECORDED,0.654038616520,0.6517008430744967,true,true,0.15403861651999995,0.002337773445503233,false,0.6517008430744967,PASS,SAFE_SAMPLE,SECURITY_TARGET_MATCH_ASSUMPTIONS_DIFFER,NOT_SEPARATELY_RECORDED,NOT_SEPARATELY_RECORDED,24.294876,28.560136,25.727,0.738816,55.09401,sha256:02a6cfb4fe17c40ddd323806435d8f78840fa385653311fc77b30e7c5eaa53c8,eva_native_scale30_N14_QP240_ef28317b2a3d,0.5,false
flipguard_provider_execution_record_v7,EVA,4cd3254c9c51340ae30c451495ce5378135758c0,native_eva_seal,shared_polynomial_v1,6,NOT_APPLICABLE,sha256:ef28317b2a3db3141e6d2ce3036709aacbcb8738f3047c2b2ff4126968997088,17,sha256:e08a12045817a727b04603a3462ec7240884aae00679da4c8602d9f962626d4b,locked_audit_scale_30,2,NOT_SEPARATELY_RECORDED,0.375133521761,0.37273775898518885,false,false,0.12486647823899999,0.002395762775811161,false,0.37273775898518885,PASS,SAFE_SAMPLE,SECURITY_TARGET_MATCH_ASSUMPTIONS_DIFFER,NOT_SEPARATELY_RECORDED,NOT_SEPARATELY_RECORDED,24.294876,28.257452,22.501522,0.748836,51.573684,sha256:02a6cfb4fe17c40ddd323806435d8f78840fa385653311fc77b30e7c5eaa53c8,eva_native_scale30_N14_QP240_ef28317b2a3d,0.5,false
flipguard_provider_execution_record_v7,EVA,4cd3254c9c51340ae30c451495ce5378135758c0,native_eva_seal,shared_polynomial_v1,6,NOT_APPLICABLE,sha256:ef28317b2a3db3141e6d2ce3036709aacbcb8738f3047c2b2ff4126968997088,19,sha256:e08a12045817a727b04603a3462ec7240884aae00679da4c8602d9f962626d4b,locked_audit_scale_30,2,NOT_SEPARATELY_RECORDED,0.381214331404,0.378971718495564,false,false,0.11878566859599998,0.002242612908436026,false,0.378971718495564,PASS,SAFE_SAMPLE,SECURITY_TARGET_MATCH_ASSUMPTIONS_DIFFER,NOT_SEPARATELY_RECORDED,NOT_SEPARATELY_RECORDED,24.294876,28.138691,23.671247,0.754285,52.632771,sha256:02a6cfb4fe17c40ddd323806435d8f78840fa385653311fc77b30e7c5eaa53c8,eva_native_scale30_N14_QP240_ef28317b2a3d,0.5,false
flipguard_provider_execution_record_v7,EVA,4cd3254c9c51340ae30c451495ce5378135758c0,native_eva_seal,shared_polynomial_v1,6,NOT_APPLICABLE,sha256:ef28317b2a3db3141e6d2ce3036709aacbcb8738f3047c2b2ff4126968997088,20,sha256:e08a12045817a727b04603a3462ec7240884aae00679da4c8602d9f962626d4b,locked_audit_scale_30,2,NOT_SEPARATELY_RECORDED,0.380991310600,0.3785096043022941,false,false,0.11900868939999998,0.0024817062977059434,false,0.3785096043022941,PASS,SAFE_SAMPLE,SECURITY_TARGET_MATCH_ASSUMPTIONS_DIFFER,NOT_SEPARATELY_RECORDED,NOT_SEPARATELY_RECORDED,24.294876,29.1248,23.112919,1.185194,53.494128,sha256:02a6cfb4fe17c40ddd323806435d8f78840fa385653311fc77b30e7c5eaa53c8,eva_native_scale30_N14_QP240_ef28317b2a3d,0.5,false
flipguard_provider_execution_record_v7,EVA,4cd3254c9c51340ae30c451495ce5378135758c0,native_eva_seal,shared_polynomial_v1,6,NOT_APPLICABLE,sha256:ef28317b2a3db3141e6d2ce3036709aacbcb8738f3047c2b2ff4126968997088,21,sha256:e08a12045817a727b04603a3462ec7240884aae00679da4c8602d9f962626d4b,locked_audit_scale_30,2,NOT_SEPARATELY_RECORDED,0.363584009654,0.3613741768997381,false,false,0.136415990346,0.002209832754261898,false,0.3613741768997381,PASS,SAFE_SAMPLE,SECURITY_TARGET_MATCH_ASSUMPTIONS_DIFFER,NOT_SEPARATELY_RECORDED,NOT_SEPARATELY_RECORDED,24.294876,30.630234,23.398055,0.774643,54.87112,sha256:02a6cfb4fe17c40ddd323806435d8f78840fa385653311fc77b30e7c5eaa53c8,eva_native_scale30_N14_QP240_ef28317b2a3d,0.5,false
flipguard_provider_execution_record_v7,EVA,4cd3254c9c51340ae30c451495ce5378135758c0,native_eva_seal,shared_polynomial_v1,6,NOT_APPLICABLE,sha256:ef28317b2a3db3141e6d2ce3036709aacbcb8738f3047c2b2ff4126968997088,25,sha256:e08a12045817a727b04603a3462ec7240884aae00679da4c8602d9f962626d4b,locked_audit_scale_30,2,NOT_SEPARATELY_RECORDED,0.335080207201,0.33276571412641703,false,false,0.164919792799,0.0023144930745829795,false,0.33276571412641703,PASS,SAFE_SAMPLE,SECURITY_TARGET_MATCH_ASSUMPTIONS_DIFFER,NOT_SEPARATELY_RECORDED,NOT_SEPARATELY_RECORDED,24.294876,28.586312,25.4376,0.773862,54.989654,sha256:02a6cfb4fe17c40ddd323806435d8f78840fa385653311fc77b30e7c5eaa53c8,eva_native_scale30_N14_QP240_ef28317b2a3d,0.5,false
flipguard_provider_execution_record_v7,EVA,4cd3254c9c51340ae30c451495ce5378135758c0,native_eva_seal,shared_polynomial_v1,6,NOT_APPLICABLE,sha256:ef28317b2a3db3141e6d2ce3036709aacbcb8738f3047c2b2ff4126968997088,26,sha256:e08a12045817a727b04603a3462ec7240884aae00679da4c8602d9f962626d4b,locked_audit_scale_30,2,NOT_SEPARATELY_RECORDED,0.643919131784,0.6410611927811831,true,true,0.14391913178399995,0.002857939002816834,false,0.6410611927811831,PASS,SAFE_SAMPLE,SECURITY_TARGET_MATCH_ASSUMPTIONS_DIFFER,NOT_SEPARATELY_RECORDED,NOT_SEPARATELY_RECORDED,24.294876,29.020997,26.953485,0.757041,56.80979,sha256:02a6cfb4fe17c40ddd323806435d8f78840fa385653311fc77b30e7c5eaa53c8,eva_native_scale30_N14_QP240_ef28317b2a3d,0.5,false
flipguard_provider_execution_record_v7,EVA,4cd3254c9c51340ae30c451495ce5378135758c0,native_eva_seal,shared_polynomial_v1,6,NOT_APPLICABLE,sha256:ef28317b2a3db3141e6d2ce3036709aacbcb8738f3047c2b2ff4126968997088,0,sha256:e08a12045817a727b04603a3462ec7240884aae00679da4c8602d9f962626d4b,locked_audit_scale_30,3,NOT_SEPARATELY_RECORDED,0.372731897182,0.3719447154569346,false,false,0.127268102818,0.0007871817250654223,false,0.3719447154569346,PASS,SAFE_SAMPLE,SECURITY_TARGET_MATCH_ASSUMPTIONS_DIFFER,NOT_SEPARATELY_RECORDED,NOT_SEPARATELY_RECORDED,25.482843,29.11103,23.613174,0.835918,53.643668,sha256:02a6cfb4fe17c40ddd323806435d8f78840fa385653311fc77b30e7c5eaa53c8,eva_native_scale30_N14_QP240_ef28317b2a3d,0.5,false
flipguard_provider_execution_record_v7,EVA,4cd3254c9c51340ae30c451495ce5378135758c0,native_eva_seal,shared_polynomial_v1,6,NOT_APPLICABLE,sha256:ef28317b2a3db3141e6d2ce3036709aacbcb8738f3047c2b2ff4126968997088,3,sha256:e08a12045817a727b04603a3462ec7240884aae00679da4c8602d9f962626d4b,locked_audit_scale_30,3,NOT_SEPARATELY_RECORDED,0.417581541703,0.4167857528771949,false,false,0.08241845829700001,0.0007957888258051105,false,0.4167857528771949,PASS,SAFE_SAMPLE,SECURITY_TARGET_MATCH_ASSUMPTIONS_DIFFER,NOT_SEPARATELY_RECORDED,NOT_SEPARATELY_RECORDED,25.482843,30.589883,24.58903,0.787898,56.040138,sha256:02a6cfb4fe17c40ddd323806435d8f78840fa385653311fc77b30e7c5eaa53c8,eva_native_scale30_N14_QP240_ef28317b2a3d,0.5,false
flipguard_provider_execution_record_v7,EVA,4cd3254c9c51340ae30c451495ce5378135758c0,native_eva_seal,shared_polynomial_v1,6,NOT_APPLICABLE,sha256:ef28317b2a3db3141e6d2ce3036709aacbcb8738f3047c2b2ff4126968997088,5,sha256:e08a12045817a727b04603a3462ec7240884aae00679da4c8602d9f962626d4b,locked_audit_scale_30,3,NOT_SEPARATELY_RECORDED,0.629785886387,0.628909507210001,true,true,0.12978588638699995,0.0008763791769988982,false,0.628909507210001,PASS,SAFE_SAMPLE,SECURITY_TARGET_MATCH_ASSUMPTIONS_DIFFER,NOT_SEPARATELY_RECORDED,NOT_SEPARATELY_RECORDED,25.482843,30.173529,23.395159,1.400758,55.040499,sha256:02a6cfb4fe17c40ddd323806435d8f78840fa385653311fc77b30e7c5eaa53c8,eva_native_scale30_N14_QP240_ef28317b2a3d,0.5,false
flipguard_provider_execution_record_v7,EVA,4cd3254c9c51340ae30c451495ce5378135758c0,native_eva_seal,shared_polynomial_v1,6,NOT_APPLICABLE,sha256:ef28317b2a3db3141e6d2ce3036709aacbcb8738f3047c2b2ff4126968997088,6,sha256:e08a12045817a727b04603a3462ec7240884aae00679da4c8602d9f962626d4b,locked_audit_scale_30,3,NOT_SEPARATELY_RECORDED,0.621733672687,0.6207581792259257,true,true,0.12173367268699997,0.0009754934610742838,false,0.6207581792259257,PASS,SAFE_SAMPLE,SECURITY_TARGET_MATCH_ASSUMPTIONS_DIFFER,NOT_SEPARATELY_RECORDED,NOT_SEPARATELY_RECORDED,25.482843,29.632484,24.310542,0.757421,54.780819,sha256:02a6cfb4fe17c40ddd323806435d8f78840fa385653311fc77b30e7c5eaa53c8,eva_native_scale30_N14_QP240_ef28317b2a3d,0.5,false
flipguard_provider_execution_record_v7,EVA,4cd3254c9c51340ae30c451495ce5378135758c0,native_eva_seal,shared_polynomial_v1,6,NOT_APPLICABLE,sha256:ef28317b2a3db3141e6d2ce3036709aacbcb8738f3047c2b2ff4126968997088,8,sha256:e08a12045817a727b04603a3462ec7240884aae00679da4c8602d9f962626d4b,locked_audit_scale_30,3,NOT_SEPARATELY_RECORDED,0.629438854140,0.6285379250448379,true,true,0.12943885414,0.0009009290951621507,false,0.6285379250448379,PASS,SAFE_SAMPLE,SECURITY_TARGET_MATCH_ASSUMPTIONS_DIFFER,NOT_SEPARATELY_RECORDED,NOT_SEPARATELY_RECORDED,25.482843,27.916553,23.889777,0.75126,52.629877,sha256:02a6cfb4fe17c40ddd323806435d8f78840fa385653311fc77b30e7c5eaa53c8,eva_native_scale30_N14_QP240_ef28317b2a3d,0.5,false
flipguard_provider_execution_record_v7,EVA,4cd3254c9c51340ae30c451495ce5378135758c0,native_eva_seal,shared_polynomial_v1,6,NOT_APPLICABLE,sha256:ef28317b2a3db3141e6d2ce3036709aacbcb8738f3047c2b2ff4126968997088,9,sha256:e08a12045817a727b04603a3462ec7240884aae00679da4c8602d9f962626d4b,locked_audit_scale_30,3,NOT_SEPARATELY_RECORDED,0.399716912828,0.39883308655437816,false,false,0.10028308717200002,0.0008838262736218239,false,0.39883308655437816,PASS,SAFE_SAMPLE,SECURITY_TARGET_MATCH_ASSUMPTIONS_DIFFER,NOT_SEPARATELY_RECORDED,NOT_SEPARATELY_RECORDED,25.482843,28.844394,24.185257,0.809399,53.907338,sha256:02a6cfb4fe17c40ddd323806435d8f78840fa385653311fc77b30e7c5eaa53c8,eva_native_scale30_N14_QP240_ef28317b2a3d,0.5,false
flipguard_provider_execution_record_v7,EVA,4cd3254c9c51340ae30c451495ce5378135758c0,native_eva_seal,shared_polynomial_v1,6,NOT_APPLICABLE,sha256:ef28317b2a3db3141e6d2ce3036709aacbcb8738f3047c2b2ff4126968997088,10,sha256:e08a12045817a727b04603a3462ec7240884aae00679da4c8602d9f962626d4b,locked_audit_scale_30,3,NOT_SEPARATELY_RECORDED,0.640342164990,0.6394623338389395,true,true,0.14034216498999996,0.000879831151060495,false,0.6394623338389395,PASS,SAFE_SAMPLE,SECURITY_TARGET_MATCH_ASSUMPTIONS_DIFFER,NOT_SEPARATELY_RECORDED,NOT_SEPARATELY_RECORDED,25.482843,29.365122,24.542317,0.757492,54.736043,sha256:02a6cfb4fe17c40ddd323806435d8f78840fa385653311fc77b30e7c5eaa53c8,eva_native_scale30_N14_QP240_ef28317b2a3d,0.5,false
flipguard_provider_execution_record_v7,EVA,4cd3254c9c51340ae30c451495ce5378135758c0,native_eva_seal,shared_polynomial_v1,6,NOT_APPLICABLE,sha256:ef28317b2a3db3141e6d2ce3036709aacbcb8738f3047c2b2ff4126968997088,11,sha256:e08a12045817a727b04603a3462ec7240884aae00679da4c8602d9f962626d4b,locked_audit_scale_30,3,NOT_SEPARATELY_RECORDED,0.565146843018,0.5642935758334312,true,true,0.065146843018,0.0008532671845687956,false,0.5642935758334312,PASS,SAFE_SAMPLE,SECURITY_TARGET_MATCH_ASSUMPTIONS_DIFFER,NOT_SEPARATELY_RECORDED,NOT_SEPARATELY_RECORDED,25.482843,29.328838,26.549027,0.75133,56.705879,sha256:02a6cfb4fe17c40ddd323806435d8f78840fa385653311fc77b30e7c5eaa53c8,eva_native_scale30_N14_QP240_ef28317b2a3d,0.5,false
flipguard_provider_execution_record_v7,EVA,4cd3254c9c51340ae30c451495ce5378135758c0,native_eva_seal,shared_polynomial_v1,6,NOT_APPLICABLE,sha256:ef28317b2a3db3141e6d2ce3036709aacbcb8738f3047c2b2ff4126968997088,14,sha256:e08a12045817a727b04603a3462ec7240884aae00679da4c8602d9f962626d4b,locked_audit_scale_30,3,NOT_SEPARATELY_RECORDED,0.645080005659,0.6441976088366312,true,true,0.14508000565900003,0.0008823968223687917,false,0.6441976088366312,PASS,SAFE_SAMPLE,SECURITY_TARGET_MATCH_ASSUMPTIONS_DIFFER,NOT_SEPARATELY_RECORDED,NOT_SEPARATELY_RECORDED,25.482843,30.778048,28.826795,1.303867,61.551536,sha256:02a6cfb4fe17c40ddd323806435d8f78840fa385653311fc77b30e7c5eaa53c8,eva_native_scale30_N14_QP240_ef28317b2a3d,0.5,false
flipguard_provider_execution_record_v7,EVA,4cd3254c9c51340ae30c451495ce5378135758c0,native_eva_seal,shared_polynomial_v1,6,NOT_APPLICABLE,sha256:ef28317b2a3db3141e6d2ce3036709aacbcb8738f3047c2b2ff4126968997088,15,sha256:e08a12045817a727b04603a3462ec7240884aae00679da4c8602d9f962626d4b,locked_audit_scale_30,3,NOT_SEPARATELY_RECORDED,0.654038616520,0.6532426663233516,true,true,0.15403861651999995,0.000795950196648354,false,0.6532426663233516,PASS,SAFE_SAMPLE,SECURITY_TARGET_MATCH_ASSUMPTIONS_DIFFER,NOT_SEPARATELY_RECORDED,NOT_SEPARATELY_RECORDED,25.482843,36.152077,25.150029,1.079525,62.474225,sha256:02a6cfb4fe17c40ddd323806435d8f78840fa385653311fc77b30e7c5eaa53c8,eva_native_scale30_N14_QP240_ef28317b2a3d,0.5,false
flipguard_provider_execution_record_v7,EVA,4cd3254c9c51340ae30c451495ce5378135758c0,native_eva_seal,shared_polynomial_v1,6,NOT_APPLICABLE,sha256:ef28317b2a3db3141e6d2ce3036709aacbcb8738f3047c2b2ff4126968997088,17,sha256:e08a12045817a727b04603a3462ec7240884aae00679da4c8602d9f962626d4b,locked_audit_scale_30,3,NOT_SEPARATELY_RECORDED,0.375133521761,0.37417600994082584,false,false,0.12486647823899999,0.0009575118201741728,false,0.37417600994082584,PASS,SAFE_SAMPLE,SECURITY_TARGET_MATCH_ASSUMPTIONS_DIFFER,NOT_SEPARATELY_RECORDED,NOT_SEPARATELY_RECORDED,25.482843,33.704684,24.631422,0.779382,59.222731,sha256:02a6cfb4fe17c40ddd323806435d8f78840fa385653311fc77b30e7c5eaa53c8,eva_native_scale30_N14_QP240_ef28317b2a3d,0.5,false
flipguard_provider_execution_record_v7,EVA,4cd3254c9c51340ae30c451495ce5378135758c0,native_eva_seal,shared_polynomial_v1,6,NOT_APPLICABLE,sha256:ef28317b2a3db3141e6d2ce3036709aacbcb8738f3047c2b2ff4126968997088,19,sha256:e08a12045817a727b04603a3462ec7240884aae00679da4c8602d9f962626d4b,locked_audit_scale_30,3,NOT_SEPARATELY_RECORDED,0.381214331404,0.38047101666031147,false,false,0.11878566859599998,0.0007433147436885501,false,0.38047101666031147,PASS,SAFE_SAMPLE,SECURITY_TARGET_MATCH_ASSUMPTIONS_DIFFER,NOT_SEPARATELY_RECORDED,NOT_SEPARATELY_RECORDED,25.482843,31.662504,24.066098,0.754045,56.552277,sha256:02a6cfb4fe17c40ddd323806435d8f78840fa385653311fc77b30e7c5eaa53c8,eva_native_scale30_N14_QP240_ef28317b2a3d,0.5,false
flipguard_provider_execution_record_v7,EVA,4cd3254c9c51340ae30c451495ce5378135758c0,native_eva_seal,shared_polynomial_v1,6,NOT_APPLICABLE,sha256:ef28317b2a3db3141e6d2ce3036709aacbcb8738f3047c2b2ff4126968997088,20,sha256:e08a12045817a727b04603a3462ec7240884aae00679da4c8602d9f962626d4b,locked_audit_scale_30,3,NOT_SEPARATELY_RECORDED,0.380991310600,0.38015522216788983,false,false,0.11900868939999998,0.0008360884321101936,false,0.38015522216788983,PASS,SAFE_SAMPLE,SECURITY_TARGET_MATCH_ASSUMPTIONS_DIFFER,NOT_SEPARATELY_RECORDED,NOT_SEPARATELY_RECORDED,25.482843,42.123131,24.86599,0.752862,67.811664,sha256:02a6cfb4fe17c40ddd323806435d8f78840fa385653311fc77b30e7c5eaa53c8,eva_native_scale30_N14_QP240_ef28317b2a3d,0.5,false
flipguard_provider_execution_record_v7,EVA,4cd3254c9c51340ae30c451495ce5378135758c0,native_eva_seal,shared_polynomial_v1,6,NOT_APPLICABLE,sha256:ef28317b2a3db3141e6d2ce3036709aacbcb8738f3047c2b2ff4126968997088,21,sha256:e08a12045817a727b04603a3462ec7240884aae00679da4c8602d9f962626d4b,locked_audit_scale_30,3,NOT_SEPARATELY_RECORDED,0.363584009654,0.3627060434066091,false,false,0.136415990346,0.0008779662473908934,false,0.3627060434066091,PASS,SAFE_SAMPLE,SECURITY_TARGET_MATCH_ASSUMPTIONS_DIFFER,NOT_SEPARATELY_RECORDED,NOT_SEPARATELY_RECORDED,25.482843,28.81032,22.694404,0.738376,52.343359,sha256:02a6cfb4fe17c40ddd323806435d8f78840fa385653311fc77b30e7c5eaa53c8,eva_native_scale30_N14_QP240_ef28317b2a3d,0.5,false
flipguard_provider_execution_record_v7,EVA,4cd3254c9c51340ae30c451495ce5378135758c0,native_eva_seal,shared_polynomial_v1,6,NOT_APPLICABLE,sha256:ef28317b2a3db3141e6d2ce3036709aacbcb8738f3047c2b2ff4126968997088,25,sha256:e08a12045817a727b04603a3462ec7240884aae00679da4c8602d9f962626d4b,locked_audit_scale_30,3,NOT_SEPARATELY_RECORDED,0.335080207201,0.33431215098374734,false,false,0.164919792799,0.0007680562172526773,false,0.33431215098374734,PASS,SAFE_SAMPLE,SECURITY_TARGET_MATCH_ASSUMPTIONS_DIFFER,NOT_SEPARATELY_RECORDED,NOT_SEPARATELY_RECORDED,25.482843,28.319875,22.260891,0.887005,51.539515,sha256:02a6cfb4fe17c40ddd323806435d8f78840fa385653311fc77b30e7c5eaa53c8,eva_native_scale30_N14_QP240_ef28317b2a3d,0.5,false
flipguard_provider_execution_record_v7,EVA,4cd3254c9c51340ae30c451495ce5378135758c0,native_eva_seal,shared_polynomial_v1,6,NOT_APPLICABLE,sha256:ef28317b2a3db3141e6d2ce3036709aacbcb8738f3047c2b2ff4126968997088,26,sha256:e08a12045817a727b04603a3462ec7240884aae00679da4c8602d9f962626d4b,locked_audit_scale_30,3,NOT_SEPARATELY_RECORDED,0.643919131784,0.6429937550097028,true,true,0.14391913178399995,0.0009253767742971597,false,0.6429937550097028,PASS,SAFE_SAMPLE,SECURITY_TARGET_MATCH_ASSUMPTIONS_DIFFER,NOT_SEPARATELY_RECORDED,NOT_SEPARATELY_RECORDED,25.482843,26.992459,22.607231,0.752763,50.422273,sha256:02a6cfb4fe17c40ddd323806435d8f78840fa385653311fc77b30e7c5eaa53c8,eva_native_scale30_N14_QP240_ef28317b2a3d,0.5,false
