row_id,label,scaled_logit,polynomial_score,plaintext_decision,materialization_schema,source_data_sha256,source_model_sha256,source_feature_space,preprocessing_method,x_0,x_1,x_2,x_3,x_4,x_5,x_6,x_7
3,0,-0.06292283898531148,0.48760519723736806,false,flipguard_tabular_validation_v2,sha256:4c13087ee4033f196fb7e4198634189004ed9afb44ad9df89e575a860f699663,sha256:4732af06a200e574b79412c23f8a91a98989217b2dc0ffb6e5f48ddd4e9caa36,model_input,identity_model_input_v1,0.26127968584799999,-0.66259599847100004,-0.402342990831,-1.7187177491929999,-0.67504030634300005,0.02671859658,-1.143812833363,-0.083129335880000002
5,0,-0.02041264369939251,0.49597874321305646,false,flipguard_tabular_validation_v2,sha256:4c13087ee4033f196fb7e4198634189004ed9afb44ad9df89e575a860f699663,sha256:4732af06a200e574b79412c23f8a91a98989217b2dc0ffb6e5f48ddd4e9caa36,model_input,identity_model_input_v1,-0.45114670268000001,-0.485838110085,-0.402342990831,0.91039332991099997,-0.67504030634300005,-1.0566774002379999,-1.143812833363,-0.083129335880000002
7,0,-0.16458859080178878,0.46759388203951396,false,flipguard_tabular_validation_v2,sha256:4c13087ee4033f196fb7e4198634189004ed9afb44ad9df89e575a860f699663,sha256:4732af06a200e574b79412c23f8a91a98989217b2dc0ffb6e5f48ddd4e9caa36,model_input,identity_model_input_v1,0.97370607437599999,0.044435555076,-0.402342990831,-1.543443677253,-0.67504030634300005,-1.0566774002379999,-1.143812833363,-0.083129335880000002
8,0,0.076823309507344464,0.51513237838329728,true,flipguard_tabular_validation_v2,sha256:4c13087ee4033f196fb7e4198634189004ed9afb44ad9df89e575a860f699663,sha256:4732af06a200e574b79412c23f8a91a98989217b2dc0ffb6e5f48ddd4e9caa36,model_input,identity_model_input_v1,0.49875514869100002,-0.13232233331099999,-0.402342990831,0.20929704215,-0.67504030634300005,0.95534373671100004,1.347994327014,-0.083129335880000002
9,1,-0.13707079502736397,0.47300735474487277,false,flipguard_tabular_validation_v2,sha256:4c13087ee4033f196fb7e4198634189004ed9afb44ad9df89e575a860f699663,sha256:4732af06a200e574b79412c23f8a91a98989217b2dc0ffb6e5f48ddd4e9caa36,model_input,identity_model_input_v1,-0.45114670268000001,1.635256550557,1.1731870386859999,1.085667401851,-0.67504030634300005,-1.0566774002379999,0.10209074682499999,-0.083129335880000002
11,1,0.15658082807048179,0.53083106721317785,true,flipguard_tabular_validation_v2,sha256:4c13087ee4033f196fb7e4198634189004ed9afb44ad9df89e575a860f699663,sha256:4732af06a200e574b79412c23f8a91a98989217b2dc0ffb6e5f48ddd4e9caa36,model_input,identity_model_input_v1,0.023804223005999998,-1.016111775245,-0.402342990831,0.91039332991099997,0.46545117896999999,1.419656306776,-1.143812833363,-0.083129335880000002
12,0,-0.0023253073804350641,0.49954191449634655,false,flipguard_tabular_validation_v2,sha256:4c13087ee4033f196fb7e4198634189004ed9afb44ad9df89e575a860f699663,sha256:4732af06a200e574b79412c23f8a91a98989217b2dc0ffb6e5f48ddd4e9caa36,model_input,identity_model_input_v1,0.97370607437599999,0.397951331849,-0.402342990831,-1.0176214614320001,-0.67504030634300005,0.95534373671100004,1.347994327014,-0.083129335880000002
14,1,-0.0083414138733301849,0.49835674378850908,false,flipguard_tabular_validation_v2,sha256:4c13087ee4033f196fb7e4198634189004ed9afb44ad9df89e575a860f699663,sha256:4732af06a200e574b79412c23f8a91a98989217b2dc0ffb6e5f48ddd4e9caa36,model_input,identity_model_input_v1,0.97370607437599999,-1.016111775245,-0.402342990831,-0.49179924561100002,-0.67504030634300005,-0.59236483017300001,1.347994327014,-0.083129335880000002
17,1,0.097066704455297123,0.51911848254904658,true,flipguard_tabular_validation_v2,sha256:4c13087ee4033f196fb7e4198634189004ed9afb44ad9df89e575a860f699663,sha256:4732af06a200e574b79412c23f8a91a98989217b2dc0ffb6e5f48ddd4e9caa36,model_input,identity_model_input_v1,-0.92609762836499998,0.75146710862300004,-0.402342990831,1.085667401851,0.46545117896999999,1.2648854500869999,-0.98807488584000003,-0.083129335880000002
18,1,0.28191692004819963,0.55544800943634132,true,flipguard_tabular_validation_v2,sha256:4c13087ee4033f196fb7e4198634189004ed9afb44ad9df89e575a860f699663,sha256:4732af06a200e574b79412c23f8a91a98989217b2dc0ffb6e5f48ddd4e9caa36,model_input,identity_model_input_v1,0.26127968584799999,-1.016111775245,-0.402342990831,0.73511925797099997,-0.67504030634300005,0.800572880022,1.347994327014,2.9902111112240002
19,0,-0.017547752062595876,0.49654311445713673,false,flipguard_tabular_validation_v2,sha256:4c13087ee4033f196fb7e4198634189004ed9afb44ad9df89e575a860f699663,sha256:4732af06a200e574b79412c23f8a91a98989217b2dc0ffb6e5f48ddd4e9caa36,model_input,identity_model_input_v1,-0.45114670268000001,-1.016111775245,-0.402342990831,0.20929704215,-0.67504030634300005,-1.0566774002379999,-0.83233693831599997,-0.083129335880000002
20,1,-0.010893150493111639,0.49785405452321363,false,flipguard_tabular_validation_v2,sha256:4c13087ee4033f196fb7e4198634189004ed9afb44ad9df89e575a860f699663,sha256:4732af06a200e574b79412c23f8a91a98989217b2dc0ffb6e5f48ddd4e9caa36,model_input,identity_model_input_v1,0.49875514869100002,0.397951331849,-0.087236984928,1.085667401851,0.180328307642,-0.59236483017300001,0.56930458939600004,-0.083129335880000002
22,1,0.13678244464591172,0.52693590510503197,true,flipguard_tabular_validation_v2,sha256:4c13087ee4033f196fb7e4198634189004ed9afb44ad9df89e575a860f699663,sha256:4732af06a200e574b79412c23f8a91a98989217b2dc0ffb6e5f48ddd4e9caa36,model_input,identity_model_input_v1,-2.825901331107,0.397951331849,-0.402342990831,-1.7187177491929999,2.7464341495969999,1.419656306776,1.347994327014,-0.083129335880000002
23,0,0.010432844411405729,0.5020552658068268,true,flipguard_tabular_validation_v2,sha256:4c13087ee4033f196fb7e4198634189004ed9afb44ad9df89e575a860f699663,sha256:4732af06a200e574b79412c23f8a91a98989217b2dc0ffb6e5f48ddd4e9caa36,model_input,identity_model_input_v1,-0.45114670268000001,-1.016111775245,-0.402342990831,0.38457111409,-0.67504030634300005,-1.0566774002379999,0.41356664187300002,-0.083129335880000002
26,0,-0.053401697943916977,0.48948047465636768,false,flipguard_tabular_validation_v2,sha256:4c13087ee4033f196fb7e4198634189004ed9afb44ad9df89e575a860f699663,sha256:4732af06a200e574b79412c23f8a91a98989217b2dc0ffb6e5f48ddd4e9caa36,model_input,identity_model_input_v1,0.49875514869100002,-1.016111775245,-0.402342990831,-0.66707331755199994,-0.67504030634300005,-1.0566774002379999,0.10209074682499999,-0.083129335880000002
29,1,0.015208128117468064,0.50299598716936211,true,flipguard_tabular_validation_v2,sha256:4c13087ee4033f196fb7e4198634189004ed9afb44ad9df89e575a860f699663,sha256:4732af06a200e574b79412c23f8a91a98989217b2dc0ffb6e5f48ddd4e9caa36,model_input,identity_model_input_v1,-2.1134749425789998,-0.13232233331099999,-0.402342990831,0.55984518603,1.035696921627,-1.0566774002379999,-1.143812833363,-0.083129335880000002
32,0,-0.062001881466522822,0.4877865827498859,false,flipguard_tabular_validation_v2,sha256:4c13087ee4033f196fb7e4198634189004ed9afb44ad9df89e575a860f699663,sha256:4732af06a200e574b79412c23f8a91a98989217b2dc0ffb6e5f48ddd4e9caa36,model_input,identity_model_input_v1,0.26127968584799999,-1.016111775245,-0.402342990831,-0.66707331755199994,-0.67504030634300005,-1.0566774002379999,-0.67659899079300001,-0.083129335880000002
34,0,-0.22074550922513847,0.45655616114333281,false,flipguard_tabular_validation_v2,sha256:4c13087ee4033f196fb7e4198634189004ed9afb44ad9df89e575a860f699663,sha256:4732af06a200e574b79412c23f8a91a98989217b2dc0ffb6e5f48ddd4e9caa36,model_input,identity_model_input_v1,0.023804223005999998,1.635256550557,4.639353103625,1.085667401851,-0.38991743501499998,-0.90190654354999999,1.347994327014,-0.083129335880000002
35,0,0.017804410989746104,0.50350744638919687,true,flipguard_tabular_validation_v2,sha256:4c13087ee4033f196fb7e4198634189004ed9afb44ad9df89e575a860f699663,sha256:4732af06a200e574b79412c23f8a91a98989217b2dc0ffb6e5f48ddd4e9caa36,model_input,identity_model_input_v1,0.49875514869100002,-1.016111775245,-0.402342990831,0.38457111409,-0.67504030634300005,-0.128052260108,-1.143812833363,-0.083129335880000002
36,1,0.074627786872350513,0.51470001151375711,true,flipguard_tabular_validation_v2,sha256:4c13087ee4033f196fb7e4198634189004ed9afb44ad9df89e575a860f699663,sha256:4732af06a200e574b79412c23f8a91a98989217b2dc0ffb6e5f48ddd4e9caa36,model_input,identity_model_input_v1,0.49875514869100002,-0.485838110085,-0.402342990831,0.55984518603,0.46545117896999999,0.800572880022,-1.143812833363,-0.083129335880000002
37,0,-0.1220369517432478,0.47596599050045629,false,flipguard_tabular_validation_v2,sha256:4c13087ee4033f196fb7e4198634189004ed9afb44ad9df89e575a860f699663,sha256:4732af06a200e574b79412c23f8a91a98989217b2dc0ffb6e5f48ddd4e9caa36,model_input,identity_model_input_v1,0.49875514869100002,-0.83935388685800005,-0.402342990831,-1.7187177491929999,-0.67504030634300005,-1.0566774002379999,-1.143812833363,-0.083129335880000002
38,1,0.090014104384380303,0.51772986119256192,true,flipguard_tabular_validation_v2,sha256:4c13087ee4033f196fb7e4198634189004ed9afb44ad9df89e575a860f699663,sha256:4732af06a200e574b79412c23f8a91a98989217b2dc0ffb6e5f48ddd4e9caa36,model_input,identity_model_input_v1,0.49875514869100002,-0.83935388685800005,-0.402342990831,1.085667401851,1.3208197929550001,0.18148945326900001,-1.143812833363,-0.083129335880000002
39,0,-0.021656925944488495,0.49573362621927286,false,flipguard_tabular_validation_v2,sha256:4c13087ee4033f196fb7e4198634189004ed9afb44ad9df89e575a860f699663,sha256:4732af06a200e574b79412c23f8a91a98989217b2dc0ffb6e5f48ddd4e9caa36,model_input,identity_model_input_v1,0.97370607437599999,-0.83935388685800005,-0.402342990831,1.085667401851,-0.38991743501499998,-1.0566774002379999,-1.143812833363,-0.083129335880000002
40,1,0.052189207996194184,0.51028070538146308,true,flipguard_tabular_validation_v2,sha256:4c13087ee4033f196fb7e4198634189004ed9afb44ad9df89e575a860f699663,sha256:4732af06a200e574b79412c23f8a91a98989217b2dc0ffb6e5f48ddd4e9caa36,model_input,identity_model_input_v1,-0.21367123983700001,0.22119344346299999,-0.402342990831,0.73511925797099997,-0.67504030634300005,0.95534373671100004,-1.143812833363,-0.083129335880000002
42,1,0.45687882329008506,0.58962365582724419,true,flipguard_tabular_validation_v2,sha256:4c13087ee4033f196fb7e4198634189004ed9afb44ad9df89e575a860f699663,sha256:4732af06a200e574b79412c23f8a91a98989217b2dc0ffb6e5f48ddd4e9caa36,model_input,identity_model_input_v1,0.26127968584799999,-1.016111775245,-0.402342990831,0.38457111409,-0.38991743501499998,1.419656306776,1.1922563794909999,6.0635515583290003
43,0,-0.10449533430768719,0.4794189831945066,false,flipguard_tabular_validation_v2,sha256:4c13087ee4033f196fb7e4198634189004ed9afb44ad9df89e575a860f699663,sha256:4732af06a200e574b79412c23f8a91a98989217b2dc0ffb6e5f48ddd4e9caa36,model_input,identity_model_input_v1,0.97370607437599999,0.75146710862300004,-0.402342990831,0.91039332991099997,-0.67504030634300005,-1.0566774002379999,-1.143812833363,-0.083129335880000002
49,0,0.18284984076547584,0.53599696497748861,true,flipguard_tabular_validation_v2,sha256:4c13087ee4033f196fb7e4198634189004ed9afb44ad9df89e575a860f699663,sha256:4732af06a200e574b79412c23f8a91a98989217b2dc0ffb6e5f48ddd4e9caa36,model_input,identity_model_input_v1,0.73623061153400005,-0.83935388685800005,-0.402342990831,1.085667401851,1.8910655356120001,0.95534373671100004,1.347994327014,-0.083129335880000002
52,1,0.11668123355043129,0.52297984877802839,true,flipguard_tabular_validation_v2,sha256:4c13087ee4033f196fb7e4198634189004ed9afb44ad9df89e575a860f699663,sha256:4732af06a200e574b79412c23f8a91a98989217b2dc0ffb6e5f48ddd4e9caa36,model_input,identity_model_input_v1,0.49875514869100002,-0.83935388685800005,-0.402342990831,1.085667401851,1.3208197929550001,0.64580202333400005,-1.143812833363,-0.083129335880000002
53,1,0.22258175339855474,0.54380449627151761,true,flipguard_tabular_validation_v2,sha256:4c13087ee4033f196fb7e4198634189004ed9afb44ad9df89e575a860f699663,sha256:4732af06a200e574b79412c23f8a91a98989217b2dc0ffb6e5f48ddd4e9caa36,model_input,identity_model_input_v1,0.73623061153400005,-1.016111775245,-0.402342990831,1.085667401851,2.1761884069409998,1.419656306776,1.347994327014,-0.083129335880000002
55,1,0.43202730616361984,0.58478683188654201,true,flipguard_tabular_validation_v2,sha256:4c13087ee4033f196fb7e4198634189004ed9afb44ad9df89e575a860f699663,sha256:4732af06a200e574b79412c23f8a91a98989217b2dc0ffb6e5f48ddd4e9caa36,model_input,identity_model_input_v1,0.49875514869100002,-0.83935388685800005,-0.402342990831,0.38457111409,0.46545117896999999,1.2648854500869999,0.10209074682499999,6.0635515583290003
56,1,0.14707553171906218,0.52896115406061084,true,flipguard_tabular_validation_v2,sha256:4c13087ee4033f196fb7e4198634189004ed9afb44ad9df89e575a860f699663,sha256:4732af06a200e574b79412c23f8a91a98989217b2dc0ffb6e5f48ddd4e9caa36,model_input,identity_model_input_v1,0.49875514869100002,-0.83935388685800005,-0.402342990831,1.085667401851,1.035696921627,1.2648854500869999,-1.143812833363,-0.083129335880000002
58,0,-0.1110456838898973,0.47812947755492502,false,flipguard_tabular_validation_v2,sha256:4c13087ee4033f196fb7e4198634189004ed9afb44ad9df89e575a860f699663,sha256:4732af06a200e574b79412c23f8a91a98989217b2dc0ffb6e5f48ddd4e9caa36,model_input,identity_model_input_v1,0.97370607437599999,0.75146710862300004,-0.402342990831,0.73511925797099997,-0.67504030634300005,-1.0566774002379999,-1.143812833363,-0.083129335880000002
59,0,-0.023616395881791482,0.49534762269796945,false,flipguard_tabular_validation_v2,sha256:4c13087ee4033f196fb7e4198634189004ed9afb44ad9df89e575a860f699663,sha256:4732af06a200e574b79412c23f8a91a98989217b2dc0ffb6e5f48ddd4e9caa36,model_input,identity_model_input_v1,0.49875514869100002,-0.66259599847100004,-0.402342990831,-1.0176214614320001,-0.67504030634300005,-0.128052260108,0.41356664187300002,-0.083129335880000002
61,0,-0.15343997884073562,0.46978677442570738,false,flipguard_tabular_validation_v2,sha256:4c13087ee4033f196fb7e4198634189004ed9afb44ad9df89e575a860f699663,sha256:4732af06a200e574b79412c23f8a91a98989217b2dc0ffb6e5f48ddd4e9caa36,model_input,identity_model_input_v1,0.023804223005999998,1.45849866217,1.803399050493,1.085667401851,-0.67504030634300005,-0.59236483017300001,-1.143812833363,-0.083129335880000002
66,0,-0.10367039084564628,0.47958138981421855,false,flipguard_tabular_validation_v2,sha256:4c13087ee4033f196fb7e4198634189004ed9afb44ad9df89e575a860f699663,sha256:4732af06a200e574b79412c23f8a91a98989217b2dc0ffb6e5f48ddd4e9caa36,model_input,identity_model_input_v1,0.97370607437599999,0.57470922023600002,-0.402342990831,-1.543443677253,-0.67504030634300005,-0.28282311679599997,1.1922563794909999,-0.083129335880000002
71,0,-0.086056492457359163,0.48304942022701308,false,flipguard_tabular_validation_v2,sha256:4c13087ee4033f196fb7e4198634189004ed9afb44ad9df89e575a860f699663,sha256:4732af06a200e574b79412c23f8a91a98989217b2dc0ffb6e5f48ddd4e9caa36,model_input,identity_model_input_v1,0.26127968584799999,0.22119344346299999,-0.402342990831,0.38457111409,-0.67504030634300005,-1.0566774002379999,-1.143812833363,-0.083129335880000002
72,1,0.24787877710993206,0.54877119654724305,true,flipguard_tabular_validation_v2,sha256:4c13087ee4033f196fb7e4198634189004ed9afb44ad9df89e575a860f699663,sha256:4732af06a200e574b79412c23f8a91a98989217b2dc0ffb6e5f48ddd4e9caa36,model_input,identity_model_input_v1,-0.92609762836499998,-0.66259599847100004,-0.402342990831,0.73511925797099997,3.3166798922540002,1.419656306776,1.347994327014,-0.083129335880000002
77,0,-0.10804994497601587,0.47871920668165663,false,flipguard_tabular_validation_v2,sha256:4c13087ee4033f196fb7e4198634189004ed9afb44ad9df89e575a860f699663,sha256:4732af06a200e574b79412c23f8a91a98989217b2dc0ffb6e5f48ddd4e9caa36,model_input,identity_model_input_v1,-0.45114670268000001,1.104982885396,-0.087236984928,0.73511925797099997,-0.67504030634300005,-1.0566774002379999,-1.143812833363,-0.083129335880000002
79,0,-0.14315834391001447,0.47180954197646335,false,flipguard_tabular_validation_v2,sha256:4c13087ee4033f196fb7e4198634189004ed9afb44ad9df89e575a860f699663,sha256:4732af06a200e574b79412c23f8a91a98989217b2dc0ffb6e5f48ddd4e9caa36,model_input,identity_model_input_v1,0.97370607437599999,0.044435555076,-0.402342990831,-1.543443677253,-0.67504030634300005,-1.0566774002379999,0.10209074682499999,-0.083129335880000002
81,1,0.016059917523796593,0.50316378718343113,true,flipguard_tabular_validation_v2,sha256:4c13087ee4033f196fb7e4198634189004ed9afb44ad9df89e575a860f699663,sha256:4732af06a200e574b79412c23f8a91a98989217b2dc0ffb6e5f48ddd4e9caa36,model_input,identity_model_input_v1,0.49875514869100002,-0.83935388685800005,-0.402342990831,0.73511925797099997,-0.67504030634300005,-0.90190654354999999,1.036518431967,-0.083129335880000002
82,0,-0.23109827382235437,0.45452300857564448,false,flipguard_tabular_validation_v2,sha256:4c13087ee4033f196fb7e4198634189004ed9afb44ad9df89e575a860f699663,sha256:4732af06a200e574b79412c23f8a91a98989217b2dc0ffb6e5f48ddd4e9caa36,model_input,identity_model_input_v1,0.49875514869100002,1.812014438944,4.324247097722,0.91039332991099997,-0.67504030634300005,-0.74713568686200005,1.347994327014,-0.083129335880000002
83,1,0.18565097278934573,0.53654764684311351,true,flipguard_tabular_validation_v2,sha256:4c13087ee4033f196fb7e4198634189004ed9afb44ad9df89e575a860f699663,sha256:4732af06a200e574b79412c23f8a91a98989217b2dc0ffb6e5f48ddd4e9caa36,model_input,identity_model_input_v1,0.023804223005999998,-1.016111775245,-0.402342990831,-1.0176214614320001,-0.67504030634300005,0.18148945326900001,1.347994327014,2.9902111112240002
85,1,0.067288545543009309,0.51325462480956563,true,flipguard_tabular_validation_v2,sha256:4c13087ee4033f196fb7e4198634189004ed9afb44ad9df89e575a860f699663,sha256:4732af06a200e574b79412c23f8a91a98989217b2dc0ffb6e5f48ddd4e9caa36,model_input,identity_model_input_v1,0.97370607437599999,-0.83935388685800005,-0.402342990831,-0.49179924561100002,-0.67504030634300005,0.95534373671100004,1.036518431967,-0.083129335880000002
86,0,-0.097502432337234879,0.4807957285445405,false,flipguard_tabular_validation_v2,sha256:4c13087ee4033f196fb7e4198634189004ed9afb44ad9df89e575a860f699663,sha256:4732af06a200e574b79412c23f8a91a98989217b2dc0ffb6e5f48ddd4e9caa36,model_input,identity_model_input_v1,0.73623061153400005,1.104982885396,-0.402342990831,-1.7187177491929999,-0.104794563686,0.18148945326900001,0.88078048444299994,-0.083129335880000002
90,1,0.12318321382428758,0.52425961634371132,true,flipguard_tabular_validation_v2,sha256:4c13087ee4033f196fb7e4198634189004ed9afb44ad9df89e575a860f699663,sha256:4732af06a200e574b79412c23f8a91a98989217b2dc0ffb6e5f48ddd4e9caa36,model_input,identity_model_input_v1,-2.350950405421,-1.016111775245,-0.402342990831,-0.84234738949200005,0.46545117896999999,0.49103116664500002,1.036518431967,-0.083129335880000002
94,1,0.15405585096870522,0.53033437768433089,true,flipguard_tabular_validation_v2,sha256:4c13087ee4033f196fb7e4198634189004ed9afb44ad9df89e575a860f699663,sha256:4732af06a200e574b79412c23f8a91a98989217b2dc0ffb6e5f48ddd4e9caa36,model_input,identity_model_input_v1,0.26127968584799999,-1.016111775245,-0.402342990831,0.73511925797099997,-0.67504030634300005,1.419656306776,0.56930458939600004,-0.083129335880000002
95,0,-0.13718071215591654,0.47298572587243343,false,flipguard_tabular_validation_v2,sha256:4c13087ee4033f196fb7e4198634189004ed9afb44ad9df89e575a860f699663,sha256:4732af06a200e574b79412c23f8a91a98989217b2dc0ffb6e5f48ddd4e9caa36,model_input,identity_model_input_v1,-0.92609762836499998,1.281740773783,2.1185050563969998,1.085667401851,0.75057405029900004,-1.0566774002379999,-1.143812833363,-0.083129335880000002
96,0,-0.18774470436402391,0.46304076379723003,false,flipguard_tabular_validation_v2,sha256:4c13087ee4033f196fb7e4198634189004ed9afb44ad9df89e575a860f699663,sha256:4732af06a200e574b79412c23f8a91a98989217b2dc0ffb6e5f48ddd4e9caa36,model_input,identity_model_input_v1,-0.21367123983700001,1.635256550557,1.48829304459,0.55984518603,-0.38991743501499998,-1.0566774002379999,-1.143812833363,-0.083129335880000002
98,0,-0.12574911927377777,0.47523537730638071,false,flipguard_tabular_validation_v2,sha256:4c13087ee4033f196fb7e4198634189004ed9afb44ad9df89e575a860f699663,sha256:4732af06a200e574b79412c23f8a91a98989217b2dc0ffb6e5f48ddd4e9caa36,model_input,identity_model_input_v1,-0.21367123983700001,1.104982885396,0.54297502687900001,0.20929704215,-0.67504030634300005,-0.59236483017300001,-1.143812833363,-0.083129335880000002
99,0,-0.063248800598585245,0.48754099836681297,false,flipguard_tabular_validation_v2,sha256:4c13087ee4033f196fb7e4198634189004ed9afb44ad9df89e575a860f699663,sha256:4732af06a200e574b79412c23f8a91a98989217b2dc0ffb6e5f48ddd4e9caa36,model_input,identity_model_input_v1,0.97370607437599999,0.397951331849,0.22786902097600001,1.085667401851,1.3208197929550001,-1.0566774002379999,-0.98807488584000003,-0.083129335880000002
101,1,0.139927548972819,0.52755476817930991,true,flipguard_tabular_validation_v2,sha256:4c13087ee4033f196fb7e4198634189004ed9afb44ad9df89e575a860f699663,sha256:4732af06a200e574b79412c23f8a91a98989217b2dc0ffb6e5f48ddd4e9caa36,model_input,identity_model_input_v1,-2.5884258682639998,0.397951331849,-0.402342990831,-1.3681696053129999,2.4613112782690001,1.419656306776,1.347994327014,-0.083129335880000002
104,0,-0.21027160744180662,0.45861368125460439,false,flipguard_tabular_validation_v2,sha256:4c13087ee4033f196fb7e4198634189004ed9afb44ad9df89e575a860f699663,sha256:4732af06a200e574b79412c23f8a91a98989217b2dc0ffb6e5f48ddd4e9caa36,model_input,identity_model_input_v1,-1.638524016893,0.92822499701000005,4.324247097722,0.73511925797099997,-0.67504030634300005,-1.0566774002379999,-0.83233693831599997,-0.083129335880000002
105,1,0.1392530404459128,0.52742204771704537,true,flipguard_tabular_validation_v2,sha256:4c13087ee4033f196fb7e4198634189004ed9afb44ad9df89e575a860f699663,sha256:4732af06a200e574b79412c23f8a91a98989217b2dc0ffb6e5f48ddd4e9caa36,model_input,identity_model_input_v1,0.26127968584799999,-0.83935388685800005,-0.402342990831,1.085667401851,1.3208197929550001,0.95534373671100004,-1.143812833363,-0.083129335880000002
109,1,0.012566169665145732,0.50247552748680757,true,flipguard_tabular_validation_v2,sha256:4c13087ee4033f196fb7e4198634189004ed9afb44ad9df89e575a860f699663,sha256:4732af06a200e574b79412c23f8a91a98989217b2dc0ffb6e5f48ddd4e9caa36,model_input,identity_model_input_v1,0.023804223005999998,-1.016111775245,-0.087236984928,-1.3681696053129999,-0.67504030634300005,0.18148945326900001,1.347994327014,-0.083129335880000002
115,1,0.14268279674997064,0.52809689179708263,true,flipguard_tabular_validation_v2,sha256:4c13087ee4033f196fb7e4198634189004ed9afb44ad9df89e575a860f699663,sha256:4732af06a200e574b79412c23f8a91a98989217b2dc0ffb6e5f48ddd4e9caa36,model_input,identity_model_input_v1,-0.45114670268000001,-0.485838110085,-0.402342990831,0.55984518603,-0.67504030634300005,1.2648854500869999,1.347994327014,-0.083129335880000002
116,1,0.16539290601303569,0.53256430531626819,true,flipguard_tabular_validation_v2,sha256:4c13087ee4033f196fb7e4198634189004ed9afb44ad9df89e575a860f699663,sha256:4732af06a200e574b79412c23f8a91a98989217b2dc0ffb6e5f48ddd4e9caa36,model_input,identity_model_input_v1,-2.350950405421,-0.13232233331099999,-0.402342990831,-1.1928955333719999,2.4613112782690001,1.419656306776,1.347994327014,-0.083129335880000002
117,1,0.24377340626342525,0.54796541563342038,true,flipguard_tabular_validation_v2,sha256:4c13087ee4033f196fb7e4198634189004ed9afb44ad9df89e575a860f699663,sha256:4732af06a200e574b79412c23f8a91a98989217b2dc0ffb6e5f48ddd4e9caa36,model_input,identity_model_input_v1,-0.45114670268000001,-1.016111775245,-0.402342990831,0.73511925797099997,2.7464341495969999,1.419656306776,1.347994327014,-0.083129335880000002
118,0,-0.017810550251682059,0.49649134419956331,false,flipguard_tabular_validation_v2,sha256:4c13087ee4033f196fb7e4198634189004ed9afb44ad9df89e575a860f699663,sha256:4732af06a200e574b79412c23f8a91a98989217b2dc0ffb6e5f48ddd4e9caa36,model_input,identity_model_input_v1,-0.68862216552199995,1.281740773783,-0.402342990831,-0.141251101731,-0.104794563686,0.64580202333400005,-0.67659899079300001,-0.083129335880000002
119,1,0.13098397008807955,0.52579485304401952,true,flipguard_tabular_validation_v2,sha256:4c13087ee4033f196fb7e4198634189004ed9afb44ad9df89e575a860f699663,sha256:4732af06a200e574b79412c23f8a91a98989217b2dc0ffb6e5f48ddd4e9caa36,model_input,identity_model_input_v1,0.97370607437599999,-0.83935388685800005,-0.402342990831,0.73511925797099997,1.8910655356120001,1.110114593399,-1.143812833363,-0.083129335880000002
120,0,-0.078290134980649004,0.48457876287787538,false,flipguard_tabular_validation_v2,sha256:4c13087ee4033f196fb7e4198634189004ed9afb44ad9df89e575a860f699663,sha256:4732af06a200e574b79412c23f8a91a98989217b2dc0ffb6e5f48ddd4e9caa36,model_input,identity_model_input_v1,0.97370607437599999,-0.83935388685800005,-0.402342990831,-1.7187177491929999,-0.67504030634300005,-0.128052260108,-1.143812833363,-0.083129335880000002
122,0,-0.1240276979673037,0.47557417510819011,false,flipguard_tabular_validation_v2,sha256:4c13087ee4033f196fb7e4198634189004ed9afb44ad9df89e575a860f699663,sha256:4732af06a200e574b79412c23f8a91a98989217b2dc0ffb6e5f48ddd4e9caa36,model_input,identity_model_input_v1,0.97370607437599999,-0.13232233331099999,-0.402342990831,-1.7187177491929999,-0.67504030634300005,-0.74713568686200005,0.10209074682499999,-0.083129335880000002
128,0,-0.17231764830821983,0.46607389005135802,false,flipguard_tabular_validation_v2,sha256:4c13087ee4033f196fb7e4198634189004ed9afb44ad9df89e575a860f699663,sha256:4732af06a200e574b79412c23f8a91a98989217b2dc0ffb6e5f48ddd4e9caa36,model_input,identity_model_input_v1,-1.638524016893,1.812014438944,2.1185050563969998,1.085667401851,-0.67504030634300005,-1.0566774002379999,-1.143812833363,-0.083129335880000002
129,0,-0.19045362945473571,0.46250826797924793,false,flipguard_tabular_validation_v2,sha256:4c13087ee4033f196fb7e4198634189004ed9afb44ad9df89e575a860f699663,sha256:4732af06a200e574b79412c23f8a91a98989217b2dc0ffb6e5f48ddd4e9caa36,model_input,identity_model_input_v1,-0.21367123983700001,1.812014438944,0.22786902097600001,-1.7187177491929999,0.180328307642,-1.0566774002379999,1.1922563794909999,-0.083129335880000002
130,1,0.060308391206428905,0.51187987567657334,true,flipguard_tabular_validation_v2,sha256:4c13087ee4033f196fb7e4198634189004ed9afb44ad9df89e575a860f699663,sha256:4732af06a200e574b79412c23f8a91a98989217b2dc0ffb6e5f48ddd4e9caa36,model_input,identity_model_input_v1,-0.92609762836499998,1.281740773783,-0.087236984928,0.91039332991099997,-0.67504030634300005,1.2648854500869999,0.41356664187300002,-0.083129335880000002
132,0,-0.026372813540886358,0.49480462910428091,false,flipguard_tabular_validation_v2,sha256:4c13087ee4033f196fb7e4198634189004ed9afb44ad9df89e575a860f699663,sha256:4732af06a200e574b79412c23f8a91a98989217b2dc0ffb6e5f48ddd4e9caa36,model_input,identity_model_input_v1,-0.21367123983700001,-0.83935388685800005,-0.402342990831,0.38457111409,-0.67504030634300005,-1.0566774002379999,-0.98807488584000003,-0.083129335880000002
134,1,-0.074983930597258969,0.48522985208788771,false,flipguard_tabular_validation_v2,sha256:4c13087ee4033f196fb7e4198634189004ed9afb44ad9df89e575a860f699663,sha256:4732af06a200e574b79412c23f8a91a98989217b2dc0ffb6e5f48ddd4e9caa36,model_input,identity_model_input_v1,-1.875999479736,1.635256550557,0.85808103278299996,-1.0176214614320001,-0.38991743501499998,0.95534373671100004,-0.98807488584000003,-0.083129335880000002
140,1,0.18035651923746648,0.53550676740037118,true,flipguard_tabular_validation_v2,sha256:4c13087ee4033f196fb7e4198634189004ed9afb44ad9df89e575a860f699663,sha256:4732af06a200e574b79412c23f8a91a98989217b2dc0ffb6e5f48ddd4e9caa36,model_input,identity_model_input_v1,-1.638524016893,-0.485838110085,-0.402342990831,-0.31652517367100003,1.8910655356120001,1.2648854500869999,1.347994327014,-0.083129335880000002
141,0,-0.17463899093026386,0.46561742388940452,false,flipguard_tabular_validation_v2,sha256:4c13087ee4033f196fb7e4198634189004ed9afb44ad9df89e575a860f699663,sha256:4732af06a200e574b79412c23f8a91a98989217b2dc0ffb6e5f48ddd4e9caa36,model_input,identity_model_input_v1,-0.92609762836499998,1.45849866217,0.22786902097600001,-1.7187177491929999,1.605942664284,-1.0566774002379999,-1.143812833363,-0.083129335880000002
142,0,-0.063700324046632006,0.48745207007800412,false,flipguard_tabular_validation_v2,sha256:4c13087ee4033f196fb7e4198634189004ed9afb44ad9df89e575a860f699663,sha256:4732af06a200e574b79412c23f8a91a98989217b2dc0ffb6e5f48ddd4e9caa36,model_input,identity_model_input_v1,0.26127968584799999,-0.13232233331099999,-0.402342990831,0.55984518603,-0.67504030634300005,-1.0566774002379999,-1.143812833363,-0.083129335880000002
146,0,-0.24080578883785503,0.45261711443225155,false,flipguard_tabular_validation_v2,sha256:4c13087ee4033f196fb7e4198634189004ed9afb44ad9df89e575a860f699663,sha256:4732af06a200e574b79412c23f8a91a98989217b2dc0ffb6e5f48ddd4e9caa36,model_input,identity_model_input_v1,0.26127968584799999,1.812014438944,0.85808103278299996,-1.7187177491929999,-0.67504030634300005,-1.0566774002379999,0.88078048444299994,-0.083129335880000002
148,0,0.042242184714659868,0.50832140888060384,true,flipguard_tabular_validation_v2,sha256:4c13087ee4033f196fb7e4198634189004ed9afb44ad9df89e575a860f699663,sha256:4732af06a200e574b79412c23f8a91a98989217b2dc0ffb6e5f48ddd4e9caa36,model_input,identity_model_input_v1,-2.825901331107,0.92822499701000005,-0.402342990831,-1.7187177491929999,-0.67504030634300005,1.2648854500869999,1.347994327014,-0.083129335880000002
152,1,0.21887634592143018,0.54307669743722553,true,flipguard_tabular_validation_v2,sha256:4c13087ee4033f196fb7e4198634189004ed9afb44ad9df89e575a860f699663,sha256:4732af06a200e574b79412c23f8a91a98989217b2dc0ffb6e5f48ddd4e9caa36,model_input,identity_model_input_v1,-1.40104855405,-1.016111775245,-0.402342990831,0.38457111409,1.035696921627,1.419656306776,1.347994327014,-0.083129335880000002
154,0,-0.062751833180003783,0.48763887727834843,false,flipguard_tabular_validation_v2,sha256:4c13087ee4033f196fb7e4198634189004ed9afb44ad9df89e575a860f699663,sha256:4732af06a200e574b79412c23f8a91a98989217b2dc0ffb6e5f48ddd4e9caa36,model_input,identity_model_input_v1,0.023804223005999998,-0.485838110085,-0.402342990831,0.034022970210000003,-0.67504030634300005,-1.0566774002379999,-1.143812833363,-0.083129335880000002
155,0,-0.14873762528349077,0.47071184983839387,false,flipguard_tabular_validation_v2,sha256:4c13087ee4033f196fb7e4198634189004ed9afb44ad9df89e575a860f699663,sha256:4732af06a200e574b79412c23f8a91a98989217b2dc0ffb6e5f48ddd4e9caa36,model_input,identity_model_input_v1,0.49875514869100002,1.635256550557,3.0638230741079999,-1.0176214614320001,-0.67504030634300005,1.110114593399,1.347994327014,-0.083129335880000002
156,0,-0.061980436524692296,0.48779080641449635,false,flipguard_tabular_validation_v2,sha256:4c13087ee4033f196fb7e4198634189004ed9afb44ad9df89e575a860f699663,sha256:4732af06a200e574b79412c23f8a91a98989217b2dc0ffb6e5f48ddd4e9caa36,model_input,identity_model_input_v1,0.73623061153400005,-0.83935388685800005,-0.402342990831,-1.3681696053129999,-0.67504030634300005,-0.90190654354999999,1.347994327014,-0.083129335880000002
157,1,0.1342009647804065,0.52642792227848234,true,flipguard_tabular_validation_v2,sha256:4c13087ee4033f196fb7e4198634189004ed9afb44ad9df89e575a860f699663,sha256:4732af06a200e574b79412c23f8a91a98989217b2dc0ffb6e5f48ddd4e9caa36,model_input,identity_model_input_v1,-2.1134749425789998,-0.485838110085,-0.402342990831,-1.0176214614320001,2.1761884069409998,0.800572880022,0.88078048444299994,-0.083129335880000002
159,0,-0.08484805501595323,0.48328737651176212,false,flipguard_tabular_validation_v2,sha256:4c13087ee4033f196fb7e4198634189004ed9afb44ad9df89e575a860f699663,sha256:4732af06a200e574b79412c23f8a91a98989217b2dc0ffb6e5f48ddd4e9caa36,model_input,identity_model_input_v1,0.73623061153400005,1.104982885396,-0.402342990831,1.085667401851,-0.67504030634300005,-1.0566774002379999,0.25782869434900002,-0.083129335880000002
160,1,0.15317493009048039,0.53016108572435883,true,flipguard_tabular_validation_v2,sha256:4c13087ee4033f196fb7e4198634189004ed9afb44ad9df89e575a860f699663,sha256:4732af06a200e574b79412c23f8a91a98989217b2dc0ffb6e5f48ddd4e9caa36,model_input,identity_model_input_v1,0.26127968584799999,-1.016111775245,-0.402342990831,0.38457111409,1.035696921627,1.419656306776,-0.52086104326899996,-0.083129335880000002
162,1,0.027986448049673929,0.50551324258522079,true,flipguard_tabular_validation_v2,sha256:4c13087ee4033f196fb7e4198634189004ed9afb44ad9df89e575a860f699663,sha256:4732af06a200e574b79412c23f8a91a98989217b2dc0ffb6e5f48ddd4e9caa36,model_input,identity_model_input_v1,0.97370607437599999,-0.83935388685800005,-0.402342990831,-1.543443677253,-0.67504030634300005,0.95534373671100004,1.036518431967,-0.083129335880000002
163,0,0.022369159020135441,0.5044066795547123,true,flipguard_tabular_validation_v2,sha256:4c13087ee4033f196fb7e4198634189004ed9afb44ad9df89e575a860f699663,sha256:4732af06a200e574b79412c23f8a91a98989217b2dc0ffb6e5f48ddd4e9caa36,model_input,identity_model_input_v1,0.023804223005999998,0.044435555076,-0.402342990831,1.085667401851,-0.67504030634300005,-0.59236483017300001,1.347994327014,-0.083129335880000002
165,0,-0.076343692323107878,0.4849620724462419,false,flipguard_tabular_validation_v2,sha256:4c13087ee4033f196fb7e4198634189004ed9afb44ad9df89e575a860f699663,sha256:4732af06a200e574b79412c23f8a91a98989217b2dc0ffb6e5f48ddd4e9caa36,model_input,identity_model_input_v1,0.73623061153400005,1.281740773783,0.22786902097600001,1.085667401851,1.035696921627,-1.0566774002379999,0.56930458939600004,-0.083129335880000002
166,1,0.19560833926995197,0.53850490488409175,true,flipguard_tabular_validation_v2,sha256:4c13087ee4033f196fb7e4198634189004ed9afb44ad9df89e575a860f699663,sha256:4732af06a200e574b79412c23f8a91a98989217b2dc0ffb6e5f48ddd4e9caa36,model_input,identity_model_input_v1,-1.163573091208,-0.83935388685800005,-0.402342990831,-0.141251101731,2.1761884069409998,1.2648854500869999,1.1922563794909999,-0.083129335880000002
168,0,-0.2842722083661991,0.44409026388331918,false,flipguard_tabular_validation_v2,sha256:4c13087ee4033f196fb7e4198634189004ed9afb44ad9df89e575a860f699663,sha256:4732af06a200e574b79412c23f8a91a98989217b2dc0ffb6e5f48ddd4e9caa36,model_input,identity_model_input_v1,0.97370607437599999,1.812014438944,2.7487170682039999,0.034022970210000003,-0.67504030634300005,-1.0566774002379999,-1.143812833363,-0.083129335880000002
178,0,0.017733215846580188,0.50349342121573548,true,flipguard_tabular_validation_v2,sha256:4c13087ee4033f196fb7e4198634189004ed9afb44ad9df89e575a860f699663,sha256:4732af06a200e574b79412c23f8a91a98989217b2dc0ffb6e5f48ddd4e9caa36,model_input,identity_model_input_v1,0.26127968584799999,-1.016111775245,-0.402342990831,-1.3681696053129999,-0.67504030634300005,0.18148945326900001,1.347994327014,-0.083129335880000002
179,1,0.0076663882193846161,0.50151027667689663,true,flipguard_tabular_validation_v2,sha256:4c13087ee4033f196fb7e4198634189004ed9afb44ad9df89e575a860f699663,sha256:4732af06a200e574b79412c23f8a91a98989217b2dc0ffb6e5f48ddd4e9caa36,model_input,identity_model_input_v1,0.26127968584799999,-1.016111775245,-0.402342990831,0.91039332991099997,-0.67504030634300005,-1.0566774002379999,-0.053647200697999997,-0.083129335880000002
180,1,0.20959738807259659,0.5412538541043117,true,flipguard_tabular_validation_v2,sha256:4c13087ee4033f196fb7e4198634189004ed9afb44ad9df89e575a860f699663,sha256:4732af06a200e574b79412c23f8a91a98989217b2dc0ffb6e5f48ddd4e9caa36,model_input,identity_model_input_v1,0.49875514869100002,-1.016111775245,-0.402342990831,1.085667401851,2.1761884069409998,1.110114593399,1.347994327014,-0.083129335880000002
181,0,-0.10007493891959827,0.48028924603225021,false,flipguard_tabular_validation_v2,sha256:4c13087ee4033f196fb7e4198634189004ed9afb44ad9df89e575a860f699663,sha256:4732af06a200e574b79412c23f8a91a98989217b2dc0ffb6e5f48ddd4e9caa36,model_input,identity_model_input_v1,0.26127968584799999,0.75146710862300004,-0.087236984928,0.91039332991099997,-0.67504030634300005,-1.0566774002379999,-1.143812833363,-0.083129335880000002
182,1,0.0031189903321208814,0.50061444097406049,true,flipguard_tabular_validation_v2,sha256:4c13087ee4033f196fb7e4198634189004ed9afb44ad9df89e575a860f699663,sha256:4732af06a200e574b79412c23f8a91a98989217b2dc0ffb6e5f48ddd4e9caa36,model_input,identity_model_input_v1,0.49875514869100002,-1.016111775245,-0.402342990831,0.034022970210000003,-0.67504030634300005,-0.90190654354999999,1.347994327014,-0.083129335880000002
185,0,-0.17227948151708999,0.46608139531261389,false,flipguard_tabular_validation_v2,sha256:4c13087ee4033f196fb7e4198634189004ed9afb44ad9df89e575a860f699663,sha256:4732af06a200e574b79412c23f8a91a98989217b2dc0ffb6e5f48ddd4e9caa36,model_input,identity_model_input_v1,0.49875514869100002,1.45849866217,0.54297502687900001,0.20929704215,-0.104794563686,-1.0566774002379999,-1.143812833363,-0.083129335880000002
187,1,0.15865676095618303,0.5312394070968578,true,flipguard_tabular_validation_v2,sha256:4c13087ee4033f196fb7e4198634189004ed9afb44ad9df89e575a860f699663,sha256:4732af06a200e574b79412c23f8a91a98989217b2dc0ffb6e5f48ddd4e9caa36,model_input,identity_model_input_v1,-2.5884258682639998,-0.66259599847100004,-0.402342990831,-0.66707331755199994,1.8910655356120001,1.110114593399,-0.20938514822199999,-0.083129335880000002
189,1,-0.099639050152134659,0.48037506396220137,false,flipguard_tabular_validation_v2,sha256:4c13087ee4033f196fb7e4198634189004ed9afb44ad9df89e575a860f699663,sha256:4732af06a200e574b79412c23f8a91a98989217b2dc0ffb6e5f48ddd4e9caa36,model_input,identity_model_input_v1,0.97370607437599999,0.397951331849,-0.402342990831,-1.7187177491929999,-0.67504030634300005,-0.28282311679599997,1.347994327014,-0.083129335880000002
191,0,-0.24054971548484372,0.45266738288379227,false,flipguard_tabular_validation_v2,sha256:4c13087ee4033f196fb7e4198634189004ed9afb44ad9df89e575a860f699663,sha256:4732af06a200e574b79412c23f8a91a98989217b2dc0ffb6e5f48ddd4e9caa36,model_input,identity_model_input_v1,0.26127968584799999,1.812014438944,3.0638230741079999,1.085667401851,-0.67504030634300005,-1.0566774002379999,-1.143812833363,-0.083129335880000002
193,0,-0.11413404232898929,0.47752154076594738,false,flipguard_tabular_validation_v2,sha256:4c13087ee4033f196fb7e4198634189004ed9afb44ad9df89e575a860f699663,sha256:4732af06a200e574b79412c23f8a91a98989217b2dc0ffb6e5f48ddd4e9caa36,model_input,identity_model_input_v1,0.49875514869100002,-1.016111775245,-0.402342990831,-1.7187177491929999,-0.67504030634300005,-1.0566774002379999,-1.143812833363,-0.083129335880000002
195,0,-0.032117126383635328,0.49367305861894722,false,flipguard_tabular_validation_v2,sha256:4c13087ee4033f196fb7e4198634189004ed9afb44ad9df89e575a860f699663,sha256:4732af06a200e574b79412c23f8a91a98989217b2dc0ffb6e5f48ddd4e9caa36,model_input,identity_model_input_v1,-1.875999479736,1.104982885396,-0.402342990831,1.085667401851,-0.67504030634300005,-1.0566774002379999,0.25782869434900002,-0.083129335880000002
196,0,-0.056174243296224322,0.48893438311219112,false,flipguard_tabular_validation_v2,sha256:4c13087ee4033f196fb7e4198634189004ed9afb44ad9df89e575a860f699663,sha256:4732af06a200e574b79412c23f8a91a98989217b2dc0ffb6e5f48ddd4e9caa36,model_input,identity_model_input_v1,0.49875514869100002,-1.016111775245,-0.402342990831,-1.7187177491929999,-0.67504030634300005,-0.74713568686200005,1.1922563794909999,-0.083129335880000002
201,0,-0.18463568673518627,0.46365194688416467,false,flipguard_tabular_validation_v2,sha256:4c13087ee4033f196fb7e4198634189004ed9afb44ad9df89e575a860f699663,sha256:4732af06a200e574b79412c23f8a91a98989217b2dc0ffb6e5f48ddd4e9caa36,model_input,identity_model_input_v1,0.023804223005999998,1.812014438944,1.48829304459,-1.7187177491929999,1.8910655356120001,-0.43759397348500001,0.25782869434900002,-0.083129335880000002
204,1,0.16622716626972889,0.53272837935076878,true,flipguard_tabular_validation_v2,sha256:4c13087ee4033f196fb7e4198634189004ed9afb44ad9df89e575a860f699663,sha256:4732af06a200e574b79412c23f8a91a98989217b2dc0ffb6e5f48ddd4e9caa36,model_input,identity_model_input_v1,-1.163573091208,-1.016111775245,-0.402342990831,0.20929704215,1.605942664284,0.800572880022,0.41356664187300002,-0.083129335880000002
208,0,-0.072948803387912237,0.48563063852895588,false,flipguard_tabular_validation_v2,sha256:4c13087ee4033f196fb7e4198634189004ed9afb44ad9df89e575a860f699663,sha256:4732af06a200e574b79412c23f8a91a98989217b2dc0ffb6e5f48ddd4e9caa36,model_input,identity_model_input_v1,0.023804223005999998,-0.13232233331099999,-0.402342990831,-1.7187177491929999,-0.67504030634300005,0.18148945326900001,-1.143812833363,-0.083129335880000002
210,0,-0.35255388687240635,0.43072216596028789,false,flipguard_tabular_validation_v2,sha256:4c13087ee4033f196fb7e4198634189004ed9afb44ad9df89e575a860f699663,sha256:4732af06a200e574b79412c23f8a91a98989217b2dc0ffb6e5f48ddd4e9caa36,model_input,identity_model_input_v1,0.97370607437599999,1.812014438944,4.639353103625,-1.7187177491929999,-0.67504030634300005,-0.43759397348500001,0.10209074682499999,-0.083129335880000002
211,0,-0.26333626753887673,0.44819580055133357,false,flipguard_tabular_validation_v2,sha256:4c13087ee4033f196fb7e4198634189004ed9afb44ad9df89e575a860f699663,sha256:4732af06a200e574b79412c23f8a91a98989217b2dc0ffb6e5f48ddd4e9caa36,model_input,identity_model_input_v1,0.023804223005999998,1.812014438944,1.803399050493,-1.7187177491929999,-0.67504030634300005,-0.59236483017300001,-0.52086104326899996,-0.083129335880000002
214,1,-0.05422599511126823,0.48931811676024306,false,flipguard_tabular_validation_v2,sha256:4c13087ee4033f196fb7e4198634189004ed9afb44ad9df89e575a860f699663,sha256:4732af06a200e574b79412c23f8a91a98989217b2dc0ffb6e5f48ddd4e9caa36,model_input,identity_model_input_v1,0.97370607437599999,0.044435555076,-0.402342990831,-0.141251101731,-0.67504030634300005,-0.74713568686200005,1.1922563794909999,-0.083129335880000002
216,0,-0.11088790627871105,0.47816053643054396,false,flipguard_tabular_validation_v2,sha256:4c13087ee4033f196fb7e4198634189004ed9afb44ad9df89e575a860f699663,sha256:4732af06a200e574b79412c23f8a91a98989217b2dc0ffb6e5f48ddd4e9caa36,model_input,identity_model_input_v1,0.97370607437599999,-0.30908022169799998,-0.402342990831,-1.7187177491929999,-0.67504030634300005,-0.28282311679599997,-1.143812833363,-0.083129335880000002
217,0,-0.026000483254563774,0.49487797510677112,false,flipguard_tabular_validation_v2,sha256:4c13087ee4033f196fb7e4198634189004ed9afb44ad9df89e575a860f699663,sha256:4732af06a200e574b79412c23f8a91a98989217b2dc0ffb6e5f48ddd4e9caa36,model_input,identity_model_input_v1,0.97370607437599999,0.397951331849,-0.402342990831,0.20929704215,-0.67504030634300005,0.49103116664500002,-1.143812833363,-0.083129335880000002
218,0,0.06528062984783832,0.51285917129057501,true,flipguard_tabular_validation_v2,sha256:4c13087ee4033f196fb7e4198634189004ed9afb44ad9df89e575a860f699663,sha256:4732af06a200e574b79412c23f8a91a98989217b2dc0ffb6e5f48ddd4e9caa36,model_input,identity_model_input_v1,0.73623061153400005,-0.83935388685800005,-0.402342990831,1.085667401851,-0.67504030634300005,-0.28282311679599997,1.347994327014,-0.083129335880000002
222,0,-0.15327634894887748,0.46981896333399908,false,flipguard_tabular_validation_v2,sha256:4c13087ee4033f196fb7e4198634189004ed9afb44ad9df89e575a860f699663,sha256:4732af06a200e574b79412c23f8a91a98989217b2dc0ffb6e5f48ddd4e9caa36,model_input,identity_model_input_v1,-2.825901331107,1.635256550557,1.48829304459,0.20929704215,-0.67504030634300005,-1.0566774002379999,-1.143812833363,-0.083129335880000002
224,1,0.091169646989521361,0.51795738928332768,true,flipguard_tabular_validation_v2,sha256:4c13087ee4033f196fb7e4198634189004ed9afb44ad9df89e575a860f699663,sha256:4732af06a200e574b79412c23f8a91a98989217b2dc0ffb6e5f48ddd4e9caa36,model_input,identity_model_input_v1,0.26127968584799999,-0.30908022169799998,-0.402342990831,1.085667401851,0.46545117896999999,0.800572880022,-1.143812833363,-0.083129335880000002
225,0,-0.35163646491835426,0.43090153327971731,false,flipguard_tabular_validation_v2,sha256:4c13087ee4033f196fb7e4198634189004ed9afb44ad9df89e575a860f699663,sha256:4732af06a200e574b79412c23f8a91a98989217b2dc0ffb6e5f48ddd4e9caa36,model_input,identity_model_input_v1,0.49875514869100002,1.812014438944,4.324247097722,-1.7187177491929999,-0.67504030634300005,-0.90190654354999999,0.56930458939600004,-0.083129335880000002
226,0,0.01634620214683432,0.50322018435221505,true,flipguard_tabular_validation_v2,sha256:4c13087ee4033f196fb7e4198634189004ed9afb44ad9df89e575a860f699663,sha256:4732af06a200e574b79412c23f8a91a98989217b2dc0ffb6e5f48ddd4e9caa36,model_input,identity_model_input_v1,-0.21367123983700001,-0.13232233331099999,-0.402342990831,-0.84234738949200005,-0.67504030634300005,0.33626030995700001,1.347994327014,-0.083129335880000002
228,0,-0.072079399068514502,0.48580185632020878,false,flipguard_tabular_validation_v2,sha256:4c13087ee4033f196fb7e4198634189004ed9afb44ad9df89e575a860f699663,sha256:4732af06a200e574b79412c23f8a91a98989217b2dc0ffb6e5f48ddd4e9caa36,model_input,identity_model_input_v1,-0.68862216552199995,0.044435555076,-0.402342990831,0.034022970210000003,-0.67504030634300005,-1.0566774002379999,-1.143812833363,-0.083129335880000002
230,1,0.23843552882483643,0.54691757750728398,true,flipguard_tabular_validation_v2,sha256:4c13087ee4033f196fb7e4198634189004ed9afb44ad9df89e575a860f699663,sha256:4732af06a200e574b79412c23f8a91a98989217b2dc0ffb6e5f48ddd4e9caa36,model_input,identity_model_input_v1,0.97370607437599999,-1.016111775245,-0.402342990831,1.085667401851,3.3166798922540002,1.419656306776,1.347994327014,-0.083129335880000002
231,0,-0.08294730382786232,0.48366166394038917,false,flipguard_tabular_validation_v2,sha256:4c13087ee4033f196fb7e4198634189004ed9afb44ad9df89e575a860f699663,sha256:4732af06a200e574b79412c23f8a91a98989217b2dc0ffb6e5f48ddd4e9caa36,model_input,identity_model_input_v1,0.49875514869100002,0.044435555076,-0.402342990831,0.38457111409,-0.67504030634300005,-1.0566774002379999,-1.143812833363,-0.083129335880000002
232,0,-0.16044117147414322,0.46840960912150803,false,flipguard_tabular_validation_v2,sha256:4c13087ee4033f196fb7e4198634189004ed9afb44ad9df89e575a860f699663,sha256:4732af06a200e574b79412c23f8a91a98989217b2dc0ffb6e5f48ddd4e9caa36,model_input,identity_model_input_v1,0.73623061153400005,0.92822499701000005,-0.402342990831,-1.7187177491929999,-0.67504030634300005,-0.59236483017300001,-0.053647200697999997,-0.083129335880000002
233,0,0.13391726108879315,0.52637209383540529,true,flipguard_tabular_validation_v2,sha256:4c13087ee4033f196fb7e4198634189004ed9afb44ad9df89e575a860f699663,sha256:4732af06a200e574b79412c23f8a91a98989217b2dc0ffb6e5f48ddd4e9caa36,model_input,identity_model_input_v1,0.97370607437599999,0.397951331849,-0.402342990831,1.085667401851,1.035696921627,1.419656306776,1.347994327014,-0.083129335880000002
235,1,0.12395698321708497,0.52441190713212527,true,flipguard_tabular_validation_v2,sha256:4c13087ee4033f196fb7e4198634189004ed9afb44ad9df89e575a860f699663,sha256:4732af06a200e574b79412c23f8a91a98989217b2dc0ffb6e5f48ddd4e9caa36,model_input,identity_model_input_v1,0.73623061153400005,-0.66259599847100004,-0.402342990831,0.73511925797099997,1.035696921627,1.2648854500869999,-0.98807488584000003,-0.083129335880000002
236,0,0.0012502788751534068,0.50024630493058753,true,flipguard_tabular_validation_v2,sha256:4c13087ee4033f196fb7e4198634189004ed9afb44ad9df89e575a860f699663,sha256:4732af06a200e574b79412c23f8a91a98989217b2dc0ffb6e5f48ddd4e9caa36,model_input,identity_model_input_v1,0.73623061153400005,-1.016111775245,-0.402342990831,-1.7187177491929999,0.75057405029900004,0.02671859658,0.72504253691999998,-0.083129335880000002
238,0,-0.072742434221421667,0.48567128011360911,false,flipguard_tabular_validation_v2,sha256:4c13087ee4033f196fb7e4198634189004ed9afb44ad9df89e575a860f699663,sha256:4732af06a200e574b79412c23f8a91a98989217b2dc0ffb6e5f48ddd4e9caa36,model_input,identity_model_input_v1,0.73623061153400005,1.104982885396,3.0638230741079999,0.034022970210000003,-0.67504030634300005,1.419656306776,1.347994327014,-0.083129335880000002
239,1,0.1034776140581362,0.52038065797497624,true,flipguard_tabular_validation_v2,sha256:4c13087ee4033f196fb7e4198634189004ed9afb44ad9df89e575a860f699663,sha256:4732af06a200e574b79412c23f8a91a98989217b2dc0ffb6e5f48ddd4e9caa36,model_input,identity_model_input_v1,-1.40104855405,-1.016111775245,-0.402342990831,-1.0176214614320001,-0.67504030634300005,0.95534373671100004,1.036518431967,-0.083129335880000002
240,1,-0.11062078473407223,0.47821312005498134,false,flipguard_tabular_validation_v2,sha256:4c13087ee4033f196fb7e4198634189004ed9afb44ad9df89e575a860f699663,sha256:4732af06a200e574b79412c23f8a91a98989217b2dc0ffb6e5f48ddd4e9caa36,model_input,identity_model_input_v1,0.97370607437599999,-1.016111775245,-0.402342990831,-1.3681696053129999,-0.67504030634300005,-1.0566774002379999,-1.143812833363,-0.083129335880000002
241,0,-0.10440672892383494,0.4794364268548888,false,flipguard_tabular_validation_v2,sha256:4c13087ee4033f196fb7e4198634189004ed9afb44ad9df89e575a860f699663,sha256:4732af06a200e574b79412c23f8a91a98989217b2dc0ffb6e5f48ddd4e9caa36,model_input,identity_model_input_v1,-0.45114670268000001,1.281740773783,3.3789290800109999,-0.66707331755199994,-0.67504030634300005,1.2648854500869999,1.1922563794909999,-0.083129335880000002
242,0,-0.11430622377879589,0.47748764797618432,false,flipguard_tabular_validation_v2,sha256:4c13087ee4033f196fb7e4198634189004ed9afb44ad9df89e575a860f699663,sha256:4732af06a200e574b79412c23f8a91a98989217b2dc0ffb6e5f48ddd4e9caa36,model_input,identity_model_input_v1,-2.350950405421,1.281740773783,1.48829304459,1.085667401851,-0.67504030634300005,-1.0566774002379999,-1.143812833363,-0.083129335880000002
245,0,-0.091206856104433603,0.48203528423389286,false,flipguard_tabular_validation_v2,sha256:4c13087ee4033f196fb7e4198634189004ed9afb44ad9df89e575a860f699663,sha256:4732af06a200e574b79412c23f8a91a98989217b2dc0ffb6e5f48ddd4e9caa36,model_input,identity_model_input_v1,-0.92609762836499998,1.45849866217,-0.402342990831,1.085667401851,-0.67504030634300005,-1.0566774002379999,-1.143812833363,-0.083129335880000002
246,1,0.046337506985286804,0.5091280908990915,true,flipguard_tabular_validation_v2,sha256:4c13087ee4033f196fb7e4198634189004ed9afb44ad9df89e575a860f699663,sha256:4732af06a200e574b79412c23f8a91a98989217b2dc0ffb6e5f48ddd4e9caa36,model_input,identity_model_input_v1,-2.5884258682639998,0.92822499701000005,-0.402342990831,-1.7187177491929999,-0.67504030634300005,1.419656306776,1.347994327014,-0.083129335880000002
247,0,-0.005536989563073285,0.49890921373509228,false,flipguard_tabular_validation_v2,sha256:4c13087ee4033f196fb7e4198634189004ed9afb44ad9df89e575a860f699663,sha256:4732af06a200e574b79412c23f8a91a98989217b2dc0ffb6e5f48ddd4e9caa36,model_input,identity_model_input_v1,0.97370607437599999,-1.016111775245,-0.402342990831,-1.3681696053129999,-0.67504030634300005,0.02671859658,1.347994327014,-0.083129335880000002
248,0,-0.087797894072089946,0.48270652201759984,false,flipguard_tabular_validation_v2,sha256:4c13087ee4033f196fb7e4198634189004ed9afb44ad9df89e575a860f699663,sha256:4732af06a200e574b79412c23f8a91a98989217b2dc0ffb6e5f48ddd4e9caa36,model_input,identity_model_input_v1,-0.92609762836499998,0.397951331849,0.85808103278299996,0.55984518603,0.180328307642,-1.0566774002379999,-1.143812833363,-0.083129335880000002
249,1,0.11821658227668322,0.52328205832574493,true,flipguard_tabular_validation_v2,sha256:4c13087ee4033f196fb7e4198634189004ed9afb44ad9df89e575a860f699663,sha256:4732af06a200e574b79412c23f8a91a98989217b2dc0ffb6e5f48ddd4e9caa36,model_input,identity_model_input_v1,-0.68862216552199995,-0.66259599847100004,-0.402342990831,0.73511925797099997,-0.67504030634300005,1.110114593399,-0.67659899079300001,-0.083129335880000002
250,1,0.012507604492363524,0.50246399025822852,true,flipguard_tabular_validation_v2,sha256:4c13087ee4033f196fb7e4198634189004ed9afb44ad9df89e575a860f699663,sha256:4732af06a200e574b79412c23f8a91a98989217b2dc0ffb6e5f48ddd4e9caa36,model_input,identity_model_input_v1,-2.1134749425789998,0.75146710862300004,-0.402342990831,-1.7187177491929999,-0.67504030634300005,1.419656306776,-0.52086104326899996,-0.083129335880000002
251,1,0.14342878085755206,0.52824366746745355,true,flipguard_tabular_validation_v2,sha256:4c13087ee4033f196fb7e4198634189004ed9afb44ad9df89e575a860f699663,sha256:4732af06a200e574b79412c23f8a91a98989217b2dc0ffb6e5f48ddd4e9caa36,model_input,identity_model_input_v1,0.26127968584799999,-1.016111775245,-0.402342990831,1.085667401851,1.605942664284,0.800572880022,-1.143812833363,-0.083129335880000002
253,1,0.16299112354472967,0.53209193118022013,true,flipguard_tabular_validation_v2,sha256:4c13087ee4033f196fb7e4198634189004ed9afb44ad9df89e575a860f699663,sha256:4732af06a200e574b79412c23f8a91a98989217b2dc0ffb6e5f48ddd4e9caa36,model_input,identity_model_input_v1,0.26127968584799999,-1.016111775245,-0.402342990831,0.55984518603,0.180328307642,1.419656306776,0.56930458939600004,-0.083129335880000002
254,0,-0.15034778138323268,0.47039508118635831,false,flipguard_tabular_validation_v2,sha256:4c13087ee4033f196fb7e4198634189004ed9afb44ad9df89e575a860f699663,sha256:4732af06a200e574b79412c23f8a91a98989217b2dc0ffb6e5f48ddd4e9caa36,model_input,identity_model_input_v1,0.97370607437599999,0.75146710862300004,-0.402342990831,-0.31652517367100003,-0.67504030634300005,-1.0566774002379999,-1.143812833363,-0.083129335880000002
255,1,0.20335412176060247,0.54002712485713766,true,flipguard_tabular_validation_v2,sha256:4c13087ee4033f196fb7e4198634189004ed9afb44ad9df89e575a860f699663,sha256:4732af06a200e574b79412c23f8a91a98989217b2dc0ffb6e5f48ddd4e9caa36,model_input,identity_model_input_v1,-0.21367123983700001,-1.016111775245,-0.402342990831,0.55984518603,2.1761884069409998,1.419656306776,0.25782869434900002,-0.083129335880000002
257,0,-0.012437637642974911,0.49754979308048691,false,flipguard_tabular_validation_v2,sha256:4c13087ee4033f196fb7e4198634189004ed9afb44ad9df89e575a860f699663,sha256:4732af06a200e574b79412c23f8a91a98989217b2dc0ffb6e5f48ddd4e9caa36,model_input,identity_model_input_v1,0.26127968584799999,-0.83935388685800005,-0.402342990831,1.085667401851,-0.67504030634300005,-1.0566774002379999,-1.143812833363,-0.083129335880000002
259,0,-0.083683345116516109,0.48351672511718946,false,flipguard_tabular_validation_v2,sha256:4c13087ee4033f196fb7e4198634189004ed9afb44ad9df89e575a860f699663,sha256:4732af06a200e574b79412c23f8a91a98989217b2dc0ffb6e5f48ddd4e9caa36,model_input,identity_model_input_v1,0.73623061153400005,-0.485838110085,-0.402342990831,-0.141251101731,-0.67504030634300005,-1.0566774002379999,-1.143812833363,-0.083129335880000002
260,1,-0.016155485709390259,0.49681738618155902,false,flipguard_tabular_validation_v2,sha256:4c13087ee4033f196fb7e4198634189004ed9afb44ad9df89e575a860f699663,sha256:4732af06a200e574b79412c23f8a91a98989217b2dc0ffb6e5f48ddd4e9caa36,model_input,identity_model_input_v1,-1.163573091208,0.57470922023600002,-0.402342990831,-1.0176214614320001,-0.67504030634300005,0.800572880022,-0.98807488584000003,-0.083129335880000002
262,1,0.14474354027749231,0.52850234752507885,true,flipguard_tabular_validation_v2,sha256:4c13087ee4033f196fb7e4198634189004ed9afb44ad9df89e575a860f699663,sha256:4732af06a200e574b79412c23f8a91a98989217b2dc0ffb6e5f48ddd4e9caa36,model_input,identity_model_input_v1,-2.5884258682639998,1.104982885396,-0.402342990831,-0.31652517367100003,2.7464341495969999,1.419656306776,0.88078048444299994,-0.083129335880000002
263,1,0.065577896366003932,0.51291771752349291,true,flipguard_tabular_validation_v2,sha256:4c13087ee4033f196fb7e4198634189004ed9afb44ad9df89e575a860f699663,sha256:4732af06a200e574b79412c23f8a91a98989217b2dc0ffb6e5f48ddd4e9caa36,model_input,identity_model_input_v1,-2.825901331107,-0.66259599847100004,-0.402342990831,-1.0176214614320001,1.035696921627,-0.28282311679599997,0.41356664187300002,-0.083129335880000002
267,0,-0.11838411705473932,0.47668496545871847,false,flipguard_tabular_validation_v2,sha256:4c13087ee4033f196fb7e4198634189004ed9afb44ad9df89e575a860f699663,sha256:4732af06a200e574b79412c23f8a91a98989217b2dc0ffb6e5f48ddd4e9caa36,model_input,identity_model_input_v1,0.73623061153400005,1.812014438944,-0.087236984928,1.085667401851,-0.67504030634300005,-1.0566774002379999,0.72504253691999998,-0.083129335880000002
268,0,-0.063700324046632006,0.48745207007800412,false,flipguard_tabular_validation_v2,sha256:4c13087ee4033f196fb7e4198634189004ed9afb44ad9df89e575a860f699663,sha256:4732af06a200e574b79412c23f8a91a98989217b2dc0ffb6e5f48ddd4e9caa36,model_input,identity_model_input_v1,0.26127968584799999,-0.13232233331099999,-0.402342990831,0.55984518603,-0.67504030634300005,-1.0566774002379999,-1.143812833363,-0.083129335880000002
269,1,0.15297327420718981,0.53012141621699405,true,flipguard_tabular_validation_v2,sha256:4c13087ee4033f196fb7e4198634189004ed9afb44ad9df89e575a860f699663,sha256:4732af06a200e574b79412c23f8a91a98989217b2dc0ffb6e5f48ddd4e9caa36,model_input,identity_model_input_v1,0.49875514869100002,-0.83935388685800005,-0.402342990831,0.55984518603,0.180328307642,1.419656306776,0.72504253691999998,-0.083129335880000002
274,1,0.05845036972430763,0.51151392406562646,true,flipguard_tabular_validation_v2,sha256:4c13087ee4033f196fb7e4198634189004ed9afb44ad9df89e575a860f699663,sha256:4732af06a200e574b79412c23f8a91a98989217b2dc0ffb6e5f48ddd4e9caa36,model_input,identity_model_input_v1,0.26127968584799999,0.22119344346299999,-0.087236984928,0.73511925797099997,0.75057405029900004,0.95534373671100004,-1.143812833363,-0.083129335880000002
276,0,-0.018915890582981251,0.49627359662840126,false,flipguard_tabular_validation_v2,sha256:4c13087ee4033f196fb7e4198634189004ed9afb44ad9df89e575a860f699663,sha256:4732af06a200e574b79412c23f8a91a98989217b2dc0ffb6e5f48ddd4e9caa36,model_input,identity_model_input_v1,0.97370607437599999,-1.016111775245,-0.402342990831,1.085667401851,-0.67504030634300005,-1.0566774002379999,-1.143812833363,-0.083129335880000002
279,1,0.21287645734724026,0.54189807493048159,true,flipguard_tabular_validation_v2,sha256:4c13087ee4033f196fb7e4198634189004ed9afb44ad9df89e575a860f699663,sha256:4732af06a200e574b79412c23f8a91a98989217b2dc0ffb6e5f48ddd4e9caa36,model_input,identity_model_input_v1,-0.21367123983700001,-1.016111775245,-0.402342990831,0.38457111409,2.1761884069409998,1.419656306776,1.1922563794909999,-0.083129335880000002
290,0,-0.31391491825736345,0.43828249704193911,false,flipguard_tabular_validation_v2,sha256:4c13087ee4033f196fb7e4198634189004ed9afb44ad9df89e575a860f699663,sha256:4732af06a200e574b79412c23f8a91a98989217b2dc0ffb6e5f48ddd4e9caa36,model_input,identity_model_input_v1,0.97370607437599999,1.635256550557,2.1185050563969998,-1.7187177491929999,-0.67504030634300005,-1.0566774002379999,-0.67659899079300001,-0.083129335880000002
291,0,-0.10278997196201749,0.47975471974771816,false,flipguard_tabular_validation_v2,sha256:4c13087ee4033f196fb7e4198634189004ed9afb44ad9df89e575a860f699663,sha256:4732af06a200e574b79412c23f8a91a98989217b2dc0ffb6e5f48ddd4e9caa36,model_input,identity_model_input_v1,0.26127968584799999,-1.016111775245,-0.402342990831,-1.543443677253,-0.67504030634300005,-1.0566774002379999,-1.143812833363,-0.083129335880000002
293,0,-0.072907836695112402,0.48563870635284151,false,flipguard_tabular_validation_v2,sha256:4c13087ee4033f196fb7e4198634189004ed9afb44ad9df89e575a860f699663,sha256:4732af06a200e574b79412c23f8a91a98989217b2dc0ffb6e5f48ddd4e9caa36,model_input,identity_model_input_v1,0.49875514869100002,0.57470922023600002,-0.402342990831,0.73511925797099997,0.46545117896999999,-1.0566774002379999,-1.143812833363,-0.083129335880000002
294,0,-0.1959369179541679,0.46143051623606884,false,flipguard_tabular_validation_v2,sha256:4c13087ee4033f196fb7e4198634189004ed9afb44ad9df89e575a860f699663,sha256:4732af06a200e574b79412c23f8a91a98989217b2dc0ffb6e5f48ddd4e9caa36,model_input,identity_model_input_v1,-0.92609762836499998,0.57470922023600002,3.3789290800109999,0.20929704215,-0.67504030634300005,-1.0566774002379999,-0.67659899079300001,-0.083129335880000002
298,1,0.047773178778098932,0.50941088009285129,true,flipguard_tabular_validation_v2,sha256:4c13087ee4033f196fb7e4198634189004ed9afb44ad9df89e575a860f699663,sha256:4732af06a200e574b79412c23f8a91a98989217b2dc0ffb6e5f48ddd4e9caa36,model_input,identity_model_input_v1,-0.45114670268000001,-1.016111775245,-0.402342990831,-1.0176214614320001,-0.67504030634300005,0.64580202333400005,-0.053647200697999997,-0.083129335880000002
299,0,-0.1560173843103847,0.4692797660321949,false,flipguard_tabular_validation_v2,sha256:4c13087ee4033f196fb7e4198634189004ed9afb44ad9df89e575a860f699663,sha256:4732af06a200e574b79412c23f8a91a98989217b2dc0ffb6e5f48ddd4e9caa36,model_input,identity_model_input_v1,-2.825901331107,1.812014438944,1.48829304459,0.20929704215,-0.38991743501499998,-1.0566774002379999,-1.143812833363,-0.083129335880000002
300,1,0.0011444411864388274,0.50022545490773274,true,flipguard_tabular_validation_v2,sha256:4c13087ee4033f196fb7e4198634189004ed9afb44ad9df89e575a860f699663,sha256:4732af06a200e574b79412c23f8a91a98989217b2dc0ffb6e5f48ddd4e9caa36,model_input,identity_model_input_v1,-0.68862216552199995,-0.13232233331099999,-0.402342990831,-1.1928955333719999,-0.67504030634300005,0.64580202333400005,-0.36512309574500001,-0.083129335880000002
302,1,0.10401417374387567,0.52048629093165422,true,flipguard_tabular_validation_v2,sha256:4c13087ee4033f196fb7e4198634189004ed9afb44ad9df89e575a860f699663,sha256:4732af06a200e574b79412c23f8a91a98989217b2dc0ffb6e5f48ddd4e9caa36,model_input,identity_model_input_v1,-0.21367123983700001,1.104982885396,-0.087236984928,0.91039332991099997,1.605942664284,1.419656306776,0.41356664187300002,-0.083129335880000002
306,1,0.06328517833516932,0.51246616629997888,true,flipguard_tabular_validation_v2,sha256:4c13087ee4033f196fb7e4198634189004ed9afb44ad9df89e575a860f699663,sha256:4732af06a200e574b79412c23f8a91a98989217b2dc0ffb6e5f48ddd4e9caa36,model_input,identity_model_input_v1,0.26127968584799999,0.397951331849,-0.402342990831,1.085667401851,0.180328307642,0.95534373671100004,-1.143812833363,-0.083129335880000002
310,1,0.044793148602303261,0.50882389077807288,true,flipguard_tabular_validation_v2,sha256:4c13087ee4033f196fb7e4198634189004ed9afb44ad9df89e575a860f699663,sha256:4732af06a200e574b79412c23f8a91a98989217b2dc0ffb6e5f48ddd4e9caa36,model_input,identity_model_input_v1,0.97370607437599999,0.044435555076,-0.402342990831,0.55984518603,-0.67504030634300005,0.800572880022,0.25782869434900002,-0.083129335880000002
312,1,0.21823467179486733,0.54295065544096333,true,flipguard_tabular_validation_v2,sha256:4c13087ee4033f196fb7e4198634189004ed9afb44ad9df89e575a860f699663,sha256:4732af06a200e574b79412c23f8a91a98989217b2dc0ffb6e5f48ddd4e9caa36,model_input,identity_model_input_v1,-0.21367123983700001,-1.016111775245,-0.402342990831,1.085667401851,1.3208197929550001,1.419656306776,0.88078048444299994,-0.083129335880000002
313,0,-0.044453344265384498,0.49124304255670098,false,flipguard_tabular_validation_v2,sha256:4c13087ee4033f196fb7e4198634189004ed9afb44ad9df89e575a860f699663,sha256:4732af06a200e574b79412c23f8a91a98989217b2dc0ffb6e5f48ddd4e9caa36,model_input,identity_model_input_v1,0.023804223005999998,-0.30908022169799998,-0.402342990831,0.73511925797099997,-0.67504030634300005,-1.0566774002379999,-1.143812833363,-0.083129335880000002
320,0,0.019071935393213092,0.50375714352365752,true,flipguard_tabular_validation_v2,sha256:4c13087ee4033f196fb7e4198634189004ed9afb44ad9df89e575a860f699663,sha256:4732af06a200e574b79412c23f8a91a98989217b2dc0ffb6e5f48ddd4e9caa36,model_input,identity_model_input_v1,0.26127968584799999,0.397951331849,-0.402342990831,-1.543443677253,-0.67504030634300005,1.419656306776,1.347994327014,-0.083129335880000002
321,1,0.076135192518822156,0.51499686763506558,true,flipguard_tabular_validation_v2,sha256:4c13087ee4033f196fb7e4198634189004ed9afb44ad9df89e575a860f699663,sha256:4732af06a200e574b79412c23f8a91a98989217b2dc0ffb6e5f48ddd4e9caa36,model_input,identity_model_input_v1,-0.21367123983700001,0.75146710862300004,-0.402342990831,0.91039332991099997,0.46545117896999999,1.2648854500869999,-0.98807488584000003,-0.083129335880000002
324,1,0.16610316365710237,0.53270399192191165,true,flipguard_tabular_validation_v2,sha256:4c13087ee4033f196fb7e4198634189004ed9afb44ad9df89e575a860f699663,sha256:4732af06a200e574b79412c23f8a91a98989217b2dc0ffb6e5f48ddd4e9caa36,model_input,identity_model_input_v1,0.023804223005999998,-1.016111775245,-0.402342990831,0.73511925797099997,0.46545117896999999,1.419656306776,-0.20938514822199999,-0.083129335880000002
325,1,0.21148863454248296,0.54162542362187116,true,flipguard_tabular_validation_v2,sha256:4c13087ee4033f196fb7e4198634189004ed9afb44ad9df89e575a860f699663,sha256:4732af06a200e574b79412c23f8a91a98989217b2dc0ffb6e5f48ddd4e9caa36,model_input,identity_model_input_v1,-0.21367123983700001,-1.016111775245,-0.402342990831,0.91039332991099997,1.605942664284,1.419656306776,0.56930458939600004,-0.083129335880000002
327,0,-0.13505590537905066,0.47340384037189726,false,flipguard_tabular_validation_v2,sha256:4c13087ee4033f196fb7e4198634189004ed9afb44ad9df89e575a860f699663,sha256:4732af06a200e574b79412c23f8a91a98989217b2dc0ffb6e5f48ddd4e9caa36,model_input,identity_model_input_v1,0.73623061153400005,1.281740773783,3.694035085915,1.085667401851,-0.67504030634300005,0.18148945326900001,1.1922563794909999,-0.083129335880000002
328,1,-0.025473453731299372,0.49498179573350903,false,flipguard_tabular_validation_v2,sha256:4c13087ee4033f196fb7e4198634189004ed9afb44ad9df89e575a860f699663,sha256:4732af06a200e574b79412c23f8a91a98989217b2dc0ffb6e5f48ddd4e9caa36,model_input,identity_model_input_v1,0.97370607437599999,-0.83935388685800005,-0.402342990831,-0.66707331755199994,-0.67504030634300005,-0.59236483017300001,1.1922563794909999,-0.083129335880000002
329,0,-0.08566485186962898,0.48312653877638428,false,flipguard_tabular_validation_v2,sha256:4c13087ee4033f196fb7e4198634189004ed9afb44ad9df89e575a860f699663,sha256:4732af06a200e574b79412c23f8a91a98989217b2dc0ffb6e5f48ddd4e9caa36,model_input,identity_model_input_v1,0.97370607437599999,-0.30908022169799998,-0.402342990831,-0.141251101731,-0.67504030634300005,-1.0566774002379999,-0.52086104326899996,-0.083129335880000002
330,1,0.1849063557401171,0.53640126402103616,true,flipguard_tabular_validation_v2,sha256:4c13087ee4033f196fb7e4198634189004ed9afb44ad9df89e575a860f699663,sha256:4732af06a200e574b79412c23f8a91a98989217b2dc0ffb6e5f48ddd4e9caa36,model_input,identity_model_input_v1,0.49875514869100002,-1.016111775245,-0.402342990831,1.085667401851,1.605942664284,1.419656306776,-0.52086104326899996,-0.083129335880000002
331,0,0.043929999279291879,0.50865387074569135,true,flipguard_tabular_validation_v2,sha256:4c13087ee4033f196fb7e4198634189004ed9afb44ad9df89e575a860f699663,sha256:4732af06a200e574b79412c23f8a91a98989217b2dc0ffb6e5f48ddd4e9caa36,model_input,identity_model_input_v1,0.73623061153400005,1.104982885396,0.85808103278299996,1.085667401851,-0.104794563686,1.419656306776,1.1922563794909999,-0.083129335880000002
332,0,-0.039991595803901131,0.49212191146530482,false,flipguard_tabular_validation_v2,sha256:4c13087ee4033f196fb7e4198634189004ed9afb44ad9df89e575a860f699663,sha256:4732af06a200e574b79412c23f8a91a98989217b2dc0ffb6e5f48ddd4e9caa36,model_input,identity_model_input_v1,0.26127968584799999,-0.66259599847100004,-0.402342990831,0.55984518603,-0.67504030634300005,-1.0566774002379999,-1.143812833363,-0.083129335880000002
334,0,-0.31607500687090612,0.4378595315304003,false,flipguard_tabular_validation_v2,sha256:4c13087ee4033f196fb7e4198634189004ed9afb44ad9df89e575a860f699663,sha256:4732af06a200e574b79412c23f8a91a98989217b2dc0ffb6e5f48ddd4e9caa36,model_input,identity_model_input_v1,0.97370607437599999,1.812014438944,3.694035085915,-1.7187177491929999,0.180328307642,-0.59236483017300001,0.10209074682499999,-0.083129335880000002
335,1,0.062757020144609876,0.51236214430855642,true,flipguard_tabular_validation_v2,sha256:4c13087ee4033f196fb7e4198634189004ed9afb44ad9df89e575a860f699663,sha256:4732af06a200e574b79412c23f8a91a98989217b2dc0ffb6e5f48ddd4e9caa36,model_input,identity_model_input_v1,0.49875514869100002,0.044435555076,-0.402342990831,0.73511925797099997,-0.67504030634300005,0.64580202333400005,0.88078048444299994,-0.083129335880000002
338,1,0.17589613503899498,0.53462977008375479,true,flipguard_tabular_validation_v2,sha256:4c13087ee4033f196fb7e4198634189004ed9afb44ad9df89e575a860f699663,sha256:4732af06a200e574b79412c23f8a91a98989217b2dc0ffb6e5f48ddd4e9caa36,model_input,identity_model_input_v1,0.26127968584799999,-1.016111775245,-0.402342990831,0.91039332991099997,0.46545117896999999,1.419656306776,0.25782869434900002,-0.083129335880000002
340,0,-0.089758148235403734,0.48232053735274899,false,flipguard_tabular_validation_v2,sha256:4c13087ee4033f196fb7e4198634189004ed9afb44ad9df89e575a860f699663,sha256:4732af06a200e574b79412c23f8a91a98989217b2dc0ffb6e5f48ddd4e9caa36,model_input,identity_model_input_v1,0.49875514869100002,-0.66259599847100004,-0.402342990831,-1.7187177491929999,-0.67504030634300005,-1.0566774002379999,1.1922563794909999,-0.083129335880000002
341,0,-0.17432933193059075,0.46567831358252237,false,flipguard_tabular_validation_v2,sha256:4c13087ee4033f196fb7e4198634189004ed9afb44ad9df89e575a860f699663,sha256:4732af06a200e574b79412c23f8a91a98989217b2dc0ffb6e5f48ddd4e9caa36,model_input,identity_model_input_v1,0.023804223005999998,1.812014438944,0.54297502687900001,-1.3681696053129999,0.180328307642,-0.74713568686200005,1.1922563794909999,-0.083129335880000002
342,0,-0.046336123653437304,0.49087218158164103,false,flipguard_tabular_validation_v2,sha256:4c13087ee4033f196fb7e4198634189004ed9afb44ad9df89e575a860f699663,sha256:4732af06a200e574b79412c23f8a91a98989217b2dc0ffb6e5f48ddd4e9caa36,model_input,identity_model_input_v1,-2.825901331107,-0.13232233331099999,-0.402342990831,-1.543443677253,1.035696921627,-1.0566774002379999,-0.98807488584000003,-0.083129335880000002
343,1,0.13064344459907912,0.52572783944851553,true,flipguard_tabular_validation_v2,sha256:4c13087ee4033f196fb7e4198634189004ed9afb44ad9df89e575a860f699663,sha256:4732af06a200e574b79412c23f8a91a98989217b2dc0ffb6e5f48ddd4e9caa36,model_input,identity_model_input_v1,0.49875514869100002,-0.83935388685800005,-0.402342990831,0.034022970210000003,0.180328307642,1.419656306776,0.56930458939600004,-0.083129335880000002
346,0,-0.13791172836060434,0.47284188164132035,false,flipguard_tabular_validation_v2,sha256:4c13087ee4033f196fb7e4198634189004ed9afb44ad9df89e575a860f699663,sha256:4732af06a200e574b79412c23f8a91a98989217b2dc0ffb6e5f48ddd4e9caa36,model_input,identity_model_input_v1,0.49875514869100002,1.45849866217,-0.402342990831,-1.543443677253,0.46545117896999999,-0.43759397348500001,0.25782869434900002,-0.083129335880000002
348,0,-0.12105081810217515,0.47616008400995574,false,flipguard_tabular_validation_v2,sha256:4c13087ee4033f196fb7e4198634189004ed9afb44ad9df89e575a860f699663,sha256:4732af06a200e574b79412c23f8a91a98989217b2dc0ffb6e5f48ddd4e9caa36,model_input,identity_model_input_v1,0.49875514869100002,-0.66259599847100004,-0.402342990831,-1.7187177491929999,-0.67504030634300005,-0.90190654354999999,-1.143812833363,-0.083129335880000002
350,1,0.12860736859305555,0.52532714302378614,true,flipguard_tabular_validation_v2,sha256:4c13087ee4033f196fb7e4198634189004ed9afb44ad9df89e575a860f699663,sha256:4732af06a200e574b79412c23f8a91a98989217b2dc0ffb6e5f48ddd4e9caa36,model_input,identity_model_input_v1,0.023804223005999998,-0.83935388685800005,-0.402342990831,0.91039332991099997,1.3208197929550001,0.800572880022,-1.143812833363,-0.083129335880000002
351,0,-0.19871743518060964,0.46088405357780154,false,flipguard_tabular_validation_v2,sha256:4c13087ee4033f196fb7e4198634189004ed9afb44ad9df89e575a860f699663,sha256:4732af06a200e574b79412c23f8a91a98989217b2dc0ffb6e5f48ddd4e9caa36,model_input,identity_model_input_v1,-0.92609762836499998,1.635256550557,2.7487170682039999,1.085667401851,-0.67504030634300005,-1.0566774002379999,-1.143812833363,-0.083129335880000002
352,1,0.10057113027413578,0.51980844373619894,true,flipguard_tabular_validation_v2,sha256:4c13087ee4033f196fb7e4198634189004ed9afb44ad9df89e575a860f699663,sha256:4732af06a200e574b79412c23f8a91a98989217b2dc0ffb6e5f48ddd4e9caa36,model_input,identity_model_input_v1,0.49875514869100002,-0.83935388685800005,-0.402342990831,-0.141251101731,-0.67504030634300005,1.419656306776,0.10209074682499999,-0.083129335880000002
353,0,-0.12943475195341908,0.47451002773057854,false,flipguard_tabular_validation_v2,sha256:4c13087ee4033f196fb7e4198634189004ed9afb44ad9df89e575a860f699663,sha256:4732af06a200e574b79412c23f8a91a98989217b2dc0ffb6e5f48ddd4e9caa36,model_input,identity_model_input_v1,-0.45114670268000001,1.104982885396,1.1731870386859999,1.085667401851,-0.67504030634300005,-1.0566774002379999,-0.83233693831599997,-0.083129335880000002
357,1,-0.014775429617098386,0.49708925326812403,false,flipguard_tabular_validation_v2,sha256:4c13087ee4033f196fb7e4198634189004ed9afb44ad9df89e575a860f699663,sha256:4732af06a200e574b79412c23f8a91a98989217b2dc0ffb6e5f48ddd4e9caa36,model_input,identity_model_input_v1,0.73623061153400005,-1.016111775245,-0.402342990831,-0.31652517367100003,-0.67504030634300005,-0.90190654354999999,1.347994327014,-0.083129335880000002
362,1,0.043910595078228525,0.5086500485672486,true,flipguard_tabular_validation_v2,sha256:4c13087ee4033f196fb7e4198634189004ed9afb44ad9df89e575a860f699663,sha256:4732af06a200e574b79412c23f8a91a98989217b2dc0ffb6e5f48ddd4e9caa36,model_input,identity_model_input_v1,0.73623061153400005,-0.30908022169799998,-0.402342990831,0.91039332991099997,-0.67504030634300005,-0.128052260108,1.347994327014,-0.083129335880000002
364,0,-0.043825050069018601,0.49136680182410591,false,flipguard_tabular_validation_v2,sha256:4c13087ee4033f196fb7e4198634189004ed9afb44ad9df89e575a860f699663,sha256:4732af06a200e574b79412c23f8a91a98989217b2dc0ffb6e5f48ddd4e9caa36,model_input,identity_model_input_v1,-0.21367123983700001,-0.30908022169799998,-0.402342990831,0.20929704215,0.180328307642,-1.0566774002379999,-1.143812833363,-0.083129335880000002
366,1,0.27327203750795226,0.55375296218234638,true,flipguard_tabular_validation_v2,sha256:4c13087ee4033f196fb7e4198634189004ed9afb44ad9df89e575a860f699663,sha256:4732af06a200e574b79412c23f8a91a98989217b2dc0ffb6e5f48ddd4e9caa36,model_input,identity_model_input_v1,-1.40104855405,-1.016111775245,-0.402342990831,0.73511925797099997,3.3166798922540002,1.419656306776,1.347994327014,-0.083129335880000002
367,1,0.1376756627546904,0.5271116672207502,true,flipguard_tabular_validation_v2,sha256:4c13087ee4033f196fb7e4198634189004ed9afb44ad9df89e575a860f699663,sha256:4732af06a200e574b79412c23f8a91a98989217b2dc0ffb6e5f48ddd4e9caa36,model_input,identity_model_input_v1,0.49875514869100002,-0.485838110085,-0.402342990831,1.085667401851,0.75057405029900004,1.419656306776,-0.98807488584000003,-0.083129335880000002
368,1,0.00055219769897242761,0.50010878294602412,true,flipguard_tabular_validation_v2,sha256:4c13087ee4033f196fb7e4198634189004ed9afb44ad9df89e575a860f699663,sha256:4732af06a200e574b79412c23f8a91a98989217b2dc0ffb6e5f48ddd4e9caa36,model_input,identity_model_input_v1,0.023804223005999998,-1.016111775245,-0.402342990831,0.73511925797099997,-0.67504030634300005,-1.0566774002379999,-0.36512309574500001,-0.083129335880000002
369,0,-0.28979001059671711,0.44300871214455639,false,flipguard_tabular_validation_v2,sha256:4c13087ee4033f196fb7e4198634189004ed9afb44ad9df89e575a860f699663,sha256:4732af06a200e574b79412c23f8a91a98989217b2dc0ffb6e5f48ddd4e9caa36,model_input,identity_model_input_v1,0.023804223005999998,1.812014438944,3.3789290800109999,-0.66707331755199994,-0.67504030634300005,-1.0566774002379999,0.10209074682499999,-0.083129335880000002
370,0,-0.11892776311375096,0.47657795903468253,false,flipguard_tabular_validation_v2,sha256:4c13087ee4033f196fb7e4198634189004ed9afb44ad9df89e575a860f699663,sha256:4732af06a200e574b79412c23f8a91a98989217b2dc0ffb6e5f48ddd4e9caa36,model_input,identity_model_input_v1,0.73623061153400005,-1.016111775245,-0.402342990831,-1.7187177491929999,-0.67504030634300005,-1.0566774002379999,-1.143812833363,-0.083129335880000002
371,0,-0.079460385035496836,0.48434831098448627,false,flipguard_tabular_validation_v2,sha256:4c13087ee4033f196fb7e4198634189004ed9afb44ad9df89e575a860f699663,sha256:4732af06a200e574b79412c23f8a91a98989217b2dc0ffb6e5f48ddd4e9caa36,model_input,identity_model_input_v1,0.97370607437599999,0.397951331849,-0.402342990831,1.085667401851,-0.67504030634300005,-1.0566774002379999,-0.98807488584000003,-0.083129335880000002
374,0,-0.25560556589364497,0.44971250266503976,false,flipguard_tabular_validation_v2,sha256:4c13087ee4033f196fb7e4198634189004ed9afb44ad9df89e575a860f699663,sha256:4732af06a200e574b79412c23f8a91a98989217b2dc0ffb6e5f48ddd4e9caa36,model_input,identity_model_input_v1,0.73623061153400005,1.812014438944,0.54297502687900001,-1.1928955333719999,-0.67504030634300005,-1.0566774002379999,-1.143812833363,-0.083129335880000002
375,1,0.0482157597195048,0.50949805630456346,true,flipguard_tabular_validation_v2,sha256:4c13087ee4033f196fb7e4198634189004ed9afb44ad9df89e575a860f699663,sha256:4732af06a200e574b79412c23f8a91a98989217b2dc0ffb6e5f48ddd4e9caa36,model_input,identity_model_input_v1,-0.68862216552199995,0.57470922023600002,-0.402342990831,-0.49179924561100002,-0.67504030634300005,1.419656306776,0.10209074682499999,-0.083129335880000002
376,1,0.1296276908545248,0.5255279423866045,true,flipguard_tabular_validation_v2,sha256:4c13087ee4033f196fb7e4198634189004ed9afb44ad9df89e575a860f699663,sha256:4732af06a200e574b79412c23f8a91a98989217b2dc0ffb6e5f48ddd4e9caa36,model_input,identity_model_input_v1,-0.21367123983700001,-0.83935388685800005,-0.402342990831,1.085667401851,0.75057405029900004,0.800572880022,-1.143812833363,-0.083129335880000002
377,1,0.2375914163828875,0.54675186118864427,true,flipguard_tabular_validation_v2,sha256:4c13087ee4033f196fb7e4198634189004ed9afb44ad9df89e575a860f699663,sha256:4732af06a200e574b79412c23f8a91a98989217b2dc0ffb6e5f48ddd4e9caa36,model_input,identity_model_input_v1,-1.638524016893,-0.66259599847100004,-0.402342990831,0.38457111409,3.3166798922540002,1.2648854500869999,1.1922563794909999,-0.083129335880000002
381,1,-0.015161603698956645,0.49701317801235323,false,flipguard_tabular_validation_v2,sha256:4c13087ee4033f196fb7e4198634189004ed9afb44ad9df89e575a860f699663,sha256:4732af06a200e574b79412c23f8a91a98989217b2dc0ffb6e5f48ddd4e9caa36,model_input,identity_model_input_v1,-2.825901331107,1.635256550557,0.85808103278299996,-1.7187177491929999,-0.38991743501499998,1.419656306776,1.347994327014,-0.083129335880000002
382,0,-0.028441995624560137,0.49439701889424287,false,flipguard_tabular_validation_v2,sha256:4c13087ee4033f196fb7e4198634189004ed9afb44ad9df89e575a860f699663,sha256:4732af06a200e574b79412c23f8a91a98989217b2dc0ffb6e5f48ddd4e9caa36,model_input,identity_model_input_v1,0.73623061153400005,-0.66259599847100004,-0.402342990831,0.91039332991099997,-0.67504030634300005,-1.0566774002379999,-0.67659899079300001,-0.083129335880000002
383,0,-0.35535846179223951,0.43017388117626959,false,flipguard_tabular_validation_v2,sha256:4c13087ee4033f196fb7e4198634189004ed9afb44ad9df89e575a860f699663,sha256:4732af06a200e574b79412c23f8a91a98989217b2dc0ffb6e5f48ddd4e9caa36,model_input,identity_model_input_v1,0.73623061153400005,1.812014438944,4.0091410918179999,-1.7187177491929999,-0.67504030634300005,-1.0566774002379999,0.56930458939600004,-0.083129335880000002
387,0,-0.012019299459876849,0.49763220495180738,false,flipguard_tabular_validation_v2,sha256:4c13087ee4033f196fb7e4198634189004ed9afb44ad9df89e575a860f699663,sha256:4732af06a200e574b79412c23f8a91a98989217b2dc0ffb6e5f48ddd4e9caa36,model_input,identity_model_input_v1,0.26127968584799999,1.281740773783,-0.402342990831,-0.84234738949200005,-0.67504030634300005,1.110114593399,1.347994327014,-0.083129335880000002
388,1,0.11784682473150963,0.52320927790464788,true,flipguard_tabular_validation_v2,sha256:4c13087ee4033f196fb7e4198634189004ed9afb44ad9df89e575a860f699663,sha256:4732af06a200e574b79412c23f8a91a98989217b2dc0ffb6e5f48ddd4e9caa36,model_input,identity_model_input_v1,-0.45114670268000001,0.044435555076,-0.402342990831,1.085667401851,1.035696921627,1.110114593399,-1.143812833363,-0.083129335880000002
389,1,0.13534529078041718,0.52665310507533813,true,flipguard_tabular_validation_v2,sha256:4c13087ee4033f196fb7e4198634189004ed9afb44ad9df89e575a860f699663,sha256:4732af06a200e574b79412c23f8a91a98989217b2dc0ffb6e5f48ddd4e9caa36,model_input,identity_model_input_v1,-0.45114670268000001,-0.485838110085,-0.402342990831,1.085667401851,1.035696921627,0.95534373671100004,-0.98807488584000003,-0.083129335880000002
390,0,-0.17315055539462459,0.46591010557399803,false,flipguard_tabular_validation_v2,sha256:4c13087ee4033f196fb7e4198634189004ed9afb44ad9df89e575a860f699663,sha256:4732af06a200e574b79412c23f8a91a98989217b2dc0ffb6e5f48ddd4e9caa36,model_input,identity_model_input_v1,0.97370607437599999,0.92822499701000005,-0.402342990831,-1.7187177491929999,-0.67504030634300005,-1.0566774002379999,1.036518431967,-0.083129335880000002
393,0,-0.023503913849208719,0.49536978090914729,false,flipguard_tabular_validation_v2,sha256:4c13087ee4033f196fb7e4198634189004ed9afb44ad9df89e575a860f699663,sha256:4732af06a200e574b79412c23f8a91a98989217b2dc0ffb6e5f48ddd4e9caa36,model_input,identity_model_input_v1,-0.21367123983700001,1.281740773783,-0.402342990831,-0.31652517367100003,0.46545117896999999,0.18148945326900001,0.88078048444299994,-0.083129335880000002
395,1,0.13556265634218534,0.52669587823289288,true,flipguard_tabular_validation_v2,sha256:4c13087ee4033f196fb7e4198634189004ed9afb44ad9df89e575a860f699663,sha256:4732af06a200e574b79412c23f8a91a98989217b2dc0ffb6e5f48ddd4e9caa36,model_input,identity_model_input_v1,-0.45114670268000001,0.22119344346299999,-0.402342990831,1.085667401851,1.3208197929550001,1.419656306776,-0.98807488584000003,-0.083129335880000002
396,1,0.13770200155727935,0.52711684997282016,true,flipguard_tabular_validation_v2,sha256:4c13087ee4033f196fb7e4198634189004ed9afb44ad9df89e575a860f699663,sha256:4732af06a200e574b79412c23f8a91a98989217b2dc0ffb6e5f48ddd4e9caa36,model_input,identity_model_input_v1,0.49875514869100002,-0.83935388685800005,-0.402342990831,0.73511925797099997,0.75057405029900004,1.419656306776,-1.143812833363,-0.083129335880000002
399,0,-0.12028032294579938,0.47631173693272721,false,flipguard_tabular_validation_v2,sha256:4c13087ee4033f196fb7e4198634189004ed9afb44ad9df89e575a860f699663,sha256:4732af06a200e574b79412c23f8a91a98989217b2dc0ffb6e5f48ddd4e9caa36,model_input,identity_model_input_v1,0.73623061153400005,-0.83935388685800005,-0.402342990831,-1.543443677253,-0.67504030634300005,-1.0566774002379999,-1.143812833363,-0.083129335880000002
401,1,0.13269826996686179,0.52613221253791087,true,flipguard_tabular_validation_v2,sha256:4c13087ee4033f196fb7e4198634189004ed9afb44ad9df89e575a860f699663,sha256:4732af06a200e574b79412c23f8a91a98989217b2dc0ffb6e5f48ddd4e9caa36,model_input,identity_model_input_v1,-2.350950405421,0.397951331849,-0.402342990831,-0.141251101731,1.3208197929550001,1.2648854500869999,0.25782869434900002,-0.083129335880000002
402,1,-0.05104043512312053,0.48994556614780721,false,flipguard_tabular_validation_v2,sha256:4c13087ee4033f196fb7e4198634189004ed9afb44ad9df89e575a860f699663,sha256:4732af06a200e574b79412c23f8a91a98989217b2dc0ffb6e5f48ddd4e9caa36,model_input,identity_model_input_v1,0.26127968584799999,-1.016111775245,-0.402342990831,-1.543443677253,-0.67504030634300005,-0.90190654354999999,1.347994327014,-0.083129335880000002
404,1,0.18731250848185327,0.53687427600234128,true,flipguard_tabular_validation_v2,sha256:4c13087ee4033f196fb7e4198634189004ed9afb44ad9df89e575a860f699663,sha256:4732af06a200e574b79412c23f8a91a98989217b2dc0ffb6e5f48ddd4e9caa36,model_input,identity_model_input_v1,-0.68862216552199995,-0.83935388685800005,-0.402342990831,1.085667401851,0.75057405029900004,1.2648854500869999,0.10209074682499999,-0.083129335880000002
407,0,-0.0030784480007995507,0.49939354586053836,false,flipguard_tabular_validation_v2,sha256:4c13087ee4033f196fb7e4198634189004ed9afb44ad9df89e575a860f699663,sha256:4732af06a200e574b79412c23f8a91a98989217b2dc0ffb6e5f48ddd4e9caa36,model_input,identity_model_input_v1,0.97370607437599999,-0.30908022169799998,-0.402342990831,-1.1928955333719999,-0.67504030634300005,0.64580202333400005,0.88078048444299994,-0.083129335880000002
408,1,0.14496959959979516,0.52854682428957267,true,flipguard_tabular_validation_v2,sha256:4c13087ee4033f196fb7e4198634189004ed9afb44ad9df89e575a860f699663,sha256:4732af06a200e574b79412c23f8a91a98989217b2dc0ffb6e5f48ddd4e9caa36,model_input,identity_model_input_v1,-1.40104855405,-1.016111775245,-0.402342990831,0.38457111409,-0.38991743501499998,0.95534373671100004,0.10209074682499999,-0.083129335880000002
410,1,0.045516436169500227,0.50896636073142032,true,flipguard_tabular_validation_v2,sha256:4c13087ee4033f196fb7e4198634189004ed9afb44ad9df89e575a860f699663,sha256:4732af06a200e574b79412c23f8a91a98989217b2dc0ffb6e5f48ddd4e9caa36,model_input,identity_model_input_v1,0.73623061153400005,0.397951331849,-0.402342990831,1.085667401851,-0.67504030634300005,0.33626030995700001,1.347994327014,-0.083129335880000002
411,1,0.22484091327920186,0.54424819399286861,true,flipguard_tabular_validation_v2,sha256:4c13087ee4033f196fb7e4198634189004ed9afb44ad9df89e575a860f699663,sha256:4732af06a200e574b79412c23f8a91a98989217b2dc0ffb6e5f48ddd4e9caa36,model_input,identity_model_input_v1,-2.5884258682639998,-0.30908022169799998,-0.402342990831,-0.141251101731,3.3166798922540002,1.419656306776,0.88078048444299994,-0.083129335880000002
412,0,-0.037652247873982241,0.49258272068595321,false,flipguard_tabular_validation_v2,sha256:4c13087ee4033f196fb7e4198634189004ed9afb44ad9df89e575a860f699663,sha256:4732af06a200e574b79412c23f8a91a98989217b2dc0ffb6e5f48ddd4e9caa36,model_input,identity_model_input_v1,0.97370607437599999,1.812014438944,0.22786902097600001,0.38457111409,1.035696921627,0.33626030995700001,1.347994327014,-0.083129335880000002
416,1,-0.050564627156801698,0.49003928558092708,false,flipguard_tabular_validation_v2,sha256:4c13087ee4033f196fb7e4198634189004ed9afb44ad9df89e575a860f699663,sha256:4732af06a200e574b79412c23f8a91a98989217b2dc0ffb6e5f48ddd4e9caa36,model_input,identity_model_input_v1,-0.45114670268000001,0.57470922023600002,-0.402342990831,1.085667401851,-0.67504030634300005,-1.0566774002379999,-0.52086104326899996,-0.083129335880000002
418,0,-0.14318199820298572,0.47180488789905062,false,flipguard_tabular_validation_v2,sha256:4c13087ee4033f196fb7e4198634189004ed9afb44ad9df89e575a860f699663,sha256:4732af06a200e574b79412c23f8a91a98989217b2dc0ffb6e5f48ddd4e9caa36,model_input,identity_model_input_v1,-2.5884258682639998,1.812014438944,1.803399050493,1.085667401851,-0.67504030634300005,-1.0566774002379999,-1.143812833363,-0.083129335880000002
424,1,0.15809767833875482,0.53112943610533647,true,flipguard_tabular_validation_v2,sha256:4c13087ee4033f196fb7e4198634189004ed9afb44ad9df89e575a860f699663,sha256:4732af06a200e574b79412c23f8a91a98989217b2dc0ffb6e5f48ddd4e9caa36,model_input,identity_model_input_v1,0.023804223005999998,-0.83935388685800005,-0.402342990831,1.085667401851,1.605942664284,1.110114593399,-1.143812833363,-0.083129335880000002
428,1,0.11599515065709957,0.52284480187844906,true,flipguard_tabular_validation_v2,sha256:4c13087ee4033f196fb7e4198634189004ed9afb44ad9df89e575a860f699663,sha256:4732af06a200e574b79412c23f8a91a98989217b2dc0ffb6e5f48ddd4e9caa36,model_input,identity_model_input_v1,0.49875514869100002,-0.66259599847100004,-0.402342990831,0.55984518603,-0.38991743501499998,1.419656306776,-0.36512309574500001,-0.083129335880000002
429,0,-0.064928728775582603,0.48721013532171975,false,flipguard_tabular_validation_v2,sha256:4c13087ee4033f196fb7e4198634189004ed9afb44ad9df89e575a860f699663,sha256:4732af06a200e574b79412c23f8a91a98989217b2dc0ffb6e5f48ddd4e9caa36,model_input,identity_model_input_v1,-0.21367123983700001,-1.016111775245,-0.402342990831,-1.7187177491929999,-0.67504030634300005,-1.0566774002379999,0.88078048444299994,-0.083129335880000002
431,1,0.18708486452992462,0.5368295258726985,true,flipguard_tabular_validation_v2,sha256:4c13087ee4033f196fb7e4198634189004ed9afb44ad9df89e575a860f699663,sha256:4732af06a200e574b79412c23f8a91a98989217b2dc0ffb6e5f48ddd4e9caa36,model_input,identity_model_input_v1,-2.1134749425789998,-0.66259599847100004,-0.402342990831,-0.84234738949200005,1.8910655356120001,1.419656306776,1.347994327014,-0.083129335880000002
433,1,0.59296695080533257,0.61598051733347325,true,flipguard_tabular_validation_v2,sha256:4c13087ee4033f196fb7e4198634189004ed9afb44ad9df89e575a860f699663,sha256:4732af06a200e574b79412c23f8a91a98989217b2dc0ffb6e5f48ddd4e9caa36,model_input,identity_model_input_v1,0.97370607437599999,-0.83935388685800005,-0.402342990831,0.91039332991099997,0.46545117896999999,1.419656306776,-0.36512309574500001,9.1368920054329994
435,0,-0.16467806610469576,0.4675762845066479,false,flipguard_tabular_validation_v2,sha256:4c13087ee4033f196fb7e4198634189004ed9afb44ad9df89e575a860f699663,sha256:4732af06a200e574b79412c23f8a91a98989217b2dc0ffb6e5f48ddd4e9caa36,model_input,identity_model_input_v1,0.023804223005999998,1.635256550557,0.85808103278299996,0.91039332991099997,-0.67504030634300005,-1.0566774002379999,-1.143812833363,-0.083129335880000002
436,0,-0.15995644196213787,0.46850495155607214,false,flipguard_tabular_validation_v2,sha256:4c13087ee4033f196fb7e4198634189004ed9afb44ad9df89e575a860f699663,sha256:4732af06a200e574b79412c23f8a91a98989217b2dc0ffb6e5f48ddd4e9caa36,model_input,identity_model_input_v1,-0.92609762836499998,1.812014438944,0.85808103278299996,0.73511925797099997,-0.67504030634300005,-1.0566774002379999,-1.143812833363,-0.083129335880000002
440,0,-0.038385754712592056,0.49243823256206248,false,flipguard_tabular_validation_v2,sha256:4c13087ee4033f196fb7e4198634189004ed9afb44ad9df89e575a860f699663,sha256:4732af06a200e574b79412c23f8a91a98989217b2dc0ffb6e5f48ddd4e9caa36,model_input,identity_model_input_v1,0.26127968584799999,0.044435555076,-0.402342990831,0.73511925797099997,-0.67504030634300005,-0.59236483017300001,-1.143812833363,-0.083129335880000002
444,1,0.16841664273343165,0.53315897062834294,true,flipguard_tabular_validation_v2,sha256:4c13087ee4033f196fb7e4198634189004ed9afb44ad9df89e575a860f699663,sha256:4732af06a200e574b79412c23f8a91a98989217b2dc0ffb6e5f48ddd4e9caa36,model_input,identity_model_input_v1,-0.68862216552199995,-0.83935388685800005,-0.402342990831,0.91039332991099997,0.46545117896999999,1.419656306776,-0.83233693831599997,-0.083129335880000002
447,1,0.16214391960579455,0.53192530068575017,true,flipguard_tabular_validation_v2,sha256:4c13087ee4033f196fb7e4198634189004ed9afb44ad9df89e575a860f699663,sha256:4732af06a200e574b79412c23f8a91a98989217b2dc0ffb6e5f48ddd4e9caa36,model_input,identity_model_input_v1,0.73623061153400005,-1.016111775245,-0.402342990831,1.085667401851,0.46545117896999999,1.419656306776,-0.36512309574500001,-0.083129335880000002
448,0,-0.020976382200614582,0.49586768962563404,false,flipguard_tabular_validation_v2,sha256:4c13087ee4033f196fb7e4198634189004ed9afb44ad9df89e575a860f699663,sha256:4732af06a200e574b79412c23f8a91a98989217b2dc0ffb6e5f48ddd4e9caa36,model_input,identity_model_input_v1,0.97370607437599999,-1.016111775245,-0.402342990831,-1.543443677253,-0.67504030634300005,-0.128052260108,1.347994327014,-0.083129335880000002
450,1,0.14191365766631092,0.52794555828764433,true,flipguard_tabular_validation_v2,sha256:4c13087ee4033f196fb7e4198634189004ed9afb44ad9df89e575a860f699663,sha256:4732af06a200e574b79412c23f8a91a98989217b2dc0ffb6e5f48ddd4e9caa36,model_input,identity_model_input_v1,0.49875514869100002,-0.83935388685800005,-0.402342990831,1.085667401851,0.75057405029900004,1.2648854500869999,-1.143812833363,-0.083129335880000002
451,1,0.081861652628573187,0.51612455123997847,true,flipguard_tabular_validation_v2,sha256:4c13087ee4033f196fb7e4198634189004ed9afb44ad9df89e575a860f699663,sha256:4732af06a200e574b79412c23f8a91a98989217b2dc0ffb6e5f48ddd4e9caa36,model_input,identity_model_input_v1,0.97370607437599999,-0.30908022169799998,-0.402342990831,0.034022970210000003,-0.67504030634300005,1.419656306776,0.56930458939600004,-0.083129335880000002
452,0,-0.07504439441360379,0.48521794479891711,false,flipguard_tabular_validation_v2,sha256:4c13087ee4033f196fb7e4198634189004ed9afb44ad9df89e575a860f699663,sha256:4732af06a200e574b79412c23f8a91a98989217b2dc0ffb6e5f48ddd4e9caa36,model_input,identity_model_input_v1,0.49875514869100002,-0.13232233331099999,-0.402342990831,0.38457111409,-0.67504030634300005,-1.0566774002379999,-1.143812833363,-0.083129335880000002
454,1,0.018343939030153997,0.50361373129799114,true,flipguard_tabular_validation_v2,sha256:4c13087ee4033f196fb7e4198634189004ed9afb44ad9df89e575a860f699663,sha256:4732af06a200e574b79412c23f8a91a98989217b2dc0ffb6e5f48ddd4e9caa36,model_input,identity_model_input_v1,0.49875514869100002,-1.016111775245,-0.402342990831,-0.84234738949200005,-0.67504030634300005,0.02671859658,1.036518431967,-0.083129335880000002
455,1,0.1103029715617859,0.52172431728492474,true,flipguard_tabular_validation_v2,sha256:4c13087ee4033f196fb7e4198634189004ed9afb44ad9df89e575a860f699663,sha256:4732af06a200e574b79412c23f8a91a98989217b2dc0ffb6e5f48ddd4e9caa36,model_input,identity_model_input_v1,0.023804223005999998,-0.83935388685800005,-0.402342990831,0.034022970210000003,-0.38991743501499998,1.2648854500869999,-0.053647200697999997,-0.083129335880000002
456,1,-0.08127864416148195,0.48399025487795533,false,flipguard_tabular_validation_v2,sha256:4c13087ee4033f196fb7e4198634189004ed9afb44ad9df89e575a860f699663,sha256:4732af06a200e574b79412c23f8a91a98989217b2dc0ffb6e5f48ddd4e9caa36,model_input,identity_model_input_v1,0.73623061153400005,-0.66259599847100004,-0.402342990831,-1.7187177491929999,-0.67504030634300005,-0.59236483017300001,0.41356664187300002,-0.083129335880000002
457,0,0.04228772479467497,0.50833037930017333,true,flipguard_tabular_validation_v2,sha256:4c13087ee4033f196fb7e4198634189004ed9afb44ad9df89e575a860f699663,sha256:4732af06a200e574b79412c23f8a91a98989217b2dc0ffb6e5f48ddd4e9caa36,model_input,identity_model_input_v1,0.97370607437599999,-0.66259599847100004,-0.402342990831,-0.141251101731,-0.67504030634300005,0.33626030995700001,1.347994327014,-0.083129335880000002
459,0,-0.19934254900284454,0.46076120330620463,false,flipguard_tabular_validation_v2,sha256:4c13087ee4033f196fb7e4198634189004ed9afb44ad9df89e575a860f699663,sha256:4732af06a200e574b79412c23f8a91a98989217b2dc0ffb6e5f48ddd4e9caa36,model_input,identity_model_input_v1,0.73623061153400005,1.812014438944,2.4336110622999998,0.73511925797099997,1.605942664284,-1.0566774002379999,-0.98807488584000003,-0.083129335880000002
462,1,0.13742583564951494,0.5270625080024175,true,flipguard_tabular_validation_v2,sha256:4c13087ee4033f196fb7e4198634189004ed9afb44ad9df89e575a860f699663,sha256:4732af06a200e574b79412c23f8a91a98989217b2dc0ffb6e5f48ddd4e9caa36,model_input,identity_model_input_v1,0.97370607437599999,-0.66259599847100004,-0.402342990831,1.085667401851,1.3208197929550001,1.2648854500869999,-0.98807488584000003,-0.083129335880000002
464,0,-0.16089087179430367,0.46832115745897851,false,flipguard_tabular_validation_v2,sha256:4c13087ee4033f196fb7e4198634189004ed9afb44ad9df89e575a860f699663,sha256:4732af06a200e574b79412c23f8a91a98989217b2dc0ffb6e5f48ddd4e9caa36,model_input,identity_model_input_v1,0.023804223005999998,1.104982885396,1.48829304459,0.91039332991099997,-0.67504030634300005,-1.0566774002379999,-1.143812833363,-0.083129335880000002
465,1,0.10533726894051386,0.5207467667171215,true,flipguard_tabular_validation_v2,sha256:4c13087ee4033f196fb7e4198634189004ed9afb44ad9df89e575a860f699663,sha256:4732af06a200e574b79412c23f8a91a98989217b2dc0ffb6e5f48ddd4e9caa36,model_input,identity_model_input_v1,-0.92609762836499998,0.57470922023600002,-0.402342990831,0.91039332991099997,-0.38991743501499998,0.95534373671100004,1.347994327014,-0.083129335880000002
470,1,0.19832348211986162,0.53903852397933472,true,flipguard_tabular_validation_v2,sha256:4c13087ee4033f196fb7e4198634189004ed9afb44ad9df89e575a860f699663,sha256:4732af06a200e574b79412c23f8a91a98989217b2dc0ffb6e5f48ddd4e9caa36,model_input,identity_model_input_v1,0.26127968584799999,-1.016111775245,-0.402342990831,1.085667401851,0.75057405029900004,1.419656306776,0.88078048444299994,-0.083129335880000002
474,0,-0.11897493210674476,0.47656867475203135,false,flipguard_tabular_validation_v2,sha256:4c13087ee4033f196fb7e4198634189004ed9afb44ad9df89e575a860f699663,sha256:4732af06a200e574b79412c23f8a91a98989217b2dc0ffb6e5f48ddd4e9caa36,model_input,identity_model_input_v1,0.97370607437599999,1.281740773783,-0.402342990831,1.085667401851,-0.67504030634300005,-1.0566774002379999,-0.98807488584000003,-0.083129335880000002
475,1,0.1896121695273818,0.5373263290623479,true,flipguard_tabular_validation_v2,sha256:4c13087ee4033f196fb7e4198634189004ed9afb44ad9df89e575a860f699663,sha256:4732af06a200e574b79412c23f8a91a98989217b2dc0ffb6e5f48ddd4e9caa36,model_input,identity_model_input_v1,-0.92609762836499998,-0.66259599847100004,-0.402342990831,0.91039332991099997,0.180328307642,1.419656306776,0.88078048444299994,-0.083129335880000002
476,1,0.1693975115094683,0.53335186597074413,true,flipguard_tabular_validation_v2,sha256:4c13087ee4033f196fb7e4198634189004ed9afb44ad9df89e575a860f699663,sha256:4732af06a200e574b79412c23f8a91a98989217b2dc0ffb6e5f48ddd4e9caa36,model_input,identity_model_input_v1,0.73623061153400005,-1.016111775245,-0.402342990831,1.085667401851,1.605942664284,1.419656306776,-1.143812833363,-0.083129335880000002
477,1,0.064279633475069695,0.51266202541390304,true,flipguard_tabular_validation_v2,sha256:4c13087ee4033f196fb7e4198634189004ed9afb44ad9df89e575a860f699663,sha256:4732af06a200e574b79412c23f8a91a98989217b2dc0ffb6e5f48ddd4e9caa36,model_input,identity_model_input_v1,-0.68862216552199995,0.57470922023600002,-0.402342990831,0.91039332991099997,0.46545117896999999,0.800572880022,-1.143812833363,-0.083129335880000002
478,1,-0.0093972513986090959,0.49814874479389648,false,flipguard_tabular_validation_v2,sha256:4c13087ee4033f196fb7e4198634189004ed9afb44ad9df89e575a860f699663,sha256:4732af06a200e574b79412c23f8a91a98989217b2dc0ffb6e5f48ddd4e9caa36,model_input,identity_model_input_v1,-0.45114670268000001,-1.016111775245,2.7487170682039999,0.91039332991099997,-0.104794563686,-0.28282311679599997,0.72504253691999998,-0.083129335880000002
480,1,0.12790339119592636,0.5251885984373289,true,flipguard_tabular_validation_v2,sha256:4c13087ee4033f196fb7e4198634189004ed9afb44ad9df89e575a860f699663,sha256:4732af06a200e574b79412c23f8a91a98989217b2dc0ffb6e5f48ddd4e9caa36,model_input,identity_model_input_v1,-0.21367123983700001,0.75146710862300004,-0.402342990831,1.085667401851,2.1761884069409998,1.419656306776,-0.67659899079300001,-0.083129335880000002
484,0,-0.069074382429994932,0.48639366495149072,false,flipguard_tabular_validation_v2,sha256:4c13087ee4033f196fb7e4198634189004ed9afb44ad9df89e575a860f699663,sha256:4732af06a200e574b79412c23f8a91a98989217b2dc0ffb6e5f48ddd4e9caa36,model_input,identity_model_input_v1,0.97370607437599999,0.22119344346299999,-0.402342990831,1.085667401851,-0.38991743501499998,-1.0566774002379999,-1.143812833363,-0.083129335880000002
485,1,0.0070374412982999665,0.5013863745416316,true,flipguard_tabular_validation_v2,sha256:4c13087ee4033f196fb7e4198634189004ed9afb44ad9df89e575a860f699663,sha256:4732af06a200e574b79412c23f8a91a98989217b2dc0ffb6e5f48ddd4e9caa36,model_input,identity_model_input_v1,0.49875514869100002,-1.016111775245,-0.402342990831,0.73511925797099997,-0.67504030634300005,-1.0566774002379999,0.56930458939600004,-0.083129335880000002
486,1,0.077494500017420684,0.51526455496231494,true,flipguard_tabular_validation_v2,sha256:4c13087ee4033f196fb7e4198634189004ed9afb44ad9df89e575a860f699663,sha256:4732af06a200e574b79412c23f8a91a98989217b2dc0ffb6e5f48ddd4e9caa36,model_input,identity_model_input_v1,0.73623061153400005,-0.66259599847100004,-0.402342990831,0.91039332991099997,-0.67504030634300005,0.18148945326900001,1.347994327014,-0.083129335880000002
487,1,0.18407687734152939,0.53623819557411867,true,flipguard_tabular_validation_v2,sha256:4c13087ee4033f196fb7e4198634189004ed9afb44ad9df89e575a860f699663,sha256:4732af06a200e574b79412c23f8a91a98989217b2dc0ffb6e5f48ddd4e9caa36,model_input,identity_model_input_v1,0.26127968584799999,-1.016111775245,-0.402342990831,1.085667401851,0.75057405029900004,1.2648854500869999,0.56930458939600004,-0.083129335880000002
488,1,0.22589301896914193,0.54445481757184477,true,flipguard_tabular_validation_v2,sha256:4c13087ee4033f196fb7e4198634189004ed9afb44ad9df89e575a860f699663,sha256:4732af06a200e574b79412c23f8a91a98989217b2dc0ffb6e5f48ddd4e9caa36,model_input,identity_model_input_v1,-1.163573091208,-1.016111775245,-0.402342990831,0.91039332991099997,0.75057405029900004,1.419656306776,1.1922563794909999,-0.083129335880000002
489,1,0.24133435936505696,0.54748664534833669,true,flipguard_tabular_validation_v2,sha256:4c13087ee4033f196fb7e4198634189004ed9afb44ad9df89e575a860f699663,sha256:4732af06a200e574b79412c23f8a91a98989217b2dc0ffb6e5f48ddd4e9caa36,model_input,identity_model_input_v1,0.97370607437599999,-1.016111775245,-0.402342990831,0.034022970210000003,-0.67504030634300005,0.800572880022,1.347994327014,2.9902111112240002
490,1,0.035060862306567374,0.50690681747816113,true,flipguard_tabular_validation_v2,sha256:4c13087ee4033f196fb7e4198634189004ed9afb44ad9df89e575a860f699663,sha256:4732af06a200e574b79412c23f8a91a98989217b2dc0ffb6e5f48ddd4e9caa36,model_input,identity_model_input_v1,-2.350950405421,1.281740773783,-0.402342990831,-0.49179924561100002,-0.67504030634300005,1.110114593399,0.25782869434900002,-0.083129335880000002
493,0,-0.053236223005402608,0.48951306757408314,false,flipguard_tabular_validation_v2,sha256:4c13087ee4033f196fb7e4198634189004ed9afb44ad9df89e575a860f699663,sha256:4732af06a200e574b79412c23f8a91a98989217b2dc0ffb6e5f48ddd4e9caa36,model_input,identity_model_input_v1,-0.45114670268000001,-0.83935388685800005,-0.402342990831,-0.66707331755199994,-0.104794563686,-1.0566774002379999,-1.143812833363,-0.083129335880000002
494,1,0.13873216596089016,0.52731955619657578,true,flipguard_tabular_validation_v2,sha256:4c13087ee4033f196fb7e4198634189004ed9afb44ad9df89e575a860f699663,sha256:4732af06a200e574b79412c23f8a91a98989217b2dc0ffb6e5f48ddd4e9caa36,model_input,identity_model_input_v1,0.97370607437599999,-0.83935388685800005,-0.402342990831,1.085667401851,0.46545117896999999,1.419656306776,-0.98807488584000003,-0.083129335880000002
497,1,-0.034428504268550972,0.49321774789453665,false,flipguard_tabular_validation_v2,sha256:4c13087ee4033f196fb7e4198634189004ed9afb44ad9df89e575a860f699663,sha256:4732af06a200e574b79412c23f8a91a98989217b2dc0ffb6e5f48ddd4e9caa36,model_input,identity_model_input_v1,0.97370607437599999,-0.66259599847100004,-0.402342990831,0.73511925797099997,-0.67504030634300005,-1.0566774002379999,-0.36512309574500001,-0.083129335880000002
498,1,0.21400479194832489,0.54211974000433627,true,flipguard_tabular_validation_v2,sha256:4c13087ee4033f196fb7e4198634189004ed9afb44ad9df89e575a860f699663,sha256:4732af06a200e574b79412c23f8a91a98989217b2dc0ffb6e5f48ddd4e9caa36,model_input,identity_model_input_v1,0.26127968584799999,-1.016111775245,-0.402342990831,1.085667401851,1.3208197929550001,1.419656306776,1.1922563794909999,-0.083129335880000002
508,0,-0.058170561973191995,0.48854118664479435,false,flipguard_tabular_validation_v2,sha256:4c13087ee4033f196fb7e4198634189004ed9afb44ad9df89e575a860f699663,sha256:4732af06a200e574b79412c23f8a91a98989217b2dc0ffb6e5f48ddd4e9caa36,model_input,identity_model_input_v1,-0.21367123983700001,0.397951331849,-0.402342990831,1.085667401851,-0.67504030634300005,-1.0566774002379999,-1.143812833363,-0.083129335880000002
511,0,-0.14081852603106876,0.47226992001697016,false,flipguard_tabular_validation_v2,sha256:4c13087ee4033f196fb7e4198634189004ed9afb44ad9df89e575a860f699663,sha256:4732af06a200e574b79412c23f8a91a98989217b2dc0ffb6e5f48ddd4e9caa36,model_input,identity_model_input_v1,0.26127968584799999,-0.13232233331099999,-0.402342990831,-1.7187177491929999,-0.67504030634300005,-1.0566774002379999,-0.67659899079300001,-0.083129335880000002
513,0,-0.13122557584939437,0.47415760045499145,false,flipguard_tabular_validation_v2,sha256:4c13087ee4033f196fb7e4198634189004ed9afb44ad9df89e575a860f699663,sha256:4732af06a200e574b79412c23f8a91a98989217b2dc0ffb6e5f48ddd4e9caa36,model_input,identity_model_input_v1,0.023804223005999998,1.45849866217,-0.402342990831,0.38457111409,-0.67504030634300005,-1.0566774002379999,-0.83233693831599997,-0.083129335880000002
514,0,-0.093876483687735698,0.48150964197003598,false,flipguard_tabular_validation_v2,sha256:4c13087ee4033f196fb7e4198634189004ed9afb44ad9df89e575a860f699663,sha256:4732af06a200e574b79412c23f8a91a98989217b2dc0ffb6e5f48ddd4e9caa36,model_input,identity_model_input_v1,-0.21367123983700001,1.281740773783,1.1731870386859999,-1.7187177491929999,-0.67504030634300005,0.95534373671100004,1.347994327014,-0.083129335880000002
515,0,0.12111261855012138,0.52385207980577431,true,flipguard_tabular_validation_v2,sha256:4c13087ee4033f196fb7e4198634189004ed9afb44ad9df89e575a860f699663,sha256:4732af06a200e574b79412c23f8a91a98989217b2dc0ffb6e5f48ddd4e9caa36,model_input,identity_model_input_v1,0.49875514869100002,0.57470922023600002,-0.402342990831,0.55984518603,1.3208197929550001,1.419656306776,1.347994327014,-0.083129335880000002
516,1,0.18303896068685721,0.53603414564692398,true,flipguard_tabular_validation_v2,sha256:4c13087ee4033f196fb7e4198634189004ed9afb44ad9df89e575a860f699663,sha256:4732af06a200e574b79412c23f8a91a98989217b2dc0ffb6e5f48ddd4e9caa36,model_input,identity_model_input_v1,-2.5884258682639998,0.57470922023600002,-0.402342990831,-0.141251101731,2.7464341495969999,1.419656306776,1.347994327014,-0.083129335880000002
518,0,-0.19662511728286663,0.46129525913341368,false,flipguard_tabular_validation_v2,sha256:4c13087ee4033f196fb7e4198634189004ed9afb44ad9df89e575a860f699663,sha256:4732af06a200e574b79412c23f8a91a98989217b2dc0ffb6e5f48ddd4e9caa36,model_input,identity_model_input_v1,-0.92609762836499998,0.92822499701000005,4.0091410918179999,1.085667401851,-0.104794563686,-1.0566774002379999,-1.143812833363,-0.083129335880000002
519,0,-0.075080011283287854,0.48521093068371757,false,flipguard_tabular_validation_v2,sha256:4c13087ee4033f196fb7e4198634189004ed9afb44ad9df89e575a860f699663,sha256:4732af06a200e574b79412c23f8a91a98989217b2dc0ffb6e5f48ddd4e9caa36,model_input,identity_model_input_v1,0.023804223005999998,-1.016111775245,-0.402342990831,-1.7187177491929999,-0.67504030634300005,-1.0566774002379999,0.56930458939600004,-0.083129335880000002
520,1,0.13699623698659485,0.52697797412187197,true,flipguard_tabular_validation_v2,sha256:4c13087ee4033f196fb7e4198634189004ed9afb44ad9df89e575a860f699663,sha256:4732af06a200e574b79412c23f8a91a98989217b2dc0ffb6e5f48ddd4e9caa36,model_input,identity_model_input_v1,0.26127968584799999,0.397951331849,-0.402342990831,1.085667401851,1.8910655356120001,1.419656306776,-0.20938514822199999,-0.083129335880000002
522,0,-0.082054424400363077,0.48383748825943973,false,flipguard_tabular_validation_v2,sha256:4c13087ee4033f196fb7e4198634189004ed9afb44ad9df89e575a860f699663,sha256:4732af06a200e574b79412c23f8a91a98989217b2dc0ffb6e5f48ddd4e9caa36,model_input,identity_model_input_v1,0.49875514869100002,1.812014438944,-0.402342990831,1.085667401851,0.180328307642,-0.43759397348500001,-0.98807488584000003,-0.083129335880000002
523,1,0.20818090675993517,0.54097554898099554,true,flipguard_tabular_validation_v2,sha256:4c13087ee4033f196fb7e4198634189004ed9afb44ad9df89e575a860f699663,sha256:4732af06a200e574b79412c23f8a91a98989217b2dc0ffb6e5f48ddd4e9caa36,model_input,identity_model_input_v1,0.023804223005999998,-1.016111775245,-0.402342990831,0.73511925797099997,1.605942664284,1.419656306776,1.036518431967,-0.083129335880000002
526,1,0.012045676161978471,0.50237299121268053,true,flipguard_tabular_validation_v2,sha256:4c13087ee4033f196fb7e4198634189004ed9afb44ad9df89e575a860f699663,sha256:4732af06a200e574b79412c23f8a91a98989217b2dc0ffb6e5f48ddd4e9caa36,model_input,identity_model_input_v1,0.73623061153400005,-0.485838110085,-0.402342990831,0.55984518603,-0.67504030634300005,-0.59236483017300001,1.347994327014,-0.083129335880000002
527,1,0.057611753471966107,0.5113487505540355,true,flipguard_tabular_validation_v2,sha256:4c13087ee4033f196fb7e4198634189004ed9afb44ad9df89e575a860f699663,sha256:4732af06a200e574b79412c23f8a91a98989217b2dc0ffb6e5f48ddd4e9caa36,model_input,identity_model_input_v1,0.73623061153400005,-0.83935388685800005,-0.402342990831,-0.84234738949200005,1.3208197929550001,0.95534373671100004,-1.143812833363,-0.083129335880000002
528,1,0.15711154469768218,0.53093546171641359,true,flipguard_tabular_validation_v2,sha256:4c13087ee4033f196fb7e4198634189004ed9afb44ad9df89e575a860f699663,sha256:4732af06a200e574b79412c23f8a91a98989217b2dc0ffb6e5f48ddd4e9caa36,model_input,identity_model_input_v1,0.023804223005999998,-1.016111775245,-0.402342990831,1.085667401851,1.605942664284,0.95534373671100004,-1.143812833363,-0.083129335880000002
529,0,-0.15314276516919328,0.46984524171097991,false,flipguard_tabular_validation_v2,sha256:4c13087ee4033f196fb7e4198634189004ed9afb44ad9df89e575a860f699663,sha256:4732af06a200e574b79412c23f8a91a98989217b2dc0ffb6e5f48ddd4e9caa36,model_input,identity_model_input_v1,-2.5884258682639998,1.812014438944,2.1185050563969998,1.085667401851,-0.67504030634300005,-1.0566774002379999,-1.143812833363,-0.083129335880000002
530,1,0.11627610027561501,0.52290010348163429,true,flipguard_tabular_validation_v2,sha256:4c13087ee4033f196fb7e4198634189004ed9afb44ad9df89e575a860f699663,sha256:4732af06a200e574b79412c23f8a91a98989217b2dc0ffb6e5f48ddd4e9caa36,model_input,identity_model_input_v1,0.73623061153400005,-0.83935388685800005,-0.402342990831,0.38457111409,0.75057405029900004,1.2648854500869999,-0.83233693831599997,-0.083129335880000002
531,1,0.22756351846945067,0.54478287549023285,true,flipguard_tabular_validation_v2,sha256:4c13087ee4033f196fb7e4198634189004ed9afb44ad9df89e575a860f699663,sha256:4732af06a200e574b79412c23f8a91a98989217b2dc0ffb6e5f48ddd4e9caa36,model_input,identity_model_input_v1,-0.68862216552199995,-0.83935388685800005,-0.402342990831,0.38457111409,2.7464341495969999,1.419656306776,1.347994327014,-0.083129335880000002
532,1,0.010862127773597522,0.50213983404509055,true,flipguard_tabular_validation_v2,sha256:4c13087ee4033f196fb7e4198634189004ed9afb44ad9df89e575a860f699663,sha256:4732af06a200e574b79412c23f8a91a98989217b2dc0ffb6e5f48ddd4e9caa36,model_input,identity_model_input_v1,0.49875514869100002,-1.016111775245,-0.402342990831,0.38457111409,-0.67504030634300005,-0.90190654354999999,1.036518431967,-0.083129335880000002
534,0,-0.10860428025554929,0.47861008069167865,false,flipguard_tabular_validation_v2,sha256:4c13087ee4033f196fb7e4198634189004ed9afb44ad9df89e575a860f699663,sha256:4732af06a200e574b79412c23f8a91a98989217b2dc0ffb6e5f48ddd4e9caa36,model_input,identity_model_input_v1,0.023804223005999998,-0.485838110085,-0.402342990831,-1.1928955333719999,-0.67504030634300005,-1.0566774002379999,-1.143812833363,-0.083129335880000002
536,0,-0.10771253527685579,0.47878562926959822,false,flipguard_tabular_validation_v2,sha256:4c13087ee4033f196fb7e4198634189004ed9afb44ad9df89e575a860f699663,sha256:4732af06a200e574b79412c23f8a91a98989217b2dc0ffb6e5f48ddd4e9caa36,model_input,identity_model_input_v1,0.023804223005999998,0.92822499701000005,-0.402342990831,0.38457111409,-0.38991743501499998,-1.0566774002379999,-1.143812833363,-0.083129335880000002
