row_id,label,scaled_logit,polynomial_score,plaintext_decision,materialization_schema,source_data_sha256,source_model_sha256,source_feature_space,preprocessing_method,x_0,x_1,x_2,x_3,x_4,x_5,x_6,x_7,x_8,x_9,x_10,x_11,x_12,x_13,x_14,x_15
1,1,-0.027433487445694182,0.49459560297319827,false,flipguard_tabular_validation_v2,sha256:53349d9c7215b3e89d24b955f699e8e5839bab24d1e1d7260ca08777474f8aa4,sha256:edb34de653b4d4b756b3e497b1edc448b941926d02b32f3d93817db66bde9b78,model_input,identity_model_input_v1,-0.168445281626,-0.63347559253600005,0.13009815969499999,-0.381671547931,-0.39750401667099999,0.25728606820599997,0.023258367283,-0.59421189454699996,-0.487975475682,-0.61055134766899999,-0.133771386869,-0.51093057202299996,-0.34888549929599999,0.111044426217,0.067165648684999996,-0.249781977539
2,1,0.058750831800917142,0.51157391386478068,true,flipguard_tabular_validation_v2,sha256:53349d9c7215b3e89d24b955f699e8e5839bab24d1e1d7260ca08777474f8aa4,sha256:edb34de653b4d4b756b3e497b1edc448b941926d02b32f3d93817db66bde9b78,model_input,identity_model_input_v1,-0.168445281626,-0.351989539849,-0.99508013291399999,-0.381671547931,1.103564914278,1.829178107038,1.238607410535,3.5821548223800002,2.303331929883,1.0711851760710001,-0.129047312177,3.2395800379319999,-0.34888549929599999,0.19135497076300001,1.31037095986,-0.249781977539
5,0,-0.12814744835996417,0.47475495267308704,false,flipguard_tabular_validation_v2,sha256:53349d9c7215b3e89d24b955f699e8e5839bab24d1e1d7260ca08777474f8aa4,sha256:edb34de653b4d4b756b3e497b1edc448b941926d02b32f3d93817db66bde9b78,model_input,identity_model_input_v1,-0.168445281626,-0.73870402344700004,-1.1661010425880001,-0.381671547931,4.6145939489309997,0.44904687618900002,0.70249633924999999,0.195837908394,-0.487975475682,-1.6925047856640001,-0.025117668937000001,-0.27611921019699998,-0.34888549929599999,-1.342255187883,2.5089408831709998,-0.249781977539
8,0,-0.080291159975437482,0.4841826414848388,false,flipguard_tabular_validation_v2,sha256:53349d9c7215b3e89d24b955f699e8e5839bab24d1e1d7260ca08777474f8aa4,sha256:edb34de653b4d4b756b3e497b1edc448b941926d02b32f3d93817db66bde9b78,model_input,identity_model_input_v1,-0.168445281626,-0.73870402344700004,-1.1661010425880001,-0.381671547931,-0.39750401667099999,-1.0745633440069999,-0.056420525880000003,1.6533435793369999,-0.22125873988,0.28598415104899999,-0.407295311577,-0.51093057202299996,1.5435788237629999,-0.23782457929,-1.1921376712280001,-0.249781977539
9,0,-0.063610000363929609,0.48746882992830587,false,flipguard_tabular_validation_v2,sha256:53349d9c7215b3e89d24b955f699e8e5839bab24d1e1d7260ca08777474f8aa4,sha256:edb34de653b4d4b756b3e497b1edc448b941926d02b32f3d93817db66bde9b78,model_input,identity_model_input_v1,-0.168445281626,0.096108195113999997,-0.88364569403100002,-0.381671547931,-0.39750401667099999,-0.93427277664599995,-0.89747550927099995,-0.59421189454699996,-0.487975475682,-1.551453215605,-0.31045178037600002,-0.51093057202299996,-0.34888549929599999,-1.3814467336209999,0.57791156228100005,-0.249781977539
13,0,-0.12353156597269425,0.47566428150337925,false,flipguard_tabular_validation_v2,sha256:53349d9c7215b3e89d24b955f699e8e5839bab24d1e1d7260ca08777474f8aa4,sha256:edb34de653b4d4b756b3e497b1edc448b941926d02b32f3d93817db66bde9b78,model_input,identity_model_input_v1,-0.168445281626,0.079447026886,0.82346800163300005,-0.381671547931,-0.39750401667099999,-1.3765524549149999,-0.101178422657,-0.59421189454699996,-0.487975475682,-1.18480284358,-0.64964034331200005,-0.51093057202299996,-0.34888549929599999,0.98932054136900005,-1.0911592527809999,-0.249781977539
15,1,0.092122812973609872,0.51814819415580116,true,flipguard_tabular_validation_v2,sha256:53349d9c7215b3e89d24b955f699e8e5839bab24d1e1d7260ca08777474f8aa4,sha256:edb34de653b4d4b756b3e497b1edc448b941926d02b32f3d93817db66bde9b78,model_input,identity_model_input_v1,-0.168445281626,-0.57296924476199995,0.14402746455599999,-0.37312344104200001,-0.39750401667099999,0.62942046279499997,0.43493264862800002,-0.038452722823000003,-0.487975475682,0.34248848920399999,-0.64586108355799998,-0.51093057202299996,-0.34888549929599999,-0.741532314681,1.5298892608329999,-0.249781977539
16,1,0.14001557501856984,0.52758306827865831,true,flipguard_tabular_validation_v2,sha256:53349d9c7215b3e89d24b955f699e8e5839bab24d1e1d7260ca08777474f8aa4,sha256:edb34de653b4d4b756b3e497b1edc448b941926d02b32f3d93817db66bde9b78,model_input,identity_model_input_v1,-0.168445281626,0.084708448431999997,0.780906236782,-0.30473858592600001,0.994745418218,1.60006721294,-0.36234812802600003,2.9809904895670001,4.7369685054090001,-1.327947166905,0.25218551552399998,1.8353341378770001,0.71966790748300002,2.0301451986819998,0.55449627684400005,-0.249781977539
20,1,0.6299824406040675,0.6241065407990013,true,flipguard_tabular_validation_v2,sha256:53349d9c7215b3e89d24b955f699e8e5839bab24d1e1d7260ca08777474f8aa4,sha256:edb34de653b4d4b756b3e497b1edc448b941926d02b32f3d93817db66bde9b78,model_input,identity_model_input_v1,-0.168445281626,1.987589240738,2.689994852921,-0.10813212746799999,-0.39750401667099999,-1.568768751753,-1.593436211902,1.705105462978,4.5439983325010003,2.1121206500729999,1.4790277132180001,0.51151575151899997,-0.13236283529099999,-0.41193783986499999,-1.1372580959850001,-0.249781977539
21,0,-0.19709657143358461,0.46117197542758381,false,flipguard_tabular_validation_v2,sha256:53349d9c7215b3e89d24b955f699e8e5839bab24d1e1d7260ca08777474f8aa4,sha256:edb34de653b4d4b756b3e497b1edc448b941926d02b32f3d93817db66bde9b78,model_input,identity_model_input_v1,-0.168445281626,-0.73870402344700004,-0.75286499839700005,-0.381671547931,-0.39750401667099999,-0.77029678882300001,0.85988674549900002,-0.59421189454699996,-0.487975475682,-0.97259766251099999,-1.0894516972029999,-0.51093057202299996,-0.34888549929599999,0.41044213628300003,-1.2104308629760001,-0.249781977539
23,0,-0.18795028419037754,0.46297379401449562,false,flipguard_tabular_validation_v2,sha256:53349d9c7215b3e89d24b955f699e8e5839bab24d1e1d7260ca08777474f8aa4,sha256:edb34de653b4d4b756b3e497b1edc448b941926d02b32f3d93817db66bde9b78,model_input,identity_model_input_v1,-0.168445281626,-0.73870402344700004,-1.1661010425880001,-0.381671547931,0.152994610457,1.1372905361929999,2.2941068224399999,2.0165848680459999,0.58380790505400004,0.95482809453799999,0.69955538892299995,-0.48412140079100002,-0.34888549929599999,2.3398226584500001,-0.70041667704999999,-0.249781977539
28,1,0.14942886013289641,0.52943748544618063,true,flipguard_tabular_validation_v2,sha256:53349d9c7215b3e89d24b955f699e8e5839bab24d1e1d7260ca08777474f8aa4,sha256:edb34de653b4d4b756b3e497b1edc448b941926d02b32f3d93817db66bde9b78,model_input,identity_model_input_v1,-0.168445281626,1.0335181338120001,0.97978575617700003,-0.381671547931,0.061778268171000003,0.066436237933000006,-1.8506711571150001,-0.051166167927000003,0.78292362487,-0.075225062485999999,0.76805447196700005,2.6876808922230002,-0.34888549929599999,-0.68949108181499996,0.059116644316,0.039547758262
29,1,0.059159281557607177,0.51165437846684858,true,flipguard_tabular_validation_v2,sha256:53349d9c7215b3e89d24b955f699e8e5839bab24d1e1d7260ca08777474f8aa4,sha256:edb34de653b4d4b756b3e497b1edc448b941926d02b32f3d93817db66bde9b78,model_input,identity_model_input_v1,-0.168445281626,-0.19853141143700001,1.1562236177409999,-0.381671547931,-0.36869885595000002,0.94780717248599999,0.419685453022,0.083233108895000005,1.264734502449,-0.043415212858999998,-0.72522553839500004,1.48681491186,-0.34326153399699999,0.69634767486600002,1.015484708887,-0.20557882345799999
31,1,0.076759668145334137,0.51512165462463078,true,flipguard_tabular_validation_v2,sha256:53349d9c7215b3e89d24b955f699e8e5839bab24d1e1d7260ca08777474f8aa4,sha256:edb34de653b4d4b756b3e497b1edc448b941926d02b32f3d93817db66bde9b78,model_input,identity_model_input_v1,-0.168445281626,-0.57998447348899995,-0.30325799151600003,-0.381671547931,-0.39750401667099999,0.073268570759000007,-0.46612742714599997,-0.39987780508800003,-0.487975475682,0.056199842553999999,0.93717634596599997,0.395958978967,-0.34888549929599999,-1.3814467336209999,0.21131599965699999,-0.052877018451999998
32,0,-0.14159201328618071,0.4721063733826224,false,flipguard_tabular_validation_v2,sha256:53349d9c7215b3e89d24b955f699e8e5839bab24d1e1d7260ca08777474f8aa4,sha256:edb34de653b4d4b756b3e497b1edc448b941926d02b32f3d93817db66bde9b78,model_input,identity_model_input_v1,-0.168445281626,-0.73870402344700004,-1.1661010425880001,-0.381671547931,-0.39750401667099999,0.84122278039999998,1.0738393289929999,-0.59421189454699996,-0.487975475682,-1.635581896857,-0.12196120013800001,-0.51093057202299996,-0.34888549929599999,0.22733409471900001,0.196681446259,-0.249781977539
33,1,0.21218104931523549,0.54179966671510138,true,flipguard_tabular_validation_v2,sha256:53349d9c7215b3e89d24b955f699e8e5839bab24d1e1d7260ca08777474f8aa4,sha256:edb34de653b4d4b756b3e497b1edc448b941926d02b32f3d93817db66bde9b78,model_input,identity_model_input_v1,-0.168445281626,-0.17397811089099999,0.61994538061799997,-0.11668023435700001,-0.17826473784399999,2.3270274256249999,1.802261802913,1.865839733232,1.4921197380410001,2.1510458608010001,0.90741467540200005,0.90903104909900001,0.075723880766000007,2.6128785099059999,0.73450128364199996,-0.249781977539
35,1,0.14722243199027199,0.52900281910208358,true,flipguard_tabular_validation_v2,sha256:53349d9c7215b3e89d24b955f699e8e5839bab24d1e1d7260ca08777474f8aa4,sha256:edb34de653b4d4b756b3e497b1edc448b941926d02b32f3d93817db66bde9b78,model_input,identity_model_input_v1,-0.168445281626,-0.73870402344700004,-1.1661010425880001,1.4675689091619999,-0.26628050671600001,0.49687320597099999,-2.0946262868000001,2.5160416400200001,1.602739582383,0.30774878500500003,0.58381555895199999,-0.45453886701700003,-0.34888549929599999,-1.3814467336209999,0.57059428558199998,-0.249781977539
37,1,-0.017479524442836233,0.49655653368476127,false,flipguard_tabular_validation_v2,sha256:53349d9c7215b3e89d24b955f699e8e5839bab24d1e1d7260ca08777474f8aa4,sha256:edb34de653b4d4b756b3e497b1edc448b941926d02b32f3d93817db66bde9b78,model_input,identity_model_input_v1,-0.168445281626,-0.55455426935200003,-0.054078204570000003,-0.381671547931,-0.39750401667099999,-0.712449704229,-1.246193628116,-0.59421189454699996,-0.487975475682,-0.77964581147900003,-1.3176245048599999,-0.51093057202299996,-0.34888549929599999,-0.23910954800299999,-0.23576960665800001,-0.249781977539
38,1,0.34409184076044602,0.56778609262980784,true,flipguard_tabular_validation_v2,sha256:53349d9c7215b3e89d24b955f699e8e5839bab24d1e1d7260ca08777474f8aa4,sha256:edb34de653b4d4b756b3e497b1edc448b941926d02b32f3d93817db66bde9b78,model_input,identity_model_input_v1,-0.168445281626,1.4772313508199999,0.53172644983499995,-0.381671547931,-0.28228337378399998,1.0147640341799999,-1.5614662856329999,2.0883250225659999,0.50268668586999998,0.917995637074,-0.48099087678300001,2.5397682233559999,-0.34888549929599999,0.150878456312,-0.23869651733700001,-0.249781977539
39,1,0.38289040247495831,0.57542940928756681,true,flipguard_tabular_validation_v2,sha256:53349d9c7215b3e89d24b955f699e8e5839bab24d1e1d7260ca08777474f8aa4,sha256:edb34de653b4d4b756b3e497b1edc448b941926d02b32f3d93817db66bde9b78,model_input,identity_model_input_v1,-0.168445281626,-0.57910756989800005,2.135918059587,2.7725798942909998,-0.31268882121300001,1.603255634925,1.8381664893380001,3.6130303319200001,4.6288068798299999,2.2874933736780001,1.9301768463710001,-0.061645840340000001,1.973812169124,1.5951832894219999,-0.85407948773099995,-0.249781977539
41,0,-0.064234136138406284,0.48734587518073397,false,flipguard_tabular_validation_v2,sha256:53349d9c7215b3e89d24b955f699e8e5839bab24d1e1d7260ca08777474f8aa4,sha256:edb34de653b4d4b756b3e497b1edc448b941926d02b32f3d93817db66bde9b78,model_input,identity_model_input_v1,-0.168445281626,-0.73870402344700004,-1.1661010425880001,-0.381671547931,1.161175235722,0.084200303281000005,-0.23791133808600001,-0.59421189454699996,-0.47937171001099999,-0.61096989832199999,-0.49280106351500003,-0.51093057202299996,-0.34888549929599999,-1.3814467336209999,1.191831077335,-0.249781977539
43,0,-0.41143716884806214,0.41894687773693173,false,flipguard_tabular_validation_v2,sha256:53349d9c7215b3e89d24b955f699e8e5839bab24d1e1d7260ca08777474f8aa4,sha256:edb34de653b4d4b756b3e497b1edc448b941926d02b32f3d93817db66bde9b78,model_input,identity_model_input_v1,-0.168445281626,-0.73870402344700004,-1.1661010425880001,-0.381671547931,2.5662269642659998,1.4087618938119999,1.3433703996940001,-0.59421189454699996,1.1578019862519999,-0.011605363231000001,0.25927162756299998,0.25821530608499998,-0.34888549929599999,-1.3814467336209999,-0.52041167025199997,12.669594419708
44,0,-0.048165037575374187,0.49051148759765129,false,flipguard_tabular_validation_v2,sha256:53349d9c7215b3e89d24b955f699e8e5839bab24d1e1d7260ca08777474f8aa4,sha256:edb34de653b4d4b756b3e497b1edc448b941926d02b32f3d93817db66bde9b78,model_input,identity_model_input_v1,-0.168445281626,-0.73870402344700004,-1.1661010425880001,-0.031199165462000002,-0.37510000277700001,0.48730794001400002,-0.28660399501900002,1.7995481980429999,-0.31221283411599998,-0.042159560899999997,0.24179255120000001,-0.51093057202299996,0.10665568991,0.027521459889,-0.155279562968,-0.249781977539
45,0,-0.052933452307730756,0.48957210989537703,false,flipguard_tabular_validation_v2,sha256:53349d9c7215b3e89d24b955f699e8e5839bab24d1e1d7260ca08777474f8aa4,sha256:edb34de653b4d4b756b3e497b1edc448b941926d02b32f3d93817db66bde9b78,model_input,identity_model_input_v1,2.6193053925240002,-0.35812786498499999,-1.1661010425880001,-0.381671547931,0.43624535755600002,0.156167542381,0.56281235370500005,-0.59421189454699996,-0.487975475682,-1.4032862844439999,0.32446385832199998,-0.51093057202299996,-0.34888549929599999,0.143811128392,-0.17137757170599999,-0.249781977539
47,1,0.042058020338455113,0.5082854300066757,true,flipguard_tabular_validation_v2,sha256:53349d9c7215b3e89d24b955f699e8e5839bab24d1e1d7260ca08777474f8aa4,sha256:edb34de653b4d4b756b3e497b1edc448b941926d02b32f3d93817db66bde9b78,model_input,identity_model_input_v1,-0.168445281626,-0.73870402344700004,1.202654633943,-0.381671547931,-0.39750401667099999,-0.23327542870000001,1.456494754185,-0.59421189454699996,-0.40931247526100001,0.81670637904900001,0.24604421842400001,-0.51093057202299996,-0.16891860973299999,1.6497944597130001,-0.69748976637000004,-0.249781977539
48,0,-0.086031459612509589,0.48305180245633561,false,flipguard_tabular_validation_v2,sha256:53349d9c7215b3e89d24b955f699e8e5839bab24d1e1d7260ca08777474f8aa4,sha256:edb34de653b4d4b756b3e497b1edc448b941926d02b32f3d93817db66bde9b78,model_input,identity_model_input_v1,-0.168445281626,-0.73870402344700004,-0.333438152047,-0.381671547931,-0.39750401667099999,-1.762807004011,-0.55121661552400003,-0.59421189454699996,-0.487975475682,-1.0303576526239999,-1.0067803900800001,-0.51093057202299996,-0.34888549929599999,-0.70169828458600003,-0.53504622364999999,-0.249781977539
51,1,0.010854148831857952,0.50213826731987599,true,flipguard_tabular_validation_v2,sha256:53349d9c7215b3e89d24b955f699e8e5839bab24d1e1d7260ca08777474f8aa4,sha256:edb34de653b4d4b756b3e497b1edc448b941926d02b32f3d93817db66bde9b78,model_input,identity_model_input_v1,-0.168445281626,-0.68872051876399998,-0.97031692427299998,0.62415569606499999,-0.39750401667099999,0.53331231437600002,-0.16610196523500001,2.2708537701420002,-0.487975475682,1.004635622244,0.37359423512599998,-0.51093057202299996,-0.34888549929599999,1.6427271317929999,-1.2104308629760001,-0.249781977539
54,1,0.24678133169376773,0.54861592234367229,true,flipguard_tabular_validation_v2,sha256:53349d9c7215b3e89d24b955f699e8e5839bab24d1e1d7260ca08777474f8aa4,sha256:edb34de653b4d4b756b3e497b1edc448b941926d02b32f3d93817db66bde9b78,model_input,identity_model_input_v1,-0.168445281626,-0.46774081385100003,1.512194741951,-0.33893101348400001,-0.39750401667099999,0.266395845307,-1.085360306731,1.678770469547,-0.39333405330100002,0.66393539070499996,-0.018503964368,0.74725156752599997,-0.32638963810100002,1.167288708082,-0.19040249112300001,-0.249781977539
55,1,0.2227496417176911,0.54388167941838517,true,flipguard_tabular_validation_v2,sha256:53349d9c7215b3e89d24b955f699e8e5839bab24d1e1d7260ca08777474f8aa4,sha256:edb34de653b4d4b756b3e497b1edc448b941926d02b32f3d93817db66bde9b78,model_input,identity_model_input_v1,-0.168445281626,-0.42564944148700001,0.65399479249900005,-0.381671547931,-0.39750401667099999,-0.026027999645000001,-2.061180825473,-0.59421189454699996,-0.487975475682,0.79661594770499999,1.2149519378960001,-0.51093057202299996,-0.34888549929599999,-0.87966645129900001,-0.88261686685700003,-0.249781977539
56,0,-0.051521946191708849,0.48985017660023333,false,flipguard_tabular_validation_v2,sha256:53349d9c7215b3e89d24b955f699e8e5839bab24d1e1d7260ca08777474f8aa4,sha256:edb34de653b4d4b756b3e497b1edc448b941926d02b32f3d93817db66bde9b78,model_input,identity_model_input_v1,-0.168445281626,0.59331253116799998,-1.1405639836770001,-0.381671547931,-0.39750401667099999,-0.373110507205,-1.3991574291890001,-0.59421189454699996,-0.487975475682,-1.354734408696,-0.161643427556,-0.51093057202299996,-0.34888549929599999,-1.3814467336209999,1.046217271023,-0.249781977539
60,1,0.14246136415826915,0.52806488873917901,true,flipguard_tabular_validation_v2,sha256:53349d9c7215b3e89d24b955f699e8e5839bab24d1e1d7260ca08777474f8aa4,sha256:edb34de653b4d4b756b3e497b1edc448b941926d02b32f3d93817db66bde9b78,model_input,identity_model_input_v1,-0.168445281626,-0.73870402344700004,1.4704068273699999,1.803794446815,-0.39750401667099999,-0.51157911914499998,-0.95993982675099998,2.2881077313559999,1.3753543467910001,-0.21627663254599999,-0.550434774766,0.21661486796599999,2.4687211154209998,1.2649463302499999,-0.87676304549799999,-0.249781977539
63,1,0.13442559338880128,0.52648184189759384,true,flipguard_tabular_validation_v2,sha256:53349d9c7215b3e89d24b955f699e8e5839bab24d1e1d7260ca08777474f8aa4,sha256:edb34de653b4d4b756b3e497b1edc448b941926d02b32f3d93817db66bde9b78,model_input,identity_model_input_v1,-0.168445281626,-0.73870402344700004,-0.22432526397399999,-0.071090330945999994,-0.39750401667099999,-1.7291008287359999,0.52346475214199994,1.7123702887529999,4.3792976753690001,1.3721230955749999,0.50492351158399995,-0.28906156872299998,0.413161798696,-1.3377577973879999,-1.2104308629760001,-0.249781977539
66,0,-0.095981025191737554,0.48109173803722771,false,flipguard_tabular_validation_v2,sha256:53349d9c7215b3e89d24b955f699e8e5839bab24d1e1d7260ca08777474f8aa4,sha256:edb34de653b4d4b756b3e497b1edc448b941926d02b32f3d93817db66bde9b78,model_input,identity_model_input_v1,-0.168445281626,-0.73870402344700004,-0.36207061203699997,-0.381671547931,-0.39750401667099999,-1.7997016012710001,-0.75336491854999998,-0.59421189454699996,-0.487975475682,-0.51512179878599995,-1.9199440281789999,-0.51093057202299996,-0.34888549929599999,-0.20313042404600001,-1.2104308629760001,-0.249781977539
68,1,0.08258614144215351,0.51626946986410427,true,flipguard_tabular_validation_v2,sha256:53349d9c7215b3e89d24b955f699e8e5839bab24d1e1d7260ca08777474f8aa4,sha256:edb34de653b4d4b756b3e497b1edc448b941926d02b32f3d93817db66bde9b78,model_input,identity_model_input_v1,-0.168445281626,0.152230024933,-1.0028186356140001,-0.381671547931,0.47785281193200002,1.155965579251,-0.017564769337000002,0.075060179899000004,1.7330251768310001,0.49944498407799998,1.0826778465010001,0.38209216626100001,-0.34888549929599999,-1.3814467336209999,1.0220702579159999,-0.249781977539
70,1,0.12635775156653939,0.52489247705860831,true,flipguard_tabular_validation_v2,sha256:53349d9c7215b3e89d24b955f699e8e5839bab24d1e1d7260ca08777474f8aa4,sha256:edb34de653b4d4b756b3e497b1edc448b941926d02b32f3d93817db66bde9b78,model_input,identity_model_input_v1,-0.168445281626,-0.33532837162099999,0.89930532809499997,-0.381671547931,-0.39750401667099999,-0.36946659636500001,-1.345054477041,0.69075416426000003,-0.487975475682,-0.24934213413299999,-1.16881615204,0.175938884027,-0.34888549929599999,0.61218222418199997,-0.18015830374399999,-0.249781977539
71,0,-0.0061063513313630233,0.49879704878772146,false,flipguard_tabular_validation_v2,sha256:53349d9c7215b3e89d24b955f699e8e5839bab24d1e1d7260ca08777474f8aa4,sha256:edb34de653b4d4b756b3e497b1edc448b941926d02b32f3d93817db66bde9b78,model_input,identity_model_input_v1,-0.168445281626,-0.73870402344700004,-0.87126408971000002,3.0318724699390001,-0.39750401667099999,-0.49153760952199999,-0.96977672714200003,0.58268988086899998,-0.487975475682,0.16460446168100001,-2.121662017557,-0.51093057202299996,1.6448101991420001,0.68414047209499995,-1.2075039522969999,-0.249781977539
76,0,-0.10609218546995811,0.47909983946241824,false,flipguard_tabular_validation_v2,sha256:53349d9c7215b3e89d24b955f699e8e5839bab24d1e1d7260ca08777474f8aa4,sha256:edb34de653b4d4b756b3e497b1edc448b941926d02b32f3d93817db66bde9b78,model_input,identity_model_input_v1,-0.168445281626,-0.73870402344700004,-1.1661010425880001,-0.381671547931,0.56746886751100001,-0.011907845138000001,-0.0087115589859999999,-0.59421189454699996,-0.487975475682,-1.5564758234410001,-0.23533899276199999,-0.51093057202299996,-0.34888549929599999,0.20420465789,0.016676439461,-0.249781977539
77,0,-0.17247473911052416,0.46602247639522676,false,flipguard_tabular_validation_v2,sha256:53349d9c7215b3e89d24b955f699e8e5839bab24d1e1d7260ca08777474f8aa4,sha256:edb34de653b4d4b756b3e497b1edc448b941926d02b32f3d93817db66bde9b78,model_input,identity_model_input_v1,-0.168445281626,-0.73870402344700004,-1.1661010425880001,-0.381671547931,2.516618076356,0.242254935989,1.0935131297739999,-0.57060121078100001,-0.487975475682,-1.687063627176,0.15014550216200001,-0.51093057202299996,-0.34888549929599999,-0.056643990795000002,0.55888664286400003,-0.249781977539
78,0,-0.077707610835407032,0.48469160066542483,false,flipguard_tabular_validation_v2,sha256:53349d9c7215b3e89d24b955f699e8e5839bab24d1e1d7260ca08777474f8aa4,sha256:edb34de653b4d4b756b3e497b1edc448b941926d02b32f3d93817db66bde9b78,model_input,identity_model_input_v1,-0.168445281626,-0.73870402344700004,0.47678308066399999,-0.381671547931,-0.39750401667099999,-1.707692852548,-0.091341522265999994,-0.59421189454699996,-0.487975475682,0.054525639942,-1.910968286263,-0.51093057202299996,-0.34888549929599999,0.18557261155499999,-1.2104308629760001,-0.249781977539
81,0,-0.11089946184668059,0.47815280601620391,false,flipguard_tabular_validation_v2,sha256:53349d9c7215b3e89d24b955f699e8e5839bab24d1e1d7260ca08777474f8aa4,sha256:edb34de653b4d4b756b3e497b1edc448b941926d02b32f3d93817db66bde9b78,model_input,identity_model_input_v1,0.36388901796000001,0.28551937075299999,-0.67238457031499999,-0.381671547931,2.8974863125670001,0.307845331118,1.2287705101440001,-0.59421189454699996,-0.487975475682,-1.6071204524530001,0.78317151098399995,-0.51093057202299996,-0.34888549929599999,1.6151003044700001,0.053994550625999997,-0.249781977539
82,1,0.016486566106424308,0.50324785352296564,true,flipguard_tabular_validation_v2,sha256:53349d9c7215b3e89d24b955f699e8e5839bab24d1e1d7260ca08777474f8aa4,sha256:edb34de653b4d4b756b3e497b1edc448b941926d02b32f3d93817db66bde9b78,model_input,identity_model_input_v1,-0.168445281626,-0.39495781580400002,-0.58261793899299996,-0.381671547931,-0.39750401667099999,0.335174662422,-0.71401731698799997,-0.59421189454699996,-0.487975475682,-0.245156627603,0.26163366491000001,-0.51093057202299996,-0.34888549929599999,-1.3814467336209999,0.14107014334599999,-0.249781977539
83,0,-0.070072573932541127,0.48619570293528941,false,flipguard_tabular_validation_v2,sha256:53349d9c7215b3e89d24b955f699e8e5839bab24d1e1d7260ca08777474f8aa4,sha256:edb34de653b4d4b756b3e497b1edc448b941926d02b32f3d93817db66bde9b78,model_input,identity_model_input_v1,-0.168445281626,0.58542039884899999,-0.45957574606000001,-0.381671547931,-0.39750401667099999,0.46453349726100002,0.68970836874300001,-0.59421189454699996,-0.487975475682,-1.1956851605579999,-0.77955239736100002,-0.51093057202299996,-0.34888549929599999,1.306065329058,0.83401624674899999,-0.249781977539
85,1,0.16808937915520422,0.53311360769357519,true,flipguard_tabular_validation_v2,sha256:53349d9c7215b3e89d24b955f699e8e5839bab24d1e1d7260ca08777474f8aa4,sha256:edb34de653b4d4b756b3e497b1edc448b941926d02b32f3d93817db66bde9b78,model_input,identity_model_input_v1,0.97327170301300003,1.8499153769629999,0.70119965897000003,-0.27624489629400001,0.38343589623199997,-1.4990789569280001,-1.9254316000830001,1.406339503016,0.10937168376500001,-0.68337916128999998,0.114242534497,-0.155015712562,-0.056439303756000002,0.24082626620299999,-0.035276225102,-0.249781977539
87,1,0.020100640074406217,0.50395982609465806,true,flipguard_tabular_validation_v2,sha256:53349d9c7215b3e89d24b955f699e8e5839bab24d1e1d7260ca08777474f8aa4,sha256:edb34de653b4d4b756b3e497b1edc448b941926d02b32f3d93817db66bde9b78,model_input,identity_model_input_v1,-0.168445281626,-0.41249588762299999,0.60756377629699998,-0.381671547931,-0.39750401667099999,1.098118494657,1.2617241264529999,-0.58694706877299996,-0.487975475682,0.18218358910599999,0.55121944357200003,-0.51093057202299996,-0.34888549929599999,1.470541324287,0.57864328995100001,-0.249781977539
88,0,-0.14239365548005992,0.47194844987042817,false,flipguard_tabular_validation_v2,sha256:53349d9c7215b3e89d24b955f699e8e5839bab24d1e1d7260ca08777474f8aa4,sha256:edb34de653b4d4b756b3e497b1edc448b941926d02b32f3d93817db66bde9b78,model_input,identity_model_input_v1,1.148381669982,1.6377047079589999,-0.916921255642,-0.381671547931,0.75310212549599997,1.062590363962,-1.8039458802599999,-0.59421189454699996,-0.487975475682,-0.90311825411299995,0.49642017713699998,0.50319566389500003,-0.34888549929599999,-1.048639837024,1.676234794815,-0.064932424109999998
89,1,0.13301775003888988,0.52620449675766134,true,flipguard_tabular_validation_v2,sha256:53349d9c7215b3e89d24b955f699e8e5839bab24d1e1d7260ca08777474f8aa4,sha256:edb34de653b4d4b756b3e497b1edc448b941926d02b32f3d93817db66bde9b78,model_input,identity_model_input_v1,-0.168445281626,-0.44494132048700002,1.09431559614,-0.270546158368,-0.258279073182,0.90408024239899998,-1.070604956145,1.984801255284,0.68336576496199997,0.239106477914,-1.8122351251860001,2.4334559926080002,-0.34888549929599999,0.61667961467700005,1.919900108894,-0.12119098385
91,0,-0.079193639351778547,0.48439885304769964,false,flipguard_tabular_validation_v2,sha256:53349d9c7215b3e89d24b955f699e8e5839bab24d1e1d7260ca08777474f8aa4,sha256:edb34de653b4d4b756b3e497b1edc448b941926d02b32f3d93817db66bde9b78,model_input,identity_model_input_v1,-0.168445281626,-0.73870402344700004,-1.1661010425880001,-0.381671547931,-0.325491114867,0.38209001449399999,0.87218287098699998,-0.53700139157500004,-0.46462239743200001,-0.22464764560600001,0.77986465869900001,-0.51093057202299996,-0.34888549929599999,-0.30528543670800001,0.44034676033800002,-0.249781977539
95,0,-0.11625265400139287,0.47709822716172562,false,flipguard_tabular_validation_v2,sha256:53349d9c7215b3e89d24b955f699e8e5839bab24d1e1d7260ca08777474f8aa4,sha256:edb34de653b4d4b756b3e497b1edc448b941926d02b32f3d93817db66bde9b78,model_input,identity_model_input_v1,-0.168445281626,-0.73870402344700004,-0.050208953218999999,-0.381671547931,-0.39750401667099999,-1.7810265582139999,0.13638272177499999,-0.59421189454699996,-0.487975475682,-0.33640066995599999,-1.217001713905,-0.51093057202299996,-0.34888549929599999,0.159873237301,-1.2104308629760001,-0.249781977539
96,1,-0.032626733745859393,0.4935725334520657,false,flipguard_tabular_validation_v2,sha256:53349d9c7215b3e89d24b955f699e8e5839bab24d1e1d7260ca08777474f8aa4,sha256:edb34de653b4d4b756b3e497b1edc448b941926d02b32f3d93817db66bde9b78,model_input,identity_model_input_v1,-0.168445281626,-0.73870402344700004,0.72286746653,3.245575142176,-0.39750401667099999,0.50325004994099998,1.700449883871,-0.45254779195,-0.487975475682,0.75392378109900005,0.82285373840200005,-0.51093057202299996,-0.34888549929599999,0.82805696792100003,-0.27894153918199999,-0.249781977539
97,1,0.0025968291703846111,0.50051157534656576,true,flipguard_tabular_validation_v2,sha256:53349d9c7215b3e89d24b955f699e8e5839bab24d1e1d7260ca08777474f8aa4,sha256:edb34de653b4d4b756b3e497b1edc448b941926d02b32f3d93817db66bde9b78,model_input,identity_model_input_v1,-0.168445281626,-0.247638012529,0.083667143493999993,2.570274697906,-0.39750401667099999,0.24179944713400001,0.97792955018600003,-0.023923071274,-0.487975475682,0.714161469065,-0.36005456465000002,-0.51093057202299996,-0.34888549929599999,1.333049672025,-0.70041667704999999,-0.249781977539
101,1,0.22251747908636352,0.54383594338001362,true,flipguard_tabular_validation_v2,sha256:53349d9c7215b3e89d24b955f699e8e5839bab24d1e1d7260ca08777474f8aa4,sha256:edb34de653b4d4b756b3e497b1edc448b941926d02b32f3d93817db66bde9b78,model_input,identity_model_input_v1,-0.168445281626,-0.58699970221700004,1.4278450625179999,-0.381671547931,-0.39750401667099999,1.125903314816,0.535760877631,-0.19737078663300001,1.1332197986200001,1.398073236061,0.54744018381799997,0.46436858831799999,-0.34888549929599999,-1.101966038602,-0.83724975132299995,-0.249781977539
102,1,0.19822621382114911,0.53905056412276642,true,flipguard_tabular_validation_v2,sha256:53349d9c7215b3e89d24b955f699e8e5839bab24d1e1d7260ca08777474f8aa4,sha256:edb34de653b4d4b756b3e497b1edc448b941926d02b32f3d93817db66bde9b78,model_input,identity_model_input_v1,-0.168445281626,0.88532142694600002,-1.1661010425880001,-0.381671547931,-0.39750401667099999,-0.076131773702,-0.44399440126700002,1.8113535399259999,-0.487975475682,1.3449173031299999,-0.500831990492,-0.101397370098,-0.34888549929599999,-0.58155370994599997,-0.81237101054600003,-0.249781977539
105,1,0.030236328139473863,0.50595655664347639,true,flipguard_tabular_validation_v2,sha256:53349d9c7215b3e89d24b955f699e8e5839bab24d1e1d7260ca08777474f8aa4,sha256:edb34de653b4d4b756b3e497b1edc448b941926d02b32f3d93817db66bde9b78,model_input,identity_model_input_v1,-0.168445281626,-0.73870402344700004,1.433262014409,2.3565720256690001,-0.39750401667099999,0.618488730273,1.5848663042819999,1.0567197626339999,2.8724095735540001,0.73006639387899996,1.1379495204050001,-0.51093057202299996,4.546776293342,1.36388892113,-0.83944493433199996,-0.249781977539
106,1,0.15329469655417105,0.53019905522117172,true,flipguard_tabular_validation_v2,sha256:53349d9c7215b3e89d24b955f699e8e5839bab24d1e1d7260ca08777474f8aa4,sha256:edb34de653b4d4b756b3e497b1edc448b941926d02b32f3d93817db66bde9b78,model_input,identity_model_input_v1,-0.168445281626,0.624881060441,-0.534639222252,-0.381671547931,-0.39750401667099999,-0.36764464094400001,-2.4640018964650001,-0.59421189454699996,-0.487975475682,0.127772004217,0.27391625911099998,-0.51093057202299996,-0.34888549929599999,-1.1141732413729999,-0.76334525666200004,-0.249781977539
107,0,-0.090672416497312724,0.4821375339500294,false,flipguard_tabular_validation_v2,sha256:53349d9c7215b3e89d24b955f699e8e5839bab24d1e1d7260ca08777474f8aa4,sha256:edb34de653b4d4b756b3e497b1edc448b941926d02b32f3d93817db66bde9b78,model_input,identity_model_input_v1,-0.168445281626,-0.67556696490000001,0.0062821164919999997,-0.381671547931,-0.39750401667099999,-1.8019790455469999,-0.52072222431399995,-0.59421189454699996,-0.487975475682,-1.4367703366839999,-0.59814792916199999,-0.51093057202299996,-0.34888549929599999,-0.73767740854300001,-0.56138841976700005,-0.249781977539
110,0,0.049210219541769747,0.50969441324972864,true,flipguard_tabular_validation_v2,sha256:53349d9c7215b3e89d24b955f699e8e5839bab24d1e1d7260ca08777474f8aa4,sha256:edb34de653b4d4b756b3e497b1edc448b941926d02b32f3d93817db66bde9b78,model_input,identity_model_input_v1,-0.168445281626,-0.73870402344700004,-1.1661010425880001,-0.381671547931,1.326004766519,-0.152653901353,-0.159707979981,-0.59421189454699996,0.68582398372499997,-0.25352764066299999,0.101959940296,0.23048168067200001,-0.34888549929599999,-1.3814467336209999,-1.151160921714,4.3875307323900001
111,1,0.17450287858200791,0.53437706708065558,true,flipguard_tabular_validation_v2,sha256:53349d9c7215b3e89d24b955f699e8e5839bab24d1e1d7260ca08777474f8aa4,sha256:edb34de653b4d4b756b3e497b1edc448b941926d02b32f3d93817db66bde9b78,model_input,identity_model_input_v1,-0.168445281626,3.1301946197119999,0.65244709195899997,-0.381671547931,-0.39750401667099999,-1.8019790455469999,0.34295762997599999,-0.59421189454699996,-0.487975475682,1.5675862505239999,2.2655861495530001,0.55866291471999996,-0.34888549929599999,0.24018378184600001,-0.52846067462099999,-0.249781977539
114,0,-0.065262349798628133,0.48714331708967024,false,flipguard_tabular_validation_v2,sha256:53349d9c7215b3e89d24b955f699e8e5839bab24d1e1d7260ca08777474f8aa4,sha256:edb34de653b4d4b756b3e497b1edc448b941926d02b32f3d93817db66bde9b78,model_input,identity_model_input_v1,-0.168445281626,0.25745845584400001,-1.162231791238,-0.381671547931,-0.36549828253599997,-0.82996582883600001,-0.80943525077599998,-0.59421189454699996,-0.487975475682,-0.93283535047599997,-1.4007682194510001,-0.51093057202299996,-0.34888549929599999,-1.0512097744490001,0.25814657053099999,-0.249781977539
115,0,-0.055720059617803276,0.48902314825529275,false,flipguard_tabular_validation_v2,sha256:53349d9c7215b3e89d24b955f699e8e5839bab24d1e1d7260ca08777474f8aa4,sha256:edb34de653b4d4b756b3e497b1edc448b941926d02b32f3d93817db66bde9b78,model_input,identity_model_input_v1,-0.168445281626,-0.32743623930299998,-0.47350505092,-0.381671547931,1.2923987456770001,0.235878092018,0.79447135790199996,-0.59421189454699996,-0.487975475682,-0.61055134766899999,0.10290475523500001,-0.51093057202299996,-0.34888549929599999,1.0677036328459999,0.804015412283,-0.249781977539
117,0,0.034403875566193225,0.50677756348654002,true,flipguard_tabular_validation_v2,sha256:53349d9c7215b3e89d24b955f699e8e5839bab24d1e1d7260ca08777474f8aa4,sha256:edb34de653b4d4b756b3e497b1edc448b941926d02b32f3d93817db66bde9b78,model_input,identity_model_input_v1,-0.168445281626,-0.73870402344700004,-0.40385852661799998,-0.27339552733099998,-0.39750401667099999,-0.394518483393,-0.74795462333499996,0.37110183019600002,-0.487975475682,0.19599576065499999,-0.67373312424499998,-0.51093057202299996,-0.34888549929599999,0.56335341309800002,-1.2104308629760001,-0.249781977539
118,1,0.028651537615229931,0.50564435291020027,true,flipguard_tabular_validation_v2,sha256:53349d9c7215b3e89d24b955f699e8e5839bab24d1e1d7260ca08777474f8aa4,sha256:edb34de653b4d4b756b3e497b1edc448b941926d02b32f3d93817db66bde9b78,model_input,identity_model_input_v1,-0.168445281626,0.37408663343699999,1.6112475765130001,-0.381671547931,-0.39750401667099999,0.53331231437600002,-0.33431296191299997,-0.59421189454699996,-0.487975475682,-0.129636647376,-0.169201947065,-0.51093057202299996,-0.34888549929599999,0.90387012197200001,0.40815074286199998,-0.249781977539
121,1,0.089976908869783032,0.51772545104734724,true,flipguard_tabular_validation_v2,sha256:53349d9c7215b3e89d24b955f699e8e5839bab24d1e1d7260ca08777474f8aa4,sha256:edb34de653b4d4b756b3e497b1edc448b941926d02b32f3d93817db66bde9b78,model_input,identity_model_input_v1,1.4355620158119999,2.9144763363449999,-0.054078204570000003,-0.381671547931,1.737278450159,-1.6926617203309999,-0.43120643075999998,-0.59421189454699996,-0.487975475682,0.15748910058000001,1.1464528548520001,0.087191282706999995,-0.34888549929599999,0.093054864239000001,0.74620892636000002,0.31280361985299998
123,0,-0.11162834723928039,0.47800921559386178,false,flipguard_tabular_validation_v2,sha256:53349d9c7215b3e89d24b955f699e8e5839bab24d1e1d7260ca08777474f8aa4,sha256:edb34de653b4d4b756b3e497b1edc448b941926d02b32f3d93817db66bde9b78,model_input,identity_model_input_v1,-0.168445281626,-0.19151618271000001,-0.59654724385299995,-0.381671547931,-0.39750401667099999,-0.34259275391600003,0.299675268258,-0.59421189454699996,-0.487975475682,-1.042495621561,-0.64113700886500002,-0.51093057202299996,-0.34888549929599999,0.76316604792800002,-1.1811617561800001,-0.249781977539
124,1,0.18811602480351874,0.53705885688629318,true,flipguard_tabular_validation_v2,sha256:53349d9c7215b3e89d24b955f699e8e5839bab24d1e1d7260ca08777474f8aa4,sha256:edb34de653b4d4b756b3e497b1edc448b941926d02b32f3d93817db66bde9b78,model_input,identity_model_input_v1,-0.168445281626,-0.73870402344700004,1.673929448385,-0.26769678940500002,-0.39750401667099999,0.110618656875,-0.25512591376900001,1.4581013866570001,0.28636343471199999,0.39815572605299998,-0.071886008395000006,0.81658563105699999,-0.23359421067,1.513587776164,0.277903217619,-0.249781977539
126,1,0.1924580040314863,0.53791422679420275,true,flipguard_tabular_validation_v2,sha256:53349d9c7215b3e89d24b955f699e8e5839bab24d1e1d7260ca08777474f8aa4,sha256:edb34de653b4d4b756b3e497b1edc448b941926d02b32f3d93817db66bde9b78,model_input,identity_model_input_v1,-0.168445281626,-0.73870402344700004,1.09818484749,0.68399244429200001,-0.39750401667099999,-0.44826616829100002,-1.7050850313349999,-0.59421189454699996,-0.487975475682,1.0025428689789999,0.41941775964599998,-0.51093057202299996,-0.34888549929599999,-0.98696133881299997,-0.81749310423499999,-0.249781977539
127,1,0.044640324224016301,0.50879414387213118,true,flipguard_tabular_validation_v2,sha256:53349d9c7215b3e89d24b955f699e8e5839bab24d1e1d7260ca08777474f8aa4,sha256:edb34de653b4d4b756b3e497b1edc448b941926d02b32f3d93817db66bde9b78,model_input,identity_model_input_v1,-0.168445281626,-0.73870402344700004,-0.64297826005500003,-0.381671547931,-0.39750401667099999,-0.80354747524199999,-1.266359273917,-0.59421189454699996,-0.487975475682,-0.60552873983300004,-0.129047312177,-0.32511528175900001,-0.34888549929599999,-1.3814467336209999,-0.55114423238800003,-0.249781977539
129,0,-0.18154279334869317,0.46423606971030745,false,flipguard_tabular_validation_v2,sha256:53349d9c7215b3e89d24b955f699e8e5839bab24d1e1d7260ca08777474f8aa4,sha256:edb34de653b4d4b756b3e497b1edc448b941926d02b32f3d93817db66bde9b78,model_input,identity_model_input_v1,-0.168445281626,-0.736073312674,-0.71649403570600001,-0.381671547931,-0.39750401667099999,-0.23737482839599999,1.946864238654,-0.59421189454699996,-0.487975475682,-0.24390097564400001,-0.76726980316000004,-0.51093057202299996,1.02336203362,0.90387012197200001,-1.2104308629760001,-0.249781977539
130,0,-0.0547492278272688,0.48921440211802802,false,flipguard_tabular_validation_v2,sha256:53349d9c7215b3e89d24b955f699e8e5839bab24d1e1d7260ca08777474f8aa4,sha256:edb34de653b4d4b756b3e497b1edc448b941926d02b32f3d93817db66bde9b78,model_input,identity_model_input_v1,-0.168445281626,-0.73870402344700004,-1.1661010425880001,-0.381671547931,0.532262559962,0.82710262589299999,0.34197393993699998,0.62173831940500002,0.079873058607000003,0.357556312712,0.86111874341299999,-0.51093057202299996,-0.34888549929599999,-1.3814467336209999,1.9703893181180001,-0.249781977539
132,0,0.0020072521483163667,0.50039542867321829,true,flipguard_tabular_validation_v2,sha256:53349d9c7215b3e89d24b955f699e8e5839bab24d1e1d7260ca08777474f8aa4,sha256:edb34de653b4d4b756b3e497b1edc448b941926d02b32f3d93817db66bde9b78,model_input,identity_model_input_v1,-0.168445281626,-0.73870402344700004,-0.350462857987,-0.381671547931,-0.39750401667099999,-0.27244747023600002,-0.48580122792699998,-0.59421189454699996,-0.487975475682,-0.13926331239500001,-0.30383807580700001,-0.51093057202299996,-0.34888549929599999,-1.119313116224,0.58522883898,-0.249781977539
134,1,0.10416389525698747,0.5205202873656265,true,flipguard_tabular_validation_v2,sha256:53349d9c7215b3e89d24b955f699e8e5839bab24d1e1d7260ca08777474f8aa4,sha256:edb34de653b4d4b756b3e497b1edc448b941926d02b32f3d93817db66bde9b78,model_input,identity_model_input_v1,-0.168445281626,0.082954641250000002,1.851141160219,-0.381671547931,-0.39750401667099999,0.64581806157699995,-2.056262375277,-0.59421189454699996,-0.487975475682,1.859316055663,0.56491926018100003,2.5601062153249998,-0.34888549929599999,-0.75887939230300006,0.67962170839900005,0.43737614498900002
141,0,-0.045059130959918425,0.49112335120089606,false,flipguard_tabular_validation_v2,sha256:53349d9c7215b3e89d24b955f699e8e5839bab24d1e1d7260ca08777474f8aa4,sha256:edb34de653b4d4b756b3e497b1edc448b941926d02b32f3d93817db66bde9b78,model_input,identity_model_input_v1,-0.168445281626,-0.73870402344700004,0.68572265356899997,-0.381671547931,-0.39750401667099999,-1.327815147423,0.37738678134300002,-0.59421189454699996,-0.487975475682,0.241617781832,-1.396044144759,-0.51093057202299996,-0.34888549929599999,0.60254495883699999,-1.1818934838499999,0.12795406642400001
144,0,-0.10868201849821758,0.47858964235585111,false,flipguard_tabular_validation_v2,sha256:53349d9c7215b3e89d24b955f699e8e5839bab24d1e1d7260ca08777474f8aa4,sha256:edb34de653b4d4b756b3e497b1edc448b941926d02b32f3d93817db66bde9b78,model_input,identity_model_input_v1,-0.168445281626,-0.73870402344700004,0.57738361576700004,-0.381671547931,-0.39750401667099999,-1.58197792855,0.99711150594700004,-0.59421189454699996,-0.487975475682,0.28054299256100002,-1.094175771895,-0.51093057202299996,-0.34888549929599999,0.25688837511200002,-1.117501448898,-0.249781977539
145,0,-0.088169431041948673,0.48263062208473612,false,flipguard_tabular_validation_v2,sha256:53349d9c7215b3e89d24b955f699e8e5839bab24d1e1d7260ca08777474f8aa4,sha256:edb34de653b4d4b756b3e497b1edc448b941926d02b32f3d93817db66bde9b78,model_input,identity_model_input_v1,-0.168445281626,-0.73870402344700004,-0.70798168273600004,-0.381671547931,-0.39750401667099999,-1.786492424475,-1.213240011808,-0.59421189454699996,-0.487975475682,-1.4723471421879999,-1.4163576659370001,-0.51093057202299996,-0.34888549929599999,-1.30563357957,-0.51382612122299998,-0.249781977539
146,1,0.32843576094077875,0.56470184490533337,true,flipguard_tabular_validation_v2,sha256:53349d9c7215b3e89d24b955f699e8e5839bab24d1e1d7260ca08777474f8aa4,sha256:edb34de653b4d4b756b3e497b1edc448b941926d02b32f3d93817db66bde9b78,model_input,identity_model_input_v1,-0.168445281626,-0.51509360776099999,1.266884206354,-0.381671547931,-0.39750401667099999,-1.540528442739,0.67544486317600005,-0.59421189454699996,1.7354833955939999,1.8295989592999999,0.99386524227799999,1.274190450364,-0.146422748538,-1.030650275045,-1.2104308629760001,-0.249781977539
150,0,-0.19523897865196507,0.46153792120556286,false,flipguard_tabular_validation_v2,sha256:53349d9c7215b3e89d24b955f699e8e5839bab24d1e1d7260ca08777474f8aa4,sha256:edb34de653b4d4b756b3e497b1edc448b941926d02b32f3d93817db66bde9b78,model_input,identity_model_input_v1,-0.168445281626,-0.73870402344700004,-1.1661010425880001,-0.381671547931,-0.39750401667099999,-0.62454035520200002,1.696515123715,0.402885442958,0.108142574384,-0.477033689363,-0.202270469914,-0.51093057202299996,3.1942126389709999,-0.055359022081999998,-1.1716492964709999,-0.249781977539
152,0,-0.13922921905905777,0.4725718438453656,false,flipguard_tabular_validation_v2,sha256:53349d9c7215b3e89d24b955f699e8e5839bab24d1e1d7260ca08777474f8aa4,sha256:edb34de653b4d4b756b3e497b1edc448b941926d02b32f3d93817db66bde9b78,model_input,identity_model_input_v1,-0.168445281626,-0.73870402344700004,-1.1661010425880001,-0.381671547931,-0.39750401667099999,-0.51613400769600004,0.106380175583,-0.59421189454699996,-0.487975475682,-0.58794961240700006,-1.499973787998,-0.51093057202299996,-0.34888549929599999,0.150878456312,-1.2104308629760001,-0.249781977539
153,1,0.049508326449502052,0.50975314031055186,true,flipguard_tabular_validation_v2,sha256:53349d9c7215b3e89d24b955f699e8e5839bab24d1e1d7260ca08777474f8aa4,sha256:edb34de653b4d4b756b3e497b1edc448b941926d02b32f3d93817db66bde9b78,model_input,identity_model_input_v1,-0.168445281626,-0.58436899144400001,-1.1661010425880001,2.3451745498159999,-0.39750401667099999,0.34883932807399998,-0.78582668983899995,0.82606154430400003,-0.487975475682,-0.027510288045000001,-0.043541560239,-0.51093057202299996,-0.34888549929599999,-0.12153491078799999,-1.0757929717129999,-0.249781977539
155,1,0.061011927415419276,0.51201934970083762,true,flipguard_tabular_validation_v2,sha256:53349d9c7215b3e89d24b955f699e8e5839bab24d1e1d7260ca08777474f8aa4,sha256:edb34de653b4d4b756b3e497b1edc448b941926d02b32f3d93817db66bde9b78,model_input,identity_model_input_v1,-0.168445281626,-0.73870402344700004,0.498450888225,-0.381671547931,-0.39750401667099999,-1.0832176322530001,-0.54433078525099998,-0.59421189454699996,-0.487975475682,0.120238092463,0.18179680260299999,-0.51093057202299996,-0.34888549929599999,-0.53979222678200001,-0.85554294307000001,-0.249781977539
156,1,0.0059889026515445587,0.50117981382235433,true,flipguard_tabular_validation_v2,sha256:53349d9c7215b3e89d24b955f699e8e5839bab24d1e1d7260ca08777474f8aa4,sha256:edb34de653b4d4b756b3e497b1edc448b941926d02b32f3d93817db66bde9b78,model_input,identity_model_input_v1,-0.168445281626,-0.674690061309,-0.47040964984,0.43039860657000001,-0.23587505928800001,1.006109745934,-0.58023547167599998,3.6429977382379999,1.25735984616,0.75852783828199999,0.93292467874200002,-0.34452881954800002,2.3899856012380001,0.95462638612499995,0.44254194334800001,-0.249781977539
159,1,0.1543151212245967,0.53040007888124552,true,flipguard_tabular_validation_v2,sha256:53349d9c7215b3e89d24b955f699e8e5839bab24d1e1d7260ca08777474f8aa4,sha256:edb34de653b4d4b756b3e497b1edc448b941926d02b32f3d93817db66bde9b78,model_input,identity_model_input_v1,-0.168445281626,0.24956632352499999,0.153313667796,-0.381671547931,-0.39750401667099999,0.441303565653,-0.218237537304,-0.45163968872900001,-0.487975475682,1.2549289127359999,1.0127615410490001,0.70657558358700001,-0.34888549929599999,-1.2876440175920001,0.45132267538699999,-0.249781977539
161,0,-0.037057755351831173,0.49269962219568925,false,flipguard_tabular_validation_v2,sha256:53349d9c7215b3e89d24b955f699e8e5839bab24d1e1d7260ca08777474f8aa4,sha256:edb34de653b4d4b756b3e497b1edc448b941926d02b32f3d93817db66bde9b78,model_input,identity_model_input_v1,-0.168445281626,-0.64925985717199997,1.6127952770530001,-0.381671547931,-0.39750401667099999,-0.27381393680100002,2.358538519998,-0.51520691425300003,0.01964669891,-0.38620819766300002,0.32399145085300002,-0.51093057202299996,1.473279257527,1.813627970587,0.42790738994999999,-0.249781977539
162,1,0.1430055926672929,0.5281721017554567,true,flipguard_tabular_validation_v2,sha256:53349d9c7215b3e89d24b955f699e8e5839bab24d1e1d7260ca08777474f8aa4,sha256:edb34de653b4d4b756b3e497b1edc448b941926d02b32f3d93817db66bde9b78,model_input,identity_model_input_v1,-0.168445281626,1.8876222313719999,-0.46886194930000002,2.8609103321489999,-0.39750401667099999,1.100395938933,-0.66827573017200004,2.1500760416459999,-0.487975475682,0.77903682027900001,0.33154997036099998,-0.51093057202299996,-0.34888549929599999,-0.14337937890399999,2.098441660352,-0.249781977539
166,0,-0.076849002857558232,0.48486074643706101,false,flipguard_tabular_validation_v2,sha256:53349d9c7215b3e89d24b955f699e8e5839bab24d1e1d7260ca08777474f8aa4,sha256:edb34de653b4d4b756b3e497b1edc448b941926d02b32f3d93817db66bde9b78,model_input,identity_model_input_v1,-0.168445281626,-0.73870402344700004,-0.043244300788999997,-0.381671547931,-0.39750401667099999,-1.6926617203309999,-0.89550812919300005,-0.59421189454699996,-0.487975475682,-0.98431708079500002,-1.384233958027,-0.51093057202299996,-0.34888549929599999,-0.73574995547300004,-0.721636779477,-0.249781977539
167,1,0.16889418016607763,0.53327215349271728,true,flipguard_tabular_validation_v2,sha256:53349d9c7215b3e89d24b955f699e8e5839bab24d1e1d7260ca08777474f8aa4,sha256:edb34de653b4d4b756b3e497b1edc448b941926d02b32f3d93817db66bde9b78,model_input,identity_model_input_v1,-0.168445281626,-0.61155300276299995,1.807805545098,-0.381671547931,-0.39750401667099999,0.35567166090000002,-1.7862394595569999,-0.59421189454699996,-0.487975475682,0.76313189546500004,0.19549661921200001,-0.51093057202299996,-0.34888549929599999,-0.92592532495799995,-0.19332940180300001,-0.249781977539
171,0,-0.10666555770202958,0.47898688513270016,false,flipguard_tabular_validation_v2,sha256:53349d9c7215b3e89d24b955f699e8e5839bab24d1e1d7260ca08777474f8aa4,sha256:edb34de653b4d4b756b3e497b1edc448b941926d02b32f3d93817db66bde9b78,model_input,identity_model_input_v1,-0.168445281626,-0.73870402344700004,0.73447522058100001,-0.381671547931,-0.39750401667099999,-1.4271117178279999,1.631099736118,-0.59421189454699996,-0.487975475682,0.60031569144999997,-0.53862458803400004,-0.51093057202299996,-0.34888549929599999,0.47854547805800002,-1.2104308629760001,-0.249781977539
173,1,0.13553094831087159,0.52669959681724166,true,flipguard_tabular_validation_v2,sha256:53349d9c7215b3e89d24b955f699e8e5839bab24d1e1d7260ca08777474f8aa4,sha256:edb34de653b4d4b756b3e497b1edc448b941926d02b32f3d93817db66bde9b78,model_input,identity_model_input_v1,-0.168445281626,-0.73870402344700004,-0.72732793948700003,0.25373773085399998,-0.39750401667099999,-0.89373426854500004,0.688724678704,-0.181933031863,1.508098160002,0.750156825222,0.227620327122,0.96634720828499998,-0.34888549929599999,-0.54236216420700001,-0.97993664695500005,-0.249781977539
175,1,0.029570046742127362,0.50582529920819908,true,flipguard_tabular_validation_v2,sha256:53349d9c7215b3e89d24b955f699e8e5839bab24d1e1d7260ca08777474f8aa4,sha256:edb34de653b4d4b756b3e497b1edc448b941926d02b32f3d93817db66bde9b78,model_input,identity_model_input_v1,-0.168445281626,-0.19414689348200001,-1.1413378339469999,0.55007210302300003,-0.335092835107,0.52602449269499996,-0.480882777732,0.033287431696999999,0.33306959121200003,0.099310559812999993,1.0094546887639999,-0.103246278459,-0.34888549929599999,-0.99531363544499996,0.82011342102100004,-0.249781977539
176,1,0.16560488252735375,0.53262416185788863,true,flipguard_tabular_validation_v2,sha256:53349d9c7215b3e89d24b955f699e8e5839bab24d1e1d7260ca08777474f8aa4,sha256:edb34de653b4d4b756b3e497b1edc448b941926d02b32f3d93817db66bde9b78,model_input,identity_model_input_v1,-0.168445281626,0.49246861821100002,0.37773024610200001,-0.381671547931,-0.39750401667099999,0.24453238026400001,-1.0125672438410001,1.245605232762,-0.487975475682,0.0080665174600000004,-1.171178189386,0.550342827097,-0.34888549929599999,0.19263993947499999,1.406227284618,-0.249781977539
177,0,-0.036075826564635309,0.49289306216676687,false,flipguard_tabular_validation_v2,sha256:53349d9c7215b3e89d24b955f699e8e5839bab24d1e1d7260ca08777474f8aa4,sha256:edb34de653b4d4b756b3e497b1edc448b941926d02b32f3d93817db66bde9b78,model_input,identity_model_input_v1,-0.168445281626,-0.61242990635299999,-0.82870232485899997,-0.381671547931,-0.39750401667099999,0.246354335684,-0.50940978886400001,-0.59421189454699996,-0.487975475682,-0.63692003880799997,-0.071886008395000006,-0.51093057202299996,-0.34888549929599999,-0.56099421054200005,0.35327116761900001,-0.249781977539
179,0,-0.092160775303671116,0.48184432726517679,false,flipguard_tabular_validation_v2,sha256:53349d9c7215b3e89d24b955f699e8e5839bab24d1e1d7260ca08777474f8aa4,sha256:edb34de653b4d4b756b3e497b1edc448b941926d02b32f3d93817db66bde9b78,model_input,identity_model_input_v1,-0.168445281626,0.48106887152900002,0.219090940747,-0.381671547931,-0.39750401667099999,-0.83087680654600005,-0.15774059990299999,-0.59421189454699996,-0.487975475682,-1.096488655798,-0.51453180710099999,-0.51093057202299996,-0.34888549929599999,0.24211123491600001,-0.27747808384200001,-0.249781977539
180,0,-0.037301711635502603,0.49265156280780598,false,flipguard_tabular_validation_v2,sha256:53349d9c7215b3e89d24b955f699e8e5839bab24d1e1d7260ca08777474f8aa4,sha256:edb34de653b4d4b756b3e497b1edc448b941926d02b32f3d93817db66bde9b78,model_input,identity_model_input_v1,-0.168445281626,-0.62119894226299999,-0.044792001328999999,-0.381671547931,-0.39750401667099999,-1.298663860699,-0.85665237265100003,-0.59421189454699996,-0.487975475682,-0.88093506950400002,-0.81876221731099996,-0.51093057202299996,-0.34888549929599999,-1.1540072714680001,-0.15088919694799999,-0.249781977539
181,1,0.26323461842846835,0.55185721983040825,true,flipguard_tabular_validation_v2,sha256:53349d9c7215b3e89d24b955f699e8e5839bab24d1e1d7260ca08777474f8aa4,sha256:edb34de653b4d4b756b3e497b1edc448b941926d02b32f3d93817db66bde9b78,model_input,identity_model_input_v1,-0.168445281626,-0.32743623930299998,1.933943139111,-0.099584020578000004,0.22820808567600001,1.4014740721309999,0.92579397811599995,2.8683856900669999,4.6779712550930004,0.23617662334299999,0.72601020720200005,0.94323585377399999,0.62687248005200003,1.787286111976,-0.20723222753100001,-0.249781977539
184,0,-0.063648332382561776,0.48746127852063531,false,flipguard_tabular_validation_v2,sha256:53349d9c7215b3e89d24b955f699e8e5839bab24d1e1d7260ca08777474f8aa4,sha256:edb34de653b4d4b756b3e497b1edc448b941926d02b32f3d93817db66bde9b78,model_input,identity_model_input_v1,-0.168445281626,0.030340425793999998,-0.25992237639499999,-0.381671547931,-0.39750401667099999,0.157989497802,-0.65794698476199998,-0.59421189454699996,-0.487975475682,-1.3589199152260001,-0.56224496149699998,-0.51093057202299996,-0.34888549929599999,-0.088768208612999999,-0.59797480326200003,-0.249781977539
185,0,-0.041308422685682827,0.4918622407309205,false,flipguard_tabular_validation_v2,sha256:53349d9c7215b3e89d24b955f699e8e5839bab24d1e1d7260ca08777474f8aa4,sha256:edb34de653b4d4b756b3e497b1edc448b941926d02b32f3d93817db66bde9b78,model_input,identity_model_input_v1,-0.168445281626,-0.73870402344700004,-0.26456547801500002,0.13121486543800001,-0.39750401667099999,0.64490708386700002,1.4815788501810001,0.28846443701500002,-0.487975475682,0.45131165898300002,0.61452204445400005,-0.51093057202299996,-0.34888549929599999,1.3157025944030001,-1.2082356799659999,-0.249781977539
189,0,-0.097823493454313834,0.48072877178950019,false,flipguard_tabular_validation_v2,sha256:53349d9c7215b3e89d24b955f699e8e5839bab24d1e1d7260ca08777474f8aa4,sha256:edb34de653b4d4b756b3e497b1edc448b941926d02b32f3d93817db66bde9b78,model_input,identity_model_input_v1,-0.168445281626,0.68714121539700002,-1.1661010425880001,-0.381671547931,-0.39750401667099999,-0.063833574614999999,-0.16315089511700001,-0.59421189454699996,-0.487975475682,-1.6539981255889999,-0.141329906378,-0.51093057202299996,-0.34888549929599999,0.222194219868,-0.51821648724199998,-0.249781977539
190,1,0.037226745093524027,0.50733366878342423,true,flipguard_tabular_validation_v2,sha256:53349d9c7215b3e89d24b955f699e8e5839bab24d1e1d7260ca08777474f8aa4,sha256:edb34de653b4d4b756b3e497b1edc448b941926d02b32f3d93817db66bde9b78,model_input,identity_model_input_v1,-0.168445281626,-0.73870402344700004,1.393795650638,0.80366594074499997,-0.39750401667099999,-0.081597639962999999,1.7919330575029999,0.099578966887000006,1.0815972045940001,1.0238889522820001,0.29234015041200001,-0.51093057202299996,0.63812041065000003,0.82355957742700003,-0.72529541782700002,-0.249781977539
194,0,0.034487330577871449,0.50679400412384068,true,flipguard_tabular_validation_v2,sha256:53349d9c7215b3e89d24b955f699e8e5839bab24d1e1d7260ca08777474f8aa4,sha256:edb34de653b4d4b756b3e497b1edc448b941926d02b32f3d93817db66bde9b78,model_input,identity_model_input_v1,-0.168445281626,-0.73870402344700004,-1.1661010425880001,-0.381671547931,0.94353624360099997,-0.12942396974500001,-0.94616816620499999,1.3118967679510001,0.950082500765,-0.57664874477600003,-1.3861235879039999,0.78053191802099997,-0.34888549929599999,-1.3814467336209999,0.20838908897700001,-0.249781977539
195,0,-0.095354270527771318,0.48121520870602907,false,flipguard_tabular_validation_v2,sha256:53349d9c7215b3e89d24b955f699e8e5839bab24d1e1d7260ca08777474f8aa4,sha256:edb34de653b4d4b756b3e497b1edc448b941926d02b32f3d93817db66bde9b78,model_input,identity_model_input_v1,-0.168445281626,-0.73870402344700004,-0.64065670924499996,-0.381671547931,-0.39750401667099999,-1.454896537987,-0.26447096914000001,-0.59421189454699996,-0.487975475682,-0.57037048498099996,-1.510839159791,-0.51093057202299996,-0.34888549929599999,-0.59633085014200005,-0.371870953261,-0.249781977539
197,1,-0.0069960524784818965,0.49862177766173904,false,flipguard_tabular_validation_v2,sha256:53349d9c7215b3e89d24b955f699e8e5839bab24d1e1d7260ca08777474f8aa4,sha256:edb34de653b4d4b756b3e497b1edc448b941926d02b32f3d93817db66bde9b78,model_input,identity_model_input_v1,-0.12641888955399999,-0.38969639425899999,-0.911504303751,-0.381671547931,1.6060549402040001,0.060970371672999998,0.035062647751999999,-0.59421189454699996,-0.102035129866,-0.13758910978300001,1.222982864874,0.050213115491,-0.34888549929599999,-1.3814467336209999,1.450130944813,-0.249781977539
198,1,0.23553433570487053,0.54640026413385945,true,flipguard_tabular_validation_v2,sha256:53349d9c7215b3e89d24b955f699e8e5839bab24d1e1d7260ca08777474f8aa4,sha256:edb34de653b4d4b756b3e497b1edc448b941926d02b32f3d93817db66bde9b78,model_input,identity_model_input_v1,-0.168445281626,-0.73870402344700004,1.316410623636,1.55589934702,-0.39750401667099999,-1.0358467913260001,0.118676301072,-0.59421189454699996,-0.487975475682,2.2962829373910001,1.5300477198989999,-0.51093057202299996,-0.34888549929599999,0.080205177111000003,-0.91115424598299999,-0.249781977539
199,1,0.35393426587735133,0.56972505037783816,true,flipguard_tabular_validation_v2,sha256:53349d9c7215b3e89d24b955f699e8e5839bab24d1e1d7260ca08777474f8aa4,sha256:edb34de653b4d4b756b3e497b1edc448b941926d02b32f3d93817db66bde9b78,model_input,identity_model_input_v1,-0.168445281626,-0.73870402344700004,-0.52690071955200002,1.117096526693,-0.10785212274600001,0.38436745876900003,0.13441534169700001,2.7149162455879998,5.5100783064219998,0.825495942762,0.26021644250199999,1.007023192223,-0.34888549929599999,-1.211830863541,-1.2104308629760001,-0.249781977539
200,0,0.071222716378334605,0.51403087512653189,true,flipguard_tabular_validation_v2,sha256:53349d9c7215b3e89d24b955f699e8e5839bab24d1e1d7260ca08777474f8aa4,sha256:edb34de653b4d4b756b3e497b1edc448b941926d02b32f3d93817db66bde9b78,model_input,identity_model_input_v1,0.034682280058000003,1.402694545591,-1.125860828547,-0.381671547931,0.063378554877999996,-0.052901842094,1.8184926885570001,-0.32632144412399999,-0.487975475682,0.72127683016599997,-0.087003047412000004,-0.51093057202299996,-0.34888549929599999,0.38217282460300001,1.165488881218,-0.249781977539
201,0,-0.11470251904270387,0.47740360374858731,false,flipguard_tabular_validation_v2,sha256:53349d9c7215b3e89d24b955f699e8e5839bab24d1e1d7260ca08777474f8aa4,sha256:edb34de653b4d4b756b3e497b1edc448b941926d02b32f3d93817db66bde9b78,model_input,identity_model_input_v1,-0.168445281626,-0.73870402344700004,-1.1661010425880001,-0.381671547931,-0.27908280036999999,0.62031068569299996,1.8116068582839999,-0.234603018725,-0.157345052037,0.31611979806500001,0.84647411186599997,-0.51093057202299996,-0.34888549929599999,1.029154571464,-0.47138591636799998,-0.249781977539
202,0,-0.12831736875284763,0.47472147835568901,false,flipguard_tabular_validation_v2,sha256:53349d9c7215b3e89d24b955f699e8e5839bab24d1e1d7260ca08777474f8aa4,sha256:edb34de653b4d4b756b3e497b1edc448b941926d02b32f3d93817db66bde9b78,model_input,identity_model_input_v1,-0.168445281626,-0.651890567945,0.93954554213599994,0.74952793044499999,-0.39750401667099999,-0.46010887852299998,1.560274053306,0.039644154250000001,1.0594732357250001,-0.48373049981100003,-0.29061066666699997,-0.51093057202299996,3.1998366042700002,0.30057731134499999,-1.1065255338490001,-0.249781977539
203,1,0.069254096373789126,0.5136430569856365,true,flipguard_tabular_validation_v2,sha256:53349d9c7215b3e89d24b955f699e8e5839bab24d1e1d7260ca08777474f8aa4,sha256:edb34de653b4d4b756b3e497b1edc448b941926d02b32f3d93817db66bde9b78,model_input,identity_model_input_v1,-0.168445281626,-0.13013293134500001,-1.1661010425880001,-0.381671547931,0.58987288140500005,0.56701848965099999,-0.25217484365199999,0.064162941237000004,0.325694934923,0.33035052026700001,1.4284801140059999,0.99685419623899996,-0.34888549929599999,-0.459481682236,0.38985755111499998,-0.249781977539
204,0,-0.70285192165470467,0.36153817143402317,false,flipguard_tabular_validation_v2,sha256:53349d9c7215b3e89d24b955f699e8e5839bab24d1e1d7260ca08777474f8aa4,sha256:edb34de653b4d4b756b3e497b1edc448b941926d02b32f3d93817db66bde9b78,model_input,identity_model_input_v1,7.8936175976380003,3.0854725365750002,0.61530227899800005,-0.287642372147,2.3965965733479999,2.4349782842760002,0.34197393993699998,-0.19646268341100001,-0.48060081939299998,-0.92823129329300003,-0.28069010981199999,3.0916673690650001,-0.30951774220400002,1.10047033502,2.4723544996750002,5.8100686000810002
206,0,-0.07050598423734851,0.48611032110524233,false,flipguard_tabular_validation_v2,sha256:53349d9c7215b3e89d24b955f699e8e5839bab24d1e1d7260ca08777474f8aa4,sha256:edb34de653b4d4b756b3e497b1edc448b941926d02b32f3d93817db66bde9b78,model_input,identity_model_input_v1,-0.168445281626,-0.73870402344700004,-0.045565851599,1.119945895656,-0.39750401667099999,-1.402970808509,1.5450268576999999,-0.14470079977,-0.44126931918200002,0.390621814299,-1.7805838247450001,-0.51093057202299996,5.3566272963739996,0.050650896718000001,-1.2104308629760001,-0.249781977539
207,1,0.35150404314003592,0.56924629649858705,true,flipguard_tabular_validation_v2,sha256:53349d9c7215b3e89d24b955f699e8e5839bab24d1e1d7260ca08777474f8aa4,sha256:edb34de653b4d4b756b3e497b1edc448b941926d02b32f3d93817db66bde9b78,model_input,identity_model_input_v1,-0.168445281626,-0.57296924476199995,2.5011753870360001,-0.210709410141,-0.39750401667099999,0.641263173026,-1.820668610924,-0.59421189454699996,-0.487975475682,2.452402330959,2.5296619248750001,1.140144594203,-0.34888549929599999,-0.74345976775,-0.68431866831199994,-0.249781977539
213,0,-0.099580815176630241,0.48038257941020385,false,flipguard_tabular_validation_v2,sha256:53349d9c7215b3e89d24b955f699e8e5839bab24d1e1d7260ca08777474f8aa4,sha256:edb34de653b4d4b756b3e497b1edc448b941926d02b32f3d93817db66bde9b78,model_input,identity_model_input_v1,-0.168445281626,-0.73870402344700004,-1.1661010425880001,-0.381671547931,-0.39750401667099999,-0.56714875946300003,-0.48383384784900002,-0.59421189454699996,-0.487975475682,-1.6803668167279999,-0.77010424797599997,-0.51093057202299996,-0.34888549929599999,-1.3069185482829999,0.78718567587499999,-0.249781977539
218,0,0.067848414480824057,0.51336613765272232,true,flipguard_tabular_validation_v2,sha256:53349d9c7215b3e89d24b955f699e8e5839bab24d1e1d7260ca08777474f8aa4,sha256:edb34de653b4d4b756b3e497b1edc448b941926d02b32f3d93817db66bde9b78,model_input,identity_model_input_v1,-0.168445281626,0.94056635317399995,0.97978575617700003,0.079926224101000004,-0.39590372996500001,-0.026938977355000001,1.2071293292850001,-0.140160283661,-0.47814260063000003,0.28472849908999998,0.26871977694900001,-0.51093057202299996,1.656058129739,1.9607568881940001,1.1830503452959999,-0.249781977539
223,0,-0.13456716197616606,0.4734902690906953,false,flipguard_tabular_validation_v2,sha256:53349d9c7215b3e89d24b955f699e8e5839bab24d1e1d7260ca08777474f8aa4,sha256:edb34de653b4d4b756b3e497b1edc448b941926d02b32f3d93817db66bde9b78,model_input,identity_model_input_v1,-0.168445281626,-0.73870402344700004,0.014794469462,3.2142320835809999,-0.39750401667099999,-1.769639336837,0.45411460438899998,-0.53790949479700001,-0.26673578699799999,0.315282696759,-1.568000463573,-0.51093057202299996,-0.24203015861800001,1.036221899384,-1.0421334988969999,-0.249781977539
225,0,0.021802029608289822,0.5042949998328331,true,flipguard_tabular_validation_v2,sha256:53349d9c7215b3e89d24b955f699e8e5839bab24d1e1d7260ca08777474f8aa4,sha256:edb34de653b4d4b756b3e497b1edc448b941926d02b32f3d93817db66bde9b78,model_input,identity_model_input_v1,-0.168445281626,-0.67732077208200003,-0.0099687391779999992,-0.381671547931,0.58827259469899995,0.77016651900999999,1.772751101741,0.54364144233300005,1.1491982205810001,0.69993074686300005,1.030240617412,-0.51093057202299996,-0.34888549929599999,0.38731269945399999,1.404032101608,-0.249781977539
228,1,0.059775330115122316,0.51177574003267912,true,flipguard_tabular_validation_v2,sha256:53349d9c7215b3e89d24b955f699e8e5839bab24d1e1d7260ca08777474f8aa4,sha256:edb34de653b4d4b756b3e497b1edc448b941926d02b32f3d93817db66bde9b78,model_input,identity_model_input_v1,-0.168445281626,-0.484401982078,-0.45957574606000001,-0.381671547931,1.1835792496169999,-0.47286256646500002,-0.70663964169500004,-0.59421189454699996,1.4675375504099999,-0.35481689868799998,0.62680463865500002,-0.43050305832699998,-0.34888549929599999,-1.3814467336209999,0.54937418315499997,-0.249781977539
230,0,-0.16218635156434352,0.46804928874182433,false,flipguard_tabular_validation_v2,sha256:53349d9c7215b3e89d24b955f699e8e5839bab24d1e1d7260ca08777474f8aa4,sha256:edb34de653b4d4b756b3e497b1edc448b941926d02b32f3d93817db66bde9b78,model_input,identity_model_input_v1,-0.168445281626,-0.73870402344700004,-1.1661010425880001,-0.381671547931,2.777464809559,1.3504593203640001,1.5784723190279999,-0.34720781822500002,-0.487975475682,-1.506249745081,1.411473445113,-0.51093057202299996,-0.34888549929599999,0.76123859485900003,1.4450088511229999,-0.249781977539
233,0,-0.20106301207837124,0.46039058662056087,false,flipguard_tabular_validation_v2,sha256:53349d9c7215b3e89d24b955f699e8e5839bab24d1e1d7260ca08777474f8aa4,sha256:edb34de653b4d4b756b3e497b1edc448b941926d02b32f3d93817db66bde9b78,model_input,identity_model_input_v1,-0.168445281626,-0.73870402344700004,-1.1661010425880001,-0.381671547931,0.53546313337499996,1.0266067444119999,1.5917521345550001,0.047817083246000001,-0.487975475682,-1.2530266000179999,-0.060548229133000002,-0.51093057202299996,-0.34888549929599999,1.503308026462,-1.116037993558,-0.249781977539
234,0,-0.049916705781918334,0.49016640896096209,false,flipguard_tabular_validation_v2,sha256:53349d9c7215b3e89d24b955f699e8e5839bab24d1e1d7260ca08777474f8aa4,sha256:edb34de653b4d4b756b3e497b1edc448b941926d02b32f3d93817db66bde9b78,model_input,identity_model_input_v1,-0.168445281626,0.089969869977000003,-0.748995747047,-0.381671547931,-0.39750401667099999,-1.1415202057010001,-1.1055259525309999,-0.59421189454699996,-0.487975475682,-1.4715100408820001,-0.33926863600200002,-0.51093057202299996,-0.34888549929599999,-1.3814467336209999,0.46083513509599999,-0.249781977539
235,1,-0.020106462377621582,0.49603902691160856,false,flipguard_tabular_validation_v2,sha256:53349d9c7215b3e89d24b955f699e8e5839bab24d1e1d7260ca08777474f8aa4,sha256:edb34de653b4d4b756b3e497b1edc448b941926d02b32f3d93817db66bde9b78,model_input,identity_model_input_v1,-0.168445281626,-0.53087787239700002,-0.080389113750000005,-0.381671547931,-0.39750401667099999,-0.63911599856400003,-1.2688184990139999,-0.59421189454699996,-0.487975475682,-0.88930608256400001,-1.164092077347,-0.51093057202299996,-0.34888549929599999,-0.31877760819200002,-0.37260268092999999,-0.249781977539
239,0,-0.0856997632373519,0.4831171466422417,false,flipguard_tabular_validation_v2,sha256:53349d9c7215b3e89d24b955f699e8e5839bab24d1e1d7260ca08777474f8aa4,sha256:edb34de653b4d4b756b3e497b1edc448b941926d02b32f3d93817db66bde9b78,model_input,identity_model_input_v1,-0.168445281626,-0.73870402344700004,-1.1661010425880001,-0.381671547931,-0.39750401667099999,-0.80400296409700001,-0.94813554628300001,-0.59421189454699996,-0.487975475682,-1.6925047856640001,-1.0266215037899999,-0.51093057202299996,-0.34888549929599999,-1.068556852071,-0.20430531685100001,-0.249781977539
240,0,0.038583159600081803,0.50760088244121615,true,flipguard_tabular_validation_v2,sha256:53349d9c7215b3e89d24b955f699e8e5839bab24d1e1d7260ca08777474f8aa4,sha256:edb34de653b4d4b756b3e497b1edc448b941926d02b32f3d93817db66bde9b78,model_input,identity_model_input_v1,-0.168445281626,-0.71415072290100001,-0.76215120163799999,-0.381671547931,-0.39750401667099999,-0.92288555527000005,0.100478035349,1.141173362258,1.4687666597910001,0.072941868674000002,-0.039762300484999999,0.099209187052999998,-0.078935164951999995,-0.84625726476800001,-1.2009184032669999,-0.249781977539
241,1,0.06801178243972783,0.51339832114062633,true,flipguard_tabular_validation_v2,sha256:53349d9c7215b3e89d24b955f699e8e5839bab24d1e1d7260ca08777474f8aa4,sha256:edb34de653b4d4b756b3e497b1edc448b941926d02b32f3d93817db66bde9b78,model_input,identity_model_input_v1,-0.168445281626,0.45651557098399997,-0.89602729835100003,-0.381671547931,0.111387156081,1.516712752463,-0.57777624657899995,2.0547252033599999,0.44614765431800002,0.58148091206499997,-1.8046766056770001,3.7997992712649999,-0.34888549929599999,0.28194526501,1.2474423802479999,0.32084055695800001
244,0,-0.13208893312450409,0.47397848017447269,false,flipguard_tabular_validation_v2,sha256:53349d9c7215b3e89d24b955f699e8e5839bab24d1e1d7260ca08777474f8aa4,sha256:edb34de653b4d4b756b3e497b1edc448b941926d02b32f3d93817db66bde9b78,model_input,identity_model_input_v1,-0.168445281626,-0.73870402344700004,-0.34581975636700002,-0.381671547931,-0.39750401667099999,-1.5519156641159999,0.32820227939000002,-0.59421189454699996,-0.487975475682,-0.63315308293100003,-0.97323945976199999,-0.51093057202299996,-0.34888549929599999,-0.492248384411,-0.70041667704999999,-0.249781977539
248,1,0.36575937848461076,0.57205459756146837,true,flipguard_tabular_validation_v2,sha256:53349d9c7215b3e89d24b955f699e8e5839bab24d1e1d7260ca08777474f8aa4,sha256:edb34de653b4d4b756b3e497b1edc448b941926d02b32f3d93817db66bde9b78,model_input,identity_model_input_v1,-0.168445281626,-0.078395619479999998,0.86602976648399999,0.52727715131800001,0.98514369797699997,0.69546634677899999,-2.0749524860189998,2.51059302069,2.722458229001,-0.337237771262,0.081174011648000005,2.4269848133449998,-0.26733800246299999,0.35647345034900002,-0.488947380446,-0.249781977539
249,0,-0.087421420520428408,0.48277798015747558,false,flipguard_tabular_validation_v2,sha256:53349d9c7215b3e89d24b955f699e8e5839bab24d1e1d7260ca08777474f8aa4,sha256:edb34de653b4d4b756b3e497b1edc448b941926d02b32f3d93817db66bde9b78,model_input,identity_model_input_v1,3.2146792802199999,-0.34672811830299999,-1.1661010425880001,-0.381671547931,1.3292053399329999,0.309211797683,-0.48235831279000002,-0.59421189454699996,-0.487975475682,-1.6925047856640001,0.077394751893999997,-0.51093057202299996,-0.34888549929599999,-0.64001978637500001,0.92694566082800001,-0.249781977539
252,0,0.11452517621088795,0.52256145971354495,true,flipguard_tabular_validation_v2,sha256:53349d9c7215b3e89d24b955f699e8e5839bab24d1e1d7260ca08777474f8aa4,sha256:edb34de653b4d4b756b3e497b1edc448b941926d02b32f3d93817db66bde9b78,model_input,identity_model_input_v1,3.2847232670070001,1.54387602373,-1.135147031787,-0.381671547931,0.48905481887899999,-0.78305047676399997,-0.035763035059999997,-0.59421189454699996,-0.487975475682,0.031086803374999999,1.5385510543459999,0.38671443716300002,-0.34888549929599999,-1.3814467336209999,0.41546801956099999,-0.249781977539
254,0,0.073639261381016244,0.5145069344920602,true,flipguard_tabular_validation_v2,sha256:53349d9c7215b3e89d24b955f699e8e5839bab24d1e1d7260ca08777474f8aa4,sha256:edb34de653b4d4b756b3e497b1edc448b941926d02b32f3d93817db66bde9b78,model_input,identity_model_input_v1,-0.168445281626,-0.73870402344700004,-1.1661010425880001,-0.381671547931,-0.39750401667099999,-0.53435356189899996,-1.7449244779169999,-0.59421189454699996,-0.487975475682,-0.39164935615200003,-1.367227289133,0.94600921631599999,-0.34888549929599999,-0.96768680812200003,-0.68870903433099995,-0.249781977539
257,0,-0.022666303418658298,0.49553473822652433,false,flipguard_tabular_validation_v2,sha256:53349d9c7215b3e89d24b955f699e8e5839bab24d1e1d7260ca08777474f8aa4,sha256:edb34de653b4d4b756b3e497b1edc448b941926d02b32f3d93817db66bde9b78,model_input,identity_model_input_v1,-0.168445281626,0.225013022979,-0.57874868764300003,-0.381671547931,-0.39750401667099999,-0.440522857755,-0.63089550868800004,-0.59421189454699996,-0.487975475682,-0.80601450261800001,-0.059603414193999997,-0.51093057202299996,-0.34888549929599999,-1.216328254035,0.070824287033999997,-0.249781977539
260,1,0.095954466526269794,0.51890302990567516,true,flipguard_tabular_validation_v2,sha256:53349d9c7215b3e89d24b955f699e8e5839bab24d1e1d7260ca08777474f8aa4,sha256:edb34de653b4d4b756b3e497b1edc448b941926d02b32f3d93817db66bde9b78,model_input,identity_model_input_v1,-0.168445281626,-0.73870402344700004,0.70661661086000005,-0.025500427536,-0.39750401667099999,-0.076131773702,0.59379858993500001,-0.59057948165999996,0.180660027897,0.84977188063599995,1.977417593298,-0.43142751250700001,-0.34888549929599999,-1.260659674624,0.58376538363999997,-0.249781977539
261,1,0.079589558173906658,0.51567914296025963,true,flipguard_tabular_validation_v2,sha256:53349d9c7215b3e89d24b955f699e8e5839bab24d1e1d7260ca08777474f8aa4,sha256:edb34de653b4d4b756b3e497b1edc448b941926d02b32f3d93817db66bde9b78,model_input,identity_model_input_v1,-0.168445281626,-0.71152001212799998,-1.117348475577,1.407732160935,-0.39750401667099999,0.029541640673,-0.74156063808100003,1.004957878993,0.808734921883,0.454241513554,-0.192822320528,-0.51093057202299996,-0.34888549929599999,0.277447874516,-1.1892107605490001,-0.249781977539
262,1,0.068637810260288715,0.51352164862127692,true,flipguard_tabular_validation_v2,sha256:53349d9c7215b3e89d24b955f699e8e5839bab24d1e1d7260ca08777474f8aa4,sha256:edb34de653b4d4b756b3e497b1edc448b941926d02b32f3d93817db66bde9b78,model_input,identity_model_input_v1,-0.168445281626,0.449500342256,-0.27075628017499997,-0.381671547931,-0.39750401667099999,0.82664713703799997,-0.137083109082,-0.025739277718000001,-0.487975475682,0.29812211998600002,-0.95292593858399999,1.1752738530589999,-0.34888549929599999,0.79914517188500001,0.70742735985500005,-0.249781977539
263,1,0.19117163954486802,0.53766081299033897,true,flipguard_tabular_validation_v2,sha256:53349d9c7215b3e89d24b955f699e8e5839bab24d1e1d7260ca08777474f8aa4,sha256:edb34de653b4d4b756b3e497b1edc448b941926d02b32f3d93817db66bde9b78,model_input,identity_model_input_v1,-0.168445281626,-0.52298574007900001,-1.1661010425880001,3.9978085484510002,0.106586295961,0.47409876321700001,-0.67417787040599997,1.633365308458,2.4053480085540002,0.58734062120700004,0.68065909015199999,-0.51093057202299996,-0.34888549929599999,-0.73767740854300001,-0.60382862462200004,-0.249781977539
265,1,0.27775181899184354,0.55471710834139321,true,flipguard_tabular_validation_v2,sha256:53349d9c7215b3e89d24b955f699e8e5839bab24d1e1d7260ca08777474f8aa4,sha256:edb34de653b4d4b756b3e497b1edc448b941926d02b32f3d93817db66bde9b78,model_input,identity_model_input_v1,-0.168445281626,-0.73870402344700004,0.38701644934200002,3.0717636354229998,0.96273968408300004,2.3971727093049999,-0.82222322128400005,3.4722743325450001,2.8441400577780001,0.77485131374899996,-0.49516310086100002,2.9456036085589998,-0.34326153399699999,0.16180069037,-0.099668260053999994,-0.249781977539
266,0,-0.06192542847544609,0.48780069059033709,false,flipguard_tabular_validation_v2,sha256:53349d9c7215b3e89d24b955f699e8e5839bab24d1e1d7260ca08777474f8aa4,sha256:edb34de653b4d4b756b3e497b1edc448b941926d02b32f3d93817db66bde9b78,model_input,identity_model_input_v1,-0.168445281626,-0.73870402344700004,-0.15467873967199999,-0.381671547931,-0.39750401667099999,-1.2216862441930001,-0.61368093300399995,-0.59421189454699996,-0.487975475682,-0.80182899608799996,-1.273218202749,-0.51093057202299996,-0.34888549929599999,-0.59954327192400003,-0.30162509694900003,-0.249781977539
267,1,0.12582810523981236,0.524788136732243,true,flipguard_tabular_validation_v2,sha256:53349d9c7215b3e89d24b955f699e8e5839bab24d1e1d7260ca08777474f8aa4,sha256:edb34de653b4d4b756b3e497b1edc448b941926d02b32f3d93817db66bde9b78,model_input,identity_model_input_v1,-0.168445281626,-0.73870402344700004,-0.55630702981199998,-0.381671547931,1.6748672685949999,1.2985335908860001,-0.0062523338879999996,3.950844730419,2.481552790212,0.65933133352200002,-0.010000629921000001,1.9277795559190001,-0.34888549929599999,0.60447241190599998,-0.34772394015399999,-0.249781977539
269,0,-0.070990151985899641,0.48601494005877777,false,flipguard_tabular_validation_v2,sha256:53349d9c7215b3e89d24b955f699e8e5839bab24d1e1d7260ca08777474f8aa4,sha256:edb34de653b4d4b756b3e497b1edc448b941926d02b32f3d93817db66bde9b78,model_input,identity_model_input_v1,-0.168445281626,-0.73870402344700004,-0.87049023944000004,-0.381671547931,-0.39750401667099999,-1.1674830704400001,0.34344947499599998,-0.59421189454699996,-0.487975475682,0.071267666061999996,-0.54854514488799999,-0.51093057202299996,-0.34888549929599999,-0.59633085014200005,-0.37113922559099999,-0.249781977539
276,0,0.048879853930102656,0.50962933122423026,true,flipguard_tabular_validation_v2,sha256:53349d9c7215b3e89d24b955f699e8e5839bab24d1e1d7260ca08777474f8aa4,sha256:edb34de653b4d4b756b3e497b1edc448b941926d02b32f3d93817db66bde9b78,model_input,identity_model_input_v1,-0.168445281626,-0.19853141143700001,0.33129922989999999,-0.381671547931,-0.39750401667099999,-0.38768615056700001,-0.022975064552000001,-0.59421189454699996,-0.487975475682,0.37011283230199998,-0.201798062444,-0.51093057202299996,-0.34888549929599999,-0.112540129798,-0.13405946054000001,-0.249781977539
278,0,-0.054530935689669373,0.48925740566913511,false,flipguard_tabular_validation_v2,sha256:53349d9c7215b3e89d24b955f699e8e5839bab24d1e1d7260ca08777474f8aa4,sha256:edb34de653b4d4b756b3e497b1edc448b941926d02b32f3d93817db66bde9b78,model_input,identity_model_input_v1,-0.168445281626,0.68012598666900004,0.21135243804699999,-0.381671547931,-0.39750401667099999,-1.0499669458330001,0.033095267673999999,-0.59421189454699996,-0.487975475682,-0.72021161875399997,0.051412341084000002,-0.51093057202299996,-0.205474384176,1.329194765887,-0.42455534549399998,-0.249781977539
279,1,0.13114879149360859,0.52583631192424085,true,flipguard_tabular_validation_v2,sha256:53349d9c7215b3e89d24b955f699e8e5839bab24d1e1d7260ca08777474f8aa4,sha256:edb34de653b4d4b756b3e497b1edc448b941926d02b32f3d93817db66bde9b78,model_input,identity_model_input_v1,-0.168445281626,-0.73870402344700004,0.91942543511499997,-0.381671547931,-0.39750401667099999,-0.97390030703700003,-1.0366676497980001,-0.59421189454699996,-0.487975475682,0.83595970908700001,-0.58586533496100002,-0.51093057202299996,-0.34888549929599999,-0.42864243313099998,-1.0933544357909999,-0.249781977539
280,1,0.30646429803159214,0.56037346671222366,true,flipguard_tabular_validation_v2,sha256:53349d9c7215b3e89d24b955f699e8e5839bab24d1e1d7260ca08777474f8aa4,sha256:edb34de653b4d4b756b3e497b1edc448b941926d02b32f3d93817db66bde9b78,model_input,identity_model_input_v1,-0.168445281626,-0.28271415616599999,1.450286720349,-0.381671547931,-0.39750401667099999,0.47409876321700001,-0.83353565673300001,-0.36900229554699998,-0.487975475682,1.451229168991,1.4931999372960001,0.92474677016600004,-0.34888549929599999,-1.0338626968269999,-1.0875006144320001,-0.249781977539
281,1,-0.03768724260287451,0.4925756132072337,false,flipguard_tabular_validation_v2,sha256:53349d9c7215b3e89d24b955f699e8e5839bab24d1e1d7260ca08777474f8aa4,sha256:edb34de653b4d4b756b3e497b1edc448b941926d02b32f3d93817db66bde9b78,model_input,identity_model_input_v1,-0.168445281626,-0.70888930135499995,-0.89757499889100001,-0.381671547931,-0.39750401667099999,0.86718564513899998,0.54018748280600004,-0.35810505688599997,-0.487975475682,0.124842149646,1.0732296971149999,-0.51093057202299996,-0.34888549929599999,0.28901259292999998,-0.28699054355100001,-0.249781977539
285,1,0.094732104669213238,0.51866222461983502,true,flipguard_tabular_validation_v2,sha256:53349d9c7215b3e89d24b955f699e8e5839bab24d1e1d7260ca08777474f8aa4,sha256:edb34de653b4d4b756b3e497b1edc448b941926d02b32f3d93817db66bde9b78,model_input,identity_model_input_v1,-0.168445281626,-0.73870402344700004,0.64703014006799997,-0.381671547931,-0.39750401667099999,-0.72474790331600003,-0.16708565527399999,0.73434311890500004,-0.47199705372200002,0.342907039857,-1.298728206089,-0.51093057202299996,-0.199850418877,0.32434923252999998,-0.18747558044400001,-0.249781977539
286,1,0.16824428079672374,0.5331441233169546,true,flipguard_tabular_validation_v2,sha256:53349d9c7215b3e89d24b955f699e8e5839bab24d1e1d7260ca08777474f8aa4,sha256:edb34de653b4d4b756b3e497b1edc448b941926d02b32f3d93817db66bde9b78,model_input,identity_model_input_v1,-0.168445281626,0.80113868221700002,-0.26843472936500001,-0.381671547931,-0.39750401667099999,0.091488124961999998,-1.5816319314339999,0.222172901826,-0.487975475682,0.19390300738999999,1.0070926514180001,0.096435824512000001,-0.34888549929599999,-0.49353335312300001,-0.44138508190199999,-0.249781977539
287,1,0.47395571907805623,0.59336927665837713,true,flipguard_tabular_validation_v2,sha256:53349d9c7215b3e89d24b955f699e8e5839bab24d1e1d7260ca08777474f8aa4,sha256:edb34de653b4d4b756b3e497b1edc448b941926d02b32f3d93817db66bde9b78,model_input,identity_model_input_v1,-0.168445281626,-0.38180426194,1.450286720349,-0.381671547931,-0.39750401667099999,0.36796985998699999,-0.67614525048399998,0.81243999597700001,1.1049502828440001,2.4988614534410001,0.451541467556,0.96727166246499996,-0.25890205451499998,-0.66636164498600003,-1.2104308629760001,-0.249781977539
289,1,0.34111281741913069,0.56719922503156872,true,flipguard_tabular_validation_v2,sha256:53349d9c7215b3e89d24b955f699e8e5839bab24d1e1d7260ca08777474f8aa4,sha256:edb34de653b4d4b756b3e497b1edc448b941926d02b32f3d93817db66bde9b78,model_input,identity_model_input_v1,-0.168445281626,1.8262389800079999,1.4889792338500001,-0.381671547931,-0.19426760491200001,-1.1292220066150001,-0.22610705761700001,-0.59421189454699996,-0.093431364195000005,0.69825654425100003,-0.26557307079600001,0.022479490078,2.1959587984279998,-0.86617427981600004,-0.93676471442999998,6.6579654647210003
290,0,-0.35522614238472033,0.4300204499502101,false,flipguard_tabular_validation_v2,sha256:53349d9c7215b3e89d24b955f699e8e5839bab24d1e1d7260ca08777474f8aa4,sha256:edb34de653b4d4b756b3e497b1edc448b941926d02b32f3d93817db66bde9b78,model_input,identity_model_input_v1,-0.168445281626,0.199582818843,1.5802935657120001,3.6387880590930002,-0.39750401667099999,0.65720528295400005,-1.917070234751,-0.47979088860399999,-0.487975475682,-0.91148926717300005,0.28667126078100003,-0.51093057202299996,-0.34888549929599999,0.97325843245999999,0.83621142975899998,-0.249781977539
294,1,0.27620750924116416,0.55441287932050931,true,flipguard_tabular_validation_v2,sha256:53349d9c7215b3e89d24b955f699e8e5839bab24d1e1d7260ca08777474f8aa4,sha256:edb34de653b4d4b756b3e497b1edc448b941926d02b32f3d93817db66bde9b78,model_input,identity_model_input_v1,-0.168445281626,1.0992859031310001,0.32820382881999999,-0.381671547931,-0.39750401667099999,0.61120090859200005,-0.83796226190900003,0.75250518334000005,-0.487975475682,0.86400260283800001,0.69388649929199997,1.5968249593299999,-0.34888549929599999,-1.001738479009,-0.60090171394199998,-0.249781977539
295,0,-0.088504022014987846,0.48256470766304738,false,flipguard_tabular_validation_v2,sha256:53349d9c7215b3e89d24b955f699e8e5839bab24d1e1d7260ca08777474f8aa4,sha256:edb34de653b4d4b756b3e497b1edc448b941926d02b32f3d93817db66bde9b78,model_input,identity_model_input_v1,-0.168445281626,-0.73870402344700004,-0.52690071955200002,-0.381671547931,-0.39750401667099999,-1.8019790455469999,-0.80205757548300005,-0.59421189454699996,-0.487975475682,-1.52006191663,-0.92410908295799998,-0.51093057202299996,-0.34888549929599999,-1.089116351475,-0.22772060228900001,-0.249781977539
297,0,-0.091532073618769111,0.48196818149710247,false,flipguard_tabular_validation_v2,sha256:53349d9c7215b3e89d24b955f699e8e5839bab24d1e1d7260ca08777474f8aa4,sha256:edb34de653b4d4b756b3e497b1edc448b941926d02b32f3d93817db66bde9b78,model_input,identity_model_input_v1,-0.168445281626,-0.44581822407799998,-1.0206171918239999,-0.381671547931,4.0032844269450001,0.66631506005499996,1.6906129834800001,-0.57514172688999998,-0.487975475682,-1.6925047856640001,-1.170233374448,1.8630677632899999,-0.34888549929599999,0.70020258100400001,1.025728896265,-0.249781977539
298,1,0.40289298622219882,0.57936991828577322,true,flipguard_tabular_validation_v2,sha256:53349d9c7215b3e89d24b955f699e8e5839bab24d1e1d7260ca08777474f8aa4,sha256:edb34de653b4d4b756b3e497b1edc448b941926d02b32f3d93817db66bde9b78,model_input,identity_model_input_v1,-0.168445281626,1.5973671427759999,0.94186709294600002,-0.37882217896800002,-0.39750401667099999,-1.3847512543060001,-0.20790879189399999,0.68530554492899998,3.7585974376719999,1.1536396547109999,1.579650504173,0.98668520025399997,0.26412671827700002,-0.48903596262900001,-1.197991492588,-0.249781977539
299,0,-0.057728944590807352,0.48862739791561094,false,flipguard_tabular_validation_v2,sha256:53349d9c7215b3e89d24b955f699e8e5839bab24d1e1d7260ca08777474f8aa4,sha256:edb34de653b4d4b756b3e497b1edc448b941926d02b32f3d93817db66bde9b78,model_input,identity_model_input_v1,-0.168445281626,-0.73870402344700004,0.66328099573900001,-0.381671547931,-0.39750401667099999,-1.2954754387139999,0.552975453314,-0.59421189454699996,-0.487975475682,-0.36025805717699999,0.00086474187200000002,-0.51093057202299996,-0.34888549929599999,-0.45369932302900001,-0.51236266588299995,-0.249781977539
300,1,0.16941386620895815,0.53337453164316473,true,flipguard_tabular_validation_v2,sha256:53349d9c7215b3e89d24b955f699e8e5839bab24d1e1d7260ca08777474f8aa4,sha256:edb34de653b4d4b756b3e497b1edc448b941926d02b32f3d93817db66bde9b78,model_input,identity_model_input_v1,-0.168445281626,1.279051139271,0.74763067517100001,-0.381671547931,1.473231143542,2.4035495532760001,-0.19807189150400001,3.5494631063959998,3.5213793270270002,0.203948223062,-0.64916793584300003,4.1418473180199999,0.28662257947300002,1.89972087434,1.507205703066,-0.22567116622200001
301,1,0.056129677053843328,0.5110575463796071,true,flipguard_tabular_validation_v2,sha256:53349d9c7215b3e89d24b955f699e8e5839bab24d1e1d7260ca08777474f8aa4,sha256:edb34de653b4d4b756b3e497b1edc448b941926d02b32f3d93817db66bde9b78,model_input,identity_model_input_v1,-0.168445281626,-0.47387913898700001,1.4851099825,-0.381671547931,-0.39750401667099999,0.44494747649299998,0.40591379247600001,-0.50067726270400004,0.33429870059400002,0.16460446168100001,0.223841067368,0.0021414981089999999,-0.34888549929599999,1.243101862134,-0.0052753906359999997,-0.249781977539
304,0,-0.01855307298911615,0.49634504462114409,false,flipguard_tabular_validation_v2,sha256:53349d9c7215b3e89d24b955f699e8e5839bab24d1e1d7260ca08777474f8aa4,sha256:edb34de653b4d4b756b3e497b1edc448b941926d02b32f3d93817db66bde9b78,model_input,identity_model_input_v1,-0.168445281626,-0.64750604999000005,-0.17170344561299999,-0.34462975141000002,0.026571960623000001,1.094474583817,2.186884608183,-0.289089212032,-0.37981385010300001,0.88785999005799998,2.0303272298559998,-0.26595021421199999,-0.34888549929599999,1.4981681516109999,-1.1035986231699999,-0.068950892663000002
305,0,-0.082978484320135854,0.48365323858893322,false,flipguard_tabular_validation_v2,sha256:53349d9c7215b3e89d24b955f699e8e5839bab24d1e1d7260ca08777474f8aa4,sha256:edb34de653b4d4b756b3e497b1edc448b941926d02b32f3d93817db66bde9b78,model_input,identity_model_input_v1,-0.168445281626,-0.54403142626099998,-0.098961520230999994,-0.17936635154700001,-0.39750401667099999,0.55927517911500002,0.56182866366600004,-0.44528296617599999,-0.487975475682,-1.0726312685770001,-0.16542268731099999,-0.51093057202299996,0.025108193077000001,1.381235998752,-1.1423801896750001,-0.249781977539
306,1,0.2148848792163299,0.54233232120561703,true,flipguard_tabular_validation_v2,sha256:53349d9c7215b3e89d24b955f699e8e5839bab24d1e1d7260ca08777474f8aa4,sha256:edb34de653b4d4b756b3e497b1edc448b941926d02b32f3d93817db66bde9b78,model_input,identity_model_input_v1,-0.168445281626,-0.18099333961899999,1.6042829240830001,-0.33893101348400001,-0.293485380731,1.5745598370559999,1.238115565515,0.17858394718100001,0.94639517261999995,1.3809126592880001,0.37784590234999998,0.132489537548,-0.18579050562999999,1.0786258669040001,0.213511182667,-0.249781977539
308,1,0.20762597287681508,0.54090231665673261,true,flipguard_tabular_validation_v2,sha256:53349d9c7215b3e89d24b955f699e8e5839bab24d1e1d7260ca08777474f8aa4,sha256:edb34de653b4d4b756b3e497b1edc448b941926d02b32f3d93817db66bde9b78,model_input,identity_model_input_v1,-0.168445281626,-0.26166846998400001,1.365937040917,-0.110981496431,-0.39750401667099999,1.301722012872,0.875133941104,0.93594203413800003,-0.487975475682,0.89413824985299994,-0.096451196796999997,-0.51093057202299996,-0.34888549929599999,2.3468899863699999,-0.279673266852,-0.249781977539
310,0,-0.025143587074304558,0.49504671334636202,false,flipguard_tabular_validation_v2,sha256:53349d9c7215b3e89d24b955f699e8e5839bab24d1e1d7260ca08777474f8aa4,sha256:edb34de653b4d4b756b3e497b1edc448b941926d02b32f3d93817db66bde9b78,model_input,identity_model_input_v1,-0.168445281626,-0.416003501986,-1.108836122607,-0.381671547931,-0.39750401667099999,0.87538444452999997,-0.017564769337000002,-0.59421189454699996,-0.487975475682,0.28556560039599999,0.84458448198900005,-0.51093057202299996,-0.34888549929599999,-1.3814467336209999,1.1179265826739999,-0.249781977539
312,0,-0.27790010519208397,0.44525367927715948,false,flipguard_tabular_validation_v2,sha256:53349d9c7215b3e89d24b955f699e8e5839bab24d1e1d7260ca08777474f8aa4,sha256:edb34de653b4d4b756b3e497b1edc448b941926d02b32f3d93817db66bde9b78,model_input,identity_model_input_v1,-0.049370504087,2.0603722387840002,0.92639008754600005,-0.16796887569400001,-0.39750401667099999,-0.69195270575099999,0.953829144229,-0.40169401153099998,0.58503701443599998,-1.4505825082329999,-0.84616185052899995,1.2177987453579999,4.9095220551169998,0.95783880790700004,0.43961503266800001,-0.249781977539
314,1,-0.01997718691770917,0.49606449417721127,false,flipguard_tabular_validation_v2,sha256:53349d9c7215b3e89d24b955f699e8e5839bab24d1e1d7260ca08777474f8aa4,sha256:edb34de653b4d4b756b3e497b1edc448b941926d02b32f3d93817db66bde9b78,model_input,identity_model_input_v1,-0.168445281626,0.53280618339399999,-0.99198473183400004,-0.381671547931,-0.39750401667099999,0.776087874126,0.073918404295000004,-0.59421189454699996,-0.487975475682,-0.69593568088000002,1.479972528157,-0.000631864432,-0.34888549929599999,-1.123810506718,0.76011175208899995,-0.249781977539
315,1,0.068942439284285492,0.51358166053900423,true,flipguard_tabular_validation_v2,sha256:53349d9c7215b3e89d24b955f699e8e5839bab24d1e1d7260ca08777474f8aa4,sha256:edb34de653b4d4b756b3e497b1edc448b941926d02b32f3d93817db66bde9b78,model_input,identity_model_input_v1,-0.168445281626,-0.73870402344700004,-0.87435949079099995,3.5390601453819999,-0.39750401667099999,-1.291376039018,-0.45088023154099999,-0.35810505688599997,0.11674634005499999,1.068673872153,-0.32178955963900002,-0.51093057202299996,-0.34888549929599999,-0.61496289647699998,-1.2104308629760001,-0.249781977539
316,1,0.047359048973890303,0.50932973264785641,true,flipguard_tabular_validation_v2,sha256:53349d9c7215b3e89d24b955f699e8e5839bab24d1e1d7260ca08777474f8aa4,sha256:edb34de653b4d4b756b3e497b1edc448b941926d02b32f3d93817db66bde9b78,model_input,identity_model_input_v1,-0.168445281626,-0.48790959644199999,-1.055440453975,1.0715066232820001,-0.39750401667099999,1.7239601815179999,1.243034015711,3.6039492997020002,-0.487975475682,0.98831214677699997,-0.20274287738300001,-0.51093057202299996,-0.34888549929599999,1.6228101167460001,1.237929920539,-0.249781977539
317,0,-0.076777588071010816,0.48487481515001085,false,flipguard_tabular_validation_v2,sha256:53349d9c7215b3e89d24b955f699e8e5839bab24d1e1d7260ca08777474f8aa4,sha256:edb34de653b4d4b756b3e497b1edc448b941926d02b32f3d93817db66bde9b78,model_input,identity_model_input_v1,-0.168445281626,-0.73695021626500001,0.11926425591500001,1.6556272607310001,-0.39750401667099999,0.018154419296,-0.52957543466500001,-0.472526062829,-0.487975475682,-0.83280174440999999,-0.76632498822200001,-0.51093057202299996,-0.34888549929599999,0.83191187405900002,0.51790989334899995,-0.249781977539
319,0,-0.022730030453850879,0.49552218400059139,false,flipguard_tabular_validation_v2,sha256:53349d9c7215b3e89d24b955f699e8e5839bab24d1e1d7260ca08777474f8aa4,sha256:edb34de653b4d4b756b3e497b1edc448b941926d02b32f3d93817db66bde9b78,model_input,identity_model_input_v1,-0.168445281626,-0.45546416357800001,-0.74125724434700002,-0.381671547931,1.2747955919030001,0.53923366949200002,0.059163053708999998,-0.59421189454699996,-0.19790566163000001,-0.247667931521,0.30462274461299998,-0.51093057202299996,-0.34888549929599999,-1.3814467336209999,0.99792324480899997,-0.249781977539
323,0,-0.034317584576346816,0.49323943583845969,false,flipguard_tabular_validation_v2,sha256:53349d9c7215b3e89d24b955f699e8e5839bab24d1e1d7260ca08777474f8aa4,sha256:edb34de653b4d4b756b3e497b1edc448b941926d02b32f3d93817db66bde9b78,model_input,identity_model_input_v1,-0.168445281626,0.170645000342,0.69113960545999997,-0.142324555026,-0.39750401667099999,-0.47605098844999999,-0.27676709462799998,-0.59421189454699996,-0.13767930193200001,-0.45443195410100001,0.019288633174000001,-0.51093057202299996,2.0384877700600001,0.28001781194100001,-0.26503871345399999,-0.249781977539
327,0,-0.016676231301965029,0.49671478243351291,false,flipguard_tabular_validation_v2,sha256:53349d9c7215b3e89d24b955f699e8e5839bab24d1e1d7260ca08777474f8aa4,sha256:edb34de653b4d4b756b3e497b1edc448b941926d02b32f3d93817db66bde9b78,model_input,identity_model_input_v1,-0.168445281626,-0.73870402344700004,-0.61976275195399999,-0.381671547931,-0.39750401667099999,-0.67692157353399995,-1.350956617275,-0.59421189454699996,-0.487975475682,-1.0244979434820001,-0.74364942969699999,-0.51093057202299996,-0.34888549929599999,-1.179706645722,-0.111375902773,-0.249781977539
329,1,0.06289840993128179,0.51239098675646255,true,flipguard_tabular_validation_v2,sha256:53349d9c7215b3e89d24b955f699e8e5839bab24d1e1d7260ca08777474f8aa4,sha256:edb34de653b4d4b756b3e497b1edc448b941926d02b32f3d93817db66bde9b78,model_input,identity_model_input_v1,-0.168445281626,-0.029289018388999999,-0.43636023795899997,-0.381671547931,-0.39750401667099999,1.1905827322360001,0.79004475272600005,0.62355452584899995,-0.487975475682,-0.12545114084600001,0.048105488799,-0.51093057202299996,-0.34888549929599999,-0.96897177683400004,2.2967398588969998,-0.249781977539
332,0,-0.07581460830976075,0.48506452216297713,false,flipguard_tabular_validation_v2,sha256:53349d9c7215b3e89d24b955f699e8e5839bab24d1e1d7260ca08777474f8aa4,sha256:edb34de653b4d4b756b3e497b1edc448b941926d02b32f3d93817db66bde9b78,model_input,identity_model_input_v1,-0.168445281626,-0.73870402344700004,0.35219318719100001,-0.381671547931,-0.39750401667099999,-1.7072373636930001,-0.23938687314400001,-0.59421189454699996,-0.487975475682,-0.0032343501710000002,-1.8613655019899999,-0.51093057202299996,-0.34888549929599999,-0.018737413769,-1.2104308629760001,-0.249781977539
333,1,-0.046593064785321534,0.49082116623729166,false,flipguard_tabular_validation_v2,sha256:53349d9c7215b3e89d24b955f699e8e5839bab24d1e1d7260ca08777474f8aa4,sha256:edb34de653b4d4b756b3e497b1edc448b941926d02b32f3d93817db66bde9b78,model_input,identity_model_input_v1,-0.168445281626,-0.57384614835299996,-0.68631387517599995,0.0086920000220000009,-0.39750401667099999,-0.082964106528000001,-0.15478952978499999,-0.32359713445900001,-0.487975475682,-0.69593568088000002,-0.48477013653700002,-0.38150698676400002,-0.34888549929599999,-0.041866850598000001,-1.2104308629760001,-0.249781977539
334,1,0.15957681947780789,0.5314366334371281,true,flipguard_tabular_validation_v2,sha256:53349d9c7215b3e89d24b955f699e8e5839bab24d1e1d7260ca08777474f8aa4,sha256:edb34de653b4d4b756b3e497b1edc448b941926d02b32f3d93817db66bde9b78,model_input,identity_model_input_v1,-0.168445281626,0.28990388870799999,-0.92620745888199996,-0.381671547931,-0.39750401667099999,0.63306437363500001,-1.3086579455959999,1.473539141427,0.28882165347599997,0.85437593781900001,0.39626979365100001,-0.51093057202299996,-0.34888549929599999,-1.230462909875,0.22082845936600001,-0.249781977539
335,0,-0.10400757699566074,0.47951050733185485,false,flipguard_tabular_validation_v2,sha256:53349d9c7215b3e89d24b955f699e8e5839bab24d1e1d7260ca08777474f8aa4,sha256:edb34de653b4d4b756b3e497b1edc448b941926d02b32f3d93817db66bde9b78,model_input,identity_model_input_v1,-0.168445281626,-0.73870402344700004,-1.1661010425880001,-0.381671547931,0.98034283785700005,0.58888195469399995,-0.33775587704999999,-0.59421189454699996,-0.487975475682,-1.6925047856640001,-0.522562734079,-0.51093057202299996,-0.34888549929599999,-0.90343837248500003,0.48059178218300003,-0.249781977539
336,1,0.092980288175525921,0.51831711677057857,true,flipguard_tabular_validation_v2,sha256:53349d9c7215b3e89d24b955f699e8e5839bab24d1e1d7260ca08777474f8aa4,sha256:edb34de653b4d4b756b3e497b1edc448b941926d02b32f3d93817db66bde9b78,model_input,identity_model_input_v1,-0.168445281626,-0.53526239035199996,-1.0299033950650001,1.735409591699,3.6720250786430002,-0.62135193321600002,-0.70909886679199996,0.58450608731200004,0.202783996765,0.41406065086600002,0.938121160904,-0.20123842158300001,-0.34888549929599999,-1.3814467336209999,0.73157437296200001,-0.249781977539
337,1,0.32994958473945335,0.56500006819367232,true,flipguard_tabular_validation_v2,sha256:53349d9c7215b3e89d24b955f699e8e5839bab24d1e1d7260ca08777474f8aa4,sha256:edb34de653b4d4b756b3e497b1edc448b941926d02b32f3d93817db66bde9b78,model_input,identity_model_input_v1,0.41291980871200001,1.547383638094,-1.1661010425880001,-0.381671547931,2.5518243839050001,-1.13605433944,-1.358826137588,1.1747731814639999,0.099538808711999993,0.32867631765499999,-0.12526805242299999,1.9813978983830001,-0.34888549929599999,-1.1546497558240001,-0.493337746465,-0.249781977539
338,0,-0.077928089616562252,0.48464816634553726,false,flipguard_tabular_validation_v2,sha256:53349d9c7215b3e89d24b955f699e8e5839bab24d1e1d7260ca08777474f8aa4,sha256:edb34de653b4d4b756b3e497b1edc448b941926d02b32f3d93817db66bde9b78,model_input,identity_model_input_v1,-0.168445281626,-0.73870402344700004,0.20670933642700001,-0.381671547931,-0.39750401667099999,-1.37700794377,0.35623744550300002,-0.59421189454699996,-0.487975475682,-0.30082386445100001,-0.75640443136699997,-0.51093057202299996,-0.34888549929599999,-0.087483239899999996,-0.67261102559300001,-0.249781977539
339,0,-0.10225929124524595,0.47985491962468657,false,flipguard_tabular_validation_v2,sha256:53349d9c7215b3e89d24b955f699e8e5839bab24d1e1d7260ca08777474f8aa4,sha256:edb34de653b4d4b756b3e497b1edc448b941926d02b32f3d93817db66bde9b78,model_input,identity_model_input_v1,-0.168445281626,-0.017012368116000001,-0.612798099524,-0.381671547931,-0.39750401667099999,-1.085495076528,-0.36136443798700002,-0.59421189454699996,-0.487975475682,-1.5162949607530001,-0.61184774577099998,-0.51093057202299996,-0.34888549929599999,-0.140166957122,-0.53358276830999996,-0.249781977539
340,1,0.17947032234168875,0.53535565350131264,true,flipguard_tabular_validation_v2,sha256:53349d9c7215b3e89d24b955f699e8e5839bab24d1e1d7260ca08777474f8aa4,sha256:edb34de653b4d4b756b3e497b1edc448b941926d02b32f3d93817db66bde9b78,model_input,identity_model_input_v1,-0.168445281626,0.86339883717200006,0.18504152886700001,-0.381671547931,1.721275583091,0.246354335684,-0.35103569257700001,1.4490203544389999,3.4230505765010002,-0.92906839459900004,-0.69735349770900001,2.427909267525,0.22475896118499999,0.28258774936699999,-0.053569416850000003,-0.249781977539
341,0,-0.52709959167739828,0.39616138043955251,false,flipguard_tabular_validation_v2,sha256:53349d9c7215b3e89d24b955f699e8e5839bab24d1e1d7260ca08777474f8aa4,sha256:edb34de653b4d4b756b3e497b1edc448b941926d02b32f3d93817db66bde9b78,model_input,identity_model_input_v1,9.3435281241439991,2.590898911294,0.40713655636200002,-0.381671547931,-0.122254703107,-0.97845519558799998,0.92136737294000004,-0.34266730211599999,-0.14874128636600001,-1.650231169712,-1.07197262084,1.3823515894730001,3.098605228891,1.447411887458,0.84279697878799997,-0.249781977539
345,1,0.56839658501822743,0.61197412724859079,true,flipguard_tabular_validation_v2,sha256:53349d9c7215b3e89d24b955f699e8e5839bab24d1e1d7260ca08777474f8aa4,sha256:edb34de653b4d4b756b3e497b1edc448b941926d02b32f3d93817db66bde9b78,model_input,identity_model_input_v1,-0.168445281626,-0.73870402344700004,2.031448273134,-0.130927079173,-0.39750401667099999,-1.7140696965190001,-0.510393478904,1.8440452559089999,4.9323968970800003,2.4825379779749999,1.359981030962,-0.32326637339800002,-0.34888549929599999,-1.3814467336209999,-1.2104308629760001,-0.249781977539
348,1,0.089150552017317961,0.51756265874741159,true,flipguard_tabular_validation_v2,sha256:53349d9c7215b3e89d24b955f699e8e5839bab24d1e1d7260ca08777474f8aa4,sha256:edb34de653b4d4b756b3e497b1edc448b941926d02b32f3d93817db66bde9b78,model_input,identity_model_input_v1,-0.168445281626,0.68012598666900004,-0.097413819691000006,-0.381671547931,-0.39750401667099999,0.36387046029100001,-0.042157020314000003,0.2294377276,-0.487975475682,0.045317525577000001,-0.77152147038399999,0.79070091400499998,-0.34888549929599999,0.50874224280699998,0.56547219189300002,-0.249781977539
350,1,0.11078563252354459,0.52182476960713831,true,flipguard_tabular_validation_v2,sha256:53349d9c7215b3e89d24b955f699e8e5839bab24d1e1d7260ca08777474f8aa4,sha256:edb34de653b4d4b756b3e497b1edc448b941926d02b32f3d93817db66bde9b78,model_input,identity_model_input_v1,-0.168445281626,0.068047280203999999,0.21522168939700001,-0.381671547931,-0.39750401667099999,1.145033846729,0.60511102538399997,2.0202172809330001,0.25563570017300002,-0.259387349805,-0.69688109023900002,1.1105620604299999,-0.34888549929599999,1.766726612572,1.120853493354,-0.249781977539
356,1,0.16397779040382535,0.53230362470955361,true,flipguard_tabular_validation_v2,sha256:53349d9c7215b3e89d24b955f699e8e5839bab24d1e1d7260ca08777474f8aa4,sha256:edb34de653b4d4b756b3e497b1edc448b941926d02b32f3d93817db66bde9b78,model_input,identity_model_input_v1,-0.168445281626,-0.21168496530100001,0.486069283904,-0.381671547931,-0.39750401667099999,0.15070167612099999,-1.2516039233309999,0.85875326028700005,-0.487975475682,0.14325837837800001,-1.254321903978,0.60950789464300004,-0.34888549929599999,-0.253244203843,0.201071812278,-0.249781977539
361,0,-0.11769686947158726,0.47681371671409734,false,flipguard_tabular_validation_v2,sha256:53349d9c7215b3e89d24b955f699e8e5839bab24d1e1d7260ca08777474f8aa4,sha256:edb34de653b4d4b756b3e497b1edc448b941926d02b32f3d93817db66bde9b78,model_input,identity_model_input_v1,-0.168445281626,-0.73870402344700004,-0.17866809804299999,1.436225850567,-0.39750401667099999,-1.7728277588229999,0.35820482558099997,-0.59421189454699996,-0.487975475682,0.30942298761699999,-1.622327322539,-0.51093057202299996,-0.34888549929599999,0.135458831759,-1.2104308629760001,-0.249781977539
362,0,0.00059069773391779974,0.50011636745358179,true,flipguard_tabular_validation_v2,sha256:53349d9c7215b3e89d24b955f699e8e5839bab24d1e1d7260ca08777474f8aa4,sha256:edb34de653b4d4b756b3e497b1edc448b941926d02b32f3d93817db66bde9b78,model_input,identity_model_input_v1,-0.168445281626,0.99931889376600003,-0.58184408872299997,-0.381671547931,-0.39750401667099999,0.27140622271300002,-0.67712894052299999,-0.59421189454699996,-0.487975475682,-0.30500937098100001,0.20258273125099999,-0.51093057202299996,-0.34888549929599999,-1.1077483978089999,0.96353204432299999,-0.249781977539
366,0,-0.062962019258734181,0.48759648220602936,false,flipguard_tabular_validation_v2,sha256:53349d9c7215b3e89d24b955f699e8e5839bab24d1e1d7260ca08777474f8aa4,sha256:edb34de653b4d4b756b3e497b1edc448b941926d02b32f3d93817db66bde9b78,model_input,identity_model_input_v1,-0.168445281626,-0.420388019941,-0.71649403570600001,-0.381671547931,-0.39750401667099999,0.70958650128599998,0.41575069286600003,-0.59421189454699996,-0.487975475682,-0.71644466287700004,0.74868576572699996,-0.51093057202299996,-0.34888549929599999,-1.3814467336209999,1.6447705050079999,-0.249781977539
367,0,-0.17846572171589775,0.46484225282196812,false,flipguard_tabular_validation_v2,sha256:53349d9c7215b3e89d24b955f699e8e5839bab24d1e1d7260ca08777474f8aa4,sha256:edb34de653b4d4b756b3e497b1edc448b941926d02b32f3d93817db66bde9b78,model_input,identity_model_input_v1,-0.168445281626,-0.73870402344700004,-0.72113713732700002,-0.381671547931,-0.39750401667099999,-1.716802629649,0.56182866366600004,-0.59421189454699996,-0.487975475682,0.040294917740999997,-1.9171095833639999,-0.51093057202299996,-0.34888549929599999,0.137386284828,-1.2104308629760001,-0.249781977539
370,1,-0.13645772729856456,0.4731178277221828,false,flipguard_tabular_validation_v2,sha256:53349d9c7215b3e89d24b955f699e8e5839bab24d1e1d7260ca08777474f8aa4,sha256:edb34de653b4d4b756b3e497b1edc448b941926d02b32f3d93817db66bde9b78,model_input,identity_model_input_v1,9.2384621439619998,2.0016196981930001,-0.114438525631,-0.381671547931,-0.35109570217500002,-1.7997016012710001,-0.330378201757,-0.59421189454699996,-0.487975475682,-0.143867369578,0.82852262803300003,0.63261924915400003,-0.34888549929599999,0.46248336914900001,0.67084097635999995,0.43335767643700002
375,0,0.050283464371643723,0.50990584248121384,true,flipguard_tabular_validation_v2,sha256:53349d9c7215b3e89d24b955f699e8e5839bab24d1e1d7260ca08777474f8aa4,sha256:edb34de653b4d4b756b3e497b1edc448b941926d02b32f3d93817db66bde9b78,model_input,identity_model_input_v1,-0.168445281626,0.799384875035,0.32820382881999999,-0.222106885994,-0.39750401667099999,-1.048144990413,0.32967781444900002,1.0031416725490001,-0.487975475682,-0.013279565843,0.462879246819,-0.51093057202299996,5.9358957221540001,1.0792683512600001,-0.83066420229299998,-0.249781977539
376,1,0.0360147268033554,0.50709490118026102,true,flipguard_tabular_validation_v2,sha256:53349d9c7215b3e89d24b955f699e8e5839bab24d1e1d7260ca08777474f8aa4,sha256:edb34de653b4d4b756b3e497b1edc448b941926d02b32f3d93817db66bde9b78,model_input,identity_model_input_v1,-0.168445281626,0.29253459948100002,0.58125286711699997,-0.381671547931,-0.39750401667099999,-0.12578005890400001,0.648885232122,-0.42984521140600002,-0.29008886524799998,0.20813372959199999,-0.206994544606,-0.51093057202299996,0.39910188544899999,1.444199465676,-0.057959782869999997,-0.249781977539
377,1,0.62600985774537399,0.62332394197583874,true,flipguard_tabular_validation_v2,sha256:53349d9c7215b3e89d24b955f699e8e5839bab24d1e1d7260ca08777474f8aa4,sha256:edb34de653b4d4b756b3e497b1edc448b941926d02b32f3d93817db66bde9b78,model_input,identity_model_input_v1,3.116617698717,2.6443900303399999,0.96663030158700003,-0.381671547931,-0.39750401667099999,-1.8019790455469999,-0.198563736523,-0.59421189454699996,1.0127670792250001,1.489735829067,0.73356872670999995,1.15493586109,-0.34888549929599999,-1.3692395308500001,-0.46333691199900001,5.2796307511120002
380,0,-0.059175805281526848,0.4883423663595392,false,flipguard_tabular_validation_v2,sha256:53349d9c7215b3e89d24b955f699e8e5839bab24d1e1d7260ca08777474f8aa4,sha256:edb34de653b4d4b756b3e497b1edc448b941926d02b32f3d93817db66bde9b78,model_input,identity_model_input_v1,-0.168445281626,-0.73870402344700004,-1.1661010425880001,-0.381671547931,-0.39750401667099999,0.270950733858,0.104904640525,-0.59421189454699996,-0.487975475682,-0.33849342322100001,-0.105899346183,-0.51093057202299996,-0.34888549929599999,-1.3814467336209999,1.2598817506360001,-0.249781977539
381,1,0.055266916251794425,0.51088758250160349,true,flipguard_tabular_validation_v2,sha256:53349d9c7215b3e89d24b955f699e8e5839bab24d1e1d7260ca08777474f8aa4,sha256:edb34de653b4d4b756b3e497b1edc448b941926d02b32f3d93817db66bde9b78,model_input,identity_model_input_v1,-0.168445281626,-0.027535211207000001,-0.820189971889,-0.381671547931,-0.39750401667099999,0.045028261744999999,-0.32201683642500001,0.086865521781999994,-0.487975475682,0.2650566184,0.86962207786000001,-0.49244148841500002,-0.34888549929599999,-1.3814467336209999,0.24570720014299999,-0.249781977539
383,0,-0.052201829437732862,0.4897162396007666,false,flipguard_tabular_validation_v2,sha256:53349d9c7215b3e89d24b955f699e8e5839bab24d1e1d7260ca08777474f8aa4,sha256:edb34de653b4d4b756b3e497b1edc448b941926d02b32f3d93817db66bde9b78,model_input,identity_model_input_v1,-0.168445281626,-0.73870402344700004,-0.50987601361099999,-0.381671547931,-0.39750401667099999,1.2324877069019999,2.4751057896259998,-0.59421189454699996,-0.487975475682,0.65598292829799998,0.50870277133800001,-0.51093057202299996,-0.34888549929599999,0.68157053466999995,0.10594721519,-0.249781977539
386,1,0.13355840393462781,0.52631100557512167,true,flipguard_tabular_validation_v2,sha256:53349d9c7215b3e89d24b955f699e8e5839bab24d1e1d7260ca08777474f8aa4,sha256:edb34de653b4d4b756b3e497b1edc448b941926d02b32f3d93817db66bde9b78,model_input,identity_model_input_v1,-0.168445281626,0.067170376613000002,0.14712286563599999,-0.381671547931,-0.39750401667099999,-0.195925342585,-2.0169147737149999,-0.59421189454699996,-0.487975475682,0.047828829495000003,0.29422978028899999,-0.51093057202299996,-0.34888549929599999,-1.123168022362,-0.76700389501099997,-0.249781977539
387,0,-0.18582908439049808,0.4633916703750719,false,flipguard_tabular_validation_v2,sha256:53349d9c7215b3e89d24b955f699e8e5839bab24d1e1d7260ca08777474f8aa4,sha256:edb34de653b4d4b756b3e497b1edc448b941926d02b32f3d93817db66bde9b78,model_input,identity_model_input_v1,-0.168445281626,-0.73870402344700004,-0.516066815771,-0.381671547931,-0.28868452061099997,-0.47286256646500002,0.913989697647,-0.59421189454699996,-0.487975475682,-1.078072427066,-0.952453531114,-0.51093057202299996,-0.34888549929599999,0.54022397626899998,-1.2104308629760001,-0.249781977539
391,0,-0.013797080532663313,0.49728197513506534,false,flipguard_tabular_validation_v2,sha256:53349d9c7215b3e89d24b955f699e8e5839bab24d1e1d7260ca08777474f8aa4,sha256:edb34de653b4d4b756b3e497b1edc448b941926d02b32f3d93817db66bde9b78,model_input,identity_model_input_v1,-0.168445281626,-0.50807837903300002,-0.94323216482200001,-0.381671547931,-0.39750401667099999,0.28097148866900001,-0.384972998924,-0.59421189454699996,-0.487975475682,-0.10536070950199999,-0.28163492475099999,-0.51093057202299996,-0.34888549929599999,-1.3814467336209999,0.62840077150499996,-0.249781977539
392,1,0.14500387320868047,0.52856576302211,true,flipguard_tabular_validation_v2,sha256:53349d9c7215b3e89d24b955f699e8e5839bab24d1e1d7260ca08777474f8aa4,sha256:edb34de653b4d4b756b3e497b1edc448b941926d02b32f3d93817db66bde9b78,model_input,identity_model_input_v1,-0.168445281626,-0.606291581217,0.36147939043100002,-0.381671547931,-0.39750401667099999,0.36068203830599999,1.685694533285,1.97753642951,-0.487975475682,1.1448500909979999,-1.037486875583,-0.51093057202299996,-0.34888549929599999,2.0622694165,-0.19332940180300001,-0.249781977539
394,1,0.48401350136227117,0.59535065976836743,true,flipguard_tabular_validation_v2,sha256:53349d9c7215b3e89d24b955f699e8e5839bab24d1e1d7260ca08777474f8aa4,sha256:edb34de653b4d4b756b3e497b1edc448b941926d02b32f3d93817db66bde9b78,model_input,identity_model_input_v1,-0.168445281626,2.9846286236189998,2.521295494056,-0.381671547931,-0.39750401667099999,-1.54781626442,0.66954272294200001,-0.39987780508800003,0.973435579015,2.0125055946599999,-0.56224496149699998,0.41814587929699998,1.94288035998,0.89423285662700003,1.2335395545200001,4.9661902039930004
395,1,-0.022446647190620748,0.49557801050344769,false,flipguard_tabular_validation_v2,sha256:53349d9c7215b3e89d24b955f699e8e5839bab24d1e1d7260ca08777474f8aa4,sha256:edb34de653b4d4b756b3e497b1edc448b941926d02b32f3d93817db66bde9b78,model_input,identity_model_input_v1,-0.168445281626,-0.15556313548199999,0.36070554016099998,-0.381671547931,-0.39750401667099999,-0.469218655624,-1.301772115323,-0.59421189454699996,-0.487975475682,-0.90562955803099998,-1.1853504134640001,-0.51093057202299996,-0.34888549929599999,0.230546516501,0.032774448199000002,-0.249781977539
397,1,0.15101578736246024,0.52975011011040463,true,flipguard_tabular_validation_v2,sha256:53349d9c7215b3e89d24b955f699e8e5839bab24d1e1d7260ca08777474f8aa4,sha256:edb34de653b4d4b756b3e497b1edc448b941926d02b32f3d93817db66bde9b78,model_input,identity_model_input_v1,-0.168445281626,-0.26780679512,1.223548591233,-0.381671547931,-0.39750401667099999,0.34337346181299999,-2.3193994607240001,-0.59421189454699996,-0.487975475682,0.86023564696099997,0.32021219109900001,-0.51093057202299996,-0.34888549929599999,-1.0627744928639999,0.286683949657,-0.249781977539
398,0,-0.021615538989991759,0.4957417388189716,false,flipguard_tabular_validation_v2,sha256:53349d9c7215b3e89d24b955f699e8e5839bab24d1e1d7260ca08777474f8aa4,sha256:edb34de653b4d4b756b3e497b1edc448b941926d02b32f3d93817db66bde9b78,model_input,identity_model_input_v1,-0.168445281626,-0.73870402344700004,-1.1661010425880001,-0.381671547931,-0.39750401667099999,0.25910802362599999,-0.386448533983,1.1793136975730001,1.457704675357,-0.46615137238499998,-0.19234991305900001,-0.51093057202299996,-0.31232972485400001,-0.22047750166800001,-0.76041834598199998,-0.249781977539
401,1,0.19605745978404526,0.5386233195774569,true,flipguard_tabular_validation_v2,sha256:53349d9c7215b3e89d24b955f699e8e5839bab24d1e1d7260ca08777474f8aa4,sha256:edb34de653b4d4b756b3e497b1edc448b941926d02b32f3d93817db66bde9b78,model_input,identity_model_input_v1,-0.168445281626,-0.43967989894100001,-1.1661010425880001,-0.381671547931,2.1181466863699998,1.985866273181,-0.69827827636299999,-0.59421189454699996,-0.487975475682,0.21441198938700001,1.819633498562,3.3320254559740001,-0.34888549929599999,-1.3814467336209999,-1.2104308629760001,-0.249781977539
402,1,0.11400249818122433,0.52245849214170115,true,flipguard_tabular_validation_v2,sha256:53349d9c7215b3e89d24b955f699e8e5839bab24d1e1d7260ca08777474f8aa4,sha256:edb34de653b4d4b756b3e497b1edc448b941926d02b32f3d93817db66bde9b78,model_input,identity_model_input_v1,-0.168445281626,1.1098087462220001,0.30730987153,-0.381671547931,-0.39750401667099999,-1.283177239627,-0.57285779638300005,-0.20009509629800001,0.48670826390999999,0.38476210515699999,0.80017817987700002,-0.31587073995499998,-0.34888549929599999,0.54536385111999997,-0.29064918190099998,-0.249781977539
404,0,0.2380653509647041,0.54689887414004668,true,flipguard_tabular_validation_v2,sha256:53349d9c7215b3e89d24b955f699e8e5839bab24d1e1d7260ca08777474f8aa4,sha256:edb34de653b4d4b756b3e497b1edc448b941926d02b32f3d93817db66bde9b78,model_input,identity_model_input_v1,-0.168445281626,-0.47212533180600003,-0.55862858062200005,-0.381671547931,0.072980275119000002,1.006565234789,-0.46219266699,-0.59421189454699996,0.34536068502799999,0.42326876523200002,0.76144076739699995,1.314866434302,-0.34888549929599999,-1.1315203189950001,-1.1094524445289999,5.548868144149
407,1,0.0164585850716788,0.50324234125912071,true,flipguard_tabular_validation_v2,sha256:53349d9c7215b3e89d24b955f699e8e5839bab24d1e1d7260ca08777474f8aa4,sha256:edb34de653b4d4b756b3e497b1edc448b941926d02b32f3d93817db66bde9b78,model_input,identity_model_input_v1,-0.168445281626,-0.73870402344700004,0.80799099623299997,-0.381671547931,-0.39750401667099999,-0.38404223972700002,0.78758552762900003,-0.54154190768400001,-0.458476850524,0.55846062615000003,-0.30667252062200001,-0.51093057202299996,-0.28139791571,1.029154571464,-1.070670878024,-0.249781977539
408,1,0.27788618457535202,0.55474357836134436,true,flipguard_tabular_validation_v2,sha256:53349d9c7215b3e89d24b955f699e8e5839bab24d1e1d7260ca08777474f8aa4,sha256:edb34de653b4d4b756b3e497b1edc448b941926d02b32f3d93817db66bde9b78,model_input,identity_model_input_v1,-0.168445281626,-0.30551364952999999,1.948646294242,-0.29334111007300001,-0.39750401667099999,-0.23509738412,0.36164774071799999,2.4315880403949999,0.244573715739,0.90167216160700003,-0.31895511482299999,-0.51093057202299996,3.1885886736720002,1.1814233639230001,-1.0479873202559999,-0.249781977539
414,1,-0.027065962701122492,0.49466800534787886,false,flipguard_tabular_validation_v2,sha256:53349d9c7215b3e89d24b955f699e8e5839bab24d1e1d7260ca08777474f8aa4,sha256:edb34de653b4d4b756b3e497b1edc448b941926d02b32f3d93817db66bde9b78,model_input,identity_model_input_v1,-0.168445281626,-0.47914056053300003,-0.21426521046399999,-0.381671547931,-0.39750401667099999,0.021342841282000001,-0.42579613554500001,-0.59421189454699996,-0.487975475682,-0.65617336884499999,-0.63924737898799999,-0.51093057202299996,-0.34888549929599999,-0.088125724256999993,0.31229441810399999,-0.249781977539
416,0,0.0092999790235254454,0.50183209586763455,true,flipguard_tabular_validation_v2,sha256:53349d9c7215b3e89d24b955f699e8e5839bab24d1e1d7260ca08777474f8aa4,sha256:edb34de653b4d4b756b3e497b1edc448b941926d02b32f3d93817db66bde9b78,model_input,identity_model_input_v1,-0.168445281626,-0.048580897388999997,-0.89215804700099999,-0.381671547931,2.8046696835740001,1.160064978946,0.051293533395999999,-0.072052542028000002,-0.17823991152400001,0.17213837343400001,1.71050737316,1.0319834550939999,-0.34888549929599999,-0.843044842987,1.1823186176260001,-0.249781977539
418,1,-0.068378627575542833,0.48652941036761804,false,flipguard_tabular_validation_v2,sha256:53349d9c7215b3e89d24b955f699e8e5839bab24d1e1d7260ca08777474f8aa4,sha256:edb34de653b4d4b756b3e497b1edc448b941926d02b32f3d93817db66bde9b78,model_input,identity_model_input_v1,-0.168445281626,-0.73870402344700004,-0.70875553300600003,-0.18506508947299999,-0.39750401667099999,0.087388725266,0.57560032421200003,-0.55062293990199995,-0.487975475682,0.28556560039599999,-0.96379131037700005,-0.51093057202299996,-0.34888549929599999,0.381530340247,-1.2104308629760001,-0.249781977539
419,1,0.28192898032602515,0.55554000912422696,true,flipguard_tabular_validation_v2,sha256:53349d9c7215b3e89d24b955f699e8e5839bab24d1e1d7260ca08777474f8aa4,sha256:edb34de653b4d4b756b3e497b1edc448b941926d02b32f3d93817db66bde9b78,model_input,identity_model_input_v1,-0.168445281626,0.098738905885999997,1.8689397164299999,0.30502637219099998,-0.39750401667099999,-0.238285806106,0.96612526971699997,-0.42530469529699999,1.694922786002,2.3515316235869999,0.88048744965299997,0.90533323237700003,1.26800452412,-0.87131415466700002,-1.0070105707420001,-0.249781977539
420,0,-0.23789143307755234,0.45313538768372219,false,flipguard_tabular_validation_v2,sha256:53349d9c7215b3e89d24b955f699e8e5839bab24d1e1d7260ca08777474f8aa4,sha256:edb34de653b4d4b756b3e497b1edc448b941926d02b32f3d93817db66bde9b78,model_input,identity_model_input_v1,-0.168445281626,1.5771983601849999,0.51934484551500004,-0.381671547931,-0.39750401667099999,0.049127661441000003,-0.24479716835900001,-0.58785517199399995,-0.487975475682,-1.6925047856640001,-0.155502130456,0.17316552148600001,4.9910695519499999,0.767663438423,0.397906555484,-0.249781977539
422,0,-0.072998018021855737,0.48561939044969443,false,flipguard_tabular_validation_v2,sha256:53349d9c7215b3e89d24b955f699e8e5839bab24d1e1d7260ca08777474f8aa4,sha256:edb34de653b4d4b756b3e497b1edc448b941926d02b32f3d93817db66bde9b78,model_input,identity_model_input_v1,-0.168445281626,-0.340589793167,-0.33189045150699997,-0.381671547931,-0.39750401667099999,-0.16085270074499999,0.362631430757,-0.59421189454699996,-0.487975475682,-0.96506375075700002,-0.341158265879,-0.51093057202299996,-0.34888549929599999,0.116184301068,0.193022807909,-0.249781977539
424,0,-0.091859528199398757,0.48190367294471842,false,flipguard_tabular_validation_v2,sha256:53349d9c7215b3e89d24b955f699e8e5839bab24d1e1d7260ca08777474f8aa4,sha256:edb34de653b4d4b756b3e497b1edc448b941926d02b32f3d93817db66bde9b78,model_input,identity_model_input_v1,-0.168445281626,-0.73870402344700004,-1.1661010425880001,-0.381671547931,0.122589163029,0.42991634427600001,-0.025926134669000001,1.626100482684,1.462621112883,-0.63106032966600001,-0.44981198381100002,-0.51093057202299996,-0.34888549929599999,0.76123859485900003,-1.2104308629760001,-0.249781977539
426,1,0.011311610217727405,0.50222838721289231,true,flipguard_tabular_validation_v2,sha256:53349d9c7215b3e89d24b955f699e8e5839bab24d1e1d7260ca08777474f8aa4,sha256:edb34de653b4d4b756b3e497b1edc448b941926d02b32f3d93817db66bde9b78,model_input,identity_model_input_v1,-0.168445281626,0.18467545779700001,0.508510941735,-0.381671547931,-0.39750401667099999,-1.769639336837,-1.2884922997949999,-0.59421189454699996,0.325694934923,-0.53856063535300003,-0.13424379433899999,-0.51093057202299996,1.1695851313900001,-1.220183160173,-0.55187596005799999,-0.249781977539
428,0,-0.21088428331151632,0.45845579618763127,false,flipguard_tabular_validation_v2,sha256:53349d9c7215b3e89d24b955f699e8e5839bab24d1e1d7260ca08777474f8aa4,sha256:edb34de653b4d4b756b3e497b1edc448b941926d02b32f3d93817db66bde9b78,model_input,identity_model_input_v1,-0.168445281626,-0.73870402344700004,-1.1661010425880001,-0.381671547931,2.913489179635,0.025442240977,0.59576597001300002,0.805175170203,-0.487975475682,-1.1140677832229999,0.112825312089,-0.51093057202299996,-0.34888549929599999,1.221899878374,-1.2104308629760001,-0.249781977539
433,0,-0.10887097653155632,0.47855241762328338,false,flipguard_tabular_validation_v2,sha256:53349d9c7215b3e89d24b955f699e8e5839bab24d1e1d7260ca08777474f8aa4,sha256:edb34de653b4d4b756b3e497b1edc448b941926d02b32f3d93817db66bde9b78,model_input,identity_model_input_v1,2.8364417515659999,-0.70538168699100001,-1.1661010425880001,-0.381671547931,1.537242611813,0.37480219281299998,1.132860731337,-0.22370578006399999,-0.487975475682,-1.649394068406,0.88615633928399995,-0.51093057202299996,-0.34888549929599999,-0.16136894088199999,0.60937585208699996,-0.249781977539
434,0,-0.083700476873331417,0.48351100605595371,false,flipguard_tabular_validation_v2,sha256:53349d9c7215b3e89d24b955f699e8e5839bab24d1e1d7260ca08777474f8aa4,sha256:edb34de653b4d4b756b3e497b1edc448b941926d02b32f3d93817db66bde9b78,model_input,identity_model_input_v1,-0.168445281626,1.154530829359,0.73447522058100001,-0.381671547931,-0.39750401667099999,0.062336838238,1.859315825178,-0.55334724956699999,0.014730261384,-0.47284818283300001,0.84694651933499998,-0.51093057202299996,4.0884231214859996,1.6054630391239999,-0.31113755665800003,-0.249781977539
435,0,-0.066391175430272439,0.48692093844023632,false,flipguard_tabular_validation_v2,sha256:53349d9c7215b3e89d24b955f699e8e5839bab24d1e1d7260ca08777474f8aa4,sha256:edb34de653b4d4b756b3e497b1edc448b941926d02b32f3d93817db66bde9b78,model_input,identity_model_input_v1,-0.168445281626,0.26622749175299998,-1.0887160155860001,-0.381671547931,-0.39750401667099999,-0.31116402291599998,-1.6716395700069999,-0.59421189454699996,-0.487975475682,-1.649394068406,-1.2250326408829999,-0.51093057202299996,-0.34888549929599999,-1.1919138484930001,0.31595305645400001,-0.249781977539
438,1,0.018027252273029124,0.50355136869778672,true,flipguard_tabular_validation_v2,sha256:53349d9c7215b3e89d24b955f699e8e5839bab24d1e1d7260ca08777474f8aa4,sha256:edb34de653b4d4b756b3e497b1edc448b941926d02b32f3d93817db66bde9b78,model_input,identity_model_input_v1,-0.168445281626,-0.110841052345,0.60059912386699998,-0.381671547931,-0.39750401667099999,-0.64959224223000001,-0.70663964169500004,-0.59421189454699996,-0.487975475682,-0.26985111613000001,-0.61137533830099999,-0.51093057202299996,-0.34888549929599999,0.084702567606000007,-0.071862608598000005,-0.249781977539
439,1,0.025350384018090817,0.50499402565156393,true,flipguard_tabular_validation_v2,sha256:53349d9c7215b3e89d24b955f699e8e5839bab24d1e1d7260ca08777474f8aa4,sha256:edb34de653b4d4b756b3e497b1edc448b941926d02b32f3d93817db66bde9b78,model_input,identity_model_input_v1,-0.168445281626,2.2664445826519999,-0.256053125045,-0.381671547931,-0.39750401667099999,0.401220546407,0.099494345309999996,-0.59421189454699996,-0.487975475682,0.33035052026700001,0.42839350156200001,-0.111566366082,-0.34888549929599999,-0.111255161086,1.267199027335,-0.249781977539
440,0,-0.039696764000144671,0.49217973749197153,false,flipguard_tabular_validation_v2,sha256:53349d9c7215b3e89d24b955f699e8e5839bab24d1e1d7260ca08777474f8aa4,sha256:edb34de653b4d4b756b3e497b1edc448b941926d02b32f3d93817db66bde9b78,model_input,identity_model_input_v1,-0.168445281626,0.29516531025300002,1.2250962917729999,0.017240106912000001,-0.39750401667099999,-0.121225170354,1.929649662971,0.84967222806999998,0.32077849739699998,-0.78257566604999995,1.1672387835,-0.51093057202299996,7.6849489300930003,2.4162782968580001,-0.33308938675499999,-0.249781977539
442,0,-0.046184909748788479,0.49090157277948865,false,flipguard_tabular_validation_v2,sha256:53349d9c7215b3e89d24b955f699e8e5839bab24d1e1d7260ca08777474f8aa4,sha256:edb34de653b4d4b756b3e497b1edc448b941926d02b32f3d93817db66bde9b78,model_input,identity_model_input_v1,-0.168445281626,-0.73870402344700004,-1.1661010425880001,-0.381671547931,2.268573636807,-0.181349699222,0.46345965975999998,0.40470164940199999,2.738436650962,-0.36402501305399998,-0.59720311422299999,0.28225111477600001,-0.34888549929599999,-1.3814467336209999,0.519373348688,-0.0086738643709999997
444,0,-0.019480159418248176,0.49616240859460509,false,flipguard_tabular_validation_v2,sha256:53349d9c7215b3e89d24b955f699e8e5839bab24d1e1d7260ca08777474f8aa4,sha256:edb34de653b4d4b756b3e497b1edc448b941926d02b32f3d93817db66bde9b78,model_input,identity_model_input_v1,-0.168445281626,-0.061734451252999999,-0.360522911497,-0.381671547931,-0.39750401667099999,-0.781228521344,-0.62548521347300001,-0.59421189454699996,-0.487975475682,-0.19702330250799999,-1.3554171024020001,-0.51093057202299996,-0.34888549929599999,-0.64965705171999999,-0.54748559403899999,-0.249781977539
445,0,-0.17967591625148871,0.46460384449845671,false,flipguard_tabular_validation_v2,sha256:53349d9c7215b3e89d24b955f699e8e5839bab24d1e1d7260ca08777474f8aa4,sha256:edb34de653b4d4b756b3e497b1edc448b941926d02b32f3d93817db66bde9b78,model_input,identity_model_input_v1,-0.168445281626,1.5947364320040001,0.82965880379300005,-0.381671547931,-0.39750401667099999,-0.715638126215,0.92333475301800005,-0.57514172688999998,0.27161412213300001,-1.216194142555,-0.43327772238700002,0.40335461240999998,0.30630645801900003,1.126169709275,0.34449043557999998,-0.249781977539
446,1,-0.016872801197453189,0.49667605816410171,false,flipguard_tabular_validation_v2,sha256:53349d9c7215b3e89d24b955f699e8e5839bab24d1e1d7260ca08777474f8aa4,sha256:edb34de653b4d4b756b3e497b1edc448b941926d02b32f3d93817db66bde9b78,model_input,identity_model_input_v1,-0.168445281626,-0.73870402344700004,-0.20962210884400001,-0.34462975141000002,-0.39750401667099999,-0.423214281262,0.48313346054099998,-0.59421189454699996,-0.487975475682,0.478098900775,-1.4087991464289999,-0.51093057202299996,-0.34888549929599999,0.59226520913500003,-0.62358527170900002,-0.249781977539
447,1,0.094470272830628893,0.51861064374763388,true,flipguard_tabular_validation_v2,sha256:53349d9c7215b3e89d24b955f699e8e5839bab24d1e1d7260ca08777474f8aa4,sha256:edb34de653b4d4b756b3e497b1edc448b941926d02b32f3d93817db66bde9b78,model_input,identity_model_input_v1,-0.168445281626,-0.24851491612000001,0.489938535254,-0.381671547931,-0.39750401667099999,-0.014185289413000001,0.468869954975,-0.59421189454699996,-0.487975475682,0.64635626327899998,-0.73325646537300004,-0.51093057202299996,-0.34888549929599999,0.27166551530799998,0.72645227927300005,-0.249781977539
449,0,-0.13071030857412802,0.4742500692108968,false,flipguard_tabular_validation_v2,sha256:53349d9c7215b3e89d24b955f699e8e5839bab24d1e1d7260ca08777474f8aa4,sha256:edb34de653b4d4b756b3e497b1edc448b941926d02b32f3d93817db66bde9b78,model_input,identity_model_input_v1,-0.168445281626,-0.73870402344700004,-1.1661010425880001,-0.381671547931,3.007906095334,1.452033335044,-0.87485063837300003,0.52457127467599995,-0.487975475682,-1.6925047856640001,-0.94111575185200003,1.3315066095500001,-0.34888549929599999,-1.3814467336209999,2.612114484628,-0.249781977539
451,0,-0.11358015639397685,0.47762470919038658,false,flipguard_tabular_validation_v2,sha256:53349d9c7215b3e89d24b955f699e8e5839bab24d1e1d7260ca08777474f8aa4,sha256:edb34de653b4d4b756b3e497b1edc448b941926d02b32f3d93817db66bde9b78,model_input,identity_model_input_v1,-0.168445281626,-0.73870402344700004,-1.1661010425880001,-0.381671547931,-0.39750401667099999,0.32105450791500001,2.2670553463659999,-0.25821370249100001,1.8116881772519999,0.29895922129199998,1.401080480789,-0.51093057202299996,2.8567747210409999,0.237613844421,-1.089695797441,-0.249781977539
452,0,-0.053962580742007188,0.4893693715938246,false,flipguard_tabular_validation_v2,sha256:53349d9c7215b3e89d24b955f699e8e5839bab24d1e1d7260ca08777474f8aa4,sha256:edb34de653b4d4b756b3e497b1edc448b941926d02b32f3d93817db66bde9b78,model_input,identity_model_input_v1,-0.168445281626,-0.66241341103600004,1.666964795955,-0.14802329295200001,-0.39750401667099999,0.57066240049100003,2.737751030054,-0.098387535459999995,1.7158176454880001,-0.100756652319,0.76663724955900003,-0.51093057202299996,5.9583915833500001,1.6896284898080001,-1.0238403071490001,-0.249781977539
453,0,-0.19025709218041417,0.46251935284045842,false,flipguard_tabular_validation_v2,sha256:53349d9c7215b3e89d24b955f699e8e5839bab24d1e1d7260ca08777474f8aa4,sha256:edb34de653b4d4b756b3e497b1edc448b941926d02b32f3d93817db66bde9b78,model_input,identity_model_input_v1,-0.168445281626,0.97915011117499995,0.76388153084099997,-0.381671547931,-0.39750401667099999,-0.38768615056700001,0.65331183729800002,-0.59421189454699996,1.702297442291,-1.409145993586,-0.105426938713,-0.47765022152800002,-0.19141447092899999,0.42393430776699997,1.0813401991789999,-0.249781977539
457,0,-0.59085626505951105,0.38360131578327633,false,flipguard_tabular_validation_v2,sha256:53349d9c7215b3e89d24b955f699e8e5839bab24d1e1d7260ca08777474f8aa4,sha256:edb34de653b4d4b756b3e497b1edc448b941926d02b32f3d93817db66bde9b78,model_input,identity_model_input_v1,10.135025174845,1.333419161908,-1.0755605609959999,-0.381671547931,0.053776834638000003,0.27322817813299999,0.12703766640399999,-0.59421189454699996,-0.487975475682,-0.95250723116699998,-0.17156398441099999,0.47083976758099999,-0.34888549929599999,0.15923075294399999,1.976974867147,0.64633650973500001
458,1,-0.012281994540646449,0.49758044707549265,false,flipguard_tabular_validation_v2,sha256:53349d9c7215b3e89d24b955f699e8e5839bab24d1e1d7260ca08777474f8aa4,sha256:edb34de653b4d4b756b3e497b1edc448b941926d02b32f3d93817db66bde9b78,model_input,identity_model_input_v1,-0.168445281626,-0.73870402344700004,0.95347484699600005,-0.381671547931,-0.39750401667099999,-1.037668746746,-0.12577067363300001,-0.59421189454699996,-0.487975475682,-0.068528252038000004,-0.88489926300900001,-0.51093057202299996,-0.34888549929599999,0.23375893828300001,-0.98359528530399998,-0.249781977539
464,1,0.058906320216229394,0.51160454508259723,true,flipguard_tabular_validation_v2,sha256:53349d9c7215b3e89d24b955f699e8e5839bab24d1e1d7260ca08777474f8aa4,sha256:edb34de653b4d4b756b3e497b1edc448b941926d02b32f3d93817db66bde9b78,model_input,identity_model_input_v1,-0.168445281626,-0.73870402344700004,-0.297841039626,-0.381671547931,-0.39750401667099999,-0.58582380252099997,-0.67171864530799996,-0.59421189454699996,-0.487975475682,0.14535113164300001,0.48744443522100001,-0.51093057202299996,-0.34888549929599999,-1.1732818021589999,-0.36309022122200002,-0.249781977539
465,0,-0.034077329199697706,0.49328676614765954,false,flipguard_tabular_validation_v2,sha256:53349d9c7215b3e89d24b955f699e8e5839bab24d1e1d7260ca08777474f8aa4,sha256:edb34de653b4d4b756b3e497b1edc448b941926d02b32f3d93817db66bde9b78,model_input,identity_model_input_v1,-0.168445281626,1.500030844184,2.2690203060299998,-0.381671547931,-0.39750401667099999,-0.077953729122999998,1.934076268146,-0.59421189454699996,0.83700443765999999,0.79201189052200005,1.634922178077,-0.51093057202299996,2.834278859846,0.734254251892,-0.81822483190499995,-0.249781977539
466,0,-0.068807435564366304,0.48644493519381982,false,flipguard_tabular_validation_v2,sha256:53349d9c7215b3e89d24b955f699e8e5839bab24d1e1d7260ca08777474f8aa4,sha256:edb34de653b4d4b756b3e497b1edc448b941926d02b32f3d93817db66bde9b78,model_input,identity_model_input_v1,-0.168445281626,-0.73870402344700004,0.096048747813999996,-0.381671547931,-0.39750401667099999,-1.559658974652,0.089657444919999996,-0.59421189454699996,-0.487975475682,-0.51344759617400004,-0.744121837166,-0.51093057202299996,-0.34888549929599999,-0.82826770278999995,-0.027958948402999999,-0.249781977539
467,1,-0.10930173762014055,0.47846755768883231,false,flipguard_tabular_validation_v2,sha256:53349d9c7215b3e89d24b955f699e8e5839bab24d1e1d7260ca08777474f8aa4,sha256:edb34de653b4d4b756b3e497b1edc448b941926d02b32f3d93817db66bde9b78,model_input,identity_model_input_v1,-0.168445281626,-0.73870402344700004,-0.87049023944000004,-0.381671547931,-0.39750401667099999,-0.73932354667800004,-0.507442408786,-0.59421189454699996,-0.487975475682,-0.646965254479,-1.823572904448,-0.51093057202299996,-0.34888549929599999,-0.37852865333399999,-1.2104308629760001,-0.249781977539
468,1,0.069500967400784999,0.51369169057795461,true,flipguard_tabular_validation_v2,sha256:53349d9c7215b3e89d24b955f699e8e5839bab24d1e1d7260ca08777474f8aa4,sha256:edb34de653b4d4b756b3e497b1edc448b941926d02b32f3d93817db66bde9b78,model_input,identity_model_input_v1,-0.168445281626,-0.18362405039099999,0.356062438541,-0.381671547931,-0.39750401667099999,0.71596334525700001,0.66167320262999996,-0.59421189454699996,-0.487975475682,0.66560959331699998,0.17990717272599999,-0.51093057202299996,-0.34888549929599999,0.68092805031299997,0.56839910257199999,-0.249781977539
469,1,0.063533977012779047,0.51251619347151744,true,flipguard_tabular_validation_v2,sha256:53349d9c7215b3e89d24b955f699e8e5839bab24d1e1d7260ca08777474f8aa4,sha256:edb34de653b4d4b756b3e497b1edc448b941926d02b32f3d93817db66bde9b78,model_input,identity_model_input_v1,-0.168445281626,-0.57559995553499999,-0.317961146646,-0.381671547931,-0.39750401667099999,-0.47377354417500001,-1.255046838468,-0.59421189454699996,-0.487975475682,0.10307751569,-0.35958215717999997,-0.51093057202299996,-0.34888549929599999,-1.3814467336209999,-0.409189064426,-0.249781977539
470,1,0.037040121187321848,0.50729690387390236,true,flipguard_tabular_validation_v2,sha256:53349d9c7215b3e89d24b955f699e8e5839bab24d1e1d7260ca08777474f8aa4,sha256:edb34de653b4d4b756b3e497b1edc448b941926d02b32f3d93817db66bde9b78,model_input,identity_model_input_v1,-0.168445281626,-0.73870402344700004,-0.91459970483200004,1.4960625987939999,-0.39750401667099999,-0.85319576044500001,-0.642207944137,-0.177392515754,-0.44987308485299998,0.64133365544300003,-0.75734924630599998,-0.51093057202299996,-0.34888549929599999,-0.26737885968300001,-1.2104308629760001,-0.249781977539
471,1,0.11359173848663824,0.52237757248186778,true,flipguard_tabular_validation_v2,sha256:53349d9c7215b3e89d24b955f699e8e5839bab24d1e1d7260ca08777474f8aa4,sha256:edb34de653b4d4b756b3e497b1edc448b941926d02b32f3d93817db66bde9b78,model_input,identity_model_input_v1,-0.168445281626,-0.159070749846,1.1833083771920001,1.4846651229409999,-0.39750401667099999,-0.78532792104000004,-1.7842720794789999,0.56180350676799995,0.97835201654100001,0.023552891621000001,0.19927587896599999,-0.50168603021900005,2.0047439782669998,0.38924015252299998,-1.2075039522969999,-0.249781977539
472,0,-0.025696720368016832,0.49493774608750069,false,flipguard_tabular_validation_v2,sha256:53349d9c7215b3e89d24b955f699e8e5839bab24d1e1d7260ca08777474f8aa4,sha256:edb34de653b4d4b756b3e497b1edc448b941926d02b32f3d93817db66bde9b78,model_input,identity_model_input_v1,-0.168445281626,-0.73870402344700004,-0.51916221685099995,-0.381671547931,-0.39750401667099999,0.61028993088200001,0.21261869980100001,-0.59421189454699996,-0.487975475682,-0.065598397466999997,0.521457773008,-0.51093057202299996,-0.34888549929599999,-1.3814467336209999,1.2942729511219999,-0.249781977539
475,0,-0.10606572207268954,0.47910505275168014,false,flipguard_tabular_validation_v2,sha256:53349d9c7215b3e89d24b955f699e8e5839bab24d1e1d7260ca08777474f8aa4,sha256:edb34de653b4d4b756b3e497b1edc448b941926d02b32f3d93817db66bde9b78,model_input,identity_model_input_v1,-0.168445281626,-0.73870402344700004,0.25236650235800001,-0.381671547931,-0.39750401667099999,-1.61613959268,0.318365379,-0.59421189454699996,-0.487975475682,-0.35858385456500003,-0.84946870281300002,-0.51093057202299996,-0.34888549929599999,-0.29629065571899998,-1.0055471154019999,-0.249781977539
478,0,-0.024530907896858523,0.49516741114431889,false,flipguard_tabular_validation_v2,sha256:53349d9c7215b3e89d24b955f699e8e5839bab24d1e1d7260ca08777474f8aa4,sha256:edb34de653b4d4b756b3e497b1edc448b941926d02b32f3d93817db66bde9b78,model_input,identity_model_input_v1,-0.168445281626,-0.73870402344700004,-1.1661010425880001,-0.381671547931,2.4158000138290001,1.29079028035,-0.22069676240200001,-0.54245001090599998,-0.487975475682,0.56683163921000002,2.4786419181929999,1.9111393806720001,-0.34888549929599999,-0.99659860415799995,0.67523134237899995,-0.249781977539
479,1,0.1222841095604513,0.52408996958340892,true,flipguard_tabular_validation_v2,sha256:53349d9c7215b3e89d24b955f699e8e5839bab24d1e1d7260ca08777474f8aa4,sha256:edb34de653b4d4b756b3e497b1edc448b941926d02b32f3d93817db66bde9b78,model_input,identity_model_input_v1,-0.168445281626,-0.56156949808000001,1.191046879892,-0.381671547931,-0.39750401667099999,0.029086151817999999,-0.964366431927,-0.59421189454699996,-0.487975475682,0.62668438258900006,0.037712524476000001,-0.51093057202299996,-0.34888549929599999,-0.33548220145699997,-0.123083545492,-0.249781977539
481,1,0.16712671802076845,0.53292396345009141,true,flipguard_tabular_validation_v2,sha256:53349d9c7215b3e89d24b955f699e8e5839bab24d1e1d7260ca08777474f8aa4,sha256:edb34de653b4d4b756b3e497b1edc448b941926d02b32f3d93817db66bde9b78,model_input,identity_model_input_v1,-0.168445281626,-0.70976620494599996,-1.134373181517,-0.381671547931,0.73549897172099998,-0.161763678455,-1.120773148137,1.518944302515,2.1460059290409998,-0.852892175754,-1.033235208359,1.419329756689,-0.34888549929599999,-1.304991095214,-1.18262521152,-0.249781977539
482,1,0.041757956357056189,0.50822631740234003,true,flipguard_tabular_validation_v2,sha256:53349d9c7215b3e89d24b955f699e8e5839bab24d1e1d7260ca08777474f8aa4,sha256:edb34de653b4d4b756b3e497b1edc448b941926d02b32f3d93817db66bde9b78,model_input,identity_model_input_v1,-0.168445281626,-0.36514309371300002,-0.71958943678700005,-0.381671547931,-0.39750401667099999,-0.107105015847,-0.377103478612,-0.59421189454699996,-0.487975475682,-0.02123202825,0.62727704612400004,-0.48689476333199999,-0.34888549929599999,-0.32327499868699999,-1.136526368315,-0.249781977539
483,0,-0.039754945287991249,0.49216827577826572,false,flipguard_tabular_validation_v2,sha256:53349d9c7215b3e89d24b955f699e8e5839bab24d1e1d7260ca08777474f8aa4,sha256:edb34de653b4d4b756b3e497b1edc448b941926d02b32f3d93817db66bde9b78,model_input,identity_model_input_v1,-0.168445281626,-0.73870402344700004,0.71125971247999997,1.6299829400620001,-0.39750401667099999,-0.52706574021700003,-1.2948862850489999,-0.59421189454699996,-0.487975475682,-0.59673917612000005,-0.83387925632799997,-0.51093057202299996,-0.34888549929599999,-0.15173167553700001,-0.24601379403599999,-0.249781977539
486,1,0.28858862570058458,0.55685195926301512,true,flipguard_tabular_validation_v2,sha256:53349d9c7215b3e89d24b955f699e8e5839bab24d1e1d7260ca08777474f8aa4,sha256:edb34de653b4d4b756b3e497b1edc448b941926d02b32f3d93817db66bde9b78,model_input,identity_model_input_v1,-0.168445281626,-0.553677365762,1.986564957473,-0.381671547931,-0.39750401667099999,0.42353950030499998,-0.42825536064300002,-0.465261237055,-0.487975475682,2.270332796905,0.89749411854700001,1.282510537988,-0.34888549929599999,-0.19670558048199999,-0.117229724132,-0.249781977539
487,0,-0.025475723691900844,0.49498128243269551,false,flipguard_tabular_validation_v2,sha256:53349d9c7215b3e89d24b955f699e8e5839bab24d1e1d7260ca08777474f8aa4,sha256:edb34de653b4d4b756b3e497b1edc448b941926d02b32f3d93817db66bde9b78,model_input,identity_model_input_v1,-0.168445281626,-0.73870402344700004,0.92252083619500003,-0.381671547931,-0.11585355628000001,1.961725363862,-0.23889502812499999,-0.59421189454699996,-0.27165222452400001,-0.65240641296799995,0.12085623906699999,-0.478574675708,-0.34888549929599999,0.17465037749699999,0.90206692005099998,-0.249781977539
490,1,0.21510163550027522,0.54237502219355427,true,flipguard_tabular_validation_v2,sha256:53349d9c7215b3e89d24b955f699e8e5839bab24d1e1d7260ca08777474f8aa4,sha256:edb34de653b4d4b756b3e497b1edc448b941926d02b32f3d93817db66bde9b78,model_input,identity_model_input_v1,-0.168445281626,0.62225034966799997,0.24540184992799999,-0.381671547931,-0.39750401667099999,0.42490596686999998,0.79004475272600005,-0.45708830805900003,-0.487975475682,1.069510973459,-0.83907573848899997,-0.51093057202299996,-0.34888549929599999,-0.62588513053499994,1.7655055705430001,-0.249781977539
497,0,-0.19113985225720137,0.46234544910533132,false,flipguard_tabular_validation_v2,sha256:53349d9c7215b3e89d24b955f699e8e5839bab24d1e1d7260ca08777474f8aa4,sha256:edb34de653b4d4b756b3e497b1edc448b941926d02b32f3d93817db66bde9b78,model_input,identity_model_input_v1,-0.168445281626,-0.73870402344700004,-1.1661010425880001,-0.381671547931,-0.21347104539299999,0.71186394556199994,1.843576784553,-0.337218682785,-0.487975475682,-1.2480039921820001,0.20352754618900001,-0.51093057202299996,-0.34888549929599999,1.2161175191660001,-0.90603215229400003,-0.249781977539
499,0,-0.087259668905965482,0.48280984522552478,false,flipguard_tabular_validation_v2,sha256:53349d9c7215b3e89d24b955f699e8e5839bab24d1e1d7260ca08777474f8aa4,sha256:edb34de653b4d4b756b3e497b1edc448b941926d02b32f3d93817db66bde9b78,model_input,identity_model_input_v1,-0.168445281626,-0.651890567945,-0.54702082657200002,-0.381671547931,-0.39750401667099999,0.041839839759999997,0.34738423515200001,-0.59421189454699996,-0.487975475682,-1.185639944886,-0.089837492226999993,-0.51093057202299996,-0.34888549929599999,-0.41386529293399998,-0.041130046461999997,-0.249781977539
