split_seed,dataset_id,model_id,alpha,protected_margin,decision_budget,sensitivity,unit_error_budget,multiplicative_depth,add_ops,mul_ops,rot_ops,rescale_ops,planned_chain_length,planned_scale_bits,planned_logN,estimated_log_qp,ideal_candidate_count,projected_candidate_count,projected_candidate_ids,planning_overhead_us,plan_reason
0,banknote,linear_poly3,0.1,0.004312115264,0.0004312115264,3,0.000143737175467,2,6,8,0,2,4,30,14,240,7,6,deep_chain_8_scale45__rescale_aware;deep_chain_9_scale45__rescale_aware;short_chain_5__baseline_non_rescale;short_chain_5__rescale_aware;short_chain_6_scale38__baseline_non_rescale;short_chain_6_scale38__rescale_aware,130.465,budget=0.000431212 sensitivity=3 unit_budget=0.000143737 depth=2 chain=4 scale=30 logN=14 logQP≈240
0,banknote,linear_poly3,0.25,0.004312115264,0.001078028816,3,0.000359342938667,2,6,8,0,2,4,30,14,240,7,6,deep_chain_8_scale45__rescale_aware;deep_chain_9_scale45__rescale_aware;short_chain_5__baseline_non_rescale;short_chain_5__rescale_aware;short_chain_6_scale38__baseline_non_rescale;short_chain_6_scale38__rescale_aware,66.996,budget=0.00107803 sensitivity=3 unit_budget=0.000359343 depth=2 chain=4 scale=30 logN=14 logQP≈240
0,banknote,linear_poly3,0.5,0.004312115264,0.002156057632,3,0.000718685877333,2,6,8,0,2,4,30,14,240,7,6,deep_chain_8_scale45__rescale_aware;deep_chain_9_scale45__rescale_aware;short_chain_5__baseline_non_rescale;short_chain_5__rescale_aware;short_chain_6_scale38__baseline_non_rescale;short_chain_6_scale38__rescale_aware,63.028,budget=0.00215606 sensitivity=3 unit_budget=0.000718686 depth=2 chain=4 scale=30 logN=14 logQP≈240
0,banknote,linear_poly3,0.75,0.004312115264,0.003234086448,3,0.001078028816,2,6,8,0,2,4,30,14,240,7,6,deep_chain_8_scale45__rescale_aware;deep_chain_9_scale45__rescale_aware;short_chain_5__baseline_non_rescale;short_chain_5__rescale_aware;short_chain_6_scale38__baseline_non_rescale;short_chain_6_scale38__rescale_aware,66.865,budget=0.00323409 sensitivity=3 unit_budget=0.00107803 depth=2 chain=4 scale=30 logN=14 logQP≈240
0,banknote,linear_poly3,0.9,0.004312115264,0.0038809037376,3,0.0012936345792,2,6,8,0,2,4,30,14,240,7,6,deep_chain_8_scale45__rescale_aware;deep_chain_9_scale45__rescale_aware;short_chain_5__baseline_non_rescale;short_chain_5__rescale_aware;short_chain_6_scale38__baseline_non_rescale;short_chain_6_scale38__rescale_aware,72.356,budget=0.0038809 sensitivity=3 unit_budget=0.00129363 depth=2 chain=4 scale=30 logN=14 logQP≈240
0,banknote,mlp_square_linear_score,0.1,0.012219452992,0.0012219452992,6.05,0.00020197442962,1,21,25,0,1,3,30,14,210,7,8,deep_chain_8_scale45__rescale_aware;deep_chain_9_scale45__rescale_aware;short_chain_3__baseline_non_rescale;short_chain_3__rescale_aware;short_chain_5__baseline_non_rescale;short_chain_5__rescale_aware;short_chain_6_scale38__baseline_non_rescale;short_chain_6_scale38__rescale_aware,101.761,budget=0.00122195 sensitivity=6.05 unit_budget=0.000201974 depth=1 chain=3 scale=30 logN=14 logQP≈210
0,banknote,mlp_square_linear_score,0.25,0.012219452992,0.003054863248,6.05,0.00050493607405,1,21,25,0,1,3,30,14,210,7,8,deep_chain_8_scale45__rescale_aware;deep_chain_9_scale45__rescale_aware;short_chain_3__baseline_non_rescale;short_chain_3__rescale_aware;short_chain_5__baseline_non_rescale;short_chain_5__rescale_aware;short_chain_6_scale38__baseline_non_rescale;short_chain_6_scale38__rescale_aware,126.116,budget=0.00305486 sensitivity=6.05 unit_budget=0.000504936 depth=1 chain=3 scale=30 logN=14 logQP≈210
0,banknote,mlp_square_linear_score,0.5,0.012219452992,0.006109726496,6.05,0.0010098721481,1,21,25,0,1,3,30,14,210,7,8,deep_chain_8_scale45__rescale_aware;deep_chain_9_scale45__rescale_aware;short_chain_3__baseline_non_rescale;short_chain_3__rescale_aware;short_chain_5__baseline_non_rescale;short_chain_5__rescale_aware;short_chain_6_scale38__baseline_non_rescale;short_chain_6_scale38__rescale_aware,99.186,budget=0.00610973 sensitivity=6.05 unit_budget=0.00100987 depth=1 chain=3 scale=30 logN=14 logQP≈210
0,banknote,mlp_square_linear_score,0.75,0.012219452992,0.009164589744,6.05,0.00151480822215,1,21,25,0,1,3,30,14,210,7,8,deep_chain_8_scale45__rescale_aware;deep_chain_9_scale45__rescale_aware;short_chain_3__baseline_non_rescale;short_chain_3__rescale_aware;short_chain_5__baseline_non_rescale;short_chain_5__rescale_aware;short_chain_6_scale38__baseline_non_rescale;short_chain_6_scale38__rescale_aware,138.449,budget=0.00916459 sensitivity=6.05 unit_budget=0.00151481 depth=1 chain=3 scale=30 logN=14 logQP≈210
0,banknote,mlp_square_linear_score,0.9,0.012219452992,0.0109975076928,6.05,0.00181776986658,1,21,25,0,1,3,30,14,210,7,8,deep_chain_8_scale45__rescale_aware;deep_chain_9_scale45__rescale_aware;short_chain_3__baseline_non_rescale;short_chain_3__rescale_aware;short_chain_5__baseline_non_rescale;short_chain_5__rescale_aware;short_chain_6_scale38__baseline_non_rescale;short_chain_6_scale38__rescale_aware,80.161,budget=0.0109975 sensitivity=6.05 unit_budget=0.00181777 depth=1 chain=3 scale=30 logN=14 logQP≈210
0,digits_binary,linear_poly3,0.1,0.001090786265,0.0001090786265,3.8,2.87049017105e-05,2,10,12,0,2,4,30,14,240,7,6,deep_chain_8_scale45__rescale_aware;deep_chain_9_scale45__rescale_aware;short_chain_5__baseline_non_rescale;short_chain_5__rescale_aware;short_chain_6_scale38__baseline_non_rescale;short_chain_6_scale38__rescale_aware,88.736,budget=0.000109079 sensitivity=3.8 unit_budget=2.87049e-05 depth=2 chain=4 scale=30 logN=14 logQP≈240
0,digits_binary,linear_poly3,0.25,0.001090786265,0.00027269656625,3.8,7.17622542763e-05,2,10,12,0,2,4,30,14,240,7,6,deep_chain_8_scale45__rescale_aware;deep_chain_9_scale45__rescale_aware;short_chain_5__baseline_non_rescale;short_chain_5__rescale_aware;short_chain_6_scale38__baseline_non_rescale;short_chain_6_scale38__rescale_aware,73.859,budget=0.000272697 sensitivity=3.8 unit_budget=7.17623e-05 depth=2 chain=4 scale=30 logN=14 logQP≈240
0,digits_binary,linear_poly3,0.5,0.001090786265,0.0005453931325,3.8,0.000143524508553,2,10,12,0,2,4,30,14,240,7,6,deep_chain_8_scale45__rescale_aware;deep_chain_9_scale45__rescale_aware;short_chain_5__baseline_non_rescale;short_chain_5__rescale_aware;short_chain_6_scale38__baseline_non_rescale;short_chain_6_scale38__rescale_aware,98.825,budget=0.000545393 sensitivity=3.8 unit_budget=0.000143525 depth=2 chain=4 scale=30 logN=14 logQP≈240
0,digits_binary,linear_poly3,0.75,0.001090786265,0.00081808969875,3.8,0.000215286762829,2,10,12,0,2,4,30,14,240,7,6,deep_chain_8_scale45__rescale_aware;deep_chain_9_scale45__rescale_aware;short_chain_5__baseline_non_rescale;short_chain_5__rescale_aware;short_chain_6_scale38__baseline_non_rescale;short_chain_6_scale38__rescale_aware,77.625,budget=0.00081809 sensitivity=3.8 unit_budget=0.000215287 depth=2 chain=4 scale=30 logN=14 logQP≈240
0,digits_binary,linear_poly3,0.9,0.001090786265,0.0009817076385,3.8,0.000258344115395,2,10,12,0,2,4,30,14,240,7,6,deep_chain_8_scale45__rescale_aware;deep_chain_9_scale45__rescale_aware;short_chain_5__baseline_non_rescale;short_chain_5__rescale_aware;short_chain_6_scale38__baseline_non_rescale;short_chain_6_scale38__rescale_aware,76.874,budget=0.000981708 sensitivity=3.8 unit_budget=0.000258344 depth=2 chain=4 scale=30 logN=14 logQP≈240
0,digits_binary,mlp_square_linear_score,0.1,0.001114205795,0.0001114205795,9.25,1.20454680541e-05,1,37,41,0,1,3,30,14,210,7,8,deep_chain_8_scale45__rescale_aware;deep_chain_9_scale45__rescale_aware;short_chain_3__baseline_non_rescale;short_chain_3__rescale_aware;short_chain_5__baseline_non_rescale;short_chain_5__rescale_aware;short_chain_6_scale38__baseline_non_rescale;short_chain_6_scale38__rescale_aware,85.069,budget=0.000111421 sensitivity=9.25 unit_budget=1.20455e-05 depth=1 chain=3 scale=30 logN=14 logQP≈210
0,digits_binary,mlp_square_linear_score,0.25,0.001114205795,0.00027855144875,9.25,3.01136701351e-05,1,37,41,0,1,3,30,14,210,7,8,deep_chain_8_scale45__rescale_aware;deep_chain_9_scale45__rescale_aware;short_chain_3__baseline_non_rescale;short_chain_3__rescale_aware;short_chain_5__baseline_non_rescale;short_chain_5__rescale_aware;short_chain_6_scale38__baseline_non_rescale;short_chain_6_scale38__rescale_aware,76.604,budget=0.000278551 sensitivity=9.25 unit_budget=3.01137e-05 depth=1 chain=3 scale=30 logN=14 logQP≈210
0,digits_binary,mlp_square_linear_score,0.5,0.001114205795,0.0005571028975,9.25,6.02273402703e-05,1,37,41,0,1,3,30,14,210,7,8,deep_chain_8_scale45__rescale_aware;deep_chain_9_scale45__rescale_aware;short_chain_3__baseline_non_rescale;short_chain_3__rescale_aware;short_chain_5__baseline_non_rescale;short_chain_5__rescale_aware;short_chain_6_scale38__baseline_non_rescale;short_chain_6_scale38__rescale_aware,204.864,budget=0.000557103 sensitivity=9.25 unit_budget=6.02273e-05 depth=1 chain=3 scale=30 logN=14 logQP≈210
0,digits_binary,mlp_square_linear_score,0.75,0.001114205795,0.00083565434625,9.25,9.03410104054e-05,1,37,41,0,1,3,30,14,210,7,8,deep_chain_8_scale45__rescale_aware;deep_chain_9_scale45__rescale_aware;short_chain_3__baseline_non_rescale;short_chain_3__rescale_aware;short_chain_5__baseline_non_rescale;short_chain_5__rescale_aware;short_chain_6_scale38__baseline_non_rescale;short_chain_6_scale38__rescale_aware,124.734,budget=0.000835654 sensitivity=9.25 unit_budget=9.0341e-05 depth=1 chain=3 scale=30 logN=14 logQP≈210
0,digits_binary,mlp_square_linear_score,0.9,0.001114205795,0.0010027852155,9.25,0.000108409212486,1,37,41,0,1,3,30,14,210,7,8,deep_chain_8_scale45__rescale_aware;deep_chain_9_scale45__rescale_aware;short_chain_3__baseline_non_rescale;short_chain_3__rescale_aware;short_chain_5__baseline_non_rescale;short_chain_5__rescale_aware;short_chain_6_scale38__baseline_non_rescale;short_chain_6_scale38__rescale_aware,68.799,budget=0.00100279 sensitivity=9.25 unit_budget=0.000108409 depth=1 chain=3 scale=30 logN=14 logQP≈210
0,iris_binary,linear_poly3,0.1,0.054808789627,0.0054808789627,3,0.00182695965423,2,6,8,0,2,4,30,14,240,7,6,deep_chain_8_scale45__rescale_aware;deep_chain_9_scale45__rescale_aware;short_chain_5__baseline_non_rescale;short_chain_5__rescale_aware;short_chain_6_scale38__baseline_non_rescale;short_chain_6_scale38__rescale_aware,73.057,budget=0.00548088 sensitivity=3 unit_budget=0.00182696 depth=2 chain=4 scale=30 logN=14 logQP≈240
0,iris_binary,linear_poly3,0.25,0.054808789627,0.0137021974067,3,0.00456739913558,2,6,8,0,2,4,30,14,240,7,6,deep_chain_8_scale45__rescale_aware;deep_chain_9_scale45__rescale_aware;short_chain_5__baseline_non_rescale;short_chain_5__rescale_aware;short_chain_6_scale38__baseline_non_rescale;short_chain_6_scale38__rescale_aware,99.647,budget=0.0137022 sensitivity=3 unit_budget=0.0045674 depth=2 chain=4 scale=30 logN=14 logQP≈240
0,iris_binary,linear_poly3,0.5,0.054808789627,0.0274043948135,3,0.00913479827117,2,6,8,0,2,4,30,14,240,7,6,deep_chain_8_scale45__rescale_aware;deep_chain_9_scale45__rescale_aware;short_chain_5__baseline_non_rescale;short_chain_5__rescale_aware;short_chain_6_scale38__baseline_non_rescale;short_chain_6_scale38__rescale_aware,275.837,budget=0.0274044 sensitivity=3 unit_budget=0.0091348 depth=2 chain=4 scale=30 logN=14 logQP≈240
0,iris_binary,linear_poly3,0.75,0.054808789627,0.0411065922202,3,0.0137021974067,2,6,8,0,2,4,30,14,240,7,6,deep_chain_8_scale45__rescale_aware;deep_chain_9_scale45__rescale_aware;short_chain_5__baseline_non_rescale;short_chain_5__rescale_aware;short_chain_6_scale38__baseline_non_rescale;short_chain_6_scale38__rescale_aware,70.593,budget=0.0411066 sensitivity=3 unit_budget=0.0137022 depth=2 chain=4 scale=30 logN=14 logQP≈240
0,iris_binary,linear_poly3,0.9,0.054808789627,0.0493279106643,3,0.0164426368881,2,6,8,0,2,4,30,14,240,7,6,deep_chain_8_scale45__rescale_aware;deep_chain_9_scale45__rescale_aware;short_chain_5__baseline_non_rescale;short_chain_5__rescale_aware;short_chain_6_scale38__baseline_non_rescale;short_chain_6_scale38__rescale_aware,69.049,budget=0.0493279 sensitivity=3 unit_budget=0.0164426 depth=2 chain=4 scale=30 logN=14 logQP≈240
0,iris_binary,mlp_square_linear_score,0.1,0.069303860219,0.0069303860219,6.05,0.00114551835073,1,21,25,0,1,3,30,14,210,7,8,deep_chain_8_scale45__rescale_aware;deep_chain_9_scale45__rescale_aware;short_chain_3__baseline_non_rescale;short_chain_3__rescale_aware;short_chain_5__baseline_non_rescale;short_chain_5__rescale_aware;short_chain_6_scale38__baseline_non_rescale;short_chain_6_scale38__rescale_aware,80.862,budget=0.00693039 sensitivity=6.05 unit_budget=0.00114552 depth=1 chain=3 scale=30 logN=14 logQP≈210
0,iris_binary,mlp_square_linear_score,0.25,0.069303860219,0.0173259650548,6.05,0.00286379587682,1,21,25,0,1,3,30,14,210,7,8,deep_chain_8_scale45__rescale_aware;deep_chain_9_scale45__rescale_aware;short_chain_3__baseline_non_rescale;short_chain_3__rescale_aware;short_chain_5__baseline_non_rescale;short_chain_5__rescale_aware;short_chain_6_scale38__baseline_non_rescale;short_chain_6_scale38__rescale_aware,74.359,budget=0.017326 sensitivity=6.05 unit_budget=0.0028638 depth=1 chain=3 scale=30 logN=14 logQP≈210
0,iris_binary,mlp_square_linear_score,0.5,0.069303860219,0.0346519301095,6.05,0.00572759175364,1,21,25,0,1,3,30,14,210,7,8,deep_chain_8_scale45__rescale_aware;deep_chain_9_scale45__rescale_aware;short_chain_3__baseline_non_rescale;short_chain_3__rescale_aware;short_chain_5__baseline_non_rescale;short_chain_5__rescale_aware;short_chain_6_scale38__baseline_non_rescale;short_chain_6_scale38__rescale_aware,65.493,budget=0.0346519 sensitivity=6.05 unit_budget=0.00572759 depth=1 chain=3 scale=30 logN=14 logQP≈210
0,iris_binary,mlp_square_linear_score,0.75,0.069303860219,0.0519778951643,6.05,0.00859138763045,1,21,25,0,1,3,30,14,210,7,8,deep_chain_8_scale45__rescale_aware;deep_chain_9_scale45__rescale_aware;short_chain_3__baseline_non_rescale;short_chain_3__rescale_aware;short_chain_5__baseline_non_rescale;short_chain_5__rescale_aware;short_chain_6_scale38__baseline_non_rescale;short_chain_6_scale38__rescale_aware,70.172,budget=0.0519779 sensitivity=6.05 unit_budget=0.00859139 depth=1 chain=3 scale=30 logN=14 logQP≈210
0,iris_binary,mlp_square_linear_score,0.9,0.069303860219,0.0623734741971,6.05,0.0103096651565,1,21,25,0,1,3,30,14,210,7,8,deep_chain_8_scale45__rescale_aware;deep_chain_9_scale45__rescale_aware;short_chain_3__baseline_non_rescale;short_chain_3__rescale_aware;short_chain_5__baseline_non_rescale;short_chain_5__rescale_aware;short_chain_6_scale38__baseline_non_rescale;short_chain_6_scale38__rescale_aware,67.476,budget=0.0623735 sensitivity=6.05 unit_budget=0.0103097 depth=1 chain=3 scale=30 logN=14 logQP≈210
0,mnist_pool16,linear_poly3,0.1,0.00132441209,0.000132441209,5.4,2.45261498148e-05,2,18,20,0,2,4,30,14,240,7,6,deep_chain_8_scale45__rescale_aware;deep_chain_9_scale45__rescale_aware;short_chain_5__baseline_non_rescale;short_chain_5__rescale_aware;short_chain_6_scale38__baseline_non_rescale;short_chain_6_scale38__rescale_aware,69.109,budget=0.000132441 sensitivity=5.4 unit_budget=2.45261e-05 depth=2 chain=4 scale=30 logN=14 logQP≈240
0,mnist_pool16,linear_poly3,0.25,0.00132441209,0.0003311030225,5.4,6.1315374537e-05,2,18,20,0,2,4,30,14,240,7,6,deep_chain_8_scale45__rescale_aware;deep_chain_9_scale45__rescale_aware;short_chain_5__baseline_non_rescale;short_chain_5__rescale_aware;short_chain_6_scale38__baseline_non_rescale;short_chain_6_scale38__rescale_aware,128.171,budget=0.000331103 sensitivity=5.4 unit_budget=6.13154e-05 depth=2 chain=4 scale=30 logN=14 logQP≈240
0,mnist_pool16,linear_poly3,0.5,0.00132441209,0.000662206045,5.4,0.000122630749074,2,18,20,0,2,4,30,14,240,7,6,deep_chain_8_scale45__rescale_aware;deep_chain_9_scale45__rescale_aware;short_chain_5__baseline_non_rescale;short_chain_5__rescale_aware;short_chain_6_scale38__baseline_non_rescale;short_chain_6_scale38__rescale_aware,79.109,budget=0.000662206 sensitivity=5.4 unit_budget=0.000122631 depth=2 chain=4 scale=30 logN=14 logQP≈240
0,mnist_pool16,linear_poly3,0.75,0.00132441209,0.0009933090675,5.4,0.000183946123611,2,18,20,0,2,4,30,14,240,7,6,deep_chain_8_scale45__rescale_aware;deep_chain_9_scale45__rescale_aware;short_chain_5__baseline_non_rescale;short_chain_5__rescale_aware;short_chain_6_scale38__baseline_non_rescale;short_chain_6_scale38__rescale_aware,60.604,budget=0.000993309 sensitivity=5.4 unit_budget=0.000183946 depth=2 chain=4 scale=30 logN=14 logQP≈240
0,mnist_pool16,linear_poly3,0.9,0.00132441209,0.001191970881,5.4,0.000220735348333,2,18,20,0,2,4,30,14,240,7,6,deep_chain_8_scale45__rescale_aware;deep_chain_9_scale45__rescale_aware;short_chain_5__baseline_non_rescale;short_chain_5__rescale_aware;short_chain_6_scale38__baseline_non_rescale;short_chain_6_scale38__rescale_aware,647.214,budget=0.00119197 sensitivity=5.4 unit_budget=0.000220735 depth=2 chain=4 scale=30 logN=14 logQP≈240
0,mnist_pool16,mlp_square_linear_score,0.1,0.001179813822,0.0001179813822,15.65,7.53874646645e-06,1,69,73,0,1,3,30,14,210,7,8,deep_chain_8_scale45__rescale_aware;deep_chain_9_scale45__rescale_aware;short_chain_3__baseline_non_rescale;short_chain_3__rescale_aware;short_chain_5__baseline_non_rescale;short_chain_5__rescale_aware;short_chain_6_scale38__baseline_non_rescale;short_chain_6_scale38__rescale_aware,93.525,budget=0.000117981 sensitivity=15.65 unit_budget=7.53875e-06 depth=1 chain=3 scale=30 logN=14 logQP≈210
0,mnist_pool16,mlp_square_linear_score,0.25,0.001179813822,0.0002949534555,15.65,1.88468661661e-05,1,69,73,0,1,3,30,14,210,7,8,deep_chain_8_scale45__rescale_aware;deep_chain_9_scale45__rescale_aware;short_chain_3__baseline_non_rescale;short_chain_3__rescale_aware;short_chain_5__baseline_non_rescale;short_chain_5__rescale_aware;short_chain_6_scale38__baseline_non_rescale;short_chain_6_scale38__rescale_aware,874.311,budget=0.000294953 sensitivity=15.65 unit_budget=1.88469e-05 depth=1 chain=3 scale=30 logN=14 logQP≈210
0,mnist_pool16,mlp_square_linear_score,0.5,0.001179813822,0.000589906911,15.65,3.76937323323e-05,1,69,73,0,1,3,30,14,210,7,8,deep_chain_8_scale45__rescale_aware;deep_chain_9_scale45__rescale_aware;short_chain_3__baseline_non_rescale;short_chain_3__rescale_aware;short_chain_5__baseline_non_rescale;short_chain_5__rescale_aware;short_chain_6_scale38__baseline_non_rescale;short_chain_6_scale38__rescale_aware,66.705,budget=0.000589907 sensitivity=15.65 unit_budget=3.76937e-05 depth=1 chain=3 scale=30 logN=14 logQP≈210
0,mnist_pool16,mlp_square_linear_score,0.75,0.001179813822,0.0008848603665,15.65,5.65405984984e-05,1,69,73,0,1,3,30,14,210,7,8,deep_chain_8_scale45__rescale_aware;deep_chain_9_scale45__rescale_aware;short_chain_3__baseline_non_rescale;short_chain_3__rescale_aware;short_chain_5__baseline_non_rescale;short_chain_5__rescale_aware;short_chain_6_scale38__baseline_non_rescale;short_chain_6_scale38__rescale_aware,141.335,budget=0.00088486 sensitivity=15.65 unit_budget=5.65406e-05 depth=1 chain=3 scale=30 logN=14 logQP≈210
0,mnist_pool16,mlp_square_linear_score,0.9,0.001179813822,0.0010618324398,15.65,6.78487181981e-05,1,69,73,0,1,3,30,14,210,7,8,deep_chain_8_scale45__rescale_aware;deep_chain_9_scale45__rescale_aware;short_chain_3__baseline_non_rescale;short_chain_3__rescale_aware;short_chain_5__baseline_non_rescale;short_chain_5__rescale_aware;short_chain_6_scale38__baseline_non_rescale;short_chain_6_scale38__rescale_aware,225.493,budget=0.00106183 sensitivity=15.65 unit_budget=6.78487e-05 depth=1 chain=3 scale=30 logN=14 logQP≈210
0,wdbc,linear_poly3,0.1,0.00148378396,0.000148378396,3.8,3.90469463158e-05,2,10,12,0,2,4,30,14,240,7,6,deep_chain_8_scale45__rescale_aware;deep_chain_9_scale45__rescale_aware;short_chain_5__baseline_non_rescale;short_chain_5__rescale_aware;short_chain_6_scale38__baseline_non_rescale;short_chain_6_scale38__rescale_aware,134.823,budget=0.000148378 sensitivity=3.8 unit_budget=3.90469e-05 depth=2 chain=4 scale=30 logN=14 logQP≈240
0,wdbc,linear_poly3,0.25,0.00148378396,0.00037094599,3.8,9.76173657895e-05,2,10,12,0,2,4,30,14,240,7,6,deep_chain_8_scale45__rescale_aware;deep_chain_9_scale45__rescale_aware;short_chain_5__baseline_non_rescale;short_chain_5__rescale_aware;short_chain_6_scale38__baseline_non_rescale;short_chain_6_scale38__rescale_aware,128.241,budget=0.000370946 sensitivity=3.8 unit_budget=9.76174e-05 depth=2 chain=4 scale=30 logN=14 logQP≈240
0,wdbc,linear_poly3,0.5,0.00148378396,0.00074189198,3.8,0.000195234731579,2,10,12,0,2,4,30,14,240,7,6,deep_chain_8_scale45__rescale_aware;deep_chain_9_scale45__rescale_aware;short_chain_5__baseline_non_rescale;short_chain_5__rescale_aware;short_chain_6_scale38__baseline_non_rescale;short_chain_6_scale38__rescale_aware,69.971,budget=0.000741892 sensitivity=3.8 unit_budget=0.000195235 depth=2 chain=4 scale=30 logN=14 logQP≈240
0,wdbc,linear_poly3,0.75,0.00148378396,0.00111283797,3.8,0.000292852097368,2,10,12,0,2,4,30,14,240,7,6,deep_chain_8_scale45__rescale_aware;deep_chain_9_scale45__rescale_aware;short_chain_5__baseline_non_rescale;short_chain_5__rescale_aware;short_chain_6_scale38__baseline_non_rescale;short_chain_6_scale38__rescale_aware,63.519,budget=0.00111284 sensitivity=3.8 unit_budget=0.000292852 depth=2 chain=4 scale=30 logN=14 logQP≈240
0,wdbc,linear_poly3,0.9,0.00148378396,0.001335405564,3.8,0.000351422516842,2,10,12,0,2,4,30,14,240,7,6,deep_chain_8_scale45__rescale_aware;deep_chain_9_scale45__rescale_aware;short_chain_5__baseline_non_rescale;short_chain_5__rescale_aware;short_chain_6_scale38__baseline_non_rescale;short_chain_6_scale38__rescale_aware,64.471,budget=0.00133541 sensitivity=3.8 unit_budget=0.000351423 depth=2 chain=4 scale=30 logN=14 logQP≈240
0,wdbc,mlp_square_linear_score,0.1,0.00129424654,0.000129424654,9.25,1.39918544865e-05,1,37,41,0,1,3,30,14,210,7,8,deep_chain_8_scale45__rescale_aware;deep_chain_9_scale45__rescale_aware;short_chain_3__baseline_non_rescale;short_chain_3__rescale_aware;short_chain_5__baseline_non_rescale;short_chain_5__rescale_aware;short_chain_6_scale38__baseline_non_rescale;short_chain_6_scale38__rescale_aware,66.465,budget=0.000129425 sensitivity=9.25 unit_budget=1.39919e-05 depth=1 chain=3 scale=30 logN=14 logQP≈210
0,wdbc,mlp_square_linear_score,0.25,0.00129424654,0.000323561635,9.25,3.49796362162e-05,1,37,41,0,1,3,30,14,210,7,8,deep_chain_8_scale45__rescale_aware;deep_chain_9_scale45__rescale_aware;short_chain_3__baseline_non_rescale;short_chain_3__rescale_aware;short_chain_5__baseline_non_rescale;short_chain_5__rescale_aware;short_chain_6_scale38__baseline_non_rescale;short_chain_6_scale38__rescale_aware,66.455,budget=0.000323562 sensitivity=9.25 unit_budget=3.49796e-05 depth=1 chain=3 scale=30 logN=14 logQP≈210
0,wdbc,mlp_square_linear_score,0.5,0.00129424654,0.00064712327,9.25,6.99592724324e-05,1,37,41,0,1,3,30,14,210,7,8,deep_chain_8_scale45__rescale_aware;deep_chain_9_scale45__rescale_aware;short_chain_3__baseline_non_rescale;short_chain_3__rescale_aware;short_chain_5__baseline_non_rescale;short_chain_5__rescale_aware;short_chain_6_scale38__baseline_non_rescale;short_chain_6_scale38__rescale_aware,65.943,budget=0.000647123 sensitivity=9.25 unit_budget=6.99593e-05 depth=1 chain=3 scale=30 logN=14 logQP≈210
0,wdbc,mlp_square_linear_score,0.75,0.00129424654,0.000970684905,9.25,0.000104938908649,1,37,41,0,1,3,30,14,210,7,8,deep_chain_8_scale45__rescale_aware;deep_chain_9_scale45__rescale_aware;short_chain_3__baseline_non_rescale;short_chain_3__rescale_aware;short_chain_5__baseline_non_rescale;short_chain_5__rescale_aware;short_chain_6_scale38__baseline_non_rescale;short_chain_6_scale38__rescale_aware,72.546,budget=0.000970685 sensitivity=9.25 unit_budget=0.000104939 depth=1 chain=3 scale=30 logN=14 logQP≈210
0,wdbc,mlp_square_linear_score,0.9,0.00129424654,0.001164821886,9.25,0.000125926690378,1,37,41,0,1,3,30,14,210,7,8,deep_chain_8_scale45__rescale_aware;deep_chain_9_scale45__rescale_aware;short_chain_3__baseline_non_rescale;short_chain_3__rescale_aware;short_chain_5__baseline_non_rescale;short_chain_5__rescale_aware;short_chain_6_scale38__baseline_non_rescale;short_chain_6_scale38__rescale_aware,62.517,budget=0.00116482 sensitivity=9.25 unit_budget=0.000125927 depth=1 chain=3 scale=30 logN=14 logQP≈210
1,banknote,linear_poly3,0.1,0.004312115264,0.0004312115264,3,0.000143737175467,2,6,8,0,2,4,30,14,240,7,6,deep_chain_8_scale45__rescale_aware;deep_chain_9_scale45__rescale_aware;short_chain_5__baseline_non_rescale;short_chain_5__rescale_aware;short_chain_6_scale38__baseline_non_rescale;short_chain_6_scale38__rescale_aware,81.463,budget=0.000431212 sensitivity=3 unit_budget=0.000143737 depth=2 chain=4 scale=30 logN=14 logQP≈240
1,banknote,linear_poly3,0.25,0.004312115264,0.001078028816,3,0.000359342938667,2,6,8,0,2,4,30,14,240,7,6,deep_chain_8_scale45__rescale_aware;deep_chain_9_scale45__rescale_aware;short_chain_5__baseline_non_rescale;short_chain_5__rescale_aware;short_chain_6_scale38__baseline_non_rescale;short_chain_6_scale38__rescale_aware,63.389,budget=0.00107803 sensitivity=3 unit_budget=0.000359343 depth=2 chain=4 scale=30 logN=14 logQP≈240
1,banknote,linear_poly3,0.5,0.004312115264,0.002156057632,3,0.000718685877333,2,6,8,0,2,4,30,14,240,7,6,deep_chain_8_scale45__rescale_aware;deep_chain_9_scale45__rescale_aware;short_chain_5__baseline_non_rescale;short_chain_5__rescale_aware;short_chain_6_scale38__baseline_non_rescale;short_chain_6_scale38__rescale_aware,59.362,budget=0.00215606 sensitivity=3 unit_budget=0.000718686 depth=2 chain=4 scale=30 logN=14 logQP≈240
1,banknote,linear_poly3,0.75,0.004312115264,0.003234086448,3,0.001078028816,2,6,8,0,2,4,30,14,240,7,6,deep_chain_8_scale45__rescale_aware;deep_chain_9_scale45__rescale_aware;short_chain_5__baseline_non_rescale;short_chain_5__rescale_aware;short_chain_6_scale38__baseline_non_rescale;short_chain_6_scale38__rescale_aware,60.063,budget=0.00323409 sensitivity=3 unit_budget=0.00107803 depth=2 chain=4 scale=30 logN=14 logQP≈240
1,banknote,linear_poly3,0.9,0.004312115264,0.0038809037376,3,0.0012936345792,2,6,8,0,2,4,30,14,240,7,6,deep_chain_8_scale45__rescale_aware;deep_chain_9_scale45__rescale_aware;short_chain_5__baseline_non_rescale;short_chain_5__rescale_aware;short_chain_6_scale38__baseline_non_rescale;short_chain_6_scale38__rescale_aware,355.116,budget=0.0038809 sensitivity=3 unit_budget=0.00129363 depth=2 chain=4 scale=30 logN=14 logQP≈240
1,banknote,mlp_square_linear_score,0.1,0.013423258649,0.0013423258649,6.05,0.000221872043785,1,21,25,0,1,3,30,14,210,7,8,deep_chain_8_scale45__rescale_aware;deep_chain_9_scale45__rescale_aware;short_chain_3__baseline_non_rescale;short_chain_3__rescale_aware;short_chain_5__baseline_non_rescale;short_chain_5__rescale_aware;short_chain_6_scale38__baseline_non_rescale;short_chain_6_scale38__rescale_aware,153.678,budget=0.00134233 sensitivity=6.05 unit_budget=0.000221872 depth=1 chain=3 scale=30 logN=14 logQP≈210
1,banknote,mlp_square_linear_score,0.25,0.013423258649,0.00335581466225,6.05,0.000554680109463,1,21,25,0,1,3,30,14,210,7,8,deep_chain_8_scale45__rescale_aware;deep_chain_9_scale45__rescale_aware;short_chain_3__baseline_non_rescale;short_chain_3__rescale_aware;short_chain_5__baseline_non_rescale;short_chain_5__rescale_aware;short_chain_6_scale38__baseline_non_rescale;short_chain_6_scale38__rescale_aware,81.112,budget=0.00335581 sensitivity=6.05 unit_budget=0.00055468 depth=1 chain=3 scale=30 logN=14 logQP≈210
1,banknote,mlp_square_linear_score,0.5,0.013423258649,0.0067116293245,6.05,0.00110936021893,1,21,25,0,1,3,30,14,210,7,8,deep_chain_8_scale45__rescale_aware;deep_chain_9_scale45__rescale_aware;short_chain_3__baseline_non_rescale;short_chain_3__rescale_aware;short_chain_5__baseline_non_rescale;short_chain_5__rescale_aware;short_chain_6_scale38__baseline_non_rescale;short_chain_6_scale38__rescale_aware,72.236,budget=0.00671163 sensitivity=6.05 unit_budget=0.00110936 depth=1 chain=3 scale=30 logN=14 logQP≈210
1,banknote,mlp_square_linear_score,0.75,0.013423258649,0.0100674439868,6.05,0.00166404032839,1,21,25,0,1,3,30,14,210,7,8,deep_chain_8_scale45__rescale_aware;deep_chain_9_scale45__rescale_aware;short_chain_3__baseline_non_rescale;short_chain_3__rescale_aware;short_chain_5__baseline_non_rescale;short_chain_5__rescale_aware;short_chain_6_scale38__baseline_non_rescale;short_chain_6_scale38__rescale_aware,74.7,budget=0.0100674 sensitivity=6.05 unit_budget=0.00166404 depth=1 chain=3 scale=30 logN=14 logQP≈210
1,banknote,mlp_square_linear_score,0.9,0.013423258649,0.0120809327841,6.05,0.00199684839407,1,21,25,0,1,3,30,14,210,7,8,deep_chain_8_scale45__rescale_aware;deep_chain_9_scale45__rescale_aware;short_chain_3__baseline_non_rescale;short_chain_3__rescale_aware;short_chain_5__baseline_non_rescale;short_chain_5__rescale_aware;short_chain_6_scale38__baseline_non_rescale;short_chain_6_scale38__rescale_aware,67.907,budget=0.0120809 sensitivity=6.05 unit_budget=0.00199685 depth=1 chain=3 scale=30 logN=14 logQP≈210
1,digits_binary,linear_poly3,0.1,0.001090786265,0.0001090786265,3.8,2.87049017105e-05,2,10,12,0,2,4,30,14,240,7,6,deep_chain_8_scale45__rescale_aware;deep_chain_9_scale45__rescale_aware;short_chain_5__baseline_non_rescale;short_chain_5__rescale_aware;short_chain_6_scale38__baseline_non_rescale;short_chain_6_scale38__rescale_aware,216.387,budget=0.000109079 sensitivity=3.8 unit_budget=2.87049e-05 depth=2 chain=4 scale=30 logN=14 logQP≈240
1,digits_binary,linear_poly3,0.25,0.001090786265,0.00027269656625,3.8,7.17622542763e-05,2,10,12,0,2,4,30,14,240,7,6,deep_chain_8_scale45__rescale_aware;deep_chain_9_scale45__rescale_aware;short_chain_5__baseline_non_rescale;short_chain_5__rescale_aware;short_chain_6_scale38__baseline_non_rescale;short_chain_6_scale38__rescale_aware,62.517,budget=0.000272697 sensitivity=3.8 unit_budget=7.17623e-05 depth=2 chain=4 scale=30 logN=14 logQP≈240
1,digits_binary,linear_poly3,0.5,0.001090786265,0.0005453931325,3.8,0.000143524508553,2,10,12,0,2,4,30,14,240,7,6,deep_chain_8_scale45__rescale_aware;deep_chain_9_scale45__rescale_aware;short_chain_5__baseline_non_rescale;short_chain_5__rescale_aware;short_chain_6_scale38__baseline_non_rescale;short_chain_6_scale38__rescale_aware,130.105,budget=0.000545393 sensitivity=3.8 unit_budget=0.000143525 depth=2 chain=4 scale=30 logN=14 logQP≈240
1,digits_binary,linear_poly3,0.75,0.001090786265,0.00081808969875,3.8,0.000215286762829,2,10,12,0,2,4,30,14,240,7,6,deep_chain_8_scale45__rescale_aware;deep_chain_9_scale45__rescale_aware;short_chain_5__baseline_non_rescale;short_chain_5__rescale_aware;short_chain_6_scale38__baseline_non_rescale;short_chain_6_scale38__rescale_aware,126.457,budget=0.00081809 sensitivity=3.8 unit_budget=0.000215287 depth=2 chain=4 scale=30 logN=14 logQP≈240
1,digits_binary,linear_poly3,0.9,0.001090786265,0.0009817076385,3.8,0.000258344115395,2,10,12,0,2,4,30,14,240,7,6,deep_chain_8_scale45__rescale_aware;deep_chain_9_scale45__rescale_aware;short_chain_5__baseline_non_rescale;short_chain_5__rescale_aware;short_chain_6_scale38__baseline_non_rescale;short_chain_6_scale38__rescale_aware,1128.017,budget=0.000981708 sensitivity=3.8 unit_budget=0.000258344 depth=2 chain=4 scale=30 logN=14 logQP≈240
1,digits_binary,mlp_square_linear_score,0.1,0.001032165326,0.0001032165326,9.25,1.11585440649e-05,1,37,41,0,1,3,30,14,210,7,8,deep_chain_8_scale45__rescale_aware;deep_chain_9_scale45__rescale_aware;short_chain_3__baseline_non_rescale;short_chain_3__rescale_aware;short_chain_5__baseline_non_rescale;short_chain_5__rescale_aware;short_chain_6_scale38__baseline_non_rescale;short_chain_6_scale38__rescale_aware,110.027,budget=0.000103217 sensitivity=9.25 unit_budget=1.11585e-05 depth=1 chain=3 scale=30 logN=14 logQP≈210
1,digits_binary,mlp_square_linear_score,0.25,0.001032165326,0.0002580413315,9.25,2.78963601622e-05,1,37,41,0,1,3,30,14,210,7,8,deep_chain_8_scale45__rescale_aware;deep_chain_9_scale45__rescale_aware;short_chain_3__baseline_non_rescale;short_chain_3__rescale_aware;short_chain_5__baseline_non_rescale;short_chain_5__rescale_aware;short_chain_6_scale38__baseline_non_rescale;short_chain_6_scale38__rescale_aware,69.49,budget=0.000258041 sensitivity=9.25 unit_budget=2.78964e-05 depth=1 chain=3 scale=30 logN=14 logQP≈210
1,digits_binary,mlp_square_linear_score,0.5,0.001032165326,0.000516082663,9.25,5.57927203243e-05,1,37,41,0,1,3,30,14,210,7,8,deep_chain_8_scale45__rescale_aware;deep_chain_9_scale45__rescale_aware;short_chain_3__baseline_non_rescale;short_chain_3__rescale_aware;short_chain_5__baseline_non_rescale;short_chain_5__rescale_aware;short_chain_6_scale38__baseline_non_rescale;short_chain_6_scale38__rescale_aware,81.754,budget=0.000516083 sensitivity=9.25 unit_budget=5.57927e-05 depth=1 chain=3 scale=30 logN=14 logQP≈210
1,digits_binary,mlp_square_linear_score,0.75,0.001032165326,0.0007741239945,9.25,8.36890804865e-05,1,37,41,0,1,3,30,14,210,7,8,deep_chain_8_scale45__rescale_aware;deep_chain_9_scale45__rescale_aware;short_chain_3__baseline_non_rescale;short_chain_3__rescale_aware;short_chain_5__baseline_non_rescale;short_chain_5__rescale_aware;short_chain_6_scale38__baseline_non_rescale;short_chain_6_scale38__rescale_aware,154.51,budget=0.000774124 sensitivity=9.25 unit_budget=8.36891e-05 depth=1 chain=3 scale=30 logN=14 logQP≈210
1,digits_binary,mlp_square_linear_score,0.9,0.001032165326,0.0009289487934,9.25,0.000100426896584,1,37,41,0,1,3,30,14,210,7,8,deep_chain_8_scale45__rescale_aware;deep_chain_9_scale45__rescale_aware;short_chain_3__baseline_non_rescale;short_chain_3__rescale_aware;short_chain_5__baseline_non_rescale;short_chain_5__rescale_aware;short_chain_6_scale38__baseline_non_rescale;short_chain_6_scale38__rescale_aware,224.872,budget=0.000928949 sensitivity=9.25 unit_budget=0.000100427 depth=1 chain=3 scale=30 logN=14 logQP≈210
1,iris_binary,linear_poly3,0.1,0.094058849553,0.0094058849553,3,0.0031352949851,2,6,8,0,2,4,30,14,240,7,6,deep_chain_8_scale45__rescale_aware;deep_chain_9_scale45__rescale_aware;short_chain_5__baseline_non_rescale;short_chain_5__rescale_aware;short_chain_6_scale38__baseline_non_rescale;short_chain_6_scale38__rescale_aware,73.789,budget=0.00940588 sensitivity=3 unit_budget=0.00313529 depth=2 chain=4 scale=30 logN=14 logQP≈240
1,iris_binary,linear_poly3,0.25,0.094058849553,0.0235147123882,3,0.00783823746275,2,6,8,0,2,4,30,14,240,7,6,deep_chain_8_scale45__rescale_aware;deep_chain_9_scale45__rescale_aware;short_chain_5__baseline_non_rescale;short_chain_5__rescale_aware;short_chain_6_scale38__baseline_non_rescale;short_chain_6_scale38__rescale_aware,66.585,budget=0.0235147 sensitivity=3 unit_budget=0.00783824 depth=2 chain=4 scale=30 logN=14 logQP≈240
1,iris_binary,linear_poly3,0.5,0.094058849553,0.0470294247765,3,0.0156764749255,2,6,8,0,2,4,30,14,240,7,6,deep_chain_8_scale45__rescale_aware;deep_chain_9_scale45__rescale_aware;short_chain_5__baseline_non_rescale;short_chain_5__rescale_aware;short_chain_6_scale38__baseline_non_rescale;short_chain_6_scale38__rescale_aware,62.678,budget=0.0470294 sensitivity=3 unit_budget=0.0156765 depth=2 chain=4 scale=30 logN=14 logQP≈240
1,iris_binary,linear_poly3,0.75,0.094058849553,0.0705441371647,3,0.0235147123882,2,6,8,0,2,4,30,14,240,7,6,deep_chain_8_scale45__rescale_aware;deep_chain_9_scale45__rescale_aware;short_chain_5__baseline_non_rescale;short_chain_5__rescale_aware;short_chain_6_scale38__baseline_non_rescale;short_chain_6_scale38__rescale_aware,87.133,budget=0.0705441 sensitivity=3 unit_budget=0.0235147 depth=2 chain=4 scale=30 logN=14 logQP≈240
1,iris_binary,linear_poly3,0.9,0.094058849553,0.0846529645977,3,0.0282176548659,2,6,8,0,2,4,30,14,240,7,6,deep_chain_8_scale45__rescale_aware;deep_chain_9_scale45__rescale_aware;short_chain_5__baseline_non_rescale;short_chain_5__rescale_aware;short_chain_6_scale38__baseline_non_rescale;short_chain_6_scale38__rescale_aware,2699.907,budget=0.084653 sensitivity=3 unit_budget=0.0282177 depth=2 chain=4 scale=30 logN=14 logQP≈240
1,iris_binary,mlp_square_linear_score,0.1,0.069303860219,0.0069303860219,6.05,0.00114551835073,1,21,25,0,1,3,30,14,210,7,8,deep_chain_8_scale45__rescale_aware;deep_chain_9_scale45__rescale_aware;short_chain_3__baseline_non_rescale;short_chain_3__rescale_aware;short_chain_5__baseline_non_rescale;short_chain_5__rescale_aware;short_chain_6_scale38__baseline_non_rescale;short_chain_6_scale38__rescale_aware,72.376,budget=0.00693039 sensitivity=6.05 unit_budget=0.00114552 depth=1 chain=3 scale=30 logN=14 logQP≈210
1,iris_binary,mlp_square_linear_score,0.25,0.069303860219,0.0173259650548,6.05,0.00286379587682,1,21,25,0,1,3,30,14,210,7,8,deep_chain_8_scale45__rescale_aware;deep_chain_9_scale45__rescale_aware;short_chain_3__baseline_non_rescale;short_chain_3__rescale_aware;short_chain_5__baseline_non_rescale;short_chain_5__rescale_aware;short_chain_6_scale38__baseline_non_rescale;short_chain_6_scale38__rescale_aware,77.525,budget=0.017326 sensitivity=6.05 unit_budget=0.0028638 depth=1 chain=3 scale=30 logN=14 logQP≈210
1,iris_binary,mlp_square_linear_score,0.5,0.069303860219,0.0346519301095,6.05,0.00572759175364,1,21,25,0,1,3,30,14,210,7,8,deep_chain_8_scale45__rescale_aware;deep_chain_9_scale45__rescale_aware;short_chain_3__baseline_non_rescale;short_chain_3__rescale_aware;short_chain_5__baseline_non_rescale;short_chain_5__rescale_aware;short_chain_6_scale38__baseline_non_rescale;short_chain_6_scale38__rescale_aware,72.957,budget=0.0346519 sensitivity=6.05 unit_budget=0.00572759 depth=1 chain=3 scale=30 logN=14 logQP≈210
1,iris_binary,mlp_square_linear_score,0.75,0.069303860219,0.0519778951643,6.05,0.00859138763045,1,21,25,0,1,3,30,14,210,7,8,deep_chain_8_scale45__rescale_aware;deep_chain_9_scale45__rescale_aware;short_chain_3__baseline_non_rescale;short_chain_3__rescale_aware;short_chain_5__baseline_non_rescale;short_chain_5__rescale_aware;short_chain_6_scale38__baseline_non_rescale;short_chain_6_scale38__rescale_aware,65.633,budget=0.0519779 sensitivity=6.05 unit_budget=0.00859139 depth=1 chain=3 scale=30 logN=14 logQP≈210
1,iris_binary,mlp_square_linear_score,0.9,0.069303860219,0.0623734741971,6.05,0.0103096651565,1,21,25,0,1,3,30,14,210,7,8,deep_chain_8_scale45__rescale_aware;deep_chain_9_scale45__rescale_aware;short_chain_3__baseline_non_rescale;short_chain_3__rescale_aware;short_chain_5__baseline_non_rescale;short_chain_5__rescale_aware;short_chain_6_scale38__baseline_non_rescale;short_chain_6_scale38__rescale_aware,64.832,budget=0.0623735 sensitivity=6.05 unit_budget=0.0103097 depth=1 chain=3 scale=30 logN=14 logQP≈210
1,mnist_pool16,linear_poly3,0.1,0.001186814018,0.0001186814018,5.4,2.19780373704e-05,2,18,20,0,2,4,30,14,240,7,6,deep_chain_8_scale45__rescale_aware;deep_chain_9_scale45__rescale_aware;short_chain_5__baseline_non_rescale;short_chain_5__rescale_aware;short_chain_6_scale38__baseline_non_rescale;short_chain_6_scale38__rescale_aware,61.896,budget=0.000118681 sensitivity=5.4 unit_budget=2.1978e-05 depth=2 chain=4 scale=30 logN=14 logQP≈240
1,mnist_pool16,linear_poly3,0.25,0.001186814018,0.0002967035045,5.4,5.49450934259e-05,2,18,20,0,2,4,30,14,240,7,6,deep_chain_8_scale45__rescale_aware;deep_chain_9_scale45__rescale_aware;short_chain_5__baseline_non_rescale;short_chain_5__rescale_aware;short_chain_6_scale38__baseline_non_rescale;short_chain_6_scale38__rescale_aware,59.342,budget=0.000296704 sensitivity=5.4 unit_budget=5.49451e-05 depth=2 chain=4 scale=30 logN=14 logQP≈240
1,mnist_pool16,linear_poly3,0.5,0.001186814018,0.000593407009,5.4,0.000109890186852,2,18,20,0,2,4,30,14,240,7,6,deep_chain_8_scale45__rescale_aware;deep_chain_9_scale45__rescale_aware;short_chain_5__baseline_non_rescale;short_chain_5__rescale_aware;short_chain_6_scale38__baseline_non_rescale;short_chain_6_scale38__rescale_aware,69.18,budget=0.000593407 sensitivity=5.4 unit_budget=0.00010989 depth=2 chain=4 scale=30 logN=14 logQP≈240
1,mnist_pool16,linear_poly3,0.75,0.001186814018,0.0008901105135,5.4,0.000164835280278,2,18,20,0,2,4,30,14,240,7,6,deep_chain_8_scale45__rescale_aware;deep_chain_9_scale45__rescale_aware;short_chain_5__baseline_non_rescale;short_chain_5__rescale_aware;short_chain_6_scale38__baseline_non_rescale;short_chain_6_scale38__rescale_aware,61.626,budget=0.000890111 sensitivity=5.4 unit_budget=0.000164835 depth=2 chain=4 scale=30 logN=14 logQP≈240
1,mnist_pool16,linear_poly3,0.9,0.001186814018,0.0010681326162,5.4,0.000197802336333,2,18,20,0,2,4,30,14,240,7,6,deep_chain_8_scale45__rescale_aware;deep_chain_9_scale45__rescale_aware;short_chain_5__baseline_non_rescale;short_chain_5__rescale_aware;short_chain_6_scale38__baseline_non_rescale;short_chain_6_scale38__rescale_aware,58.951,budget=0.00106813 sensitivity=5.4 unit_budget=0.000197802 depth=2 chain=4 scale=30 logN=14 logQP≈240
1,mnist_pool16,mlp_square_linear_score,0.1,0.00107120826,0.000107120826,15.65,6.84478121406e-06,1,69,73,0,1,3,30,14,210,7,8,deep_chain_8_scale45__rescale_aware;deep_chain_9_scale45__rescale_aware;short_chain_3__baseline_non_rescale;short_chain_3__rescale_aware;short_chain_5__baseline_non_rescale;short_chain_5__rescale_aware;short_chain_6_scale38__baseline_non_rescale;short_chain_6_scale38__rescale_aware,63.008,budget=0.000107121 sensitivity=15.65 unit_budget=6.84478e-06 depth=1 chain=3 scale=30 logN=14 logQP≈210
1,mnist_pool16,mlp_square_linear_score,0.25,0.00107120826,0.000267802065,15.65,1.71119530351e-05,1,69,73,0,1,3,30,14,210,7,8,deep_chain_8_scale45__rescale_aware;deep_chain_9_scale45__rescale_aware;short_chain_3__baseline_non_rescale;short_chain_3__rescale_aware;short_chain_5__baseline_non_rescale;short_chain_5__rescale_aware;short_chain_6_scale38__baseline_non_rescale;short_chain_6_scale38__rescale_aware,136.456,budget=0.000267802 sensitivity=15.65 unit_budget=1.7112e-05 depth=1 chain=3 scale=30 logN=14 logQP≈210
1,mnist_pool16,mlp_square_linear_score,0.5,0.00107120826,0.00053560413,15.65,3.42239060703e-05,1,69,73,0,1,3,30,14,210,7,8,deep_chain_8_scale45__rescale_aware;deep_chain_9_scale45__rescale_aware;short_chain_3__baseline_non_rescale;short_chain_3__rescale_aware;short_chain_5__baseline_non_rescale;short_chain_5__rescale_aware;short_chain_6_scale38__baseline_non_rescale;short_chain_6_scale38__rescale_aware,89.447,budget=0.000535604 sensitivity=15.65 unit_budget=3.42239e-05 depth=1 chain=3 scale=30 logN=14 logQP≈210
1,mnist_pool16,mlp_square_linear_score,0.75,0.00107120826,0.000803406195,15.65,5.13358591054e-05,1,69,73,0,1,3,30,14,210,7,8,deep_chain_8_scale45__rescale_aware;deep_chain_9_scale45__rescale_aware;short_chain_3__baseline_non_rescale;short_chain_3__rescale_aware;short_chain_5__baseline_non_rescale;short_chain_5__rescale_aware;short_chain_6_scale38__baseline_non_rescale;short_chain_6_scale38__rescale_aware,83.477,budget=0.000803406 sensitivity=15.65 unit_budget=5.13359e-05 depth=1 chain=3 scale=30 logN=14 logQP≈210
1,mnist_pool16,mlp_square_linear_score,0.9,0.00107120826,0.000964087434,15.65,6.16030309265e-05,1,69,73,0,1,3,30,14,210,7,8,deep_chain_8_scale45__rescale_aware;deep_chain_9_scale45__rescale_aware;short_chain_3__baseline_non_rescale;short_chain_3__rescale_aware;short_chain_5__baseline_non_rescale;short_chain_5__rescale_aware;short_chain_6_scale38__baseline_non_rescale;short_chain_6_scale38__rescale_aware,151.044,budget=0.000964087 sensitivity=15.65 unit_budget=6.1603e-05 depth=1 chain=3 scale=30 logN=14 logQP≈210
1,wdbc,linear_poly3,0.1,0.001463626482,0.0001463626482,3.8,3.85164863684e-05,2,10,12,0,2,4,30,14,240,7,6,deep_chain_8_scale45__rescale_aware;deep_chain_9_scale45__rescale_aware;short_chain_5__baseline_non_rescale;short_chain_5__rescale_aware;short_chain_6_scale38__baseline_non_rescale;short_chain_6_scale38__rescale_aware,69.511,budget=0.000146363 sensitivity=3.8 unit_budget=3.85165e-05 depth=2 chain=4 scale=30 logN=14 logQP≈240
1,wdbc,linear_poly3,0.25,0.001463626482,0.0003659066205,3.8,9.62912159211e-05,2,10,12,0,2,4,30,14,240,7,6,deep_chain_8_scale45__rescale_aware;deep_chain_9_scale45__rescale_aware;short_chain_5__baseline_non_rescale;short_chain_5__rescale_aware;short_chain_6_scale38__baseline_non_rescale;short_chain_6_scale38__rescale_aware,65.032,budget=0.000365907 sensitivity=3.8 unit_budget=9.62912e-05 depth=2 chain=4 scale=30 logN=14 logQP≈240
1,wdbc,linear_poly3,0.5,0.001463626482,0.000731813241,3.8,0.000192582431842,2,10,12,0,2,4,30,14,240,7,6,deep_chain_8_scale45__rescale_aware;deep_chain_9_scale45__rescale_aware;short_chain_5__baseline_non_rescale;short_chain_5__rescale_aware;short_chain_6_scale38__baseline_non_rescale;short_chain_6_scale38__rescale_aware,75.852,budget=0.000731813 sensitivity=3.8 unit_budget=0.000192582 depth=2 chain=4 scale=30 logN=14 logQP≈240
1,wdbc,linear_poly3,0.75,0.001463626482,0.0010977198615,3.8,0.000288873647763,2,10,12,0,2,4,30,14,240,7,6,deep_chain_8_scale45__rescale_aware;deep_chain_9_scale45__rescale_aware;short_chain_5__baseline_non_rescale;short_chain_5__rescale_aware;short_chain_6_scale38__baseline_non_rescale;short_chain_6_scale38__rescale_aware,66.084,budget=0.00109772 sensitivity=3.8 unit_budget=0.000288874 depth=2 chain=4 scale=30 logN=14 logQP≈240
1,wdbc,linear_poly3,0.9,0.001463626482,0.0013172638338,3.8,0.000346648377316,2,10,12,0,2,4,30,14,240,7,6,deep_chain_8_scale45__rescale_aware;deep_chain_9_scale45__rescale_aware;short_chain_5__baseline_non_rescale;short_chain_5__rescale_aware;short_chain_6_scale38__baseline_non_rescale;short_chain_6_scale38__rescale_aware,62.707,budget=0.00131726 sensitivity=3.8 unit_budget=0.000346648 depth=2 chain=4 scale=30 logN=14 logQP≈240
1,wdbc,mlp_square_linear_score,0.1,0.001449907758,0.0001449907758,9.25,1.56746784649e-05,1,37,41,0,1,3,30,14,210,7,8,deep_chain_8_scale45__rescale_aware;deep_chain_9_scale45__rescale_aware;short_chain_3__baseline_non_rescale;short_chain_3__rescale_aware;short_chain_5__baseline_non_rescale;short_chain_5__rescale_aware;short_chain_6_scale38__baseline_non_rescale;short_chain_6_scale38__rescale_aware,66.735,budget=0.000144991 sensitivity=9.25 unit_budget=1.56747e-05 depth=1 chain=3 scale=30 logN=14 logQP≈210
1,wdbc,mlp_square_linear_score,0.25,0.001449907758,0.0003624769395,9.25,3.91866961622e-05,1,37,41,0,1,3,30,14,210,7,8,deep_chain_8_scale45__rescale_aware;deep_chain_9_scale45__rescale_aware;short_chain_3__baseline_non_rescale;short_chain_3__rescale_aware;short_chain_5__baseline_non_rescale;short_chain_5__rescale_aware;short_chain_6_scale38__baseline_non_rescale;short_chain_6_scale38__rescale_aware,63.78,budget=0.000362477 sensitivity=9.25 unit_budget=3.91867e-05 depth=1 chain=3 scale=30 logN=14 logQP≈210
1,wdbc,mlp_square_linear_score,0.5,0.001449907758,0.000724953879,9.25,7.83733923243e-05,1,37,41,0,1,3,30,14,210,7,8,deep_chain_8_scale45__rescale_aware;deep_chain_9_scale45__rescale_aware;short_chain_3__baseline_non_rescale;short_chain_3__rescale_aware;short_chain_5__baseline_non_rescale;short_chain_5__rescale_aware;short_chain_6_scale38__baseline_non_rescale;short_chain_6_scale38__rescale_aware,66.395,budget=0.000724954 sensitivity=9.25 unit_budget=7.83734e-05 depth=1 chain=3 scale=30 logN=14 logQP≈210
1,wdbc,mlp_square_linear_score,0.75,0.001449907758,0.0010874308185,9.25,0.000117560088486,1,37,41,0,1,3,30,14,210,7,8,deep_chain_8_scale45__rescale_aware;deep_chain_9_scale45__rescale_aware;short_chain_3__baseline_non_rescale;short_chain_3__rescale_aware;short_chain_5__baseline_non_rescale;short_chain_5__rescale_aware;short_chain_6_scale38__baseline_non_rescale;short_chain_6_scale38__rescale_aware,63.609,budget=0.00108743 sensitivity=9.25 unit_budget=0.00011756 depth=1 chain=3 scale=30 logN=14 logQP≈210
1,wdbc,mlp_square_linear_score,0.9,0.001449907758,0.0013049169822,9.25,0.000141072106184,1,37,41,0,1,3,30,14,210,7,8,deep_chain_8_scale45__rescale_aware;deep_chain_9_scale45__rescale_aware;short_chain_3__baseline_non_rescale;short_chain_3__rescale_aware;short_chain_5__baseline_non_rescale;short_chain_5__rescale_aware;short_chain_6_scale38__baseline_non_rescale;short_chain_6_scale38__rescale_aware,64.822,budget=0.00130492 sensitivity=9.25 unit_budget=0.000141072 depth=1 chain=3 scale=30 logN=14 logQP≈210
2,banknote,linear_poly3,0.1,0.004312115264,0.0004312115264,3,0.000143737175467,2,6,8,0,2,4,30,14,240,7,6,deep_chain_8_scale45__rescale_aware;deep_chain_9_scale45__rescale_aware;short_chain_5__baseline_non_rescale;short_chain_5__rescale_aware;short_chain_6_scale38__baseline_non_rescale;short_chain_6_scale38__rescale_aware,58.721,budget=0.000431212 sensitivity=3 unit_budget=0.000143737 depth=2 chain=4 scale=30 logN=14 logQP≈240
2,banknote,linear_poly3,0.25,0.004312115264,0.001078028816,3,0.000359342938667,2,6,8,0,2,4,30,14,240,7,6,deep_chain_8_scale45__rescale_aware;deep_chain_9_scale45__rescale_aware;short_chain_5__baseline_non_rescale;short_chain_5__rescale_aware;short_chain_6_scale38__baseline_non_rescale;short_chain_6_scale38__rescale_aware,129.934,budget=0.00107803 sensitivity=3 unit_budget=0.000359343 depth=2 chain=4 scale=30 logN=14 logQP≈240
2,banknote,linear_poly3,0.5,0.004312115264,0.002156057632,3,0.000718685877333,2,6,8,0,2,4,30,14,240,7,6,deep_chain_8_scale45__rescale_aware;deep_chain_9_scale45__rescale_aware;short_chain_5__baseline_non_rescale;short_chain_5__rescale_aware;short_chain_6_scale38__baseline_non_rescale;short_chain_6_scale38__rescale_aware,64.772,budget=0.00215606 sensitivity=3 unit_budget=0.000718686 depth=2 chain=4 scale=30 logN=14 logQP≈240
2,banknote,linear_poly3,0.75,0.004312115264,0.003234086448,3,0.001078028816,2,6,8,0,2,4,30,14,240,7,6,deep_chain_8_scale45__rescale_aware;deep_chain_9_scale45__rescale_aware;short_chain_5__baseline_non_rescale;short_chain_5__rescale_aware;short_chain_6_scale38__baseline_non_rescale;short_chain_6_scale38__rescale_aware,59.793,budget=0.00323409 sensitivity=3 unit_budget=0.00107803 depth=2 chain=4 scale=30 logN=14 logQP≈240
2,banknote,linear_poly3,0.9,0.004312115264,0.0038809037376,3,0.0012936345792,2,6,8,0,2,4,30,14,240,7,6,deep_chain_8_scale45__rescale_aware;deep_chain_9_scale45__rescale_aware;short_chain_5__baseline_non_rescale;short_chain_5__rescale_aware;short_chain_6_scale38__baseline_non_rescale;short_chain_6_scale38__rescale_aware,59.081,budget=0.0038809 sensitivity=3 unit_budget=0.00129363 depth=2 chain=4 scale=30 logN=14 logQP≈240
2,banknote,mlp_square_linear_score,0.1,0.012219452992,0.0012219452992,6.05,0.00020197442962,1,21,25,0,1,3,30,14,210,7,8,deep_chain_8_scale45__rescale_aware;deep_chain_9_scale45__rescale_aware;short_chain_3__baseline_non_rescale;short_chain_3__rescale_aware;short_chain_5__baseline_non_rescale;short_chain_5__rescale_aware;short_chain_6_scale38__baseline_non_rescale;short_chain_6_scale38__rescale_aware,64.12,budget=0.00122195 sensitivity=6.05 unit_budget=0.000201974 depth=1 chain=3 scale=30 logN=14 logQP≈210
2,banknote,mlp_square_linear_score,0.25,0.012219452992,0.003054863248,6.05,0.00050493607405,1,21,25,0,1,3,30,14,210,7,8,deep_chain_8_scale45__rescale_aware;deep_chain_9_scale45__rescale_aware;short_chain_3__baseline_non_rescale;short_chain_3__rescale_aware;short_chain_5__baseline_non_rescale;short_chain_5__rescale_aware;short_chain_6_scale38__baseline_non_rescale;short_chain_6_scale38__rescale_aware,63.088,budget=0.00305486 sensitivity=6.05 unit_budget=0.000504936 depth=1 chain=3 scale=30 logN=14 logQP≈210
2,banknote,mlp_square_linear_score,0.5,0.012219452992,0.006109726496,6.05,0.0010098721481,1,21,25,0,1,3,30,14,210,7,8,deep_chain_8_scale45__rescale_aware;deep_chain_9_scale45__rescale_aware;short_chain_3__baseline_non_rescale;short_chain_3__rescale_aware;short_chain_5__baseline_non_rescale;short_chain_5__rescale_aware;short_chain_6_scale38__baseline_non_rescale;short_chain_6_scale38__rescale_aware,63.469,budget=0.00610973 sensitivity=6.05 unit_budget=0.00100987 depth=1 chain=3 scale=30 logN=14 logQP≈210
2,banknote,mlp_square_linear_score,0.75,0.012219452992,0.009164589744,6.05,0.00151480822215,1,21,25,0,1,3,30,14,210,7,8,deep_chain_8_scale45__rescale_aware;deep_chain_9_scale45__rescale_aware;short_chain_3__baseline_non_rescale;short_chain_3__rescale_aware;short_chain_5__baseline_non_rescale;short_chain_5__rescale_aware;short_chain_6_scale38__baseline_non_rescale;short_chain_6_scale38__rescale_aware,64.872,budget=0.00916459 sensitivity=6.05 unit_budget=0.00151481 depth=1 chain=3 scale=30 logN=14 logQP≈210
2,banknote,mlp_square_linear_score,0.9,0.012219452992,0.0109975076928,6.05,0.00181776986658,1,21,25,0,1,3,30,14,210,7,8,deep_chain_8_scale45__rescale_aware;deep_chain_9_scale45__rescale_aware;short_chain_3__baseline_non_rescale;short_chain_3__rescale_aware;short_chain_5__baseline_non_rescale;short_chain_5__rescale_aware;short_chain_6_scale38__baseline_non_rescale;short_chain_6_scale38__rescale_aware,145.784,budget=0.0109975 sensitivity=6.05 unit_budget=0.00181777 depth=1 chain=3 scale=30 logN=14 logQP≈210
2,digits_binary,linear_poly3,0.1,0.001280785606,0.0001280785606,3.8,3.37048843684e-05,2,10,12,0,2,4,30,14,240,7,6,deep_chain_8_scale45__rescale_aware;deep_chain_9_scale45__rescale_aware;short_chain_5__baseline_non_rescale;short_chain_5__rescale_aware;short_chain_6_scale38__baseline_non_rescale;short_chain_6_scale38__rescale_aware,142.097,budget=0.000128079 sensitivity=3.8 unit_budget=3.37049e-05 depth=2 chain=4 scale=30 logN=14 logQP≈240
2,digits_binary,linear_poly3,0.25,0.001280785606,0.0003201964015,3.8,8.42622109211e-05,2,10,12,0,2,4,30,14,240,7,6,deep_chain_8_scale45__rescale_aware;deep_chain_9_scale45__rescale_aware;short_chain_5__baseline_non_rescale;short_chain_5__rescale_aware;short_chain_6_scale38__baseline_non_rescale;short_chain_6_scale38__rescale_aware,67.927,budget=0.000320196 sensitivity=3.8 unit_budget=8.42622e-05 depth=2 chain=4 scale=30 logN=14 logQP≈240
2,digits_binary,linear_poly3,0.5,0.001280785606,0.000640392803,3.8,0.000168524421842,2,10,12,0,2,4,30,14,240,7,6,deep_chain_8_scale45__rescale_aware;deep_chain_9_scale45__rescale_aware;short_chain_5__baseline_non_rescale;short_chain_5__rescale_aware;short_chain_6_scale38__baseline_non_rescale;short_chain_6_scale38__rescale_aware,61.996,budget=0.000640393 sensitivity=3.8 unit_budget=0.000168524 depth=2 chain=4 scale=30 logN=14 logQP≈240
2,digits_binary,linear_poly3,0.75,0.001280785606,0.0009605892045,3.8,0.000252786632763,2,10,12,0,2,4,30,14,240,7,6,deep_chain_8_scale45__rescale_aware;deep_chain_9_scale45__rescale_aware;short_chain_5__baseline_non_rescale;short_chain_5__rescale_aware;short_chain_6_scale38__baseline_non_rescale;short_chain_6_scale38__rescale_aware,59.942,budget=0.000960589 sensitivity=3.8 unit_budget=0.000252787 depth=2 chain=4 scale=30 logN=14 logQP≈240
2,digits_binary,linear_poly3,0.9,0.001280785606,0.0011527070454,3.8,0.000303343959316,2,10,12,0,2,4,30,14,240,7,6,deep_chain_8_scale45__rescale_aware;deep_chain_9_scale45__rescale_aware;short_chain_5__baseline_non_rescale;short_chain_5__rescale_aware;short_chain_6_scale38__baseline_non_rescale;short_chain_6_scale38__rescale_aware,59.712,budget=0.00115271 sensitivity=3.8 unit_budget=0.000303344 depth=2 chain=4 scale=30 logN=14 logQP≈240
2,digits_binary,mlp_square_linear_score,0.1,0.001081796708,0.0001081796708,9.25,1.16950995459e-05,1,37,41,0,1,3,30,14,210,7,8,deep_chain_8_scale45__rescale_aware;deep_chain_9_scale45__rescale_aware;short_chain_3__baseline_non_rescale;short_chain_3__rescale_aware;short_chain_5__baseline_non_rescale;short_chain_5__rescale_aware;short_chain_6_scale38__baseline_non_rescale;short_chain_6_scale38__rescale_aware,75.452,budget=0.00010818 sensitivity=9.25 unit_budget=1.16951e-05 depth=1 chain=3 scale=30 logN=14 logQP≈210
2,digits_binary,mlp_square_linear_score,0.25,0.001081796708,0.000270449177,9.25,2.92377488649e-05,1,37,41,0,1,3,30,14,210,7,8,deep_chain_8_scale45__rescale_aware;deep_chain_9_scale45__rescale_aware;short_chain_3__baseline_non_rescale;short_chain_3__rescale_aware;short_chain_5__baseline_non_rescale;short_chain_5__rescale_aware;short_chain_6_scale38__baseline_non_rescale;short_chain_6_scale38__rescale_aware,73.368,budget=0.000270449 sensitivity=9.25 unit_budget=2.92377e-05 depth=1 chain=3 scale=30 logN=14 logQP≈210
2,digits_binary,mlp_square_linear_score,0.5,0.001081796708,0.000540898354,9.25,5.84754977297e-05,1,37,41,0,1,3,30,14,210,7,8,deep_chain_8_scale45__rescale_aware;deep_chain_9_scale45__rescale_aware;short_chain_3__baseline_non_rescale;short_chain_3__rescale_aware;short_chain_5__baseline_non_rescale;short_chain_5__rescale_aware;short_chain_6_scale38__baseline_non_rescale;short_chain_6_scale38__rescale_aware,115.607,budget=0.000540898 sensitivity=9.25 unit_budget=5.84755e-05 depth=1 chain=3 scale=30 logN=14 logQP≈210
2,digits_binary,mlp_square_linear_score,0.75,0.001081796708,0.000811347531,9.25,8.77132465946e-05,1,37,41,0,1,3,30,14,210,7,8,deep_chain_8_scale45__rescale_aware;deep_chain_9_scale45__rescale_aware;short_chain_3__baseline_non_rescale;short_chain_3__rescale_aware;short_chain_5__baseline_non_rescale;short_chain_5__rescale_aware;short_chain_6_scale38__baseline_non_rescale;short_chain_6_scale38__rescale_aware,70.232,budget=0.000811348 sensitivity=9.25 unit_budget=8.77132e-05 depth=1 chain=3 scale=30 logN=14 logQP≈210
2,digits_binary,mlp_square_linear_score,0.9,0.001081796708,0.0009736170372,9.25,0.000105255895914,1,37,41,0,1,3,30,14,210,7,8,deep_chain_8_scale45__rescale_aware;deep_chain_9_scale45__rescale_aware;short_chain_3__baseline_non_rescale;short_chain_3__rescale_aware;short_chain_5__baseline_non_rescale;short_chain_5__rescale_aware;short_chain_6_scale38__baseline_non_rescale;short_chain_6_scale38__rescale_aware,65.884,budget=0.000973617 sensitivity=9.25 unit_budget=0.000105256 depth=1 chain=3 scale=30 logN=14 logQP≈210
2,iris_binary,linear_poly3,0.1,0.054808789627,0.0054808789627,3,0.00182695965423,2,6,8,0,2,4,30,14,240,7,6,deep_chain_8_scale45__rescale_aware;deep_chain_9_scale45__rescale_aware;short_chain_5__baseline_non_rescale;short_chain_5__rescale_aware;short_chain_6_scale38__baseline_non_rescale;short_chain_6_scale38__rescale_aware,263.425,budget=0.00548088 sensitivity=3 unit_budget=0.00182696 depth=2 chain=4 scale=30 logN=14 logQP≈240
2,iris_binary,linear_poly3,0.25,0.054808789627,0.0137021974067,3,0.00456739913558,2,6,8,0,2,4,30,14,240,7,6,deep_chain_8_scale45__rescale_aware;deep_chain_9_scale45__rescale_aware;short_chain_5__baseline_non_rescale;short_chain_5__rescale_aware;short_chain_6_scale38__baseline_non_rescale;short_chain_6_scale38__rescale_aware,64.371,budget=0.0137022 sensitivity=3 unit_budget=0.0045674 depth=2 chain=4 scale=30 logN=14 logQP≈240
2,iris_binary,linear_poly3,0.5,0.054808789627,0.0274043948135,3,0.00913479827117,2,6,8,0,2,4,30,14,240,7,6,deep_chain_8_scale45__rescale_aware;deep_chain_9_scale45__rescale_aware;short_chain_5__baseline_non_rescale;short_chain_5__rescale_aware;short_chain_6_scale38__baseline_non_rescale;short_chain_6_scale38__rescale_aware,62.998,budget=0.0274044 sensitivity=3 unit_budget=0.0091348 depth=2 chain=4 scale=30 logN=14 logQP≈240
2,iris_binary,linear_poly3,0.75,0.054808789627,0.0411065922202,3,0.0137021974067,2,6,8,0,2,4,30,14,240,7,6,deep_chain_8_scale45__rescale_aware;deep_chain_9_scale45__rescale_aware;short_chain_5__baseline_non_rescale;short_chain_5__rescale_aware;short_chain_6_scale38__baseline_non_rescale;short_chain_6_scale38__rescale_aware,61.856,budget=0.0411066 sensitivity=3 unit_budget=0.0137022 depth=2 chain=4 scale=30 logN=14 logQP≈240
2,iris_binary,linear_poly3,0.9,0.054808789627,0.0493279106643,3,0.0164426368881,2,6,8,0,2,4,30,14,240,7,6,deep_chain_8_scale45__rescale_aware;deep_chain_9_scale45__rescale_aware;short_chain_5__baseline_non_rescale;short_chain_5__rescale_aware;short_chain_6_scale38__baseline_non_rescale;short_chain_6_scale38__rescale_aware,59.111,budget=0.0493279 sensitivity=3 unit_budget=0.0164426 depth=2 chain=4 scale=30 logN=14 logQP≈240
2,iris_binary,mlp_square_linear_score,0.1,0.069303860219,0.0069303860219,6.05,0.00114551835073,1,21,25,0,1,3,30,14,210,7,8,deep_chain_8_scale45__rescale_aware;deep_chain_9_scale45__rescale_aware;short_chain_3__baseline_non_rescale;short_chain_3__rescale_aware;short_chain_5__baseline_non_rescale;short_chain_5__rescale_aware;short_chain_6_scale38__baseline_non_rescale;short_chain_6_scale38__rescale_aware,65.072,budget=0.00693039 sensitivity=6.05 unit_budget=0.00114552 depth=1 chain=3 scale=30 logN=14 logQP≈210
2,iris_binary,mlp_square_linear_score,0.25,0.069303860219,0.0173259650548,6.05,0.00286379587682,1,21,25,0,1,3,30,14,210,7,8,deep_chain_8_scale45__rescale_aware;deep_chain_9_scale45__rescale_aware;short_chain_3__baseline_non_rescale;short_chain_3__rescale_aware;short_chain_5__baseline_non_rescale;short_chain_5__rescale_aware;short_chain_6_scale38__baseline_non_rescale;short_chain_6_scale38__rescale_aware,63.94,budget=0.017326 sensitivity=6.05 unit_budget=0.0028638 depth=1 chain=3 scale=30 logN=14 logQP≈210
2,iris_binary,mlp_square_linear_score,0.5,0.069303860219,0.0346519301095,6.05,0.00572759175364,1,21,25,0,1,3,30,14,210,7,8,deep_chain_8_scale45__rescale_aware;deep_chain_9_scale45__rescale_aware;short_chain_3__baseline_non_rescale;short_chain_3__rescale_aware;short_chain_5__baseline_non_rescale;short_chain_5__rescale_aware;short_chain_6_scale38__baseline_non_rescale;short_chain_6_scale38__rescale_aware,63.7,budget=0.0346519 sensitivity=6.05 unit_budget=0.00572759 depth=1 chain=3 scale=30 logN=14 logQP≈210
2,iris_binary,mlp_square_linear_score,0.75,0.069303860219,0.0519778951643,6.05,0.00859138763045,1,21,25,0,1,3,30,14,210,7,8,deep_chain_8_scale45__rescale_aware;deep_chain_9_scale45__rescale_aware;short_chain_3__baseline_non_rescale;short_chain_3__rescale_aware;short_chain_5__baseline_non_rescale;short_chain_5__rescale_aware;short_chain_6_scale38__baseline_non_rescale;short_chain_6_scale38__rescale_aware,63.829,budget=0.0519779 sensitivity=6.05 unit_budget=0.00859139 depth=1 chain=3 scale=30 logN=14 logQP≈210
2,iris_binary,mlp_square_linear_score,0.9,0.069303860219,0.0623734741971,6.05,0.0103096651565,1,21,25,0,1,3,30,14,210,7,8,deep_chain_8_scale45__rescale_aware;deep_chain_9_scale45__rescale_aware;short_chain_3__baseline_non_rescale;short_chain_3__rescale_aware;short_chain_5__baseline_non_rescale;short_chain_5__rescale_aware;short_chain_6_scale38__baseline_non_rescale;short_chain_6_scale38__rescale_aware,68.569,budget=0.0623735 sensitivity=6.05 unit_budget=0.0103097 depth=1 chain=3 scale=30 logN=14 logQP≈210
2,mnist_pool16,linear_poly3,0.1,0.001186814018,0.0001186814018,5.4,2.19780373704e-05,2,18,20,0,2,4,30,14,240,7,6,deep_chain_8_scale45__rescale_aware;deep_chain_9_scale45__rescale_aware;short_chain_5__baseline_non_rescale;short_chain_5__rescale_aware;short_chain_6_scale38__baseline_non_rescale;short_chain_6_scale38__rescale_aware,131.987,budget=0.000118681 sensitivity=5.4 unit_budget=2.1978e-05 depth=2 chain=4 scale=30 logN=14 logQP≈240
2,mnist_pool16,linear_poly3,0.25,0.001186814018,0.0002967035045,5.4,5.49450934259e-05,2,18,20,0,2,4,30,14,240,7,6,deep_chain_8_scale45__rescale_aware;deep_chain_9_scale45__rescale_aware;short_chain_5__baseline_non_rescale;short_chain_5__rescale_aware;short_chain_6_scale38__baseline_non_rescale;short_chain_6_scale38__rescale_aware,180.338,budget=0.000296704 sensitivity=5.4 unit_budget=5.49451e-05 depth=2 chain=4 scale=30 logN=14 logQP≈240
2,mnist_pool16,linear_poly3,0.5,0.001186814018,0.000593407009,5.4,0.000109890186852,2,18,20,0,2,4,30,14,240,7,6,deep_chain_8_scale45__rescale_aware;deep_chain_9_scale45__rescale_aware;short_chain_5__baseline_non_rescale;short_chain_5__rescale_aware;short_chain_6_scale38__baseline_non_rescale;short_chain_6_scale38__rescale_aware,65.884,budget=0.000593407 sensitivity=5.4 unit_budget=0.00010989 depth=2 chain=4 scale=30 logN=14 logQP≈240
2,mnist_pool16,linear_poly3,0.75,0.001186814018,0.0008901105135,5.4,0.000164835280278,2,18,20,0,2,4,30,14,240,7,6,deep_chain_8_scale45__rescale_aware;deep_chain_9_scale45__rescale_aware;short_chain_5__baseline_non_rescale;short_chain_5__rescale_aware;short_chain_6_scale38__baseline_non_rescale;short_chain_6_scale38__rescale_aware,75.261,budget=0.000890111 sensitivity=5.4 unit_budget=0.000164835 depth=2 chain=4 scale=30 logN=14 logQP≈240
2,mnist_pool16,linear_poly3,0.9,0.001186814018,0.0010681326162,5.4,0.000197802336333,2,18,20,0,2,4,30,14,240,7,6,deep_chain_8_scale45__rescale_aware;deep_chain_9_scale45__rescale_aware;short_chain_5__baseline_non_rescale;short_chain_5__rescale_aware;short_chain_6_scale38__baseline_non_rescale;short_chain_6_scale38__rescale_aware,67.707,budget=0.00106813 sensitivity=5.4 unit_budget=0.000197802 depth=2 chain=4 scale=30 logN=14 logQP≈240
2,mnist_pool16,mlp_square_linear_score,0.1,0.00107120826,0.000107120826,15.65,6.84478121406e-06,1,69,73,0,1,3,30,14,210,7,8,deep_chain_8_scale45__rescale_aware;deep_chain_9_scale45__rescale_aware;short_chain_3__baseline_non_rescale;short_chain_3__rescale_aware;short_chain_5__baseline_non_rescale;short_chain_5__rescale_aware;short_chain_6_scale38__baseline_non_rescale;short_chain_6_scale38__rescale_aware,72.226,budget=0.000107121 sensitivity=15.65 unit_budget=6.84478e-06 depth=1 chain=3 scale=30 logN=14 logQP≈210
2,mnist_pool16,mlp_square_linear_score,0.25,0.00107120826,0.000267802065,15.65,1.71119530351e-05,1,69,73,0,1,3,30,14,210,7,8,deep_chain_8_scale45__rescale_aware;deep_chain_9_scale45__rescale_aware;short_chain_3__baseline_non_rescale;short_chain_3__rescale_aware;short_chain_5__baseline_non_rescale;short_chain_5__rescale_aware;short_chain_6_scale38__baseline_non_rescale;short_chain_6_scale38__rescale_aware,149.721,budget=0.000267802 sensitivity=15.65 unit_budget=1.7112e-05 depth=1 chain=3 scale=30 logN=14 logQP≈210
2,mnist_pool16,mlp_square_linear_score,0.5,0.00107120826,0.00053560413,15.65,3.42239060703e-05,1,69,73,0,1,3,30,14,210,7,8,deep_chain_8_scale45__rescale_aware;deep_chain_9_scale45__rescale_aware;short_chain_3__baseline_non_rescale;short_chain_3__rescale_aware;short_chain_5__baseline_non_rescale;short_chain_5__rescale_aware;short_chain_6_scale38__baseline_non_rescale;short_chain_6_scale38__rescale_aware,90.169,budget=0.000535604 sensitivity=15.65 unit_budget=3.42239e-05 depth=1 chain=3 scale=30 logN=14 logQP≈210
2,mnist_pool16,mlp_square_linear_score,0.75,0.00107120826,0.000803406195,15.65,5.13358591054e-05,1,69,73,0,1,3,30,14,210,7,8,deep_chain_8_scale45__rescale_aware;deep_chain_9_scale45__rescale_aware;short_chain_3__baseline_non_rescale;short_chain_3__rescale_aware;short_chain_5__baseline_non_rescale;short_chain_5__rescale_aware;short_chain_6_scale38__baseline_non_rescale;short_chain_6_scale38__rescale_aware,69.551,budget=0.000803406 sensitivity=15.65 unit_budget=5.13359e-05 depth=1 chain=3 scale=30 logN=14 logQP≈210
2,mnist_pool16,mlp_square_linear_score,0.9,0.00107120826,0.000964087434,15.65,6.16030309265e-05,1,69,73,0,1,3,30,14,210,7,8,deep_chain_8_scale45__rescale_aware;deep_chain_9_scale45__rescale_aware;short_chain_3__baseline_non_rescale;short_chain_3__rescale_aware;short_chain_5__baseline_non_rescale;short_chain_5__rescale_aware;short_chain_6_scale38__baseline_non_rescale;short_chain_6_scale38__rescale_aware,64.561,budget=0.000964087 sensitivity=15.65 unit_budget=6.1603e-05 depth=1 chain=3 scale=30 logN=14 logQP≈210
2,wdbc,linear_poly3,0.1,0.00148378396,0.000148378396,3.8,3.90469463158e-05,2,10,12,0,2,4,30,14,240,7,6,deep_chain_8_scale45__rescale_aware;deep_chain_9_scale45__rescale_aware;short_chain_5__baseline_non_rescale;short_chain_5__rescale_aware;short_chain_6_scale38__baseline_non_rescale;short_chain_6_scale38__rescale_aware,79.619,budget=0.000148378 sensitivity=3.8 unit_budget=3.90469e-05 depth=2 chain=4 scale=30 logN=14 logQP≈240
2,wdbc,linear_poly3,0.25,0.00148378396,0.00037094599,3.8,9.76173657895e-05,2,10,12,0,2,4,30,14,240,7,6,deep_chain_8_scale45__rescale_aware;deep_chain_9_scale45__rescale_aware;short_chain_5__baseline_non_rescale;short_chain_5__rescale_aware;short_chain_6_scale38__baseline_non_rescale;short_chain_6_scale38__rescale_aware,108.935,budget=0.000370946 sensitivity=3.8 unit_budget=9.76174e-05 depth=2 chain=4 scale=30 logN=14 logQP≈240
2,wdbc,linear_poly3,0.5,0.00148378396,0.00074189198,3.8,0.000195234731579,2,10,12,0,2,4,30,14,240,7,6,deep_chain_8_scale45__rescale_aware;deep_chain_9_scale45__rescale_aware;short_chain_5__baseline_non_rescale;short_chain_5__rescale_aware;short_chain_6_scale38__baseline_non_rescale;short_chain_6_scale38__rescale_aware,73.357,budget=0.000741892 sensitivity=3.8 unit_budget=0.000195235 depth=2 chain=4 scale=30 logN=14 logQP≈240
2,wdbc,linear_poly3,0.75,0.00148378396,0.00111283797,3.8,0.000292852097368,2,10,12,0,2,4,30,14,240,7,6,deep_chain_8_scale45__rescale_aware;deep_chain_9_scale45__rescale_aware;short_chain_5__baseline_non_rescale;short_chain_5__rescale_aware;short_chain_6_scale38__baseline_non_rescale;short_chain_6_scale38__rescale_aware,64.611,budget=0.00111284 sensitivity=3.8 unit_budget=0.000292852 depth=2 chain=4 scale=30 logN=14 logQP≈240
2,wdbc,linear_poly3,0.9,0.00148378396,0.001335405564,3.8,0.000351422516842,2,10,12,0,2,4,30,14,240,7,6,deep_chain_8_scale45__rescale_aware;deep_chain_9_scale45__rescale_aware;short_chain_5__baseline_non_rescale;short_chain_5__rescale_aware;short_chain_6_scale38__baseline_non_rescale;short_chain_6_scale38__rescale_aware,64.29,budget=0.00133541 sensitivity=3.8 unit_budget=0.000351423 depth=2 chain=4 scale=30 logN=14 logQP≈240
2,wdbc,mlp_square_linear_score,0.1,0.00129424654,0.000129424654,9.25,1.39918544865e-05,1,37,41,0,1,3,30,14,210,7,8,deep_chain_8_scale45__rescale_aware;deep_chain_9_scale45__rescale_aware;short_chain_3__baseline_non_rescale;short_chain_3__rescale_aware;short_chain_5__baseline_non_rescale;short_chain_5__rescale_aware;short_chain_6_scale38__baseline_non_rescale;short_chain_6_scale38__rescale_aware,75.692,budget=0.000129425 sensitivity=9.25 unit_budget=1.39919e-05 depth=1 chain=3 scale=30 logN=14 logQP≈210
2,wdbc,mlp_square_linear_score,0.25,0.00129424654,0.000323561635,9.25,3.49796362162e-05,1,37,41,0,1,3,30,14,210,7,8,deep_chain_8_scale45__rescale_aware;deep_chain_9_scale45__rescale_aware;short_chain_3__baseline_non_rescale;short_chain_3__rescale_aware;short_chain_5__baseline_non_rescale;short_chain_5__rescale_aware;short_chain_6_scale38__baseline_non_rescale;short_chain_6_scale38__rescale_aware,442.41,budget=0.000323562 sensitivity=9.25 unit_budget=3.49796e-05 depth=1 chain=3 scale=30 logN=14 logQP≈210
2,wdbc,mlp_square_linear_score,0.5,0.00129424654,0.00064712327,9.25,6.99592724324e-05,1,37,41,0,1,3,30,14,210,7,8,deep_chain_8_scale45__rescale_aware;deep_chain_9_scale45__rescale_aware;short_chain_3__baseline_non_rescale;short_chain_3__rescale_aware;short_chain_5__baseline_non_rescale;short_chain_5__rescale_aware;short_chain_6_scale38__baseline_non_rescale;short_chain_6_scale38__rescale_aware,2388.402,budget=0.000647123 sensitivity=9.25 unit_budget=6.99593e-05 depth=1 chain=3 scale=30 logN=14 logQP≈210
2,wdbc,mlp_square_linear_score,0.75,0.00129424654,0.000970684905,9.25,0.000104938908649,1,37,41,0,1,3,30,14,210,7,8,deep_chain_8_scale45__rescale_aware;deep_chain_9_scale45__rescale_aware;short_chain_3__baseline_non_rescale;short_chain_3__rescale_aware;short_chain_5__baseline_non_rescale;short_chain_5__rescale_aware;short_chain_6_scale38__baseline_non_rescale;short_chain_6_scale38__rescale_aware,77.164,budget=0.000970685 sensitivity=9.25 unit_budget=0.000104939 depth=1 chain=3 scale=30 logN=14 logQP≈210
2,wdbc,mlp_square_linear_score,0.9,0.00129424654,0.001164821886,9.25,0.000125926690378,1,37,41,0,1,3,30,14,210,7,8,deep_chain_8_scale45__rescale_aware;deep_chain_9_scale45__rescale_aware;short_chain_3__baseline_non_rescale;short_chain_3__rescale_aware;short_chain_5__baseline_non_rescale;short_chain_5__rescale_aware;short_chain_6_scale38__baseline_non_rescale;short_chain_6_scale38__rescale_aware,66.234,budget=0.00116482 sensitivity=9.25 unit_budget=0.000125927 depth=1 chain=3 scale=30 logN=14 logQP≈210
3,banknote,linear_poly3,0.1,0.004312115264,0.0004312115264,3,0.000143737175467,2,6,8,0,2,4,30,14,240,7,6,deep_chain_8_scale45__rescale_aware;deep_chain_9_scale45__rescale_aware;short_chain_5__baseline_non_rescale;short_chain_5__rescale_aware;short_chain_6_scale38__baseline_non_rescale;short_chain_6_scale38__rescale_aware,60.994,budget=0.000431212 sensitivity=3 unit_budget=0.000143737 depth=2 chain=4 scale=30 logN=14 logQP≈240
3,banknote,linear_poly3,0.25,0.004312115264,0.001078028816,3,0.000359342938667,2,6,8,0,2,4,30,14,240,7,6,deep_chain_8_scale45__rescale_aware;deep_chain_9_scale45__rescale_aware;short_chain_5__baseline_non_rescale;short_chain_5__rescale_aware;short_chain_6_scale38__baseline_non_rescale;short_chain_6_scale38__rescale_aware,62.627,budget=0.00107803 sensitivity=3 unit_budget=0.000359343 depth=2 chain=4 scale=30 logN=14 logQP≈240
3,banknote,linear_poly3,0.5,0.004312115264,0.002156057632,3,0.000718685877333,2,6,8,0,2,4,30,14,240,7,6,deep_chain_8_scale45__rescale_aware;deep_chain_9_scale45__rescale_aware;short_chain_5__baseline_non_rescale;short_chain_5__rescale_aware;short_chain_6_scale38__baseline_non_rescale;short_chain_6_scale38__rescale_aware,65.964,budget=0.00215606 sensitivity=3 unit_budget=0.000718686 depth=2 chain=4 scale=30 logN=14 logQP≈240
3,banknote,linear_poly3,0.75,0.004312115264,0.003234086448,3,0.001078028816,2,6,8,0,2,4,30,14,240,7,6,deep_chain_8_scale45__rescale_aware;deep_chain_9_scale45__rescale_aware;short_chain_5__baseline_non_rescale;short_chain_5__rescale_aware;short_chain_6_scale38__baseline_non_rescale;short_chain_6_scale38__rescale_aware,60.674,budget=0.00323409 sensitivity=3 unit_budget=0.00107803 depth=2 chain=4 scale=30 logN=14 logQP≈240
3,banknote,linear_poly3,0.9,0.004312115264,0.0038809037376,3,0.0012936345792,2,6,8,0,2,4,30,14,240,7,6,deep_chain_8_scale45__rescale_aware;deep_chain_9_scale45__rescale_aware;short_chain_5__baseline_non_rescale;short_chain_5__rescale_aware;short_chain_6_scale38__baseline_non_rescale;short_chain_6_scale38__rescale_aware,62.277,budget=0.0038809 sensitivity=3 unit_budget=0.00129363 depth=2 chain=4 scale=30 logN=14 logQP≈240
3,banknote,mlp_square_linear_score,0.1,0.013947781714,0.0013947781714,6.05,0.000230541846512,1,21,25,0,1,3,30,14,210,7,8,deep_chain_8_scale45__rescale_aware;deep_chain_9_scale45__rescale_aware;short_chain_3__baseline_non_rescale;short_chain_3__rescale_aware;short_chain_5__baseline_non_rescale;short_chain_5__rescale_aware;short_chain_6_scale38__baseline_non_rescale;short_chain_6_scale38__rescale_aware,538.321,budget=0.00139478 sensitivity=6.05 unit_budget=0.000230542 depth=1 chain=3 scale=30 logN=14 logQP≈210
3,banknote,mlp_square_linear_score,0.25,0.013947781714,0.0034869454285,6.05,0.000576354616281,1,21,25,0,1,3,30,14,210,7,8,deep_chain_8_scale45__rescale_aware;deep_chain_9_scale45__rescale_aware;short_chain_3__baseline_non_rescale;short_chain_3__rescale_aware;short_chain_5__baseline_non_rescale;short_chain_5__rescale_aware;short_chain_6_scale38__baseline_non_rescale;short_chain_6_scale38__rescale_aware,791.836,budget=0.00348695 sensitivity=6.05 unit_budget=0.000576355 depth=1 chain=3 scale=30 logN=14 logQP≈210
3,banknote,mlp_square_linear_score,0.5,0.013947781714,0.006973890857,6.05,0.00115270923256,1,21,25,0,1,3,30,14,210,7,8,deep_chain_8_scale45__rescale_aware;deep_chain_9_scale45__rescale_aware;short_chain_3__baseline_non_rescale;short_chain_3__rescale_aware;short_chain_5__baseline_non_rescale;short_chain_5__rescale_aware;short_chain_6_scale38__baseline_non_rescale;short_chain_6_scale38__rescale_aware,95.77,budget=0.00697389 sensitivity=6.05 unit_budget=0.00115271 depth=1 chain=3 scale=30 logN=14 logQP≈210
3,banknote,mlp_square_linear_score,0.75,0.013947781714,0.0104608362855,6.05,0.00172906384884,1,21,25,0,1,3,30,14,210,7,8,deep_chain_8_scale45__rescale_aware;deep_chain_9_scale45__rescale_aware;short_chain_3__baseline_non_rescale;short_chain_3__rescale_aware;short_chain_5__baseline_non_rescale;short_chain_5__rescale_aware;short_chain_6_scale38__baseline_non_rescale;short_chain_6_scale38__rescale_aware,97.643,budget=0.0104608 sensitivity=6.05 unit_budget=0.00172906 depth=1 chain=3 scale=30 logN=14 logQP≈210
3,banknote,mlp_square_linear_score,0.9,0.013947781714,0.0125530035426,6.05,0.00207487661861,1,21,25,0,1,3,30,14,210,7,8,deep_chain_8_scale45__rescale_aware;deep_chain_9_scale45__rescale_aware;short_chain_3__baseline_non_rescale;short_chain_3__rescale_aware;short_chain_5__baseline_non_rescale;short_chain_5__rescale_aware;short_chain_6_scale38__baseline_non_rescale;short_chain_6_scale38__rescale_aware,98.064,budget=0.012553 sensitivity=6.05 unit_budget=0.00207488 depth=1 chain=3 scale=30 logN=14 logQP≈210
3,digits_binary,linear_poly3,0.1,0.001280785606,0.0001280785606,3.8,3.37048843684e-05,2,10,12,0,2,4,30,14,240,7,6,deep_chain_8_scale45__rescale_aware;deep_chain_9_scale45__rescale_aware;short_chain_5__baseline_non_rescale;short_chain_5__rescale_aware;short_chain_6_scale38__baseline_non_rescale;short_chain_6_scale38__rescale_aware,85.651,budget=0.000128079 sensitivity=3.8 unit_budget=3.37049e-05 depth=2 chain=4 scale=30 logN=14 logQP≈240
3,digits_binary,linear_poly3,0.25,0.001280785606,0.0003201964015,3.8,8.42622109211e-05,2,10,12,0,2,4,30,14,240,7,6,deep_chain_8_scale45__rescale_aware;deep_chain_9_scale45__rescale_aware;short_chain_5__baseline_non_rescale;short_chain_5__rescale_aware;short_chain_6_scale38__baseline_non_rescale;short_chain_6_scale38__rescale_aware,81.272,budget=0.000320196 sensitivity=3.8 unit_budget=8.42622e-05 depth=2 chain=4 scale=30 logN=14 logQP≈240
3,digits_binary,linear_poly3,0.5,0.001280785606,0.000640392803,3.8,0.000168524421842,2,10,12,0,2,4,30,14,240,7,6,deep_chain_8_scale45__rescale_aware;deep_chain_9_scale45__rescale_aware;short_chain_5__baseline_non_rescale;short_chain_5__rescale_aware;short_chain_6_scale38__baseline_non_rescale;short_chain_6_scale38__rescale_aware,91.722,budget=0.000640393 sensitivity=3.8 unit_budget=0.000168524 depth=2 chain=4 scale=30 logN=14 logQP≈240
3,digits_binary,linear_poly3,0.75,0.001280785606,0.0009605892045,3.8,0.000252786632763,2,10,12,0,2,4,30,14,240,7,6,deep_chain_8_scale45__rescale_aware;deep_chain_9_scale45__rescale_aware;short_chain_5__baseline_non_rescale;short_chain_5__rescale_aware;short_chain_6_scale38__baseline_non_rescale;short_chain_6_scale38__rescale_aware,704.362,budget=0.000960589 sensitivity=3.8 unit_budget=0.000252787 depth=2 chain=4 scale=30 logN=14 logQP≈240
3,digits_binary,linear_poly3,0.9,0.001280785606,0.0011527070454,3.8,0.000303343959316,2,10,12,0,2,4,30,14,240,7,6,deep_chain_8_scale45__rescale_aware;deep_chain_9_scale45__rescale_aware;short_chain_5__baseline_non_rescale;short_chain_5__rescale_aware;short_chain_6_scale38__baseline_non_rescale;short_chain_6_scale38__rescale_aware,76.884,budget=0.00115271 sensitivity=3.8 unit_budget=0.000303344 depth=2 chain=4 scale=30 logN=14 logQP≈240
3,digits_binary,mlp_square_linear_score,0.1,0.001210292603,0.0001210292603,9.25,1.30842443568e-05,1,37,41,0,1,3,30,14,210,7,8,deep_chain_8_scale45__rescale_aware;deep_chain_9_scale45__rescale_aware;short_chain_3__baseline_non_rescale;short_chain_3__rescale_aware;short_chain_5__baseline_non_rescale;short_chain_5__rescale_aware;short_chain_6_scale38__baseline_non_rescale;short_chain_6_scale38__rescale_aware,102.522,budget=0.000121029 sensitivity=9.25 unit_budget=1.30842e-05 depth=1 chain=3 scale=30 logN=14 logQP≈210
3,digits_binary,mlp_square_linear_score,0.25,0.001210292603,0.00030257315075,9.25,3.27106108919e-05,1,37,41,0,1,3,30,14,210,7,8,deep_chain_8_scale45__rescale_aware;deep_chain_9_scale45__rescale_aware;short_chain_3__baseline_non_rescale;short_chain_3__rescale_aware;short_chain_5__baseline_non_rescale;short_chain_5__rescale_aware;short_chain_6_scale38__baseline_non_rescale;short_chain_6_scale38__rescale_aware,85.851,budget=0.000302573 sensitivity=9.25 unit_budget=3.27106e-05 depth=1 chain=3 scale=30 logN=14 logQP≈210
3,digits_binary,mlp_square_linear_score,0.5,0.001210292603,0.0006051463015,9.25,6.54212217838e-05,1,37,41,0,1,3,30,14,210,7,8,deep_chain_8_scale45__rescale_aware;deep_chain_9_scale45__rescale_aware;short_chain_3__baseline_non_rescale;short_chain_3__rescale_aware;short_chain_5__baseline_non_rescale;short_chain_5__rescale_aware;short_chain_6_scale38__baseline_non_rescale;short_chain_6_scale38__rescale_aware,67.146,budget=0.000605146 sensitivity=9.25 unit_budget=6.54212e-05 depth=1 chain=3 scale=30 logN=14 logQP≈210
3,digits_binary,mlp_square_linear_score,0.75,0.001210292603,0.00090771945225,9.25,9.81318326757e-05,1,37,41,0,1,3,30,14,210,7,8,deep_chain_8_scale45__rescale_aware;deep_chain_9_scale45__rescale_aware;short_chain_3__baseline_non_rescale;short_chain_3__rescale_aware;short_chain_5__baseline_non_rescale;short_chain_5__rescale_aware;short_chain_6_scale38__baseline_non_rescale;short_chain_6_scale38__rescale_aware,68.749,budget=0.000907719 sensitivity=9.25 unit_budget=9.81318e-05 depth=1 chain=3 scale=30 logN=14 logQP≈210
3,digits_binary,mlp_square_linear_score,0.9,0.001210292603,0.0010892633427,9.25,0.000117758199211,1,37,41,0,1,3,30,14,210,7,8,deep_chain_8_scale45__rescale_aware;deep_chain_9_scale45__rescale_aware;short_chain_3__baseline_non_rescale;short_chain_3__rescale_aware;short_chain_5__baseline_non_rescale;short_chain_5__rescale_aware;short_chain_6_scale38__baseline_non_rescale;short_chain_6_scale38__rescale_aware,64.15,budget=0.00108926 sensitivity=9.25 unit_budget=0.000117758 depth=1 chain=3 scale=30 logN=14 logQP≈210
3,iris_binary,linear_poly3,0.1,0.065146843018,0.0065146843018,3,0.00217156143393,2,6,8,0,2,4,30,14,240,7,6,deep_chain_8_scale45__rescale_aware;deep_chain_9_scale45__rescale_aware;short_chain_5__baseline_non_rescale;short_chain_5__rescale_aware;short_chain_6_scale38__baseline_non_rescale;short_chain_6_scale38__rescale_aware,62.727,budget=0.00651468 sensitivity=3 unit_budget=0.00217156 depth=2 chain=4 scale=30 logN=14 logQP≈240
3,iris_binary,linear_poly3,0.25,0.065146843018,0.0162867107545,3,0.00542890358483,2,6,8,0,2,4,30,14,240,7,6,deep_chain_8_scale45__rescale_aware;deep_chain_9_scale45__rescale_aware;short_chain_5__baseline_non_rescale;short_chain_5__rescale_aware;short_chain_6_scale38__baseline_non_rescale;short_chain_6_scale38__rescale_aware,63.088,budget=0.0162867 sensitivity=3 unit_budget=0.0054289 depth=2 chain=4 scale=30 logN=14 logQP≈240
3,iris_binary,linear_poly3,0.5,0.065146843018,0.032573421509,3,0.0108578071697,2,6,8,0,2,4,30,14,240,7,6,deep_chain_8_scale45__rescale_aware;deep_chain_9_scale45__rescale_aware;short_chain_5__baseline_non_rescale;short_chain_5__rescale_aware;short_chain_6_scale38__baseline_non_rescale;short_chain_6_scale38__rescale_aware,81.523,budget=0.0325734 sensitivity=3 unit_budget=0.0108578 depth=2 chain=4 scale=30 logN=14 logQP≈240
3,iris_binary,linear_poly3,0.75,0.065146843018,0.0488601322635,3,0.0162867107545,2,6,8,0,2,4,30,14,240,7,6,deep_chain_8_scale45__rescale_aware;deep_chain_9_scale45__rescale_aware;short_chain_5__baseline_non_rescale;short_chain_5__rescale_aware;short_chain_6_scale38__baseline_non_rescale;short_chain_6_scale38__rescale_aware,64.371,budget=0.0488601 sensitivity=3 unit_budget=0.0162867 depth=2 chain=4 scale=30 logN=14 logQP≈240
3,iris_binary,linear_poly3,0.9,0.065146843018,0.0586321587162,3,0.0195440529054,2,6,8,0,2,4,30,14,240,7,6,deep_chain_8_scale45__rescale_aware;deep_chain_9_scale45__rescale_aware;short_chain_5__baseline_non_rescale;short_chain_5__rescale_aware;short_chain_6_scale38__baseline_non_rescale;short_chain_6_scale38__rescale_aware,61.706,budget=0.0586322 sensitivity=3 unit_budget=0.0195441 depth=2 chain=4 scale=30 logN=14 logQP≈240
3,iris_binary,mlp_square_linear_score,0.1,0.069303860219,0.0069303860219,6.05,0.00114551835073,1,21,25,0,1,3,30,14,210,7,8,deep_chain_8_scale45__rescale_aware;deep_chain_9_scale45__rescale_aware;short_chain_3__baseline_non_rescale;short_chain_3__rescale_aware;short_chain_5__baseline_non_rescale;short_chain_5__rescale_aware;short_chain_6_scale38__baseline_non_rescale;short_chain_6_scale38__rescale_aware,72.616,budget=0.00693039 sensitivity=6.05 unit_budget=0.00114552 depth=1 chain=3 scale=30 logN=14 logQP≈210
3,iris_binary,mlp_square_linear_score,0.25,0.069303860219,0.0173259650548,6.05,0.00286379587682,1,21,25,0,1,3,30,14,210,7,8,deep_chain_8_scale45__rescale_aware;deep_chain_9_scale45__rescale_aware;short_chain_3__baseline_non_rescale;short_chain_3__rescale_aware;short_chain_5__baseline_non_rescale;short_chain_5__rescale_aware;short_chain_6_scale38__baseline_non_rescale;short_chain_6_scale38__rescale_aware,64.962,budget=0.017326 sensitivity=6.05 unit_budget=0.0028638 depth=1 chain=3 scale=30 logN=14 logQP≈210
3,iris_binary,mlp_square_linear_score,0.5,0.069303860219,0.0346519301095,6.05,0.00572759175364,1,21,25,0,1,3,30,14,210,7,8,deep_chain_8_scale45__rescale_aware;deep_chain_9_scale45__rescale_aware;short_chain_3__baseline_non_rescale;short_chain_3__rescale_aware;short_chain_5__baseline_non_rescale;short_chain_5__rescale_aware;short_chain_6_scale38__baseline_non_rescale;short_chain_6_scale38__rescale_aware,63.58,budget=0.0346519 sensitivity=6.05 unit_budget=0.00572759 depth=1 chain=3 scale=30 logN=14 logQP≈210
3,iris_binary,mlp_square_linear_score,0.75,0.069303860219,0.0519778951643,6.05,0.00859138763045,1,21,25,0,1,3,30,14,210,7,8,deep_chain_8_scale45__rescale_aware;deep_chain_9_scale45__rescale_aware;short_chain_3__baseline_non_rescale;short_chain_3__rescale_aware;short_chain_5__baseline_non_rescale;short_chain_5__rescale_aware;short_chain_6_scale38__baseline_non_rescale;short_chain_6_scale38__rescale_aware,67.457,budget=0.0519779 sensitivity=6.05 unit_budget=0.00859139 depth=1 chain=3 scale=30 logN=14 logQP≈210
3,iris_binary,mlp_square_linear_score,0.9,0.069303860219,0.0623734741971,6.05,0.0103096651565,1,21,25,0,1,3,30,14,210,7,8,deep_chain_8_scale45__rescale_aware;deep_chain_9_scale45__rescale_aware;short_chain_3__baseline_non_rescale;short_chain_3__rescale_aware;short_chain_5__baseline_non_rescale;short_chain_5__rescale_aware;short_chain_6_scale38__baseline_non_rescale;short_chain_6_scale38__rescale_aware,63.59,budget=0.0623735 sensitivity=6.05 unit_budget=0.0103097 depth=1 chain=3 scale=30 logN=14 logQP≈210
3,mnist_pool16,linear_poly3,0.1,0.001186814018,0.0001186814018,5.4,2.19780373704e-05,2,18,20,0,2,4,30,14,240,7,6,deep_chain_8_scale45__rescale_aware;deep_chain_9_scale45__rescale_aware;short_chain_5__baseline_non_rescale;short_chain_5__rescale_aware;short_chain_6_scale38__baseline_non_rescale;short_chain_6_scale38__rescale_aware,67.727,budget=0.000118681 sensitivity=5.4 unit_budget=2.1978e-05 depth=2 chain=4 scale=30 logN=14 logQP≈240
3,mnist_pool16,linear_poly3,0.25,0.001186814018,0.0002967035045,5.4,5.49450934259e-05,2,18,20,0,2,4,30,14,240,7,6,deep_chain_8_scale45__rescale_aware;deep_chain_9_scale45__rescale_aware;short_chain_5__baseline_non_rescale;short_chain_5__rescale_aware;short_chain_6_scale38__baseline_non_rescale;short_chain_6_scale38__rescale_aware,60.865,budget=0.000296704 sensitivity=5.4 unit_budget=5.49451e-05 depth=2 chain=4 scale=30 logN=14 logQP≈240
3,mnist_pool16,linear_poly3,0.5,0.001186814018,0.000593407009,5.4,0.000109890186852,2,18,20,0,2,4,30,14,240,7,6,deep_chain_8_scale45__rescale_aware;deep_chain_9_scale45__rescale_aware;short_chain_5__baseline_non_rescale;short_chain_5__rescale_aware;short_chain_6_scale38__baseline_non_rescale;short_chain_6_scale38__rescale_aware,177.322,budget=0.000593407 sensitivity=5.4 unit_budget=0.00010989 depth=2 chain=4 scale=30 logN=14 logQP≈240
3,mnist_pool16,linear_poly3,0.75,0.001186814018,0.0008901105135,5.4,0.000164835280278,2,18,20,0,2,4,30,14,240,7,6,deep_chain_8_scale45__rescale_aware;deep_chain_9_scale45__rescale_aware;short_chain_5__baseline_non_rescale;short_chain_5__rescale_aware;short_chain_6_scale38__baseline_non_rescale;short_chain_6_scale38__rescale_aware,70.823,budget=0.000890111 sensitivity=5.4 unit_budget=0.000164835 depth=2 chain=4 scale=30 logN=14 logQP≈240
3,mnist_pool16,linear_poly3,0.9,0.001186814018,0.0010681326162,5.4,0.000197802336333,2,18,20,0,2,4,30,14,240,7,6,deep_chain_8_scale45__rescale_aware;deep_chain_9_scale45__rescale_aware;short_chain_5__baseline_non_rescale;short_chain_5__rescale_aware;short_chain_6_scale38__baseline_non_rescale;short_chain_6_scale38__rescale_aware,64.161,budget=0.00106813 sensitivity=5.4 unit_budget=0.000197802 depth=2 chain=4 scale=30 logN=14 logQP≈240
3,mnist_pool16,mlp_square_linear_score,0.1,0.001042341415,0.0001042341415,15.65,6.66032853035e-06,1,69,73,0,1,3,30,14,210,7,8,deep_chain_8_scale45__rescale_aware;deep_chain_9_scale45__rescale_aware;short_chain_3__baseline_non_rescale;short_chain_3__rescale_aware;short_chain_5__baseline_non_rescale;short_chain_5__rescale_aware;short_chain_6_scale38__baseline_non_rescale;short_chain_6_scale38__rescale_aware,117.61,budget=0.000104234 sensitivity=15.65 unit_budget=6.66033e-06 depth=1 chain=3 scale=30 logN=14 logQP≈210
3,mnist_pool16,mlp_square_linear_score,0.25,0.001042341415,0.00026058535375,15.65,1.66508213259e-05,1,69,73,0,1,3,30,14,210,7,8,deep_chain_8_scale45__rescale_aware;deep_chain_9_scale45__rescale_aware;short_chain_3__baseline_non_rescale;short_chain_3__rescale_aware;short_chain_5__baseline_non_rescale;short_chain_5__rescale_aware;short_chain_6_scale38__baseline_non_rescale;short_chain_6_scale38__rescale_aware,91.692,budget=0.000260585 sensitivity=15.65 unit_budget=1.66508e-05 depth=1 chain=3 scale=30 logN=14 logQP≈210
3,mnist_pool16,mlp_square_linear_score,0.5,0.001042341415,0.0005211707075,15.65,3.33016426518e-05,1,69,73,0,1,3,30,14,210,7,8,deep_chain_8_scale45__rescale_aware;deep_chain_9_scale45__rescale_aware;short_chain_3__baseline_non_rescale;short_chain_3__rescale_aware;short_chain_5__baseline_non_rescale;short_chain_5__rescale_aware;short_chain_6_scale38__baseline_non_rescale;short_chain_6_scale38__rescale_aware,164.248,budget=0.000521171 sensitivity=15.65 unit_budget=3.33016e-05 depth=1 chain=3 scale=30 logN=14 logQP≈210
3,mnist_pool16,mlp_square_linear_score,0.75,0.001042341415,0.00078175606125,15.65,4.99524639776e-05,1,69,73,0,1,3,30,14,210,7,8,deep_chain_8_scale45__rescale_aware;deep_chain_9_scale45__rescale_aware;short_chain_3__baseline_non_rescale;short_chain_3__rescale_aware;short_chain_5__baseline_non_rescale;short_chain_5__rescale_aware;short_chain_6_scale38__baseline_non_rescale;short_chain_6_scale38__rescale_aware,81.643,budget=0.000781756 sensitivity=15.65 unit_budget=4.99525e-05 depth=1 chain=3 scale=30 logN=14 logQP≈210
3,mnist_pool16,mlp_square_linear_score,0.9,0.001042341415,0.0009381072735,15.65,5.99429567732e-05,1,69,73,0,1,3,30,14,210,7,8,deep_chain_8_scale45__rescale_aware;deep_chain_9_scale45__rescale_aware;short_chain_3__baseline_non_rescale;short_chain_3__rescale_aware;short_chain_5__baseline_non_rescale;short_chain_5__rescale_aware;short_chain_6_scale38__baseline_non_rescale;short_chain_6_scale38__rescale_aware,67.788,budget=0.000938107 sensitivity=15.65 unit_budget=5.9943e-05 depth=1 chain=3 scale=30 logN=14 logQP≈210
3,wdbc,linear_poly3,0.1,0.001463626482,0.0001463626482,3.8,3.85164863684e-05,2,10,12,0,2,4,30,14,240,7,6,deep_chain_8_scale45__rescale_aware;deep_chain_9_scale45__rescale_aware;short_chain_5__baseline_non_rescale;short_chain_5__rescale_aware;short_chain_6_scale38__baseline_non_rescale;short_chain_6_scale38__rescale_aware,63.69,budget=0.000146363 sensitivity=3.8 unit_budget=3.85165e-05 depth=2 chain=4 scale=30 logN=14 logQP≈240
3,wdbc,linear_poly3,0.25,0.001463626482,0.0003659066205,3.8,9.62912159211e-05,2,10,12,0,2,4,30,14,240,7,6,deep_chain_8_scale45__rescale_aware;deep_chain_9_scale45__rescale_aware;short_chain_5__baseline_non_rescale;short_chain_5__rescale_aware;short_chain_6_scale38__baseline_non_rescale;short_chain_6_scale38__rescale_aware,61.055,budget=0.000365907 sensitivity=3.8 unit_budget=9.62912e-05 depth=2 chain=4 scale=30 logN=14 logQP≈240
3,wdbc,linear_poly3,0.5,0.001463626482,0.000731813241,3.8,0.000192582431842,2,10,12,0,2,4,30,14,240,7,6,deep_chain_8_scale45__rescale_aware;deep_chain_9_scale45__rescale_aware;short_chain_5__baseline_non_rescale;short_chain_5__rescale_aware;short_chain_6_scale38__baseline_non_rescale;short_chain_6_scale38__rescale_aware,61.335,budget=0.000731813 sensitivity=3.8 unit_budget=0.000192582 depth=2 chain=4 scale=30 logN=14 logQP≈240
3,wdbc,linear_poly3,0.75,0.001463626482,0.0010977198615,3.8,0.000288873647763,2,10,12,0,2,4,30,14,240,7,6,deep_chain_8_scale45__rescale_aware;deep_chain_9_scale45__rescale_aware;short_chain_5__baseline_non_rescale;short_chain_5__rescale_aware;short_chain_6_scale38__baseline_non_rescale;short_chain_6_scale38__rescale_aware,59.772,budget=0.00109772 sensitivity=3.8 unit_budget=0.000288874 depth=2 chain=4 scale=30 logN=14 logQP≈240
3,wdbc,linear_poly3,0.9,0.001463626482,0.0013172638338,3.8,0.000346648377316,2,10,12,0,2,4,30,14,240,7,6,deep_chain_8_scale45__rescale_aware;deep_chain_9_scale45__rescale_aware;short_chain_5__baseline_non_rescale;short_chain_5__rescale_aware;short_chain_6_scale38__baseline_non_rescale;short_chain_6_scale38__rescale_aware,60.133,budget=0.00131726 sensitivity=3.8 unit_budget=0.000346648 depth=2 chain=4 scale=30 logN=14 logQP≈240
3,wdbc,mlp_square_linear_score,0.1,0.00129424654,0.000129424654,9.25,1.39918544865e-05,1,37,41,0,1,3,30,14,210,7,8,deep_chain_8_scale45__rescale_aware;deep_chain_9_scale45__rescale_aware;short_chain_3__baseline_non_rescale;short_chain_3__rescale_aware;short_chain_5__baseline_non_rescale;short_chain_5__rescale_aware;short_chain_6_scale38__baseline_non_rescale;short_chain_6_scale38__rescale_aware,71.394,budget=0.000129425 sensitivity=9.25 unit_budget=1.39919e-05 depth=1 chain=3 scale=30 logN=14 logQP≈210
3,wdbc,mlp_square_linear_score,0.25,0.00129424654,0.000323561635,9.25,3.49796362162e-05,1,37,41,0,1,3,30,14,210,7,8,deep_chain_8_scale45__rescale_aware;deep_chain_9_scale45__rescale_aware;short_chain_3__baseline_non_rescale;short_chain_3__rescale_aware;short_chain_5__baseline_non_rescale;short_chain_5__rescale_aware;short_chain_6_scale38__baseline_non_rescale;short_chain_6_scale38__rescale_aware,65.714,budget=0.000323562 sensitivity=9.25 unit_budget=3.49796e-05 depth=1 chain=3 scale=30 logN=14 logQP≈210
3,wdbc,mlp_square_linear_score,0.5,0.00129424654,0.00064712327,9.25,6.99592724324e-05,1,37,41,0,1,3,30,14,210,7,8,deep_chain_8_scale45__rescale_aware;deep_chain_9_scale45__rescale_aware;short_chain_3__baseline_non_rescale;short_chain_3__rescale_aware;short_chain_5__baseline_non_rescale;short_chain_5__rescale_aware;short_chain_6_scale38__baseline_non_rescale;short_chain_6_scale38__rescale_aware,590.469,budget=0.000647123 sensitivity=9.25 unit_budget=6.99593e-05 depth=1 chain=3 scale=30 logN=14 logQP≈210
3,wdbc,mlp_square_linear_score,0.75,0.00129424654,0.000970684905,9.25,0.000104938908649,1,37,41,0,1,3,30,14,210,7,8,deep_chain_8_scale45__rescale_aware;deep_chain_9_scale45__rescale_aware;short_chain_3__baseline_non_rescale;short_chain_3__rescale_aware;short_chain_5__baseline_non_rescale;short_chain_5__rescale_aware;short_chain_6_scale38__baseline_non_rescale;short_chain_6_scale38__rescale_aware,145.894,budget=0.000970685 sensitivity=9.25 unit_budget=0.000104939 depth=1 chain=3 scale=30 logN=14 logQP≈210
3,wdbc,mlp_square_linear_score,0.9,0.00129424654,0.001164821886,9.25,0.000125926690378,1,37,41,0,1,3,30,14,210,7,8,deep_chain_8_scale45__rescale_aware;deep_chain_9_scale45__rescale_aware;short_chain_3__baseline_non_rescale;short_chain_3__rescale_aware;short_chain_5__baseline_non_rescale;short_chain_5__rescale_aware;short_chain_6_scale38__baseline_non_rescale;short_chain_6_scale38__rescale_aware,142.096,budget=0.00116482 sensitivity=9.25 unit_budget=0.000125927 depth=1 chain=3 scale=30 logN=14 logQP≈210
4,banknote,linear_poly3,0.1,0.004312115264,0.0004312115264,3,0.000143737175467,2,6,8,0,2,4,30,14,240,7,6,deep_chain_8_scale45__rescale_aware;deep_chain_9_scale45__rescale_aware;short_chain_5__baseline_non_rescale;short_chain_5__rescale_aware;short_chain_6_scale38__baseline_non_rescale;short_chain_6_scale38__rescale_aware,116.739,budget=0.000431212 sensitivity=3 unit_budget=0.000143737 depth=2 chain=4 scale=30 logN=14 logQP≈240
4,banknote,linear_poly3,0.25,0.004312115264,0.001078028816,3,0.000359342938667,2,6,8,0,2,4,30,14,240,7,6,deep_chain_8_scale45__rescale_aware;deep_chain_9_scale45__rescale_aware;short_chain_5__baseline_non_rescale;short_chain_5__rescale_aware;short_chain_6_scale38__baseline_non_rescale;short_chain_6_scale38__rescale_aware,96.992,budget=0.00107803 sensitivity=3 unit_budget=0.000359343 depth=2 chain=4 scale=30 logN=14 logQP≈240
4,banknote,linear_poly3,0.5,0.004312115264,0.002156057632,3,0.000718685877333,2,6,8,0,2,4,30,14,240,7,6,deep_chain_8_scale45__rescale_aware;deep_chain_9_scale45__rescale_aware;short_chain_5__baseline_non_rescale;short_chain_5__rescale_aware;short_chain_6_scale38__baseline_non_rescale;short_chain_6_scale38__rescale_aware,95.769,budget=0.00215606 sensitivity=3 unit_budget=0.000718686 depth=2 chain=4 scale=30 logN=14 logQP≈240
4,banknote,linear_poly3,0.75,0.004312115264,0.003234086448,3,0.001078028816,2,6,8,0,2,4,30,14,240,7,6,deep_chain_8_scale45__rescale_aware;deep_chain_9_scale45__rescale_aware;short_chain_5__baseline_non_rescale;short_chain_5__rescale_aware;short_chain_6_scale38__baseline_non_rescale;short_chain_6_scale38__rescale_aware,96.431,budget=0.00323409 sensitivity=3 unit_budget=0.00107803 depth=2 chain=4 scale=30 logN=14 logQP≈240
4,banknote,linear_poly3,0.9,0.004312115264,0.0038809037376,3,0.0012936345792,2,6,8,0,2,4,30,14,240,7,6,deep_chain_8_scale45__rescale_aware;deep_chain_9_scale45__rescale_aware;short_chain_5__baseline_non_rescale;short_chain_5__rescale_aware;short_chain_6_scale38__baseline_non_rescale;short_chain_6_scale38__rescale_aware,92.775,budget=0.0038809 sensitivity=3 unit_budget=0.00129363 depth=2 chain=4 scale=30 logN=14 logQP≈240
4,banknote,mlp_square_linear_score,0.1,0.013947781714,0.0013947781714,6.05,0.000230541846512,1,21,25,0,1,3,30,14,210,7,8,deep_chain_8_scale45__rescale_aware;deep_chain_9_scale45__rescale_aware;short_chain_3__baseline_non_rescale;short_chain_3__rescale_aware;short_chain_5__baseline_non_rescale;short_chain_5__rescale_aware;short_chain_6_scale38__baseline_non_rescale;short_chain_6_scale38__rescale_aware,101.62,budget=0.00139478 sensitivity=6.05 unit_budget=0.000230542 depth=1 chain=3 scale=30 logN=14 logQP≈210
4,banknote,mlp_square_linear_score,0.25,0.013947781714,0.0034869454285,6.05,0.000576354616281,1,21,25,0,1,3,30,14,210,7,8,deep_chain_8_scale45__rescale_aware;deep_chain_9_scale45__rescale_aware;short_chain_3__baseline_non_rescale;short_chain_3__rescale_aware;short_chain_5__baseline_non_rescale;short_chain_5__rescale_aware;short_chain_6_scale38__baseline_non_rescale;short_chain_6_scale38__rescale_aware,100.188,budget=0.00348695 sensitivity=6.05 unit_budget=0.000576355 depth=1 chain=3 scale=30 logN=14 logQP≈210
4,banknote,mlp_square_linear_score,0.5,0.013947781714,0.006973890857,6.05,0.00115270923256,1,21,25,0,1,3,30,14,210,7,8,deep_chain_8_scale45__rescale_aware;deep_chain_9_scale45__rescale_aware;short_chain_3__baseline_non_rescale;short_chain_3__rescale_aware;short_chain_5__baseline_non_rescale;short_chain_5__rescale_aware;short_chain_6_scale38__baseline_non_rescale;short_chain_6_scale38__rescale_aware,102.963,budget=0.00697389 sensitivity=6.05 unit_budget=0.00115271 depth=1 chain=3 scale=30 logN=14 logQP≈210
4,banknote,mlp_square_linear_score,0.75,0.013947781714,0.0104608362855,6.05,0.00172906384884,1,21,25,0,1,3,30,14,210,7,8,deep_chain_8_scale45__rescale_aware;deep_chain_9_scale45__rescale_aware;short_chain_3__baseline_non_rescale;short_chain_3__rescale_aware;short_chain_5__baseline_non_rescale;short_chain_5__rescale_aware;short_chain_6_scale38__baseline_non_rescale;short_chain_6_scale38__rescale_aware,860.098,budget=0.0104608 sensitivity=6.05 unit_budget=0.00172906 depth=1 chain=3 scale=30 logN=14 logQP≈210
4,banknote,mlp_square_linear_score,0.9,0.013947781714,0.0125530035426,6.05,0.00207487661861,1,21,25,0,1,3,30,14,210,7,8,deep_chain_8_scale45__rescale_aware;deep_chain_9_scale45__rescale_aware;short_chain_3__baseline_non_rescale;short_chain_3__rescale_aware;short_chain_5__baseline_non_rescale;short_chain_5__rescale_aware;short_chain_6_scale38__baseline_non_rescale;short_chain_6_scale38__rescale_aware,121.868,budget=0.012553 sensitivity=6.05 unit_budget=0.00207488 depth=1 chain=3 scale=30 logN=14 logQP≈210
4,digits_binary,linear_poly3,0.1,0.001398300386,0.0001398300386,3.8,3.67973785789e-05,2,10,12,0,2,4,30,14,240,7,6,deep_chain_8_scale45__rescale_aware;deep_chain_9_scale45__rescale_aware;short_chain_5__baseline_non_rescale;short_chain_5__rescale_aware;short_chain_6_scale38__baseline_non_rescale;short_chain_6_scale38__rescale_aware,1131.529,budget=0.00013983 sensitivity=3.8 unit_budget=3.67974e-05 depth=2 chain=4 scale=30 logN=14 logQP≈240
4,digits_binary,linear_poly3,0.25,0.001398300386,0.0003495750965,3.8,9.19934464474e-05,2,10,12,0,2,4,30,14,240,7,6,deep_chain_8_scale45__rescale_aware;deep_chain_9_scale45__rescale_aware;short_chain_5__baseline_non_rescale;short_chain_5__rescale_aware;short_chain_6_scale38__baseline_non_rescale;short_chain_6_scale38__rescale_aware,68.749,budget=0.000349575 sensitivity=3.8 unit_budget=9.19934e-05 depth=2 chain=4 scale=30 logN=14 logQP≈240
4,digits_binary,linear_poly3,0.5,0.001398300386,0.000699150193,3.8,0.000183986892895,2,10,12,0,2,4,30,14,240,7,6,deep_chain_8_scale45__rescale_aware;deep_chain_9_scale45__rescale_aware;short_chain_5__baseline_non_rescale;short_chain_5__rescale_aware;short_chain_6_scale38__baseline_non_rescale;short_chain_6_scale38__rescale_aware,67.898,budget=0.00069915 sensitivity=3.8 unit_budget=0.000183987 depth=2 chain=4 scale=30 logN=14 logQP≈240
4,digits_binary,linear_poly3,0.75,0.001398300386,0.0010487252895,3.8,0.000275980339342,2,10,12,0,2,4,30,14,240,7,6,deep_chain_8_scale45__rescale_aware;deep_chain_9_scale45__rescale_aware;short_chain_5__baseline_non_rescale;short_chain_5__rescale_aware;short_chain_6_scale38__baseline_non_rescale;short_chain_6_scale38__rescale_aware,63.829,budget=0.00104873 sensitivity=3.8 unit_budget=0.00027598 depth=2 chain=4 scale=30 logN=14 logQP≈240
4,digits_binary,linear_poly3,0.9,0.001398300386,0.0012584703474,3.8,0.000331176407211,2,10,12,0,2,4,30,14,240,7,6,deep_chain_8_scale45__rescale_aware;deep_chain_9_scale45__rescale_aware;short_chain_5__baseline_non_rescale;short_chain_5__rescale_aware;short_chain_6_scale38__baseline_non_rescale;short_chain_6_scale38__rescale_aware,135.785,budget=0.00125847 sensitivity=3.8 unit_budget=0.000331176 depth=2 chain=4 scale=30 logN=14 logQP≈240
4,digits_binary,mlp_square_linear_score,0.1,0.001032165326,0.0001032165326,9.25,1.11585440649e-05,1,37,41,0,1,3,30,14,210,7,8,deep_chain_8_scale45__rescale_aware;deep_chain_9_scale45__rescale_aware;short_chain_3__baseline_non_rescale;short_chain_3__rescale_aware;short_chain_5__baseline_non_rescale;short_chain_5__rescale_aware;short_chain_6_scale38__baseline_non_rescale;short_chain_6_scale38__rescale_aware,85.1,budget=0.000103217 sensitivity=9.25 unit_budget=1.11585e-05 depth=1 chain=3 scale=30 logN=14 logQP≈210
4,digits_binary,mlp_square_linear_score,0.25,0.001032165326,0.0002580413315,9.25,2.78963601622e-05,1,37,41,0,1,3,30,14,210,7,8,deep_chain_8_scale45__rescale_aware;deep_chain_9_scale45__rescale_aware;short_chain_3__baseline_non_rescale;short_chain_3__rescale_aware;short_chain_5__baseline_non_rescale;short_chain_5__rescale_aware;short_chain_6_scale38__baseline_non_rescale;short_chain_6_scale38__rescale_aware,70.963,budget=0.000258041 sensitivity=9.25 unit_budget=2.78964e-05 depth=1 chain=3 scale=30 logN=14 logQP≈210
4,digits_binary,mlp_square_linear_score,0.5,0.001032165326,0.000516082663,9.25,5.57927203243e-05,1,37,41,0,1,3,30,14,210,7,8,deep_chain_8_scale45__rescale_aware;deep_chain_9_scale45__rescale_aware;short_chain_3__baseline_non_rescale;short_chain_3__rescale_aware;short_chain_5__baseline_non_rescale;short_chain_5__rescale_aware;short_chain_6_scale38__baseline_non_rescale;short_chain_6_scale38__rescale_aware,68.519,budget=0.000516083 sensitivity=9.25 unit_budget=5.57927e-05 depth=1 chain=3 scale=30 logN=14 logQP≈210
4,digits_binary,mlp_square_linear_score,0.75,0.001032165326,0.0007741239945,9.25,8.36890804865e-05,1,37,41,0,1,3,30,14,210,7,8,deep_chain_8_scale45__rescale_aware;deep_chain_9_scale45__rescale_aware;short_chain_3__baseline_non_rescale;short_chain_3__rescale_aware;short_chain_5__baseline_non_rescale;short_chain_5__rescale_aware;short_chain_6_scale38__baseline_non_rescale;short_chain_6_scale38__rescale_aware,318.037,budget=0.000774124 sensitivity=9.25 unit_budget=8.36891e-05 depth=1 chain=3 scale=30 logN=14 logQP≈210
4,digits_binary,mlp_square_linear_score,0.9,0.001032165326,0.0009289487934,9.25,0.000100426896584,1,37,41,0,1,3,30,14,210,7,8,deep_chain_8_scale45__rescale_aware;deep_chain_9_scale45__rescale_aware;short_chain_3__baseline_non_rescale;short_chain_3__rescale_aware;short_chain_5__baseline_non_rescale;short_chain_5__rescale_aware;short_chain_6_scale38__baseline_non_rescale;short_chain_6_scale38__rescale_aware,67.606,budget=0.000928949 sensitivity=9.25 unit_budget=0.000100427 depth=1 chain=3 scale=30 logN=14 logQP≈210
4,iris_binary,linear_poly3,0.1,0.054808789627,0.0054808789627,3,0.00182695965423,2,6,8,0,2,4,30,14,240,7,6,deep_chain_8_scale45__rescale_aware;deep_chain_9_scale45__rescale_aware;short_chain_5__baseline_non_rescale;short_chain_5__rescale_aware;short_chain_6_scale38__baseline_non_rescale;short_chain_6_scale38__rescale_aware,64.121,budget=0.00548088 sensitivity=3 unit_budget=0.00182696 depth=2 chain=4 scale=30 logN=14 logQP≈240
4,iris_binary,linear_poly3,0.25,0.054808789627,0.0137021974067,3,0.00456739913558,2,6,8,0,2,4,30,14,240,7,6,deep_chain_8_scale45__rescale_aware;deep_chain_9_scale45__rescale_aware;short_chain_5__baseline_non_rescale;short_chain_5__rescale_aware;short_chain_6_scale38__baseline_non_rescale;short_chain_6_scale38__rescale_aware,64.071,budget=0.0137022 sensitivity=3 unit_budget=0.0045674 depth=2 chain=4 scale=30 logN=14 logQP≈240
4,iris_binary,linear_poly3,0.5,0.054808789627,0.0274043948135,3,0.00913479827117,2,6,8,0,2,4,30,14,240,7,6,deep_chain_8_scale45__rescale_aware;deep_chain_9_scale45__rescale_aware;short_chain_5__baseline_non_rescale;short_chain_5__rescale_aware;short_chain_6_scale38__baseline_non_rescale;short_chain_6_scale38__rescale_aware,61.856,budget=0.0274044 sensitivity=3 unit_budget=0.0091348 depth=2 chain=4 scale=30 logN=14 logQP≈240
4,iris_binary,linear_poly3,0.75,0.054808789627,0.0411065922202,3,0.0137021974067,2,6,8,0,2,4,30,14,240,7,6,deep_chain_8_scale45__rescale_aware;deep_chain_9_scale45__rescale_aware;short_chain_5__baseline_non_rescale;short_chain_5__rescale_aware;short_chain_6_scale38__baseline_non_rescale;short_chain_6_scale38__rescale_aware,8744.721,budget=0.0411066 sensitivity=3 unit_budget=0.0137022 depth=2 chain=4 scale=30 logN=14 logQP≈240
4,iris_binary,linear_poly3,0.9,0.054808789627,0.0493279106643,3,0.0164426368881,2,6,8,0,2,4,30,14,240,7,6,deep_chain_8_scale45__rescale_aware;deep_chain_9_scale45__rescale_aware;short_chain_5__baseline_non_rescale;short_chain_5__rescale_aware;short_chain_6_scale38__baseline_non_rescale;short_chain_6_scale38__rescale_aware,75.982,budget=0.0493279 sensitivity=3 unit_budget=0.0164426 depth=2 chain=4 scale=30 logN=14 logQP≈240
4,iris_binary,mlp_square_linear_score,0.1,0.069303860219,0.0069303860219,6.05,0.00114551835073,1,21,25,0,1,3,30,14,210,7,8,deep_chain_8_scale45__rescale_aware;deep_chain_9_scale45__rescale_aware;short_chain_3__baseline_non_rescale;short_chain_3__rescale_aware;short_chain_5__baseline_non_rescale;short_chain_5__rescale_aware;short_chain_6_scale38__baseline_non_rescale;short_chain_6_scale38__rescale_aware,69.47,budget=0.00693039 sensitivity=6.05 unit_budget=0.00114552 depth=1 chain=3 scale=30 logN=14 logQP≈210
4,iris_binary,mlp_square_linear_score,0.25,0.069303860219,0.0173259650548,6.05,0.00286379587682,1,21,25,0,1,3,30,14,210,7,8,deep_chain_8_scale45__rescale_aware;deep_chain_9_scale45__rescale_aware;short_chain_3__baseline_non_rescale;short_chain_3__rescale_aware;short_chain_5__baseline_non_rescale;short_chain_5__rescale_aware;short_chain_6_scale38__baseline_non_rescale;short_chain_6_scale38__rescale_aware,69.14,budget=0.017326 sensitivity=6.05 unit_budget=0.0028638 depth=1 chain=3 scale=30 logN=14 logQP≈210
4,iris_binary,mlp_square_linear_score,0.5,0.069303860219,0.0346519301095,6.05,0.00572759175364,1,21,25,0,1,3,30,14,210,7,8,deep_chain_8_scale45__rescale_aware;deep_chain_9_scale45__rescale_aware;short_chain_3__baseline_non_rescale;short_chain_3__rescale_aware;short_chain_5__baseline_non_rescale;short_chain_5__rescale_aware;short_chain_6_scale38__baseline_non_rescale;short_chain_6_scale38__rescale_aware,100.127,budget=0.0346519 sensitivity=6.05 unit_budget=0.00572759 depth=1 chain=3 scale=30 logN=14 logQP≈210
4,iris_binary,mlp_square_linear_score,0.75,0.069303860219,0.0519778951643,6.05,0.00859138763045,1,21,25,0,1,3,30,14,210,7,8,deep_chain_8_scale45__rescale_aware;deep_chain_9_scale45__rescale_aware;short_chain_3__baseline_non_rescale;short_chain_3__rescale_aware;short_chain_5__baseline_non_rescale;short_chain_5__rescale_aware;short_chain_6_scale38__baseline_non_rescale;short_chain_6_scale38__rescale_aware,68.609,budget=0.0519779 sensitivity=6.05 unit_budget=0.00859139 depth=1 chain=3 scale=30 logN=14 logQP≈210
4,iris_binary,mlp_square_linear_score,0.9,0.069303860219,0.0623734741971,6.05,0.0103096651565,1,21,25,0,1,3,30,14,210,7,8,deep_chain_8_scale45__rescale_aware;deep_chain_9_scale45__rescale_aware;short_chain_3__baseline_non_rescale;short_chain_3__rescale_aware;short_chain_5__baseline_non_rescale;short_chain_5__rescale_aware;short_chain_6_scale38__baseline_non_rescale;short_chain_6_scale38__rescale_aware,63.349,budget=0.0623735 sensitivity=6.05 unit_budget=0.0103097 depth=1 chain=3 scale=30 logN=14 logQP≈210
4,mnist_pool16,linear_poly3,0.1,0.00132441209,0.000132441209,5.4,2.45261498148e-05,2,18,20,0,2,4,30,14,240,7,6,deep_chain_8_scale45__rescale_aware;deep_chain_9_scale45__rescale_aware;short_chain_5__baseline_non_rescale;short_chain_5__rescale_aware;short_chain_6_scale38__baseline_non_rescale;short_chain_6_scale38__rescale_aware,65.122,budget=0.000132441 sensitivity=5.4 unit_budget=2.45261e-05 depth=2 chain=4 scale=30 logN=14 logQP≈240
4,mnist_pool16,linear_poly3,0.25,0.00132441209,0.0003311030225,5.4,6.1315374537e-05,2,18,20,0,2,4,30,14,240,7,6,deep_chain_8_scale45__rescale_aware;deep_chain_9_scale45__rescale_aware;short_chain_5__baseline_non_rescale;short_chain_5__rescale_aware;short_chain_6_scale38__baseline_non_rescale;short_chain_6_scale38__rescale_aware,65.603,budget=0.000331103 sensitivity=5.4 unit_budget=6.13154e-05 depth=2 chain=4 scale=30 logN=14 logQP≈240
4,mnist_pool16,linear_poly3,0.5,0.00132441209,0.000662206045,5.4,0.000122630749074,2,18,20,0,2,4,30,14,240,7,6,deep_chain_8_scale45__rescale_aware;deep_chain_9_scale45__rescale_aware;short_chain_5__baseline_non_rescale;short_chain_5__rescale_aware;short_chain_6_scale38__baseline_non_rescale;short_chain_6_scale38__rescale_aware,65.293,budget=0.000662206 sensitivity=5.4 unit_budget=0.000122631 depth=2 chain=4 scale=30 logN=14 logQP≈240
4,mnist_pool16,linear_poly3,0.75,0.00132441209,0.0009933090675,5.4,0.000183946123611,2,18,20,0,2,4,30,14,240,7,6,deep_chain_8_scale45__rescale_aware;deep_chain_9_scale45__rescale_aware;short_chain_5__baseline_non_rescale;short_chain_5__rescale_aware;short_chain_6_scale38__baseline_non_rescale;short_chain_6_scale38__rescale_aware,88.916,budget=0.000993309 sensitivity=5.4 unit_budget=0.000183946 depth=2 chain=4 scale=30 logN=14 logQP≈240
4,mnist_pool16,linear_poly3,0.9,0.00132441209,0.001191970881,5.4,0.000220735348333,2,18,20,0,2,4,30,14,240,7,6,deep_chain_8_scale45__rescale_aware;deep_chain_9_scale45__rescale_aware;short_chain_5__baseline_non_rescale;short_chain_5__rescale_aware;short_chain_6_scale38__baseline_non_rescale;short_chain_6_scale38__rescale_aware,69.38,budget=0.00119197 sensitivity=5.4 unit_budget=0.000220735 depth=2 chain=4 scale=30 logN=14 logQP≈240
4,mnist_pool16,mlp_square_linear_score,0.1,0.001042341415,0.0001042341415,15.65,6.66032853035e-06,1,69,73,0,1,3,30,14,210,7,8,deep_chain_8_scale45__rescale_aware;deep_chain_9_scale45__rescale_aware;short_chain_3__baseline_non_rescale;short_chain_3__rescale_aware;short_chain_5__baseline_non_rescale;short_chain_5__rescale_aware;short_chain_6_scale38__baseline_non_rescale;short_chain_6_scale38__rescale_aware,69.33,budget=0.000104234 sensitivity=15.65 unit_budget=6.66033e-06 depth=1 chain=3 scale=30 logN=14 logQP≈210
4,mnist_pool16,mlp_square_linear_score,0.25,0.001042341415,0.00026058535375,15.65,1.66508213259e-05,1,69,73,0,1,3,30,14,210,7,8,deep_chain_8_scale45__rescale_aware;deep_chain_9_scale45__rescale_aware;short_chain_3__baseline_non_rescale;short_chain_3__rescale_aware;short_chain_5__baseline_non_rescale;short_chain_5__rescale_aware;short_chain_6_scale38__baseline_non_rescale;short_chain_6_scale38__rescale_aware,69.41,budget=0.000260585 sensitivity=15.65 unit_budget=1.66508e-05 depth=1 chain=3 scale=30 logN=14 logQP≈210
4,mnist_pool16,mlp_square_linear_score,0.5,0.001042341415,0.0005211707075,15.65,3.33016426518e-05,1,69,73,0,1,3,30,14,210,7,8,deep_chain_8_scale45__rescale_aware;deep_chain_9_scale45__rescale_aware;short_chain_3__baseline_non_rescale;short_chain_3__rescale_aware;short_chain_5__baseline_non_rescale;short_chain_5__rescale_aware;short_chain_6_scale38__baseline_non_rescale;short_chain_6_scale38__rescale_aware,153.958,budget=0.000521171 sensitivity=15.65 unit_budget=3.33016e-05 depth=1 chain=3 scale=30 logN=14 logQP≈210
4,mnist_pool16,mlp_square_linear_score,0.75,0.001042341415,0.00078175606125,15.65,4.99524639776e-05,1,69,73,0,1,3,30,14,210,7,8,deep_chain_8_scale45__rescale_aware;deep_chain_9_scale45__rescale_aware;short_chain_3__baseline_non_rescale;short_chain_3__rescale_aware;short_chain_5__baseline_non_rescale;short_chain_5__rescale_aware;short_chain_6_scale38__baseline_non_rescale;short_chain_6_scale38__rescale_aware,1220.962,budget=0.000781756 sensitivity=15.65 unit_budget=4.99525e-05 depth=1 chain=3 scale=30 logN=14 logQP≈210
4,mnist_pool16,mlp_square_linear_score,0.9,0.001042341415,0.0009381072735,15.65,5.99429567732e-05,1,69,73,0,1,3,30,14,210,7,8,deep_chain_8_scale45__rescale_aware;deep_chain_9_scale45__rescale_aware;short_chain_3__baseline_non_rescale;short_chain_3__rescale_aware;short_chain_5__baseline_non_rescale;short_chain_5__rescale_aware;short_chain_6_scale38__baseline_non_rescale;short_chain_6_scale38__rescale_aware,104.716,budget=0.000938107 sensitivity=15.65 unit_budget=5.9943e-05 depth=1 chain=3 scale=30 logN=14 logQP≈210
4,wdbc,linear_poly3,0.1,0.001909532519,0.0001909532519,3.8,5.02508557632e-05,2,10,12,0,2,4,30,14,240,7,6,deep_chain_8_scale45__rescale_aware;deep_chain_9_scale45__rescale_aware;short_chain_5__baseline_non_rescale;short_chain_5__rescale_aware;short_chain_6_scale38__baseline_non_rescale;short_chain_6_scale38__rescale_aware,92.514,budget=0.000190953 sensitivity=3.8 unit_budget=5.02509e-05 depth=2 chain=4 scale=30 logN=14 logQP≈240
4,wdbc,linear_poly3,0.25,0.001909532519,0.00047738312975,3.8,0.000125627139408,2,10,12,0,2,4,30,14,240,7,6,deep_chain_8_scale45__rescale_aware;deep_chain_9_scale45__rescale_aware;short_chain_5__baseline_non_rescale;short_chain_5__rescale_aware;short_chain_6_scale38__baseline_non_rescale;short_chain_6_scale38__rescale_aware,64.651,budget=0.000477383 sensitivity=3.8 unit_budget=0.000125627 depth=2 chain=4 scale=30 logN=14 logQP≈240
4,wdbc,linear_poly3,0.5,0.001909532519,0.0009547662595,3.8,0.000251254278816,2,10,12,0,2,4,30,14,240,7,6,deep_chain_8_scale45__rescale_aware;deep_chain_9_scale45__rescale_aware;short_chain_5__baseline_non_rescale;short_chain_5__rescale_aware;short_chain_6_scale38__baseline_non_rescale;short_chain_6_scale38__rescale_aware,60.824,budget=0.000954766 sensitivity=3.8 unit_budget=0.000251254 depth=2 chain=4 scale=30 logN=14 logQP≈240
4,wdbc,linear_poly3,0.75,0.001909532519,0.00143214938925,3.8,0.000376881418224,2,10,12,0,2,4,30,14,240,7,6,deep_chain_8_scale45__rescale_aware;deep_chain_9_scale45__rescale_aware;short_chain_5__baseline_non_rescale;short_chain_5__rescale_aware;short_chain_6_scale38__baseline_non_rescale;short_chain_6_scale38__rescale_aware,80.331,budget=0.00143215 sensitivity=3.8 unit_budget=0.000376881 depth=2 chain=4 scale=30 logN=14 logQP≈240
4,wdbc,linear_poly3,0.9,0.001909532519,0.0017185792671,3.8,0.000452257701868,2,10,12,0,2,4,30,14,240,7,6,deep_chain_8_scale45__rescale_aware;deep_chain_9_scale45__rescale_aware;short_chain_5__baseline_non_rescale;short_chain_5__rescale_aware;short_chain_6_scale38__baseline_non_rescale;short_chain_6_scale38__rescale_aware,77.005,budget=0.00171858 sensitivity=3.8 unit_budget=0.000452258 depth=2 chain=4 scale=30 logN=14 logQP≈240
4,wdbc,mlp_square_linear_score,0.1,0.00129424654,0.000129424654,9.25,1.39918544865e-05,1,37,41,0,1,3,30,14,210,7,8,deep_chain_8_scale45__rescale_aware;deep_chain_9_scale45__rescale_aware;short_chain_3__baseline_non_rescale;short_chain_3__rescale_aware;short_chain_5__baseline_non_rescale;short_chain_5__rescale_aware;short_chain_6_scale38__baseline_non_rescale;short_chain_6_scale38__rescale_aware,79.409,budget=0.000129425 sensitivity=9.25 unit_budget=1.39919e-05 depth=1 chain=3 scale=30 logN=14 logQP≈210
4,wdbc,mlp_square_linear_score,0.25,0.00129424654,0.000323561635,9.25,3.49796362162e-05,1,37,41,0,1,3,30,14,210,7,8,deep_chain_8_scale45__rescale_aware;deep_chain_9_scale45__rescale_aware;short_chain_3__baseline_non_rescale;short_chain_3__rescale_aware;short_chain_5__baseline_non_rescale;short_chain_5__rescale_aware;short_chain_6_scale38__baseline_non_rescale;short_chain_6_scale38__rescale_aware,67.767,budget=0.000323562 sensitivity=9.25 unit_budget=3.49796e-05 depth=1 chain=3 scale=30 logN=14 logQP≈210
4,wdbc,mlp_square_linear_score,0.5,0.00129424654,0.00064712327,9.25,6.99592724324e-05,1,37,41,0,1,3,30,14,210,7,8,deep_chain_8_scale45__rescale_aware;deep_chain_9_scale45__rescale_aware;short_chain_3__baseline_non_rescale;short_chain_3__rescale_aware;short_chain_5__baseline_non_rescale;short_chain_5__rescale_aware;short_chain_6_scale38__baseline_non_rescale;short_chain_6_scale38__rescale_aware,65.002,budget=0.000647123 sensitivity=9.25 unit_budget=6.99593e-05 depth=1 chain=3 scale=30 logN=14 logQP≈210
4,wdbc,mlp_square_linear_score,0.75,0.00129424654,0.000970684905,9.25,0.000104938908649,1,37,41,0,1,3,30,14,210,7,8,deep_chain_8_scale45__rescale_aware;deep_chain_9_scale45__rescale_aware;short_chain_3__baseline_non_rescale;short_chain_3__rescale_aware;short_chain_5__baseline_non_rescale;short_chain_5__rescale_aware;short_chain_6_scale38__baseline_non_rescale;short_chain_6_scale38__rescale_aware,65.853,budget=0.000970685 sensitivity=9.25 unit_budget=0.000104939 depth=1 chain=3 scale=30 logN=14 logQP≈210
4,wdbc,mlp_square_linear_score,0.9,0.00129424654,0.001164821886,9.25,0.000125926690378,1,37,41,0,1,3,30,14,210,7,8,deep_chain_8_scale45__rescale_aware;deep_chain_9_scale45__rescale_aware;short_chain_3__baseline_non_rescale;short_chain_3__rescale_aware;short_chain_5__baseline_non_rescale;short_chain_5__rescale_aware;short_chain_6_scale38__baseline_non_rescale;short_chain_6_scale38__rescale_aware,421.741,budget=0.00116482 sensitivity=9.25 unit_budget=0.000125927 depth=1 chain=3 scale=30 logN=14 logQP≈210
