metric,value
polynomial_decision_match_rate,1.000000000000
raw_accuracy,0.964912280702
raw_auc,0.994742990654
raw_f1,0.972477064220
test_samples,171.000000000000
test_scaled_logit_max,0.433402746013
test_scaled_logit_max_abs,1.636607691442
test_scaled_logit_min,-1.636607691442
train_samples,398.000000000000
