metric,value
polynomial_decision_match_rate,1.000000000000
raw_accuracy,1.000000000000
raw_auc,1.000000000000
raw_f1,1.000000000000
test_samples,412.000000000000
test_scaled_logit_max,0.615449544409
test_scaled_logit_max_abs,0.849414186304
test_scaled_logit_min,-0.849414186304
train_samples,960.000000000000
