{
  "dataset_id": "banknote",
  "dataset_name": "Banknote Authentication",
  "model_id": "mlp_square_poly3",
  "model_type": "mlp_square_poly3",
  "task": "binary classification",
  "label_mapping": {
    "0": "negative",
    "1": "positive"
  },
  "random_state": 42,
  "test_size": 0.3,
  "train_samples": 960,
  "test_samples": 412,
  "selected_feature_indices": [
    0,
    1,
    2,
    3
  ],
  "selected_feature_names": [
    "variance_wavelet",
    "skewness_wavelet",
    "curtosis_wavelet",
    "entropy_image"
  ],
  "input_dim": 4,
  "standardization": {
    "mean": [
      0.5058116920833335,
      1.8869292425000004,
      1.3677032547812533,
      -1.2005509769791665
    ],
    "std": [
      2.8448098169173095,
      5.855799295683532,
      4.364960993440168,
      2.0954558517137074
    ]
  },
  "raw_model": {
    "hidden_weights": [
      [
        -0.7436107232591792,
        -0.7558031540630762,
        -1.867642146235808,
        -0.07767853038190105
      ],
      [
        -0.8437734686565349,
        0.4951139327617106,
        -0.7157277914978265,
        0.49987223818745613
      ],
      [
        -1.6551282894695076,
        -0.9346095352032011,
        -0.24314222330795834,
        0.5480116569801092
      ],
      [
        0.6895243552093092,
        1.471065552447831,
        0.8863608516837532,
        0.018061719435741034
      ]
    ],
    "hidden_bias": [
      1.951417465357311,
      -1.6208269144483867,
      1.25697228661654,
      3.298500031814548
    ],
    "output_weights": [
      1.8596284724319385,
      -1.2308265101168396,
      1.6013722379821362,
      -2.0559195597844906
    ],
    "output_bias": -0.4885831480730548
  },
  "scaled_model_for_ckks": {
    "hidden_weights": [
      [
        -0.7436107232591792,
        -0.7558031540630762,
        -1.867642146235808,
        -0.07767853038190105
      ],
      [
        -0.8437734686565349,
        0.4951139327617106,
        -0.7157277914978265,
        0.49987223818745613
      ],
      [
        -1.6551282894695076,
        -0.9346095352032011,
        -0.24314222330795834,
        0.5480116569801092
      ],
      [
        0.6895243552093092,
        1.471065552447831,
        0.8863608516837532,
        0.018061719435741034
      ]
    ],
    "hidden_bias": [
      1.951417465357311,
      -1.6208269144483867,
      1.25697228661654,
      3.298500031814548
    ],
    "output_weights": [
      0.02669759995813231,
      -0.017670257404690352,
      0.022989966021436496,
      -0.029515636465517005
    ],
    "output_bias": -0.007014302924971344
  },
  "max_scaled_logit_target": 1.0,
  "polynomial_score": {
    "formula": "0.5 + 0.197*z - 0.004*z^3",
    "decision_threshold": 0.5
  },
  "metrics": {
    "raw_accuracy": 1.0,
    "raw_f1": 1.0,
    "raw_auc": 1.0000000000000002,
    "polynomial_decision_match_rate": 1.0,
    "test_scaled_logit_min": -0.8494141863037126,
    "test_scaled_logit_max": 0.6154495444093336,
    "test_scaled_logit_max_abs": 0.8494141863037126
  }
}