timestamp,dataset,model,profile,path,repeat,tag,status,exit_code,summary_path,log_path
2026-06-25T15:36:23+09:00,wdbc,linear_poly3,default,rescale_aware,1,tabular_sweep_wdbc_linear_poly3_default_rescale_aware_r1,ok,0,results/ckks_tabular_inference/tabular_sweep_wdbc_linear_poly3_default_rescale_aware_r1/summary.csv,results/ckks_tabular_profile_sweep_repeated/logs/tabular_sweep_wdbc_linear_poly3_default_rescale_aware_r1.log
2026-06-25T15:36:54+09:00,wdbc,linear_poly3,default,rescale_aware,2,tabular_sweep_wdbc_linear_poly3_default_rescale_aware_r2,ok,0,results/ckks_tabular_inference/tabular_sweep_wdbc_linear_poly3_default_rescale_aware_r2/summary.csv,results/ckks_tabular_profile_sweep_repeated/logs/tabular_sweep_wdbc_linear_poly3_default_rescale_aware_r2.log
2026-06-25T15:37:24+09:00,wdbc,linear_poly3,default,rescale_aware,3,tabular_sweep_wdbc_linear_poly3_default_rescale_aware_r3,ok,0,results/ckks_tabular_inference/tabular_sweep_wdbc_linear_poly3_default_rescale_aware_r3/summary.csv,results/ckks_tabular_profile_sweep_repeated/logs/tabular_sweep_wdbc_linear_poly3_default_rescale_aware_r3.log
2026-06-25T15:37:57+09:00,wdbc,linear_poly3,default,baseline_non_rescale,1,tabular_sweep_wdbc_linear_poly3_default_baseline_non_rescale_r1,ok,0,results/ckks_tabular_inference/tabular_sweep_wdbc_linear_poly3_default_baseline_non_rescale_r1/summary.csv,results/ckks_tabular_profile_sweep_repeated/logs/tabular_sweep_wdbc_linear_poly3_default_baseline_non_rescale_r1.log
2026-06-25T15:38:35+09:00,wdbc,linear_poly3,default,baseline_non_rescale,2,tabular_sweep_wdbc_linear_poly3_default_baseline_non_rescale_r2,ok,0,results/ckks_tabular_inference/tabular_sweep_wdbc_linear_poly3_default_baseline_non_rescale_r2/summary.csv,results/ckks_tabular_profile_sweep_repeated/logs/tabular_sweep_wdbc_linear_poly3_default_baseline_non_rescale_r2.log
2026-06-25T15:39:10+09:00,wdbc,linear_poly3,default,baseline_non_rescale,3,tabular_sweep_wdbc_linear_poly3_default_baseline_non_rescale_r3,ok,0,results/ckks_tabular_inference/tabular_sweep_wdbc_linear_poly3_default_baseline_non_rescale_r3/summary.csv,results/ckks_tabular_profile_sweep_repeated/logs/tabular_sweep_wdbc_linear_poly3_default_baseline_non_rescale_r3.log
2026-06-25T15:39:46+09:00,wdbc,linear_poly3,scale42,rescale_aware,1,tabular_sweep_wdbc_linear_poly3_scale42_rescale_aware_r1,ok,0,results/ckks_tabular_inference/tabular_sweep_wdbc_linear_poly3_scale42_rescale_aware_r1/summary.csv,results/ckks_tabular_profile_sweep_repeated/logs/tabular_sweep_wdbc_linear_poly3_scale42_rescale_aware_r1.log
2026-06-25T15:40:19+09:00,wdbc,linear_poly3,scale42,rescale_aware,2,tabular_sweep_wdbc_linear_poly3_scale42_rescale_aware_r2,ok,0,results/ckks_tabular_inference/tabular_sweep_wdbc_linear_poly3_scale42_rescale_aware_r2/summary.csv,results/ckks_tabular_profile_sweep_repeated/logs/tabular_sweep_wdbc_linear_poly3_scale42_rescale_aware_r2.log
2026-06-25T15:40:52+09:00,wdbc,linear_poly3,scale42,rescale_aware,3,tabular_sweep_wdbc_linear_poly3_scale42_rescale_aware_r3,ok,0,results/ckks_tabular_inference/tabular_sweep_wdbc_linear_poly3_scale42_rescale_aware_r3/summary.csv,results/ckks_tabular_profile_sweep_repeated/logs/tabular_sweep_wdbc_linear_poly3_scale42_rescale_aware_r3.log
2026-06-25T15:41:25+09:00,wdbc,linear_poly3,scale42,baseline_non_rescale,1,tabular_sweep_wdbc_linear_poly3_scale42_baseline_non_rescale_r1,ok,0,results/ckks_tabular_inference/tabular_sweep_wdbc_linear_poly3_scale42_baseline_non_rescale_r1/summary.csv,results/ckks_tabular_profile_sweep_repeated/logs/tabular_sweep_wdbc_linear_poly3_scale42_baseline_non_rescale_r1.log
2026-06-25T15:42:01+09:00,wdbc,linear_poly3,scale42,baseline_non_rescale,2,tabular_sweep_wdbc_linear_poly3_scale42_baseline_non_rescale_r2,ok,0,results/ckks_tabular_inference/tabular_sweep_wdbc_linear_poly3_scale42_baseline_non_rescale_r2/summary.csv,results/ckks_tabular_profile_sweep_repeated/logs/tabular_sweep_wdbc_linear_poly3_scale42_baseline_non_rescale_r2.log
2026-06-25T15:42:38+09:00,wdbc,linear_poly3,scale42,baseline_non_rescale,3,tabular_sweep_wdbc_linear_poly3_scale42_baseline_non_rescale_r3,ok,0,results/ckks_tabular_inference/tabular_sweep_wdbc_linear_poly3_scale42_baseline_non_rescale_r3/summary.csv,results/ckks_tabular_profile_sweep_repeated/logs/tabular_sweep_wdbc_linear_poly3_scale42_baseline_non_rescale_r3.log
2026-06-25T15:43:15+09:00,wdbc,linear_poly3,scale40,rescale_aware,1,tabular_sweep_wdbc_linear_poly3_scale40_rescale_aware_r1,ok,0,results/ckks_tabular_inference/tabular_sweep_wdbc_linear_poly3_scale40_rescale_aware_r1/summary.csv,results/ckks_tabular_profile_sweep_repeated/logs/tabular_sweep_wdbc_linear_poly3_scale40_rescale_aware_r1.log
2026-06-25T15:43:51+09:00,wdbc,linear_poly3,scale40,rescale_aware,2,tabular_sweep_wdbc_linear_poly3_scale40_rescale_aware_r2,ok,0,results/ckks_tabular_inference/tabular_sweep_wdbc_linear_poly3_scale40_rescale_aware_r2/summary.csv,results/ckks_tabular_profile_sweep_repeated/logs/tabular_sweep_wdbc_linear_poly3_scale40_rescale_aware_r2.log
2026-06-25T15:44:26+09:00,wdbc,linear_poly3,scale40,rescale_aware,3,tabular_sweep_wdbc_linear_poly3_scale40_rescale_aware_r3,ok,0,results/ckks_tabular_inference/tabular_sweep_wdbc_linear_poly3_scale40_rescale_aware_r3/summary.csv,results/ckks_tabular_profile_sweep_repeated/logs/tabular_sweep_wdbc_linear_poly3_scale40_rescale_aware_r3.log
2026-06-25T15:44:59+09:00,wdbc,linear_poly3,scale40,baseline_non_rescale,1,tabular_sweep_wdbc_linear_poly3_scale40_baseline_non_rescale_r1,ok,0,results/ckks_tabular_inference/tabular_sweep_wdbc_linear_poly3_scale40_baseline_non_rescale_r1/summary.csv,results/ckks_tabular_profile_sweep_repeated/logs/tabular_sweep_wdbc_linear_poly3_scale40_baseline_non_rescale_r1.log
2026-06-25T15:45:35+09:00,wdbc,linear_poly3,scale40,baseline_non_rescale,2,tabular_sweep_wdbc_linear_poly3_scale40_baseline_non_rescale_r2,ok,0,results/ckks_tabular_inference/tabular_sweep_wdbc_linear_poly3_scale40_baseline_non_rescale_r2/summary.csv,results/ckks_tabular_profile_sweep_repeated/logs/tabular_sweep_wdbc_linear_poly3_scale40_baseline_non_rescale_r2.log
2026-06-25T15:46:10+09:00,wdbc,linear_poly3,scale40,baseline_non_rescale,3,tabular_sweep_wdbc_linear_poly3_scale40_baseline_non_rescale_r3,ok,0,results/ckks_tabular_inference/tabular_sweep_wdbc_linear_poly3_scale40_baseline_non_rescale_r3/summary.csv,results/ckks_tabular_profile_sweep_repeated/logs/tabular_sweep_wdbc_linear_poly3_scale40_baseline_non_rescale_r3.log
2026-06-25T15:46:47+09:00,wdbc,linear_poly3,scale38,rescale_aware,1,tabular_sweep_wdbc_linear_poly3_scale38_rescale_aware_r1,ok,0,results/ckks_tabular_inference/tabular_sweep_wdbc_linear_poly3_scale38_rescale_aware_r1/summary.csv,results/ckks_tabular_profile_sweep_repeated/logs/tabular_sweep_wdbc_linear_poly3_scale38_rescale_aware_r1.log
2026-06-25T15:47:23+09:00,wdbc,linear_poly3,scale38,rescale_aware,2,tabular_sweep_wdbc_linear_poly3_scale38_rescale_aware_r2,ok,0,results/ckks_tabular_inference/tabular_sweep_wdbc_linear_poly3_scale38_rescale_aware_r2/summary.csv,results/ckks_tabular_profile_sweep_repeated/logs/tabular_sweep_wdbc_linear_poly3_scale38_rescale_aware_r2.log
2026-06-25T15:48:00+09:00,wdbc,linear_poly3,scale38,rescale_aware,3,tabular_sweep_wdbc_linear_poly3_scale38_rescale_aware_r3,ok,0,results/ckks_tabular_inference/tabular_sweep_wdbc_linear_poly3_scale38_rescale_aware_r3/summary.csv,results/ckks_tabular_profile_sweep_repeated/logs/tabular_sweep_wdbc_linear_poly3_scale38_rescale_aware_r3.log
2026-06-25T15:48:37+09:00,wdbc,linear_poly3,scale38,baseline_non_rescale,1,tabular_sweep_wdbc_linear_poly3_scale38_baseline_non_rescale_r1,ok,0,results/ckks_tabular_inference/tabular_sweep_wdbc_linear_poly3_scale38_baseline_non_rescale_r1/summary.csv,results/ckks_tabular_profile_sweep_repeated/logs/tabular_sweep_wdbc_linear_poly3_scale38_baseline_non_rescale_r1.log
2026-06-25T15:49:16+09:00,wdbc,linear_poly3,scale38,baseline_non_rescale,2,tabular_sweep_wdbc_linear_poly3_scale38_baseline_non_rescale_r2,ok,0,results/ckks_tabular_inference/tabular_sweep_wdbc_linear_poly3_scale38_baseline_non_rescale_r2/summary.csv,results/ckks_tabular_profile_sweep_repeated/logs/tabular_sweep_wdbc_linear_poly3_scale38_baseline_non_rescale_r2.log
2026-06-25T15:49:55+09:00,wdbc,linear_poly3,scale38,baseline_non_rescale,3,tabular_sweep_wdbc_linear_poly3_scale38_baseline_non_rescale_r3,ok,0,results/ckks_tabular_inference/tabular_sweep_wdbc_linear_poly3_scale38_baseline_non_rescale_r3/summary.csv,results/ckks_tabular_profile_sweep_repeated/logs/tabular_sweep_wdbc_linear_poly3_scale38_baseline_non_rescale_r3.log
2026-06-25T15:50:34+09:00,wdbc,linear_poly3,deep_chain_8_scale45,rescale_aware,1,tabular_sweep_wdbc_linear_poly3_deep_chain_8_scale45_rescale_aware_r1,ok,0,results/ckks_tabular_inference/tabular_sweep_wdbc_linear_poly3_deep_chain_8_scale45_rescale_aware_r1/summary.csv,results/ckks_tabular_profile_sweep_repeated/logs/tabular_sweep_wdbc_linear_poly3_deep_chain_8_scale45_rescale_aware_r1.log
2026-06-25T15:52:00+09:00,wdbc,linear_poly3,deep_chain_8_scale45,rescale_aware,2,tabular_sweep_wdbc_linear_poly3_deep_chain_8_scale45_rescale_aware_r2,ok,0,results/ckks_tabular_inference/tabular_sweep_wdbc_linear_poly3_deep_chain_8_scale45_rescale_aware_r2/summary.csv,results/ckks_tabular_profile_sweep_repeated/logs/tabular_sweep_wdbc_linear_poly3_deep_chain_8_scale45_rescale_aware_r2.log
2026-06-25T15:53:27+09:00,wdbc,linear_poly3,deep_chain_8_scale45,rescale_aware,3,tabular_sweep_wdbc_linear_poly3_deep_chain_8_scale45_rescale_aware_r3,ok,0,results/ckks_tabular_inference/tabular_sweep_wdbc_linear_poly3_deep_chain_8_scale45_rescale_aware_r3/summary.csv,results/ckks_tabular_profile_sweep_repeated/logs/tabular_sweep_wdbc_linear_poly3_deep_chain_8_scale45_rescale_aware_r3.log
2026-06-25T15:54:54+09:00,wdbc,linear_poly3,deep_chain_8_scale45,baseline_non_rescale,1,tabular_sweep_wdbc_linear_poly3_deep_chain_8_scale45_baseline_non_rescale_r1,ok,0,results/ckks_tabular_inference/tabular_sweep_wdbc_linear_poly3_deep_chain_8_scale45_baseline_non_rescale_r1/summary.csv,results/ckks_tabular_profile_sweep_repeated/logs/tabular_sweep_wdbc_linear_poly3_deep_chain_8_scale45_baseline_non_rescale_r1.log
2026-06-25T15:56:25+09:00,wdbc,linear_poly3,deep_chain_8_scale45,baseline_non_rescale,2,tabular_sweep_wdbc_linear_poly3_deep_chain_8_scale45_baseline_non_rescale_r2,ok,0,results/ckks_tabular_inference/tabular_sweep_wdbc_linear_poly3_deep_chain_8_scale45_baseline_non_rescale_r2/summary.csv,results/ckks_tabular_profile_sweep_repeated/logs/tabular_sweep_wdbc_linear_poly3_deep_chain_8_scale45_baseline_non_rescale_r2.log
2026-06-25T15:57:55+09:00,wdbc,linear_poly3,deep_chain_8_scale45,baseline_non_rescale,3,tabular_sweep_wdbc_linear_poly3_deep_chain_8_scale45_baseline_non_rescale_r3,ok,0,results/ckks_tabular_inference/tabular_sweep_wdbc_linear_poly3_deep_chain_8_scale45_baseline_non_rescale_r3/summary.csv,results/ckks_tabular_profile_sweep_repeated/logs/tabular_sweep_wdbc_linear_poly3_deep_chain_8_scale45_baseline_non_rescale_r3.log
2026-06-25T15:59:26+09:00,wdbc,linear_poly3,deep_chain_9_scale45,rescale_aware,1,tabular_sweep_wdbc_linear_poly3_deep_chain_9_scale45_rescale_aware_r1,ok,0,results/ckks_tabular_inference/tabular_sweep_wdbc_linear_poly3_deep_chain_9_scale45_rescale_aware_r1/summary.csv,results/ckks_tabular_profile_sweep_repeated/logs/tabular_sweep_wdbc_linear_poly3_deep_chain_9_scale45_rescale_aware_r1.log
2026-06-25T16:01:06+09:00,wdbc,linear_poly3,deep_chain_9_scale45,rescale_aware,2,tabular_sweep_wdbc_linear_poly3_deep_chain_9_scale45_rescale_aware_r2,ok,0,results/ckks_tabular_inference/tabular_sweep_wdbc_linear_poly3_deep_chain_9_scale45_rescale_aware_r2/summary.csv,results/ckks_tabular_profile_sweep_repeated/logs/tabular_sweep_wdbc_linear_poly3_deep_chain_9_scale45_rescale_aware_r2.log
2026-06-25T16:02:45+09:00,wdbc,linear_poly3,deep_chain_9_scale45,rescale_aware,3,tabular_sweep_wdbc_linear_poly3_deep_chain_9_scale45_rescale_aware_r3,ok,0,results/ckks_tabular_inference/tabular_sweep_wdbc_linear_poly3_deep_chain_9_scale45_rescale_aware_r3/summary.csv,results/ckks_tabular_profile_sweep_repeated/logs/tabular_sweep_wdbc_linear_poly3_deep_chain_9_scale45_rescale_aware_r3.log
2026-06-25T16:04:25+09:00,wdbc,linear_poly3,deep_chain_9_scale45,baseline_non_rescale,1,tabular_sweep_wdbc_linear_poly3_deep_chain_9_scale45_baseline_non_rescale_r1,ok,0,results/ckks_tabular_inference/tabular_sweep_wdbc_linear_poly3_deep_chain_9_scale45_baseline_non_rescale_r1/summary.csv,results/ckks_tabular_profile_sweep_repeated/logs/tabular_sweep_wdbc_linear_poly3_deep_chain_9_scale45_baseline_non_rescale_r1.log
2026-06-25T16:06:09+09:00,wdbc,linear_poly3,deep_chain_9_scale45,baseline_non_rescale,2,tabular_sweep_wdbc_linear_poly3_deep_chain_9_scale45_baseline_non_rescale_r2,ok,0,results/ckks_tabular_inference/tabular_sweep_wdbc_linear_poly3_deep_chain_9_scale45_baseline_non_rescale_r2/summary.csv,results/ckks_tabular_profile_sweep_repeated/logs/tabular_sweep_wdbc_linear_poly3_deep_chain_9_scale45_baseline_non_rescale_r2.log
2026-06-25T16:07:52+09:00,wdbc,linear_poly3,deep_chain_9_scale45,baseline_non_rescale,3,tabular_sweep_wdbc_linear_poly3_deep_chain_9_scale45_baseline_non_rescale_r3,ok,0,results/ckks_tabular_inference/tabular_sweep_wdbc_linear_poly3_deep_chain_9_scale45_baseline_non_rescale_r3/summary.csv,results/ckks_tabular_profile_sweep_repeated/logs/tabular_sweep_wdbc_linear_poly3_deep_chain_9_scale45_baseline_non_rescale_r3.log
2026-06-25T16:09:36+09:00,wdbc,linear_poly3,short_chain_6_scale42,rescale_aware,1,tabular_sweep_wdbc_linear_poly3_short_chain_6_scale42_rescale_aware_r1,ok,0,results/ckks_tabular_inference/tabular_sweep_wdbc_linear_poly3_short_chain_6_scale42_rescale_aware_r1/summary.csv,results/ckks_tabular_profile_sweep_repeated/logs/tabular_sweep_wdbc_linear_poly3_short_chain_6_scale42_rescale_aware_r1.log
2026-06-25T16:10:06+09:00,wdbc,linear_poly3,short_chain_6_scale42,rescale_aware,2,tabular_sweep_wdbc_linear_poly3_short_chain_6_scale42_rescale_aware_r2,ok,0,results/ckks_tabular_inference/tabular_sweep_wdbc_linear_poly3_short_chain_6_scale42_rescale_aware_r2/summary.csv,results/ckks_tabular_profile_sweep_repeated/logs/tabular_sweep_wdbc_linear_poly3_short_chain_6_scale42_rescale_aware_r2.log
2026-06-25T16:10:36+09:00,wdbc,linear_poly3,short_chain_6_scale42,rescale_aware,3,tabular_sweep_wdbc_linear_poly3_short_chain_6_scale42_rescale_aware_r3,ok,0,results/ckks_tabular_inference/tabular_sweep_wdbc_linear_poly3_short_chain_6_scale42_rescale_aware_r3/summary.csv,results/ckks_tabular_profile_sweep_repeated/logs/tabular_sweep_wdbc_linear_poly3_short_chain_6_scale42_rescale_aware_r3.log
2026-06-25T16:11:06+09:00,wdbc,linear_poly3,short_chain_6_scale42,baseline_non_rescale,1,tabular_sweep_wdbc_linear_poly3_short_chain_6_scale42_baseline_non_rescale_r1,ok,0,results/ckks_tabular_inference/tabular_sweep_wdbc_linear_poly3_short_chain_6_scale42_baseline_non_rescale_r1/summary.csv,results/ckks_tabular_profile_sweep_repeated/logs/tabular_sweep_wdbc_linear_poly3_short_chain_6_scale42_baseline_non_rescale_r1.log
2026-06-25T16:11:40+09:00,wdbc,linear_poly3,short_chain_6_scale42,baseline_non_rescale,2,tabular_sweep_wdbc_linear_poly3_short_chain_6_scale42_baseline_non_rescale_r2,ok,0,results/ckks_tabular_inference/tabular_sweep_wdbc_linear_poly3_short_chain_6_scale42_baseline_non_rescale_r2/summary.csv,results/ckks_tabular_profile_sweep_repeated/logs/tabular_sweep_wdbc_linear_poly3_short_chain_6_scale42_baseline_non_rescale_r2.log
2026-06-25T16:12:14+09:00,wdbc,linear_poly3,short_chain_6_scale42,baseline_non_rescale,3,tabular_sweep_wdbc_linear_poly3_short_chain_6_scale42_baseline_non_rescale_r3,ok,0,results/ckks_tabular_inference/tabular_sweep_wdbc_linear_poly3_short_chain_6_scale42_baseline_non_rescale_r3/summary.csv,results/ckks_tabular_profile_sweep_repeated/logs/tabular_sweep_wdbc_linear_poly3_short_chain_6_scale42_baseline_non_rescale_r3.log
2026-06-25T16:12:48+09:00,wdbc,linear_poly3,short_chain_6_scale40,rescale_aware,1,tabular_sweep_wdbc_linear_poly3_short_chain_6_scale40_rescale_aware_r1,ok,0,results/ckks_tabular_inference/tabular_sweep_wdbc_linear_poly3_short_chain_6_scale40_rescale_aware_r1/summary.csv,results/ckks_tabular_profile_sweep_repeated/logs/tabular_sweep_wdbc_linear_poly3_short_chain_6_scale40_rescale_aware_r1.log
2026-06-25T16:13:18+09:00,wdbc,linear_poly3,short_chain_6_scale40,rescale_aware,2,tabular_sweep_wdbc_linear_poly3_short_chain_6_scale40_rescale_aware_r2,ok,0,results/ckks_tabular_inference/tabular_sweep_wdbc_linear_poly3_short_chain_6_scale40_rescale_aware_r2/summary.csv,results/ckks_tabular_profile_sweep_repeated/logs/tabular_sweep_wdbc_linear_poly3_short_chain_6_scale40_rescale_aware_r2.log
2026-06-25T16:13:48+09:00,wdbc,linear_poly3,short_chain_6_scale40,rescale_aware,3,tabular_sweep_wdbc_linear_poly3_short_chain_6_scale40_rescale_aware_r3,ok,0,results/ckks_tabular_inference/tabular_sweep_wdbc_linear_poly3_short_chain_6_scale40_rescale_aware_r3/summary.csv,results/ckks_tabular_profile_sweep_repeated/logs/tabular_sweep_wdbc_linear_poly3_short_chain_6_scale40_rescale_aware_r3.log
2026-06-25T16:14:18+09:00,wdbc,linear_poly3,short_chain_6_scale40,baseline_non_rescale,1,tabular_sweep_wdbc_linear_poly3_short_chain_6_scale40_baseline_non_rescale_r1,ok,0,results/ckks_tabular_inference/tabular_sweep_wdbc_linear_poly3_short_chain_6_scale40_baseline_non_rescale_r1/summary.csv,results/ckks_tabular_profile_sweep_repeated/logs/tabular_sweep_wdbc_linear_poly3_short_chain_6_scale40_baseline_non_rescale_r1.log
2026-06-25T16:14:52+09:00,wdbc,linear_poly3,short_chain_6_scale40,baseline_non_rescale,2,tabular_sweep_wdbc_linear_poly3_short_chain_6_scale40_baseline_non_rescale_r2,ok,0,results/ckks_tabular_inference/tabular_sweep_wdbc_linear_poly3_short_chain_6_scale40_baseline_non_rescale_r2/summary.csv,results/ckks_tabular_profile_sweep_repeated/logs/tabular_sweep_wdbc_linear_poly3_short_chain_6_scale40_baseline_non_rescale_r2.log
2026-06-25T16:15:26+09:00,wdbc,linear_poly3,short_chain_6_scale40,baseline_non_rescale,3,tabular_sweep_wdbc_linear_poly3_short_chain_6_scale40_baseline_non_rescale_r3,ok,0,results/ckks_tabular_inference/tabular_sweep_wdbc_linear_poly3_short_chain_6_scale40_baseline_non_rescale_r3/summary.csv,results/ckks_tabular_profile_sweep_repeated/logs/tabular_sweep_wdbc_linear_poly3_short_chain_6_scale40_baseline_non_rescale_r3.log
2026-06-25T16:16:00+09:00,wdbc,linear_poly3,short_chain_6_scale38,rescale_aware,1,tabular_sweep_wdbc_linear_poly3_short_chain_6_scale38_rescale_aware_r1,ok,0,results/ckks_tabular_inference/tabular_sweep_wdbc_linear_poly3_short_chain_6_scale38_rescale_aware_r1/summary.csv,results/ckks_tabular_profile_sweep_repeated/logs/tabular_sweep_wdbc_linear_poly3_short_chain_6_scale38_rescale_aware_r1.log
2026-06-25T16:16:30+09:00,wdbc,linear_poly3,short_chain_6_scale38,rescale_aware,2,tabular_sweep_wdbc_linear_poly3_short_chain_6_scale38_rescale_aware_r2,ok,0,results/ckks_tabular_inference/tabular_sweep_wdbc_linear_poly3_short_chain_6_scale38_rescale_aware_r2/summary.csv,results/ckks_tabular_profile_sweep_repeated/logs/tabular_sweep_wdbc_linear_poly3_short_chain_6_scale38_rescale_aware_r2.log
2026-06-25T16:17:00+09:00,wdbc,linear_poly3,short_chain_6_scale38,rescale_aware,3,tabular_sweep_wdbc_linear_poly3_short_chain_6_scale38_rescale_aware_r3,ok,0,results/ckks_tabular_inference/tabular_sweep_wdbc_linear_poly3_short_chain_6_scale38_rescale_aware_r3/summary.csv,results/ckks_tabular_profile_sweep_repeated/logs/tabular_sweep_wdbc_linear_poly3_short_chain_6_scale38_rescale_aware_r3.log
2026-06-25T16:17:30+09:00,wdbc,linear_poly3,short_chain_6_scale38,baseline_non_rescale,1,tabular_sweep_wdbc_linear_poly3_short_chain_6_scale38_baseline_non_rescale_r1,ok,0,results/ckks_tabular_inference/tabular_sweep_wdbc_linear_poly3_short_chain_6_scale38_baseline_non_rescale_r1/summary.csv,results/ckks_tabular_profile_sweep_repeated/logs/tabular_sweep_wdbc_linear_poly3_short_chain_6_scale38_baseline_non_rescale_r1.log
2026-06-25T16:18:04+09:00,wdbc,linear_poly3,short_chain_6_scale38,baseline_non_rescale,2,tabular_sweep_wdbc_linear_poly3_short_chain_6_scale38_baseline_non_rescale_r2,ok,0,results/ckks_tabular_inference/tabular_sweep_wdbc_linear_poly3_short_chain_6_scale38_baseline_non_rescale_r2/summary.csv,results/ckks_tabular_profile_sweep_repeated/logs/tabular_sweep_wdbc_linear_poly3_short_chain_6_scale38_baseline_non_rescale_r2.log
2026-06-25T16:18:38+09:00,wdbc,linear_poly3,short_chain_6_scale38,baseline_non_rescale,3,tabular_sweep_wdbc_linear_poly3_short_chain_6_scale38_baseline_non_rescale_r3,ok,0,results/ckks_tabular_inference/tabular_sweep_wdbc_linear_poly3_short_chain_6_scale38_baseline_non_rescale_r3/summary.csv,results/ckks_tabular_profile_sweep_repeated/logs/tabular_sweep_wdbc_linear_poly3_short_chain_6_scale38_baseline_non_rescale_r3.log
2026-06-25T16:19:12+09:00,wdbc,linear_poly3,short_chain_5,rescale_aware,1,tabular_sweep_wdbc_linear_poly3_short_chain_5_rescale_aware_r1,failed,1,results/ckks_tabular_inference/tabular_sweep_wdbc_linear_poly3_short_chain_5_rescale_aware_r1/summary.csv,results/ckks_tabular_profile_sweep_repeated/logs/tabular_sweep_wdbc_linear_poly3_short_chain_5_rescale_aware_r1.log
2026-06-25T16:19:12+09:00,wdbc,linear_poly3,short_chain_5,rescale_aware,2,tabular_sweep_wdbc_linear_poly3_short_chain_5_rescale_aware_r2,failed,1,results/ckks_tabular_inference/tabular_sweep_wdbc_linear_poly3_short_chain_5_rescale_aware_r2/summary.csv,results/ckks_tabular_profile_sweep_repeated/logs/tabular_sweep_wdbc_linear_poly3_short_chain_5_rescale_aware_r2.log
2026-06-25T16:19:12+09:00,wdbc,linear_poly3,short_chain_5,rescale_aware,3,tabular_sweep_wdbc_linear_poly3_short_chain_5_rescale_aware_r3,failed,1,results/ckks_tabular_inference/tabular_sweep_wdbc_linear_poly3_short_chain_5_rescale_aware_r3/summary.csv,results/ckks_tabular_profile_sweep_repeated/logs/tabular_sweep_wdbc_linear_poly3_short_chain_5_rescale_aware_r3.log
2026-06-25T16:19:13+09:00,wdbc,linear_poly3,short_chain_5,baseline_non_rescale,1,tabular_sweep_wdbc_linear_poly3_short_chain_5_baseline_non_rescale_r1,ok,0,results/ckks_tabular_inference/tabular_sweep_wdbc_linear_poly3_short_chain_5_baseline_non_rescale_r1/summary.csv,results/ckks_tabular_profile_sweep_repeated/logs/tabular_sweep_wdbc_linear_poly3_short_chain_5_baseline_non_rescale_r1.log
2026-06-25T16:19:42+09:00,wdbc,linear_poly3,short_chain_5,baseline_non_rescale,2,tabular_sweep_wdbc_linear_poly3_short_chain_5_baseline_non_rescale_r2,ok,0,results/ckks_tabular_inference/tabular_sweep_wdbc_linear_poly3_short_chain_5_baseline_non_rescale_r2/summary.csv,results/ckks_tabular_profile_sweep_repeated/logs/tabular_sweep_wdbc_linear_poly3_short_chain_5_baseline_non_rescale_r2.log
2026-06-25T16:20:12+09:00,wdbc,linear_poly3,short_chain_5,baseline_non_rescale,3,tabular_sweep_wdbc_linear_poly3_short_chain_5_baseline_non_rescale_r3,ok,0,results/ckks_tabular_inference/tabular_sweep_wdbc_linear_poly3_short_chain_5_baseline_non_rescale_r3/summary.csv,results/ckks_tabular_profile_sweep_repeated/logs/tabular_sweep_wdbc_linear_poly3_short_chain_5_baseline_non_rescale_r3.log
2026-06-25T16:20:41+09:00,wdbc,linear_poly3,short_chain_3,rescale_aware,1,tabular_sweep_wdbc_linear_poly3_short_chain_3_rescale_aware_r1,failed,1,results/ckks_tabular_inference/tabular_sweep_wdbc_linear_poly3_short_chain_3_rescale_aware_r1/summary.csv,results/ckks_tabular_profile_sweep_repeated/logs/tabular_sweep_wdbc_linear_poly3_short_chain_3_rescale_aware_r1.log
2026-06-25T16:20:42+09:00,wdbc,linear_poly3,short_chain_3,rescale_aware,2,tabular_sweep_wdbc_linear_poly3_short_chain_3_rescale_aware_r2,failed,1,results/ckks_tabular_inference/tabular_sweep_wdbc_linear_poly3_short_chain_3_rescale_aware_r2/summary.csv,results/ckks_tabular_profile_sweep_repeated/logs/tabular_sweep_wdbc_linear_poly3_short_chain_3_rescale_aware_r2.log
2026-06-25T16:20:42+09:00,wdbc,linear_poly3,short_chain_3,rescale_aware,3,tabular_sweep_wdbc_linear_poly3_short_chain_3_rescale_aware_r3,failed,1,results/ckks_tabular_inference/tabular_sweep_wdbc_linear_poly3_short_chain_3_rescale_aware_r3/summary.csv,results/ckks_tabular_profile_sweep_repeated/logs/tabular_sweep_wdbc_linear_poly3_short_chain_3_rescale_aware_r3.log
2026-06-25T16:20:42+09:00,wdbc,linear_poly3,short_chain_3,baseline_non_rescale,1,tabular_sweep_wdbc_linear_poly3_short_chain_3_baseline_non_rescale_r1,ok,0,results/ckks_tabular_inference/tabular_sweep_wdbc_linear_poly3_short_chain_3_baseline_non_rescale_r1/summary.csv,results/ckks_tabular_profile_sweep_repeated/logs/tabular_sweep_wdbc_linear_poly3_short_chain_3_baseline_non_rescale_r1.log
2026-06-25T16:21:03+09:00,wdbc,linear_poly3,short_chain_3,baseline_non_rescale,2,tabular_sweep_wdbc_linear_poly3_short_chain_3_baseline_non_rescale_r2,ok,0,results/ckks_tabular_inference/tabular_sweep_wdbc_linear_poly3_short_chain_3_baseline_non_rescale_r2/summary.csv,results/ckks_tabular_profile_sweep_repeated/logs/tabular_sweep_wdbc_linear_poly3_short_chain_3_baseline_non_rescale_r2.log
2026-06-25T16:21:23+09:00,wdbc,linear_poly3,short_chain_3,baseline_non_rescale,3,tabular_sweep_wdbc_linear_poly3_short_chain_3_baseline_non_rescale_r3,ok,0,results/ckks_tabular_inference/tabular_sweep_wdbc_linear_poly3_short_chain_3_baseline_non_rescale_r3/summary.csv,results/ckks_tabular_profile_sweep_repeated/logs/tabular_sweep_wdbc_linear_poly3_short_chain_3_baseline_non_rescale_r3.log
2026-06-25T16:21:43+09:00,wdbc,mlp_square_linear_score,default,rescale_aware,1,tabular_sweep_wdbc_mlp_square_linear_score_default_rescale_aware_r1,ok,0,results/ckks_tabular_inference/tabular_sweep_wdbc_mlp_square_linear_score_default_rescale_aware_r1/summary.csv,results/ckks_tabular_profile_sweep_repeated/logs/tabular_sweep_wdbc_mlp_square_linear_score_default_rescale_aware_r1.log
2026-06-25T16:22:33+09:00,wdbc,mlp_square_linear_score,default,rescale_aware,2,tabular_sweep_wdbc_mlp_square_linear_score_default_rescale_aware_r2,ok,0,results/ckks_tabular_inference/tabular_sweep_wdbc_mlp_square_linear_score_default_rescale_aware_r2/summary.csv,results/ckks_tabular_profile_sweep_repeated/logs/tabular_sweep_wdbc_mlp_square_linear_score_default_rescale_aware_r2.log
2026-06-25T16:23:25+09:00,wdbc,mlp_square_linear_score,default,rescale_aware,3,tabular_sweep_wdbc_mlp_square_linear_score_default_rescale_aware_r3,ok,0,results/ckks_tabular_inference/tabular_sweep_wdbc_mlp_square_linear_score_default_rescale_aware_r3/summary.csv,results/ckks_tabular_profile_sweep_repeated/logs/tabular_sweep_wdbc_mlp_square_linear_score_default_rescale_aware_r3.log
2026-06-25T16:24:17+09:00,wdbc,mlp_square_linear_score,default,baseline_non_rescale,1,tabular_sweep_wdbc_mlp_square_linear_score_default_baseline_non_rescale_r1,ok,0,results/ckks_tabular_inference/tabular_sweep_wdbc_mlp_square_linear_score_default_baseline_non_rescale_r1/summary.csv,results/ckks_tabular_profile_sweep_repeated/logs/tabular_sweep_wdbc_mlp_square_linear_score_default_baseline_non_rescale_r1.log
2026-06-25T16:25:08+09:00,wdbc,mlp_square_linear_score,default,baseline_non_rescale,2,tabular_sweep_wdbc_mlp_square_linear_score_default_baseline_non_rescale_r2,ok,0,results/ckks_tabular_inference/tabular_sweep_wdbc_mlp_square_linear_score_default_baseline_non_rescale_r2/summary.csv,results/ckks_tabular_profile_sweep_repeated/logs/tabular_sweep_wdbc_mlp_square_linear_score_default_baseline_non_rescale_r2.log
2026-06-25T16:25:59+09:00,wdbc,mlp_square_linear_score,default,baseline_non_rescale,3,tabular_sweep_wdbc_mlp_square_linear_score_default_baseline_non_rescale_r3,ok,0,results/ckks_tabular_inference/tabular_sweep_wdbc_mlp_square_linear_score_default_baseline_non_rescale_r3/summary.csv,results/ckks_tabular_profile_sweep_repeated/logs/tabular_sweep_wdbc_mlp_square_linear_score_default_baseline_non_rescale_r3.log
2026-06-25T16:26:50+09:00,wdbc,mlp_square_linear_score,scale42,rescale_aware,1,tabular_sweep_wdbc_mlp_square_linear_score_scale42_rescale_aware_r1,ok,0,results/ckks_tabular_inference/tabular_sweep_wdbc_mlp_square_linear_score_scale42_rescale_aware_r1/summary.csv,results/ckks_tabular_profile_sweep_repeated/logs/tabular_sweep_wdbc_mlp_square_linear_score_scale42_rescale_aware_r1.log
2026-06-25T16:27:43+09:00,wdbc,mlp_square_linear_score,scale42,rescale_aware,2,tabular_sweep_wdbc_mlp_square_linear_score_scale42_rescale_aware_r2,ok,0,results/ckks_tabular_inference/tabular_sweep_wdbc_mlp_square_linear_score_scale42_rescale_aware_r2/summary.csv,results/ckks_tabular_profile_sweep_repeated/logs/tabular_sweep_wdbc_mlp_square_linear_score_scale42_rescale_aware_r2.log
2026-06-25T16:28:36+09:00,wdbc,mlp_square_linear_score,scale42,rescale_aware,3,tabular_sweep_wdbc_mlp_square_linear_score_scale42_rescale_aware_r3,ok,0,results/ckks_tabular_inference/tabular_sweep_wdbc_mlp_square_linear_score_scale42_rescale_aware_r3/summary.csv,results/ckks_tabular_profile_sweep_repeated/logs/tabular_sweep_wdbc_mlp_square_linear_score_scale42_rescale_aware_r3.log
2026-06-25T16:29:29+09:00,wdbc,mlp_square_linear_score,scale42,baseline_non_rescale,1,tabular_sweep_wdbc_mlp_square_linear_score_scale42_baseline_non_rescale_r1,ok,0,results/ckks_tabular_inference/tabular_sweep_wdbc_mlp_square_linear_score_scale42_baseline_non_rescale_r1/summary.csv,results/ckks_tabular_profile_sweep_repeated/logs/tabular_sweep_wdbc_mlp_square_linear_score_scale42_baseline_non_rescale_r1.log
2026-06-25T16:30:20+09:00,wdbc,mlp_square_linear_score,scale42,baseline_non_rescale,2,tabular_sweep_wdbc_mlp_square_linear_score_scale42_baseline_non_rescale_r2,ok,0,results/ckks_tabular_inference/tabular_sweep_wdbc_mlp_square_linear_score_scale42_baseline_non_rescale_r2/summary.csv,results/ckks_tabular_profile_sweep_repeated/logs/tabular_sweep_wdbc_mlp_square_linear_score_scale42_baseline_non_rescale_r2.log
2026-06-25T16:31:11+09:00,wdbc,mlp_square_linear_score,scale42,baseline_non_rescale,3,tabular_sweep_wdbc_mlp_square_linear_score_scale42_baseline_non_rescale_r3,ok,0,results/ckks_tabular_inference/tabular_sweep_wdbc_mlp_square_linear_score_scale42_baseline_non_rescale_r3/summary.csv,results/ckks_tabular_profile_sweep_repeated/logs/tabular_sweep_wdbc_mlp_square_linear_score_scale42_baseline_non_rescale_r3.log
2026-06-25T16:32:02+09:00,wdbc,mlp_square_linear_score,scale40,rescale_aware,1,tabular_sweep_wdbc_mlp_square_linear_score_scale40_rescale_aware_r1,ok,0,results/ckks_tabular_inference/tabular_sweep_wdbc_mlp_square_linear_score_scale40_rescale_aware_r1/summary.csv,results/ckks_tabular_profile_sweep_repeated/logs/tabular_sweep_wdbc_mlp_square_linear_score_scale40_rescale_aware_r1.log
2026-06-25T16:32:56+09:00,wdbc,mlp_square_linear_score,scale40,rescale_aware,2,tabular_sweep_wdbc_mlp_square_linear_score_scale40_rescale_aware_r2,ok,0,results/ckks_tabular_inference/tabular_sweep_wdbc_mlp_square_linear_score_scale40_rescale_aware_r2/summary.csv,results/ckks_tabular_profile_sweep_repeated/logs/tabular_sweep_wdbc_mlp_square_linear_score_scale40_rescale_aware_r2.log
2026-06-25T16:33:48+09:00,wdbc,mlp_square_linear_score,scale40,rescale_aware,3,tabular_sweep_wdbc_mlp_square_linear_score_scale40_rescale_aware_r3,ok,0,results/ckks_tabular_inference/tabular_sweep_wdbc_mlp_square_linear_score_scale40_rescale_aware_r3/summary.csv,results/ckks_tabular_profile_sweep_repeated/logs/tabular_sweep_wdbc_mlp_square_linear_score_scale40_rescale_aware_r3.log
2026-06-25T16:34:41+09:00,wdbc,mlp_square_linear_score,scale40,baseline_non_rescale,1,tabular_sweep_wdbc_mlp_square_linear_score_scale40_baseline_non_rescale_r1,ok,0,results/ckks_tabular_inference/tabular_sweep_wdbc_mlp_square_linear_score_scale40_baseline_non_rescale_r1/summary.csv,results/ckks_tabular_profile_sweep_repeated/logs/tabular_sweep_wdbc_mlp_square_linear_score_scale40_baseline_non_rescale_r1.log
2026-06-25T16:35:32+09:00,wdbc,mlp_square_linear_score,scale40,baseline_non_rescale,2,tabular_sweep_wdbc_mlp_square_linear_score_scale40_baseline_non_rescale_r2,ok,0,results/ckks_tabular_inference/tabular_sweep_wdbc_mlp_square_linear_score_scale40_baseline_non_rescale_r2/summary.csv,results/ckks_tabular_profile_sweep_repeated/logs/tabular_sweep_wdbc_mlp_square_linear_score_scale40_baseline_non_rescale_r2.log
2026-06-25T16:36:23+09:00,wdbc,mlp_square_linear_score,scale40,baseline_non_rescale,3,tabular_sweep_wdbc_mlp_square_linear_score_scale40_baseline_non_rescale_r3,ok,0,results/ckks_tabular_inference/tabular_sweep_wdbc_mlp_square_linear_score_scale40_baseline_non_rescale_r3/summary.csv,results/ckks_tabular_profile_sweep_repeated/logs/tabular_sweep_wdbc_mlp_square_linear_score_scale40_baseline_non_rescale_r3.log
2026-06-25T16:37:13+09:00,wdbc,mlp_square_linear_score,scale38,rescale_aware,1,tabular_sweep_wdbc_mlp_square_linear_score_scale38_rescale_aware_r1,ok,0,results/ckks_tabular_inference/tabular_sweep_wdbc_mlp_square_linear_score_scale38_rescale_aware_r1/summary.csv,results/ckks_tabular_profile_sweep_repeated/logs/tabular_sweep_wdbc_mlp_square_linear_score_scale38_rescale_aware_r1.log
2026-06-25T16:38:02+09:00,wdbc,mlp_square_linear_score,scale38,rescale_aware,2,tabular_sweep_wdbc_mlp_square_linear_score_scale38_rescale_aware_r2,ok,0,results/ckks_tabular_inference/tabular_sweep_wdbc_mlp_square_linear_score_scale38_rescale_aware_r2/summary.csv,results/ckks_tabular_profile_sweep_repeated/logs/tabular_sweep_wdbc_mlp_square_linear_score_scale38_rescale_aware_r2.log
2026-06-25T16:38:50+09:00,wdbc,mlp_square_linear_score,scale38,rescale_aware,3,tabular_sweep_wdbc_mlp_square_linear_score_scale38_rescale_aware_r3,ok,0,results/ckks_tabular_inference/tabular_sweep_wdbc_mlp_square_linear_score_scale38_rescale_aware_r3/summary.csv,results/ckks_tabular_profile_sweep_repeated/logs/tabular_sweep_wdbc_mlp_square_linear_score_scale38_rescale_aware_r3.log
2026-06-25T16:39:38+09:00,wdbc,mlp_square_linear_score,scale38,baseline_non_rescale,1,tabular_sweep_wdbc_mlp_square_linear_score_scale38_baseline_non_rescale_r1,ok,0,results/ckks_tabular_inference/tabular_sweep_wdbc_mlp_square_linear_score_scale38_baseline_non_rescale_r1/summary.csv,results/ckks_tabular_profile_sweep_repeated/logs/tabular_sweep_wdbc_mlp_square_linear_score_scale38_baseline_non_rescale_r1.log
2026-06-25T16:40:25+09:00,wdbc,mlp_square_linear_score,scale38,baseline_non_rescale,2,tabular_sweep_wdbc_mlp_square_linear_score_scale38_baseline_non_rescale_r2,ok,0,results/ckks_tabular_inference/tabular_sweep_wdbc_mlp_square_linear_score_scale38_baseline_non_rescale_r2/summary.csv,results/ckks_tabular_profile_sweep_repeated/logs/tabular_sweep_wdbc_mlp_square_linear_score_scale38_baseline_non_rescale_r2.log
2026-06-25T16:41:11+09:00,wdbc,mlp_square_linear_score,scale38,baseline_non_rescale,3,tabular_sweep_wdbc_mlp_square_linear_score_scale38_baseline_non_rescale_r3,ok,0,results/ckks_tabular_inference/tabular_sweep_wdbc_mlp_square_linear_score_scale38_baseline_non_rescale_r3/summary.csv,results/ckks_tabular_profile_sweep_repeated/logs/tabular_sweep_wdbc_mlp_square_linear_score_scale38_baseline_non_rescale_r3.log
2026-06-25T16:41:58+09:00,wdbc,mlp_square_linear_score,deep_chain_8_scale45,rescale_aware,1,tabular_sweep_wdbc_mlp_square_linear_score_deep_chain_8_scale45_rescale_aware_r1,ok,0,results/ckks_tabular_inference/tabular_sweep_wdbc_mlp_square_linear_score_deep_chain_8_scale45_rescale_aware_r1/summary.csv,results/ckks_tabular_profile_sweep_repeated/logs/tabular_sweep_wdbc_mlp_square_linear_score_deep_chain_8_scale45_rescale_aware_r1.log
2026-06-25T16:43:48+09:00,wdbc,mlp_square_linear_score,deep_chain_8_scale45,rescale_aware,2,tabular_sweep_wdbc_mlp_square_linear_score_deep_chain_8_scale45_rescale_aware_r2,ok,0,results/ckks_tabular_inference/tabular_sweep_wdbc_mlp_square_linear_score_deep_chain_8_scale45_rescale_aware_r2/summary.csv,results/ckks_tabular_profile_sweep_repeated/logs/tabular_sweep_wdbc_mlp_square_linear_score_deep_chain_8_scale45_rescale_aware_r2.log
2026-06-25T16:45:50+09:00,wdbc,mlp_square_linear_score,deep_chain_8_scale45,rescale_aware,3,tabular_sweep_wdbc_mlp_square_linear_score_deep_chain_8_scale45_rescale_aware_r3,ok,0,results/ckks_tabular_inference/tabular_sweep_wdbc_mlp_square_linear_score_deep_chain_8_scale45_rescale_aware_r3/summary.csv,results/ckks_tabular_profile_sweep_repeated/logs/tabular_sweep_wdbc_mlp_square_linear_score_deep_chain_8_scale45_rescale_aware_r3.log
2026-06-25T16:47:49+09:00,wdbc,mlp_square_linear_score,deep_chain_8_scale45,baseline_non_rescale,1,tabular_sweep_wdbc_mlp_square_linear_score_deep_chain_8_scale45_baseline_non_rescale_r1,ok,0,results/ckks_tabular_inference/tabular_sweep_wdbc_mlp_square_linear_score_deep_chain_8_scale45_baseline_non_rescale_r1/summary.csv,results/ckks_tabular_profile_sweep_repeated/logs/tabular_sweep_wdbc_mlp_square_linear_score_deep_chain_8_scale45_baseline_non_rescale_r1.log
2026-06-25T16:49:47+09:00,wdbc,mlp_square_linear_score,deep_chain_8_scale45,baseline_non_rescale,2,tabular_sweep_wdbc_mlp_square_linear_score_deep_chain_8_scale45_baseline_non_rescale_r2,ok,0,results/ckks_tabular_inference/tabular_sweep_wdbc_mlp_square_linear_score_deep_chain_8_scale45_baseline_non_rescale_r2/summary.csv,results/ckks_tabular_profile_sweep_repeated/logs/tabular_sweep_wdbc_mlp_square_linear_score_deep_chain_8_scale45_baseline_non_rescale_r2.log
2026-06-25T16:51:40+09:00,wdbc,mlp_square_linear_score,deep_chain_8_scale45,baseline_non_rescale,3,tabular_sweep_wdbc_mlp_square_linear_score_deep_chain_8_scale45_baseline_non_rescale_r3,ok,0,results/ckks_tabular_inference/tabular_sweep_wdbc_mlp_square_linear_score_deep_chain_8_scale45_baseline_non_rescale_r3/summary.csv,results/ckks_tabular_profile_sweep_repeated/logs/tabular_sweep_wdbc_mlp_square_linear_score_deep_chain_8_scale45_baseline_non_rescale_r3.log
2026-06-25T16:53:33+09:00,wdbc,mlp_square_linear_score,deep_chain_9_scale45,rescale_aware,1,tabular_sweep_wdbc_mlp_square_linear_score_deep_chain_9_scale45_rescale_aware_r1,ok,0,results/ckks_tabular_inference/tabular_sweep_wdbc_mlp_square_linear_score_deep_chain_9_scale45_rescale_aware_r1/summary.csv,results/ckks_tabular_profile_sweep_repeated/logs/tabular_sweep_wdbc_mlp_square_linear_score_deep_chain_9_scale45_rescale_aware_r1.log
2026-06-25T16:55:47+09:00,wdbc,mlp_square_linear_score,deep_chain_9_scale45,rescale_aware,2,tabular_sweep_wdbc_mlp_square_linear_score_deep_chain_9_scale45_rescale_aware_r2,ok,0,results/ckks_tabular_inference/tabular_sweep_wdbc_mlp_square_linear_score_deep_chain_9_scale45_rescale_aware_r2/summary.csv,results/ckks_tabular_profile_sweep_repeated/logs/tabular_sweep_wdbc_mlp_square_linear_score_deep_chain_9_scale45_rescale_aware_r2.log
2026-06-25T16:58:02+09:00,wdbc,mlp_square_linear_score,deep_chain_9_scale45,rescale_aware,3,tabular_sweep_wdbc_mlp_square_linear_score_deep_chain_9_scale45_rescale_aware_r3,ok,0,results/ckks_tabular_inference/tabular_sweep_wdbc_mlp_square_linear_score_deep_chain_9_scale45_rescale_aware_r3/summary.csv,results/ckks_tabular_profile_sweep_repeated/logs/tabular_sweep_wdbc_mlp_square_linear_score_deep_chain_9_scale45_rescale_aware_r3.log
2026-06-25T17:00:14+09:00,wdbc,mlp_square_linear_score,deep_chain_9_scale45,baseline_non_rescale,1,tabular_sweep_wdbc_mlp_square_linear_score_deep_chain_9_scale45_baseline_non_rescale_r1,ok,0,results/ckks_tabular_inference/tabular_sweep_wdbc_mlp_square_linear_score_deep_chain_9_scale45_baseline_non_rescale_r1/summary.csv,results/ckks_tabular_profile_sweep_repeated/logs/tabular_sweep_wdbc_mlp_square_linear_score_deep_chain_9_scale45_baseline_non_rescale_r1.log
2026-06-25T17:02:22+09:00,wdbc,mlp_square_linear_score,deep_chain_9_scale45,baseline_non_rescale,2,tabular_sweep_wdbc_mlp_square_linear_score_deep_chain_9_scale45_baseline_non_rescale_r2,ok,0,results/ckks_tabular_inference/tabular_sweep_wdbc_mlp_square_linear_score_deep_chain_9_scale45_baseline_non_rescale_r2/summary.csv,results/ckks_tabular_profile_sweep_repeated/logs/tabular_sweep_wdbc_mlp_square_linear_score_deep_chain_9_scale45_baseline_non_rescale_r2.log
2026-06-25T17:04:31+09:00,wdbc,mlp_square_linear_score,deep_chain_9_scale45,baseline_non_rescale,3,tabular_sweep_wdbc_mlp_square_linear_score_deep_chain_9_scale45_baseline_non_rescale_r3,ok,0,results/ckks_tabular_inference/tabular_sweep_wdbc_mlp_square_linear_score_deep_chain_9_scale45_baseline_non_rescale_r3/summary.csv,results/ckks_tabular_profile_sweep_repeated/logs/tabular_sweep_wdbc_mlp_square_linear_score_deep_chain_9_scale45_baseline_non_rescale_r3.log
2026-06-25T17:06:39+09:00,wdbc,mlp_square_linear_score,short_chain_6_scale42,rescale_aware,1,tabular_sweep_wdbc_mlp_square_linear_score_short_chain_6_scale42_rescale_aware_r1,ok,0,results/ckks_tabular_inference/tabular_sweep_wdbc_mlp_square_linear_score_short_chain_6_scale42_rescale_aware_r1/summary.csv,results/ckks_tabular_profile_sweep_repeated/logs/tabular_sweep_wdbc_mlp_square_linear_score_short_chain_6_scale42_rescale_aware_r1.log
2026-06-25T17:07:22+09:00,wdbc,mlp_square_linear_score,short_chain_6_scale42,rescale_aware,2,tabular_sweep_wdbc_mlp_square_linear_score_short_chain_6_scale42_rescale_aware_r2,ok,0,results/ckks_tabular_inference/tabular_sweep_wdbc_mlp_square_linear_score_short_chain_6_scale42_rescale_aware_r2/summary.csv,results/ckks_tabular_profile_sweep_repeated/logs/tabular_sweep_wdbc_mlp_square_linear_score_short_chain_6_scale42_rescale_aware_r2.log
2026-06-25T17:08:03+09:00,wdbc,mlp_square_linear_score,short_chain_6_scale42,rescale_aware,3,tabular_sweep_wdbc_mlp_square_linear_score_short_chain_6_scale42_rescale_aware_r3,ok,0,results/ckks_tabular_inference/tabular_sweep_wdbc_mlp_square_linear_score_short_chain_6_scale42_rescale_aware_r3/summary.csv,results/ckks_tabular_profile_sweep_repeated/logs/tabular_sweep_wdbc_mlp_square_linear_score_short_chain_6_scale42_rescale_aware_r3.log
2026-06-25T17:08:46+09:00,wdbc,mlp_square_linear_score,short_chain_6_scale42,baseline_non_rescale,1,tabular_sweep_wdbc_mlp_square_linear_score_short_chain_6_scale42_baseline_non_rescale_r1,ok,0,results/ckks_tabular_inference/tabular_sweep_wdbc_mlp_square_linear_score_short_chain_6_scale42_baseline_non_rescale_r1/summary.csv,results/ckks_tabular_profile_sweep_repeated/logs/tabular_sweep_wdbc_mlp_square_linear_score_short_chain_6_scale42_baseline_non_rescale_r1.log
2026-06-25T17:09:26+09:00,wdbc,mlp_square_linear_score,short_chain_6_scale42,baseline_non_rescale,2,tabular_sweep_wdbc_mlp_square_linear_score_short_chain_6_scale42_baseline_non_rescale_r2,ok,0,results/ckks_tabular_inference/tabular_sweep_wdbc_mlp_square_linear_score_short_chain_6_scale42_baseline_non_rescale_r2/summary.csv,results/ckks_tabular_profile_sweep_repeated/logs/tabular_sweep_wdbc_mlp_square_linear_score_short_chain_6_scale42_baseline_non_rescale_r2.log
2026-06-25T17:10:05+09:00,wdbc,mlp_square_linear_score,short_chain_6_scale42,baseline_non_rescale,3,tabular_sweep_wdbc_mlp_square_linear_score_short_chain_6_scale42_baseline_non_rescale_r3,ok,0,results/ckks_tabular_inference/tabular_sweep_wdbc_mlp_square_linear_score_short_chain_6_scale42_baseline_non_rescale_r3/summary.csv,results/ckks_tabular_profile_sweep_repeated/logs/tabular_sweep_wdbc_mlp_square_linear_score_short_chain_6_scale42_baseline_non_rescale_r3.log
2026-06-25T17:10:45+09:00,wdbc,mlp_square_linear_score,short_chain_6_scale40,rescale_aware,1,tabular_sweep_wdbc_mlp_square_linear_score_short_chain_6_scale40_rescale_aware_r1,ok,0,results/ckks_tabular_inference/tabular_sweep_wdbc_mlp_square_linear_score_short_chain_6_scale40_rescale_aware_r1/summary.csv,results/ckks_tabular_profile_sweep_repeated/logs/tabular_sweep_wdbc_mlp_square_linear_score_short_chain_6_scale40_rescale_aware_r1.log
2026-06-25T17:11:25+09:00,wdbc,mlp_square_linear_score,short_chain_6_scale40,rescale_aware,2,tabular_sweep_wdbc_mlp_square_linear_score_short_chain_6_scale40_rescale_aware_r2,ok,0,results/ckks_tabular_inference/tabular_sweep_wdbc_mlp_square_linear_score_short_chain_6_scale40_rescale_aware_r2/summary.csv,results/ckks_tabular_profile_sweep_repeated/logs/tabular_sweep_wdbc_mlp_square_linear_score_short_chain_6_scale40_rescale_aware_r2.log
2026-06-25T17:12:06+09:00,wdbc,mlp_square_linear_score,short_chain_6_scale40,rescale_aware,3,tabular_sweep_wdbc_mlp_square_linear_score_short_chain_6_scale40_rescale_aware_r3,ok,0,results/ckks_tabular_inference/tabular_sweep_wdbc_mlp_square_linear_score_short_chain_6_scale40_rescale_aware_r3/summary.csv,results/ckks_tabular_profile_sweep_repeated/logs/tabular_sweep_wdbc_mlp_square_linear_score_short_chain_6_scale40_rescale_aware_r3.log
2026-06-25T17:12:47+09:00,wdbc,mlp_square_linear_score,short_chain_6_scale40,baseline_non_rescale,1,tabular_sweep_wdbc_mlp_square_linear_score_short_chain_6_scale40_baseline_non_rescale_r1,ok,0,results/ckks_tabular_inference/tabular_sweep_wdbc_mlp_square_linear_score_short_chain_6_scale40_baseline_non_rescale_r1/summary.csv,results/ckks_tabular_profile_sweep_repeated/logs/tabular_sweep_wdbc_mlp_square_linear_score_short_chain_6_scale40_baseline_non_rescale_r1.log
2026-06-25T17:13:28+09:00,wdbc,mlp_square_linear_score,short_chain_6_scale40,baseline_non_rescale,2,tabular_sweep_wdbc_mlp_square_linear_score_short_chain_6_scale40_baseline_non_rescale_r2,ok,0,results/ckks_tabular_inference/tabular_sweep_wdbc_mlp_square_linear_score_short_chain_6_scale40_baseline_non_rescale_r2/summary.csv,results/ckks_tabular_profile_sweep_repeated/logs/tabular_sweep_wdbc_mlp_square_linear_score_short_chain_6_scale40_baseline_non_rescale_r2.log
2026-06-25T17:14:09+09:00,wdbc,mlp_square_linear_score,short_chain_6_scale40,baseline_non_rescale,3,tabular_sweep_wdbc_mlp_square_linear_score_short_chain_6_scale40_baseline_non_rescale_r3,ok,0,results/ckks_tabular_inference/tabular_sweep_wdbc_mlp_square_linear_score_short_chain_6_scale40_baseline_non_rescale_r3/summary.csv,results/ckks_tabular_profile_sweep_repeated/logs/tabular_sweep_wdbc_mlp_square_linear_score_short_chain_6_scale40_baseline_non_rescale_r3.log
2026-06-25T17:14:50+09:00,wdbc,mlp_square_linear_score,short_chain_6_scale38,rescale_aware,1,tabular_sweep_wdbc_mlp_square_linear_score_short_chain_6_scale38_rescale_aware_r1,ok,0,results/ckks_tabular_inference/tabular_sweep_wdbc_mlp_square_linear_score_short_chain_6_scale38_rescale_aware_r1/summary.csv,results/ckks_tabular_profile_sweep_repeated/logs/tabular_sweep_wdbc_mlp_square_linear_score_short_chain_6_scale38_rescale_aware_r1.log
2026-06-25T17:15:31+09:00,wdbc,mlp_square_linear_score,short_chain_6_scale38,rescale_aware,2,tabular_sweep_wdbc_mlp_square_linear_score_short_chain_6_scale38_rescale_aware_r2,ok,0,results/ckks_tabular_inference/tabular_sweep_wdbc_mlp_square_linear_score_short_chain_6_scale38_rescale_aware_r2/summary.csv,results/ckks_tabular_profile_sweep_repeated/logs/tabular_sweep_wdbc_mlp_square_linear_score_short_chain_6_scale38_rescale_aware_r2.log
2026-06-25T17:16:13+09:00,wdbc,mlp_square_linear_score,short_chain_6_scale38,rescale_aware,3,tabular_sweep_wdbc_mlp_square_linear_score_short_chain_6_scale38_rescale_aware_r3,ok,0,results/ckks_tabular_inference/tabular_sweep_wdbc_mlp_square_linear_score_short_chain_6_scale38_rescale_aware_r3/summary.csv,results/ckks_tabular_profile_sweep_repeated/logs/tabular_sweep_wdbc_mlp_square_linear_score_short_chain_6_scale38_rescale_aware_r3.log
2026-06-25T17:16:55+09:00,wdbc,mlp_square_linear_score,short_chain_6_scale38,baseline_non_rescale,1,tabular_sweep_wdbc_mlp_square_linear_score_short_chain_6_scale38_baseline_non_rescale_r1,ok,0,results/ckks_tabular_inference/tabular_sweep_wdbc_mlp_square_linear_score_short_chain_6_scale38_baseline_non_rescale_r1/summary.csv,results/ckks_tabular_profile_sweep_repeated/logs/tabular_sweep_wdbc_mlp_square_linear_score_short_chain_6_scale38_baseline_non_rescale_r1.log
2026-06-25T17:17:35+09:00,wdbc,mlp_square_linear_score,short_chain_6_scale38,baseline_non_rescale,2,tabular_sweep_wdbc_mlp_square_linear_score_short_chain_6_scale38_baseline_non_rescale_r2,ok,0,results/ckks_tabular_inference/tabular_sweep_wdbc_mlp_square_linear_score_short_chain_6_scale38_baseline_non_rescale_r2/summary.csv,results/ckks_tabular_profile_sweep_repeated/logs/tabular_sweep_wdbc_mlp_square_linear_score_short_chain_6_scale38_baseline_non_rescale_r2.log
2026-06-25T17:18:14+09:00,wdbc,mlp_square_linear_score,short_chain_6_scale38,baseline_non_rescale,3,tabular_sweep_wdbc_mlp_square_linear_score_short_chain_6_scale38_baseline_non_rescale_r3,ok,0,results/ckks_tabular_inference/tabular_sweep_wdbc_mlp_square_linear_score_short_chain_6_scale38_baseline_non_rescale_r3/summary.csv,results/ckks_tabular_profile_sweep_repeated/logs/tabular_sweep_wdbc_mlp_square_linear_score_short_chain_6_scale38_baseline_non_rescale_r3.log
2026-06-25T17:18:54+09:00,wdbc,mlp_square_linear_score,short_chain_5,rescale_aware,1,tabular_sweep_wdbc_mlp_square_linear_score_short_chain_5_rescale_aware_r1,ok,0,results/ckks_tabular_inference/tabular_sweep_wdbc_mlp_square_linear_score_short_chain_5_rescale_aware_r1/summary.csv,results/ckks_tabular_profile_sweep_repeated/logs/tabular_sweep_wdbc_mlp_square_linear_score_short_chain_5_rescale_aware_r1.log
2026-06-25T17:19:29+09:00,wdbc,mlp_square_linear_score,short_chain_5,rescale_aware,2,tabular_sweep_wdbc_mlp_square_linear_score_short_chain_5_rescale_aware_r2,ok,0,results/ckks_tabular_inference/tabular_sweep_wdbc_mlp_square_linear_score_short_chain_5_rescale_aware_r2/summary.csv,results/ckks_tabular_profile_sweep_repeated/logs/tabular_sweep_wdbc_mlp_square_linear_score_short_chain_5_rescale_aware_r2.log
2026-06-25T17:20:03+09:00,wdbc,mlp_square_linear_score,short_chain_5,rescale_aware,3,tabular_sweep_wdbc_mlp_square_linear_score_short_chain_5_rescale_aware_r3,ok,0,results/ckks_tabular_inference/tabular_sweep_wdbc_mlp_square_linear_score_short_chain_5_rescale_aware_r3/summary.csv,results/ckks_tabular_profile_sweep_repeated/logs/tabular_sweep_wdbc_mlp_square_linear_score_short_chain_5_rescale_aware_r3.log
2026-06-25T17:20:38+09:00,wdbc,mlp_square_linear_score,short_chain_5,baseline_non_rescale,1,tabular_sweep_wdbc_mlp_square_linear_score_short_chain_5_baseline_non_rescale_r1,ok,0,results/ckks_tabular_inference/tabular_sweep_wdbc_mlp_square_linear_score_short_chain_5_baseline_non_rescale_r1/summary.csv,results/ckks_tabular_profile_sweep_repeated/logs/tabular_sweep_wdbc_mlp_square_linear_score_short_chain_5_baseline_non_rescale_r1.log
2026-06-25T17:21:12+09:00,wdbc,mlp_square_linear_score,short_chain_5,baseline_non_rescale,2,tabular_sweep_wdbc_mlp_square_linear_score_short_chain_5_baseline_non_rescale_r2,ok,0,results/ckks_tabular_inference/tabular_sweep_wdbc_mlp_square_linear_score_short_chain_5_baseline_non_rescale_r2/summary.csv,results/ckks_tabular_profile_sweep_repeated/logs/tabular_sweep_wdbc_mlp_square_linear_score_short_chain_5_baseline_non_rescale_r2.log
2026-06-25T17:21:46+09:00,wdbc,mlp_square_linear_score,short_chain_5,baseline_non_rescale,3,tabular_sweep_wdbc_mlp_square_linear_score_short_chain_5_baseline_non_rescale_r3,ok,0,results/ckks_tabular_inference/tabular_sweep_wdbc_mlp_square_linear_score_short_chain_5_baseline_non_rescale_r3/summary.csv,results/ckks_tabular_profile_sweep_repeated/logs/tabular_sweep_wdbc_mlp_square_linear_score_short_chain_5_baseline_non_rescale_r3.log
2026-06-25T17:22:20+09:00,wdbc,mlp_square_linear_score,short_chain_3,rescale_aware,1,tabular_sweep_wdbc_mlp_square_linear_score_short_chain_3_rescale_aware_r1,ok,0,results/ckks_tabular_inference/tabular_sweep_wdbc_mlp_square_linear_score_short_chain_3_rescale_aware_r1/summary.csv,results/ckks_tabular_profile_sweep_repeated/logs/tabular_sweep_wdbc_mlp_square_linear_score_short_chain_3_rescale_aware_r1.log
2026-06-25T17:22:38+09:00,wdbc,mlp_square_linear_score,short_chain_3,rescale_aware,2,tabular_sweep_wdbc_mlp_square_linear_score_short_chain_3_rescale_aware_r2,ok,0,results/ckks_tabular_inference/tabular_sweep_wdbc_mlp_square_linear_score_short_chain_3_rescale_aware_r2/summary.csv,results/ckks_tabular_profile_sweep_repeated/logs/tabular_sweep_wdbc_mlp_square_linear_score_short_chain_3_rescale_aware_r2.log
2026-06-25T17:22:57+09:00,wdbc,mlp_square_linear_score,short_chain_3,rescale_aware,3,tabular_sweep_wdbc_mlp_square_linear_score_short_chain_3_rescale_aware_r3,ok,0,results/ckks_tabular_inference/tabular_sweep_wdbc_mlp_square_linear_score_short_chain_3_rescale_aware_r3/summary.csv,results/ckks_tabular_profile_sweep_repeated/logs/tabular_sweep_wdbc_mlp_square_linear_score_short_chain_3_rescale_aware_r3.log
2026-06-25T17:23:16+09:00,wdbc,mlp_square_linear_score,short_chain_3,baseline_non_rescale,1,tabular_sweep_wdbc_mlp_square_linear_score_short_chain_3_baseline_non_rescale_r1,ok,0,results/ckks_tabular_inference/tabular_sweep_wdbc_mlp_square_linear_score_short_chain_3_baseline_non_rescale_r1/summary.csv,results/ckks_tabular_profile_sweep_repeated/logs/tabular_sweep_wdbc_mlp_square_linear_score_short_chain_3_baseline_non_rescale_r1.log
2026-06-25T17:23:39+09:00,wdbc,mlp_square_linear_score,short_chain_3,baseline_non_rescale,2,tabular_sweep_wdbc_mlp_square_linear_score_short_chain_3_baseline_non_rescale_r2,ok,0,results/ckks_tabular_inference/tabular_sweep_wdbc_mlp_square_linear_score_short_chain_3_baseline_non_rescale_r2/summary.csv,results/ckks_tabular_profile_sweep_repeated/logs/tabular_sweep_wdbc_mlp_square_linear_score_short_chain_3_baseline_non_rescale_r2.log
2026-06-25T17:24:03+09:00,wdbc,mlp_square_linear_score,short_chain_3,baseline_non_rescale,3,tabular_sweep_wdbc_mlp_square_linear_score_short_chain_3_baseline_non_rescale_r3,ok,0,results/ckks_tabular_inference/tabular_sweep_wdbc_mlp_square_linear_score_short_chain_3_baseline_non_rescale_r3/summary.csv,results/ckks_tabular_profile_sweep_repeated/logs/tabular_sweep_wdbc_mlp_square_linear_score_short_chain_3_baseline_non_rescale_r3.log
2026-06-25T17:24:26+09:00,iris_binary,linear_poly3,default,rescale_aware,1,tabular_sweep_iris_binary_linear_poly3_default_rescale_aware_r1,ok,0,results/ckks_tabular_inference/tabular_sweep_iris_binary_linear_poly3_default_rescale_aware_r1/summary.csv,results/ckks_tabular_profile_sweep_repeated/logs/tabular_sweep_iris_binary_linear_poly3_default_rescale_aware_r1.log
2026-06-25T17:24:30+09:00,iris_binary,linear_poly3,default,rescale_aware,2,tabular_sweep_iris_binary_linear_poly3_default_rescale_aware_r2,ok,0,results/ckks_tabular_inference/tabular_sweep_iris_binary_linear_poly3_default_rescale_aware_r2/summary.csv,results/ckks_tabular_profile_sweep_repeated/logs/tabular_sweep_iris_binary_linear_poly3_default_rescale_aware_r2.log
2026-06-25T17:24:34+09:00,iris_binary,linear_poly3,default,rescale_aware,3,tabular_sweep_iris_binary_linear_poly3_default_rescale_aware_r3,ok,0,results/ckks_tabular_inference/tabular_sweep_iris_binary_linear_poly3_default_rescale_aware_r3/summary.csv,results/ckks_tabular_profile_sweep_repeated/logs/tabular_sweep_iris_binary_linear_poly3_default_rescale_aware_r3.log
2026-06-25T17:24:38+09:00,iris_binary,linear_poly3,default,baseline_non_rescale,1,tabular_sweep_iris_binary_linear_poly3_default_baseline_non_rescale_r1,ok,0,results/ckks_tabular_inference/tabular_sweep_iris_binary_linear_poly3_default_baseline_non_rescale_r1/summary.csv,results/ckks_tabular_profile_sweep_repeated/logs/tabular_sweep_iris_binary_linear_poly3_default_baseline_non_rescale_r1.log
2026-06-25T17:24:42+09:00,iris_binary,linear_poly3,default,baseline_non_rescale,2,tabular_sweep_iris_binary_linear_poly3_default_baseline_non_rescale_r2,ok,0,results/ckks_tabular_inference/tabular_sweep_iris_binary_linear_poly3_default_baseline_non_rescale_r2/summary.csv,results/ckks_tabular_profile_sweep_repeated/logs/tabular_sweep_iris_binary_linear_poly3_default_baseline_non_rescale_r2.log
2026-06-25T17:24:47+09:00,iris_binary,linear_poly3,default,baseline_non_rescale,3,tabular_sweep_iris_binary_linear_poly3_default_baseline_non_rescale_r3,ok,0,results/ckks_tabular_inference/tabular_sweep_iris_binary_linear_poly3_default_baseline_non_rescale_r3/summary.csv,results/ckks_tabular_profile_sweep_repeated/logs/tabular_sweep_iris_binary_linear_poly3_default_baseline_non_rescale_r3.log
2026-06-25T17:24:52+09:00,iris_binary,linear_poly3,scale42,rescale_aware,1,tabular_sweep_iris_binary_linear_poly3_scale42_rescale_aware_r1,ok,0,results/ckks_tabular_inference/tabular_sweep_iris_binary_linear_poly3_scale42_rescale_aware_r1/summary.csv,results/ckks_tabular_profile_sweep_repeated/logs/tabular_sweep_iris_binary_linear_poly3_scale42_rescale_aware_r1.log
2026-06-25T17:24:56+09:00,iris_binary,linear_poly3,scale42,rescale_aware,2,tabular_sweep_iris_binary_linear_poly3_scale42_rescale_aware_r2,ok,0,results/ckks_tabular_inference/tabular_sweep_iris_binary_linear_poly3_scale42_rescale_aware_r2/summary.csv,results/ckks_tabular_profile_sweep_repeated/logs/tabular_sweep_iris_binary_linear_poly3_scale42_rescale_aware_r2.log
2026-06-25T17:25:00+09:00,iris_binary,linear_poly3,scale42,rescale_aware,3,tabular_sweep_iris_binary_linear_poly3_scale42_rescale_aware_r3,ok,0,results/ckks_tabular_inference/tabular_sweep_iris_binary_linear_poly3_scale42_rescale_aware_r3/summary.csv,results/ckks_tabular_profile_sweep_repeated/logs/tabular_sweep_iris_binary_linear_poly3_scale42_rescale_aware_r3.log
2026-06-25T17:25:04+09:00,iris_binary,linear_poly3,scale42,baseline_non_rescale,1,tabular_sweep_iris_binary_linear_poly3_scale42_baseline_non_rescale_r1,ok,0,results/ckks_tabular_inference/tabular_sweep_iris_binary_linear_poly3_scale42_baseline_non_rescale_r1/summary.csv,results/ckks_tabular_profile_sweep_repeated/logs/tabular_sweep_iris_binary_linear_poly3_scale42_baseline_non_rescale_r1.log
2026-06-25T17:25:09+09:00,iris_binary,linear_poly3,scale42,baseline_non_rescale,2,tabular_sweep_iris_binary_linear_poly3_scale42_baseline_non_rescale_r2,ok,0,results/ckks_tabular_inference/tabular_sweep_iris_binary_linear_poly3_scale42_baseline_non_rescale_r2/summary.csv,results/ckks_tabular_profile_sweep_repeated/logs/tabular_sweep_iris_binary_linear_poly3_scale42_baseline_non_rescale_r2.log
2026-06-25T17:25:14+09:00,iris_binary,linear_poly3,scale42,baseline_non_rescale,3,tabular_sweep_iris_binary_linear_poly3_scale42_baseline_non_rescale_r3,ok,0,results/ckks_tabular_inference/tabular_sweep_iris_binary_linear_poly3_scale42_baseline_non_rescale_r3/summary.csv,results/ckks_tabular_profile_sweep_repeated/logs/tabular_sweep_iris_binary_linear_poly3_scale42_baseline_non_rescale_r3.log
2026-06-25T17:25:18+09:00,iris_binary,linear_poly3,scale40,rescale_aware,1,tabular_sweep_iris_binary_linear_poly3_scale40_rescale_aware_r1,ok,0,results/ckks_tabular_inference/tabular_sweep_iris_binary_linear_poly3_scale40_rescale_aware_r1/summary.csv,results/ckks_tabular_profile_sweep_repeated/logs/tabular_sweep_iris_binary_linear_poly3_scale40_rescale_aware_r1.log
2026-06-25T17:25:23+09:00,iris_binary,linear_poly3,scale40,rescale_aware,2,tabular_sweep_iris_binary_linear_poly3_scale40_rescale_aware_r2,ok,0,results/ckks_tabular_inference/tabular_sweep_iris_binary_linear_poly3_scale40_rescale_aware_r2/summary.csv,results/ckks_tabular_profile_sweep_repeated/logs/tabular_sweep_iris_binary_linear_poly3_scale40_rescale_aware_r2.log
2026-06-25T17:25:27+09:00,iris_binary,linear_poly3,scale40,rescale_aware,3,tabular_sweep_iris_binary_linear_poly3_scale40_rescale_aware_r3,ok,0,results/ckks_tabular_inference/tabular_sweep_iris_binary_linear_poly3_scale40_rescale_aware_r3/summary.csv,results/ckks_tabular_profile_sweep_repeated/logs/tabular_sweep_iris_binary_linear_poly3_scale40_rescale_aware_r3.log
2026-06-25T17:25:31+09:00,iris_binary,linear_poly3,scale40,baseline_non_rescale,1,tabular_sweep_iris_binary_linear_poly3_scale40_baseline_non_rescale_r1,ok,0,results/ckks_tabular_inference/tabular_sweep_iris_binary_linear_poly3_scale40_baseline_non_rescale_r1/summary.csv,results/ckks_tabular_profile_sweep_repeated/logs/tabular_sweep_iris_binary_linear_poly3_scale40_baseline_non_rescale_r1.log
2026-06-25T17:25:36+09:00,iris_binary,linear_poly3,scale40,baseline_non_rescale,2,tabular_sweep_iris_binary_linear_poly3_scale40_baseline_non_rescale_r2,ok,0,results/ckks_tabular_inference/tabular_sweep_iris_binary_linear_poly3_scale40_baseline_non_rescale_r2/summary.csv,results/ckks_tabular_profile_sweep_repeated/logs/tabular_sweep_iris_binary_linear_poly3_scale40_baseline_non_rescale_r2.log
2026-06-25T17:25:41+09:00,iris_binary,linear_poly3,scale40,baseline_non_rescale,3,tabular_sweep_iris_binary_linear_poly3_scale40_baseline_non_rescale_r3,ok,0,results/ckks_tabular_inference/tabular_sweep_iris_binary_linear_poly3_scale40_baseline_non_rescale_r3/summary.csv,results/ckks_tabular_profile_sweep_repeated/logs/tabular_sweep_iris_binary_linear_poly3_scale40_baseline_non_rescale_r3.log
2026-06-25T17:25:45+09:00,iris_binary,linear_poly3,scale38,rescale_aware,1,tabular_sweep_iris_binary_linear_poly3_scale38_rescale_aware_r1,ok,0,results/ckks_tabular_inference/tabular_sweep_iris_binary_linear_poly3_scale38_rescale_aware_r1/summary.csv,results/ckks_tabular_profile_sweep_repeated/logs/tabular_sweep_iris_binary_linear_poly3_scale38_rescale_aware_r1.log
2026-06-25T17:25:49+09:00,iris_binary,linear_poly3,scale38,rescale_aware,2,tabular_sweep_iris_binary_linear_poly3_scale38_rescale_aware_r2,ok,0,results/ckks_tabular_inference/tabular_sweep_iris_binary_linear_poly3_scale38_rescale_aware_r2/summary.csv,results/ckks_tabular_profile_sweep_repeated/logs/tabular_sweep_iris_binary_linear_poly3_scale38_rescale_aware_r2.log
2026-06-25T17:25:53+09:00,iris_binary,linear_poly3,scale38,rescale_aware,3,tabular_sweep_iris_binary_linear_poly3_scale38_rescale_aware_r3,ok,0,results/ckks_tabular_inference/tabular_sweep_iris_binary_linear_poly3_scale38_rescale_aware_r3/summary.csv,results/ckks_tabular_profile_sweep_repeated/logs/tabular_sweep_iris_binary_linear_poly3_scale38_rescale_aware_r3.log
2026-06-25T17:25:58+09:00,iris_binary,linear_poly3,scale38,baseline_non_rescale,1,tabular_sweep_iris_binary_linear_poly3_scale38_baseline_non_rescale_r1,ok,0,results/ckks_tabular_inference/tabular_sweep_iris_binary_linear_poly3_scale38_baseline_non_rescale_r1/summary.csv,results/ckks_tabular_profile_sweep_repeated/logs/tabular_sweep_iris_binary_linear_poly3_scale38_baseline_non_rescale_r1.log
2026-06-25T17:26:02+09:00,iris_binary,linear_poly3,scale38,baseline_non_rescale,2,tabular_sweep_iris_binary_linear_poly3_scale38_baseline_non_rescale_r2,ok,0,results/ckks_tabular_inference/tabular_sweep_iris_binary_linear_poly3_scale38_baseline_non_rescale_r2/summary.csv,results/ckks_tabular_profile_sweep_repeated/logs/tabular_sweep_iris_binary_linear_poly3_scale38_baseline_non_rescale_r2.log
2026-06-25T17:26:07+09:00,iris_binary,linear_poly3,scale38,baseline_non_rescale,3,tabular_sweep_iris_binary_linear_poly3_scale38_baseline_non_rescale_r3,ok,0,results/ckks_tabular_inference/tabular_sweep_iris_binary_linear_poly3_scale38_baseline_non_rescale_r3/summary.csv,results/ckks_tabular_profile_sweep_repeated/logs/tabular_sweep_iris_binary_linear_poly3_scale38_baseline_non_rescale_r3.log
2026-06-25T17:26:11+09:00,iris_binary,linear_poly3,deep_chain_8_scale45,rescale_aware,1,tabular_sweep_iris_binary_linear_poly3_deep_chain_8_scale45_rescale_aware_r1,ok,0,results/ckks_tabular_inference/tabular_sweep_iris_binary_linear_poly3_deep_chain_8_scale45_rescale_aware_r1/summary.csv,results/ckks_tabular_profile_sweep_repeated/logs/tabular_sweep_iris_binary_linear_poly3_deep_chain_8_scale45_rescale_aware_r1.log
2026-06-25T17:26:21+09:00,iris_binary,linear_poly3,deep_chain_8_scale45,rescale_aware,2,tabular_sweep_iris_binary_linear_poly3_deep_chain_8_scale45_rescale_aware_r2,ok,0,results/ckks_tabular_inference/tabular_sweep_iris_binary_linear_poly3_deep_chain_8_scale45_rescale_aware_r2/summary.csv,results/ckks_tabular_profile_sweep_repeated/logs/tabular_sweep_iris_binary_linear_poly3_deep_chain_8_scale45_rescale_aware_r2.log
2026-06-25T17:26:30+09:00,iris_binary,linear_poly3,deep_chain_8_scale45,rescale_aware,3,tabular_sweep_iris_binary_linear_poly3_deep_chain_8_scale45_rescale_aware_r3,ok,0,results/ckks_tabular_inference/tabular_sweep_iris_binary_linear_poly3_deep_chain_8_scale45_rescale_aware_r3/summary.csv,results/ckks_tabular_profile_sweep_repeated/logs/tabular_sweep_iris_binary_linear_poly3_deep_chain_8_scale45_rescale_aware_r3.log
2026-06-25T17:26:40+09:00,iris_binary,linear_poly3,deep_chain_8_scale45,baseline_non_rescale,1,tabular_sweep_iris_binary_linear_poly3_deep_chain_8_scale45_baseline_non_rescale_r1,ok,0,results/ckks_tabular_inference/tabular_sweep_iris_binary_linear_poly3_deep_chain_8_scale45_baseline_non_rescale_r1/summary.csv,results/ckks_tabular_profile_sweep_repeated/logs/tabular_sweep_iris_binary_linear_poly3_deep_chain_8_scale45_baseline_non_rescale_r1.log
2026-06-25T17:26:50+09:00,iris_binary,linear_poly3,deep_chain_8_scale45,baseline_non_rescale,2,tabular_sweep_iris_binary_linear_poly3_deep_chain_8_scale45_baseline_non_rescale_r2,ok,0,results/ckks_tabular_inference/tabular_sweep_iris_binary_linear_poly3_deep_chain_8_scale45_baseline_non_rescale_r2/summary.csv,results/ckks_tabular_profile_sweep_repeated/logs/tabular_sweep_iris_binary_linear_poly3_deep_chain_8_scale45_baseline_non_rescale_r2.log
2026-06-25T17:27:00+09:00,iris_binary,linear_poly3,deep_chain_8_scale45,baseline_non_rescale,3,tabular_sweep_iris_binary_linear_poly3_deep_chain_8_scale45_baseline_non_rescale_r3,ok,0,results/ckks_tabular_inference/tabular_sweep_iris_binary_linear_poly3_deep_chain_8_scale45_baseline_non_rescale_r3/summary.csv,results/ckks_tabular_profile_sweep_repeated/logs/tabular_sweep_iris_binary_linear_poly3_deep_chain_8_scale45_baseline_non_rescale_r3.log
2026-06-25T17:27:11+09:00,iris_binary,linear_poly3,deep_chain_9_scale45,rescale_aware,1,tabular_sweep_iris_binary_linear_poly3_deep_chain_9_scale45_rescale_aware_r1,ok,0,results/ckks_tabular_inference/tabular_sweep_iris_binary_linear_poly3_deep_chain_9_scale45_rescale_aware_r1/summary.csv,results/ckks_tabular_profile_sweep_repeated/logs/tabular_sweep_iris_binary_linear_poly3_deep_chain_9_scale45_rescale_aware_r1.log
2026-06-25T17:27:22+09:00,iris_binary,linear_poly3,deep_chain_9_scale45,rescale_aware,2,tabular_sweep_iris_binary_linear_poly3_deep_chain_9_scale45_rescale_aware_r2,ok,0,results/ckks_tabular_inference/tabular_sweep_iris_binary_linear_poly3_deep_chain_9_scale45_rescale_aware_r2/summary.csv,results/ckks_tabular_profile_sweep_repeated/logs/tabular_sweep_iris_binary_linear_poly3_deep_chain_9_scale45_rescale_aware_r2.log
2026-06-25T17:27:33+09:00,iris_binary,linear_poly3,deep_chain_9_scale45,rescale_aware,3,tabular_sweep_iris_binary_linear_poly3_deep_chain_9_scale45_rescale_aware_r3,ok,0,results/ckks_tabular_inference/tabular_sweep_iris_binary_linear_poly3_deep_chain_9_scale45_rescale_aware_r3/summary.csv,results/ckks_tabular_profile_sweep_repeated/logs/tabular_sweep_iris_binary_linear_poly3_deep_chain_9_scale45_rescale_aware_r3.log
2026-06-25T17:27:44+09:00,iris_binary,linear_poly3,deep_chain_9_scale45,baseline_non_rescale,1,tabular_sweep_iris_binary_linear_poly3_deep_chain_9_scale45_baseline_non_rescale_r1,ok,0,results/ckks_tabular_inference/tabular_sweep_iris_binary_linear_poly3_deep_chain_9_scale45_baseline_non_rescale_r1/summary.csv,results/ckks_tabular_profile_sweep_repeated/logs/tabular_sweep_iris_binary_linear_poly3_deep_chain_9_scale45_baseline_non_rescale_r1.log
2026-06-25T17:27:56+09:00,iris_binary,linear_poly3,deep_chain_9_scale45,baseline_non_rescale,2,tabular_sweep_iris_binary_linear_poly3_deep_chain_9_scale45_baseline_non_rescale_r2,ok,0,results/ckks_tabular_inference/tabular_sweep_iris_binary_linear_poly3_deep_chain_9_scale45_baseline_non_rescale_r2/summary.csv,results/ckks_tabular_profile_sweep_repeated/logs/tabular_sweep_iris_binary_linear_poly3_deep_chain_9_scale45_baseline_non_rescale_r2.log
2026-06-25T17:28:08+09:00,iris_binary,linear_poly3,deep_chain_9_scale45,baseline_non_rescale,3,tabular_sweep_iris_binary_linear_poly3_deep_chain_9_scale45_baseline_non_rescale_r3,ok,0,results/ckks_tabular_inference/tabular_sweep_iris_binary_linear_poly3_deep_chain_9_scale45_baseline_non_rescale_r3/summary.csv,results/ckks_tabular_profile_sweep_repeated/logs/tabular_sweep_iris_binary_linear_poly3_deep_chain_9_scale45_baseline_non_rescale_r3.log
2026-06-25T17:28:20+09:00,iris_binary,linear_poly3,short_chain_6_scale42,rescale_aware,1,tabular_sweep_iris_binary_linear_poly3_short_chain_6_scale42_rescale_aware_r1,ok,0,results/ckks_tabular_inference/tabular_sweep_iris_binary_linear_poly3_short_chain_6_scale42_rescale_aware_r1/summary.csv,results/ckks_tabular_profile_sweep_repeated/logs/tabular_sweep_iris_binary_linear_poly3_short_chain_6_scale42_rescale_aware_r1.log
2026-06-25T17:28:23+09:00,iris_binary,linear_poly3,short_chain_6_scale42,rescale_aware,2,tabular_sweep_iris_binary_linear_poly3_short_chain_6_scale42_rescale_aware_r2,ok,0,results/ckks_tabular_inference/tabular_sweep_iris_binary_linear_poly3_short_chain_6_scale42_rescale_aware_r2/summary.csv,results/ckks_tabular_profile_sweep_repeated/logs/tabular_sweep_iris_binary_linear_poly3_short_chain_6_scale42_rescale_aware_r2.log
2026-06-25T17:28:26+09:00,iris_binary,linear_poly3,short_chain_6_scale42,rescale_aware,3,tabular_sweep_iris_binary_linear_poly3_short_chain_6_scale42_rescale_aware_r3,ok,0,results/ckks_tabular_inference/tabular_sweep_iris_binary_linear_poly3_short_chain_6_scale42_rescale_aware_r3/summary.csv,results/ckks_tabular_profile_sweep_repeated/logs/tabular_sweep_iris_binary_linear_poly3_short_chain_6_scale42_rescale_aware_r3.log
2026-06-25T17:28:30+09:00,iris_binary,linear_poly3,short_chain_6_scale42,baseline_non_rescale,1,tabular_sweep_iris_binary_linear_poly3_short_chain_6_scale42_baseline_non_rescale_r1,ok,0,results/ckks_tabular_inference/tabular_sweep_iris_binary_linear_poly3_short_chain_6_scale42_baseline_non_rescale_r1/summary.csv,results/ckks_tabular_profile_sweep_repeated/logs/tabular_sweep_iris_binary_linear_poly3_short_chain_6_scale42_baseline_non_rescale_r1.log
2026-06-25T17:28:33+09:00,iris_binary,linear_poly3,short_chain_6_scale42,baseline_non_rescale,2,tabular_sweep_iris_binary_linear_poly3_short_chain_6_scale42_baseline_non_rescale_r2,ok,0,results/ckks_tabular_inference/tabular_sweep_iris_binary_linear_poly3_short_chain_6_scale42_baseline_non_rescale_r2/summary.csv,results/ckks_tabular_profile_sweep_repeated/logs/tabular_sweep_iris_binary_linear_poly3_short_chain_6_scale42_baseline_non_rescale_r2.log
2026-06-25T17:28:37+09:00,iris_binary,linear_poly3,short_chain_6_scale42,baseline_non_rescale,3,tabular_sweep_iris_binary_linear_poly3_short_chain_6_scale42_baseline_non_rescale_r3,ok,0,results/ckks_tabular_inference/tabular_sweep_iris_binary_linear_poly3_short_chain_6_scale42_baseline_non_rescale_r3/summary.csv,results/ckks_tabular_profile_sweep_repeated/logs/tabular_sweep_iris_binary_linear_poly3_short_chain_6_scale42_baseline_non_rescale_r3.log
2026-06-25T17:28:41+09:00,iris_binary,linear_poly3,short_chain_6_scale40,rescale_aware,1,tabular_sweep_iris_binary_linear_poly3_short_chain_6_scale40_rescale_aware_r1,ok,0,results/ckks_tabular_inference/tabular_sweep_iris_binary_linear_poly3_short_chain_6_scale40_rescale_aware_r1/summary.csv,results/ckks_tabular_profile_sweep_repeated/logs/tabular_sweep_iris_binary_linear_poly3_short_chain_6_scale40_rescale_aware_r1.log
2026-06-25T17:28:45+09:00,iris_binary,linear_poly3,short_chain_6_scale40,rescale_aware,2,tabular_sweep_iris_binary_linear_poly3_short_chain_6_scale40_rescale_aware_r2,ok,0,results/ckks_tabular_inference/tabular_sweep_iris_binary_linear_poly3_short_chain_6_scale40_rescale_aware_r2/summary.csv,results/ckks_tabular_profile_sweep_repeated/logs/tabular_sweep_iris_binary_linear_poly3_short_chain_6_scale40_rescale_aware_r2.log
2026-06-25T17:28:48+09:00,iris_binary,linear_poly3,short_chain_6_scale40,rescale_aware,3,tabular_sweep_iris_binary_linear_poly3_short_chain_6_scale40_rescale_aware_r3,ok,0,results/ckks_tabular_inference/tabular_sweep_iris_binary_linear_poly3_short_chain_6_scale40_rescale_aware_r3/summary.csv,results/ckks_tabular_profile_sweep_repeated/logs/tabular_sweep_iris_binary_linear_poly3_short_chain_6_scale40_rescale_aware_r3.log
2026-06-25T17:28:51+09:00,iris_binary,linear_poly3,short_chain_6_scale40,baseline_non_rescale,1,tabular_sweep_iris_binary_linear_poly3_short_chain_6_scale40_baseline_non_rescale_r1,ok,0,results/ckks_tabular_inference/tabular_sweep_iris_binary_linear_poly3_short_chain_6_scale40_baseline_non_rescale_r1/summary.csv,results/ckks_tabular_profile_sweep_repeated/logs/tabular_sweep_iris_binary_linear_poly3_short_chain_6_scale40_baseline_non_rescale_r1.log
2026-06-25T17:28:55+09:00,iris_binary,linear_poly3,short_chain_6_scale40,baseline_non_rescale,2,tabular_sweep_iris_binary_linear_poly3_short_chain_6_scale40_baseline_non_rescale_r2,ok,0,results/ckks_tabular_inference/tabular_sweep_iris_binary_linear_poly3_short_chain_6_scale40_baseline_non_rescale_r2/summary.csv,results/ckks_tabular_profile_sweep_repeated/logs/tabular_sweep_iris_binary_linear_poly3_short_chain_6_scale40_baseline_non_rescale_r2.log
2026-06-25T17:28:59+09:00,iris_binary,linear_poly3,short_chain_6_scale40,baseline_non_rescale,3,tabular_sweep_iris_binary_linear_poly3_short_chain_6_scale40_baseline_non_rescale_r3,ok,0,results/ckks_tabular_inference/tabular_sweep_iris_binary_linear_poly3_short_chain_6_scale40_baseline_non_rescale_r3/summary.csv,results/ckks_tabular_profile_sweep_repeated/logs/tabular_sweep_iris_binary_linear_poly3_short_chain_6_scale40_baseline_non_rescale_r3.log
2026-06-25T17:29:03+09:00,iris_binary,linear_poly3,short_chain_6_scale38,rescale_aware,1,tabular_sweep_iris_binary_linear_poly3_short_chain_6_scale38_rescale_aware_r1,ok,0,results/ckks_tabular_inference/tabular_sweep_iris_binary_linear_poly3_short_chain_6_scale38_rescale_aware_r1/summary.csv,results/ckks_tabular_profile_sweep_repeated/logs/tabular_sweep_iris_binary_linear_poly3_short_chain_6_scale38_rescale_aware_r1.log
2026-06-25T17:29:06+09:00,iris_binary,linear_poly3,short_chain_6_scale38,rescale_aware,2,tabular_sweep_iris_binary_linear_poly3_short_chain_6_scale38_rescale_aware_r2,ok,0,results/ckks_tabular_inference/tabular_sweep_iris_binary_linear_poly3_short_chain_6_scale38_rescale_aware_r2/summary.csv,results/ckks_tabular_profile_sweep_repeated/logs/tabular_sweep_iris_binary_linear_poly3_short_chain_6_scale38_rescale_aware_r2.log
2026-06-25T17:29:10+09:00,iris_binary,linear_poly3,short_chain_6_scale38,rescale_aware,3,tabular_sweep_iris_binary_linear_poly3_short_chain_6_scale38_rescale_aware_r3,ok,0,results/ckks_tabular_inference/tabular_sweep_iris_binary_linear_poly3_short_chain_6_scale38_rescale_aware_r3/summary.csv,results/ckks_tabular_profile_sweep_repeated/logs/tabular_sweep_iris_binary_linear_poly3_short_chain_6_scale38_rescale_aware_r3.log
2026-06-25T17:29:13+09:00,iris_binary,linear_poly3,short_chain_6_scale38,baseline_non_rescale,1,tabular_sweep_iris_binary_linear_poly3_short_chain_6_scale38_baseline_non_rescale_r1,ok,0,results/ckks_tabular_inference/tabular_sweep_iris_binary_linear_poly3_short_chain_6_scale38_baseline_non_rescale_r1/summary.csv,results/ckks_tabular_profile_sweep_repeated/logs/tabular_sweep_iris_binary_linear_poly3_short_chain_6_scale38_baseline_non_rescale_r1.log
2026-06-25T17:29:17+09:00,iris_binary,linear_poly3,short_chain_6_scale38,baseline_non_rescale,2,tabular_sweep_iris_binary_linear_poly3_short_chain_6_scale38_baseline_non_rescale_r2,ok,0,results/ckks_tabular_inference/tabular_sweep_iris_binary_linear_poly3_short_chain_6_scale38_baseline_non_rescale_r2/summary.csv,results/ckks_tabular_profile_sweep_repeated/logs/tabular_sweep_iris_binary_linear_poly3_short_chain_6_scale38_baseline_non_rescale_r2.log
2026-06-25T17:29:21+09:00,iris_binary,linear_poly3,short_chain_6_scale38,baseline_non_rescale,3,tabular_sweep_iris_binary_linear_poly3_short_chain_6_scale38_baseline_non_rescale_r3,ok,0,results/ckks_tabular_inference/tabular_sweep_iris_binary_linear_poly3_short_chain_6_scale38_baseline_non_rescale_r3/summary.csv,results/ckks_tabular_profile_sweep_repeated/logs/tabular_sweep_iris_binary_linear_poly3_short_chain_6_scale38_baseline_non_rescale_r3.log
2026-06-25T17:29:25+09:00,iris_binary,linear_poly3,short_chain_5,rescale_aware,1,tabular_sweep_iris_binary_linear_poly3_short_chain_5_rescale_aware_r1,failed,1,results/ckks_tabular_inference/tabular_sweep_iris_binary_linear_poly3_short_chain_5_rescale_aware_r1/summary.csv,results/ckks_tabular_profile_sweep_repeated/logs/tabular_sweep_iris_binary_linear_poly3_short_chain_5_rescale_aware_r1.log
2026-06-25T17:29:25+09:00,iris_binary,linear_poly3,short_chain_5,rescale_aware,2,tabular_sweep_iris_binary_linear_poly3_short_chain_5_rescale_aware_r2,failed,1,results/ckks_tabular_inference/tabular_sweep_iris_binary_linear_poly3_short_chain_5_rescale_aware_r2/summary.csv,results/ckks_tabular_profile_sweep_repeated/logs/tabular_sweep_iris_binary_linear_poly3_short_chain_5_rescale_aware_r2.log
2026-06-25T17:29:26+09:00,iris_binary,linear_poly3,short_chain_5,rescale_aware,3,tabular_sweep_iris_binary_linear_poly3_short_chain_5_rescale_aware_r3,failed,1,results/ckks_tabular_inference/tabular_sweep_iris_binary_linear_poly3_short_chain_5_rescale_aware_r3/summary.csv,results/ckks_tabular_profile_sweep_repeated/logs/tabular_sweep_iris_binary_linear_poly3_short_chain_5_rescale_aware_r3.log
2026-06-25T17:29:26+09:00,iris_binary,linear_poly3,short_chain_5,baseline_non_rescale,1,tabular_sweep_iris_binary_linear_poly3_short_chain_5_baseline_non_rescale_r1,ok,0,results/ckks_tabular_inference/tabular_sweep_iris_binary_linear_poly3_short_chain_5_baseline_non_rescale_r1/summary.csv,results/ckks_tabular_profile_sweep_repeated/logs/tabular_sweep_iris_binary_linear_poly3_short_chain_5_baseline_non_rescale_r1.log
2026-06-25T17:29:29+09:00,iris_binary,linear_poly3,short_chain_5,baseline_non_rescale,2,tabular_sweep_iris_binary_linear_poly3_short_chain_5_baseline_non_rescale_r2,ok,0,results/ckks_tabular_inference/tabular_sweep_iris_binary_linear_poly3_short_chain_5_baseline_non_rescale_r2/summary.csv,results/ckks_tabular_profile_sweep_repeated/logs/tabular_sweep_iris_binary_linear_poly3_short_chain_5_baseline_non_rescale_r2.log
2026-06-25T17:29:33+09:00,iris_binary,linear_poly3,short_chain_5,baseline_non_rescale,3,tabular_sweep_iris_binary_linear_poly3_short_chain_5_baseline_non_rescale_r3,ok,0,results/ckks_tabular_inference/tabular_sweep_iris_binary_linear_poly3_short_chain_5_baseline_non_rescale_r3/summary.csv,results/ckks_tabular_profile_sweep_repeated/logs/tabular_sweep_iris_binary_linear_poly3_short_chain_5_baseline_non_rescale_r3.log
2026-06-25T17:29:36+09:00,iris_binary,linear_poly3,short_chain_3,rescale_aware,1,tabular_sweep_iris_binary_linear_poly3_short_chain_3_rescale_aware_r1,failed,1,results/ckks_tabular_inference/tabular_sweep_iris_binary_linear_poly3_short_chain_3_rescale_aware_r1/summary.csv,results/ckks_tabular_profile_sweep_repeated/logs/tabular_sweep_iris_binary_linear_poly3_short_chain_3_rescale_aware_r1.log
2026-06-25T17:29:36+09:00,iris_binary,linear_poly3,short_chain_3,rescale_aware,2,tabular_sweep_iris_binary_linear_poly3_short_chain_3_rescale_aware_r2,failed,1,results/ckks_tabular_inference/tabular_sweep_iris_binary_linear_poly3_short_chain_3_rescale_aware_r2/summary.csv,results/ckks_tabular_profile_sweep_repeated/logs/tabular_sweep_iris_binary_linear_poly3_short_chain_3_rescale_aware_r2.log
2026-06-25T17:29:36+09:00,iris_binary,linear_poly3,short_chain_3,rescale_aware,3,tabular_sweep_iris_binary_linear_poly3_short_chain_3_rescale_aware_r3,failed,1,results/ckks_tabular_inference/tabular_sweep_iris_binary_linear_poly3_short_chain_3_rescale_aware_r3/summary.csv,results/ckks_tabular_profile_sweep_repeated/logs/tabular_sweep_iris_binary_linear_poly3_short_chain_3_rescale_aware_r3.log
2026-06-25T17:29:37+09:00,iris_binary,linear_poly3,short_chain_3,baseline_non_rescale,1,tabular_sweep_iris_binary_linear_poly3_short_chain_3_baseline_non_rescale_r1,ok,0,results/ckks_tabular_inference/tabular_sweep_iris_binary_linear_poly3_short_chain_3_baseline_non_rescale_r1/summary.csv,results/ckks_tabular_profile_sweep_repeated/logs/tabular_sweep_iris_binary_linear_poly3_short_chain_3_baseline_non_rescale_r1.log
2026-06-25T17:29:39+09:00,iris_binary,linear_poly3,short_chain_3,baseline_non_rescale,2,tabular_sweep_iris_binary_linear_poly3_short_chain_3_baseline_non_rescale_r2,ok,0,results/ckks_tabular_inference/tabular_sweep_iris_binary_linear_poly3_short_chain_3_baseline_non_rescale_r2/summary.csv,results/ckks_tabular_profile_sweep_repeated/logs/tabular_sweep_iris_binary_linear_poly3_short_chain_3_baseline_non_rescale_r2.log
2026-06-25T17:29:41+09:00,iris_binary,linear_poly3,short_chain_3,baseline_non_rescale,3,tabular_sweep_iris_binary_linear_poly3_short_chain_3_baseline_non_rescale_r3,ok,0,results/ckks_tabular_inference/tabular_sweep_iris_binary_linear_poly3_short_chain_3_baseline_non_rescale_r3/summary.csv,results/ckks_tabular_profile_sweep_repeated/logs/tabular_sweep_iris_binary_linear_poly3_short_chain_3_baseline_non_rescale_r3.log
2026-06-25T17:29:44+09:00,iris_binary,mlp_square_linear_score,default,rescale_aware,1,tabular_sweep_iris_binary_mlp_square_linear_score_default_rescale_aware_r1,ok,0,results/ckks_tabular_inference/tabular_sweep_iris_binary_mlp_square_linear_score_default_rescale_aware_r1/summary.csv,results/ckks_tabular_profile_sweep_repeated/logs/tabular_sweep_iris_binary_mlp_square_linear_score_default_rescale_aware_r1.log
2026-06-25T17:29:50+09:00,iris_binary,mlp_square_linear_score,default,rescale_aware,2,tabular_sweep_iris_binary_mlp_square_linear_score_default_rescale_aware_r2,ok,0,results/ckks_tabular_inference/tabular_sweep_iris_binary_mlp_square_linear_score_default_rescale_aware_r2/summary.csv,results/ckks_tabular_profile_sweep_repeated/logs/tabular_sweep_iris_binary_mlp_square_linear_score_default_rescale_aware_r2.log
2026-06-25T17:29:56+09:00,iris_binary,mlp_square_linear_score,default,rescale_aware,3,tabular_sweep_iris_binary_mlp_square_linear_score_default_rescale_aware_r3,ok,0,results/ckks_tabular_inference/tabular_sweep_iris_binary_mlp_square_linear_score_default_rescale_aware_r3/summary.csv,results/ckks_tabular_profile_sweep_repeated/logs/tabular_sweep_iris_binary_mlp_square_linear_score_default_rescale_aware_r3.log
2026-06-25T17:30:03+09:00,iris_binary,mlp_square_linear_score,default,baseline_non_rescale,1,tabular_sweep_iris_binary_mlp_square_linear_score_default_baseline_non_rescale_r1,ok,0,results/ckks_tabular_inference/tabular_sweep_iris_binary_mlp_square_linear_score_default_baseline_non_rescale_r1/summary.csv,results/ckks_tabular_profile_sweep_repeated/logs/tabular_sweep_iris_binary_mlp_square_linear_score_default_baseline_non_rescale_r1.log
2026-06-25T17:30:09+09:00,iris_binary,mlp_square_linear_score,default,baseline_non_rescale,2,tabular_sweep_iris_binary_mlp_square_linear_score_default_baseline_non_rescale_r2,ok,0,results/ckks_tabular_inference/tabular_sweep_iris_binary_mlp_square_linear_score_default_baseline_non_rescale_r2/summary.csv,results/ckks_tabular_profile_sweep_repeated/logs/tabular_sweep_iris_binary_mlp_square_linear_score_default_baseline_non_rescale_r2.log
2026-06-25T17:30:15+09:00,iris_binary,mlp_square_linear_score,default,baseline_non_rescale,3,tabular_sweep_iris_binary_mlp_square_linear_score_default_baseline_non_rescale_r3,ok,0,results/ckks_tabular_inference/tabular_sweep_iris_binary_mlp_square_linear_score_default_baseline_non_rescale_r3/summary.csv,results/ckks_tabular_profile_sweep_repeated/logs/tabular_sweep_iris_binary_mlp_square_linear_score_default_baseline_non_rescale_r3.log
2026-06-25T17:30:21+09:00,iris_binary,mlp_square_linear_score,scale42,rescale_aware,1,tabular_sweep_iris_binary_mlp_square_linear_score_scale42_rescale_aware_r1,ok,0,results/ckks_tabular_inference/tabular_sweep_iris_binary_mlp_square_linear_score_scale42_rescale_aware_r1/summary.csv,results/ckks_tabular_profile_sweep_repeated/logs/tabular_sweep_iris_binary_mlp_square_linear_score_scale42_rescale_aware_r1.log
2026-06-25T17:30:28+09:00,iris_binary,mlp_square_linear_score,scale42,rescale_aware,2,tabular_sweep_iris_binary_mlp_square_linear_score_scale42_rescale_aware_r2,ok,0,results/ckks_tabular_inference/tabular_sweep_iris_binary_mlp_square_linear_score_scale42_rescale_aware_r2/summary.csv,results/ckks_tabular_profile_sweep_repeated/logs/tabular_sweep_iris_binary_mlp_square_linear_score_scale42_rescale_aware_r2.log
2026-06-25T17:30:34+09:00,iris_binary,mlp_square_linear_score,scale42,rescale_aware,3,tabular_sweep_iris_binary_mlp_square_linear_score_scale42_rescale_aware_r3,ok,0,results/ckks_tabular_inference/tabular_sweep_iris_binary_mlp_square_linear_score_scale42_rescale_aware_r3/summary.csv,results/ckks_tabular_profile_sweep_repeated/logs/tabular_sweep_iris_binary_mlp_square_linear_score_scale42_rescale_aware_r3.log
2026-06-25T17:30:41+09:00,iris_binary,mlp_square_linear_score,scale42,baseline_non_rescale,1,tabular_sweep_iris_binary_mlp_square_linear_score_scale42_baseline_non_rescale_r1,ok,0,results/ckks_tabular_inference/tabular_sweep_iris_binary_mlp_square_linear_score_scale42_baseline_non_rescale_r1/summary.csv,results/ckks_tabular_profile_sweep_repeated/logs/tabular_sweep_iris_binary_mlp_square_linear_score_scale42_baseline_non_rescale_r1.log
2026-06-25T17:30:47+09:00,iris_binary,mlp_square_linear_score,scale42,baseline_non_rescale,2,tabular_sweep_iris_binary_mlp_square_linear_score_scale42_baseline_non_rescale_r2,ok,0,results/ckks_tabular_inference/tabular_sweep_iris_binary_mlp_square_linear_score_scale42_baseline_non_rescale_r2/summary.csv,results/ckks_tabular_profile_sweep_repeated/logs/tabular_sweep_iris_binary_mlp_square_linear_score_scale42_baseline_non_rescale_r2.log
2026-06-25T17:30:53+09:00,iris_binary,mlp_square_linear_score,scale42,baseline_non_rescale,3,tabular_sweep_iris_binary_mlp_square_linear_score_scale42_baseline_non_rescale_r3,ok,0,results/ckks_tabular_inference/tabular_sweep_iris_binary_mlp_square_linear_score_scale42_baseline_non_rescale_r3/summary.csv,results/ckks_tabular_profile_sweep_repeated/logs/tabular_sweep_iris_binary_mlp_square_linear_score_scale42_baseline_non_rescale_r3.log
2026-06-25T17:30:59+09:00,iris_binary,mlp_square_linear_score,scale40,rescale_aware,1,tabular_sweep_iris_binary_mlp_square_linear_score_scale40_rescale_aware_r1,ok,0,results/ckks_tabular_inference/tabular_sweep_iris_binary_mlp_square_linear_score_scale40_rescale_aware_r1/summary.csv,results/ckks_tabular_profile_sweep_repeated/logs/tabular_sweep_iris_binary_mlp_square_linear_score_scale40_rescale_aware_r1.log
2026-06-25T17:31:06+09:00,iris_binary,mlp_square_linear_score,scale40,rescale_aware,2,tabular_sweep_iris_binary_mlp_square_linear_score_scale40_rescale_aware_r2,ok,0,results/ckks_tabular_inference/tabular_sweep_iris_binary_mlp_square_linear_score_scale40_rescale_aware_r2/summary.csv,results/ckks_tabular_profile_sweep_repeated/logs/tabular_sweep_iris_binary_mlp_square_linear_score_scale40_rescale_aware_r2.log
2026-06-25T17:31:12+09:00,iris_binary,mlp_square_linear_score,scale40,rescale_aware,3,tabular_sweep_iris_binary_mlp_square_linear_score_scale40_rescale_aware_r3,ok,0,results/ckks_tabular_inference/tabular_sweep_iris_binary_mlp_square_linear_score_scale40_rescale_aware_r3/summary.csv,results/ckks_tabular_profile_sweep_repeated/logs/tabular_sweep_iris_binary_mlp_square_linear_score_scale40_rescale_aware_r3.log
2026-06-25T17:31:19+09:00,iris_binary,mlp_square_linear_score,scale40,baseline_non_rescale,1,tabular_sweep_iris_binary_mlp_square_linear_score_scale40_baseline_non_rescale_r1,ok,0,results/ckks_tabular_inference/tabular_sweep_iris_binary_mlp_square_linear_score_scale40_baseline_non_rescale_r1/summary.csv,results/ckks_tabular_profile_sweep_repeated/logs/tabular_sweep_iris_binary_mlp_square_linear_score_scale40_baseline_non_rescale_r1.log
2026-06-25T17:31:25+09:00,iris_binary,mlp_square_linear_score,scale40,baseline_non_rescale,2,tabular_sweep_iris_binary_mlp_square_linear_score_scale40_baseline_non_rescale_r2,ok,0,results/ckks_tabular_inference/tabular_sweep_iris_binary_mlp_square_linear_score_scale40_baseline_non_rescale_r2/summary.csv,results/ckks_tabular_profile_sweep_repeated/logs/tabular_sweep_iris_binary_mlp_square_linear_score_scale40_baseline_non_rescale_r2.log
2026-06-25T17:31:31+09:00,iris_binary,mlp_square_linear_score,scale40,baseline_non_rescale,3,tabular_sweep_iris_binary_mlp_square_linear_score_scale40_baseline_non_rescale_r3,ok,0,results/ckks_tabular_inference/tabular_sweep_iris_binary_mlp_square_linear_score_scale40_baseline_non_rescale_r3/summary.csv,results/ckks_tabular_profile_sweep_repeated/logs/tabular_sweep_iris_binary_mlp_square_linear_score_scale40_baseline_non_rescale_r3.log
2026-06-25T17:31:37+09:00,iris_binary,mlp_square_linear_score,scale38,rescale_aware,1,tabular_sweep_iris_binary_mlp_square_linear_score_scale38_rescale_aware_r1,ok,0,results/ckks_tabular_inference/tabular_sweep_iris_binary_mlp_square_linear_score_scale38_rescale_aware_r1/summary.csv,results/ckks_tabular_profile_sweep_repeated/logs/tabular_sweep_iris_binary_mlp_square_linear_score_scale38_rescale_aware_r1.log
2026-06-25T17:31:44+09:00,iris_binary,mlp_square_linear_score,scale38,rescale_aware,2,tabular_sweep_iris_binary_mlp_square_linear_score_scale38_rescale_aware_r2,ok,0,results/ckks_tabular_inference/tabular_sweep_iris_binary_mlp_square_linear_score_scale38_rescale_aware_r2/summary.csv,results/ckks_tabular_profile_sweep_repeated/logs/tabular_sweep_iris_binary_mlp_square_linear_score_scale38_rescale_aware_r2.log
2026-06-25T17:31:50+09:00,iris_binary,mlp_square_linear_score,scale38,rescale_aware,3,tabular_sweep_iris_binary_mlp_square_linear_score_scale38_rescale_aware_r3,ok,0,results/ckks_tabular_inference/tabular_sweep_iris_binary_mlp_square_linear_score_scale38_rescale_aware_r3/summary.csv,results/ckks_tabular_profile_sweep_repeated/logs/tabular_sweep_iris_binary_mlp_square_linear_score_scale38_rescale_aware_r3.log
2026-06-25T17:31:57+09:00,iris_binary,mlp_square_linear_score,scale38,baseline_non_rescale,1,tabular_sweep_iris_binary_mlp_square_linear_score_scale38_baseline_non_rescale_r1,ok,0,results/ckks_tabular_inference/tabular_sweep_iris_binary_mlp_square_linear_score_scale38_baseline_non_rescale_r1/summary.csv,results/ckks_tabular_profile_sweep_repeated/logs/tabular_sweep_iris_binary_mlp_square_linear_score_scale38_baseline_non_rescale_r1.log
2026-06-25T17:32:03+09:00,iris_binary,mlp_square_linear_score,scale38,baseline_non_rescale,2,tabular_sweep_iris_binary_mlp_square_linear_score_scale38_baseline_non_rescale_r2,ok,0,results/ckks_tabular_inference/tabular_sweep_iris_binary_mlp_square_linear_score_scale38_baseline_non_rescale_r2/summary.csv,results/ckks_tabular_profile_sweep_repeated/logs/tabular_sweep_iris_binary_mlp_square_linear_score_scale38_baseline_non_rescale_r2.log
2026-06-25T17:32:09+09:00,iris_binary,mlp_square_linear_score,scale38,baseline_non_rescale,3,tabular_sweep_iris_binary_mlp_square_linear_score_scale38_baseline_non_rescale_r3,ok,0,results/ckks_tabular_inference/tabular_sweep_iris_binary_mlp_square_linear_score_scale38_baseline_non_rescale_r3/summary.csv,results/ckks_tabular_profile_sweep_repeated/logs/tabular_sweep_iris_binary_mlp_square_linear_score_scale38_baseline_non_rescale_r3.log
2026-06-25T17:32:15+09:00,iris_binary,mlp_square_linear_score,deep_chain_8_scale45,rescale_aware,1,tabular_sweep_iris_binary_mlp_square_linear_score_deep_chain_8_scale45_rescale_aware_r1,ok,0,results/ckks_tabular_inference/tabular_sweep_iris_binary_mlp_square_linear_score_deep_chain_8_scale45_rescale_aware_r1/summary.csv,results/ckks_tabular_profile_sweep_repeated/logs/tabular_sweep_iris_binary_mlp_square_linear_score_deep_chain_8_scale45_rescale_aware_r1.log
2026-06-25T17:32:30+09:00,iris_binary,mlp_square_linear_score,deep_chain_8_scale45,rescale_aware,2,tabular_sweep_iris_binary_mlp_square_linear_score_deep_chain_8_scale45_rescale_aware_r2,ok,0,results/ckks_tabular_inference/tabular_sweep_iris_binary_mlp_square_linear_score_deep_chain_8_scale45_rescale_aware_r2/summary.csv,results/ckks_tabular_profile_sweep_repeated/logs/tabular_sweep_iris_binary_mlp_square_linear_score_deep_chain_8_scale45_rescale_aware_r2.log
2026-06-25T17:32:44+09:00,iris_binary,mlp_square_linear_score,deep_chain_8_scale45,rescale_aware,3,tabular_sweep_iris_binary_mlp_square_linear_score_deep_chain_8_scale45_rescale_aware_r3,ok,0,results/ckks_tabular_inference/tabular_sweep_iris_binary_mlp_square_linear_score_deep_chain_8_scale45_rescale_aware_r3/summary.csv,results/ckks_tabular_profile_sweep_repeated/logs/tabular_sweep_iris_binary_mlp_square_linear_score_deep_chain_8_scale45_rescale_aware_r3.log
2026-06-25T17:32:58+09:00,iris_binary,mlp_square_linear_score,deep_chain_8_scale45,baseline_non_rescale,1,tabular_sweep_iris_binary_mlp_square_linear_score_deep_chain_8_scale45_baseline_non_rescale_r1,ok,0,results/ckks_tabular_inference/tabular_sweep_iris_binary_mlp_square_linear_score_deep_chain_8_scale45_baseline_non_rescale_r1/summary.csv,results/ckks_tabular_profile_sweep_repeated/logs/tabular_sweep_iris_binary_mlp_square_linear_score_deep_chain_8_scale45_baseline_non_rescale_r1.log
2026-06-25T17:33:13+09:00,iris_binary,mlp_square_linear_score,deep_chain_8_scale45,baseline_non_rescale,2,tabular_sweep_iris_binary_mlp_square_linear_score_deep_chain_8_scale45_baseline_non_rescale_r2,ok,0,results/ckks_tabular_inference/tabular_sweep_iris_binary_mlp_square_linear_score_deep_chain_8_scale45_baseline_non_rescale_r2/summary.csv,results/ckks_tabular_profile_sweep_repeated/logs/tabular_sweep_iris_binary_mlp_square_linear_score_deep_chain_8_scale45_baseline_non_rescale_r2.log
2026-06-25T17:33:27+09:00,iris_binary,mlp_square_linear_score,deep_chain_8_scale45,baseline_non_rescale,3,tabular_sweep_iris_binary_mlp_square_linear_score_deep_chain_8_scale45_baseline_non_rescale_r3,ok,0,results/ckks_tabular_inference/tabular_sweep_iris_binary_mlp_square_linear_score_deep_chain_8_scale45_baseline_non_rescale_r3/summary.csv,results/ckks_tabular_profile_sweep_repeated/logs/tabular_sweep_iris_binary_mlp_square_linear_score_deep_chain_8_scale45_baseline_non_rescale_r3.log
2026-06-25T17:33:40+09:00,iris_binary,mlp_square_linear_score,deep_chain_9_scale45,rescale_aware,1,tabular_sweep_iris_binary_mlp_square_linear_score_deep_chain_9_scale45_rescale_aware_r1,ok,0,results/ckks_tabular_inference/tabular_sweep_iris_binary_mlp_square_linear_score_deep_chain_9_scale45_rescale_aware_r1/summary.csv,results/ckks_tabular_profile_sweep_repeated/logs/tabular_sweep_iris_binary_mlp_square_linear_score_deep_chain_9_scale45_rescale_aware_r1.log
2026-06-25T17:33:58+09:00,iris_binary,mlp_square_linear_score,deep_chain_9_scale45,rescale_aware,2,tabular_sweep_iris_binary_mlp_square_linear_score_deep_chain_9_scale45_rescale_aware_r2,ok,0,results/ckks_tabular_inference/tabular_sweep_iris_binary_mlp_square_linear_score_deep_chain_9_scale45_rescale_aware_r2/summary.csv,results/ckks_tabular_profile_sweep_repeated/logs/tabular_sweep_iris_binary_mlp_square_linear_score_deep_chain_9_scale45_rescale_aware_r2.log
2026-06-25T17:34:16+09:00,iris_binary,mlp_square_linear_score,deep_chain_9_scale45,rescale_aware,3,tabular_sweep_iris_binary_mlp_square_linear_score_deep_chain_9_scale45_rescale_aware_r3,ok,0,results/ckks_tabular_inference/tabular_sweep_iris_binary_mlp_square_linear_score_deep_chain_9_scale45_rescale_aware_r3/summary.csv,results/ckks_tabular_profile_sweep_repeated/logs/tabular_sweep_iris_binary_mlp_square_linear_score_deep_chain_9_scale45_rescale_aware_r3.log
2026-06-25T17:34:33+09:00,iris_binary,mlp_square_linear_score,deep_chain_9_scale45,baseline_non_rescale,1,tabular_sweep_iris_binary_mlp_square_linear_score_deep_chain_9_scale45_baseline_non_rescale_r1,ok,0,results/ckks_tabular_inference/tabular_sweep_iris_binary_mlp_square_linear_score_deep_chain_9_scale45_baseline_non_rescale_r1/summary.csv,results/ckks_tabular_profile_sweep_repeated/logs/tabular_sweep_iris_binary_mlp_square_linear_score_deep_chain_9_scale45_baseline_non_rescale_r1.log
2026-06-25T17:34:50+09:00,iris_binary,mlp_square_linear_score,deep_chain_9_scale45,baseline_non_rescale,2,tabular_sweep_iris_binary_mlp_square_linear_score_deep_chain_9_scale45_baseline_non_rescale_r2,ok,0,results/ckks_tabular_inference/tabular_sweep_iris_binary_mlp_square_linear_score_deep_chain_9_scale45_baseline_non_rescale_r2/summary.csv,results/ckks_tabular_profile_sweep_repeated/logs/tabular_sweep_iris_binary_mlp_square_linear_score_deep_chain_9_scale45_baseline_non_rescale_r2.log
2026-06-25T17:35:06+09:00,iris_binary,mlp_square_linear_score,deep_chain_9_scale45,baseline_non_rescale,3,tabular_sweep_iris_binary_mlp_square_linear_score_deep_chain_9_scale45_baseline_non_rescale_r3,ok,0,results/ckks_tabular_inference/tabular_sweep_iris_binary_mlp_square_linear_score_deep_chain_9_scale45_baseline_non_rescale_r3/summary.csv,results/ckks_tabular_profile_sweep_repeated/logs/tabular_sweep_iris_binary_mlp_square_linear_score_deep_chain_9_scale45_baseline_non_rescale_r3.log
2026-06-25T17:35:23+09:00,iris_binary,mlp_square_linear_score,short_chain_6_scale42,rescale_aware,1,tabular_sweep_iris_binary_mlp_square_linear_score_short_chain_6_scale42_rescale_aware_r1,ok,0,results/ckks_tabular_inference/tabular_sweep_iris_binary_mlp_square_linear_score_short_chain_6_scale42_rescale_aware_r1/summary.csv,results/ckks_tabular_profile_sweep_repeated/logs/tabular_sweep_iris_binary_mlp_square_linear_score_short_chain_6_scale42_rescale_aware_r1.log
2026-06-25T17:35:28+09:00,iris_binary,mlp_square_linear_score,short_chain_6_scale42,rescale_aware,2,tabular_sweep_iris_binary_mlp_square_linear_score_short_chain_6_scale42_rescale_aware_r2,ok,0,results/ckks_tabular_inference/tabular_sweep_iris_binary_mlp_square_linear_score_short_chain_6_scale42_rescale_aware_r2/summary.csv,results/ckks_tabular_profile_sweep_repeated/logs/tabular_sweep_iris_binary_mlp_square_linear_score_short_chain_6_scale42_rescale_aware_r2.log
2026-06-25T17:35:33+09:00,iris_binary,mlp_square_linear_score,short_chain_6_scale42,rescale_aware,3,tabular_sweep_iris_binary_mlp_square_linear_score_short_chain_6_scale42_rescale_aware_r3,ok,0,results/ckks_tabular_inference/tabular_sweep_iris_binary_mlp_square_linear_score_short_chain_6_scale42_rescale_aware_r3/summary.csv,results/ckks_tabular_profile_sweep_repeated/logs/tabular_sweep_iris_binary_mlp_square_linear_score_short_chain_6_scale42_rescale_aware_r3.log
2026-06-25T17:35:39+09:00,iris_binary,mlp_square_linear_score,short_chain_6_scale42,baseline_non_rescale,1,tabular_sweep_iris_binary_mlp_square_linear_score_short_chain_6_scale42_baseline_non_rescale_r1,ok,0,results/ckks_tabular_inference/tabular_sweep_iris_binary_mlp_square_linear_score_short_chain_6_scale42_baseline_non_rescale_r1/summary.csv,results/ckks_tabular_profile_sweep_repeated/logs/tabular_sweep_iris_binary_mlp_square_linear_score_short_chain_6_scale42_baseline_non_rescale_r1.log
2026-06-25T17:35:44+09:00,iris_binary,mlp_square_linear_score,short_chain_6_scale42,baseline_non_rescale,2,tabular_sweep_iris_binary_mlp_square_linear_score_short_chain_6_scale42_baseline_non_rescale_r2,ok,0,results/ckks_tabular_inference/tabular_sweep_iris_binary_mlp_square_linear_score_short_chain_6_scale42_baseline_non_rescale_r2/summary.csv,results/ckks_tabular_profile_sweep_repeated/logs/tabular_sweep_iris_binary_mlp_square_linear_score_short_chain_6_scale42_baseline_non_rescale_r2.log
2026-06-25T17:35:49+09:00,iris_binary,mlp_square_linear_score,short_chain_6_scale42,baseline_non_rescale,3,tabular_sweep_iris_binary_mlp_square_linear_score_short_chain_6_scale42_baseline_non_rescale_r3,ok,0,results/ckks_tabular_inference/tabular_sweep_iris_binary_mlp_square_linear_score_short_chain_6_scale42_baseline_non_rescale_r3/summary.csv,results/ckks_tabular_profile_sweep_repeated/logs/tabular_sweep_iris_binary_mlp_square_linear_score_short_chain_6_scale42_baseline_non_rescale_r3.log
2026-06-25T17:35:55+09:00,iris_binary,mlp_square_linear_score,short_chain_6_scale40,rescale_aware,1,tabular_sweep_iris_binary_mlp_square_linear_score_short_chain_6_scale40_rescale_aware_r1,ok,0,results/ckks_tabular_inference/tabular_sweep_iris_binary_mlp_square_linear_score_short_chain_6_scale40_rescale_aware_r1/summary.csv,results/ckks_tabular_profile_sweep_repeated/logs/tabular_sweep_iris_binary_mlp_square_linear_score_short_chain_6_scale40_rescale_aware_r1.log
2026-06-25T17:36:00+09:00,iris_binary,mlp_square_linear_score,short_chain_6_scale40,rescale_aware,2,tabular_sweep_iris_binary_mlp_square_linear_score_short_chain_6_scale40_rescale_aware_r2,ok,0,results/ckks_tabular_inference/tabular_sweep_iris_binary_mlp_square_linear_score_short_chain_6_scale40_rescale_aware_r2/summary.csv,results/ckks_tabular_profile_sweep_repeated/logs/tabular_sweep_iris_binary_mlp_square_linear_score_short_chain_6_scale40_rescale_aware_r2.log
2026-06-25T17:36:05+09:00,iris_binary,mlp_square_linear_score,short_chain_6_scale40,rescale_aware,3,tabular_sweep_iris_binary_mlp_square_linear_score_short_chain_6_scale40_rescale_aware_r3,ok,0,results/ckks_tabular_inference/tabular_sweep_iris_binary_mlp_square_linear_score_short_chain_6_scale40_rescale_aware_r3/summary.csv,results/ckks_tabular_profile_sweep_repeated/logs/tabular_sweep_iris_binary_mlp_square_linear_score_short_chain_6_scale40_rescale_aware_r3.log
2026-06-25T17:36:11+09:00,iris_binary,mlp_square_linear_score,short_chain_6_scale40,baseline_non_rescale,1,tabular_sweep_iris_binary_mlp_square_linear_score_short_chain_6_scale40_baseline_non_rescale_r1,ok,0,results/ckks_tabular_inference/tabular_sweep_iris_binary_mlp_square_linear_score_short_chain_6_scale40_baseline_non_rescale_r1/summary.csv,results/ckks_tabular_profile_sweep_repeated/logs/tabular_sweep_iris_binary_mlp_square_linear_score_short_chain_6_scale40_baseline_non_rescale_r1.log
2026-06-25T17:36:16+09:00,iris_binary,mlp_square_linear_score,short_chain_6_scale40,baseline_non_rescale,2,tabular_sweep_iris_binary_mlp_square_linear_score_short_chain_6_scale40_baseline_non_rescale_r2,ok,0,results/ckks_tabular_inference/tabular_sweep_iris_binary_mlp_square_linear_score_short_chain_6_scale40_baseline_non_rescale_r2/summary.csv,results/ckks_tabular_profile_sweep_repeated/logs/tabular_sweep_iris_binary_mlp_square_linear_score_short_chain_6_scale40_baseline_non_rescale_r2.log
2026-06-25T17:36:21+09:00,iris_binary,mlp_square_linear_score,short_chain_6_scale40,baseline_non_rescale,3,tabular_sweep_iris_binary_mlp_square_linear_score_short_chain_6_scale40_baseline_non_rescale_r3,ok,0,results/ckks_tabular_inference/tabular_sweep_iris_binary_mlp_square_linear_score_short_chain_6_scale40_baseline_non_rescale_r3/summary.csv,results/ckks_tabular_profile_sweep_repeated/logs/tabular_sweep_iris_binary_mlp_square_linear_score_short_chain_6_scale40_baseline_non_rescale_r3.log
2026-06-25T17:36:27+09:00,iris_binary,mlp_square_linear_score,short_chain_6_scale38,rescale_aware,1,tabular_sweep_iris_binary_mlp_square_linear_score_short_chain_6_scale38_rescale_aware_r1,ok,0,results/ckks_tabular_inference/tabular_sweep_iris_binary_mlp_square_linear_score_short_chain_6_scale38_rescale_aware_r1/summary.csv,results/ckks_tabular_profile_sweep_repeated/logs/tabular_sweep_iris_binary_mlp_square_linear_score_short_chain_6_scale38_rescale_aware_r1.log
2026-06-25T17:36:32+09:00,iris_binary,mlp_square_linear_score,short_chain_6_scale38,rescale_aware,2,tabular_sweep_iris_binary_mlp_square_linear_score_short_chain_6_scale38_rescale_aware_r2,ok,0,results/ckks_tabular_inference/tabular_sweep_iris_binary_mlp_square_linear_score_short_chain_6_scale38_rescale_aware_r2/summary.csv,results/ckks_tabular_profile_sweep_repeated/logs/tabular_sweep_iris_binary_mlp_square_linear_score_short_chain_6_scale38_rescale_aware_r2.log
2026-06-25T17:36:37+09:00,iris_binary,mlp_square_linear_score,short_chain_6_scale38,rescale_aware,3,tabular_sweep_iris_binary_mlp_square_linear_score_short_chain_6_scale38_rescale_aware_r3,ok,0,results/ckks_tabular_inference/tabular_sweep_iris_binary_mlp_square_linear_score_short_chain_6_scale38_rescale_aware_r3/summary.csv,results/ckks_tabular_profile_sweep_repeated/logs/tabular_sweep_iris_binary_mlp_square_linear_score_short_chain_6_scale38_rescale_aware_r3.log
2026-06-25T17:36:43+09:00,iris_binary,mlp_square_linear_score,short_chain_6_scale38,baseline_non_rescale,1,tabular_sweep_iris_binary_mlp_square_linear_score_short_chain_6_scale38_baseline_non_rescale_r1,ok,0,results/ckks_tabular_inference/tabular_sweep_iris_binary_mlp_square_linear_score_short_chain_6_scale38_baseline_non_rescale_r1/summary.csv,results/ckks_tabular_profile_sweep_repeated/logs/tabular_sweep_iris_binary_mlp_square_linear_score_short_chain_6_scale38_baseline_non_rescale_r1.log
2026-06-25T17:36:48+09:00,iris_binary,mlp_square_linear_score,short_chain_6_scale38,baseline_non_rescale,2,tabular_sweep_iris_binary_mlp_square_linear_score_short_chain_6_scale38_baseline_non_rescale_r2,ok,0,results/ckks_tabular_inference/tabular_sweep_iris_binary_mlp_square_linear_score_short_chain_6_scale38_baseline_non_rescale_r2/summary.csv,results/ckks_tabular_profile_sweep_repeated/logs/tabular_sweep_iris_binary_mlp_square_linear_score_short_chain_6_scale38_baseline_non_rescale_r2.log
2026-06-25T17:36:53+09:00,iris_binary,mlp_square_linear_score,short_chain_6_scale38,baseline_non_rescale,3,tabular_sweep_iris_binary_mlp_square_linear_score_short_chain_6_scale38_baseline_non_rescale_r3,ok,0,results/ckks_tabular_inference/tabular_sweep_iris_binary_mlp_square_linear_score_short_chain_6_scale38_baseline_non_rescale_r3/summary.csv,results/ckks_tabular_profile_sweep_repeated/logs/tabular_sweep_iris_binary_mlp_square_linear_score_short_chain_6_scale38_baseline_non_rescale_r3.log
2026-06-25T17:36:59+09:00,iris_binary,mlp_square_linear_score,short_chain_5,rescale_aware,1,tabular_sweep_iris_binary_mlp_square_linear_score_short_chain_5_rescale_aware_r1,ok,0,results/ckks_tabular_inference/tabular_sweep_iris_binary_mlp_square_linear_score_short_chain_5_rescale_aware_r1/summary.csv,results/ckks_tabular_profile_sweep_repeated/logs/tabular_sweep_iris_binary_mlp_square_linear_score_short_chain_5_rescale_aware_r1.log
2026-06-25T17:37:03+09:00,iris_binary,mlp_square_linear_score,short_chain_5,rescale_aware,2,tabular_sweep_iris_binary_mlp_square_linear_score_short_chain_5_rescale_aware_r2,ok,0,results/ckks_tabular_inference/tabular_sweep_iris_binary_mlp_square_linear_score_short_chain_5_rescale_aware_r2/summary.csv,results/ckks_tabular_profile_sweep_repeated/logs/tabular_sweep_iris_binary_mlp_square_linear_score_short_chain_5_rescale_aware_r2.log
2026-06-25T17:37:08+09:00,iris_binary,mlp_square_linear_score,short_chain_5,rescale_aware,3,tabular_sweep_iris_binary_mlp_square_linear_score_short_chain_5_rescale_aware_r3,ok,0,results/ckks_tabular_inference/tabular_sweep_iris_binary_mlp_square_linear_score_short_chain_5_rescale_aware_r3/summary.csv,results/ckks_tabular_profile_sweep_repeated/logs/tabular_sweep_iris_binary_mlp_square_linear_score_short_chain_5_rescale_aware_r3.log
2026-06-25T17:37:13+09:00,iris_binary,mlp_square_linear_score,short_chain_5,baseline_non_rescale,1,tabular_sweep_iris_binary_mlp_square_linear_score_short_chain_5_baseline_non_rescale_r1,ok,0,results/ckks_tabular_inference/tabular_sweep_iris_binary_mlp_square_linear_score_short_chain_5_baseline_non_rescale_r1/summary.csv,results/ckks_tabular_profile_sweep_repeated/logs/tabular_sweep_iris_binary_mlp_square_linear_score_short_chain_5_baseline_non_rescale_r1.log
2026-06-25T17:37:17+09:00,iris_binary,mlp_square_linear_score,short_chain_5,baseline_non_rescale,2,tabular_sweep_iris_binary_mlp_square_linear_score_short_chain_5_baseline_non_rescale_r2,ok,0,results/ckks_tabular_inference/tabular_sweep_iris_binary_mlp_square_linear_score_short_chain_5_baseline_non_rescale_r2/summary.csv,results/ckks_tabular_profile_sweep_repeated/logs/tabular_sweep_iris_binary_mlp_square_linear_score_short_chain_5_baseline_non_rescale_r2.log
2026-06-25T17:37:22+09:00,iris_binary,mlp_square_linear_score,short_chain_5,baseline_non_rescale,3,tabular_sweep_iris_binary_mlp_square_linear_score_short_chain_5_baseline_non_rescale_r3,ok,0,results/ckks_tabular_inference/tabular_sweep_iris_binary_mlp_square_linear_score_short_chain_5_baseline_non_rescale_r3/summary.csv,results/ckks_tabular_profile_sweep_repeated/logs/tabular_sweep_iris_binary_mlp_square_linear_score_short_chain_5_baseline_non_rescale_r3.log
2026-06-25T17:37:26+09:00,iris_binary,mlp_square_linear_score,short_chain_3,rescale_aware,1,tabular_sweep_iris_binary_mlp_square_linear_score_short_chain_3_rescale_aware_r1,ok,0,results/ckks_tabular_inference/tabular_sweep_iris_binary_mlp_square_linear_score_short_chain_3_rescale_aware_r1/summary.csv,results/ckks_tabular_profile_sweep_repeated/logs/tabular_sweep_iris_binary_mlp_square_linear_score_short_chain_3_rescale_aware_r1.log
2026-06-25T17:37:29+09:00,iris_binary,mlp_square_linear_score,short_chain_3,rescale_aware,2,tabular_sweep_iris_binary_mlp_square_linear_score_short_chain_3_rescale_aware_r2,ok,0,results/ckks_tabular_inference/tabular_sweep_iris_binary_mlp_square_linear_score_short_chain_3_rescale_aware_r2/summary.csv,results/ckks_tabular_profile_sweep_repeated/logs/tabular_sweep_iris_binary_mlp_square_linear_score_short_chain_3_rescale_aware_r2.log
2026-06-25T17:37:31+09:00,iris_binary,mlp_square_linear_score,short_chain_3,rescale_aware,3,tabular_sweep_iris_binary_mlp_square_linear_score_short_chain_3_rescale_aware_r3,ok,0,results/ckks_tabular_inference/tabular_sweep_iris_binary_mlp_square_linear_score_short_chain_3_rescale_aware_r3/summary.csv,results/ckks_tabular_profile_sweep_repeated/logs/tabular_sweep_iris_binary_mlp_square_linear_score_short_chain_3_rescale_aware_r3.log
2026-06-25T17:37:33+09:00,iris_binary,mlp_square_linear_score,short_chain_3,baseline_non_rescale,1,tabular_sweep_iris_binary_mlp_square_linear_score_short_chain_3_baseline_non_rescale_r1,ok,0,results/ckks_tabular_inference/tabular_sweep_iris_binary_mlp_square_linear_score_short_chain_3_baseline_non_rescale_r1/summary.csv,results/ckks_tabular_profile_sweep_repeated/logs/tabular_sweep_iris_binary_mlp_square_linear_score_short_chain_3_baseline_non_rescale_r1.log
2026-06-25T17:37:37+09:00,iris_binary,mlp_square_linear_score,short_chain_3,baseline_non_rescale,2,tabular_sweep_iris_binary_mlp_square_linear_score_short_chain_3_baseline_non_rescale_r2,ok,0,results/ckks_tabular_inference/tabular_sweep_iris_binary_mlp_square_linear_score_short_chain_3_baseline_non_rescale_r2/summary.csv,results/ckks_tabular_profile_sweep_repeated/logs/tabular_sweep_iris_binary_mlp_square_linear_score_short_chain_3_baseline_non_rescale_r2.log
2026-06-25T17:37:40+09:00,iris_binary,mlp_square_linear_score,short_chain_3,baseline_non_rescale,3,tabular_sweep_iris_binary_mlp_square_linear_score_short_chain_3_baseline_non_rescale_r3,ok,0,results/ckks_tabular_inference/tabular_sweep_iris_binary_mlp_square_linear_score_short_chain_3_baseline_non_rescale_r3/summary.csv,results/ckks_tabular_profile_sweep_repeated/logs/tabular_sweep_iris_binary_mlp_square_linear_score_short_chain_3_baseline_non_rescale_r3.log
2026-06-25T17:37:43+09:00,digits_binary,linear_poly3,default,rescale_aware,1,tabular_sweep_digits_binary_linear_poly3_default_rescale_aware_r1,ok,0,results/ckks_tabular_inference/tabular_sweep_digits_binary_linear_poly3_default_rescale_aware_r1/summary.csv,results/ckks_tabular_profile_sweep_repeated/logs/tabular_sweep_digits_binary_linear_poly3_default_rescale_aware_r1.log
2026-06-25T17:39:19+09:00,digits_binary,linear_poly3,default,rescale_aware,2,tabular_sweep_digits_binary_linear_poly3_default_rescale_aware_r2,ok,0,results/ckks_tabular_inference/tabular_sweep_digits_binary_linear_poly3_default_rescale_aware_r2/summary.csv,results/ckks_tabular_profile_sweep_repeated/logs/tabular_sweep_digits_binary_linear_poly3_default_rescale_aware_r2.log
2026-06-25T17:40:54+09:00,digits_binary,linear_poly3,default,rescale_aware,3,tabular_sweep_digits_binary_linear_poly3_default_rescale_aware_r3,ok,0,results/ckks_tabular_inference/tabular_sweep_digits_binary_linear_poly3_default_rescale_aware_r3/summary.csv,results/ckks_tabular_profile_sweep_repeated/logs/tabular_sweep_digits_binary_linear_poly3_default_rescale_aware_r3.log
2026-06-25T17:42:29+09:00,digits_binary,linear_poly3,default,baseline_non_rescale,1,tabular_sweep_digits_binary_linear_poly3_default_baseline_non_rescale_r1,ok,0,results/ckks_tabular_inference/tabular_sweep_digits_binary_linear_poly3_default_baseline_non_rescale_r1/summary.csv,results/ckks_tabular_profile_sweep_repeated/logs/tabular_sweep_digits_binary_linear_poly3_default_baseline_non_rescale_r1.log
2026-06-25T17:44:19+09:00,digits_binary,linear_poly3,default,baseline_non_rescale,2,tabular_sweep_digits_binary_linear_poly3_default_baseline_non_rescale_r2,ok,0,results/ckks_tabular_inference/tabular_sweep_digits_binary_linear_poly3_default_baseline_non_rescale_r2/summary.csv,results/ckks_tabular_profile_sweep_repeated/logs/tabular_sweep_digits_binary_linear_poly3_default_baseline_non_rescale_r2.log
2026-06-25T17:46:09+09:00,digits_binary,linear_poly3,default,baseline_non_rescale,3,tabular_sweep_digits_binary_linear_poly3_default_baseline_non_rescale_r3,ok,0,results/ckks_tabular_inference/tabular_sweep_digits_binary_linear_poly3_default_baseline_non_rescale_r3/summary.csv,results/ckks_tabular_profile_sweep_repeated/logs/tabular_sweep_digits_binary_linear_poly3_default_baseline_non_rescale_r3.log
2026-06-25T17:47:59+09:00,digits_binary,linear_poly3,scale42,rescale_aware,1,tabular_sweep_digits_binary_linear_poly3_scale42_rescale_aware_r1,ok,0,results/ckks_tabular_inference/tabular_sweep_digits_binary_linear_poly3_scale42_rescale_aware_r1/summary.csv,results/ckks_tabular_profile_sweep_repeated/logs/tabular_sweep_digits_binary_linear_poly3_scale42_rescale_aware_r1.log
2026-06-25T17:49:42+09:00,digits_binary,linear_poly3,scale42,rescale_aware,2,tabular_sweep_digits_binary_linear_poly3_scale42_rescale_aware_r2,ok,0,results/ckks_tabular_inference/tabular_sweep_digits_binary_linear_poly3_scale42_rescale_aware_r2/summary.csv,results/ckks_tabular_profile_sweep_repeated/logs/tabular_sweep_digits_binary_linear_poly3_scale42_rescale_aware_r2.log
2026-06-25T17:51:26+09:00,digits_binary,linear_poly3,scale42,rescale_aware,3,tabular_sweep_digits_binary_linear_poly3_scale42_rescale_aware_r3,ok,0,results/ckks_tabular_inference/tabular_sweep_digits_binary_linear_poly3_scale42_rescale_aware_r3/summary.csv,results/ckks_tabular_profile_sweep_repeated/logs/tabular_sweep_digits_binary_linear_poly3_scale42_rescale_aware_r3.log
2026-06-25T17:53:09+09:00,digits_binary,linear_poly3,scale42,baseline_non_rescale,1,tabular_sweep_digits_binary_linear_poly3_scale42_baseline_non_rescale_r1,ok,0,results/ckks_tabular_inference/tabular_sweep_digits_binary_linear_poly3_scale42_baseline_non_rescale_r1/summary.csv,results/ckks_tabular_profile_sweep_repeated/logs/tabular_sweep_digits_binary_linear_poly3_scale42_baseline_non_rescale_r1.log
2026-06-25T17:54:59+09:00,digits_binary,linear_poly3,scale42,baseline_non_rescale,2,tabular_sweep_digits_binary_linear_poly3_scale42_baseline_non_rescale_r2,ok,0,results/ckks_tabular_inference/tabular_sweep_digits_binary_linear_poly3_scale42_baseline_non_rescale_r2/summary.csv,results/ckks_tabular_profile_sweep_repeated/logs/tabular_sweep_digits_binary_linear_poly3_scale42_baseline_non_rescale_r2.log
2026-06-25T17:56:48+09:00,digits_binary,linear_poly3,scale42,baseline_non_rescale,3,tabular_sweep_digits_binary_linear_poly3_scale42_baseline_non_rescale_r3,ok,0,results/ckks_tabular_inference/tabular_sweep_digits_binary_linear_poly3_scale42_baseline_non_rescale_r3/summary.csv,results/ckks_tabular_profile_sweep_repeated/logs/tabular_sweep_digits_binary_linear_poly3_scale42_baseline_non_rescale_r3.log
2026-06-25T17:58:38+09:00,digits_binary,linear_poly3,scale40,rescale_aware,1,tabular_sweep_digits_binary_linear_poly3_scale40_rescale_aware_r1,ok,0,results/ckks_tabular_inference/tabular_sweep_digits_binary_linear_poly3_scale40_rescale_aware_r1/summary.csv,results/ckks_tabular_profile_sweep_repeated/logs/tabular_sweep_digits_binary_linear_poly3_scale40_rescale_aware_r1.log
2026-06-25T18:00:21+09:00,digits_binary,linear_poly3,scale40,rescale_aware,2,tabular_sweep_digits_binary_linear_poly3_scale40_rescale_aware_r2,ok,0,results/ckks_tabular_inference/tabular_sweep_digits_binary_linear_poly3_scale40_rescale_aware_r2/summary.csv,results/ckks_tabular_profile_sweep_repeated/logs/tabular_sweep_digits_binary_linear_poly3_scale40_rescale_aware_r2.log
2026-06-25T18:02:05+09:00,digits_binary,linear_poly3,scale40,rescale_aware,3,tabular_sweep_digits_binary_linear_poly3_scale40_rescale_aware_r3,ok,0,results/ckks_tabular_inference/tabular_sweep_digits_binary_linear_poly3_scale40_rescale_aware_r3/summary.csv,results/ckks_tabular_profile_sweep_repeated/logs/tabular_sweep_digits_binary_linear_poly3_scale40_rescale_aware_r3.log
2026-06-25T18:03:48+09:00,digits_binary,linear_poly3,scale40,baseline_non_rescale,1,tabular_sweep_digits_binary_linear_poly3_scale40_baseline_non_rescale_r1,ok,0,results/ckks_tabular_inference/tabular_sweep_digits_binary_linear_poly3_scale40_baseline_non_rescale_r1/summary.csv,results/ckks_tabular_profile_sweep_repeated/logs/tabular_sweep_digits_binary_linear_poly3_scale40_baseline_non_rescale_r1.log
2026-06-25T18:05:37+09:00,digits_binary,linear_poly3,scale40,baseline_non_rescale,2,tabular_sweep_digits_binary_linear_poly3_scale40_baseline_non_rescale_r2,ok,0,results/ckks_tabular_inference/tabular_sweep_digits_binary_linear_poly3_scale40_baseline_non_rescale_r2/summary.csv,results/ckks_tabular_profile_sweep_repeated/logs/tabular_sweep_digits_binary_linear_poly3_scale40_baseline_non_rescale_r2.log
2026-06-25T18:07:27+09:00,digits_binary,linear_poly3,scale40,baseline_non_rescale,3,tabular_sweep_digits_binary_linear_poly3_scale40_baseline_non_rescale_r3,ok,0,results/ckks_tabular_inference/tabular_sweep_digits_binary_linear_poly3_scale40_baseline_non_rescale_r3/summary.csv,results/ckks_tabular_profile_sweep_repeated/logs/tabular_sweep_digits_binary_linear_poly3_scale40_baseline_non_rescale_r3.log
2026-06-25T18:09:16+09:00,digits_binary,linear_poly3,scale38,rescale_aware,1,tabular_sweep_digits_binary_linear_poly3_scale38_rescale_aware_r1,ok,0,results/ckks_tabular_inference/tabular_sweep_digits_binary_linear_poly3_scale38_rescale_aware_r1/summary.csv,results/ckks_tabular_profile_sweep_repeated/logs/tabular_sweep_digits_binary_linear_poly3_scale38_rescale_aware_r1.log
2026-06-25T18:11:00+09:00,digits_binary,linear_poly3,scale38,rescale_aware,2,tabular_sweep_digits_binary_linear_poly3_scale38_rescale_aware_r2,ok,0,results/ckks_tabular_inference/tabular_sweep_digits_binary_linear_poly3_scale38_rescale_aware_r2/summary.csv,results/ckks_tabular_profile_sweep_repeated/logs/tabular_sweep_digits_binary_linear_poly3_scale38_rescale_aware_r2.log
2026-06-25T18:12:44+09:00,digits_binary,linear_poly3,scale38,rescale_aware,3,tabular_sweep_digits_binary_linear_poly3_scale38_rescale_aware_r3,ok,0,results/ckks_tabular_inference/tabular_sweep_digits_binary_linear_poly3_scale38_rescale_aware_r3/summary.csv,results/ckks_tabular_profile_sweep_repeated/logs/tabular_sweep_digits_binary_linear_poly3_scale38_rescale_aware_r3.log
2026-06-25T18:14:27+09:00,digits_binary,linear_poly3,scale38,baseline_non_rescale,1,tabular_sweep_digits_binary_linear_poly3_scale38_baseline_non_rescale_r1,ok,0,results/ckks_tabular_inference/tabular_sweep_digits_binary_linear_poly3_scale38_baseline_non_rescale_r1/summary.csv,results/ckks_tabular_profile_sweep_repeated/logs/tabular_sweep_digits_binary_linear_poly3_scale38_baseline_non_rescale_r1.log
2026-06-25T18:16:17+09:00,digits_binary,linear_poly3,scale38,baseline_non_rescale,2,tabular_sweep_digits_binary_linear_poly3_scale38_baseline_non_rescale_r2,ok,0,results/ckks_tabular_inference/tabular_sweep_digits_binary_linear_poly3_scale38_baseline_non_rescale_r2/summary.csv,results/ckks_tabular_profile_sweep_repeated/logs/tabular_sweep_digits_binary_linear_poly3_scale38_baseline_non_rescale_r2.log
2026-06-25T18:18:07+09:00,digits_binary,linear_poly3,scale38,baseline_non_rescale,3,tabular_sweep_digits_binary_linear_poly3_scale38_baseline_non_rescale_r3,ok,0,results/ckks_tabular_inference/tabular_sweep_digits_binary_linear_poly3_scale38_baseline_non_rescale_r3/summary.csv,results/ckks_tabular_profile_sweep_repeated/logs/tabular_sweep_digits_binary_linear_poly3_scale38_baseline_non_rescale_r3.log
2026-06-25T18:19:57+09:00,digits_binary,linear_poly3,deep_chain_8_scale45,rescale_aware,1,tabular_sweep_digits_binary_linear_poly3_deep_chain_8_scale45_rescale_aware_r1,ok,0,results/ckks_tabular_inference/tabular_sweep_digits_binary_linear_poly3_deep_chain_8_scale45_rescale_aware_r1/summary.csv,results/ckks_tabular_profile_sweep_repeated/logs/tabular_sweep_digits_binary_linear_poly3_deep_chain_8_scale45_rescale_aware_r1.log
2026-06-25T18:23:58+09:00,digits_binary,linear_poly3,deep_chain_8_scale45,rescale_aware,2,tabular_sweep_digits_binary_linear_poly3_deep_chain_8_scale45_rescale_aware_r2,ok,0,results/ckks_tabular_inference/tabular_sweep_digits_binary_linear_poly3_deep_chain_8_scale45_rescale_aware_r2/summary.csv,results/ckks_tabular_profile_sweep_repeated/logs/tabular_sweep_digits_binary_linear_poly3_deep_chain_8_scale45_rescale_aware_r2.log
2026-06-25T18:27:59+09:00,digits_binary,linear_poly3,deep_chain_8_scale45,rescale_aware,3,tabular_sweep_digits_binary_linear_poly3_deep_chain_8_scale45_rescale_aware_r3,ok,0,results/ckks_tabular_inference/tabular_sweep_digits_binary_linear_poly3_deep_chain_8_scale45_rescale_aware_r3/summary.csv,results/ckks_tabular_profile_sweep_repeated/logs/tabular_sweep_digits_binary_linear_poly3_deep_chain_8_scale45_rescale_aware_r3.log
2026-06-25T18:32:00+09:00,digits_binary,linear_poly3,deep_chain_8_scale45,baseline_non_rescale,1,tabular_sweep_digits_binary_linear_poly3_deep_chain_8_scale45_baseline_non_rescale_r1,ok,0,results/ckks_tabular_inference/tabular_sweep_digits_binary_linear_poly3_deep_chain_8_scale45_baseline_non_rescale_r1/summary.csv,results/ckks_tabular_profile_sweep_repeated/logs/tabular_sweep_digits_binary_linear_poly3_deep_chain_8_scale45_baseline_non_rescale_r1.log
2026-06-25T18:36:15+09:00,digits_binary,linear_poly3,deep_chain_8_scale45,baseline_non_rescale,2,tabular_sweep_digits_binary_linear_poly3_deep_chain_8_scale45_baseline_non_rescale_r2,ok,0,results/ckks_tabular_inference/tabular_sweep_digits_binary_linear_poly3_deep_chain_8_scale45_baseline_non_rescale_r2/summary.csv,results/ckks_tabular_profile_sweep_repeated/logs/tabular_sweep_digits_binary_linear_poly3_deep_chain_8_scale45_baseline_non_rescale_r2.log
2026-06-25T18:40:29+09:00,digits_binary,linear_poly3,deep_chain_8_scale45,baseline_non_rescale,3,tabular_sweep_digits_binary_linear_poly3_deep_chain_8_scale45_baseline_non_rescale_r3,ok,0,results/ckks_tabular_inference/tabular_sweep_digits_binary_linear_poly3_deep_chain_8_scale45_baseline_non_rescale_r3/summary.csv,results/ckks_tabular_profile_sweep_repeated/logs/tabular_sweep_digits_binary_linear_poly3_deep_chain_8_scale45_baseline_non_rescale_r3.log
2026-06-25T18:44:44+09:00,digits_binary,linear_poly3,deep_chain_9_scale45,rescale_aware,1,tabular_sweep_digits_binary_linear_poly3_deep_chain_9_scale45_rescale_aware_r1,ok,0,results/ckks_tabular_inference/tabular_sweep_digits_binary_linear_poly3_deep_chain_9_scale45_rescale_aware_r1/summary.csv,results/ckks_tabular_profile_sweep_repeated/logs/tabular_sweep_digits_binary_linear_poly3_deep_chain_9_scale45_rescale_aware_r1.log
2026-06-25T18:49:24+09:00,digits_binary,linear_poly3,deep_chain_9_scale45,rescale_aware,2,tabular_sweep_digits_binary_linear_poly3_deep_chain_9_scale45_rescale_aware_r2,ok,0,results/ckks_tabular_inference/tabular_sweep_digits_binary_linear_poly3_deep_chain_9_scale45_rescale_aware_r2/summary.csv,results/ckks_tabular_profile_sweep_repeated/logs/tabular_sweep_digits_binary_linear_poly3_deep_chain_9_scale45_rescale_aware_r2.log
2026-06-25T18:54:04+09:00,digits_binary,linear_poly3,deep_chain_9_scale45,rescale_aware,3,tabular_sweep_digits_binary_linear_poly3_deep_chain_9_scale45_rescale_aware_r3,ok,0,results/ckks_tabular_inference/tabular_sweep_digits_binary_linear_poly3_deep_chain_9_scale45_rescale_aware_r3/summary.csv,results/ckks_tabular_profile_sweep_repeated/logs/tabular_sweep_digits_binary_linear_poly3_deep_chain_9_scale45_rescale_aware_r3.log
2026-06-25T18:58:44+09:00,digits_binary,linear_poly3,deep_chain_9_scale45,baseline_non_rescale,1,tabular_sweep_digits_binary_linear_poly3_deep_chain_9_scale45_baseline_non_rescale_r1,ok,0,results/ckks_tabular_inference/tabular_sweep_digits_binary_linear_poly3_deep_chain_9_scale45_baseline_non_rescale_r1/summary.csv,results/ckks_tabular_profile_sweep_repeated/logs/tabular_sweep_digits_binary_linear_poly3_deep_chain_9_scale45_baseline_non_rescale_r1.log
2026-06-25T19:03:34+09:00,digits_binary,linear_poly3,deep_chain_9_scale45,baseline_non_rescale,2,tabular_sweep_digits_binary_linear_poly3_deep_chain_9_scale45_baseline_non_rescale_r2,ok,0,results/ckks_tabular_inference/tabular_sweep_digits_binary_linear_poly3_deep_chain_9_scale45_baseline_non_rescale_r2/summary.csv,results/ckks_tabular_profile_sweep_repeated/logs/tabular_sweep_digits_binary_linear_poly3_deep_chain_9_scale45_baseline_non_rescale_r2.log
2026-06-25T19:08:24+09:00,digits_binary,linear_poly3,deep_chain_9_scale45,baseline_non_rescale,3,tabular_sweep_digits_binary_linear_poly3_deep_chain_9_scale45_baseline_non_rescale_r3,ok,0,results/ckks_tabular_inference/tabular_sweep_digits_binary_linear_poly3_deep_chain_9_scale45_baseline_non_rescale_r3/summary.csv,results/ckks_tabular_profile_sweep_repeated/logs/tabular_sweep_digits_binary_linear_poly3_deep_chain_9_scale45_baseline_non_rescale_r3.log
2026-06-25T19:13:14+09:00,digits_binary,linear_poly3,short_chain_6_scale42,rescale_aware,1,tabular_sweep_digits_binary_linear_poly3_short_chain_6_scale42_rescale_aware_r1,ok,0,results/ckks_tabular_inference/tabular_sweep_digits_binary_linear_poly3_short_chain_6_scale42_rescale_aware_r1/summary.csv,results/ckks_tabular_profile_sweep_repeated/logs/tabular_sweep_digits_binary_linear_poly3_short_chain_6_scale42_rescale_aware_r1.log
2026-06-25T19:14:38+09:00,digits_binary,linear_poly3,short_chain_6_scale42,rescale_aware,2,tabular_sweep_digits_binary_linear_poly3_short_chain_6_scale42_rescale_aware_r2,ok,0,results/ckks_tabular_inference/tabular_sweep_digits_binary_linear_poly3_short_chain_6_scale42_rescale_aware_r2/summary.csv,results/ckks_tabular_profile_sweep_repeated/logs/tabular_sweep_digits_binary_linear_poly3_short_chain_6_scale42_rescale_aware_r2.log
2026-06-25T19:16:03+09:00,digits_binary,linear_poly3,short_chain_6_scale42,rescale_aware,3,tabular_sweep_digits_binary_linear_poly3_short_chain_6_scale42_rescale_aware_r3,ok,0,results/ckks_tabular_inference/tabular_sweep_digits_binary_linear_poly3_short_chain_6_scale42_rescale_aware_r3/summary.csv,results/ckks_tabular_profile_sweep_repeated/logs/tabular_sweep_digits_binary_linear_poly3_short_chain_6_scale42_rescale_aware_r3.log
2026-06-25T19:17:27+09:00,digits_binary,linear_poly3,short_chain_6_scale42,baseline_non_rescale,1,tabular_sweep_digits_binary_linear_poly3_short_chain_6_scale42_baseline_non_rescale_r1,ok,0,results/ckks_tabular_inference/tabular_sweep_digits_binary_linear_poly3_short_chain_6_scale42_baseline_non_rescale_r1/summary.csv,results/ckks_tabular_profile_sweep_repeated/logs/tabular_sweep_digits_binary_linear_poly3_short_chain_6_scale42_baseline_non_rescale_r1.log
2026-06-25T19:19:03+09:00,digits_binary,linear_poly3,short_chain_6_scale42,baseline_non_rescale,2,tabular_sweep_digits_binary_linear_poly3_short_chain_6_scale42_baseline_non_rescale_r2,ok,0,results/ckks_tabular_inference/tabular_sweep_digits_binary_linear_poly3_short_chain_6_scale42_baseline_non_rescale_r2/summary.csv,results/ckks_tabular_profile_sweep_repeated/logs/tabular_sweep_digits_binary_linear_poly3_short_chain_6_scale42_baseline_non_rescale_r2.log
2026-06-25T19:20:39+09:00,digits_binary,linear_poly3,short_chain_6_scale42,baseline_non_rescale,3,tabular_sweep_digits_binary_linear_poly3_short_chain_6_scale42_baseline_non_rescale_r3,ok,0,results/ckks_tabular_inference/tabular_sweep_digits_binary_linear_poly3_short_chain_6_scale42_baseline_non_rescale_r3/summary.csv,results/ckks_tabular_profile_sweep_repeated/logs/tabular_sweep_digits_binary_linear_poly3_short_chain_6_scale42_baseline_non_rescale_r3.log
2026-06-25T19:22:15+09:00,digits_binary,linear_poly3,short_chain_6_scale40,rescale_aware,1,tabular_sweep_digits_binary_linear_poly3_short_chain_6_scale40_rescale_aware_r1,ok,0,results/ckks_tabular_inference/tabular_sweep_digits_binary_linear_poly3_short_chain_6_scale40_rescale_aware_r1/summary.csv,results/ckks_tabular_profile_sweep_repeated/logs/tabular_sweep_digits_binary_linear_poly3_short_chain_6_scale40_rescale_aware_r1.log
2026-06-25T19:23:40+09:00,digits_binary,linear_poly3,short_chain_6_scale40,rescale_aware,2,tabular_sweep_digits_binary_linear_poly3_short_chain_6_scale40_rescale_aware_r2,ok,0,results/ckks_tabular_inference/tabular_sweep_digits_binary_linear_poly3_short_chain_6_scale40_rescale_aware_r2/summary.csv,results/ckks_tabular_profile_sweep_repeated/logs/tabular_sweep_digits_binary_linear_poly3_short_chain_6_scale40_rescale_aware_r2.log
2026-06-25T19:25:04+09:00,digits_binary,linear_poly3,short_chain_6_scale40,rescale_aware,3,tabular_sweep_digits_binary_linear_poly3_short_chain_6_scale40_rescale_aware_r3,ok,0,results/ckks_tabular_inference/tabular_sweep_digits_binary_linear_poly3_short_chain_6_scale40_rescale_aware_r3/summary.csv,results/ckks_tabular_profile_sweep_repeated/logs/tabular_sweep_digits_binary_linear_poly3_short_chain_6_scale40_rescale_aware_r3.log
2026-06-25T19:26:28+09:00,digits_binary,linear_poly3,short_chain_6_scale40,baseline_non_rescale,1,tabular_sweep_digits_binary_linear_poly3_short_chain_6_scale40_baseline_non_rescale_r1,ok,0,results/ckks_tabular_inference/tabular_sweep_digits_binary_linear_poly3_short_chain_6_scale40_baseline_non_rescale_r1/summary.csv,results/ckks_tabular_profile_sweep_repeated/logs/tabular_sweep_digits_binary_linear_poly3_short_chain_6_scale40_baseline_non_rescale_r1.log
2026-06-25T19:28:04+09:00,digits_binary,linear_poly3,short_chain_6_scale40,baseline_non_rescale,2,tabular_sweep_digits_binary_linear_poly3_short_chain_6_scale40_baseline_non_rescale_r2,ok,0,results/ckks_tabular_inference/tabular_sweep_digits_binary_linear_poly3_short_chain_6_scale40_baseline_non_rescale_r2/summary.csv,results/ckks_tabular_profile_sweep_repeated/logs/tabular_sweep_digits_binary_linear_poly3_short_chain_6_scale40_baseline_non_rescale_r2.log
2026-06-25T19:29:40+09:00,digits_binary,linear_poly3,short_chain_6_scale40,baseline_non_rescale,3,tabular_sweep_digits_binary_linear_poly3_short_chain_6_scale40_baseline_non_rescale_r3,ok,0,results/ckks_tabular_inference/tabular_sweep_digits_binary_linear_poly3_short_chain_6_scale40_baseline_non_rescale_r3/summary.csv,results/ckks_tabular_profile_sweep_repeated/logs/tabular_sweep_digits_binary_linear_poly3_short_chain_6_scale40_baseline_non_rescale_r3.log
2026-06-25T19:31:16+09:00,digits_binary,linear_poly3,short_chain_6_scale38,rescale_aware,1,tabular_sweep_digits_binary_linear_poly3_short_chain_6_scale38_rescale_aware_r1,ok,0,results/ckks_tabular_inference/tabular_sweep_digits_binary_linear_poly3_short_chain_6_scale38_rescale_aware_r1/summary.csv,results/ckks_tabular_profile_sweep_repeated/logs/tabular_sweep_digits_binary_linear_poly3_short_chain_6_scale38_rescale_aware_r1.log
2026-06-25T19:32:40+09:00,digits_binary,linear_poly3,short_chain_6_scale38,rescale_aware,2,tabular_sweep_digits_binary_linear_poly3_short_chain_6_scale38_rescale_aware_r2,ok,0,results/ckks_tabular_inference/tabular_sweep_digits_binary_linear_poly3_short_chain_6_scale38_rescale_aware_r2/summary.csv,results/ckks_tabular_profile_sweep_repeated/logs/tabular_sweep_digits_binary_linear_poly3_short_chain_6_scale38_rescale_aware_r2.log
2026-06-25T19:34:04+09:00,digits_binary,linear_poly3,short_chain_6_scale38,rescale_aware,3,tabular_sweep_digits_binary_linear_poly3_short_chain_6_scale38_rescale_aware_r3,ok,0,results/ckks_tabular_inference/tabular_sweep_digits_binary_linear_poly3_short_chain_6_scale38_rescale_aware_r3/summary.csv,results/ckks_tabular_profile_sweep_repeated/logs/tabular_sweep_digits_binary_linear_poly3_short_chain_6_scale38_rescale_aware_r3.log
2026-06-25T19:35:29+09:00,digits_binary,linear_poly3,short_chain_6_scale38,baseline_non_rescale,1,tabular_sweep_digits_binary_linear_poly3_short_chain_6_scale38_baseline_non_rescale_r1,ok,0,results/ckks_tabular_inference/tabular_sweep_digits_binary_linear_poly3_short_chain_6_scale38_baseline_non_rescale_r1/summary.csv,results/ckks_tabular_profile_sweep_repeated/logs/tabular_sweep_digits_binary_linear_poly3_short_chain_6_scale38_baseline_non_rescale_r1.log
2026-06-25T19:37:05+09:00,digits_binary,linear_poly3,short_chain_6_scale38,baseline_non_rescale,2,tabular_sweep_digits_binary_linear_poly3_short_chain_6_scale38_baseline_non_rescale_r2,ok,0,results/ckks_tabular_inference/tabular_sweep_digits_binary_linear_poly3_short_chain_6_scale38_baseline_non_rescale_r2/summary.csv,results/ckks_tabular_profile_sweep_repeated/logs/tabular_sweep_digits_binary_linear_poly3_short_chain_6_scale38_baseline_non_rescale_r2.log
2026-06-25T19:38:41+09:00,digits_binary,linear_poly3,short_chain_6_scale38,baseline_non_rescale,3,tabular_sweep_digits_binary_linear_poly3_short_chain_6_scale38_baseline_non_rescale_r3,ok,0,results/ckks_tabular_inference/tabular_sweep_digits_binary_linear_poly3_short_chain_6_scale38_baseline_non_rescale_r3/summary.csv,results/ckks_tabular_profile_sweep_repeated/logs/tabular_sweep_digits_binary_linear_poly3_short_chain_6_scale38_baseline_non_rescale_r3.log
2026-06-25T19:40:16+09:00,digits_binary,linear_poly3,short_chain_5,rescale_aware,1,tabular_sweep_digits_binary_linear_poly3_short_chain_5_rescale_aware_r1,failed,1,results/ckks_tabular_inference/tabular_sweep_digits_binary_linear_poly3_short_chain_5_rescale_aware_r1/summary.csv,results/ckks_tabular_profile_sweep_repeated/logs/tabular_sweep_digits_binary_linear_poly3_short_chain_5_rescale_aware_r1.log
2026-06-25T19:40:17+09:00,digits_binary,linear_poly3,short_chain_5,rescale_aware,2,tabular_sweep_digits_binary_linear_poly3_short_chain_5_rescale_aware_r2,failed,1,results/ckks_tabular_inference/tabular_sweep_digits_binary_linear_poly3_short_chain_5_rescale_aware_r2/summary.csv,results/ckks_tabular_profile_sweep_repeated/logs/tabular_sweep_digits_binary_linear_poly3_short_chain_5_rescale_aware_r2.log
2026-06-25T19:40:17+09:00,digits_binary,linear_poly3,short_chain_5,rescale_aware,3,tabular_sweep_digits_binary_linear_poly3_short_chain_5_rescale_aware_r3,failed,1,results/ckks_tabular_inference/tabular_sweep_digits_binary_linear_poly3_short_chain_5_rescale_aware_r3/summary.csv,results/ckks_tabular_profile_sweep_repeated/logs/tabular_sweep_digits_binary_linear_poly3_short_chain_5_rescale_aware_r3.log
2026-06-25T19:40:17+09:00,digits_binary,linear_poly3,short_chain_5,baseline_non_rescale,1,tabular_sweep_digits_binary_linear_poly3_short_chain_5_baseline_non_rescale_r1,ok,0,results/ckks_tabular_inference/tabular_sweep_digits_binary_linear_poly3_short_chain_5_baseline_non_rescale_r1/summary.csv,results/ckks_tabular_profile_sweep_repeated/logs/tabular_sweep_digits_binary_linear_poly3_short_chain_5_baseline_non_rescale_r1.log
2026-06-25T19:41:40+09:00,digits_binary,linear_poly3,short_chain_5,baseline_non_rescale,2,tabular_sweep_digits_binary_linear_poly3_short_chain_5_baseline_non_rescale_r2,ok,0,results/ckks_tabular_inference/tabular_sweep_digits_binary_linear_poly3_short_chain_5_baseline_non_rescale_r2/summary.csv,results/ckks_tabular_profile_sweep_repeated/logs/tabular_sweep_digits_binary_linear_poly3_short_chain_5_baseline_non_rescale_r2.log
2026-06-25T19:43:03+09:00,digits_binary,linear_poly3,short_chain_5,baseline_non_rescale,3,tabular_sweep_digits_binary_linear_poly3_short_chain_5_baseline_non_rescale_r3,ok,0,results/ckks_tabular_inference/tabular_sweep_digits_binary_linear_poly3_short_chain_5_baseline_non_rescale_r3/summary.csv,results/ckks_tabular_profile_sweep_repeated/logs/tabular_sweep_digits_binary_linear_poly3_short_chain_5_baseline_non_rescale_r3.log
2026-06-25T19:44:26+09:00,digits_binary,linear_poly3,short_chain_3,rescale_aware,1,tabular_sweep_digits_binary_linear_poly3_short_chain_3_rescale_aware_r1,failed,1,results/ckks_tabular_inference/tabular_sweep_digits_binary_linear_poly3_short_chain_3_rescale_aware_r1/summary.csv,results/ckks_tabular_profile_sweep_repeated/logs/tabular_sweep_digits_binary_linear_poly3_short_chain_3_rescale_aware_r1.log
2026-06-25T19:44:27+09:00,digits_binary,linear_poly3,short_chain_3,rescale_aware,2,tabular_sweep_digits_binary_linear_poly3_short_chain_3_rescale_aware_r2,failed,1,results/ckks_tabular_inference/tabular_sweep_digits_binary_linear_poly3_short_chain_3_rescale_aware_r2/summary.csv,results/ckks_tabular_profile_sweep_repeated/logs/tabular_sweep_digits_binary_linear_poly3_short_chain_3_rescale_aware_r2.log
2026-06-25T19:44:27+09:00,digits_binary,linear_poly3,short_chain_3,rescale_aware,3,tabular_sweep_digits_binary_linear_poly3_short_chain_3_rescale_aware_r3,failed,1,results/ckks_tabular_inference/tabular_sweep_digits_binary_linear_poly3_short_chain_3_rescale_aware_r3/summary.csv,results/ckks_tabular_profile_sweep_repeated/logs/tabular_sweep_digits_binary_linear_poly3_short_chain_3_rescale_aware_r3.log
2026-06-25T19:44:27+09:00,digits_binary,linear_poly3,short_chain_3,baseline_non_rescale,1,tabular_sweep_digits_binary_linear_poly3_short_chain_3_baseline_non_rescale_r1,ok,0,results/ckks_tabular_inference/tabular_sweep_digits_binary_linear_poly3_short_chain_3_baseline_non_rescale_r1/summary.csv,results/ckks_tabular_profile_sweep_repeated/logs/tabular_sweep_digits_binary_linear_poly3_short_chain_3_baseline_non_rescale_r1.log
2026-06-25T19:45:25+09:00,digits_binary,linear_poly3,short_chain_3,baseline_non_rescale,2,tabular_sweep_digits_binary_linear_poly3_short_chain_3_baseline_non_rescale_r2,ok,0,results/ckks_tabular_inference/tabular_sweep_digits_binary_linear_poly3_short_chain_3_baseline_non_rescale_r2/summary.csv,results/ckks_tabular_profile_sweep_repeated/logs/tabular_sweep_digits_binary_linear_poly3_short_chain_3_baseline_non_rescale_r2.log
2026-06-25T19:46:23+09:00,digits_binary,linear_poly3,short_chain_3,baseline_non_rescale,3,tabular_sweep_digits_binary_linear_poly3_short_chain_3_baseline_non_rescale_r3,ok,0,results/ckks_tabular_inference/tabular_sweep_digits_binary_linear_poly3_short_chain_3_baseline_non_rescale_r3/summary.csv,results/ckks_tabular_profile_sweep_repeated/logs/tabular_sweep_digits_binary_linear_poly3_short_chain_3_baseline_non_rescale_r3.log
2026-06-25T19:47:20+09:00,digits_binary,mlp_square_linear_score,default,rescale_aware,1,tabular_sweep_digits_binary_mlp_square_linear_score_default_rescale_aware_r1,ok,0,results/ckks_tabular_inference/tabular_sweep_digits_binary_mlp_square_linear_score_default_rescale_aware_r1/summary.csv,results/ckks_tabular_profile_sweep_repeated/logs/tabular_sweep_digits_binary_mlp_square_linear_score_default_rescale_aware_r1.log
2026-06-25T19:49:47+09:00,digits_binary,mlp_square_linear_score,default,rescale_aware,2,tabular_sweep_digits_binary_mlp_square_linear_score_default_rescale_aware_r2,ok,0,results/ckks_tabular_inference/tabular_sweep_digits_binary_mlp_square_linear_score_default_rescale_aware_r2/summary.csv,results/ckks_tabular_profile_sweep_repeated/logs/tabular_sweep_digits_binary_mlp_square_linear_score_default_rescale_aware_r2.log
2026-06-25T19:52:13+09:00,digits_binary,mlp_square_linear_score,default,rescale_aware,3,tabular_sweep_digits_binary_mlp_square_linear_score_default_rescale_aware_r3,ok,0,results/ckks_tabular_inference/tabular_sweep_digits_binary_mlp_square_linear_score_default_rescale_aware_r3/summary.csv,results/ckks_tabular_profile_sweep_repeated/logs/tabular_sweep_digits_binary_mlp_square_linear_score_default_rescale_aware_r3.log
2026-06-25T19:54:38+09:00,digits_binary,mlp_square_linear_score,default,baseline_non_rescale,1,tabular_sweep_digits_binary_mlp_square_linear_score_default_baseline_non_rescale_r1,ok,0,results/ckks_tabular_inference/tabular_sweep_digits_binary_mlp_square_linear_score_default_baseline_non_rescale_r1/summary.csv,results/ckks_tabular_profile_sweep_repeated/logs/tabular_sweep_digits_binary_mlp_square_linear_score_default_baseline_non_rescale_r1.log
2026-06-25T19:57:02+09:00,digits_binary,mlp_square_linear_score,default,baseline_non_rescale,2,tabular_sweep_digits_binary_mlp_square_linear_score_default_baseline_non_rescale_r2,ok,0,results/ckks_tabular_inference/tabular_sweep_digits_binary_mlp_square_linear_score_default_baseline_non_rescale_r2/summary.csv,results/ckks_tabular_profile_sweep_repeated/logs/tabular_sweep_digits_binary_mlp_square_linear_score_default_baseline_non_rescale_r2.log
2026-06-25T19:59:26+09:00,digits_binary,mlp_square_linear_score,default,baseline_non_rescale,3,tabular_sweep_digits_binary_mlp_square_linear_score_default_baseline_non_rescale_r3,ok,0,results/ckks_tabular_inference/tabular_sweep_digits_binary_mlp_square_linear_score_default_baseline_non_rescale_r3/summary.csv,results/ckks_tabular_profile_sweep_repeated/logs/tabular_sweep_digits_binary_mlp_square_linear_score_default_baseline_non_rescale_r3.log
2026-06-25T20:01:50+09:00,digits_binary,mlp_square_linear_score,scale42,rescale_aware,1,tabular_sweep_digits_binary_mlp_square_linear_score_scale42_rescale_aware_r1,ok,0,results/ckks_tabular_inference/tabular_sweep_digits_binary_mlp_square_linear_score_scale42_rescale_aware_r1/summary.csv,results/ckks_tabular_profile_sweep_repeated/logs/tabular_sweep_digits_binary_mlp_square_linear_score_scale42_rescale_aware_r1.log
2026-06-25T20:04:20+09:00,digits_binary,mlp_square_linear_score,scale42,rescale_aware,2,tabular_sweep_digits_binary_mlp_square_linear_score_scale42_rescale_aware_r2,ok,0,results/ckks_tabular_inference/tabular_sweep_digits_binary_mlp_square_linear_score_scale42_rescale_aware_r2/summary.csv,results/ckks_tabular_profile_sweep_repeated/logs/tabular_sweep_digits_binary_mlp_square_linear_score_scale42_rescale_aware_r2.log
2026-06-25T20:06:49+09:00,digits_binary,mlp_square_linear_score,scale42,rescale_aware,3,tabular_sweep_digits_binary_mlp_square_linear_score_scale42_rescale_aware_r3,ok,0,results/ckks_tabular_inference/tabular_sweep_digits_binary_mlp_square_linear_score_scale42_rescale_aware_r3/summary.csv,results/ckks_tabular_profile_sweep_repeated/logs/tabular_sweep_digits_binary_mlp_square_linear_score_scale42_rescale_aware_r3.log
2026-06-25T20:09:18+09:00,digits_binary,mlp_square_linear_score,scale42,baseline_non_rescale,1,tabular_sweep_digits_binary_mlp_square_linear_score_scale42_baseline_non_rescale_r1,ok,0,results/ckks_tabular_inference/tabular_sweep_digits_binary_mlp_square_linear_score_scale42_baseline_non_rescale_r1/summary.csv,results/ckks_tabular_profile_sweep_repeated/logs/tabular_sweep_digits_binary_mlp_square_linear_score_scale42_baseline_non_rescale_r1.log
2026-06-25T20:11:41+09:00,digits_binary,mlp_square_linear_score,scale42,baseline_non_rescale,2,tabular_sweep_digits_binary_mlp_square_linear_score_scale42_baseline_non_rescale_r2,ok,0,results/ckks_tabular_inference/tabular_sweep_digits_binary_mlp_square_linear_score_scale42_baseline_non_rescale_r2/summary.csv,results/ckks_tabular_profile_sweep_repeated/logs/tabular_sweep_digits_binary_mlp_square_linear_score_scale42_baseline_non_rescale_r2.log
2026-06-25T20:14:05+09:00,digits_binary,mlp_square_linear_score,scale42,baseline_non_rescale,3,tabular_sweep_digits_binary_mlp_square_linear_score_scale42_baseline_non_rescale_r3,ok,0,results/ckks_tabular_inference/tabular_sweep_digits_binary_mlp_square_linear_score_scale42_baseline_non_rescale_r3/summary.csv,results/ckks_tabular_profile_sweep_repeated/logs/tabular_sweep_digits_binary_mlp_square_linear_score_scale42_baseline_non_rescale_r3.log
2026-06-25T20:16:29+09:00,digits_binary,mlp_square_linear_score,scale40,rescale_aware,1,tabular_sweep_digits_binary_mlp_square_linear_score_scale40_rescale_aware_r1,ok,0,results/ckks_tabular_inference/tabular_sweep_digits_binary_mlp_square_linear_score_scale40_rescale_aware_r1/summary.csv,results/ckks_tabular_profile_sweep_repeated/logs/tabular_sweep_digits_binary_mlp_square_linear_score_scale40_rescale_aware_r1.log
2026-06-25T20:18:58+09:00,digits_binary,mlp_square_linear_score,scale40,rescale_aware,2,tabular_sweep_digits_binary_mlp_square_linear_score_scale40_rescale_aware_r2,ok,0,results/ckks_tabular_inference/tabular_sweep_digits_binary_mlp_square_linear_score_scale40_rescale_aware_r2/summary.csv,results/ckks_tabular_profile_sweep_repeated/logs/tabular_sweep_digits_binary_mlp_square_linear_score_scale40_rescale_aware_r2.log
2026-06-25T20:21:27+09:00,digits_binary,mlp_square_linear_score,scale40,rescale_aware,3,tabular_sweep_digits_binary_mlp_square_linear_score_scale40_rescale_aware_r3,ok,0,results/ckks_tabular_inference/tabular_sweep_digits_binary_mlp_square_linear_score_scale40_rescale_aware_r3/summary.csv,results/ckks_tabular_profile_sweep_repeated/logs/tabular_sweep_digits_binary_mlp_square_linear_score_scale40_rescale_aware_r3.log
2026-06-25T20:23:57+09:00,digits_binary,mlp_square_linear_score,scale40,baseline_non_rescale,1,tabular_sweep_digits_binary_mlp_square_linear_score_scale40_baseline_non_rescale_r1,ok,0,results/ckks_tabular_inference/tabular_sweep_digits_binary_mlp_square_linear_score_scale40_baseline_non_rescale_r1/summary.csv,results/ckks_tabular_profile_sweep_repeated/logs/tabular_sweep_digits_binary_mlp_square_linear_score_scale40_baseline_non_rescale_r1.log
2026-06-25T20:26:21+09:00,digits_binary,mlp_square_linear_score,scale40,baseline_non_rescale,2,tabular_sweep_digits_binary_mlp_square_linear_score_scale40_baseline_non_rescale_r2,ok,0,results/ckks_tabular_inference/tabular_sweep_digits_binary_mlp_square_linear_score_scale40_baseline_non_rescale_r2/summary.csv,results/ckks_tabular_profile_sweep_repeated/logs/tabular_sweep_digits_binary_mlp_square_linear_score_scale40_baseline_non_rescale_r2.log
2026-06-25T20:28:45+09:00,digits_binary,mlp_square_linear_score,scale40,baseline_non_rescale,3,tabular_sweep_digits_binary_mlp_square_linear_score_scale40_baseline_non_rescale_r3,ok,0,results/ckks_tabular_inference/tabular_sweep_digits_binary_mlp_square_linear_score_scale40_baseline_non_rescale_r3/summary.csv,results/ckks_tabular_profile_sweep_repeated/logs/tabular_sweep_digits_binary_mlp_square_linear_score_scale40_baseline_non_rescale_r3.log
2026-06-25T20:31:09+09:00,digits_binary,mlp_square_linear_score,scale38,rescale_aware,1,tabular_sweep_digits_binary_mlp_square_linear_score_scale38_rescale_aware_r1,ok,0,results/ckks_tabular_inference/tabular_sweep_digits_binary_mlp_square_linear_score_scale38_rescale_aware_r1/summary.csv,results/ckks_tabular_profile_sweep_repeated/logs/tabular_sweep_digits_binary_mlp_square_linear_score_scale38_rescale_aware_r1.log
2026-06-25T20:33:38+09:00,digits_binary,mlp_square_linear_score,scale38,rescale_aware,2,tabular_sweep_digits_binary_mlp_square_linear_score_scale38_rescale_aware_r2,ok,0,results/ckks_tabular_inference/tabular_sweep_digits_binary_mlp_square_linear_score_scale38_rescale_aware_r2/summary.csv,results/ckks_tabular_profile_sweep_repeated/logs/tabular_sweep_digits_binary_mlp_square_linear_score_scale38_rescale_aware_r2.log
2026-06-25T20:36:07+09:00,digits_binary,mlp_square_linear_score,scale38,rescale_aware,3,tabular_sweep_digits_binary_mlp_square_linear_score_scale38_rescale_aware_r3,ok,0,results/ckks_tabular_inference/tabular_sweep_digits_binary_mlp_square_linear_score_scale38_rescale_aware_r3/summary.csv,results/ckks_tabular_profile_sweep_repeated/logs/tabular_sweep_digits_binary_mlp_square_linear_score_scale38_rescale_aware_r3.log
2026-06-25T20:38:36+09:00,digits_binary,mlp_square_linear_score,scale38,baseline_non_rescale,1,tabular_sweep_digits_binary_mlp_square_linear_score_scale38_baseline_non_rescale_r1,ok,0,results/ckks_tabular_inference/tabular_sweep_digits_binary_mlp_square_linear_score_scale38_baseline_non_rescale_r1/summary.csv,results/ckks_tabular_profile_sweep_repeated/logs/tabular_sweep_digits_binary_mlp_square_linear_score_scale38_baseline_non_rescale_r1.log
2026-06-25T20:41:00+09:00,digits_binary,mlp_square_linear_score,scale38,baseline_non_rescale,2,tabular_sweep_digits_binary_mlp_square_linear_score_scale38_baseline_non_rescale_r2,ok,0,results/ckks_tabular_inference/tabular_sweep_digits_binary_mlp_square_linear_score_scale38_baseline_non_rescale_r2/summary.csv,results/ckks_tabular_profile_sweep_repeated/logs/tabular_sweep_digits_binary_mlp_square_linear_score_scale38_baseline_non_rescale_r2.log
2026-06-25T20:43:24+09:00,digits_binary,mlp_square_linear_score,scale38,baseline_non_rescale,3,tabular_sweep_digits_binary_mlp_square_linear_score_scale38_baseline_non_rescale_r3,ok,0,results/ckks_tabular_inference/tabular_sweep_digits_binary_mlp_square_linear_score_scale38_baseline_non_rescale_r3/summary.csv,results/ckks_tabular_profile_sweep_repeated/logs/tabular_sweep_digits_binary_mlp_square_linear_score_scale38_baseline_non_rescale_r3.log
2026-06-25T20:45:49+09:00,digits_binary,mlp_square_linear_score,deep_chain_8_scale45,rescale_aware,1,tabular_sweep_digits_binary_mlp_square_linear_score_deep_chain_8_scale45_rescale_aware_r1,ok,0,results/ckks_tabular_inference/tabular_sweep_digits_binary_mlp_square_linear_score_deep_chain_8_scale45_rescale_aware_r1/summary.csv,results/ckks_tabular_profile_sweep_repeated/logs/tabular_sweep_digits_binary_mlp_square_linear_score_deep_chain_8_scale45_rescale_aware_r1.log
2026-06-25T20:51:28+09:00,digits_binary,mlp_square_linear_score,deep_chain_8_scale45,rescale_aware,2,tabular_sweep_digits_binary_mlp_square_linear_score_deep_chain_8_scale45_rescale_aware_r2,ok,0,results/ckks_tabular_inference/tabular_sweep_digits_binary_mlp_square_linear_score_deep_chain_8_scale45_rescale_aware_r2/summary.csv,results/ckks_tabular_profile_sweep_repeated/logs/tabular_sweep_digits_binary_mlp_square_linear_score_deep_chain_8_scale45_rescale_aware_r2.log
2026-06-25T20:57:09+09:00,digits_binary,mlp_square_linear_score,deep_chain_8_scale45,rescale_aware,3,tabular_sweep_digits_binary_mlp_square_linear_score_deep_chain_8_scale45_rescale_aware_r3,ok,0,results/ckks_tabular_inference/tabular_sweep_digits_binary_mlp_square_linear_score_deep_chain_8_scale45_rescale_aware_r3/summary.csv,results/ckks_tabular_profile_sweep_repeated/logs/tabular_sweep_digits_binary_mlp_square_linear_score_deep_chain_8_scale45_rescale_aware_r3.log
2026-06-25T21:02:52+09:00,digits_binary,mlp_square_linear_score,deep_chain_8_scale45,baseline_non_rescale,1,tabular_sweep_digits_binary_mlp_square_linear_score_deep_chain_8_scale45_baseline_non_rescale_r1,ok,0,results/ckks_tabular_inference/tabular_sweep_digits_binary_mlp_square_linear_score_deep_chain_8_scale45_baseline_non_rescale_r1/summary.csv,results/ckks_tabular_profile_sweep_repeated/logs/tabular_sweep_digits_binary_mlp_square_linear_score_deep_chain_8_scale45_baseline_non_rescale_r1.log
2026-06-25T21:08:26+09:00,digits_binary,mlp_square_linear_score,deep_chain_8_scale45,baseline_non_rescale,2,tabular_sweep_digits_binary_mlp_square_linear_score_deep_chain_8_scale45_baseline_non_rescale_r2,ok,0,results/ckks_tabular_inference/tabular_sweep_digits_binary_mlp_square_linear_score_deep_chain_8_scale45_baseline_non_rescale_r2/summary.csv,results/ckks_tabular_profile_sweep_repeated/logs/tabular_sweep_digits_binary_mlp_square_linear_score_deep_chain_8_scale45_baseline_non_rescale_r2.log
2026-06-25T21:14:00+09:00,digits_binary,mlp_square_linear_score,deep_chain_8_scale45,baseline_non_rescale,3,tabular_sweep_digits_binary_mlp_square_linear_score_deep_chain_8_scale45_baseline_non_rescale_r3,ok,0,results/ckks_tabular_inference/tabular_sweep_digits_binary_mlp_square_linear_score_deep_chain_8_scale45_baseline_non_rescale_r3/summary.csv,results/ckks_tabular_profile_sweep_repeated/logs/tabular_sweep_digits_binary_mlp_square_linear_score_deep_chain_8_scale45_baseline_non_rescale_r3.log
2026-06-25T21:19:33+09:00,digits_binary,mlp_square_linear_score,deep_chain_9_scale45,rescale_aware,1,tabular_sweep_digits_binary_mlp_square_linear_score_deep_chain_9_scale45_rescale_aware_r1,ok,0,results/ckks_tabular_inference/tabular_sweep_digits_binary_mlp_square_linear_score_deep_chain_9_scale45_rescale_aware_r1/summary.csv,results/ckks_tabular_profile_sweep_repeated/logs/tabular_sweep_digits_binary_mlp_square_linear_score_deep_chain_9_scale45_rescale_aware_r1.log
2026-06-25T21:26:20+09:00,digits_binary,mlp_square_linear_score,deep_chain_9_scale45,rescale_aware,2,tabular_sweep_digits_binary_mlp_square_linear_score_deep_chain_9_scale45_rescale_aware_r2,ok,0,results/ckks_tabular_inference/tabular_sweep_digits_binary_mlp_square_linear_score_deep_chain_9_scale45_rescale_aware_r2/summary.csv,results/ckks_tabular_profile_sweep_repeated/logs/tabular_sweep_digits_binary_mlp_square_linear_score_deep_chain_9_scale45_rescale_aware_r2.log
2026-06-25T21:33:07+09:00,digits_binary,mlp_square_linear_score,deep_chain_9_scale45,rescale_aware,3,tabular_sweep_digits_binary_mlp_square_linear_score_deep_chain_9_scale45_rescale_aware_r3,ok,0,results/ckks_tabular_inference/tabular_sweep_digits_binary_mlp_square_linear_score_deep_chain_9_scale45_rescale_aware_r3/summary.csv,results/ckks_tabular_profile_sweep_repeated/logs/tabular_sweep_digits_binary_mlp_square_linear_score_deep_chain_9_scale45_rescale_aware_r3.log
2026-06-25T21:39:53+09:00,digits_binary,mlp_square_linear_score,deep_chain_9_scale45,baseline_non_rescale,1,tabular_sweep_digits_binary_mlp_square_linear_score_deep_chain_9_scale45_baseline_non_rescale_r1,ok,0,results/ckks_tabular_inference/tabular_sweep_digits_binary_mlp_square_linear_score_deep_chain_9_scale45_baseline_non_rescale_r1/summary.csv,results/ckks_tabular_profile_sweep_repeated/logs/tabular_sweep_digits_binary_mlp_square_linear_score_deep_chain_9_scale45_baseline_non_rescale_r1.log
2026-06-25T21:46:18+09:00,digits_binary,mlp_square_linear_score,deep_chain_9_scale45,baseline_non_rescale,2,tabular_sweep_digits_binary_mlp_square_linear_score_deep_chain_9_scale45_baseline_non_rescale_r2,ok,0,results/ckks_tabular_inference/tabular_sweep_digits_binary_mlp_square_linear_score_deep_chain_9_scale45_baseline_non_rescale_r2/summary.csv,results/ckks_tabular_profile_sweep_repeated/logs/tabular_sweep_digits_binary_mlp_square_linear_score_deep_chain_9_scale45_baseline_non_rescale_r2.log
2026-06-25T21:52:45+09:00,digits_binary,mlp_square_linear_score,deep_chain_9_scale45,baseline_non_rescale,3,tabular_sweep_digits_binary_mlp_square_linear_score_deep_chain_9_scale45_baseline_non_rescale_r3,ok,0,results/ckks_tabular_inference/tabular_sweep_digits_binary_mlp_square_linear_score_deep_chain_9_scale45_baseline_non_rescale_r3/summary.csv,results/ckks_tabular_profile_sweep_repeated/logs/tabular_sweep_digits_binary_mlp_square_linear_score_deep_chain_9_scale45_baseline_non_rescale_r3.log
2026-06-25T21:59:11+09:00,digits_binary,mlp_square_linear_score,short_chain_6_scale42,rescale_aware,1,tabular_sweep_digits_binary_mlp_square_linear_score_short_chain_6_scale42_rescale_aware_r1,ok,0,results/ckks_tabular_inference/tabular_sweep_digits_binary_mlp_square_linear_score_short_chain_6_scale42_rescale_aware_r1/summary.csv,results/ckks_tabular_profile_sweep_repeated/logs/tabular_sweep_digits_binary_mlp_square_linear_score_short_chain_6_scale42_rescale_aware_r1.log
2026-06-25T22:01:17+09:00,digits_binary,mlp_square_linear_score,short_chain_6_scale42,rescale_aware,2,tabular_sweep_digits_binary_mlp_square_linear_score_short_chain_6_scale42_rescale_aware_r2,ok,0,results/ckks_tabular_inference/tabular_sweep_digits_binary_mlp_square_linear_score_short_chain_6_scale42_rescale_aware_r2/summary.csv,results/ckks_tabular_profile_sweep_repeated/logs/tabular_sweep_digits_binary_mlp_square_linear_score_short_chain_6_scale42_rescale_aware_r2.log
2026-06-25T22:03:23+09:00,digits_binary,mlp_square_linear_score,short_chain_6_scale42,rescale_aware,3,tabular_sweep_digits_binary_mlp_square_linear_score_short_chain_6_scale42_rescale_aware_r3,ok,0,results/ckks_tabular_inference/tabular_sweep_digits_binary_mlp_square_linear_score_short_chain_6_scale42_rescale_aware_r3/summary.csv,results/ckks_tabular_profile_sweep_repeated/logs/tabular_sweep_digits_binary_mlp_square_linear_score_short_chain_6_scale42_rescale_aware_r3.log
2026-06-25T22:05:29+09:00,digits_binary,mlp_square_linear_score,short_chain_6_scale42,baseline_non_rescale,1,tabular_sweep_digits_binary_mlp_square_linear_score_short_chain_6_scale42_baseline_non_rescale_r1,ok,0,results/ckks_tabular_inference/tabular_sweep_digits_binary_mlp_square_linear_score_short_chain_6_scale42_baseline_non_rescale_r1/summary.csv,results/ckks_tabular_profile_sweep_repeated/logs/tabular_sweep_digits_binary_mlp_square_linear_score_short_chain_6_scale42_baseline_non_rescale_r1.log
2026-06-25T22:07:32+09:00,digits_binary,mlp_square_linear_score,short_chain_6_scale42,baseline_non_rescale,2,tabular_sweep_digits_binary_mlp_square_linear_score_short_chain_6_scale42_baseline_non_rescale_r2,ok,0,results/ckks_tabular_inference/tabular_sweep_digits_binary_mlp_square_linear_score_short_chain_6_scale42_baseline_non_rescale_r2/summary.csv,results/ckks_tabular_profile_sweep_repeated/logs/tabular_sweep_digits_binary_mlp_square_linear_score_short_chain_6_scale42_baseline_non_rescale_r2.log
2026-06-25T22:09:35+09:00,digits_binary,mlp_square_linear_score,short_chain_6_scale42,baseline_non_rescale,3,tabular_sweep_digits_binary_mlp_square_linear_score_short_chain_6_scale42_baseline_non_rescale_r3,ok,0,results/ckks_tabular_inference/tabular_sweep_digits_binary_mlp_square_linear_score_short_chain_6_scale42_baseline_non_rescale_r3/summary.csv,results/ckks_tabular_profile_sweep_repeated/logs/tabular_sweep_digits_binary_mlp_square_linear_score_short_chain_6_scale42_baseline_non_rescale_r3.log
2026-06-25T22:11:38+09:00,digits_binary,mlp_square_linear_score,short_chain_6_scale40,rescale_aware,1,tabular_sweep_digits_binary_mlp_square_linear_score_short_chain_6_scale40_rescale_aware_r1,ok,0,results/ckks_tabular_inference/tabular_sweep_digits_binary_mlp_square_linear_score_short_chain_6_scale40_rescale_aware_r1/summary.csv,results/ckks_tabular_profile_sweep_repeated/logs/tabular_sweep_digits_binary_mlp_square_linear_score_short_chain_6_scale40_rescale_aware_r1.log
2026-06-25T22:13:45+09:00,digits_binary,mlp_square_linear_score,short_chain_6_scale40,rescale_aware,2,tabular_sweep_digits_binary_mlp_square_linear_score_short_chain_6_scale40_rescale_aware_r2,ok,0,results/ckks_tabular_inference/tabular_sweep_digits_binary_mlp_square_linear_score_short_chain_6_scale40_rescale_aware_r2/summary.csv,results/ckks_tabular_profile_sweep_repeated/logs/tabular_sweep_digits_binary_mlp_square_linear_score_short_chain_6_scale40_rescale_aware_r2.log
2026-06-25T22:15:51+09:00,digits_binary,mlp_square_linear_score,short_chain_6_scale40,rescale_aware,3,tabular_sweep_digits_binary_mlp_square_linear_score_short_chain_6_scale40_rescale_aware_r3,ok,0,results/ckks_tabular_inference/tabular_sweep_digits_binary_mlp_square_linear_score_short_chain_6_scale40_rescale_aware_r3/summary.csv,results/ckks_tabular_profile_sweep_repeated/logs/tabular_sweep_digits_binary_mlp_square_linear_score_short_chain_6_scale40_rescale_aware_r3.log
2026-06-25T22:17:57+09:00,digits_binary,mlp_square_linear_score,short_chain_6_scale40,baseline_non_rescale,1,tabular_sweep_digits_binary_mlp_square_linear_score_short_chain_6_scale40_baseline_non_rescale_r1,ok,0,results/ckks_tabular_inference/tabular_sweep_digits_binary_mlp_square_linear_score_short_chain_6_scale40_baseline_non_rescale_r1/summary.csv,results/ckks_tabular_profile_sweep_repeated/logs/tabular_sweep_digits_binary_mlp_square_linear_score_short_chain_6_scale40_baseline_non_rescale_r1.log
2026-06-25T22:20:00+09:00,digits_binary,mlp_square_linear_score,short_chain_6_scale40,baseline_non_rescale,2,tabular_sweep_digits_binary_mlp_square_linear_score_short_chain_6_scale40_baseline_non_rescale_r2,ok,0,results/ckks_tabular_inference/tabular_sweep_digits_binary_mlp_square_linear_score_short_chain_6_scale40_baseline_non_rescale_r2/summary.csv,results/ckks_tabular_profile_sweep_repeated/logs/tabular_sweep_digits_binary_mlp_square_linear_score_short_chain_6_scale40_baseline_non_rescale_r2.log
2026-06-25T22:22:03+09:00,digits_binary,mlp_square_linear_score,short_chain_6_scale40,baseline_non_rescale,3,tabular_sweep_digits_binary_mlp_square_linear_score_short_chain_6_scale40_baseline_non_rescale_r3,ok,0,results/ckks_tabular_inference/tabular_sweep_digits_binary_mlp_square_linear_score_short_chain_6_scale40_baseline_non_rescale_r3/summary.csv,results/ckks_tabular_profile_sweep_repeated/logs/tabular_sweep_digits_binary_mlp_square_linear_score_short_chain_6_scale40_baseline_non_rescale_r3.log
2026-06-25T22:24:06+09:00,digits_binary,mlp_square_linear_score,short_chain_6_scale38,rescale_aware,1,tabular_sweep_digits_binary_mlp_square_linear_score_short_chain_6_scale38_rescale_aware_r1,ok,0,results/ckks_tabular_inference/tabular_sweep_digits_binary_mlp_square_linear_score_short_chain_6_scale38_rescale_aware_r1/summary.csv,results/ckks_tabular_profile_sweep_repeated/logs/tabular_sweep_digits_binary_mlp_square_linear_score_short_chain_6_scale38_rescale_aware_r1.log
2026-06-25T22:26:12+09:00,digits_binary,mlp_square_linear_score,short_chain_6_scale38,rescale_aware,2,tabular_sweep_digits_binary_mlp_square_linear_score_short_chain_6_scale38_rescale_aware_r2,ok,0,results/ckks_tabular_inference/tabular_sweep_digits_binary_mlp_square_linear_score_short_chain_6_scale38_rescale_aware_r2/summary.csv,results/ckks_tabular_profile_sweep_repeated/logs/tabular_sweep_digits_binary_mlp_square_linear_score_short_chain_6_scale38_rescale_aware_r2.log
2026-06-25T22:28:18+09:00,digits_binary,mlp_square_linear_score,short_chain_6_scale38,rescale_aware,3,tabular_sweep_digits_binary_mlp_square_linear_score_short_chain_6_scale38_rescale_aware_r3,ok,0,results/ckks_tabular_inference/tabular_sweep_digits_binary_mlp_square_linear_score_short_chain_6_scale38_rescale_aware_r3/summary.csv,results/ckks_tabular_profile_sweep_repeated/logs/tabular_sweep_digits_binary_mlp_square_linear_score_short_chain_6_scale38_rescale_aware_r3.log
2026-06-25T22:30:24+09:00,digits_binary,mlp_square_linear_score,short_chain_6_scale38,baseline_non_rescale,1,tabular_sweep_digits_binary_mlp_square_linear_score_short_chain_6_scale38_baseline_non_rescale_r1,ok,0,results/ckks_tabular_inference/tabular_sweep_digits_binary_mlp_square_linear_score_short_chain_6_scale38_baseline_non_rescale_r1/summary.csv,results/ckks_tabular_profile_sweep_repeated/logs/tabular_sweep_digits_binary_mlp_square_linear_score_short_chain_6_scale38_baseline_non_rescale_r1.log
2026-06-25T22:32:27+09:00,digits_binary,mlp_square_linear_score,short_chain_6_scale38,baseline_non_rescale,2,tabular_sweep_digits_binary_mlp_square_linear_score_short_chain_6_scale38_baseline_non_rescale_r2,ok,0,results/ckks_tabular_inference/tabular_sweep_digits_binary_mlp_square_linear_score_short_chain_6_scale38_baseline_non_rescale_r2/summary.csv,results/ckks_tabular_profile_sweep_repeated/logs/tabular_sweep_digits_binary_mlp_square_linear_score_short_chain_6_scale38_baseline_non_rescale_r2.log
2026-06-25T22:34:30+09:00,digits_binary,mlp_square_linear_score,short_chain_6_scale38,baseline_non_rescale,3,tabular_sweep_digits_binary_mlp_square_linear_score_short_chain_6_scale38_baseline_non_rescale_r3,ok,0,results/ckks_tabular_inference/tabular_sweep_digits_binary_mlp_square_linear_score_short_chain_6_scale38_baseline_non_rescale_r3/summary.csv,results/ckks_tabular_profile_sweep_repeated/logs/tabular_sweep_digits_binary_mlp_square_linear_score_short_chain_6_scale38_baseline_non_rescale_r3.log
2026-06-25T22:36:33+09:00,digits_binary,mlp_square_linear_score,short_chain_5,rescale_aware,1,tabular_sweep_digits_binary_mlp_square_linear_score_short_chain_5_rescale_aware_r1,ok,0,results/ckks_tabular_inference/tabular_sweep_digits_binary_mlp_square_linear_score_short_chain_5_rescale_aware_r1/summary.csv,results/ckks_tabular_profile_sweep_repeated/logs/tabular_sweep_digits_binary_mlp_square_linear_score_short_chain_5_rescale_aware_r1.log
2026-06-25T22:38:21+09:00,digits_binary,mlp_square_linear_score,short_chain_5,rescale_aware,2,tabular_sweep_digits_binary_mlp_square_linear_score_short_chain_5_rescale_aware_r2,ok,0,results/ckks_tabular_inference/tabular_sweep_digits_binary_mlp_square_linear_score_short_chain_5_rescale_aware_r2/summary.csv,results/ckks_tabular_profile_sweep_repeated/logs/tabular_sweep_digits_binary_mlp_square_linear_score_short_chain_5_rescale_aware_r2.log
2026-06-25T22:40:10+09:00,digits_binary,mlp_square_linear_score,short_chain_5,rescale_aware,3,tabular_sweep_digits_binary_mlp_square_linear_score_short_chain_5_rescale_aware_r3,ok,0,results/ckks_tabular_inference/tabular_sweep_digits_binary_mlp_square_linear_score_short_chain_5_rescale_aware_r3/summary.csv,results/ckks_tabular_profile_sweep_repeated/logs/tabular_sweep_digits_binary_mlp_square_linear_score_short_chain_5_rescale_aware_r3.log
2026-06-25T22:41:59+09:00,digits_binary,mlp_square_linear_score,short_chain_5,baseline_non_rescale,1,tabular_sweep_digits_binary_mlp_square_linear_score_short_chain_5_baseline_non_rescale_r1,ok,0,results/ckks_tabular_inference/tabular_sweep_digits_binary_mlp_square_linear_score_short_chain_5_baseline_non_rescale_r1/summary.csv,results/ckks_tabular_profile_sweep_repeated/logs/tabular_sweep_digits_binary_mlp_square_linear_score_short_chain_5_baseline_non_rescale_r1.log
2026-06-25T22:43:46+09:00,digits_binary,mlp_square_linear_score,short_chain_5,baseline_non_rescale,2,tabular_sweep_digits_binary_mlp_square_linear_score_short_chain_5_baseline_non_rescale_r2,ok,0,results/ckks_tabular_inference/tabular_sweep_digits_binary_mlp_square_linear_score_short_chain_5_baseline_non_rescale_r2/summary.csv,results/ckks_tabular_profile_sweep_repeated/logs/tabular_sweep_digits_binary_mlp_square_linear_score_short_chain_5_baseline_non_rescale_r2.log
2026-06-25T22:45:33+09:00,digits_binary,mlp_square_linear_score,short_chain_5,baseline_non_rescale,3,tabular_sweep_digits_binary_mlp_square_linear_score_short_chain_5_baseline_non_rescale_r3,ok,0,results/ckks_tabular_inference/tabular_sweep_digits_binary_mlp_square_linear_score_short_chain_5_baseline_non_rescale_r3/summary.csv,results/ckks_tabular_profile_sweep_repeated/logs/tabular_sweep_digits_binary_mlp_square_linear_score_short_chain_5_baseline_non_rescale_r3.log
2026-06-25T22:47:20+09:00,digits_binary,mlp_square_linear_score,short_chain_3,rescale_aware,1,tabular_sweep_digits_binary_mlp_square_linear_score_short_chain_3_rescale_aware_r1,ok,0,results/ckks_tabular_inference/tabular_sweep_digits_binary_mlp_square_linear_score_short_chain_3_rescale_aware_r1/summary.csv,results/ckks_tabular_profile_sweep_repeated/logs/tabular_sweep_digits_binary_mlp_square_linear_score_short_chain_3_rescale_aware_r1.log
2026-06-25T22:48:19+09:00,digits_binary,mlp_square_linear_score,short_chain_3,rescale_aware,2,tabular_sweep_digits_binary_mlp_square_linear_score_short_chain_3_rescale_aware_r2,ok,0,results/ckks_tabular_inference/tabular_sweep_digits_binary_mlp_square_linear_score_short_chain_3_rescale_aware_r2/summary.csv,results/ckks_tabular_profile_sweep_repeated/logs/tabular_sweep_digits_binary_mlp_square_linear_score_short_chain_3_rescale_aware_r2.log
2026-06-25T22:49:18+09:00,digits_binary,mlp_square_linear_score,short_chain_3,rescale_aware,3,tabular_sweep_digits_binary_mlp_square_linear_score_short_chain_3_rescale_aware_r3,ok,0,results/ckks_tabular_inference/tabular_sweep_digits_binary_mlp_square_linear_score_short_chain_3_rescale_aware_r3/summary.csv,results/ckks_tabular_profile_sweep_repeated/logs/tabular_sweep_digits_binary_mlp_square_linear_score_short_chain_3_rescale_aware_r3.log
2026-06-25T22:50:18+09:00,digits_binary,mlp_square_linear_score,short_chain_3,baseline_non_rescale,1,tabular_sweep_digits_binary_mlp_square_linear_score_short_chain_3_baseline_non_rescale_r1,ok,0,results/ckks_tabular_inference/tabular_sweep_digits_binary_mlp_square_linear_score_short_chain_3_baseline_non_rescale_r1/summary.csv,results/ckks_tabular_profile_sweep_repeated/logs/tabular_sweep_digits_binary_mlp_square_linear_score_short_chain_3_baseline_non_rescale_r1.log
2026-06-25T22:51:30+09:00,digits_binary,mlp_square_linear_score,short_chain_3,baseline_non_rescale,2,tabular_sweep_digits_binary_mlp_square_linear_score_short_chain_3_baseline_non_rescale_r2,ok,0,results/ckks_tabular_inference/tabular_sweep_digits_binary_mlp_square_linear_score_short_chain_3_baseline_non_rescale_r2/summary.csv,results/ckks_tabular_profile_sweep_repeated/logs/tabular_sweep_digits_binary_mlp_square_linear_score_short_chain_3_baseline_non_rescale_r2.log
2026-06-25T22:52:43+09:00,digits_binary,mlp_square_linear_score,short_chain_3,baseline_non_rescale,3,tabular_sweep_digits_binary_mlp_square_linear_score_short_chain_3_baseline_non_rescale_r3,ok,0,results/ckks_tabular_inference/tabular_sweep_digits_binary_mlp_square_linear_score_short_chain_3_baseline_non_rescale_r3/summary.csv,results/ckks_tabular_profile_sweep_repeated/logs/tabular_sweep_digits_binary_mlp_square_linear_score_short_chain_3_baseline_non_rescale_r3.log
2026-06-25T22:53:56+09:00,banknote,linear_poly3,default,rescale_aware,1,tabular_sweep_banknote_linear_poly3_default_rescale_aware_r1,ok,0,results/ckks_tabular_inference/tabular_sweep_banknote_linear_poly3_default_rescale_aware_r1/summary.csv,results/ckks_tabular_profile_sweep_repeated/logs/tabular_sweep_banknote_linear_poly3_default_rescale_aware_r1.log
2026-06-25T22:54:45+09:00,banknote,linear_poly3,default,rescale_aware,2,tabular_sweep_banknote_linear_poly3_default_rescale_aware_r2,ok,0,results/ckks_tabular_inference/tabular_sweep_banknote_linear_poly3_default_rescale_aware_r2/summary.csv,results/ckks_tabular_profile_sweep_repeated/logs/tabular_sweep_banknote_linear_poly3_default_rescale_aware_r2.log
2026-06-25T22:55:34+09:00,banknote,linear_poly3,default,rescale_aware,3,tabular_sweep_banknote_linear_poly3_default_rescale_aware_r3,ok,0,results/ckks_tabular_inference/tabular_sweep_banknote_linear_poly3_default_rescale_aware_r3/summary.csv,results/ckks_tabular_profile_sweep_repeated/logs/tabular_sweep_banknote_linear_poly3_default_rescale_aware_r3.log
2026-06-25T22:56:24+09:00,banknote,linear_poly3,default,baseline_non_rescale,1,tabular_sweep_banknote_linear_poly3_default_baseline_non_rescale_r1,ok,0,results/ckks_tabular_inference/tabular_sweep_banknote_linear_poly3_default_baseline_non_rescale_r1/summary.csv,results/ckks_tabular_profile_sweep_repeated/logs/tabular_sweep_banknote_linear_poly3_default_baseline_non_rescale_r1.log
2026-06-25T22:57:23+09:00,banknote,linear_poly3,default,baseline_non_rescale,2,tabular_sweep_banknote_linear_poly3_default_baseline_non_rescale_r2,ok,0,results/ckks_tabular_inference/tabular_sweep_banknote_linear_poly3_default_baseline_non_rescale_r2/summary.csv,results/ckks_tabular_profile_sweep_repeated/logs/tabular_sweep_banknote_linear_poly3_default_baseline_non_rescale_r2.log
2026-06-25T22:58:24+09:00,banknote,linear_poly3,default,baseline_non_rescale,3,tabular_sweep_banknote_linear_poly3_default_baseline_non_rescale_r3,ok,0,results/ckks_tabular_inference/tabular_sweep_banknote_linear_poly3_default_baseline_non_rescale_r3/summary.csv,results/ckks_tabular_profile_sweep_repeated/logs/tabular_sweep_banknote_linear_poly3_default_baseline_non_rescale_r3.log
2026-06-25T22:59:24+09:00,banknote,linear_poly3,scale42,rescale_aware,1,tabular_sweep_banknote_linear_poly3_scale42_rescale_aware_r1,ok,0,results/ckks_tabular_inference/tabular_sweep_banknote_linear_poly3_scale42_rescale_aware_r1/summary.csv,results/ckks_tabular_profile_sweep_repeated/logs/tabular_sweep_banknote_linear_poly3_scale42_rescale_aware_r1.log
2026-06-25T23:00:20+09:00,banknote,linear_poly3,scale42,rescale_aware,2,tabular_sweep_banknote_linear_poly3_scale42_rescale_aware_r2,ok,0,results/ckks_tabular_inference/tabular_sweep_banknote_linear_poly3_scale42_rescale_aware_r2/summary.csv,results/ckks_tabular_profile_sweep_repeated/logs/tabular_sweep_banknote_linear_poly3_scale42_rescale_aware_r2.log
2026-06-25T23:01:16+09:00,banknote,linear_poly3,scale42,rescale_aware,3,tabular_sweep_banknote_linear_poly3_scale42_rescale_aware_r3,ok,0,results/ckks_tabular_inference/tabular_sweep_banknote_linear_poly3_scale42_rescale_aware_r3/summary.csv,results/ckks_tabular_profile_sweep_repeated/logs/tabular_sweep_banknote_linear_poly3_scale42_rescale_aware_r3.log
2026-06-25T23:02:11+09:00,banknote,linear_poly3,scale42,baseline_non_rescale,1,tabular_sweep_banknote_linear_poly3_scale42_baseline_non_rescale_r1,ok,0,results/ckks_tabular_inference/tabular_sweep_banknote_linear_poly3_scale42_baseline_non_rescale_r1/summary.csv,results/ckks_tabular_profile_sweep_repeated/logs/tabular_sweep_banknote_linear_poly3_scale42_baseline_non_rescale_r1.log
2026-06-25T23:03:12+09:00,banknote,linear_poly3,scale42,baseline_non_rescale,2,tabular_sweep_banknote_linear_poly3_scale42_baseline_non_rescale_r2,ok,0,results/ckks_tabular_inference/tabular_sweep_banknote_linear_poly3_scale42_baseline_non_rescale_r2/summary.csv,results/ckks_tabular_profile_sweep_repeated/logs/tabular_sweep_banknote_linear_poly3_scale42_baseline_non_rescale_r2.log
2026-06-25T23:04:12+09:00,banknote,linear_poly3,scale42,baseline_non_rescale,3,tabular_sweep_banknote_linear_poly3_scale42_baseline_non_rescale_r3,ok,0,results/ckks_tabular_inference/tabular_sweep_banknote_linear_poly3_scale42_baseline_non_rescale_r3/summary.csv,results/ckks_tabular_profile_sweep_repeated/logs/tabular_sweep_banknote_linear_poly3_scale42_baseline_non_rescale_r3.log
2026-06-25T23:05:12+09:00,banknote,linear_poly3,scale40,rescale_aware,1,tabular_sweep_banknote_linear_poly3_scale40_rescale_aware_r1,ok,0,results/ckks_tabular_inference/tabular_sweep_banknote_linear_poly3_scale40_rescale_aware_r1/summary.csv,results/ckks_tabular_profile_sweep_repeated/logs/tabular_sweep_banknote_linear_poly3_scale40_rescale_aware_r1.log
2026-06-25T23:06:08+09:00,banknote,linear_poly3,scale40,rescale_aware,2,tabular_sweep_banknote_linear_poly3_scale40_rescale_aware_r2,ok,0,results/ckks_tabular_inference/tabular_sweep_banknote_linear_poly3_scale40_rescale_aware_r2/summary.csv,results/ckks_tabular_profile_sweep_repeated/logs/tabular_sweep_banknote_linear_poly3_scale40_rescale_aware_r2.log
2026-06-25T23:07:04+09:00,banknote,linear_poly3,scale40,rescale_aware,3,tabular_sweep_banknote_linear_poly3_scale40_rescale_aware_r3,ok,0,results/ckks_tabular_inference/tabular_sweep_banknote_linear_poly3_scale40_rescale_aware_r3/summary.csv,results/ckks_tabular_profile_sweep_repeated/logs/tabular_sweep_banknote_linear_poly3_scale40_rescale_aware_r3.log
2026-06-25T23:08:00+09:00,banknote,linear_poly3,scale40,baseline_non_rescale,1,tabular_sweep_banknote_linear_poly3_scale40_baseline_non_rescale_r1,ok,0,results/ckks_tabular_inference/tabular_sweep_banknote_linear_poly3_scale40_baseline_non_rescale_r1/summary.csv,results/ckks_tabular_profile_sweep_repeated/logs/tabular_sweep_banknote_linear_poly3_scale40_baseline_non_rescale_r1.log
2026-06-25T23:09:00+09:00,banknote,linear_poly3,scale40,baseline_non_rescale,2,tabular_sweep_banknote_linear_poly3_scale40_baseline_non_rescale_r2,ok,0,results/ckks_tabular_inference/tabular_sweep_banknote_linear_poly3_scale40_baseline_non_rescale_r2/summary.csv,results/ckks_tabular_profile_sweep_repeated/logs/tabular_sweep_banknote_linear_poly3_scale40_baseline_non_rescale_r2.log
2026-06-25T23:10:00+09:00,banknote,linear_poly3,scale40,baseline_non_rescale,3,tabular_sweep_banknote_linear_poly3_scale40_baseline_non_rescale_r3,ok,0,results/ckks_tabular_inference/tabular_sweep_banknote_linear_poly3_scale40_baseline_non_rescale_r3/summary.csv,results/ckks_tabular_profile_sweep_repeated/logs/tabular_sweep_banknote_linear_poly3_scale40_baseline_non_rescale_r3.log
2026-06-25T23:11:00+09:00,banknote,linear_poly3,scale38,rescale_aware,1,tabular_sweep_banknote_linear_poly3_scale38_rescale_aware_r1,ok,0,results/ckks_tabular_inference/tabular_sweep_banknote_linear_poly3_scale38_rescale_aware_r1/summary.csv,results/ckks_tabular_profile_sweep_repeated/logs/tabular_sweep_banknote_linear_poly3_scale38_rescale_aware_r1.log
2026-06-25T23:11:56+09:00,banknote,linear_poly3,scale38,rescale_aware,2,tabular_sweep_banknote_linear_poly3_scale38_rescale_aware_r2,ok,0,results/ckks_tabular_inference/tabular_sweep_banknote_linear_poly3_scale38_rescale_aware_r2/summary.csv,results/ckks_tabular_profile_sweep_repeated/logs/tabular_sweep_banknote_linear_poly3_scale38_rescale_aware_r2.log
2026-06-25T23:12:52+09:00,banknote,linear_poly3,scale38,rescale_aware,3,tabular_sweep_banknote_linear_poly3_scale38_rescale_aware_r3,ok,0,results/ckks_tabular_inference/tabular_sweep_banknote_linear_poly3_scale38_rescale_aware_r3/summary.csv,results/ckks_tabular_profile_sweep_repeated/logs/tabular_sweep_banknote_linear_poly3_scale38_rescale_aware_r3.log
2026-06-25T23:13:48+09:00,banknote,linear_poly3,scale38,baseline_non_rescale,1,tabular_sweep_banknote_linear_poly3_scale38_baseline_non_rescale_r1,ok,0,results/ckks_tabular_inference/tabular_sweep_banknote_linear_poly3_scale38_baseline_non_rescale_r1/summary.csv,results/ckks_tabular_profile_sweep_repeated/logs/tabular_sweep_banknote_linear_poly3_scale38_baseline_non_rescale_r1.log
2026-06-25T23:14:48+09:00,banknote,linear_poly3,scale38,baseline_non_rescale,2,tabular_sweep_banknote_linear_poly3_scale38_baseline_non_rescale_r2,ok,0,results/ckks_tabular_inference/tabular_sweep_banknote_linear_poly3_scale38_baseline_non_rescale_r2/summary.csv,results/ckks_tabular_profile_sweep_repeated/logs/tabular_sweep_banknote_linear_poly3_scale38_baseline_non_rescale_r2.log
2026-06-25T23:15:48+09:00,banknote,linear_poly3,scale38,baseline_non_rescale,3,tabular_sweep_banknote_linear_poly3_scale38_baseline_non_rescale_r3,ok,0,results/ckks_tabular_inference/tabular_sweep_banknote_linear_poly3_scale38_baseline_non_rescale_r3/summary.csv,results/ckks_tabular_profile_sweep_repeated/logs/tabular_sweep_banknote_linear_poly3_scale38_baseline_non_rescale_r3.log
2026-06-25T23:16:48+09:00,banknote,linear_poly3,deep_chain_8_scale45,rescale_aware,1,tabular_sweep_banknote_linear_poly3_deep_chain_8_scale45_rescale_aware_r1,ok,0,results/ckks_tabular_inference/tabular_sweep_banknote_linear_poly3_deep_chain_8_scale45_rescale_aware_r1/summary.csv,results/ckks_tabular_profile_sweep_repeated/logs/tabular_sweep_banknote_linear_poly3_deep_chain_8_scale45_rescale_aware_r1.log
2026-06-25T23:18:57+09:00,banknote,linear_poly3,deep_chain_8_scale45,rescale_aware,2,tabular_sweep_banknote_linear_poly3_deep_chain_8_scale45_rescale_aware_r2,ok,0,results/ckks_tabular_inference/tabular_sweep_banknote_linear_poly3_deep_chain_8_scale45_rescale_aware_r2/summary.csv,results/ckks_tabular_profile_sweep_repeated/logs/tabular_sweep_banknote_linear_poly3_deep_chain_8_scale45_rescale_aware_r2.log
2026-06-25T23:21:05+09:00,banknote,linear_poly3,deep_chain_8_scale45,rescale_aware,3,tabular_sweep_banknote_linear_poly3_deep_chain_8_scale45_rescale_aware_r3,ok,0,results/ckks_tabular_inference/tabular_sweep_banknote_linear_poly3_deep_chain_8_scale45_rescale_aware_r3/summary.csv,results/ckks_tabular_profile_sweep_repeated/logs/tabular_sweep_banknote_linear_poly3_deep_chain_8_scale45_rescale_aware_r3.log
2026-06-25T23:23:14+09:00,banknote,linear_poly3,deep_chain_8_scale45,baseline_non_rescale,1,tabular_sweep_banknote_linear_poly3_deep_chain_8_scale45_baseline_non_rescale_r1,ok,0,results/ckks_tabular_inference/tabular_sweep_banknote_linear_poly3_deep_chain_8_scale45_baseline_non_rescale_r1/summary.csv,results/ckks_tabular_profile_sweep_repeated/logs/tabular_sweep_banknote_linear_poly3_deep_chain_8_scale45_baseline_non_rescale_r1.log
2026-06-25T23:25:32+09:00,banknote,linear_poly3,deep_chain_8_scale45,baseline_non_rescale,2,tabular_sweep_banknote_linear_poly3_deep_chain_8_scale45_baseline_non_rescale_r2,ok,0,results/ckks_tabular_inference/tabular_sweep_banknote_linear_poly3_deep_chain_8_scale45_baseline_non_rescale_r2/summary.csv,results/ckks_tabular_profile_sweep_repeated/logs/tabular_sweep_banknote_linear_poly3_deep_chain_8_scale45_baseline_non_rescale_r2.log
2026-06-25T23:27:50+09:00,banknote,linear_poly3,deep_chain_8_scale45,baseline_non_rescale,3,tabular_sweep_banknote_linear_poly3_deep_chain_8_scale45_baseline_non_rescale_r3,ok,0,results/ckks_tabular_inference/tabular_sweep_banknote_linear_poly3_deep_chain_8_scale45_baseline_non_rescale_r3/summary.csv,results/ckks_tabular_profile_sweep_repeated/logs/tabular_sweep_banknote_linear_poly3_deep_chain_8_scale45_baseline_non_rescale_r3.log
2026-06-25T23:30:08+09:00,banknote,linear_poly3,deep_chain_9_scale45,rescale_aware,1,tabular_sweep_banknote_linear_poly3_deep_chain_9_scale45_rescale_aware_r1,ok,0,results/ckks_tabular_inference/tabular_sweep_banknote_linear_poly3_deep_chain_9_scale45_rescale_aware_r1/summary.csv,results/ckks_tabular_profile_sweep_repeated/logs/tabular_sweep_banknote_linear_poly3_deep_chain_9_scale45_rescale_aware_r1.log
2026-06-25T23:32:40+09:00,banknote,linear_poly3,deep_chain_9_scale45,rescale_aware,2,tabular_sweep_banknote_linear_poly3_deep_chain_9_scale45_rescale_aware_r2,ok,0,results/ckks_tabular_inference/tabular_sweep_banknote_linear_poly3_deep_chain_9_scale45_rescale_aware_r2/summary.csv,results/ckks_tabular_profile_sweep_repeated/logs/tabular_sweep_banknote_linear_poly3_deep_chain_9_scale45_rescale_aware_r2.log
2026-06-25T23:35:13+09:00,banknote,linear_poly3,deep_chain_9_scale45,rescale_aware,3,tabular_sweep_banknote_linear_poly3_deep_chain_9_scale45_rescale_aware_r3,ok,0,results/ckks_tabular_inference/tabular_sweep_banknote_linear_poly3_deep_chain_9_scale45_rescale_aware_r3/summary.csv,results/ckks_tabular_profile_sweep_repeated/logs/tabular_sweep_banknote_linear_poly3_deep_chain_9_scale45_rescale_aware_r3.log
2026-06-25T23:37:45+09:00,banknote,linear_poly3,deep_chain_9_scale45,baseline_non_rescale,1,tabular_sweep_banknote_linear_poly3_deep_chain_9_scale45_baseline_non_rescale_r1,ok,0,results/ckks_tabular_inference/tabular_sweep_banknote_linear_poly3_deep_chain_9_scale45_baseline_non_rescale_r1/summary.csv,results/ckks_tabular_profile_sweep_repeated/logs/tabular_sweep_banknote_linear_poly3_deep_chain_9_scale45_baseline_non_rescale_r1.log
2026-06-25T23:40:22+09:00,banknote,linear_poly3,deep_chain_9_scale45,baseline_non_rescale,2,tabular_sweep_banknote_linear_poly3_deep_chain_9_scale45_baseline_non_rescale_r2,ok,0,results/ckks_tabular_inference/tabular_sweep_banknote_linear_poly3_deep_chain_9_scale45_baseline_non_rescale_r2/summary.csv,results/ckks_tabular_profile_sweep_repeated/logs/tabular_sweep_banknote_linear_poly3_deep_chain_9_scale45_baseline_non_rescale_r2.log
2026-06-25T23:43:00+09:00,banknote,linear_poly3,deep_chain_9_scale45,baseline_non_rescale,3,tabular_sweep_banknote_linear_poly3_deep_chain_9_scale45_baseline_non_rescale_r3,ok,0,results/ckks_tabular_inference/tabular_sweep_banknote_linear_poly3_deep_chain_9_scale45_baseline_non_rescale_r3/summary.csv,results/ckks_tabular_profile_sweep_repeated/logs/tabular_sweep_banknote_linear_poly3_deep_chain_9_scale45_baseline_non_rescale_r3.log
2026-06-25T23:45:39+09:00,banknote,linear_poly3,short_chain_6_scale42,rescale_aware,1,tabular_sweep_banknote_linear_poly3_short_chain_6_scale42_rescale_aware_r1,ok,0,results/ckks_tabular_inference/tabular_sweep_banknote_linear_poly3_short_chain_6_scale42_rescale_aware_r1/summary.csv,results/ckks_tabular_profile_sweep_repeated/logs/tabular_sweep_banknote_linear_poly3_short_chain_6_scale42_rescale_aware_r1.log
2026-06-25T23:46:22+09:00,banknote,linear_poly3,short_chain_6_scale42,rescale_aware,2,tabular_sweep_banknote_linear_poly3_short_chain_6_scale42_rescale_aware_r2,ok,0,results/ckks_tabular_inference/tabular_sweep_banknote_linear_poly3_short_chain_6_scale42_rescale_aware_r2/summary.csv,results/ckks_tabular_profile_sweep_repeated/logs/tabular_sweep_banknote_linear_poly3_short_chain_6_scale42_rescale_aware_r2.log
2026-06-25T23:47:06+09:00,banknote,linear_poly3,short_chain_6_scale42,rescale_aware,3,tabular_sweep_banknote_linear_poly3_short_chain_6_scale42_rescale_aware_r3,ok,0,results/ckks_tabular_inference/tabular_sweep_banknote_linear_poly3_short_chain_6_scale42_rescale_aware_r3/summary.csv,results/ckks_tabular_profile_sweep_repeated/logs/tabular_sweep_banknote_linear_poly3_short_chain_6_scale42_rescale_aware_r3.log
2026-06-25T23:47:50+09:00,banknote,linear_poly3,short_chain_6_scale42,baseline_non_rescale,1,tabular_sweep_banknote_linear_poly3_short_chain_6_scale42_baseline_non_rescale_r1,ok,0,results/ckks_tabular_inference/tabular_sweep_banknote_linear_poly3_short_chain_6_scale42_baseline_non_rescale_r1/summary.csv,results/ckks_tabular_profile_sweep_repeated/logs/tabular_sweep_banknote_linear_poly3_short_chain_6_scale42_baseline_non_rescale_r1.log
2026-06-25T23:48:42+09:00,banknote,linear_poly3,short_chain_6_scale42,baseline_non_rescale,2,tabular_sweep_banknote_linear_poly3_short_chain_6_scale42_baseline_non_rescale_r2,ok,0,results/ckks_tabular_inference/tabular_sweep_banknote_linear_poly3_short_chain_6_scale42_baseline_non_rescale_r2/summary.csv,results/ckks_tabular_profile_sweep_repeated/logs/tabular_sweep_banknote_linear_poly3_short_chain_6_scale42_baseline_non_rescale_r2.log
2026-06-25T23:49:34+09:00,banknote,linear_poly3,short_chain_6_scale42,baseline_non_rescale,3,tabular_sweep_banknote_linear_poly3_short_chain_6_scale42_baseline_non_rescale_r3,ok,0,results/ckks_tabular_inference/tabular_sweep_banknote_linear_poly3_short_chain_6_scale42_baseline_non_rescale_r3/summary.csv,results/ckks_tabular_profile_sweep_repeated/logs/tabular_sweep_banknote_linear_poly3_short_chain_6_scale42_baseline_non_rescale_r3.log
2026-06-25T23:50:26+09:00,banknote,linear_poly3,short_chain_6_scale40,rescale_aware,1,tabular_sweep_banknote_linear_poly3_short_chain_6_scale40_rescale_aware_r1,ok,0,results/ckks_tabular_inference/tabular_sweep_banknote_linear_poly3_short_chain_6_scale40_rescale_aware_r1/summary.csv,results/ckks_tabular_profile_sweep_repeated/logs/tabular_sweep_banknote_linear_poly3_short_chain_6_scale40_rescale_aware_r1.log
2026-06-25T23:51:10+09:00,banknote,linear_poly3,short_chain_6_scale40,rescale_aware,2,tabular_sweep_banknote_linear_poly3_short_chain_6_scale40_rescale_aware_r2,ok,0,results/ckks_tabular_inference/tabular_sweep_banknote_linear_poly3_short_chain_6_scale40_rescale_aware_r2/summary.csv,results/ckks_tabular_profile_sweep_repeated/logs/tabular_sweep_banknote_linear_poly3_short_chain_6_scale40_rescale_aware_r2.log
2026-06-25T23:51:54+09:00,banknote,linear_poly3,short_chain_6_scale40,rescale_aware,3,tabular_sweep_banknote_linear_poly3_short_chain_6_scale40_rescale_aware_r3,ok,0,results/ckks_tabular_inference/tabular_sweep_banknote_linear_poly3_short_chain_6_scale40_rescale_aware_r3/summary.csv,results/ckks_tabular_profile_sweep_repeated/logs/tabular_sweep_banknote_linear_poly3_short_chain_6_scale40_rescale_aware_r3.log
2026-06-25T23:52:38+09:00,banknote,linear_poly3,short_chain_6_scale40,baseline_non_rescale,1,tabular_sweep_banknote_linear_poly3_short_chain_6_scale40_baseline_non_rescale_r1,ok,0,results/ckks_tabular_inference/tabular_sweep_banknote_linear_poly3_short_chain_6_scale40_baseline_non_rescale_r1/summary.csv,results/ckks_tabular_profile_sweep_repeated/logs/tabular_sweep_banknote_linear_poly3_short_chain_6_scale40_baseline_non_rescale_r1.log
2026-06-25T23:53:30+09:00,banknote,linear_poly3,short_chain_6_scale40,baseline_non_rescale,2,tabular_sweep_banknote_linear_poly3_short_chain_6_scale40_baseline_non_rescale_r2,ok,0,results/ckks_tabular_inference/tabular_sweep_banknote_linear_poly3_short_chain_6_scale40_baseline_non_rescale_r2/summary.csv,results/ckks_tabular_profile_sweep_repeated/logs/tabular_sweep_banknote_linear_poly3_short_chain_6_scale40_baseline_non_rescale_r2.log
2026-06-25T23:54:22+09:00,banknote,linear_poly3,short_chain_6_scale40,baseline_non_rescale,3,tabular_sweep_banknote_linear_poly3_short_chain_6_scale40_baseline_non_rescale_r3,ok,0,results/ckks_tabular_inference/tabular_sweep_banknote_linear_poly3_short_chain_6_scale40_baseline_non_rescale_r3/summary.csv,results/ckks_tabular_profile_sweep_repeated/logs/tabular_sweep_banknote_linear_poly3_short_chain_6_scale40_baseline_non_rescale_r3.log
2026-06-25T23:55:14+09:00,banknote,linear_poly3,short_chain_6_scale38,rescale_aware,1,tabular_sweep_banknote_linear_poly3_short_chain_6_scale38_rescale_aware_r1,ok,0,results/ckks_tabular_inference/tabular_sweep_banknote_linear_poly3_short_chain_6_scale38_rescale_aware_r1/summary.csv,results/ckks_tabular_profile_sweep_repeated/logs/tabular_sweep_banknote_linear_poly3_short_chain_6_scale38_rescale_aware_r1.log
2026-06-25T23:55:58+09:00,banknote,linear_poly3,short_chain_6_scale38,rescale_aware,2,tabular_sweep_banknote_linear_poly3_short_chain_6_scale38_rescale_aware_r2,ok,0,results/ckks_tabular_inference/tabular_sweep_banknote_linear_poly3_short_chain_6_scale38_rescale_aware_r2/summary.csv,results/ckks_tabular_profile_sweep_repeated/logs/tabular_sweep_banknote_linear_poly3_short_chain_6_scale38_rescale_aware_r2.log
2026-06-25T23:56:42+09:00,banknote,linear_poly3,short_chain_6_scale38,rescale_aware,3,tabular_sweep_banknote_linear_poly3_short_chain_6_scale38_rescale_aware_r3,ok,0,results/ckks_tabular_inference/tabular_sweep_banknote_linear_poly3_short_chain_6_scale38_rescale_aware_r3/summary.csv,results/ckks_tabular_profile_sweep_repeated/logs/tabular_sweep_banknote_linear_poly3_short_chain_6_scale38_rescale_aware_r3.log
2026-06-25T23:57:25+09:00,banknote,linear_poly3,short_chain_6_scale38,baseline_non_rescale,1,tabular_sweep_banknote_linear_poly3_short_chain_6_scale38_baseline_non_rescale_r1,ok,0,results/ckks_tabular_inference/tabular_sweep_banknote_linear_poly3_short_chain_6_scale38_baseline_non_rescale_r1/summary.csv,results/ckks_tabular_profile_sweep_repeated/logs/tabular_sweep_banknote_linear_poly3_short_chain_6_scale38_baseline_non_rescale_r1.log
2026-06-25T23:58:18+09:00,banknote,linear_poly3,short_chain_6_scale38,baseline_non_rescale,2,tabular_sweep_banknote_linear_poly3_short_chain_6_scale38_baseline_non_rescale_r2,ok,0,results/ckks_tabular_inference/tabular_sweep_banknote_linear_poly3_short_chain_6_scale38_baseline_non_rescale_r2/summary.csv,results/ckks_tabular_profile_sweep_repeated/logs/tabular_sweep_banknote_linear_poly3_short_chain_6_scale38_baseline_non_rescale_r2.log
2026-06-25T23:59:10+09:00,banknote,linear_poly3,short_chain_6_scale38,baseline_non_rescale,3,tabular_sweep_banknote_linear_poly3_short_chain_6_scale38_baseline_non_rescale_r3,ok,0,results/ckks_tabular_inference/tabular_sweep_banknote_linear_poly3_short_chain_6_scale38_baseline_non_rescale_r3/summary.csv,results/ckks_tabular_profile_sweep_repeated/logs/tabular_sweep_banknote_linear_poly3_short_chain_6_scale38_baseline_non_rescale_r3.log
2026-06-26T00:00:02+09:00,banknote,linear_poly3,short_chain_5,rescale_aware,1,tabular_sweep_banknote_linear_poly3_short_chain_5_rescale_aware_r1,failed,1,results/ckks_tabular_inference/tabular_sweep_banknote_linear_poly3_short_chain_5_rescale_aware_r1/summary.csv,results/ckks_tabular_profile_sweep_repeated/logs/tabular_sweep_banknote_linear_poly3_short_chain_5_rescale_aware_r1.log
2026-06-26T00:00:02+09:00,banknote,linear_poly3,short_chain_5,rescale_aware,2,tabular_sweep_banknote_linear_poly3_short_chain_5_rescale_aware_r2,failed,1,results/ckks_tabular_inference/tabular_sweep_banknote_linear_poly3_short_chain_5_rescale_aware_r2/summary.csv,results/ckks_tabular_profile_sweep_repeated/logs/tabular_sweep_banknote_linear_poly3_short_chain_5_rescale_aware_r2.log
2026-06-26T00:00:03+09:00,banknote,linear_poly3,short_chain_5,rescale_aware,3,tabular_sweep_banknote_linear_poly3_short_chain_5_rescale_aware_r3,failed,1,results/ckks_tabular_inference/tabular_sweep_banknote_linear_poly3_short_chain_5_rescale_aware_r3/summary.csv,results/ckks_tabular_profile_sweep_repeated/logs/tabular_sweep_banknote_linear_poly3_short_chain_5_rescale_aware_r3.log
2026-06-26T00:00:03+09:00,banknote,linear_poly3,short_chain_5,baseline_non_rescale,1,tabular_sweep_banknote_linear_poly3_short_chain_5_baseline_non_rescale_r1,ok,0,results/ckks_tabular_inference/tabular_sweep_banknote_linear_poly3_short_chain_5_baseline_non_rescale_r1/summary.csv,results/ckks_tabular_profile_sweep_repeated/logs/tabular_sweep_banknote_linear_poly3_short_chain_5_baseline_non_rescale_r1.log
2026-06-26T00:00:48+09:00,banknote,linear_poly3,short_chain_5,baseline_non_rescale,2,tabular_sweep_banknote_linear_poly3_short_chain_5_baseline_non_rescale_r2,ok,0,results/ckks_tabular_inference/tabular_sweep_banknote_linear_poly3_short_chain_5_baseline_non_rescale_r2/summary.csv,results/ckks_tabular_profile_sweep_repeated/logs/tabular_sweep_banknote_linear_poly3_short_chain_5_baseline_non_rescale_r2.log
2026-06-26T00:01:33+09:00,banknote,linear_poly3,short_chain_5,baseline_non_rescale,3,tabular_sweep_banknote_linear_poly3_short_chain_5_baseline_non_rescale_r3,ok,0,results/ckks_tabular_inference/tabular_sweep_banknote_linear_poly3_short_chain_5_baseline_non_rescale_r3/summary.csv,results/ckks_tabular_profile_sweep_repeated/logs/tabular_sweep_banknote_linear_poly3_short_chain_5_baseline_non_rescale_r3.log
2026-06-26T00:02:19+09:00,banknote,linear_poly3,short_chain_3,rescale_aware,1,tabular_sweep_banknote_linear_poly3_short_chain_3_rescale_aware_r1,failed,1,results/ckks_tabular_inference/tabular_sweep_banknote_linear_poly3_short_chain_3_rescale_aware_r1/summary.csv,results/ckks_tabular_profile_sweep_repeated/logs/tabular_sweep_banknote_linear_poly3_short_chain_3_rescale_aware_r1.log
2026-06-26T00:02:19+09:00,banknote,linear_poly3,short_chain_3,rescale_aware,2,tabular_sweep_banknote_linear_poly3_short_chain_3_rescale_aware_r2,failed,1,results/ckks_tabular_inference/tabular_sweep_banknote_linear_poly3_short_chain_3_rescale_aware_r2/summary.csv,results/ckks_tabular_profile_sweep_repeated/logs/tabular_sweep_banknote_linear_poly3_short_chain_3_rescale_aware_r2.log
2026-06-26T00:02:19+09:00,banknote,linear_poly3,short_chain_3,rescale_aware,3,tabular_sweep_banknote_linear_poly3_short_chain_3_rescale_aware_r3,failed,1,results/ckks_tabular_inference/tabular_sweep_banknote_linear_poly3_short_chain_3_rescale_aware_r3/summary.csv,results/ckks_tabular_profile_sweep_repeated/logs/tabular_sweep_banknote_linear_poly3_short_chain_3_rescale_aware_r3.log
2026-06-26T00:02:19+09:00,banknote,linear_poly3,short_chain_3,baseline_non_rescale,1,tabular_sweep_banknote_linear_poly3_short_chain_3_baseline_non_rescale_r1,ok,0,results/ckks_tabular_inference/tabular_sweep_banknote_linear_poly3_short_chain_3_baseline_non_rescale_r1/summary.csv,results/ckks_tabular_profile_sweep_repeated/logs/tabular_sweep_banknote_linear_poly3_short_chain_3_baseline_non_rescale_r1.log
2026-06-26T00:02:51+09:00,banknote,linear_poly3,short_chain_3,baseline_non_rescale,2,tabular_sweep_banknote_linear_poly3_short_chain_3_baseline_non_rescale_r2,ok,0,results/ckks_tabular_inference/tabular_sweep_banknote_linear_poly3_short_chain_3_baseline_non_rescale_r2/summary.csv,results/ckks_tabular_profile_sweep_repeated/logs/tabular_sweep_banknote_linear_poly3_short_chain_3_baseline_non_rescale_r2.log
2026-06-26T00:03:23+09:00,banknote,linear_poly3,short_chain_3,baseline_non_rescale,3,tabular_sweep_banknote_linear_poly3_short_chain_3_baseline_non_rescale_r3,ok,0,results/ckks_tabular_inference/tabular_sweep_banknote_linear_poly3_short_chain_3_baseline_non_rescale_r3/summary.csv,results/ckks_tabular_profile_sweep_repeated/logs/tabular_sweep_banknote_linear_poly3_short_chain_3_baseline_non_rescale_r3.log
2026-06-26T00:03:55+09:00,banknote,mlp_square_linear_score,default,rescale_aware,1,tabular_sweep_banknote_mlp_square_linear_score_default_rescale_aware_r1,ok,0,results/ckks_tabular_inference/tabular_sweep_banknote_mlp_square_linear_score_default_rescale_aware_r1/summary.csv,results/ckks_tabular_profile_sweep_repeated/logs/tabular_sweep_banknote_mlp_square_linear_score_default_rescale_aware_r1.log
2026-06-26T00:05:20+09:00,banknote,mlp_square_linear_score,default,rescale_aware,2,tabular_sweep_banknote_mlp_square_linear_score_default_rescale_aware_r2,ok,0,results/ckks_tabular_inference/tabular_sweep_banknote_mlp_square_linear_score_default_rescale_aware_r2/summary.csv,results/ckks_tabular_profile_sweep_repeated/logs/tabular_sweep_banknote_mlp_square_linear_score_default_rescale_aware_r2.log
2026-06-26T00:06:45+09:00,banknote,mlp_square_linear_score,default,rescale_aware,3,tabular_sweep_banknote_mlp_square_linear_score_default_rescale_aware_r3,ok,0,results/ckks_tabular_inference/tabular_sweep_banknote_mlp_square_linear_score_default_rescale_aware_r3/summary.csv,results/ckks_tabular_profile_sweep_repeated/logs/tabular_sweep_banknote_mlp_square_linear_score_default_rescale_aware_r3.log
2026-06-26T00:08:09+09:00,banknote,mlp_square_linear_score,default,baseline_non_rescale,1,tabular_sweep_banknote_mlp_square_linear_score_default_baseline_non_rescale_r1,ok,0,results/ckks_tabular_inference/tabular_sweep_banknote_mlp_square_linear_score_default_baseline_non_rescale_r1/summary.csv,results/ckks_tabular_profile_sweep_repeated/logs/tabular_sweep_banknote_mlp_square_linear_score_default_baseline_non_rescale_r1.log
2026-06-26T00:09:33+09:00,banknote,mlp_square_linear_score,default,baseline_non_rescale,2,tabular_sweep_banknote_mlp_square_linear_score_default_baseline_non_rescale_r2,ok,0,results/ckks_tabular_inference/tabular_sweep_banknote_mlp_square_linear_score_default_baseline_non_rescale_r2/summary.csv,results/ckks_tabular_profile_sweep_repeated/logs/tabular_sweep_banknote_mlp_square_linear_score_default_baseline_non_rescale_r2.log
2026-06-26T00:10:56+09:00,banknote,mlp_square_linear_score,default,baseline_non_rescale,3,tabular_sweep_banknote_mlp_square_linear_score_default_baseline_non_rescale_r3,ok,0,results/ckks_tabular_inference/tabular_sweep_banknote_mlp_square_linear_score_default_baseline_non_rescale_r3/summary.csv,results/ckks_tabular_profile_sweep_repeated/logs/tabular_sweep_banknote_mlp_square_linear_score_default_baseline_non_rescale_r3.log
2026-06-26T00:12:19+09:00,banknote,mlp_square_linear_score,scale42,rescale_aware,1,tabular_sweep_banknote_mlp_square_linear_score_scale42_rescale_aware_r1,ok,0,results/ckks_tabular_inference/tabular_sweep_banknote_mlp_square_linear_score_scale42_rescale_aware_r1/summary.csv,results/ckks_tabular_profile_sweep_repeated/logs/tabular_sweep_banknote_mlp_square_linear_score_scale42_rescale_aware_r1.log
2026-06-26T00:13:46+09:00,banknote,mlp_square_linear_score,scale42,rescale_aware,2,tabular_sweep_banknote_mlp_square_linear_score_scale42_rescale_aware_r2,ok,0,results/ckks_tabular_inference/tabular_sweep_banknote_mlp_square_linear_score_scale42_rescale_aware_r2/summary.csv,results/ckks_tabular_profile_sweep_repeated/logs/tabular_sweep_banknote_mlp_square_linear_score_scale42_rescale_aware_r2.log
2026-06-26T00:15:14+09:00,banknote,mlp_square_linear_score,scale42,rescale_aware,3,tabular_sweep_banknote_mlp_square_linear_score_scale42_rescale_aware_r3,ok,0,results/ckks_tabular_inference/tabular_sweep_banknote_mlp_square_linear_score_scale42_rescale_aware_r3/summary.csv,results/ckks_tabular_profile_sweep_repeated/logs/tabular_sweep_banknote_mlp_square_linear_score_scale42_rescale_aware_r3.log
2026-06-26T00:16:41+09:00,banknote,mlp_square_linear_score,scale42,baseline_non_rescale,1,tabular_sweep_banknote_mlp_square_linear_score_scale42_baseline_non_rescale_r1,ok,0,results/ckks_tabular_inference/tabular_sweep_banknote_mlp_square_linear_score_scale42_baseline_non_rescale_r1/summary.csv,results/ckks_tabular_profile_sweep_repeated/logs/tabular_sweep_banknote_mlp_square_linear_score_scale42_baseline_non_rescale_r1.log
2026-06-26T00:18:04+09:00,banknote,mlp_square_linear_score,scale42,baseline_non_rescale,2,tabular_sweep_banknote_mlp_square_linear_score_scale42_baseline_non_rescale_r2,ok,0,results/ckks_tabular_inference/tabular_sweep_banknote_mlp_square_linear_score_scale42_baseline_non_rescale_r2/summary.csv,results/ckks_tabular_profile_sweep_repeated/logs/tabular_sweep_banknote_mlp_square_linear_score_scale42_baseline_non_rescale_r2.log
2026-06-26T00:19:28+09:00,banknote,mlp_square_linear_score,scale42,baseline_non_rescale,3,tabular_sweep_banknote_mlp_square_linear_score_scale42_baseline_non_rescale_r3,ok,0,results/ckks_tabular_inference/tabular_sweep_banknote_mlp_square_linear_score_scale42_baseline_non_rescale_r3/summary.csv,results/ckks_tabular_profile_sweep_repeated/logs/tabular_sweep_banknote_mlp_square_linear_score_scale42_baseline_non_rescale_r3.log
2026-06-26T00:20:51+09:00,banknote,mlp_square_linear_score,scale40,rescale_aware,1,tabular_sweep_banknote_mlp_square_linear_score_scale40_rescale_aware_r1,ok,0,results/ckks_tabular_inference/tabular_sweep_banknote_mlp_square_linear_score_scale40_rescale_aware_r1/summary.csv,results/ckks_tabular_profile_sweep_repeated/logs/tabular_sweep_banknote_mlp_square_linear_score_scale40_rescale_aware_r1.log
2026-06-26T00:22:18+09:00,banknote,mlp_square_linear_score,scale40,rescale_aware,2,tabular_sweep_banknote_mlp_square_linear_score_scale40_rescale_aware_r2,ok,0,results/ckks_tabular_inference/tabular_sweep_banknote_mlp_square_linear_score_scale40_rescale_aware_r2/summary.csv,results/ckks_tabular_profile_sweep_repeated/logs/tabular_sweep_banknote_mlp_square_linear_score_scale40_rescale_aware_r2.log
2026-06-26T00:23:45+09:00,banknote,mlp_square_linear_score,scale40,rescale_aware,3,tabular_sweep_banknote_mlp_square_linear_score_scale40_rescale_aware_r3,ok,0,results/ckks_tabular_inference/tabular_sweep_banknote_mlp_square_linear_score_scale40_rescale_aware_r3/summary.csv,results/ckks_tabular_profile_sweep_repeated/logs/tabular_sweep_banknote_mlp_square_linear_score_scale40_rescale_aware_r3.log
2026-06-26T00:25:13+09:00,banknote,mlp_square_linear_score,scale40,baseline_non_rescale,1,tabular_sweep_banknote_mlp_square_linear_score_scale40_baseline_non_rescale_r1,ok,0,results/ckks_tabular_inference/tabular_sweep_banknote_mlp_square_linear_score_scale40_baseline_non_rescale_r1/summary.csv,results/ckks_tabular_profile_sweep_repeated/logs/tabular_sweep_banknote_mlp_square_linear_score_scale40_baseline_non_rescale_r1.log
2026-06-26T00:26:36+09:00,banknote,mlp_square_linear_score,scale40,baseline_non_rescale,2,tabular_sweep_banknote_mlp_square_linear_score_scale40_baseline_non_rescale_r2,ok,0,results/ckks_tabular_inference/tabular_sweep_banknote_mlp_square_linear_score_scale40_baseline_non_rescale_r2/summary.csv,results/ckks_tabular_profile_sweep_repeated/logs/tabular_sweep_banknote_mlp_square_linear_score_scale40_baseline_non_rescale_r2.log
2026-06-26T00:27:59+09:00,banknote,mlp_square_linear_score,scale40,baseline_non_rescale,3,tabular_sweep_banknote_mlp_square_linear_score_scale40_baseline_non_rescale_r3,ok,0,results/ckks_tabular_inference/tabular_sweep_banknote_mlp_square_linear_score_scale40_baseline_non_rescale_r3/summary.csv,results/ckks_tabular_profile_sweep_repeated/logs/tabular_sweep_banknote_mlp_square_linear_score_scale40_baseline_non_rescale_r3.log
2026-06-26T00:29:22+09:00,banknote,mlp_square_linear_score,scale38,rescale_aware,1,tabular_sweep_banknote_mlp_square_linear_score_scale38_rescale_aware_r1,ok,0,results/ckks_tabular_inference/tabular_sweep_banknote_mlp_square_linear_score_scale38_rescale_aware_r1/summary.csv,results/ckks_tabular_profile_sweep_repeated/logs/tabular_sweep_banknote_mlp_square_linear_score_scale38_rescale_aware_r1.log
2026-06-26T00:30:50+09:00,banknote,mlp_square_linear_score,scale38,rescale_aware,2,tabular_sweep_banknote_mlp_square_linear_score_scale38_rescale_aware_r2,ok,0,results/ckks_tabular_inference/tabular_sweep_banknote_mlp_square_linear_score_scale38_rescale_aware_r2/summary.csv,results/ckks_tabular_profile_sweep_repeated/logs/tabular_sweep_banknote_mlp_square_linear_score_scale38_rescale_aware_r2.log
2026-06-26T00:32:17+09:00,banknote,mlp_square_linear_score,scale38,rescale_aware,3,tabular_sweep_banknote_mlp_square_linear_score_scale38_rescale_aware_r3,ok,0,results/ckks_tabular_inference/tabular_sweep_banknote_mlp_square_linear_score_scale38_rescale_aware_r3/summary.csv,results/ckks_tabular_profile_sweep_repeated/logs/tabular_sweep_banknote_mlp_square_linear_score_scale38_rescale_aware_r3.log
2026-06-26T00:33:45+09:00,banknote,mlp_square_linear_score,scale38,baseline_non_rescale,1,tabular_sweep_banknote_mlp_square_linear_score_scale38_baseline_non_rescale_r1,ok,0,results/ckks_tabular_inference/tabular_sweep_banknote_mlp_square_linear_score_scale38_baseline_non_rescale_r1/summary.csv,results/ckks_tabular_profile_sweep_repeated/logs/tabular_sweep_banknote_mlp_square_linear_score_scale38_baseline_non_rescale_r1.log
2026-06-26T00:35:08+09:00,banknote,mlp_square_linear_score,scale38,baseline_non_rescale,2,tabular_sweep_banknote_mlp_square_linear_score_scale38_baseline_non_rescale_r2,ok,0,results/ckks_tabular_inference/tabular_sweep_banknote_mlp_square_linear_score_scale38_baseline_non_rescale_r2/summary.csv,results/ckks_tabular_profile_sweep_repeated/logs/tabular_sweep_banknote_mlp_square_linear_score_scale38_baseline_non_rescale_r2.log
2026-06-26T00:36:31+09:00,banknote,mlp_square_linear_score,scale38,baseline_non_rescale,3,tabular_sweep_banknote_mlp_square_linear_score_scale38_baseline_non_rescale_r3,ok,0,results/ckks_tabular_inference/tabular_sweep_banknote_mlp_square_linear_score_scale38_baseline_non_rescale_r3/summary.csv,results/ckks_tabular_profile_sweep_repeated/logs/tabular_sweep_banknote_mlp_square_linear_score_scale38_baseline_non_rescale_r3.log
2026-06-26T00:37:54+09:00,banknote,mlp_square_linear_score,deep_chain_8_scale45,rescale_aware,1,tabular_sweep_banknote_mlp_square_linear_score_deep_chain_8_scale45_rescale_aware_r1,ok,0,results/ckks_tabular_inference/tabular_sweep_banknote_mlp_square_linear_score_deep_chain_8_scale45_rescale_aware_r1/summary.csv,results/ckks_tabular_profile_sweep_repeated/logs/tabular_sweep_banknote_mlp_square_linear_score_deep_chain_8_scale45_rescale_aware_r1.log
2026-06-26T00:41:11+09:00,banknote,mlp_square_linear_score,deep_chain_8_scale45,rescale_aware,2,tabular_sweep_banknote_mlp_square_linear_score_deep_chain_8_scale45_rescale_aware_r2,ok,0,results/ckks_tabular_inference/tabular_sweep_banknote_mlp_square_linear_score_deep_chain_8_scale45_rescale_aware_r2/summary.csv,results/ckks_tabular_profile_sweep_repeated/logs/tabular_sweep_banknote_mlp_square_linear_score_deep_chain_8_scale45_rescale_aware_r2.log
2026-06-26T00:44:29+09:00,banknote,mlp_square_linear_score,deep_chain_8_scale45,rescale_aware,3,tabular_sweep_banknote_mlp_square_linear_score_deep_chain_8_scale45_rescale_aware_r3,ok,0,results/ckks_tabular_inference/tabular_sweep_banknote_mlp_square_linear_score_deep_chain_8_scale45_rescale_aware_r3/summary.csv,results/ckks_tabular_profile_sweep_repeated/logs/tabular_sweep_banknote_mlp_square_linear_score_deep_chain_8_scale45_rescale_aware_r3.log
2026-06-26T00:47:46+09:00,banknote,mlp_square_linear_score,deep_chain_8_scale45,baseline_non_rescale,1,tabular_sweep_banknote_mlp_square_linear_score_deep_chain_8_scale45_baseline_non_rescale_r1,ok,0,results/ckks_tabular_inference/tabular_sweep_banknote_mlp_square_linear_score_deep_chain_8_scale45_baseline_non_rescale_r1/summary.csv,results/ckks_tabular_profile_sweep_repeated/logs/tabular_sweep_banknote_mlp_square_linear_score_deep_chain_8_scale45_baseline_non_rescale_r1.log
2026-06-26T00:50:58+09:00,banknote,mlp_square_linear_score,deep_chain_8_scale45,baseline_non_rescale,2,tabular_sweep_banknote_mlp_square_linear_score_deep_chain_8_scale45_baseline_non_rescale_r2,ok,0,results/ckks_tabular_inference/tabular_sweep_banknote_mlp_square_linear_score_deep_chain_8_scale45_baseline_non_rescale_r2/summary.csv,results/ckks_tabular_profile_sweep_repeated/logs/tabular_sweep_banknote_mlp_square_linear_score_deep_chain_8_scale45_baseline_non_rescale_r2.log
2026-06-26T00:54:09+09:00,banknote,mlp_square_linear_score,deep_chain_8_scale45,baseline_non_rescale,3,tabular_sweep_banknote_mlp_square_linear_score_deep_chain_8_scale45_baseline_non_rescale_r3,ok,0,results/ckks_tabular_inference/tabular_sweep_banknote_mlp_square_linear_score_deep_chain_8_scale45_baseline_non_rescale_r3/summary.csv,results/ckks_tabular_profile_sweep_repeated/logs/tabular_sweep_banknote_mlp_square_linear_score_deep_chain_8_scale45_baseline_non_rescale_r3.log
2026-06-26T00:57:20+09:00,banknote,mlp_square_linear_score,deep_chain_9_scale45,rescale_aware,1,tabular_sweep_banknote_mlp_square_linear_score_deep_chain_9_scale45_rescale_aware_r1,ok,0,results/ckks_tabular_inference/tabular_sweep_banknote_mlp_square_linear_score_deep_chain_9_scale45_rescale_aware_r1/summary.csv,results/ckks_tabular_profile_sweep_repeated/logs/tabular_sweep_banknote_mlp_square_linear_score_deep_chain_9_scale45_rescale_aware_r1.log
2026-06-26T01:01:20+09:00,banknote,mlp_square_linear_score,deep_chain_9_scale45,rescale_aware,2,tabular_sweep_banknote_mlp_square_linear_score_deep_chain_9_scale45_rescale_aware_r2,ok,0,results/ckks_tabular_inference/tabular_sweep_banknote_mlp_square_linear_score_deep_chain_9_scale45_rescale_aware_r2/summary.csv,results/ckks_tabular_profile_sweep_repeated/logs/tabular_sweep_banknote_mlp_square_linear_score_deep_chain_9_scale45_rescale_aware_r2.log
2026-06-26T01:05:20+09:00,banknote,mlp_square_linear_score,deep_chain_9_scale45,rescale_aware,3,tabular_sweep_banknote_mlp_square_linear_score_deep_chain_9_scale45_rescale_aware_r3,ok,0,results/ckks_tabular_inference/tabular_sweep_banknote_mlp_square_linear_score_deep_chain_9_scale45_rescale_aware_r3/summary.csv,results/ckks_tabular_profile_sweep_repeated/logs/tabular_sweep_banknote_mlp_square_linear_score_deep_chain_9_scale45_rescale_aware_r3.log
2026-06-26T01:09:20+09:00,banknote,mlp_square_linear_score,deep_chain_9_scale45,baseline_non_rescale,1,tabular_sweep_banknote_mlp_square_linear_score_deep_chain_9_scale45_baseline_non_rescale_r1,ok,0,results/ckks_tabular_inference/tabular_sweep_banknote_mlp_square_linear_score_deep_chain_9_scale45_baseline_non_rescale_r1/summary.csv,results/ckks_tabular_profile_sweep_repeated/logs/tabular_sweep_banknote_mlp_square_linear_score_deep_chain_9_scale45_baseline_non_rescale_r1.log
2026-06-26T01:13:03+09:00,banknote,mlp_square_linear_score,deep_chain_9_scale45,baseline_non_rescale,2,tabular_sweep_banknote_mlp_square_linear_score_deep_chain_9_scale45_baseline_non_rescale_r2,ok,0,results/ckks_tabular_inference/tabular_sweep_banknote_mlp_square_linear_score_deep_chain_9_scale45_baseline_non_rescale_r2/summary.csv,results/ckks_tabular_profile_sweep_repeated/logs/tabular_sweep_banknote_mlp_square_linear_score_deep_chain_9_scale45_baseline_non_rescale_r2.log
2026-06-26T01:16:46+09:00,banknote,mlp_square_linear_score,deep_chain_9_scale45,baseline_non_rescale,3,tabular_sweep_banknote_mlp_square_linear_score_deep_chain_9_scale45_baseline_non_rescale_r3,ok,0,results/ckks_tabular_inference/tabular_sweep_banknote_mlp_square_linear_score_deep_chain_9_scale45_baseline_non_rescale_r3/summary.csv,results/ckks_tabular_profile_sweep_repeated/logs/tabular_sweep_banknote_mlp_square_linear_score_deep_chain_9_scale45_baseline_non_rescale_r3.log
2026-06-26T01:20:30+09:00,banknote,mlp_square_linear_score,short_chain_6_scale42,rescale_aware,1,tabular_sweep_banknote_mlp_square_linear_score_short_chain_6_scale42_rescale_aware_r1,ok,0,results/ckks_tabular_inference/tabular_sweep_banknote_mlp_square_linear_score_short_chain_6_scale42_rescale_aware_r1/summary.csv,results/ckks_tabular_profile_sweep_repeated/logs/tabular_sweep_banknote_mlp_square_linear_score_short_chain_6_scale42_rescale_aware_r1.log
2026-06-26T01:21:43+09:00,banknote,mlp_square_linear_score,short_chain_6_scale42,rescale_aware,2,tabular_sweep_banknote_mlp_square_linear_score_short_chain_6_scale42_rescale_aware_r2,ok,0,results/ckks_tabular_inference/tabular_sweep_banknote_mlp_square_linear_score_short_chain_6_scale42_rescale_aware_r2/summary.csv,results/ckks_tabular_profile_sweep_repeated/logs/tabular_sweep_banknote_mlp_square_linear_score_short_chain_6_scale42_rescale_aware_r2.log
2026-06-26T01:22:56+09:00,banknote,mlp_square_linear_score,short_chain_6_scale42,rescale_aware,3,tabular_sweep_banknote_mlp_square_linear_score_short_chain_6_scale42_rescale_aware_r3,ok,0,results/ckks_tabular_inference/tabular_sweep_banknote_mlp_square_linear_score_short_chain_6_scale42_rescale_aware_r3/summary.csv,results/ckks_tabular_profile_sweep_repeated/logs/tabular_sweep_banknote_mlp_square_linear_score_short_chain_6_scale42_rescale_aware_r3.log
2026-06-26T01:24:09+09:00,banknote,mlp_square_linear_score,short_chain_6_scale42,baseline_non_rescale,1,tabular_sweep_banknote_mlp_square_linear_score_short_chain_6_scale42_baseline_non_rescale_r1,ok,0,results/ckks_tabular_inference/tabular_sweep_banknote_mlp_square_linear_score_short_chain_6_scale42_baseline_non_rescale_r1/summary.csv,results/ckks_tabular_profile_sweep_repeated/logs/tabular_sweep_banknote_mlp_square_linear_score_short_chain_6_scale42_baseline_non_rescale_r1.log
2026-06-26T01:25:20+09:00,banknote,mlp_square_linear_score,short_chain_6_scale42,baseline_non_rescale,2,tabular_sweep_banknote_mlp_square_linear_score_short_chain_6_scale42_baseline_non_rescale_r2,ok,0,results/ckks_tabular_inference/tabular_sweep_banknote_mlp_square_linear_score_short_chain_6_scale42_baseline_non_rescale_r2/summary.csv,results/ckks_tabular_profile_sweep_repeated/logs/tabular_sweep_banknote_mlp_square_linear_score_short_chain_6_scale42_baseline_non_rescale_r2.log
2026-06-26T01:26:30+09:00,banknote,mlp_square_linear_score,short_chain_6_scale42,baseline_non_rescale,3,tabular_sweep_banknote_mlp_square_linear_score_short_chain_6_scale42_baseline_non_rescale_r3,ok,0,results/ckks_tabular_inference/tabular_sweep_banknote_mlp_square_linear_score_short_chain_6_scale42_baseline_non_rescale_r3/summary.csv,results/ckks_tabular_profile_sweep_repeated/logs/tabular_sweep_banknote_mlp_square_linear_score_short_chain_6_scale42_baseline_non_rescale_r3.log
2026-06-26T01:27:40+09:00,banknote,mlp_square_linear_score,short_chain_6_scale40,rescale_aware,1,tabular_sweep_banknote_mlp_square_linear_score_short_chain_6_scale40_rescale_aware_r1,ok,0,results/ckks_tabular_inference/tabular_sweep_banknote_mlp_square_linear_score_short_chain_6_scale40_rescale_aware_r1/summary.csv,results/ckks_tabular_profile_sweep_repeated/logs/tabular_sweep_banknote_mlp_square_linear_score_short_chain_6_scale40_rescale_aware_r1.log
2026-06-26T01:28:53+09:00,banknote,mlp_square_linear_score,short_chain_6_scale40,rescale_aware,2,tabular_sweep_banknote_mlp_square_linear_score_short_chain_6_scale40_rescale_aware_r2,ok,0,results/ckks_tabular_inference/tabular_sweep_banknote_mlp_square_linear_score_short_chain_6_scale40_rescale_aware_r2/summary.csv,results/ckks_tabular_profile_sweep_repeated/logs/tabular_sweep_banknote_mlp_square_linear_score_short_chain_6_scale40_rescale_aware_r2.log
2026-06-26T01:30:06+09:00,banknote,mlp_square_linear_score,short_chain_6_scale40,rescale_aware,3,tabular_sweep_banknote_mlp_square_linear_score_short_chain_6_scale40_rescale_aware_r3,ok,0,results/ckks_tabular_inference/tabular_sweep_banknote_mlp_square_linear_score_short_chain_6_scale40_rescale_aware_r3/summary.csv,results/ckks_tabular_profile_sweep_repeated/logs/tabular_sweep_banknote_mlp_square_linear_score_short_chain_6_scale40_rescale_aware_r3.log
2026-06-26T01:31:19+09:00,banknote,mlp_square_linear_score,short_chain_6_scale40,baseline_non_rescale,1,tabular_sweep_banknote_mlp_square_linear_score_short_chain_6_scale40_baseline_non_rescale_r1,ok,0,results/ckks_tabular_inference/tabular_sweep_banknote_mlp_square_linear_score_short_chain_6_scale40_baseline_non_rescale_r1/summary.csv,results/ckks_tabular_profile_sweep_repeated/logs/tabular_sweep_banknote_mlp_square_linear_score_short_chain_6_scale40_baseline_non_rescale_r1.log
2026-06-26T01:32:29+09:00,banknote,mlp_square_linear_score,short_chain_6_scale40,baseline_non_rescale,2,tabular_sweep_banknote_mlp_square_linear_score_short_chain_6_scale40_baseline_non_rescale_r2,ok,0,results/ckks_tabular_inference/tabular_sweep_banknote_mlp_square_linear_score_short_chain_6_scale40_baseline_non_rescale_r2/summary.csv,results/ckks_tabular_profile_sweep_repeated/logs/tabular_sweep_banknote_mlp_square_linear_score_short_chain_6_scale40_baseline_non_rescale_r2.log
2026-06-26T01:33:40+09:00,banknote,mlp_square_linear_score,short_chain_6_scale40,baseline_non_rescale,3,tabular_sweep_banknote_mlp_square_linear_score_short_chain_6_scale40_baseline_non_rescale_r3,ok,0,results/ckks_tabular_inference/tabular_sweep_banknote_mlp_square_linear_score_short_chain_6_scale40_baseline_non_rescale_r3/summary.csv,results/ckks_tabular_profile_sweep_repeated/logs/tabular_sweep_banknote_mlp_square_linear_score_short_chain_6_scale40_baseline_non_rescale_r3.log
2026-06-26T01:34:50+09:00,banknote,mlp_square_linear_score,short_chain_6_scale38,rescale_aware,1,tabular_sweep_banknote_mlp_square_linear_score_short_chain_6_scale38_rescale_aware_r1,ok,0,results/ckks_tabular_inference/tabular_sweep_banknote_mlp_square_linear_score_short_chain_6_scale38_rescale_aware_r1/summary.csv,results/ckks_tabular_profile_sweep_repeated/logs/tabular_sweep_banknote_mlp_square_linear_score_short_chain_6_scale38_rescale_aware_r1.log
2026-06-26T01:36:03+09:00,banknote,mlp_square_linear_score,short_chain_6_scale38,rescale_aware,2,tabular_sweep_banknote_mlp_square_linear_score_short_chain_6_scale38_rescale_aware_r2,ok,0,results/ckks_tabular_inference/tabular_sweep_banknote_mlp_square_linear_score_short_chain_6_scale38_rescale_aware_r2/summary.csv,results/ckks_tabular_profile_sweep_repeated/logs/tabular_sweep_banknote_mlp_square_linear_score_short_chain_6_scale38_rescale_aware_r2.log
2026-06-26T01:37:16+09:00,banknote,mlp_square_linear_score,short_chain_6_scale38,rescale_aware,3,tabular_sweep_banknote_mlp_square_linear_score_short_chain_6_scale38_rescale_aware_r3,ok,0,results/ckks_tabular_inference/tabular_sweep_banknote_mlp_square_linear_score_short_chain_6_scale38_rescale_aware_r3/summary.csv,results/ckks_tabular_profile_sweep_repeated/logs/tabular_sweep_banknote_mlp_square_linear_score_short_chain_6_scale38_rescale_aware_r3.log
2026-06-26T01:38:29+09:00,banknote,mlp_square_linear_score,short_chain_6_scale38,baseline_non_rescale,1,tabular_sweep_banknote_mlp_square_linear_score_short_chain_6_scale38_baseline_non_rescale_r1,ok,0,results/ckks_tabular_inference/tabular_sweep_banknote_mlp_square_linear_score_short_chain_6_scale38_baseline_non_rescale_r1/summary.csv,results/ckks_tabular_profile_sweep_repeated/logs/tabular_sweep_banknote_mlp_square_linear_score_short_chain_6_scale38_baseline_non_rescale_r1.log
2026-06-26T01:39:39+09:00,banknote,mlp_square_linear_score,short_chain_6_scale38,baseline_non_rescale,2,tabular_sweep_banknote_mlp_square_linear_score_short_chain_6_scale38_baseline_non_rescale_r2,ok,0,results/ckks_tabular_inference/tabular_sweep_banknote_mlp_square_linear_score_short_chain_6_scale38_baseline_non_rescale_r2/summary.csv,results/ckks_tabular_profile_sweep_repeated/logs/tabular_sweep_banknote_mlp_square_linear_score_short_chain_6_scale38_baseline_non_rescale_r2.log
2026-06-26T01:40:50+09:00,banknote,mlp_square_linear_score,short_chain_6_scale38,baseline_non_rescale,3,tabular_sweep_banknote_mlp_square_linear_score_short_chain_6_scale38_baseline_non_rescale_r3,ok,0,results/ckks_tabular_inference/tabular_sweep_banknote_mlp_square_linear_score_short_chain_6_scale38_baseline_non_rescale_r3/summary.csv,results/ckks_tabular_profile_sweep_repeated/logs/tabular_sweep_banknote_mlp_square_linear_score_short_chain_6_scale38_baseline_non_rescale_r3.log
2026-06-26T01:42:00+09:00,banknote,mlp_square_linear_score,short_chain_5,rescale_aware,1,tabular_sweep_banknote_mlp_square_linear_score_short_chain_5_rescale_aware_r1,ok,0,results/ckks_tabular_inference/tabular_sweep_banknote_mlp_square_linear_score_short_chain_5_rescale_aware_r1/summary.csv,results/ckks_tabular_profile_sweep_repeated/logs/tabular_sweep_banknote_mlp_square_linear_score_short_chain_5_rescale_aware_r1.log
2026-06-26T01:43:03+09:00,banknote,mlp_square_linear_score,short_chain_5,rescale_aware,2,tabular_sweep_banknote_mlp_square_linear_score_short_chain_5_rescale_aware_r2,ok,0,results/ckks_tabular_inference/tabular_sweep_banknote_mlp_square_linear_score_short_chain_5_rescale_aware_r2/summary.csv,results/ckks_tabular_profile_sweep_repeated/logs/tabular_sweep_banknote_mlp_square_linear_score_short_chain_5_rescale_aware_r2.log
2026-06-26T01:44:06+09:00,banknote,mlp_square_linear_score,short_chain_5,rescale_aware,3,tabular_sweep_banknote_mlp_square_linear_score_short_chain_5_rescale_aware_r3,ok,0,results/ckks_tabular_inference/tabular_sweep_banknote_mlp_square_linear_score_short_chain_5_rescale_aware_r3/summary.csv,results/ckks_tabular_profile_sweep_repeated/logs/tabular_sweep_banknote_mlp_square_linear_score_short_chain_5_rescale_aware_r3.log
2026-06-26T01:45:10+09:00,banknote,mlp_square_linear_score,short_chain_5,baseline_non_rescale,1,tabular_sweep_banknote_mlp_square_linear_score_short_chain_5_baseline_non_rescale_r1,ok,0,results/ckks_tabular_inference/tabular_sweep_banknote_mlp_square_linear_score_short_chain_5_baseline_non_rescale_r1/summary.csv,results/ckks_tabular_profile_sweep_repeated/logs/tabular_sweep_banknote_mlp_square_linear_score_short_chain_5_baseline_non_rescale_r1.log
2026-06-26T01:46:11+09:00,banknote,mlp_square_linear_score,short_chain_5,baseline_non_rescale,2,tabular_sweep_banknote_mlp_square_linear_score_short_chain_5_baseline_non_rescale_r2,ok,0,results/ckks_tabular_inference/tabular_sweep_banknote_mlp_square_linear_score_short_chain_5_baseline_non_rescale_r2/summary.csv,results/ckks_tabular_profile_sweep_repeated/logs/tabular_sweep_banknote_mlp_square_linear_score_short_chain_5_baseline_non_rescale_r2.log
2026-06-26T01:47:13+09:00,banknote,mlp_square_linear_score,short_chain_5,baseline_non_rescale,3,tabular_sweep_banknote_mlp_square_linear_score_short_chain_5_baseline_non_rescale_r3,ok,0,results/ckks_tabular_inference/tabular_sweep_banknote_mlp_square_linear_score_short_chain_5_baseline_non_rescale_r3/summary.csv,results/ckks_tabular_profile_sweep_repeated/logs/tabular_sweep_banknote_mlp_square_linear_score_short_chain_5_baseline_non_rescale_r3.log
2026-06-26T01:48:14+09:00,banknote,mlp_square_linear_score,short_chain_3,rescale_aware,1,tabular_sweep_banknote_mlp_square_linear_score_short_chain_3_rescale_aware_r1,ok,0,results/ckks_tabular_inference/tabular_sweep_banknote_mlp_square_linear_score_short_chain_3_rescale_aware_r1/summary.csv,results/ckks_tabular_profile_sweep_repeated/logs/tabular_sweep_banknote_mlp_square_linear_score_short_chain_3_rescale_aware_r1.log
2026-06-26T01:48:45+09:00,banknote,mlp_square_linear_score,short_chain_3,rescale_aware,2,tabular_sweep_banknote_mlp_square_linear_score_short_chain_3_rescale_aware_r2,ok,0,results/ckks_tabular_inference/tabular_sweep_banknote_mlp_square_linear_score_short_chain_3_rescale_aware_r2/summary.csv,results/ckks_tabular_profile_sweep_repeated/logs/tabular_sweep_banknote_mlp_square_linear_score_short_chain_3_rescale_aware_r2.log
2026-06-26T01:49:17+09:00,banknote,mlp_square_linear_score,short_chain_3,rescale_aware,3,tabular_sweep_banknote_mlp_square_linear_score_short_chain_3_rescale_aware_r3,ok,0,results/ckks_tabular_inference/tabular_sweep_banknote_mlp_square_linear_score_short_chain_3_rescale_aware_r3/summary.csv,results/ckks_tabular_profile_sweep_repeated/logs/tabular_sweep_banknote_mlp_square_linear_score_short_chain_3_rescale_aware_r3.log
2026-06-26T01:49:48+09:00,banknote,mlp_square_linear_score,short_chain_3,baseline_non_rescale,1,tabular_sweep_banknote_mlp_square_linear_score_short_chain_3_baseline_non_rescale_r1,ok,0,results/ckks_tabular_inference/tabular_sweep_banknote_mlp_square_linear_score_short_chain_3_baseline_non_rescale_r1/summary.csv,results/ckks_tabular_profile_sweep_repeated/logs/tabular_sweep_banknote_mlp_square_linear_score_short_chain_3_baseline_non_rescale_r1.log
2026-06-26T01:50:30+09:00,banknote,mlp_square_linear_score,short_chain_3,baseline_non_rescale,2,tabular_sweep_banknote_mlp_square_linear_score_short_chain_3_baseline_non_rescale_r2,ok,0,results/ckks_tabular_inference/tabular_sweep_banknote_mlp_square_linear_score_short_chain_3_baseline_non_rescale_r2/summary.csv,results/ckks_tabular_profile_sweep_repeated/logs/tabular_sweep_banknote_mlp_square_linear_score_short_chain_3_baseline_non_rescale_r2.log
2026-06-26T01:51:11+09:00,banknote,mlp_square_linear_score,short_chain_3,baseline_non_rescale,3,tabular_sweep_banknote_mlp_square_linear_score_short_chain_3_baseline_non_rescale_r3,ok,0,results/ckks_tabular_inference/tabular_sweep_banknote_mlp_square_linear_score_short_chain_3_baseline_non_rescale_r3/summary.csv,results/ckks_tabular_profile_sweep_repeated/logs/tabular_sweep_banknote_mlp_square_linear_score_short_chain_3_baseline_non_rescale_r3.log
2026-06-29T02:49:42+09:00,wdbc,linear_poly3,short_chain_5,rescale_aware,1,tabular_sweep_wdbc_linear_poly3_short_chain_5_rescale_aware_r1,failed,1,results/ckks_tabular_inference/tabular_sweep_wdbc_linear_poly3_short_chain_5_rescale_aware_r1/summary.csv,results/ckks_tabular_profile_sweep_repeated/logs/tabular_sweep_wdbc_linear_poly3_short_chain_5_rescale_aware_r1.log
2026-06-29T02:49:42+09:00,wdbc,linear_poly3,short_chain_5,rescale_aware,2,tabular_sweep_wdbc_linear_poly3_short_chain_5_rescale_aware_r2,failed,1,results/ckks_tabular_inference/tabular_sweep_wdbc_linear_poly3_short_chain_5_rescale_aware_r2/summary.csv,results/ckks_tabular_profile_sweep_repeated/logs/tabular_sweep_wdbc_linear_poly3_short_chain_5_rescale_aware_r2.log
2026-06-29T02:49:43+09:00,wdbc,linear_poly3,short_chain_5,rescale_aware,3,tabular_sweep_wdbc_linear_poly3_short_chain_5_rescale_aware_r3,failed,1,results/ckks_tabular_inference/tabular_sweep_wdbc_linear_poly3_short_chain_5_rescale_aware_r3/summary.csv,results/ckks_tabular_profile_sweep_repeated/logs/tabular_sweep_wdbc_linear_poly3_short_chain_5_rescale_aware_r3.log
2026-06-29T02:49:43+09:00,wdbc,linear_poly3,short_chain_3,rescale_aware,1,tabular_sweep_wdbc_linear_poly3_short_chain_3_rescale_aware_r1,failed,1,results/ckks_tabular_inference/tabular_sweep_wdbc_linear_poly3_short_chain_3_rescale_aware_r1/summary.csv,results/ckks_tabular_profile_sweep_repeated/logs/tabular_sweep_wdbc_linear_poly3_short_chain_3_rescale_aware_r1.log
2026-06-29T02:49:43+09:00,wdbc,linear_poly3,short_chain_3,rescale_aware,2,tabular_sweep_wdbc_linear_poly3_short_chain_3_rescale_aware_r2,failed,1,results/ckks_tabular_inference/tabular_sweep_wdbc_linear_poly3_short_chain_3_rescale_aware_r2/summary.csv,results/ckks_tabular_profile_sweep_repeated/logs/tabular_sweep_wdbc_linear_poly3_short_chain_3_rescale_aware_r2.log
2026-06-29T02:49:43+09:00,wdbc,linear_poly3,short_chain_3,rescale_aware,3,tabular_sweep_wdbc_linear_poly3_short_chain_3_rescale_aware_r3,failed,1,results/ckks_tabular_inference/tabular_sweep_wdbc_linear_poly3_short_chain_3_rescale_aware_r3/summary.csv,results/ckks_tabular_profile_sweep_repeated/logs/tabular_sweep_wdbc_linear_poly3_short_chain_3_rescale_aware_r3.log
2026-06-29T02:49:44+09:00,iris_binary,linear_poly3,short_chain_5,rescale_aware,1,tabular_sweep_iris_binary_linear_poly3_short_chain_5_rescale_aware_r1,failed,1,results/ckks_tabular_inference/tabular_sweep_iris_binary_linear_poly3_short_chain_5_rescale_aware_r1/summary.csv,results/ckks_tabular_profile_sweep_repeated/logs/tabular_sweep_iris_binary_linear_poly3_short_chain_5_rescale_aware_r1.log
2026-06-29T02:49:44+09:00,iris_binary,linear_poly3,short_chain_5,rescale_aware,2,tabular_sweep_iris_binary_linear_poly3_short_chain_5_rescale_aware_r2,failed,1,results/ckks_tabular_inference/tabular_sweep_iris_binary_linear_poly3_short_chain_5_rescale_aware_r2/summary.csv,results/ckks_tabular_profile_sweep_repeated/logs/tabular_sweep_iris_binary_linear_poly3_short_chain_5_rescale_aware_r2.log
2026-06-29T02:49:44+09:00,iris_binary,linear_poly3,short_chain_5,rescale_aware,3,tabular_sweep_iris_binary_linear_poly3_short_chain_5_rescale_aware_r3,failed,1,results/ckks_tabular_inference/tabular_sweep_iris_binary_linear_poly3_short_chain_5_rescale_aware_r3/summary.csv,results/ckks_tabular_profile_sweep_repeated/logs/tabular_sweep_iris_binary_linear_poly3_short_chain_5_rescale_aware_r3.log
2026-06-29T02:49:46+09:00,iris_binary,linear_poly3,short_chain_3,rescale_aware,1,tabular_sweep_iris_binary_linear_poly3_short_chain_3_rescale_aware_r1,failed,1,results/ckks_tabular_inference/tabular_sweep_iris_binary_linear_poly3_short_chain_3_rescale_aware_r1/summary.csv,results/ckks_tabular_profile_sweep_repeated/logs/tabular_sweep_iris_binary_linear_poly3_short_chain_3_rescale_aware_r1.log
2026-06-29T02:49:47+09:00,iris_binary,linear_poly3,short_chain_3,rescale_aware,2,tabular_sweep_iris_binary_linear_poly3_short_chain_3_rescale_aware_r2,failed,1,results/ckks_tabular_inference/tabular_sweep_iris_binary_linear_poly3_short_chain_3_rescale_aware_r2/summary.csv,results/ckks_tabular_profile_sweep_repeated/logs/tabular_sweep_iris_binary_linear_poly3_short_chain_3_rescale_aware_r2.log
2026-06-29T02:49:47+09:00,iris_binary,linear_poly3,short_chain_3,rescale_aware,3,tabular_sweep_iris_binary_linear_poly3_short_chain_3_rescale_aware_r3,failed,1,results/ckks_tabular_inference/tabular_sweep_iris_binary_linear_poly3_short_chain_3_rescale_aware_r3/summary.csv,results/ckks_tabular_profile_sweep_repeated/logs/tabular_sweep_iris_binary_linear_poly3_short_chain_3_rescale_aware_r3.log
2026-06-29T02:49:47+09:00,digits_binary,linear_poly3,short_chain_5,rescale_aware,1,tabular_sweep_digits_binary_linear_poly3_short_chain_5_rescale_aware_r1,failed,1,results/ckks_tabular_inference/tabular_sweep_digits_binary_linear_poly3_short_chain_5_rescale_aware_r1/summary.csv,results/ckks_tabular_profile_sweep_repeated/logs/tabular_sweep_digits_binary_linear_poly3_short_chain_5_rescale_aware_r1.log
2026-06-29T02:49:48+09:00,digits_binary,linear_poly3,short_chain_5,rescale_aware,2,tabular_sweep_digits_binary_linear_poly3_short_chain_5_rescale_aware_r2,failed,1,results/ckks_tabular_inference/tabular_sweep_digits_binary_linear_poly3_short_chain_5_rescale_aware_r2/summary.csv,results/ckks_tabular_profile_sweep_repeated/logs/tabular_sweep_digits_binary_linear_poly3_short_chain_5_rescale_aware_r2.log
2026-06-29T02:49:48+09:00,digits_binary,linear_poly3,short_chain_5,rescale_aware,3,tabular_sweep_digits_binary_linear_poly3_short_chain_5_rescale_aware_r3,failed,1,results/ckks_tabular_inference/tabular_sweep_digits_binary_linear_poly3_short_chain_5_rescale_aware_r3/summary.csv,results/ckks_tabular_profile_sweep_repeated/logs/tabular_sweep_digits_binary_linear_poly3_short_chain_5_rescale_aware_r3.log
2026-06-29T02:49:48+09:00,digits_binary,linear_poly3,short_chain_3,rescale_aware,1,tabular_sweep_digits_binary_linear_poly3_short_chain_3_rescale_aware_r1,failed,1,results/ckks_tabular_inference/tabular_sweep_digits_binary_linear_poly3_short_chain_3_rescale_aware_r1/summary.csv,results/ckks_tabular_profile_sweep_repeated/logs/tabular_sweep_digits_binary_linear_poly3_short_chain_3_rescale_aware_r1.log
2026-06-29T02:49:49+09:00,digits_binary,linear_poly3,short_chain_3,rescale_aware,2,tabular_sweep_digits_binary_linear_poly3_short_chain_3_rescale_aware_r2,failed,1,results/ckks_tabular_inference/tabular_sweep_digits_binary_linear_poly3_short_chain_3_rescale_aware_r2/summary.csv,results/ckks_tabular_profile_sweep_repeated/logs/tabular_sweep_digits_binary_linear_poly3_short_chain_3_rescale_aware_r2.log
2026-06-29T02:49:49+09:00,digits_binary,linear_poly3,short_chain_3,rescale_aware,3,tabular_sweep_digits_binary_linear_poly3_short_chain_3_rescale_aware_r3,failed,1,results/ckks_tabular_inference/tabular_sweep_digits_binary_linear_poly3_short_chain_3_rescale_aware_r3/summary.csv,results/ckks_tabular_profile_sweep_repeated/logs/tabular_sweep_digits_binary_linear_poly3_short_chain_3_rescale_aware_r3.log
2026-06-29T02:49:49+09:00,banknote,linear_poly3,short_chain_5,rescale_aware,1,tabular_sweep_banknote_linear_poly3_short_chain_5_rescale_aware_r1,failed,1,results/ckks_tabular_inference/tabular_sweep_banknote_linear_poly3_short_chain_5_rescale_aware_r1/summary.csv,results/ckks_tabular_profile_sweep_repeated/logs/tabular_sweep_banknote_linear_poly3_short_chain_5_rescale_aware_r1.log
2026-06-29T02:49:50+09:00,banknote,linear_poly3,short_chain_5,rescale_aware,2,tabular_sweep_banknote_linear_poly3_short_chain_5_rescale_aware_r2,failed,1,results/ckks_tabular_inference/tabular_sweep_banknote_linear_poly3_short_chain_5_rescale_aware_r2/summary.csv,results/ckks_tabular_profile_sweep_repeated/logs/tabular_sweep_banknote_linear_poly3_short_chain_5_rescale_aware_r2.log
2026-06-29T02:49:50+09:00,banknote,linear_poly3,short_chain_5,rescale_aware,3,tabular_sweep_banknote_linear_poly3_short_chain_5_rescale_aware_r3,failed,1,results/ckks_tabular_inference/tabular_sweep_banknote_linear_poly3_short_chain_5_rescale_aware_r3/summary.csv,results/ckks_tabular_profile_sweep_repeated/logs/tabular_sweep_banknote_linear_poly3_short_chain_5_rescale_aware_r3.log
2026-06-29T02:49:50+09:00,banknote,linear_poly3,short_chain_3,rescale_aware,1,tabular_sweep_banknote_linear_poly3_short_chain_3_rescale_aware_r1,failed,1,results/ckks_tabular_inference/tabular_sweep_banknote_linear_poly3_short_chain_3_rescale_aware_r1/summary.csv,results/ckks_tabular_profile_sweep_repeated/logs/tabular_sweep_banknote_linear_poly3_short_chain_3_rescale_aware_r1.log
2026-06-29T02:49:50+09:00,banknote,linear_poly3,short_chain_3,rescale_aware,2,tabular_sweep_banknote_linear_poly3_short_chain_3_rescale_aware_r2,failed,1,results/ckks_tabular_inference/tabular_sweep_banknote_linear_poly3_short_chain_3_rescale_aware_r2/summary.csv,results/ckks_tabular_profile_sweep_repeated/logs/tabular_sweep_banknote_linear_poly3_short_chain_3_rescale_aware_r2.log
2026-06-29T02:49:51+09:00,banknote,linear_poly3,short_chain_3,rescale_aware,3,tabular_sweep_banknote_linear_poly3_short_chain_3_rescale_aware_r3,failed,1,results/ckks_tabular_inference/tabular_sweep_banknote_linear_poly3_short_chain_3_rescale_aware_r3/summary.csv,results/ckks_tabular_profile_sweep_repeated/logs/tabular_sweep_banknote_linear_poly3_short_chain_3_rescale_aware_r3.log
2026-06-29T03:13:07+09:00,mnist_pool16,linear_poly3,default,rescale_aware,1,tabular_sweep_mnist_pool16_linear_poly3_default_rescale_aware_r1,ok,0,results/ckks_tabular_inference/tabular_sweep_mnist_pool16_linear_poly3_default_rescale_aware_r1/summary.csv,results/ckks_tabular_profile_sweep_repeated/logs/tabular_sweep_mnist_pool16_linear_poly3_default_rescale_aware_r1.log
2026-06-29T03:14:10+09:00,mnist_pool16,linear_poly3,default,rescale_aware,2,tabular_sweep_mnist_pool16_linear_poly3_default_rescale_aware_r2,ok,0,results/ckks_tabular_inference/tabular_sweep_mnist_pool16_linear_poly3_default_rescale_aware_r2/summary.csv,results/ckks_tabular_profile_sweep_repeated/logs/tabular_sweep_mnist_pool16_linear_poly3_default_rescale_aware_r2.log
2026-06-29T03:15:13+09:00,mnist_pool16,linear_poly3,default,rescale_aware,3,tabular_sweep_mnist_pool16_linear_poly3_default_rescale_aware_r3,ok,0,results/ckks_tabular_inference/tabular_sweep_mnist_pool16_linear_poly3_default_rescale_aware_r3/summary.csv,results/ckks_tabular_profile_sweep_repeated/logs/tabular_sweep_mnist_pool16_linear_poly3_default_rescale_aware_r3.log
2026-06-29T03:16:16+09:00,mnist_pool16,linear_poly3,default,baseline_non_rescale,1,tabular_sweep_mnist_pool16_linear_poly3_default_baseline_non_rescale_r1,ok,0,results/ckks_tabular_inference/tabular_sweep_mnist_pool16_linear_poly3_default_baseline_non_rescale_r1/summary.csv,results/ckks_tabular_profile_sweep_repeated/logs/tabular_sweep_mnist_pool16_linear_poly3_default_baseline_non_rescale_r1.log
2026-06-29T03:17:25+09:00,mnist_pool16,linear_poly3,default,baseline_non_rescale,2,tabular_sweep_mnist_pool16_linear_poly3_default_baseline_non_rescale_r2,ok,0,results/ckks_tabular_inference/tabular_sweep_mnist_pool16_linear_poly3_default_baseline_non_rescale_r2/summary.csv,results/ckks_tabular_profile_sweep_repeated/logs/tabular_sweep_mnist_pool16_linear_poly3_default_baseline_non_rescale_r2.log
2026-06-29T03:18:33+09:00,mnist_pool16,linear_poly3,default,baseline_non_rescale,3,tabular_sweep_mnist_pool16_linear_poly3_default_baseline_non_rescale_r3,ok,0,results/ckks_tabular_inference/tabular_sweep_mnist_pool16_linear_poly3_default_baseline_non_rescale_r3/summary.csv,results/ckks_tabular_profile_sweep_repeated/logs/tabular_sweep_mnist_pool16_linear_poly3_default_baseline_non_rescale_r3.log
2026-06-29T03:19:42+09:00,mnist_pool16,linear_poly3,scale42,rescale_aware,1,tabular_sweep_mnist_pool16_linear_poly3_scale42_rescale_aware_r1,ok,0,results/ckks_tabular_inference/tabular_sweep_mnist_pool16_linear_poly3_scale42_rescale_aware_r1/summary.csv,results/ckks_tabular_profile_sweep_repeated/logs/tabular_sweep_mnist_pool16_linear_poly3_scale42_rescale_aware_r1.log
2026-06-29T03:20:48+09:00,mnist_pool16,linear_poly3,scale42,rescale_aware,2,tabular_sweep_mnist_pool16_linear_poly3_scale42_rescale_aware_r2,ok,0,results/ckks_tabular_inference/tabular_sweep_mnist_pool16_linear_poly3_scale42_rescale_aware_r2/summary.csv,results/ckks_tabular_profile_sweep_repeated/logs/tabular_sweep_mnist_pool16_linear_poly3_scale42_rescale_aware_r2.log
2026-06-29T03:21:54+09:00,mnist_pool16,linear_poly3,scale42,rescale_aware,3,tabular_sweep_mnist_pool16_linear_poly3_scale42_rescale_aware_r3,ok,0,results/ckks_tabular_inference/tabular_sweep_mnist_pool16_linear_poly3_scale42_rescale_aware_r3/summary.csv,results/ckks_tabular_profile_sweep_repeated/logs/tabular_sweep_mnist_pool16_linear_poly3_scale42_rescale_aware_r3.log
2026-06-29T03:23:01+09:00,mnist_pool16,linear_poly3,scale42,baseline_non_rescale,1,tabular_sweep_mnist_pool16_linear_poly3_scale42_baseline_non_rescale_r1,ok,0,results/ckks_tabular_inference/tabular_sweep_mnist_pool16_linear_poly3_scale42_baseline_non_rescale_r1/summary.csv,results/ckks_tabular_profile_sweep_repeated/logs/tabular_sweep_mnist_pool16_linear_poly3_scale42_baseline_non_rescale_r1.log
2026-06-29T03:24:09+09:00,mnist_pool16,linear_poly3,scale42,baseline_non_rescale,2,tabular_sweep_mnist_pool16_linear_poly3_scale42_baseline_non_rescale_r2,ok,0,results/ckks_tabular_inference/tabular_sweep_mnist_pool16_linear_poly3_scale42_baseline_non_rescale_r2/summary.csv,results/ckks_tabular_profile_sweep_repeated/logs/tabular_sweep_mnist_pool16_linear_poly3_scale42_baseline_non_rescale_r2.log
2026-06-29T03:25:17+09:00,mnist_pool16,linear_poly3,scale42,baseline_non_rescale,3,tabular_sweep_mnist_pool16_linear_poly3_scale42_baseline_non_rescale_r3,ok,0,results/ckks_tabular_inference/tabular_sweep_mnist_pool16_linear_poly3_scale42_baseline_non_rescale_r3/summary.csv,results/ckks_tabular_profile_sweep_repeated/logs/tabular_sweep_mnist_pool16_linear_poly3_scale42_baseline_non_rescale_r3.log
2026-06-29T03:26:26+09:00,mnist_pool16,linear_poly3,scale40,rescale_aware,1,tabular_sweep_mnist_pool16_linear_poly3_scale40_rescale_aware_r1,ok,0,results/ckks_tabular_inference/tabular_sweep_mnist_pool16_linear_poly3_scale40_rescale_aware_r1/summary.csv,results/ckks_tabular_profile_sweep_repeated/logs/tabular_sweep_mnist_pool16_linear_poly3_scale40_rescale_aware_r1.log
2026-06-29T03:27:32+09:00,mnist_pool16,linear_poly3,scale40,rescale_aware,2,tabular_sweep_mnist_pool16_linear_poly3_scale40_rescale_aware_r2,ok,0,results/ckks_tabular_inference/tabular_sweep_mnist_pool16_linear_poly3_scale40_rescale_aware_r2/summary.csv,results/ckks_tabular_profile_sweep_repeated/logs/tabular_sweep_mnist_pool16_linear_poly3_scale40_rescale_aware_r2.log
2026-06-29T03:28:38+09:00,mnist_pool16,linear_poly3,scale40,rescale_aware,3,tabular_sweep_mnist_pool16_linear_poly3_scale40_rescale_aware_r3,ok,0,results/ckks_tabular_inference/tabular_sweep_mnist_pool16_linear_poly3_scale40_rescale_aware_r3/summary.csv,results/ckks_tabular_profile_sweep_repeated/logs/tabular_sweep_mnist_pool16_linear_poly3_scale40_rescale_aware_r3.log
2026-06-29T03:29:45+09:00,mnist_pool16,linear_poly3,scale40,baseline_non_rescale,1,tabular_sweep_mnist_pool16_linear_poly3_scale40_baseline_non_rescale_r1,ok,0,results/ckks_tabular_inference/tabular_sweep_mnist_pool16_linear_poly3_scale40_baseline_non_rescale_r1/summary.csv,results/ckks_tabular_profile_sweep_repeated/logs/tabular_sweep_mnist_pool16_linear_poly3_scale40_baseline_non_rescale_r1.log
2026-06-29T03:30:53+09:00,mnist_pool16,linear_poly3,scale40,baseline_non_rescale,2,tabular_sweep_mnist_pool16_linear_poly3_scale40_baseline_non_rescale_r2,ok,0,results/ckks_tabular_inference/tabular_sweep_mnist_pool16_linear_poly3_scale40_baseline_non_rescale_r2/summary.csv,results/ckks_tabular_profile_sweep_repeated/logs/tabular_sweep_mnist_pool16_linear_poly3_scale40_baseline_non_rescale_r2.log
2026-06-29T03:32:02+09:00,mnist_pool16,linear_poly3,scale40,baseline_non_rescale,3,tabular_sweep_mnist_pool16_linear_poly3_scale40_baseline_non_rescale_r3,ok,0,results/ckks_tabular_inference/tabular_sweep_mnist_pool16_linear_poly3_scale40_baseline_non_rescale_r3/summary.csv,results/ckks_tabular_profile_sweep_repeated/logs/tabular_sweep_mnist_pool16_linear_poly3_scale40_baseline_non_rescale_r3.log
2026-06-29T03:33:10+09:00,mnist_pool16,linear_poly3,scale38,rescale_aware,1,tabular_sweep_mnist_pool16_linear_poly3_scale38_rescale_aware_r1,ok,0,results/ckks_tabular_inference/tabular_sweep_mnist_pool16_linear_poly3_scale38_rescale_aware_r1/summary.csv,results/ckks_tabular_profile_sweep_repeated/logs/tabular_sweep_mnist_pool16_linear_poly3_scale38_rescale_aware_r1.log
2026-06-29T03:34:16+09:00,mnist_pool16,linear_poly3,scale38,rescale_aware,2,tabular_sweep_mnist_pool16_linear_poly3_scale38_rescale_aware_r2,ok,0,results/ckks_tabular_inference/tabular_sweep_mnist_pool16_linear_poly3_scale38_rescale_aware_r2/summary.csv,results/ckks_tabular_profile_sweep_repeated/logs/tabular_sweep_mnist_pool16_linear_poly3_scale38_rescale_aware_r2.log
2026-06-29T03:35:23+09:00,mnist_pool16,linear_poly3,scale38,rescale_aware,3,tabular_sweep_mnist_pool16_linear_poly3_scale38_rescale_aware_r3,ok,0,results/ckks_tabular_inference/tabular_sweep_mnist_pool16_linear_poly3_scale38_rescale_aware_r3/summary.csv,results/ckks_tabular_profile_sweep_repeated/logs/tabular_sweep_mnist_pool16_linear_poly3_scale38_rescale_aware_r3.log
2026-06-29T03:36:29+09:00,mnist_pool16,linear_poly3,scale38,baseline_non_rescale,1,tabular_sweep_mnist_pool16_linear_poly3_scale38_baseline_non_rescale_r1,ok,0,results/ckks_tabular_inference/tabular_sweep_mnist_pool16_linear_poly3_scale38_baseline_non_rescale_r1/summary.csv,results/ckks_tabular_profile_sweep_repeated/logs/tabular_sweep_mnist_pool16_linear_poly3_scale38_baseline_non_rescale_r1.log
2026-06-29T03:37:37+09:00,mnist_pool16,linear_poly3,scale38,baseline_non_rescale,2,tabular_sweep_mnist_pool16_linear_poly3_scale38_baseline_non_rescale_r2,ok,0,results/ckks_tabular_inference/tabular_sweep_mnist_pool16_linear_poly3_scale38_baseline_non_rescale_r2/summary.csv,results/ckks_tabular_profile_sweep_repeated/logs/tabular_sweep_mnist_pool16_linear_poly3_scale38_baseline_non_rescale_r2.log
2026-06-29T03:38:46+09:00,mnist_pool16,linear_poly3,scale38,baseline_non_rescale,3,tabular_sweep_mnist_pool16_linear_poly3_scale38_baseline_non_rescale_r3,ok,0,results/ckks_tabular_inference/tabular_sweep_mnist_pool16_linear_poly3_scale38_baseline_non_rescale_r3/summary.csv,results/ckks_tabular_profile_sweep_repeated/logs/tabular_sweep_mnist_pool16_linear_poly3_scale38_baseline_non_rescale_r3.log
2026-06-29T03:39:54+09:00,mnist_pool16,linear_poly3,deep_chain_8_scale45,rescale_aware,1,tabular_sweep_mnist_pool16_linear_poly3_deep_chain_8_scale45_rescale_aware_r1,ok,0,results/ckks_tabular_inference/tabular_sweep_mnist_pool16_linear_poly3_deep_chain_8_scale45_rescale_aware_r1/summary.csv,results/ckks_tabular_profile_sweep_repeated/logs/tabular_sweep_mnist_pool16_linear_poly3_deep_chain_8_scale45_rescale_aware_r1.log
2026-06-29T03:42:28+09:00,mnist_pool16,linear_poly3,deep_chain_8_scale45,rescale_aware,2,tabular_sweep_mnist_pool16_linear_poly3_deep_chain_8_scale45_rescale_aware_r2,ok,0,results/ckks_tabular_inference/tabular_sweep_mnist_pool16_linear_poly3_deep_chain_8_scale45_rescale_aware_r2/summary.csv,results/ckks_tabular_profile_sweep_repeated/logs/tabular_sweep_mnist_pool16_linear_poly3_deep_chain_8_scale45_rescale_aware_r2.log
2026-06-29T03:45:03+09:00,mnist_pool16,linear_poly3,deep_chain_8_scale45,rescale_aware,3,tabular_sweep_mnist_pool16_linear_poly3_deep_chain_8_scale45_rescale_aware_r3,ok,0,results/ckks_tabular_inference/tabular_sweep_mnist_pool16_linear_poly3_deep_chain_8_scale45_rescale_aware_r3/summary.csv,results/ckks_tabular_profile_sweep_repeated/logs/tabular_sweep_mnist_pool16_linear_poly3_deep_chain_8_scale45_rescale_aware_r3.log
2026-06-29T03:47:37+09:00,mnist_pool16,linear_poly3,deep_chain_8_scale45,baseline_non_rescale,1,tabular_sweep_mnist_pool16_linear_poly3_deep_chain_8_scale45_baseline_non_rescale_r1,ok,0,results/ckks_tabular_inference/tabular_sweep_mnist_pool16_linear_poly3_deep_chain_8_scale45_baseline_non_rescale_r1/summary.csv,results/ckks_tabular_profile_sweep_repeated/logs/tabular_sweep_mnist_pool16_linear_poly3_deep_chain_8_scale45_baseline_non_rescale_r1.log
2026-06-29T03:50:16+09:00,mnist_pool16,linear_poly3,deep_chain_8_scale45,baseline_non_rescale,2,tabular_sweep_mnist_pool16_linear_poly3_deep_chain_8_scale45_baseline_non_rescale_r2,ok,0,results/ckks_tabular_inference/tabular_sweep_mnist_pool16_linear_poly3_deep_chain_8_scale45_baseline_non_rescale_r2/summary.csv,results/ckks_tabular_profile_sweep_repeated/logs/tabular_sweep_mnist_pool16_linear_poly3_deep_chain_8_scale45_baseline_non_rescale_r2.log
2026-06-29T03:52:55+09:00,mnist_pool16,linear_poly3,deep_chain_8_scale45,baseline_non_rescale,3,tabular_sweep_mnist_pool16_linear_poly3_deep_chain_8_scale45_baseline_non_rescale_r3,ok,0,results/ckks_tabular_inference/tabular_sweep_mnist_pool16_linear_poly3_deep_chain_8_scale45_baseline_non_rescale_r3/summary.csv,results/ckks_tabular_profile_sweep_repeated/logs/tabular_sweep_mnist_pool16_linear_poly3_deep_chain_8_scale45_baseline_non_rescale_r3.log
2026-06-29T03:55:33+09:00,mnist_pool16,linear_poly3,deep_chain_9_scale45,rescale_aware,1,tabular_sweep_mnist_pool16_linear_poly3_deep_chain_9_scale45_rescale_aware_r1,ok,0,results/ckks_tabular_inference/tabular_sweep_mnist_pool16_linear_poly3_deep_chain_9_scale45_rescale_aware_r1/summary.csv,results/ckks_tabular_profile_sweep_repeated/logs/tabular_sweep_mnist_pool16_linear_poly3_deep_chain_9_scale45_rescale_aware_r1.log
2026-06-29T03:58:25+09:00,mnist_pool16,linear_poly3,deep_chain_9_scale45,rescale_aware,2,tabular_sweep_mnist_pool16_linear_poly3_deep_chain_9_scale45_rescale_aware_r2,ok,0,results/ckks_tabular_inference/tabular_sweep_mnist_pool16_linear_poly3_deep_chain_9_scale45_rescale_aware_r2/summary.csv,results/ckks_tabular_profile_sweep_repeated/logs/tabular_sweep_mnist_pool16_linear_poly3_deep_chain_9_scale45_rescale_aware_r2.log
2026-06-29T04:01:16+09:00,mnist_pool16,linear_poly3,deep_chain_9_scale45,rescale_aware,3,tabular_sweep_mnist_pool16_linear_poly3_deep_chain_9_scale45_rescale_aware_r3,ok,0,results/ckks_tabular_inference/tabular_sweep_mnist_pool16_linear_poly3_deep_chain_9_scale45_rescale_aware_r3/summary.csv,results/ckks_tabular_profile_sweep_repeated/logs/tabular_sweep_mnist_pool16_linear_poly3_deep_chain_9_scale45_rescale_aware_r3.log
2026-06-29T04:04:07+09:00,mnist_pool16,linear_poly3,deep_chain_9_scale45,baseline_non_rescale,1,tabular_sweep_mnist_pool16_linear_poly3_deep_chain_9_scale45_baseline_non_rescale_r1,ok,0,results/ckks_tabular_inference/tabular_sweep_mnist_pool16_linear_poly3_deep_chain_9_scale45_baseline_non_rescale_r1/summary.csv,results/ckks_tabular_profile_sweep_repeated/logs/tabular_sweep_mnist_pool16_linear_poly3_deep_chain_9_scale45_baseline_non_rescale_r1.log
2026-06-29T04:07:02+09:00,mnist_pool16,linear_poly3,deep_chain_9_scale45,baseline_non_rescale,2,tabular_sweep_mnist_pool16_linear_poly3_deep_chain_9_scale45_baseline_non_rescale_r2,ok,0,results/ckks_tabular_inference/tabular_sweep_mnist_pool16_linear_poly3_deep_chain_9_scale45_baseline_non_rescale_r2/summary.csv,results/ckks_tabular_profile_sweep_repeated/logs/tabular_sweep_mnist_pool16_linear_poly3_deep_chain_9_scale45_baseline_non_rescale_r2.log
2026-06-29T04:09:57+09:00,mnist_pool16,linear_poly3,deep_chain_9_scale45,baseline_non_rescale,3,tabular_sweep_mnist_pool16_linear_poly3_deep_chain_9_scale45_baseline_non_rescale_r3,ok,0,results/ckks_tabular_inference/tabular_sweep_mnist_pool16_linear_poly3_deep_chain_9_scale45_baseline_non_rescale_r3/summary.csv,results/ckks_tabular_profile_sweep_repeated/logs/tabular_sweep_mnist_pool16_linear_poly3_deep_chain_9_scale45_baseline_non_rescale_r3.log
2026-06-29T04:12:52+09:00,mnist_pool16,linear_poly3,short_chain_6_scale42,rescale_aware,1,tabular_sweep_mnist_pool16_linear_poly3_short_chain_6_scale42_rescale_aware_r1,ok,0,results/ckks_tabular_inference/tabular_sweep_mnist_pool16_linear_poly3_short_chain_6_scale42_rescale_aware_r1/summary.csv,results/ckks_tabular_profile_sweep_repeated/logs/tabular_sweep_mnist_pool16_linear_poly3_short_chain_6_scale42_rescale_aware_r1.log
2026-06-29T04:13:46+09:00,mnist_pool16,linear_poly3,short_chain_6_scale42,rescale_aware,2,tabular_sweep_mnist_pool16_linear_poly3_short_chain_6_scale42_rescale_aware_r2,ok,0,results/ckks_tabular_inference/tabular_sweep_mnist_pool16_linear_poly3_short_chain_6_scale42_rescale_aware_r2/summary.csv,results/ckks_tabular_profile_sweep_repeated/logs/tabular_sweep_mnist_pool16_linear_poly3_short_chain_6_scale42_rescale_aware_r2.log
2026-06-29T04:14:41+09:00,mnist_pool16,linear_poly3,short_chain_6_scale42,rescale_aware,3,tabular_sweep_mnist_pool16_linear_poly3_short_chain_6_scale42_rescale_aware_r3,ok,0,results/ckks_tabular_inference/tabular_sweep_mnist_pool16_linear_poly3_short_chain_6_scale42_rescale_aware_r3/summary.csv,results/ckks_tabular_profile_sweep_repeated/logs/tabular_sweep_mnist_pool16_linear_poly3_short_chain_6_scale42_rescale_aware_r3.log
2026-06-29T04:15:35+09:00,mnist_pool16,linear_poly3,short_chain_6_scale42,baseline_non_rescale,1,tabular_sweep_mnist_pool16_linear_poly3_short_chain_6_scale42_baseline_non_rescale_r1,ok,0,results/ckks_tabular_inference/tabular_sweep_mnist_pool16_linear_poly3_short_chain_6_scale42_baseline_non_rescale_r1/summary.csv,results/ckks_tabular_profile_sweep_repeated/logs/tabular_sweep_mnist_pool16_linear_poly3_short_chain_6_scale42_baseline_non_rescale_r1.log
2026-06-29T04:16:33+09:00,mnist_pool16,linear_poly3,short_chain_6_scale42,baseline_non_rescale,2,tabular_sweep_mnist_pool16_linear_poly3_short_chain_6_scale42_baseline_non_rescale_r2,ok,0,results/ckks_tabular_inference/tabular_sweep_mnist_pool16_linear_poly3_short_chain_6_scale42_baseline_non_rescale_r2/summary.csv,results/ckks_tabular_profile_sweep_repeated/logs/tabular_sweep_mnist_pool16_linear_poly3_short_chain_6_scale42_baseline_non_rescale_r2.log
2026-06-29T04:17:31+09:00,mnist_pool16,linear_poly3,short_chain_6_scale42,baseline_non_rescale,3,tabular_sweep_mnist_pool16_linear_poly3_short_chain_6_scale42_baseline_non_rescale_r3,ok,0,results/ckks_tabular_inference/tabular_sweep_mnist_pool16_linear_poly3_short_chain_6_scale42_baseline_non_rescale_r3/summary.csv,results/ckks_tabular_profile_sweep_repeated/logs/tabular_sweep_mnist_pool16_linear_poly3_short_chain_6_scale42_baseline_non_rescale_r3.log
2026-06-29T04:18:29+09:00,mnist_pool16,linear_poly3,short_chain_6_scale40,rescale_aware,1,tabular_sweep_mnist_pool16_linear_poly3_short_chain_6_scale40_rescale_aware_r1,ok,0,results/ckks_tabular_inference/tabular_sweep_mnist_pool16_linear_poly3_short_chain_6_scale40_rescale_aware_r1/summary.csv,results/ckks_tabular_profile_sweep_repeated/logs/tabular_sweep_mnist_pool16_linear_poly3_short_chain_6_scale40_rescale_aware_r1.log
2026-06-29T04:19:23+09:00,mnist_pool16,linear_poly3,short_chain_6_scale40,rescale_aware,2,tabular_sweep_mnist_pool16_linear_poly3_short_chain_6_scale40_rescale_aware_r2,ok,0,results/ckks_tabular_inference/tabular_sweep_mnist_pool16_linear_poly3_short_chain_6_scale40_rescale_aware_r2/summary.csv,results/ckks_tabular_profile_sweep_repeated/logs/tabular_sweep_mnist_pool16_linear_poly3_short_chain_6_scale40_rescale_aware_r2.log
2026-06-29T04:20:17+09:00,mnist_pool16,linear_poly3,short_chain_6_scale40,rescale_aware,3,tabular_sweep_mnist_pool16_linear_poly3_short_chain_6_scale40_rescale_aware_r3,ok,0,results/ckks_tabular_inference/tabular_sweep_mnist_pool16_linear_poly3_short_chain_6_scale40_rescale_aware_r3/summary.csv,results/ckks_tabular_profile_sweep_repeated/logs/tabular_sweep_mnist_pool16_linear_poly3_short_chain_6_scale40_rescale_aware_r3.log
2026-06-29T04:21:11+09:00,mnist_pool16,linear_poly3,short_chain_6_scale40,baseline_non_rescale,1,tabular_sweep_mnist_pool16_linear_poly3_short_chain_6_scale40_baseline_non_rescale_r1,ok,0,results/ckks_tabular_inference/tabular_sweep_mnist_pool16_linear_poly3_short_chain_6_scale40_baseline_non_rescale_r1/summary.csv,results/ckks_tabular_profile_sweep_repeated/logs/tabular_sweep_mnist_pool16_linear_poly3_short_chain_6_scale40_baseline_non_rescale_r1.log
2026-06-29T04:22:09+09:00,mnist_pool16,linear_poly3,short_chain_6_scale40,baseline_non_rescale,2,tabular_sweep_mnist_pool16_linear_poly3_short_chain_6_scale40_baseline_non_rescale_r2,ok,0,results/ckks_tabular_inference/tabular_sweep_mnist_pool16_linear_poly3_short_chain_6_scale40_baseline_non_rescale_r2/summary.csv,results/ckks_tabular_profile_sweep_repeated/logs/tabular_sweep_mnist_pool16_linear_poly3_short_chain_6_scale40_baseline_non_rescale_r2.log
2026-06-29T04:23:08+09:00,mnist_pool16,linear_poly3,short_chain_6_scale40,baseline_non_rescale,3,tabular_sweep_mnist_pool16_linear_poly3_short_chain_6_scale40_baseline_non_rescale_r3,ok,0,results/ckks_tabular_inference/tabular_sweep_mnist_pool16_linear_poly3_short_chain_6_scale40_baseline_non_rescale_r3/summary.csv,results/ckks_tabular_profile_sweep_repeated/logs/tabular_sweep_mnist_pool16_linear_poly3_short_chain_6_scale40_baseline_non_rescale_r3.log
2026-06-29T04:24:06+09:00,mnist_pool16,linear_poly3,short_chain_6_scale38,rescale_aware,1,tabular_sweep_mnist_pool16_linear_poly3_short_chain_6_scale38_rescale_aware_r1,ok,0,results/ckks_tabular_inference/tabular_sweep_mnist_pool16_linear_poly3_short_chain_6_scale38_rescale_aware_r1/summary.csv,results/ckks_tabular_profile_sweep_repeated/logs/tabular_sweep_mnist_pool16_linear_poly3_short_chain_6_scale38_rescale_aware_r1.log
2026-06-29T04:25:00+09:00,mnist_pool16,linear_poly3,short_chain_6_scale38,rescale_aware,2,tabular_sweep_mnist_pool16_linear_poly3_short_chain_6_scale38_rescale_aware_r2,ok,0,results/ckks_tabular_inference/tabular_sweep_mnist_pool16_linear_poly3_short_chain_6_scale38_rescale_aware_r2/summary.csv,results/ckks_tabular_profile_sweep_repeated/logs/tabular_sweep_mnist_pool16_linear_poly3_short_chain_6_scale38_rescale_aware_r2.log
2026-06-29T04:25:54+09:00,mnist_pool16,linear_poly3,short_chain_6_scale38,rescale_aware,3,tabular_sweep_mnist_pool16_linear_poly3_short_chain_6_scale38_rescale_aware_r3,ok,0,results/ckks_tabular_inference/tabular_sweep_mnist_pool16_linear_poly3_short_chain_6_scale38_rescale_aware_r3/summary.csv,results/ckks_tabular_profile_sweep_repeated/logs/tabular_sweep_mnist_pool16_linear_poly3_short_chain_6_scale38_rescale_aware_r3.log
2026-06-29T04:26:48+09:00,mnist_pool16,linear_poly3,short_chain_6_scale38,baseline_non_rescale,1,tabular_sweep_mnist_pool16_linear_poly3_short_chain_6_scale38_baseline_non_rescale_r1,ok,0,results/ckks_tabular_inference/tabular_sweep_mnist_pool16_linear_poly3_short_chain_6_scale38_baseline_non_rescale_r1/summary.csv,results/ckks_tabular_profile_sweep_repeated/logs/tabular_sweep_mnist_pool16_linear_poly3_short_chain_6_scale38_baseline_non_rescale_r1.log
2026-06-29T04:27:46+09:00,mnist_pool16,linear_poly3,short_chain_6_scale38,baseline_non_rescale,2,tabular_sweep_mnist_pool16_linear_poly3_short_chain_6_scale38_baseline_non_rescale_r2,ok,0,results/ckks_tabular_inference/tabular_sweep_mnist_pool16_linear_poly3_short_chain_6_scale38_baseline_non_rescale_r2/summary.csv,results/ckks_tabular_profile_sweep_repeated/logs/tabular_sweep_mnist_pool16_linear_poly3_short_chain_6_scale38_baseline_non_rescale_r2.log
2026-06-29T04:28:44+09:00,mnist_pool16,linear_poly3,short_chain_6_scale38,baseline_non_rescale,3,tabular_sweep_mnist_pool16_linear_poly3_short_chain_6_scale38_baseline_non_rescale_r3,ok,0,results/ckks_tabular_inference/tabular_sweep_mnist_pool16_linear_poly3_short_chain_6_scale38_baseline_non_rescale_r3/summary.csv,results/ckks_tabular_profile_sweep_repeated/logs/tabular_sweep_mnist_pool16_linear_poly3_short_chain_6_scale38_baseline_non_rescale_r3.log
2026-06-29T04:29:42+09:00,mnist_pool16,linear_poly3,short_chain_5,rescale_aware,1,tabular_sweep_mnist_pool16_linear_poly3_short_chain_5_rescale_aware_r1,failed,1,results/ckks_tabular_inference/tabular_sweep_mnist_pool16_linear_poly3_short_chain_5_rescale_aware_r1/summary.csv,results/ckks_tabular_profile_sweep_repeated/logs/tabular_sweep_mnist_pool16_linear_poly3_short_chain_5_rescale_aware_r1.log
2026-06-29T04:29:43+09:00,mnist_pool16,linear_poly3,short_chain_5,rescale_aware,2,tabular_sweep_mnist_pool16_linear_poly3_short_chain_5_rescale_aware_r2,failed,1,results/ckks_tabular_inference/tabular_sweep_mnist_pool16_linear_poly3_short_chain_5_rescale_aware_r2/summary.csv,results/ckks_tabular_profile_sweep_repeated/logs/tabular_sweep_mnist_pool16_linear_poly3_short_chain_5_rescale_aware_r2.log
2026-06-29T04:29:43+09:00,mnist_pool16,linear_poly3,short_chain_5,rescale_aware,3,tabular_sweep_mnist_pool16_linear_poly3_short_chain_5_rescale_aware_r3,failed,1,results/ckks_tabular_inference/tabular_sweep_mnist_pool16_linear_poly3_short_chain_5_rescale_aware_r3/summary.csv,results/ckks_tabular_profile_sweep_repeated/logs/tabular_sweep_mnist_pool16_linear_poly3_short_chain_5_rescale_aware_r3.log
2026-06-29T04:29:43+09:00,mnist_pool16,linear_poly3,short_chain_5,baseline_non_rescale,1,tabular_sweep_mnist_pool16_linear_poly3_short_chain_5_baseline_non_rescale_r1,ok,0,results/ckks_tabular_inference/tabular_sweep_mnist_pool16_linear_poly3_short_chain_5_baseline_non_rescale_r1/summary.csv,results/ckks_tabular_profile_sweep_repeated/logs/tabular_sweep_mnist_pool16_linear_poly3_short_chain_5_baseline_non_rescale_r1.log
2026-06-29T04:30:34+09:00,mnist_pool16,linear_poly3,short_chain_5,baseline_non_rescale,2,tabular_sweep_mnist_pool16_linear_poly3_short_chain_5_baseline_non_rescale_r2,ok,0,results/ckks_tabular_inference/tabular_sweep_mnist_pool16_linear_poly3_short_chain_5_baseline_non_rescale_r2/summary.csv,results/ckks_tabular_profile_sweep_repeated/logs/tabular_sweep_mnist_pool16_linear_poly3_short_chain_5_baseline_non_rescale_r2.log
2026-06-29T04:31:24+09:00,mnist_pool16,linear_poly3,short_chain_5,baseline_non_rescale,3,tabular_sweep_mnist_pool16_linear_poly3_short_chain_5_baseline_non_rescale_r3,ok,0,results/ckks_tabular_inference/tabular_sweep_mnist_pool16_linear_poly3_short_chain_5_baseline_non_rescale_r3/summary.csv,results/ckks_tabular_profile_sweep_repeated/logs/tabular_sweep_mnist_pool16_linear_poly3_short_chain_5_baseline_non_rescale_r3.log
2026-06-29T04:32:15+09:00,mnist_pool16,linear_poly3,short_chain_3,rescale_aware,1,tabular_sweep_mnist_pool16_linear_poly3_short_chain_3_rescale_aware_r1,failed,1,results/ckks_tabular_inference/tabular_sweep_mnist_pool16_linear_poly3_short_chain_3_rescale_aware_r1/summary.csv,results/ckks_tabular_profile_sweep_repeated/logs/tabular_sweep_mnist_pool16_linear_poly3_short_chain_3_rescale_aware_r1.log
2026-06-29T04:32:15+09:00,mnist_pool16,linear_poly3,short_chain_3,rescale_aware,2,tabular_sweep_mnist_pool16_linear_poly3_short_chain_3_rescale_aware_r2,failed,1,results/ckks_tabular_inference/tabular_sweep_mnist_pool16_linear_poly3_short_chain_3_rescale_aware_r2/summary.csv,results/ckks_tabular_profile_sweep_repeated/logs/tabular_sweep_mnist_pool16_linear_poly3_short_chain_3_rescale_aware_r2.log
2026-06-29T04:32:15+09:00,mnist_pool16,linear_poly3,short_chain_3,rescale_aware,3,tabular_sweep_mnist_pool16_linear_poly3_short_chain_3_rescale_aware_r3,failed,1,results/ckks_tabular_inference/tabular_sweep_mnist_pool16_linear_poly3_short_chain_3_rescale_aware_r3/summary.csv,results/ckks_tabular_profile_sweep_repeated/logs/tabular_sweep_mnist_pool16_linear_poly3_short_chain_3_rescale_aware_r3.log
2026-06-29T04:32:16+09:00,mnist_pool16,linear_poly3,short_chain_3,baseline_non_rescale,1,tabular_sweep_mnist_pool16_linear_poly3_short_chain_3_baseline_non_rescale_r1,ok,0,results/ckks_tabular_inference/tabular_sweep_mnist_pool16_linear_poly3_short_chain_3_baseline_non_rescale_r1/summary.csv,results/ckks_tabular_profile_sweep_repeated/logs/tabular_sweep_mnist_pool16_linear_poly3_short_chain_3_baseline_non_rescale_r1.log
2026-06-29T04:32:50+09:00,mnist_pool16,linear_poly3,short_chain_3,baseline_non_rescale,2,tabular_sweep_mnist_pool16_linear_poly3_short_chain_3_baseline_non_rescale_r2,ok,0,results/ckks_tabular_inference/tabular_sweep_mnist_pool16_linear_poly3_short_chain_3_baseline_non_rescale_r2/summary.csv,results/ckks_tabular_profile_sweep_repeated/logs/tabular_sweep_mnist_pool16_linear_poly3_short_chain_3_baseline_non_rescale_r2.log
2026-06-29T04:33:25+09:00,mnist_pool16,linear_poly3,short_chain_3,baseline_non_rescale,3,tabular_sweep_mnist_pool16_linear_poly3_short_chain_3_baseline_non_rescale_r3,ok,0,results/ckks_tabular_inference/tabular_sweep_mnist_pool16_linear_poly3_short_chain_3_baseline_non_rescale_r3/summary.csv,results/ckks_tabular_profile_sweep_repeated/logs/tabular_sweep_mnist_pool16_linear_poly3_short_chain_3_baseline_non_rescale_r3.log
2026-06-29T04:34:00+09:00,mnist_pool16,mlp_square_linear_score,default,rescale_aware,1,tabular_sweep_mnist_pool16_mlp_square_linear_score_default_rescale_aware_r1,ok,0,results/ckks_tabular_inference/tabular_sweep_mnist_pool16_mlp_square_linear_score_default_rescale_aware_r1/summary.csv,results/ckks_tabular_profile_sweep_repeated/logs/tabular_sweep_mnist_pool16_mlp_square_linear_score_default_rescale_aware_r1.log
2026-06-29T04:35:23+09:00,mnist_pool16,mlp_square_linear_score,default,rescale_aware,2,tabular_sweep_mnist_pool16_mlp_square_linear_score_default_rescale_aware_r2,ok,0,results/ckks_tabular_inference/tabular_sweep_mnist_pool16_mlp_square_linear_score_default_rescale_aware_r2/summary.csv,results/ckks_tabular_profile_sweep_repeated/logs/tabular_sweep_mnist_pool16_mlp_square_linear_score_default_rescale_aware_r2.log
2026-06-29T04:36:46+09:00,mnist_pool16,mlp_square_linear_score,default,rescale_aware,3,tabular_sweep_mnist_pool16_mlp_square_linear_score_default_rescale_aware_r3,ok,0,results/ckks_tabular_inference/tabular_sweep_mnist_pool16_mlp_square_linear_score_default_rescale_aware_r3/summary.csv,results/ckks_tabular_profile_sweep_repeated/logs/tabular_sweep_mnist_pool16_mlp_square_linear_score_default_rescale_aware_r3.log
2026-06-29T04:38:10+09:00,mnist_pool16,mlp_square_linear_score,default,baseline_non_rescale,1,tabular_sweep_mnist_pool16_mlp_square_linear_score_default_baseline_non_rescale_r1,ok,0,results/ckks_tabular_inference/tabular_sweep_mnist_pool16_mlp_square_linear_score_default_baseline_non_rescale_r1/summary.csv,results/ckks_tabular_profile_sweep_repeated/logs/tabular_sweep_mnist_pool16_mlp_square_linear_score_default_baseline_non_rescale_r1.log
2026-06-29T04:39:32+09:00,mnist_pool16,mlp_square_linear_score,default,baseline_non_rescale,2,tabular_sweep_mnist_pool16_mlp_square_linear_score_default_baseline_non_rescale_r2,ok,0,results/ckks_tabular_inference/tabular_sweep_mnist_pool16_mlp_square_linear_score_default_baseline_non_rescale_r2/summary.csv,results/ckks_tabular_profile_sweep_repeated/logs/tabular_sweep_mnist_pool16_mlp_square_linear_score_default_baseline_non_rescale_r2.log
2026-06-29T04:40:55+09:00,mnist_pool16,mlp_square_linear_score,default,baseline_non_rescale,3,tabular_sweep_mnist_pool16_mlp_square_linear_score_default_baseline_non_rescale_r3,ok,0,results/ckks_tabular_inference/tabular_sweep_mnist_pool16_mlp_square_linear_score_default_baseline_non_rescale_r3/summary.csv,results/ckks_tabular_profile_sweep_repeated/logs/tabular_sweep_mnist_pool16_mlp_square_linear_score_default_baseline_non_rescale_r3.log
2026-06-29T04:42:18+09:00,mnist_pool16,mlp_square_linear_score,scale42,rescale_aware,1,tabular_sweep_mnist_pool16_mlp_square_linear_score_scale42_rescale_aware_r1,ok,0,results/ckks_tabular_inference/tabular_sweep_mnist_pool16_mlp_square_linear_score_scale42_rescale_aware_r1/summary.csv,results/ckks_tabular_profile_sweep_repeated/logs/tabular_sweep_mnist_pool16_mlp_square_linear_score_scale42_rescale_aware_r1.log
2026-06-29T04:43:42+09:00,mnist_pool16,mlp_square_linear_score,scale42,rescale_aware,2,tabular_sweep_mnist_pool16_mlp_square_linear_score_scale42_rescale_aware_r2,ok,0,results/ckks_tabular_inference/tabular_sweep_mnist_pool16_mlp_square_linear_score_scale42_rescale_aware_r2/summary.csv,results/ckks_tabular_profile_sweep_repeated/logs/tabular_sweep_mnist_pool16_mlp_square_linear_score_scale42_rescale_aware_r2.log
2026-06-29T04:45:07+09:00,mnist_pool16,mlp_square_linear_score,scale42,rescale_aware,3,tabular_sweep_mnist_pool16_mlp_square_linear_score_scale42_rescale_aware_r3,ok,0,results/ckks_tabular_inference/tabular_sweep_mnist_pool16_mlp_square_linear_score_scale42_rescale_aware_r3/summary.csv,results/ckks_tabular_profile_sweep_repeated/logs/tabular_sweep_mnist_pool16_mlp_square_linear_score_scale42_rescale_aware_r3.log
2026-06-29T04:46:32+09:00,mnist_pool16,mlp_square_linear_score,scale42,baseline_non_rescale,1,tabular_sweep_mnist_pool16_mlp_square_linear_score_scale42_baseline_non_rescale_r1,ok,0,results/ckks_tabular_inference/tabular_sweep_mnist_pool16_mlp_square_linear_score_scale42_baseline_non_rescale_r1/summary.csv,results/ckks_tabular_profile_sweep_repeated/logs/tabular_sweep_mnist_pool16_mlp_square_linear_score_scale42_baseline_non_rescale_r1.log
2026-06-29T04:47:55+09:00,mnist_pool16,mlp_square_linear_score,scale42,baseline_non_rescale,2,tabular_sweep_mnist_pool16_mlp_square_linear_score_scale42_baseline_non_rescale_r2,ok,0,results/ckks_tabular_inference/tabular_sweep_mnist_pool16_mlp_square_linear_score_scale42_baseline_non_rescale_r2/summary.csv,results/ckks_tabular_profile_sweep_repeated/logs/tabular_sweep_mnist_pool16_mlp_square_linear_score_scale42_baseline_non_rescale_r2.log
2026-06-29T04:49:17+09:00,mnist_pool16,mlp_square_linear_score,scale42,baseline_non_rescale,3,tabular_sweep_mnist_pool16_mlp_square_linear_score_scale42_baseline_non_rescale_r3,ok,0,results/ckks_tabular_inference/tabular_sweep_mnist_pool16_mlp_square_linear_score_scale42_baseline_non_rescale_r3/summary.csv,results/ckks_tabular_profile_sweep_repeated/logs/tabular_sweep_mnist_pool16_mlp_square_linear_score_scale42_baseline_non_rescale_r3.log
2026-06-29T04:50:40+09:00,mnist_pool16,mlp_square_linear_score,scale40,rescale_aware,1,tabular_sweep_mnist_pool16_mlp_square_linear_score_scale40_rescale_aware_r1,ok,0,results/ckks_tabular_inference/tabular_sweep_mnist_pool16_mlp_square_linear_score_scale40_rescale_aware_r1/summary.csv,results/ckks_tabular_profile_sweep_repeated/logs/tabular_sweep_mnist_pool16_mlp_square_linear_score_scale40_rescale_aware_r1.log
2026-06-29T04:52:04+09:00,mnist_pool16,mlp_square_linear_score,scale40,rescale_aware,2,tabular_sweep_mnist_pool16_mlp_square_linear_score_scale40_rescale_aware_r2,ok,0,results/ckks_tabular_inference/tabular_sweep_mnist_pool16_mlp_square_linear_score_scale40_rescale_aware_r2/summary.csv,results/ckks_tabular_profile_sweep_repeated/logs/tabular_sweep_mnist_pool16_mlp_square_linear_score_scale40_rescale_aware_r2.log
2026-06-29T04:53:30+09:00,mnist_pool16,mlp_square_linear_score,scale40,rescale_aware,3,tabular_sweep_mnist_pool16_mlp_square_linear_score_scale40_rescale_aware_r3,ok,0,results/ckks_tabular_inference/tabular_sweep_mnist_pool16_mlp_square_linear_score_scale40_rescale_aware_r3/summary.csv,results/ckks_tabular_profile_sweep_repeated/logs/tabular_sweep_mnist_pool16_mlp_square_linear_score_scale40_rescale_aware_r3.log
2026-06-29T04:54:54+09:00,mnist_pool16,mlp_square_linear_score,scale40,baseline_non_rescale,1,tabular_sweep_mnist_pool16_mlp_square_linear_score_scale40_baseline_non_rescale_r1,ok,0,results/ckks_tabular_inference/tabular_sweep_mnist_pool16_mlp_square_linear_score_scale40_baseline_non_rescale_r1/summary.csv,results/ckks_tabular_profile_sweep_repeated/logs/tabular_sweep_mnist_pool16_mlp_square_linear_score_scale40_baseline_non_rescale_r1.log
2026-06-29T04:56:17+09:00,mnist_pool16,mlp_square_linear_score,scale40,baseline_non_rescale,2,tabular_sweep_mnist_pool16_mlp_square_linear_score_scale40_baseline_non_rescale_r2,ok,0,results/ckks_tabular_inference/tabular_sweep_mnist_pool16_mlp_square_linear_score_scale40_baseline_non_rescale_r2/summary.csv,results/ckks_tabular_profile_sweep_repeated/logs/tabular_sweep_mnist_pool16_mlp_square_linear_score_scale40_baseline_non_rescale_r2.log
2026-06-29T04:57:40+09:00,mnist_pool16,mlp_square_linear_score,scale40,baseline_non_rescale,3,tabular_sweep_mnist_pool16_mlp_square_linear_score_scale40_baseline_non_rescale_r3,ok,0,results/ckks_tabular_inference/tabular_sweep_mnist_pool16_mlp_square_linear_score_scale40_baseline_non_rescale_r3/summary.csv,results/ckks_tabular_profile_sweep_repeated/logs/tabular_sweep_mnist_pool16_mlp_square_linear_score_scale40_baseline_non_rescale_r3.log
2026-06-29T04:59:02+09:00,mnist_pool16,mlp_square_linear_score,scale38,rescale_aware,1,tabular_sweep_mnist_pool16_mlp_square_linear_score_scale38_rescale_aware_r1,ok,0,results/ckks_tabular_inference/tabular_sweep_mnist_pool16_mlp_square_linear_score_scale38_rescale_aware_r1/summary.csv,results/ckks_tabular_profile_sweep_repeated/logs/tabular_sweep_mnist_pool16_mlp_square_linear_score_scale38_rescale_aware_r1.log
2026-06-29T05:00:27+09:00,mnist_pool16,mlp_square_linear_score,scale38,rescale_aware,2,tabular_sweep_mnist_pool16_mlp_square_linear_score_scale38_rescale_aware_r2,ok,0,results/ckks_tabular_inference/tabular_sweep_mnist_pool16_mlp_square_linear_score_scale38_rescale_aware_r2/summary.csv,results/ckks_tabular_profile_sweep_repeated/logs/tabular_sweep_mnist_pool16_mlp_square_linear_score_scale38_rescale_aware_r2.log
2026-06-29T05:01:52+09:00,mnist_pool16,mlp_square_linear_score,scale38,rescale_aware,3,tabular_sweep_mnist_pool16_mlp_square_linear_score_scale38_rescale_aware_r3,ok,0,results/ckks_tabular_inference/tabular_sweep_mnist_pool16_mlp_square_linear_score_scale38_rescale_aware_r3/summary.csv,results/ckks_tabular_profile_sweep_repeated/logs/tabular_sweep_mnist_pool16_mlp_square_linear_score_scale38_rescale_aware_r3.log
2026-06-29T05:03:17+09:00,mnist_pool16,mlp_square_linear_score,scale38,baseline_non_rescale,1,tabular_sweep_mnist_pool16_mlp_square_linear_score_scale38_baseline_non_rescale_r1,ok,0,results/ckks_tabular_inference/tabular_sweep_mnist_pool16_mlp_square_linear_score_scale38_baseline_non_rescale_r1/summary.csv,results/ckks_tabular_profile_sweep_repeated/logs/tabular_sweep_mnist_pool16_mlp_square_linear_score_scale38_baseline_non_rescale_r1.log
2026-06-29T05:04:39+09:00,mnist_pool16,mlp_square_linear_score,scale38,baseline_non_rescale,2,tabular_sweep_mnist_pool16_mlp_square_linear_score_scale38_baseline_non_rescale_r2,ok,0,results/ckks_tabular_inference/tabular_sweep_mnist_pool16_mlp_square_linear_score_scale38_baseline_non_rescale_r2/summary.csv,results/ckks_tabular_profile_sweep_repeated/logs/tabular_sweep_mnist_pool16_mlp_square_linear_score_scale38_baseline_non_rescale_r2.log
2026-06-29T05:06:02+09:00,mnist_pool16,mlp_square_linear_score,scale38,baseline_non_rescale,3,tabular_sweep_mnist_pool16_mlp_square_linear_score_scale38_baseline_non_rescale_r3,ok,0,results/ckks_tabular_inference/tabular_sweep_mnist_pool16_mlp_square_linear_score_scale38_baseline_non_rescale_r3/summary.csv,results/ckks_tabular_profile_sweep_repeated/logs/tabular_sweep_mnist_pool16_mlp_square_linear_score_scale38_baseline_non_rescale_r3.log
2026-06-29T05:07:24+09:00,mnist_pool16,mlp_square_linear_score,deep_chain_8_scale45,rescale_aware,1,tabular_sweep_mnist_pool16_mlp_square_linear_score_deep_chain_8_scale45_rescale_aware_r1,ok,0,results/ckks_tabular_inference/tabular_sweep_mnist_pool16_mlp_square_linear_score_deep_chain_8_scale45_rescale_aware_r1/summary.csv,results/ckks_tabular_profile_sweep_repeated/logs/tabular_sweep_mnist_pool16_mlp_square_linear_score_deep_chain_8_scale45_rescale_aware_r1.log
2026-06-29T05:10:39+09:00,mnist_pool16,mlp_square_linear_score,deep_chain_8_scale45,rescale_aware,2,tabular_sweep_mnist_pool16_mlp_square_linear_score_deep_chain_8_scale45_rescale_aware_r2,ok,0,results/ckks_tabular_inference/tabular_sweep_mnist_pool16_mlp_square_linear_score_deep_chain_8_scale45_rescale_aware_r2/summary.csv,results/ckks_tabular_profile_sweep_repeated/logs/tabular_sweep_mnist_pool16_mlp_square_linear_score_deep_chain_8_scale45_rescale_aware_r2.log
2026-06-29T05:13:54+09:00,mnist_pool16,mlp_square_linear_score,deep_chain_8_scale45,rescale_aware,3,tabular_sweep_mnist_pool16_mlp_square_linear_score_deep_chain_8_scale45_rescale_aware_r3,ok,0,results/ckks_tabular_inference/tabular_sweep_mnist_pool16_mlp_square_linear_score_deep_chain_8_scale45_rescale_aware_r3/summary.csv,results/ckks_tabular_profile_sweep_repeated/logs/tabular_sweep_mnist_pool16_mlp_square_linear_score_deep_chain_8_scale45_rescale_aware_r3.log
2026-06-29T05:17:09+09:00,mnist_pool16,mlp_square_linear_score,deep_chain_8_scale45,baseline_non_rescale,1,tabular_sweep_mnist_pool16_mlp_square_linear_score_deep_chain_8_scale45_baseline_non_rescale_r1,ok,0,results/ckks_tabular_inference/tabular_sweep_mnist_pool16_mlp_square_linear_score_deep_chain_8_scale45_baseline_non_rescale_r1/summary.csv,results/ckks_tabular_profile_sweep_repeated/logs/tabular_sweep_mnist_pool16_mlp_square_linear_score_deep_chain_8_scale45_baseline_non_rescale_r1.log
2026-06-29T05:20:21+09:00,mnist_pool16,mlp_square_linear_score,deep_chain_8_scale45,baseline_non_rescale,2,tabular_sweep_mnist_pool16_mlp_square_linear_score_deep_chain_8_scale45_baseline_non_rescale_r2,ok,0,results/ckks_tabular_inference/tabular_sweep_mnist_pool16_mlp_square_linear_score_deep_chain_8_scale45_baseline_non_rescale_r2/summary.csv,results/ckks_tabular_profile_sweep_repeated/logs/tabular_sweep_mnist_pool16_mlp_square_linear_score_deep_chain_8_scale45_baseline_non_rescale_r2.log
2026-06-29T05:23:33+09:00,mnist_pool16,mlp_square_linear_score,deep_chain_8_scale45,baseline_non_rescale,3,tabular_sweep_mnist_pool16_mlp_square_linear_score_deep_chain_8_scale45_baseline_non_rescale_r3,ok,0,results/ckks_tabular_inference/tabular_sweep_mnist_pool16_mlp_square_linear_score_deep_chain_8_scale45_baseline_non_rescale_r3/summary.csv,results/ckks_tabular_profile_sweep_repeated/logs/tabular_sweep_mnist_pool16_mlp_square_linear_score_deep_chain_8_scale45_baseline_non_rescale_r3.log
2026-06-29T05:26:47+09:00,mnist_pool16,mlp_square_linear_score,deep_chain_9_scale45,rescale_aware,1,tabular_sweep_mnist_pool16_mlp_square_linear_score_deep_chain_9_scale45_rescale_aware_r1,ok,0,results/ckks_tabular_inference/tabular_sweep_mnist_pool16_mlp_square_linear_score_deep_chain_9_scale45_rescale_aware_r1/summary.csv,results/ckks_tabular_profile_sweep_repeated/logs/tabular_sweep_mnist_pool16_mlp_square_linear_score_deep_chain_9_scale45_rescale_aware_r1.log
2026-06-29T05:30:42+09:00,mnist_pool16,mlp_square_linear_score,deep_chain_9_scale45,rescale_aware,2,tabular_sweep_mnist_pool16_mlp_square_linear_score_deep_chain_9_scale45_rescale_aware_r2,ok,0,results/ckks_tabular_inference/tabular_sweep_mnist_pool16_mlp_square_linear_score_deep_chain_9_scale45_rescale_aware_r2/summary.csv,results/ckks_tabular_profile_sweep_repeated/logs/tabular_sweep_mnist_pool16_mlp_square_linear_score_deep_chain_9_scale45_rescale_aware_r2.log
2026-06-29T05:34:42+09:00,mnist_pool16,mlp_square_linear_score,deep_chain_9_scale45,rescale_aware,3,tabular_sweep_mnist_pool16_mlp_square_linear_score_deep_chain_9_scale45_rescale_aware_r3,ok,0,results/ckks_tabular_inference/tabular_sweep_mnist_pool16_mlp_square_linear_score_deep_chain_9_scale45_rescale_aware_r3/summary.csv,results/ckks_tabular_profile_sweep_repeated/logs/tabular_sweep_mnist_pool16_mlp_square_linear_score_deep_chain_9_scale45_rescale_aware_r3.log
2026-06-29T05:38:43+09:00,mnist_pool16,mlp_square_linear_score,deep_chain_9_scale45,baseline_non_rescale,1,tabular_sweep_mnist_pool16_mlp_square_linear_score_deep_chain_9_scale45_baseline_non_rescale_r1,ok,0,results/ckks_tabular_inference/tabular_sweep_mnist_pool16_mlp_square_linear_score_deep_chain_9_scale45_baseline_non_rescale_r1/summary.csv,results/ckks_tabular_profile_sweep_repeated/logs/tabular_sweep_mnist_pool16_mlp_square_linear_score_deep_chain_9_scale45_baseline_non_rescale_r1.log
2026-06-29T05:42:35+09:00,mnist_pool16,mlp_square_linear_score,deep_chain_9_scale45,baseline_non_rescale,2,tabular_sweep_mnist_pool16_mlp_square_linear_score_deep_chain_9_scale45_baseline_non_rescale_r2,ok,0,results/ckks_tabular_inference/tabular_sweep_mnist_pool16_mlp_square_linear_score_deep_chain_9_scale45_baseline_non_rescale_r2/summary.csv,results/ckks_tabular_profile_sweep_repeated/logs/tabular_sweep_mnist_pool16_mlp_square_linear_score_deep_chain_9_scale45_baseline_non_rescale_r2.log
2026-06-29T05:46:25+09:00,mnist_pool16,mlp_square_linear_score,deep_chain_9_scale45,baseline_non_rescale,3,tabular_sweep_mnist_pool16_mlp_square_linear_score_deep_chain_9_scale45_baseline_non_rescale_r3,ok,0,results/ckks_tabular_inference/tabular_sweep_mnist_pool16_mlp_square_linear_score_deep_chain_9_scale45_baseline_non_rescale_r3/summary.csv,results/ckks_tabular_profile_sweep_repeated/logs/tabular_sweep_mnist_pool16_mlp_square_linear_score_deep_chain_9_scale45_baseline_non_rescale_r3.log
2026-06-29T05:50:01+09:00,mnist_pool16,mlp_square_linear_score,short_chain_6_scale42,rescale_aware,1,tabular_sweep_mnist_pool16_mlp_square_linear_score_short_chain_6_scale42_rescale_aware_r1,ok,0,results/ckks_tabular_inference/tabular_sweep_mnist_pool16_mlp_square_linear_score_short_chain_6_scale42_rescale_aware_r1/summary.csv,results/ckks_tabular_profile_sweep_repeated/logs/tabular_sweep_mnist_pool16_mlp_square_linear_score_short_chain_6_scale42_rescale_aware_r1.log
2026-06-29T05:51:14+09:00,mnist_pool16,mlp_square_linear_score,short_chain_6_scale42,rescale_aware,2,tabular_sweep_mnist_pool16_mlp_square_linear_score_short_chain_6_scale42_rescale_aware_r2,ok,0,results/ckks_tabular_inference/tabular_sweep_mnist_pool16_mlp_square_linear_score_short_chain_6_scale42_rescale_aware_r2/summary.csv,results/ckks_tabular_profile_sweep_repeated/logs/tabular_sweep_mnist_pool16_mlp_square_linear_score_short_chain_6_scale42_rescale_aware_r2.log
2026-06-29T05:52:25+09:00,mnist_pool16,mlp_square_linear_score,short_chain_6_scale42,rescale_aware,3,tabular_sweep_mnist_pool16_mlp_square_linear_score_short_chain_6_scale42_rescale_aware_r3,ok,0,results/ckks_tabular_inference/tabular_sweep_mnist_pool16_mlp_square_linear_score_short_chain_6_scale42_rescale_aware_r3/summary.csv,results/ckks_tabular_profile_sweep_repeated/logs/tabular_sweep_mnist_pool16_mlp_square_linear_score_short_chain_6_scale42_rescale_aware_r3.log
2026-06-29T05:53:37+09:00,mnist_pool16,mlp_square_linear_score,short_chain_6_scale42,baseline_non_rescale,1,tabular_sweep_mnist_pool16_mlp_square_linear_score_short_chain_6_scale42_baseline_non_rescale_r1,ok,0,results/ckks_tabular_inference/tabular_sweep_mnist_pool16_mlp_square_linear_score_short_chain_6_scale42_baseline_non_rescale_r1/summary.csv,results/ckks_tabular_profile_sweep_repeated/logs/tabular_sweep_mnist_pool16_mlp_square_linear_score_short_chain_6_scale42_baseline_non_rescale_r1.log
2026-06-29T05:54:47+09:00,mnist_pool16,mlp_square_linear_score,short_chain_6_scale42,baseline_non_rescale,2,tabular_sweep_mnist_pool16_mlp_square_linear_score_short_chain_6_scale42_baseline_non_rescale_r2,ok,0,results/ckks_tabular_inference/tabular_sweep_mnist_pool16_mlp_square_linear_score_short_chain_6_scale42_baseline_non_rescale_r2/summary.csv,results/ckks_tabular_profile_sweep_repeated/logs/tabular_sweep_mnist_pool16_mlp_square_linear_score_short_chain_6_scale42_baseline_non_rescale_r2.log
2026-06-29T05:55:58+09:00,mnist_pool16,mlp_square_linear_score,short_chain_6_scale42,baseline_non_rescale,3,tabular_sweep_mnist_pool16_mlp_square_linear_score_short_chain_6_scale42_baseline_non_rescale_r3,ok,0,results/ckks_tabular_inference/tabular_sweep_mnist_pool16_mlp_square_linear_score_short_chain_6_scale42_baseline_non_rescale_r3/summary.csv,results/ckks_tabular_profile_sweep_repeated/logs/tabular_sweep_mnist_pool16_mlp_square_linear_score_short_chain_6_scale42_baseline_non_rescale_r3.log
2026-06-29T05:57:07+09:00,mnist_pool16,mlp_square_linear_score,short_chain_6_scale40,rescale_aware,1,tabular_sweep_mnist_pool16_mlp_square_linear_score_short_chain_6_scale40_rescale_aware_r1,ok,0,results/ckks_tabular_inference/tabular_sweep_mnist_pool16_mlp_square_linear_score_short_chain_6_scale40_rescale_aware_r1/summary.csv,results/ckks_tabular_profile_sweep_repeated/logs/tabular_sweep_mnist_pool16_mlp_square_linear_score_short_chain_6_scale40_rescale_aware_r1.log
2026-06-29T05:58:17+09:00,mnist_pool16,mlp_square_linear_score,short_chain_6_scale40,rescale_aware,2,tabular_sweep_mnist_pool16_mlp_square_linear_score_short_chain_6_scale40_rescale_aware_r2,ok,0,results/ckks_tabular_inference/tabular_sweep_mnist_pool16_mlp_square_linear_score_short_chain_6_scale40_rescale_aware_r2/summary.csv,results/ckks_tabular_profile_sweep_repeated/logs/tabular_sweep_mnist_pool16_mlp_square_linear_score_short_chain_6_scale40_rescale_aware_r2.log
2026-06-29T05:59:27+09:00,mnist_pool16,mlp_square_linear_score,short_chain_6_scale40,rescale_aware,3,tabular_sweep_mnist_pool16_mlp_square_linear_score_short_chain_6_scale40_rescale_aware_r3,ok,0,results/ckks_tabular_inference/tabular_sweep_mnist_pool16_mlp_square_linear_score_short_chain_6_scale40_rescale_aware_r3/summary.csv,results/ckks_tabular_profile_sweep_repeated/logs/tabular_sweep_mnist_pool16_mlp_square_linear_score_short_chain_6_scale40_rescale_aware_r3.log
2026-06-29T06:00:37+09:00,mnist_pool16,mlp_square_linear_score,short_chain_6_scale40,baseline_non_rescale,1,tabular_sweep_mnist_pool16_mlp_square_linear_score_short_chain_6_scale40_baseline_non_rescale_r1,ok,0,results/ckks_tabular_inference/tabular_sweep_mnist_pool16_mlp_square_linear_score_short_chain_6_scale40_baseline_non_rescale_r1/summary.csv,results/ckks_tabular_profile_sweep_repeated/logs/tabular_sweep_mnist_pool16_mlp_square_linear_score_short_chain_6_scale40_baseline_non_rescale_r1.log
2026-06-29T06:01:49+09:00,mnist_pool16,mlp_square_linear_score,short_chain_6_scale40,baseline_non_rescale,2,tabular_sweep_mnist_pool16_mlp_square_linear_score_short_chain_6_scale40_baseline_non_rescale_r2,ok,0,results/ckks_tabular_inference/tabular_sweep_mnist_pool16_mlp_square_linear_score_short_chain_6_scale40_baseline_non_rescale_r2/summary.csv,results/ckks_tabular_profile_sweep_repeated/logs/tabular_sweep_mnist_pool16_mlp_square_linear_score_short_chain_6_scale40_baseline_non_rescale_r2.log
2026-06-29T06:03:01+09:00,mnist_pool16,mlp_square_linear_score,short_chain_6_scale40,baseline_non_rescale,3,tabular_sweep_mnist_pool16_mlp_square_linear_score_short_chain_6_scale40_baseline_non_rescale_r3,ok,0,results/ckks_tabular_inference/tabular_sweep_mnist_pool16_mlp_square_linear_score_short_chain_6_scale40_baseline_non_rescale_r3/summary.csv,results/ckks_tabular_profile_sweep_repeated/logs/tabular_sweep_mnist_pool16_mlp_square_linear_score_short_chain_6_scale40_baseline_non_rescale_r3.log
2026-06-29T06:04:11+09:00,mnist_pool16,mlp_square_linear_score,short_chain_6_scale38,rescale_aware,1,tabular_sweep_mnist_pool16_mlp_square_linear_score_short_chain_6_scale38_rescale_aware_r1,ok,0,results/ckks_tabular_inference/tabular_sweep_mnist_pool16_mlp_square_linear_score_short_chain_6_scale38_rescale_aware_r1/summary.csv,results/ckks_tabular_profile_sweep_repeated/logs/tabular_sweep_mnist_pool16_mlp_square_linear_score_short_chain_6_scale38_rescale_aware_r1.log
2026-06-29T06:05:23+09:00,mnist_pool16,mlp_square_linear_score,short_chain_6_scale38,rescale_aware,2,tabular_sweep_mnist_pool16_mlp_square_linear_score_short_chain_6_scale38_rescale_aware_r2,ok,0,results/ckks_tabular_inference/tabular_sweep_mnist_pool16_mlp_square_linear_score_short_chain_6_scale38_rescale_aware_r2/summary.csv,results/ckks_tabular_profile_sweep_repeated/logs/tabular_sweep_mnist_pool16_mlp_square_linear_score_short_chain_6_scale38_rescale_aware_r2.log
2026-06-29T06:06:34+09:00,mnist_pool16,mlp_square_linear_score,short_chain_6_scale38,rescale_aware,3,tabular_sweep_mnist_pool16_mlp_square_linear_score_short_chain_6_scale38_rescale_aware_r3,ok,0,results/ckks_tabular_inference/tabular_sweep_mnist_pool16_mlp_square_linear_score_short_chain_6_scale38_rescale_aware_r3/summary.csv,results/ckks_tabular_profile_sweep_repeated/logs/tabular_sweep_mnist_pool16_mlp_square_linear_score_short_chain_6_scale38_rescale_aware_r3.log
2026-06-29T06:07:46+09:00,mnist_pool16,mlp_square_linear_score,short_chain_6_scale38,baseline_non_rescale,1,tabular_sweep_mnist_pool16_mlp_square_linear_score_short_chain_6_scale38_baseline_non_rescale_r1,ok,0,results/ckks_tabular_inference/tabular_sweep_mnist_pool16_mlp_square_linear_score_short_chain_6_scale38_baseline_non_rescale_r1/summary.csv,results/ckks_tabular_profile_sweep_repeated/logs/tabular_sweep_mnist_pool16_mlp_square_linear_score_short_chain_6_scale38_baseline_non_rescale_r1.log
2026-06-29T06:08:57+09:00,mnist_pool16,mlp_square_linear_score,short_chain_6_scale38,baseline_non_rescale,2,tabular_sweep_mnist_pool16_mlp_square_linear_score_short_chain_6_scale38_baseline_non_rescale_r2,ok,0,results/ckks_tabular_inference/tabular_sweep_mnist_pool16_mlp_square_linear_score_short_chain_6_scale38_baseline_non_rescale_r2/summary.csv,results/ckks_tabular_profile_sweep_repeated/logs/tabular_sweep_mnist_pool16_mlp_square_linear_score_short_chain_6_scale38_baseline_non_rescale_r2.log
2026-06-29T06:10:09+09:00,mnist_pool16,mlp_square_linear_score,short_chain_6_scale38,baseline_non_rescale,3,tabular_sweep_mnist_pool16_mlp_square_linear_score_short_chain_6_scale38_baseline_non_rescale_r3,ok,0,results/ckks_tabular_inference/tabular_sweep_mnist_pool16_mlp_square_linear_score_short_chain_6_scale38_baseline_non_rescale_r3/summary.csv,results/ckks_tabular_profile_sweep_repeated/logs/tabular_sweep_mnist_pool16_mlp_square_linear_score_short_chain_6_scale38_baseline_non_rescale_r3.log
2026-06-29T06:11:17+09:00,mnist_pool16,mlp_square_linear_score,short_chain_5,rescale_aware,1,tabular_sweep_mnist_pool16_mlp_square_linear_score_short_chain_5_rescale_aware_r1,ok,0,results/ckks_tabular_inference/tabular_sweep_mnist_pool16_mlp_square_linear_score_short_chain_5_rescale_aware_r1/summary.csv,results/ckks_tabular_profile_sweep_repeated/logs/tabular_sweep_mnist_pool16_mlp_square_linear_score_short_chain_5_rescale_aware_r1.log
2026-06-29T06:12:16+09:00,mnist_pool16,mlp_square_linear_score,short_chain_5,rescale_aware,2,tabular_sweep_mnist_pool16_mlp_square_linear_score_short_chain_5_rescale_aware_r2,ok,0,results/ckks_tabular_inference/tabular_sweep_mnist_pool16_mlp_square_linear_score_short_chain_5_rescale_aware_r2/summary.csv,results/ckks_tabular_profile_sweep_repeated/logs/tabular_sweep_mnist_pool16_mlp_square_linear_score_short_chain_5_rescale_aware_r2.log
2026-06-29T06:13:15+09:00,mnist_pool16,mlp_square_linear_score,short_chain_5,rescale_aware,3,tabular_sweep_mnist_pool16_mlp_square_linear_score_short_chain_5_rescale_aware_r3,ok,0,results/ckks_tabular_inference/tabular_sweep_mnist_pool16_mlp_square_linear_score_short_chain_5_rescale_aware_r3/summary.csv,results/ckks_tabular_profile_sweep_repeated/logs/tabular_sweep_mnist_pool16_mlp_square_linear_score_short_chain_5_rescale_aware_r3.log
2026-06-29T06:14:14+09:00,mnist_pool16,mlp_square_linear_score,short_chain_5,baseline_non_rescale,1,tabular_sweep_mnist_pool16_mlp_square_linear_score_short_chain_5_baseline_non_rescale_r1,ok,0,results/ckks_tabular_inference/tabular_sweep_mnist_pool16_mlp_square_linear_score_short_chain_5_baseline_non_rescale_r1/summary.csv,results/ckks_tabular_profile_sweep_repeated/logs/tabular_sweep_mnist_pool16_mlp_square_linear_score_short_chain_5_baseline_non_rescale_r1.log
2026-06-29T06:15:13+09:00,mnist_pool16,mlp_square_linear_score,short_chain_5,baseline_non_rescale,2,tabular_sweep_mnist_pool16_mlp_square_linear_score_short_chain_5_baseline_non_rescale_r2,ok,0,results/ckks_tabular_inference/tabular_sweep_mnist_pool16_mlp_square_linear_score_short_chain_5_baseline_non_rescale_r2/summary.csv,results/ckks_tabular_profile_sweep_repeated/logs/tabular_sweep_mnist_pool16_mlp_square_linear_score_short_chain_5_baseline_non_rescale_r2.log
2026-06-29T06:16:12+09:00,mnist_pool16,mlp_square_linear_score,short_chain_5,baseline_non_rescale,3,tabular_sweep_mnist_pool16_mlp_square_linear_score_short_chain_5_baseline_non_rescale_r3,ok,0,results/ckks_tabular_inference/tabular_sweep_mnist_pool16_mlp_square_linear_score_short_chain_5_baseline_non_rescale_r3/summary.csv,results/ckks_tabular_profile_sweep_repeated/logs/tabular_sweep_mnist_pool16_mlp_square_linear_score_short_chain_5_baseline_non_rescale_r3.log
2026-06-29T06:17:10+09:00,mnist_pool16,mlp_square_linear_score,short_chain_3,rescale_aware,1,tabular_sweep_mnist_pool16_mlp_square_linear_score_short_chain_3_rescale_aware_r1,ok,0,results/ckks_tabular_inference/tabular_sweep_mnist_pool16_mlp_square_linear_score_short_chain_3_rescale_aware_r1/summary.csv,results/ckks_tabular_profile_sweep_repeated/logs/tabular_sweep_mnist_pool16_mlp_square_linear_score_short_chain_3_rescale_aware_r1.log
2026-06-29T06:17:45+09:00,mnist_pool16,mlp_square_linear_score,short_chain_3,rescale_aware,2,tabular_sweep_mnist_pool16_mlp_square_linear_score_short_chain_3_rescale_aware_r2,ok,0,results/ckks_tabular_inference/tabular_sweep_mnist_pool16_mlp_square_linear_score_short_chain_3_rescale_aware_r2/summary.csv,results/ckks_tabular_profile_sweep_repeated/logs/tabular_sweep_mnist_pool16_mlp_square_linear_score_short_chain_3_rescale_aware_r2.log
2026-06-29T06:18:19+09:00,mnist_pool16,mlp_square_linear_score,short_chain_3,rescale_aware,3,tabular_sweep_mnist_pool16_mlp_square_linear_score_short_chain_3_rescale_aware_r3,ok,0,results/ckks_tabular_inference/tabular_sweep_mnist_pool16_mlp_square_linear_score_short_chain_3_rescale_aware_r3/summary.csv,results/ckks_tabular_profile_sweep_repeated/logs/tabular_sweep_mnist_pool16_mlp_square_linear_score_short_chain_3_rescale_aware_r3.log
2026-06-29T06:18:54+09:00,mnist_pool16,mlp_square_linear_score,short_chain_3,baseline_non_rescale,1,tabular_sweep_mnist_pool16_mlp_square_linear_score_short_chain_3_baseline_non_rescale_r1,ok,0,results/ckks_tabular_inference/tabular_sweep_mnist_pool16_mlp_square_linear_score_short_chain_3_baseline_non_rescale_r1/summary.csv,results/ckks_tabular_profile_sweep_repeated/logs/tabular_sweep_mnist_pool16_mlp_square_linear_score_short_chain_3_baseline_non_rescale_r1.log
2026-06-29T06:19:33+09:00,mnist_pool16,mlp_square_linear_score,short_chain_3,baseline_non_rescale,2,tabular_sweep_mnist_pool16_mlp_square_linear_score_short_chain_3_baseline_non_rescale_r2,ok,0,results/ckks_tabular_inference/tabular_sweep_mnist_pool16_mlp_square_linear_score_short_chain_3_baseline_non_rescale_r2/summary.csv,results/ckks_tabular_profile_sweep_repeated/logs/tabular_sweep_mnist_pool16_mlp_square_linear_score_short_chain_3_baseline_non_rescale_r2.log
2026-06-29T06:20:12+09:00,mnist_pool16,mlp_square_linear_score,short_chain_3,baseline_non_rescale,3,tabular_sweep_mnist_pool16_mlp_square_linear_score_short_chain_3_baseline_non_rescale_r3,ok,0,results/ckks_tabular_inference/tabular_sweep_mnist_pool16_mlp_square_linear_score_short_chain_3_baseline_non_rescale_r3/summary.csv,results/ckks_tabular_profile_sweep_repeated/logs/tabular_sweep_mnist_pool16_mlp_square_linear_score_short_chain_3_baseline_non_rescale_r3.log
