metric,value
polynomial_decision_match_rate,1.000000000000
raw_accuracy,0.896000000000
raw_auc,0.956127298037
raw_f1,0.893442622951
test_samples,500.000000000000
test_scaled_logit_max,0.629982440604
test_scaled_logit_max_abs,0.702851921655
test_scaled_logit_min,-0.702851921655
train_samples,2000.000000000000
