replay	Set up job	﻿2026-07-30T20:21:55.3071487Z Current runner version: '2.336.0'
replay	Set up job	2026-07-30T20:21:55.3108957Z ##[group]Runner Image Provisioner
replay	Set up job	2026-07-30T20:21:55.3110339Z Hosted Compute Agent
replay	Set up job	2026-07-30T20:21:55.3111477Z Version: 20260707.563
replay	Set up job	2026-07-30T20:21:55.3112556Z Commit: 02667638d2b423fbc733a8e32a88b44996a3ba6e
replay	Set up job	2026-07-30T20:21:55.3113759Z Build Date: 2026-07-07T19:33:50Z
replay	Set up job	2026-07-30T20:21:55.3115188Z Worker ID: {b7f3e5cf-9359-4e91-8c66-b40ff3ad8cc6}
replay	Set up job	2026-07-30T20:21:55.3116804Z Azure Region: eastus2
replay	Set up job	2026-07-30T20:21:55.3118418Z ##[endgroup]
replay	Set up job	2026-07-30T20:21:55.3121250Z ##[group]Operating System
replay	Set up job	2026-07-30T20:21:55.3122327Z Ubuntu
replay	Set up job	2026-07-30T20:21:55.3123235Z 22.04.5
replay	Set up job	2026-07-30T20:21:55.3124169Z LTS
replay	Set up job	2026-07-30T20:21:55.3125105Z ##[endgroup]
replay	Set up job	2026-07-30T20:21:55.3126534Z ##[group]Runner Image
replay	Set up job	2026-07-30T20:21:55.3127667Z Image: ubuntu-22.04
replay	Set up job	2026-07-30T20:21:55.3128818Z Version: 20260720.234.2
replay	Set up job	2026-07-30T20:21:55.3130838Z Included Software: https://github.com/actions/runner-images/blob/ubuntu22/20260720.234/images/ubuntu/Ubuntu2204-Readme.md
replay	Set up job	2026-07-30T20:21:55.3134667Z Image Release: https://github.com/actions/runner-images/releases/tag/ubuntu22%2F20260720.234
replay	Set up job	2026-07-30T20:21:55.3136690Z ##[endgroup]
replay	Set up job	2026-07-30T20:21:55.3138958Z ##[group]GITHUB_TOKEN Permissions
replay	Set up job	2026-07-30T20:21:55.3142327Z Contents: read
replay	Set up job	2026-07-30T20:21:55.3143472Z Metadata: read
replay	Set up job	2026-07-30T20:21:55.3144504Z ##[endgroup]
replay	Set up job	2026-07-30T20:21:55.3147608Z Secret source: Actions
replay	Set up job	2026-07-30T20:21:55.3150154Z Prepare workflow directory
replay	Set up job	2026-07-30T20:21:55.3516687Z Prepare all required actions
replay	Set up job	2026-07-30T20:21:55.3566895Z Getting action download info
replay	Set up job	2026-07-30T20:21:55.6108915Z Download action repository 'actions/checkout@93cb6efe18208431cddfb8368fd83d5badbf9bfd' (SHA:93cb6efe18208431cddfb8368fd83d5badbf9bfd)
replay	Set up job	2026-07-30T20:21:55.7443153Z Download action repository 'actions/upload-artifact@ea165f8d65b6e75b540449e92b4886f43607fa02' (SHA:ea165f8d65b6e75b540449e92b4886f43607fa02)
replay	Set up job	2026-07-30T20:21:55.9851824Z Complete job name: replay
replay	Check out exact FlipGuard source	﻿2026-07-30T20:21:56.0724099Z ##[group]Run actions/checkout@93cb6efe18208431cddfb8368fd83d5badbf9bfd
replay	Check out exact FlipGuard source	2026-07-30T20:21:56.0725247Z with:
replay	Check out exact FlipGuard source	2026-07-30T20:21:56.0725720Z   ref: 7c766677eeef7d0cfdf6d74e7b49b3e2b7b1f90f
replay	Check out exact FlipGuard source	2026-07-30T20:21:56.0726576Z   persist-credentials: false
replay	Check out exact FlipGuard source	2026-07-30T20:21:56.0727103Z   repository: hasslelee/flipguard
replay	Check out exact FlipGuard source	2026-07-30T20:21:56.0731238Z   token: ***
replay	Check out exact FlipGuard source	2026-07-30T20:21:56.0731661Z   ssh-strict: true
replay	Check out exact FlipGuard source	2026-07-30T20:21:56.0732077Z   ssh-user: git
replay	Check out exact FlipGuard source	2026-07-30T20:21:56.0732480Z   clean: true
replay	Check out exact FlipGuard source	2026-07-30T20:21:56.0732901Z   sparse-checkout-cone-mode: true
replay	Check out exact FlipGuard source	2026-07-30T20:21:56.0733409Z   fetch-depth: 1
replay	Check out exact FlipGuard source	2026-07-30T20:21:56.0733823Z   fetch-tags: false
replay	Check out exact FlipGuard source	2026-07-30T20:21:56.0734246Z   show-progress: true
replay	Check out exact FlipGuard source	2026-07-30T20:21:56.0734670Z   lfs: false
replay	Check out exact FlipGuard source	2026-07-30T20:21:56.0735059Z   submodules: false
replay	Check out exact FlipGuard source	2026-07-30T20:21:56.0735482Z   set-safe-directory: true
replay	Check out exact FlipGuard source	2026-07-30T20:21:56.0736403Z ##[endgroup]
replay	Check out exact FlipGuard source	2026-07-30T20:21:56.1788918Z Syncing repository: hasslelee/flipguard
replay	Check out exact FlipGuard source	2026-07-30T20:21:56.1791395Z ##[group]Getting Git version info
replay	Check out exact FlipGuard source	2026-07-30T20:21:56.1792262Z Working directory is '/home/runner/work/flipguard/flipguard'
replay	Check out exact FlipGuard source	2026-07-30T20:21:56.1793347Z [command]/usr/bin/git version
replay	Check out exact FlipGuard source	2026-07-30T20:21:56.1887526Z git version 2.54.0
replay	Check out exact FlipGuard source	2026-07-30T20:21:56.1921893Z ##[endgroup]
replay	Check out exact FlipGuard source	2026-07-30T20:21:56.1935484Z Temporarily overriding HOME='/home/runner/work/_temp/72d4cdd6-f1c0-461d-9ef3-3ade5aeb2de1' before making global git config changes
replay	Check out exact FlipGuard source	2026-07-30T20:21:56.1938479Z Adding repository directory to the temporary git global config as a safe directory
replay	Check out exact FlipGuard source	2026-07-30T20:21:56.1943065Z [command]/usr/bin/git config --global --add safe.directory /home/runner/work/flipguard/flipguard
replay	Check out exact FlipGuard source	2026-07-30T20:21:56.1992525Z Deleting the contents of '/home/runner/work/flipguard/flipguard'
replay	Check out exact FlipGuard source	2026-07-30T20:21:56.1995607Z ##[group]Initializing the repository
replay	Check out exact FlipGuard source	2026-07-30T20:21:56.2001702Z [command]/usr/bin/git init /home/runner/work/flipguard/flipguard
replay	Check out exact FlipGuard source	2026-07-30T20:21:56.2105368Z hint: Using 'master' as the name for the initial branch. This default branch name
replay	Check out exact FlipGuard source	2026-07-30T20:21:56.2107567Z hint: will change to "main" in Git 3.0. To configure the initial branch name
replay	Check out exact FlipGuard source	2026-07-30T20:21:56.2110939Z hint: to use in all of your new repositories, which will suppress this warning,
replay	Check out exact FlipGuard source	2026-07-30T20:21:56.2113043Z hint: call:
replay	Check out exact FlipGuard source	2026-07-30T20:21:56.2114228Z hint:
replay	Check out exact FlipGuard source	2026-07-30T20:21:56.2115183Z hint: 	git config --global init.defaultBranch <name>
replay	Check out exact FlipGuard source	2026-07-30T20:21:56.2116497Z hint:
replay	Check out exact FlipGuard source	2026-07-30T20:21:56.2117489Z hint: Names commonly chosen instead of 'master' are 'main', 'trunk' and
replay	Check out exact FlipGuard source	2026-07-30T20:21:56.2119066Z hint: 'development'. The just-created branch can be renamed via this command:
replay	Check out exact FlipGuard source	2026-07-30T20:21:56.2120431Z hint:
replay	Check out exact FlipGuard source	2026-07-30T20:21:56.2121245Z hint: 	git branch -m <name>
replay	Check out exact FlipGuard source	2026-07-30T20:21:56.2122064Z hint:
replay	Check out exact FlipGuard source	2026-07-30T20:21:56.2123172Z hint: Disable this message with "git config set advice.defaultBranchName false"
replay	Check out exact FlipGuard source	2026-07-30T20:21:56.2124799Z Initialized empty Git repository in /home/runner/work/flipguard/flipguard/.git/
replay	Check out exact FlipGuard source	2026-07-30T20:21:56.2127711Z [command]/usr/bin/git remote add origin https://github.com/hasslelee/flipguard
replay	Check out exact FlipGuard source	2026-07-30T20:21:56.2164949Z ##[endgroup]
replay	Check out exact FlipGuard source	2026-07-30T20:21:56.2166661Z ##[group]Disabling automatic garbage collection
replay	Check out exact FlipGuard source	2026-07-30T20:21:56.2170705Z [command]/usr/bin/git config --local gc.auto 0
replay	Check out exact FlipGuard source	2026-07-30T20:21:56.2206158Z ##[endgroup]
replay	Check out exact FlipGuard source	2026-07-30T20:21:56.2207765Z ##[group]Setting up auth
replay	Check out exact FlipGuard source	2026-07-30T20:21:56.2216477Z [command]/usr/bin/git config --local --name-only --get-regexp core\.sshCommand
replay	Check out exact FlipGuard source	2026-07-30T20:21:56.2254976Z [command]/usr/bin/git submodule foreach --recursive sh -c "git config --local --name-only --get-regexp 'core\.sshCommand' && git config --local --unset-all 'core.sshCommand' || :"
replay	Check out exact FlipGuard source	2026-07-30T20:21:56.2647016Z [command]/usr/bin/git config --local --name-only --get-regexp http\.https\:\/\/github\.com\/\.extraheader
replay	Check out exact FlipGuard source	2026-07-30T20:21:56.2689864Z [command]/usr/bin/git submodule foreach --recursive sh -c "git config --local --name-only --get-regexp 'http\.https\:\/\/github\.com\/\.extraheader' && git config --local --unset-all 'http.https://github.com/.extraheader' || :"
replay	Check out exact FlipGuard source	2026-07-30T20:21:56.2962402Z [command]/usr/bin/git config --local --name-only --get-regexp ^includeIf\.gitdir:
replay	Check out exact FlipGuard source	2026-07-30T20:21:56.3007681Z [command]/usr/bin/git submodule foreach --recursive git config --local --show-origin --name-only --get-regexp remote.origin.url
replay	Check out exact FlipGuard source	2026-07-30T20:21:56.3281666Z [command]/usr/bin/git config --local http.https://github.com/.extraheader AUTHORIZATION: basic ***
replay	Check out exact FlipGuard source	2026-07-30T20:21:56.3327178Z ##[endgroup]
replay	Check out exact FlipGuard source	2026-07-30T20:21:56.3329169Z ##[group]Fetching the repository
replay	Check out exact FlipGuard source	2026-07-30T20:21:56.3338063Z [command]/usr/bin/git -c protocol.version=2 fetch --no-tags --prune --no-recurse-submodules --depth=1 origin 7c766677eeef7d0cfdf6d74e7b49b3e2b7b1f90f
replay	Check out exact FlipGuard source	2026-07-30T20:21:57.4769291Z From https://github.com/hasslelee/flipguard
replay	Check out exact FlipGuard source	2026-07-30T20:21:57.4771355Z  * branch            7c766677eeef7d0cfdf6d74e7b49b3e2b7b1f90f -> FETCH_HEAD
replay	Check out exact FlipGuard source	2026-07-30T20:21:57.4798287Z ##[endgroup]
replay	Check out exact FlipGuard source	2026-07-30T20:21:57.4800052Z ##[group]Determining the checkout info
replay	Check out exact FlipGuard source	2026-07-30T20:21:57.4801747Z ##[endgroup]
replay	Check out exact FlipGuard source	2026-07-30T20:21:57.4809308Z [command]/usr/bin/git sparse-checkout disable
replay	Check out exact FlipGuard source	2026-07-30T20:21:57.4864125Z [command]/usr/bin/git config --local --unset-all extensions.worktreeConfig
replay	Check out exact FlipGuard source	2026-07-30T20:21:57.4903155Z ##[group]Checking out the ref
replay	Check out exact FlipGuard source	2026-07-30T20:21:57.4910499Z [command]/usr/bin/git checkout --progress --force 7c766677eeef7d0cfdf6d74e7b49b3e2b7b1f90f
replay	Check out exact FlipGuard source	2026-07-30T20:21:57.9614666Z Note: switching to '7c766677eeef7d0cfdf6d74e7b49b3e2b7b1f90f'.
replay	Check out exact FlipGuard source	2026-07-30T20:21:57.9615640Z
replay	Check out exact FlipGuard source	2026-07-30T20:21:57.9616996Z You are in 'detached HEAD' state. You can look around, make experimental
replay	Check out exact FlipGuard source	2026-07-30T20:21:57.9618238Z changes and commit them, and you can discard any commits you make in this
replay	Check out exact FlipGuard source	2026-07-30T20:21:57.9619471Z state without impacting any branches by switching back to a branch.
replay	Check out exact FlipGuard source	2026-07-30T20:21:57.9620319Z
replay	Check out exact FlipGuard source	2026-07-30T20:21:57.9621507Z If you want to create a new branch to retain commits you create, you may
replay	Check out exact FlipGuard source	2026-07-30T20:21:57.9623037Z do so (now or later) by using -c with the switch command. Example:
replay	Check out exact FlipGuard source	2026-07-30T20:21:57.9624230Z
replay	Check out exact FlipGuard source	2026-07-30T20:21:57.9625036Z   git switch -c <new-branch-name>
replay	Check out exact FlipGuard source	2026-07-30T20:21:57.9626060Z
replay	Check out exact FlipGuard source	2026-07-30T20:21:57.9626344Z Or undo this operation with:
replay	Check out exact FlipGuard source	2026-07-30T20:21:57.9626702Z
replay	Check out exact FlipGuard source	2026-07-30T20:21:57.9626904Z   git switch -
replay	Check out exact FlipGuard source	2026-07-30T20:21:57.9627203Z
replay	Check out exact FlipGuard source	2026-07-30T20:21:57.9627648Z Turn off this advice by setting config variable advice.detachedHead to false
replay	Check out exact FlipGuard source	2026-07-30T20:21:57.9628315Z
replay	Check out exact FlipGuard source	2026-07-30T20:21:57.9628647Z HEAD is now at 7c76667 Add native EVA workflow mode launcher
replay	Check out exact FlipGuard source	2026-07-30T20:21:57.9645777Z ##[endgroup]
replay	Check out exact FlipGuard source	2026-07-30T20:21:57.9709412Z [command]/usr/bin/git log -1 --format=%H
replay	Check out exact FlipGuard source	2026-07-30T20:21:57.9737766Z 7c766677eeef7d0cfdf6d74e7b49b3e2b7b1f90f
replay	Check out exact FlipGuard source	2026-07-30T20:21:57.9749121Z ##[group]Removing auth
replay	Check out exact FlipGuard source	2026-07-30T20:21:57.9753873Z [command]/usr/bin/git config --local --name-only --get-regexp core\.sshCommand
replay	Check out exact FlipGuard source	2026-07-30T20:21:57.9793084Z [command]/usr/bin/git submodule foreach --recursive sh -c "git config --local --name-only --get-regexp 'core\.sshCommand' && git config --local --unset-all 'core.sshCommand' || :"
replay	Check out exact FlipGuard source	2026-07-30T20:21:58.0058618Z [command]/usr/bin/git config --local --name-only --get-regexp http\.https\:\/\/github\.com\/\.extraheader
replay	Check out exact FlipGuard source	2026-07-30T20:21:58.0087504Z http.https://github.com/.extraheader
replay	Check out exact FlipGuard source	2026-07-30T20:21:58.0095792Z [command]/usr/bin/git config --local --unset-all http.https://github.com/.extraheader
replay	Check out exact FlipGuard source	2026-07-30T20:21:58.0132377Z [command]/usr/bin/git submodule foreach --recursive sh -c "git config --local --name-only --get-regexp 'http\.https\:\/\/github\.com\/\.extraheader' && git config --local --unset-all 'http.https://github.com/.extraheader' || :"
replay	Check out exact FlipGuard source	2026-07-30T20:21:58.0394797Z [command]/usr/bin/git config --local --name-only --get-regexp ^includeIf\.gitdir:
replay	Check out exact FlipGuard source	2026-07-30T20:21:58.0430949Z [command]/usr/bin/git submodule foreach --recursive git config --local --show-origin --name-only --get-regexp remote.origin.url
replay	Check out exact FlipGuard source	2026-07-30T20:21:58.0686366Z ##[endgroup]
replay	Verify source identity and selected native contract	﻿2026-07-30T20:21:58.0919325Z ##[group]Run set -euo pipefail
replay	Verify source identity and selected native contract	2026-07-30T20:21:58.0919810Z [36;1mset -euo pipefail[0m
replay	Verify source identity and selected native contract	2026-07-30T20:21:58.0920125Z [36;1mtest "$(git rev-parse HEAD)" = \[0m
replay	Verify source identity and selected native contract	2026-07-30T20:21:58.0920525Z [36;1m  "7c766677eeef7d0cfdf6d74e7b49b3e2b7b1f90f"[0m
replay	Verify source identity and selected native contract	2026-07-30T20:21:58.0920962Z [36;1mif [[ "scale_sensitivity" == "scale_sensitivity" ]]; then[0m
replay	Verify source identity and selected native contract	2026-07-30T20:21:58.0921441Z [36;1m  python3 scripts/verify_eva_native_scale_sensitivity.py[0m
replay	Verify source identity and selected native contract	2026-07-30T20:21:58.0921825Z [36;1melse[0m
replay	Verify source identity and selected native contract	2026-07-30T20:21:58.0922116Z [36;1m  python3 scripts/verify_eva_native_runtime.py[0m
replay	Verify source identity and selected native contract	2026-07-30T20:21:58.0922451Z [36;1mfi[0m
replay	Verify source identity and selected native contract	2026-07-30T20:21:58.1039741Z shell: /usr/bin/bash --noprofile --norc -e -o pipefail {0}
replay	Verify source identity and selected native contract	2026-07-30T20:21:58.1040293Z ##[endgroup]
replay	Verify source identity and selected native contract	2026-07-30T20:21:58.1544425Z eva_native_scale_sensitivity_contract=VERIFIED arms=[20, 30, 40] paper_claim_allowed=false
replay	Install build dependencies	﻿2026-07-30T20:21:58.1633788Z ##[group]Run set -euo pipefail
replay	Install build dependencies	2026-07-30T20:21:58.1634218Z [36;1mset -euo pipefail[0m
replay	Install build dependencies	2026-07-30T20:21:58.1634506Z [36;1msudo apt-get update[0m
replay	Install build dependencies	2026-07-30T20:21:58.1634853Z [36;1msudo apt-get install -y --no-install-recommends \[0m
replay	Install build dependencies	2026-07-30T20:21:58.1635238Z [36;1m  build-essential \[0m
replay	Install build dependencies	2026-07-30T20:21:58.1635537Z [36;1m  cmake \[0m
replay	Install build dependencies	2026-07-30T20:21:58.1701889Z [36;1m  ninja-build \[0m
replay	Install build dependencies	2026-07-30T20:21:58.1702331Z [36;1m  libboost-all-dev \[0m
replay	Install build dependencies	2026-07-30T20:21:58.1702645Z [36;1m  libprotobuf-dev \[0m
replay	Install build dependencies	2026-07-30T20:21:58.1702989Z [36;1m  protobuf-compiler \[0m
replay	Install build dependencies	2026-07-30T20:21:58.1703302Z [36;1m  python3-dev[0m
replay	Install build dependencies	2026-07-30T20:21:58.1762847Z shell: /usr/bin/bash --noprofile --norc -e -o pipefail {0}
replay	Install build dependencies	2026-07-30T20:21:58.1763289Z ##[endgroup]
replay	Install build dependencies	2026-07-30T20:21:58.4027143Z Get:1 file:/etc/apt/apt-mirrors.txt Mirrorlist [144 B]
replay	Install build dependencies	2026-07-30T20:21:58.5053026Z Hit:6 https://packages.microsoft.com/repos/azure-cli jammy InRelease
replay	Install build dependencies	2026-07-30T20:21:58.5054363Z Get:7 https://dl.google.com/linux/chrome-stable/deb stable InRelease [2548 B]
replay	Install build dependencies	2026-07-30T20:21:58.5055560Z Hit:2 http://azure.archive.ubuntu.com/ubuntu jammy InRelease
replay	Install build dependencies	2026-07-30T20:21:58.5056947Z Get:8 https://packages.microsoft.com/ubuntu/22.04/prod jammy InRelease [3632 B]
replay	Install build dependencies	2026-07-30T20:21:58.5130929Z Get:3 http://azure.archive.ubuntu.com/ubuntu jammy-updates InRelease [128 kB]
replay	Install build dependencies	2026-07-30T20:21:58.5178787Z Get:4 http://azure.archive.ubuntu.com/ubuntu jammy-backports InRelease [127 kB]
replay	Install build dependencies	2026-07-30T20:21:58.5185191Z Get:5 http://azure.archive.ubuntu.com/ubuntu jammy-security InRelease [129 kB]
replay	Install build dependencies	2026-07-30T20:21:58.6826730Z Get:9 https://dl.google.com/linux/chrome-stable/deb stable/main amd64 Packages [1409 B]
replay	Install build dependencies	2026-07-30T20:21:58.8107086Z Get:10 https://packages.microsoft.com/ubuntu/22.04/prod jammy/main arm64 Packages [287 kB]
replay	Install build dependencies	2026-07-30T20:21:58.8207469Z Get:11 https://packages.microsoft.com/ubuntu/22.04/prod jammy/main amd64 Packages [484 kB]
replay	Install build dependencies	2026-07-30T20:21:58.8287963Z Get:12 https://packages.microsoft.com/ubuntu/22.04/prod jammy/main armhf Packages [22.0 kB]
replay	Install build dependencies	2026-07-30T20:21:58.9311201Z Get:13 http://azure.archive.ubuntu.com/ubuntu jammy-updates/main amd64 Packages [3680 kB]
replay	Install build dependencies	2026-07-30T20:21:58.9587658Z Get:14 http://azure.archive.ubuntu.com/ubuntu jammy-updates/main Translation-en [550 kB]
replay	Install build dependencies	2026-07-30T20:21:58.9687594Z Get:15 http://azure.archive.ubuntu.com/ubuntu jammy-updates/restricted amd64 Packages [6341 kB]
replay	Install build dependencies	2026-07-30T20:21:59.0073665Z Get:16 http://azure.archive.ubuntu.com/ubuntu jammy-updates/restricted Translation-en [1215 kB]
replay	Install build dependencies	2026-07-30T20:21:59.0151114Z Get:17 http://azure.archive.ubuntu.com/ubuntu jammy-updates/universe amd64 Packages [1279 kB]
replay	Install build dependencies	2026-07-30T20:21:59.0248629Z Get:18 http://azure.archive.ubuntu.com/ubuntu jammy-updates/universe Translation-en [322 kB]
replay	Install build dependencies	2026-07-30T20:21:59.0277385Z Get:19 http://azure.archive.ubuntu.com/ubuntu jammy-updates/multiverse amd64 Packages [76.5 kB]
replay	Install build dependencies	2026-07-30T20:21:59.0294376Z Get:20 http://azure.archive.ubuntu.com/ubuntu jammy-updates/multiverse Translation-en [15.9 kB]
replay	Install build dependencies	2026-07-30T20:21:59.1661238Z Get:21 http://azure.archive.ubuntu.com/ubuntu jammy-security/main amd64 Packages [3411 kB]
replay	Install build dependencies	2026-07-30T20:21:59.1831727Z Get:22 http://azure.archive.ubuntu.com/ubuntu jammy-security/main Translation-en [482 kB]
replay	Install build dependencies	2026-07-30T20:21:59.2295850Z Get:23 http://azure.archive.ubuntu.com/ubuntu jammy-security/restricted amd64 Packages [6105 kB]
replay	Install build dependencies	2026-07-30T20:21:59.2622759Z Get:24 http://azure.archive.ubuntu.com/ubuntu jammy-security/restricted Translation-en [1172 kB]
replay	Install build dependencies	2026-07-30T20:21:59.2690098Z Get:25 http://azure.archive.ubuntu.com/ubuntu jammy-security/universe amd64 Packages [1046 kB]
replay	Install build dependencies	2026-07-30T20:21:59.2753767Z Get:26 http://azure.archive.ubuntu.com/ubuntu jammy-security/universe Translation-en [234 kB]
replay	Install build dependencies	2026-07-30T20:21:59.2775008Z Get:27 http://azure.archive.ubuntu.com/ubuntu jammy-security/multiverse amd64 Packages [69.1 kB]
replay	Install build dependencies	2026-07-30T20:21:59.2792989Z Get:28 http://azure.archive.ubuntu.com/ubuntu jammy-security/multiverse Translation-en [12.9 kB]
replay	Install build dependencies	2026-07-30T20:22:07.4112697Z Fetched 27.2 MB in 3s (8187 kB/s)
replay	Install build dependencies	2026-07-30T20:22:08.4955793Z Reading package lists...
replay	Install build dependencies	2026-07-30T20:22:08.5603187Z Reading package lists...
replay	Install build dependencies	2026-07-30T20:22:08.7985519Z Building dependency tree...
replay	Install build dependencies	2026-07-30T20:22:08.7999745Z Reading state information...
replay	Install build dependencies	2026-07-30T20:22:08.9799344Z build-essential is already the newest version (12.9ubuntu3).
replay	Install build dependencies	2026-07-30T20:22:08.9806777Z build-essential set to manually installed.
replay	Install build dependencies	2026-07-30T20:22:08.9807577Z python3-dev is already the newest version (3.10.6-1~22.04.1).
replay	Install build dependencies	2026-07-30T20:22:08.9808529Z The following additional packages will be installed:
replay	Install build dependencies	2026-07-30T20:22:08.9809452Z   cmake-data dh-elpa-helper ibverbs-providers libboost-atomic-dev
replay	Install build dependencies	2026-07-30T20:22:08.9810754Z   libboost-atomic1.74-dev libboost-atomic1.74.0 libboost-chrono-dev
replay	Install build dependencies	2026-07-30T20:22:08.9811860Z   libboost-chrono1.74-dev libboost-chrono1.74.0 libboost-container-dev
replay	Install build dependencies	2026-07-30T20:22:08.9812881Z   libboost-container1.74-dev libboost-container1.74.0 libboost-context-dev
replay	Install build dependencies	2026-07-30T20:22:08.9813933Z   libboost-context1.74-dev libboost-context1.74.0 libboost-coroutine-dev
replay	Install build dependencies	2026-07-30T20:22:08.9815091Z   libboost-coroutine1.74-dev libboost-coroutine1.74.0 libboost-date-time-dev
replay	Install build dependencies	2026-07-30T20:22:08.9816468Z   libboost-date-time1.74-dev libboost-date-time1.74.0 libboost-dev
replay	Install build dependencies	2026-07-30T20:22:08.9817425Z   libboost-exception-dev libboost-exception1.74-dev libboost-fiber-dev
replay	Install build dependencies	2026-07-30T20:22:08.9818965Z   libboost-fiber1.74-dev libboost-fiber1.74.0 libboost-filesystem-dev
replay	Install build dependencies	2026-07-30T20:22:08.9820030Z   libboost-filesystem1.74-dev libboost-filesystem1.74.0 libboost-graph-dev
replay	Install build dependencies	2026-07-30T20:22:08.9821044Z   libboost-graph-parallel-dev libboost-graph-parallel1.74-dev
replay	Install build dependencies	2026-07-30T20:22:08.9822061Z   libboost-graph-parallel1.74.0 libboost-graph1.74-dev libboost-graph1.74.0
replay	Install build dependencies	2026-07-30T20:22:08.9823180Z   libboost-iostreams-dev libboost-iostreams1.74-dev libboost-iostreams1.74.0
replay	Install build dependencies	2026-07-30T20:22:08.9824102Z   libboost-locale-dev libboost-locale1.74-dev libboost-locale1.74.0
replay	Install build dependencies	2026-07-30T20:22:08.9824988Z   libboost-log-dev libboost-log1.74-dev libboost-log1.74.0 libboost-math-dev
replay	Install build dependencies	2026-07-30T20:22:08.9825855Z   libboost-math1.74-dev libboost-math1.74.0 libboost-mpi-dev
replay	Install build dependencies	2026-07-30T20:22:08.9826820Z   libboost-mpi-python-dev libboost-mpi-python1.74-dev
replay	Install build dependencies	2026-07-30T20:22:08.9827584Z   libboost-mpi-python1.74.0 libboost-mpi1.74-dev libboost-mpi1.74.0
replay	Install build dependencies	2026-07-30T20:22:08.9828463Z   libboost-nowide-dev libboost-nowide1.74-dev libboost-nowide1.74.0
replay	Install build dependencies	2026-07-30T20:22:08.9829308Z   libboost-numpy-dev libboost-numpy1.74-dev libboost-numpy1.74.0
replay	Install build dependencies	2026-07-30T20:22:08.9830152Z   libboost-program-options-dev libboost-program-options1.74-dev
replay	Install build dependencies	2026-07-30T20:22:08.9831081Z   libboost-program-options1.74.0 libboost-python-dev libboost-python1.74-dev
replay	Install build dependencies	2026-07-30T20:22:08.9832009Z   libboost-python1.74.0 libboost-random-dev libboost-random1.74-dev
replay	Install build dependencies	2026-07-30T20:22:08.9832869Z   libboost-random1.74.0 libboost-regex-dev libboost-regex1.74-dev
replay	Install build dependencies	2026-07-30T20:22:08.9833539Z   libboost-regex1.74.0 libboost-serialization-dev
replay	Install build dependencies	2026-07-30T20:22:08.9834277Z   libboost-serialization1.74-dev libboost-serialization1.74.0
replay	Install build dependencies	2026-07-30T20:22:08.9835052Z   libboost-stacktrace-dev libboost-stacktrace1.74-dev
replay	Install build dependencies	2026-07-30T20:22:08.9836243Z   libboost-stacktrace1.74.0 libboost-system-dev libboost-system1.74-dev
replay	Install build dependencies	2026-07-30T20:22:08.9837199Z   libboost-system1.74.0 libboost-test-dev libboost-test1.74-dev
replay	Install build dependencies	2026-07-30T20:22:08.9838052Z   libboost-test1.74.0 libboost-thread-dev libboost-thread1.74-dev
replay	Install build dependencies	2026-07-30T20:22:08.9838881Z   libboost-thread1.74.0 libboost-timer-dev libboost-timer1.74-dev
replay	Install build dependencies	2026-07-30T20:22:08.9839717Z   libboost-timer1.74.0 libboost-tools-dev libboost-type-erasure-dev
replay	Install build dependencies	2026-07-30T20:22:08.9840645Z   libboost-type-erasure1.74-dev libboost-type-erasure1.74.0 libboost-wave-dev
replay	Install build dependencies	2026-07-30T20:22:08.9841587Z   libboost-wave1.74-dev libboost-wave1.74.0 libboost1.74-dev
replay	Install build dependencies	2026-07-30T20:22:08.9842449Z   libboost1.74-tools-dev libevent-2.1-7 libevent-dev libevent-extra-2.1-7
replay	Install build dependencies	2026-07-30T20:22:08.9843469Z   libevent-openssl-2.1-7 libfabric1 libhwloc-dev libhwloc-plugins libhwloc15
replay	Install build dependencies	2026-07-30T20:22:08.9844381Z   libibverbs-dev libibverbs1 libjs-jquery-ui libjsoncpp25 libnl-3-dev
replay	Install build dependencies	2026-07-30T20:22:08.9845687Z   libnl-route-3-200 libnl-route-3-dev libnuma-dev libopenmpi-dev libopenmpi3
replay	Install build dependencies	2026-07-30T20:22:08.9846920Z   libpmix-dev libpmix2 libprotobuf23 libprotoc23 libpsm-infinipath1 libpsm2-2
replay	Install build dependencies	2026-07-30T20:22:08.9847978Z   librdmacm1 librhash0 libucx0 libxnvctrl0 mpi-default-bin mpi-default-dev
replay	Install build dependencies	2026-07-30T20:22:08.9848781Z   ocl-icd-libopencl1 openmpi-bin openmpi-common
replay	Install build dependencies	2026-07-30T20:22:08.9849328Z Suggested packages:
replay	Install build dependencies	2026-07-30T20:22:08.9849890Z   cmake-doc cmake-format libboost-doc graphviz libboost1.74-doc gccxml
replay	Install build dependencies	2026-07-30T20:22:08.9850770Z   libboost-contract1.74-dev libmpfrc++-dev libntl-dev xsltproc doxygen
replay	Install build dependencies	2026-07-30T20:22:08.9851678Z   docbook-xml docbook-xsl default-jdk fop libhwloc-contrib-plugins
replay	Install build dependencies	2026-07-30T20:22:08.9852473Z   libjs-jquery-ui-docs openmpi-doc opencl-icd protobuf-mode-el
replay	Install build dependencies	2026-07-30T20:22:08.9853084Z Recommended packages:
replay	Install build dependencies	2026-07-30T20:22:08.9853483Z   libcoarrays-openmpi-dev
replay	Install build dependencies	2026-07-30T20:22:09.0267850Z The following NEW packages will be installed:
replay	Install build dependencies	2026-07-30T20:22:09.0269020Z   cmake cmake-data dh-elpa-helper ibverbs-providers libboost-all-dev
replay	Install build dependencies	2026-07-30T20:22:09.0270143Z   libboost-atomic-dev libboost-atomic1.74-dev libboost-atomic1.74.0
replay	Install build dependencies	2026-07-30T20:22:09.0271162Z   libboost-chrono-dev libboost-chrono1.74-dev libboost-chrono1.74.0
replay	Install build dependencies	2026-07-30T20:22:09.0272878Z   libboost-container-dev libboost-container1.74-dev libboost-container1.74.0
replay	Install build dependencies	2026-07-30T20:22:09.0274118Z   libboost-context-dev libboost-context1.74-dev libboost-context1.74.0
replay	Install build dependencies	2026-07-30T20:22:09.0275343Z   libboost-coroutine-dev libboost-coroutine1.74-dev libboost-coroutine1.74.0
replay	Install build dependencies	2026-07-30T20:22:09.0276806Z   libboost-date-time-dev libboost-date-time1.74-dev libboost-date-time1.74.0
replay	Install build dependencies	2026-07-30T20:22:09.0277968Z   libboost-dev libboost-exception-dev libboost-exception1.74-dev
replay	Install build dependencies	2026-07-30T20:22:09.0279009Z   libboost-fiber-dev libboost-fiber1.74-dev libboost-fiber1.74.0
replay	Install build dependencies	2026-07-30T20:22:09.0279965Z   libboost-filesystem-dev libboost-filesystem1.74-dev
replay	Install build dependencies	2026-07-30T20:22:09.0281093Z   libboost-filesystem1.74.0 libboost-graph-dev libboost-graph-parallel-dev
replay	Install build dependencies	2026-07-30T20:22:09.0282380Z   libboost-graph-parallel1.74-dev libboost-graph-parallel1.74.0
replay	Install build dependencies	2026-07-30T20:22:09.0283166Z   libboost-graph1.74-dev libboost-graph1.74.0 libboost-iostreams-dev
replay	Install build dependencies	2026-07-30T20:22:09.0283757Z   libboost-iostreams1.74-dev libboost-iostreams1.74.0 libboost-locale-dev
replay	Install build dependencies	2026-07-30T20:22:09.0284246Z   libboost-locale1.74-dev libboost-locale1.74.0 libboost-log-dev
replay	Install build dependencies	2026-07-30T20:22:09.0284667Z   libboost-log1.74-dev libboost-log1.74.0 libboost-math-dev
replay	Install build dependencies	2026-07-30T20:22:09.0285096Z   libboost-math1.74-dev libboost-math1.74.0 libboost-mpi-dev
replay	Install build dependencies	2026-07-30T20:22:09.0285509Z   libboost-mpi-python-dev libboost-mpi-python1.74-dev
replay	Install build dependencies	2026-07-30T20:22:09.0286112Z   libboost-mpi-python1.74.0 libboost-mpi1.74-dev libboost-mpi1.74.0
replay	Install build dependencies	2026-07-30T20:22:09.0286593Z   libboost-nowide-dev libboost-nowide1.74-dev libboost-nowide1.74.0
replay	Install build dependencies	2026-07-30T20:22:09.0287060Z   libboost-numpy-dev libboost-numpy1.74-dev libboost-numpy1.74.0
replay	Install build dependencies	2026-07-30T20:22:09.0287536Z   libboost-program-options-dev libboost-program-options1.74-dev
replay	Install build dependencies	2026-07-30T20:22:09.0288047Z   libboost-program-options1.74.0 libboost-python-dev libboost-python1.74-dev
replay	Install build dependencies	2026-07-30T20:22:09.0288569Z   libboost-python1.74.0 libboost-random-dev libboost-random1.74-dev
replay	Install build dependencies	2026-07-30T20:22:09.0289039Z   libboost-random1.74.0 libboost-regex-dev libboost-regex1.74-dev
replay	Install build dependencies	2026-07-30T20:22:09.0289898Z   libboost-regex1.74.0 libboost-serialization-dev
replay	Install build dependencies	2026-07-30T20:22:09.0290532Z   libboost-serialization1.74-dev libboost-serialization1.74.0
replay	Install build dependencies	2026-07-30T20:22:09.0291192Z   libboost-stacktrace-dev libboost-stacktrace1.74-dev
replay	Install build dependencies	2026-07-30T20:22:09.0291914Z   libboost-stacktrace1.74.0 libboost-system-dev libboost-system1.74-dev
replay	Install build dependencies	2026-07-30T20:22:09.0292676Z   libboost-system1.74.0 libboost-test-dev libboost-test1.74-dev
replay	Install build dependencies	2026-07-30T20:22:09.0293376Z   libboost-test1.74.0 libboost-thread-dev libboost-thread1.74-dev
replay	Install build dependencies	2026-07-30T20:22:09.0293830Z   libboost-thread1.74.0 libboost-timer-dev libboost-timer1.74-dev
replay	Install build dependencies	2026-07-30T20:22:09.0294687Z   libboost-timer1.74.0 libboost-tools-dev libboost-type-erasure-dev
replay	Install build dependencies	2026-07-30T20:22:09.0295177Z   libboost-type-erasure1.74-dev libboost-type-erasure1.74.0 libboost-wave-dev
replay	Install build dependencies	2026-07-30T20:22:09.0295649Z   libboost-wave1.74-dev libboost-wave1.74.0 libboost1.74-dev
replay	Install build dependencies	2026-07-30T20:22:09.0296269Z   libboost1.74-tools-dev libevent-2.1-7 libevent-dev libevent-extra-2.1-7
replay	Install build dependencies	2026-07-30T20:22:09.0296801Z   libevent-openssl-2.1-7 libfabric1 libhwloc-dev libhwloc-plugins libhwloc15
replay	Install build dependencies	2026-07-30T20:22:09.0297283Z   libibverbs-dev libibverbs1 libjs-jquery-ui libjsoncpp25 libnl-3-dev
replay	Install build dependencies	2026-07-30T20:22:09.0297758Z   libnl-route-3-200 libnl-route-3-dev libnuma-dev libopenmpi-dev libopenmpi3
replay	Install build dependencies	2026-07-30T20:22:09.0298216Z   libpmix-dev libpmix2 libprotobuf-dev libprotobuf23 libprotoc23
replay	Install build dependencies	2026-07-30T20:22:09.0298664Z   libpsm-infinipath1 libpsm2-2 librdmacm1 librhash0 libucx0 libxnvctrl0
replay	Install build dependencies	2026-07-30T20:22:09.0299148Z   mpi-default-bin mpi-default-dev ninja-build ocl-icd-libopencl1 openmpi-bin
replay	Install build dependencies	2026-07-30T20:22:09.0299548Z   openmpi-common protobuf-compiler
replay	Install build dependencies	2026-07-30T20:22:09.0505627Z 0 upgraded, 137 newly installed, 0 to remove and 87 not upgraded.
replay	Install build dependencies	2026-07-30T20:22:09.0506596Z Need to get 50.3 MB of archives.
replay	Install build dependencies	2026-07-30T20:22:09.0507200Z After this operation, 413 MB of additional disk space will be used.
replay	Install build dependencies	2026-07-30T20:22:09.0508360Z Get:1 file:/etc/apt/apt-mirrors.txt Mirrorlist [144 B]
replay	Install build dependencies	2026-07-30T20:22:09.0776663Z Get:2 http://azure.archive.ubuntu.com/ubuntu jammy/main amd64 libjsoncpp25 amd64 1.9.5-3 [80.0 kB]
replay	Install build dependencies	2026-07-30T20:22:09.0825456Z Get:3 http://azure.archive.ubuntu.com/ubuntu jammy/main amd64 librhash0 amd64 1.4.2-1ubuntu1 [125 kB]
replay	Install build dependencies	2026-07-30T20:22:09.0875720Z Get:4 http://azure.archive.ubuntu.com/ubuntu jammy/main amd64 dh-elpa-helper all 2.0.9ubuntu1 [7610 B]
replay	Install build dependencies	2026-07-30T20:22:09.0900493Z Get:5 http://azure.archive.ubuntu.com/ubuntu jammy-updates/main amd64 cmake-data all 3.22.1-1ubuntu1.22.04.2 [1913 kB]
replay	Install build dependencies	2026-07-30T20:22:09.1363565Z Get:6 http://azure.archive.ubuntu.com/ubuntu jammy-updates/main amd64 cmake amd64 3.22.1-1ubuntu1.22.04.2 [5010 kB]
replay	Install build dependencies	2026-07-30T20:22:09.2087927Z Get:7 http://azure.archive.ubuntu.com/ubuntu jammy/main amd64 libnl-route-3-200 amd64 3.5.0-0.1 [180 kB]
replay	Install build dependencies	2026-07-30T20:22:09.2132584Z Get:8 http://azure.archive.ubuntu.com/ubuntu jammy/main amd64 libibverbs1 amd64 39.0-1 [69.3 kB]
replay	Install build dependencies	2026-07-30T20:22:09.2162938Z Get:9 http://azure.archive.ubuntu.com/ubuntu jammy/main amd64 ibverbs-providers amd64 39.0-1 [341 kB]
replay	Install build dependencies	2026-07-30T20:22:09.2234352Z Get:10 http://azure.archive.ubuntu.com/ubuntu jammy/main amd64 libboost1.74-dev amd64 1.74.0-14ubuntu3 [9609 kB]
replay	Install build dependencies	2026-07-30T20:22:09.3848646Z Get:11 http://azure.archive.ubuntu.com/ubuntu jammy/main amd64 libboost-dev amd64 1.74.0.3ubuntu7 [3490 B]
replay	Install build dependencies	2026-07-30T20:22:09.3876536Z Get:12 http://azure.archive.ubuntu.com/ubuntu jammy/main amd64 libboost1.74-tools-dev amd64 1.74.0-14ubuntu3 [1351 kB]
replay	Install build dependencies	2026-07-30T20:22:09.4071686Z Get:13 http://azure.archive.ubuntu.com/ubuntu jammy/universe amd64 libboost-tools-dev amd64 1.74.0.3ubuntu7 [3428 B]
replay	Install build dependencies	2026-07-30T20:22:09.4101966Z Get:14 http://azure.archive.ubuntu.com/ubuntu jammy/main amd64 libboost-atomic1.74.0 amd64 1.74.0-14ubuntu3 [224 kB]
replay	Install build dependencies	2026-07-30T20:22:09.4149512Z Get:15 http://azure.archive.ubuntu.com/ubuntu jammy/main amd64 libboost-atomic1.74-dev amd64 1.74.0-14ubuntu3 [221 kB]
replay	Install build dependencies	2026-07-30T20:22:09.4209746Z Get:16 http://azure.archive.ubuntu.com/ubuntu jammy/universe amd64 libboost-atomic-dev amd64 1.74.0.3ubuntu7 [3544 B]
replay	Install build dependencies	2026-07-30T20:22:09.4230370Z Get:17 http://azure.archive.ubuntu.com/ubuntu jammy/main amd64 libboost-chrono1.74.0 amd64 1.74.0-14ubuntu3 [232 kB]
replay	Install build dependencies	2026-07-30T20:22:09.4276375Z Get:18 http://azure.archive.ubuntu.com/ubuntu jammy/main amd64 libboost-chrono1.74-dev amd64 1.74.0-14ubuntu3 [239 kB]
replay	Install build dependencies	2026-07-30T20:22:09.4318008Z Get:19 http://azure.archive.ubuntu.com/ubuntu jammy/universe amd64 libboost-chrono-dev amd64 1.74.0.3ubuntu7 [3854 B]
replay	Install build dependencies	2026-07-30T20:22:09.4791458Z Get:20 http://azure.archive.ubuntu.com/ubuntu jammy/universe amd64 libboost-container1.74.0 amd64 1.74.0-14ubuntu3 [246 kB]
replay	Install build dependencies	2026-07-30T20:22:09.4839904Z Get:21 http://azure.archive.ubuntu.com/ubuntu jammy/universe amd64 libboost-container1.74-dev amd64 1.74.0-14ubuntu3 [254 kB]
replay	Install build dependencies	2026-07-30T20:22:09.4885103Z Get:22 http://azure.archive.ubuntu.com/ubuntu jammy/universe amd64 libboost-container-dev amd64 1.74.0.3ubuntu7 [3712 B]
replay	Install build dependencies	2026-07-30T20:22:09.4914732Z Get:23 http://azure.archive.ubuntu.com/ubuntu jammy/main amd64 libboost-date-time1.74.0 amd64 1.74.0-14ubuntu3 [221 kB]
replay	Install build dependencies	2026-07-30T20:22:09.4951414Z Get:24 http://azure.archive.ubuntu.com/ubuntu jammy/main amd64 libboost-serialization1.74.0 amd64 1.74.0-14ubuntu3 [327 kB]
replay	Install build dependencies	2026-07-30T20:22:09.5010852Z Get:25 http://azure.archive.ubuntu.com/ubuntu jammy/main amd64 libboost-serialization1.74-dev amd64 1.74.0-14ubuntu3 [375 kB]
replay	Install build dependencies	2026-07-30T20:22:09.5068333Z Get:26 http://azure.archive.ubuntu.com/ubuntu jammy/main amd64 libboost-date-time1.74-dev amd64 1.74.0-14ubuntu3 [226 kB]
replay	Install build dependencies	2026-07-30T20:22:09.5111735Z Get:27 http://azure.archive.ubuntu.com/ubuntu jammy/main amd64 libboost-system1.74.0 amd64 1.74.0-14ubuntu3 [221 kB]
replay	Install build dependencies	2026-07-30T20:22:09.5156256Z Get:28 http://azure.archive.ubuntu.com/ubuntu jammy/main amd64 libboost-system1.74-dev amd64 1.74.0-14ubuntu3 [218 kB]
replay	Install build dependencies	2026-07-30T20:22:09.5277856Z Get:29 http://azure.archive.ubuntu.com/ubuntu jammy/main amd64 libboost-thread1.74.0 amd64 1.74.0-14ubuntu3 [262 kB]
replay	Install build dependencies	2026-07-30T20:22:09.5331918Z Get:30 http://azure.archive.ubuntu.com/ubuntu jammy/main amd64 libboost-thread1.74-dev amd64 1.74.0-14ubuntu3 [272 kB]
replay	Install build dependencies	2026-07-30T20:22:09.5377785Z Get:31 http://azure.archive.ubuntu.com/ubuntu jammy/main amd64 libboost-context1.74.0 amd64 1.74.0-14ubuntu3 [223 kB]
replay	Install build dependencies	2026-07-30T20:22:09.5420890Z Get:32 http://azure.archive.ubuntu.com/ubuntu jammy/universe amd64 libboost-context1.74-dev amd64 1.74.0-14ubuntu3 [220 kB]
replay	Install build dependencies	2026-07-30T20:22:09.5458924Z Get:33 http://azure.archive.ubuntu.com/ubuntu jammy/universe amd64 libboost-context-dev amd64 1.74.0.3ubuntu7 [3456 B]
replay	Install build dependencies	2026-07-30T20:22:09.5509000Z Get:34 http://azure.archive.ubuntu.com/ubuntu jammy/universe amd64 libboost-coroutine1.74.0 amd64 1.74.0-14ubuntu3 [235 kB]
replay	Install build dependencies	2026-07-30T20:22:09.5554971Z Get:35 http://azure.archive.ubuntu.com/ubuntu jammy/universe amd64 libboost-coroutine1.74-dev amd64 1.74.0-14ubuntu3 [244 kB]
replay	Install build dependencies	2026-07-30T20:22:09.5597987Z Get:36 http://azure.archive.ubuntu.com/ubuntu jammy/universe amd64 libboost-coroutine-dev amd64 1.74.0.3ubuntu7 [3520 B]
replay	Install build dependencies	2026-07-30T20:22:09.6070279Z Get:37 http://azure.archive.ubuntu.com/ubuntu jammy/universe amd64 libboost-date-time-dev amd64 1.74.0.3ubuntu7 [3248 B]
replay	Install build dependencies	2026-07-30T20:22:09.6094791Z Get:38 http://azure.archive.ubuntu.com/ubuntu jammy/universe amd64 libboost-exception1.74-dev amd64 1.74.0-14ubuntu3 [217 kB]
replay	Install build dependencies	2026-07-30T20:22:09.6140640Z Get:39 http://azure.archive.ubuntu.com/ubuntu jammy/universe amd64 libboost-exception-dev amd64 1.74.0.3ubuntu7 [3250 B]
replay	Install build dependencies	2026-07-30T20:22:09.6166212Z Get:40 http://azure.archive.ubuntu.com/ubuntu jammy/main amd64 libboost-filesystem1.74.0 amd64 1.74.0-14ubuntu3 [264 kB]
replay	Install build dependencies	2026-07-30T20:22:09.6230820Z Get:41 http://azure.archive.ubuntu.com/ubuntu jammy/main amd64 libboost-filesystem1.74-dev amd64 1.74.0-14ubuntu3 [287 kB]
replay	Install build dependencies	2026-07-30T20:22:09.6295599Z Get:42 http://azure.archive.ubuntu.com/ubuntu jammy/universe amd64 libboost-fiber1.74.0 amd64 1.74.0-14ubuntu3 [242 kB]
replay	Install build dependencies	2026-07-30T20:22:09.6351172Z Get:43 http://azure.archive.ubuntu.com/ubuntu jammy/universe amd64 libboost-fiber1.74-dev amd64 1.74.0-14ubuntu3 [254 kB]
replay	Install build dependencies	2026-07-30T20:22:09.6410193Z Get:44 http://azure.archive.ubuntu.com/ubuntu jammy/universe amd64 libboost-fiber-dev amd64 1.74.0.3ubuntu7 [3674 B]
replay	Install build dependencies	2026-07-30T20:22:09.6451057Z Get:45 http://azure.archive.ubuntu.com/ubuntu jammy/main amd64 libboost-filesystem-dev amd64 1.74.0.3ubuntu7 [3280 B]
replay	Install build dependencies	2026-07-30T20:22:09.6480416Z Get:46 http://azure.archive.ubuntu.com/ubuntu jammy/main amd64 libboost-regex1.74.0 amd64 1.74.0-14ubuntu3 [511 kB]
replay	Install build dependencies	2026-07-30T20:22:09.6594207Z Get:47 http://azure.archive.ubuntu.com/ubuntu jammy/universe amd64 libboost-graph1.74.0 amd64 1.74.0-14ubuntu3 [304 kB]
replay	Install build dependencies	2026-07-30T20:22:09.6652123Z Get:48 http://azure.archive.ubuntu.com/ubuntu jammy/main amd64 libboost-regex1.74-dev amd64 1.74.0-14ubuntu3 [596 kB]
replay	Install build dependencies	2026-07-30T20:22:09.6795657Z Get:49 http://azure.archive.ubuntu.com/ubuntu jammy/universe amd64 libboost-test1.74.0 amd64 1.74.0-14ubuntu3 [446 kB]
replay	Install build dependencies	2026-07-30T20:22:09.6854894Z Get:50 http://azure.archive.ubuntu.com/ubuntu jammy/universe amd64 libboost-test1.74-dev amd64 1.74.0-14ubuntu3 [564 kB]
replay	Install build dependencies	2026-07-30T20:22:09.6994079Z Get:51 http://azure.archive.ubuntu.com/ubuntu jammy/universe amd64 libboost-graph1.74-dev amd64 1.74.0-14ubuntu3 [335 kB]
replay	Install build dependencies	2026-07-30T20:22:09.7053208Z Get:52 http://azure.archive.ubuntu.com/ubuntu jammy/universe amd64 libboost-graph-dev amd64 1.74.0.3ubuntu7 [3348 B]
replay	Install build dependencies	2026-07-30T20:22:09.7074994Z Get:53 http://azure.archive.ubuntu.com/ubuntu jammy/universe amd64 libpsm-infinipath1 amd64 3.3+20.604758e7-6.1 [170 kB]
replay	Install build dependencies	2026-07-30T20:22:09.7111353Z Get:54 http://azure.archive.ubuntu.com/ubuntu jammy/universe amd64 libpsm2-2 amd64 11.2.185-1 [182 kB]
replay	Install build dependencies	2026-07-30T20:22:09.7592325Z Get:55 http://azure.archive.ubuntu.com/ubuntu jammy/main amd64 librdmacm1 amd64 39.0-1 [71.2 kB]
replay	Install build dependencies	2026-07-30T20:22:09.7624096Z Get:56 http://azure.archive.ubuntu.com/ubuntu jammy/universe amd64 libfabric1 amd64 1.11.0-3 [558 kB]
replay	Install build dependencies	2026-07-30T20:22:09.7693784Z Get:57 http://azure.archive.ubuntu.com/ubuntu jammy-updates/universe amd64 libhwloc15 amd64 2.7.0-2ubuntu1 [159 kB]
replay	Install build dependencies	2026-07-30T20:22:09.7755972Z Get:58 http://azure.archive.ubuntu.com/ubuntu jammy-updates/main amd64 libxnvctrl0 amd64 510.47.03-0ubuntu1.22.04.1 [11.4 kB]
replay	Install build dependencies	2026-07-30T20:22:09.7782249Z Get:59 http://azure.archive.ubuntu.com/ubuntu jammy/universe amd64 ocl-icd-libopencl1 amd64 2.2.14-3 [39.1 kB]
replay	Install build dependencies	2026-07-30T20:22:09.7813268Z Get:60 http://azure.archive.ubuntu.com/ubuntu jammy-updates/universe amd64 libhwloc-plugins amd64 2.7.0-2ubuntu1 [15.6 kB]
replay	Install build dependencies	2026-07-30T20:22:09.7840292Z Get:61 http://azure.archive.ubuntu.com/ubuntu jammy/universe amd64 libpmix2 amd64 4.1.2-2ubuntu1 [604 kB]
replay	Install build dependencies	2026-07-30T20:22:09.7924004Z Get:62 http://azure.archive.ubuntu.com/ubuntu jammy/universe amd64 libucx0 amd64 1.12.1~rc2-1 [891 kB]
replay	Install build dependencies	2026-07-30T20:22:09.8023146Z Get:63 http://azure.archive.ubuntu.com/ubuntu jammy/universe amd64 libopenmpi3 amd64 4.1.2-2ubuntu1 [2594 kB]
replay	Install build dependencies	2026-07-30T20:22:09.8260496Z Get:64 http://azure.archive.ubuntu.com/ubuntu jammy/universe amd64 libboost-mpi1.74.0 amd64 1.74.0-14ubuntu3 [259 kB]
replay	Install build dependencies	2026-07-30T20:22:09.8304624Z Get:65 http://azure.archive.ubuntu.com/ubuntu jammy/universe amd64 libboost-graph-parallel1.74.0 amd64 1.74.0-14ubuntu3 [266 kB]
replay	Install build dependencies	2026-07-30T20:22:09.8347036Z Get:66 http://azure.archive.ubuntu.com/ubuntu jammy/universe amd64 libboost-graph-parallel1.74-dev amd64 1.74.0-14ubuntu3 [277 kB]
replay	Install build dependencies	2026-07-30T20:22:09.8393903Z Get:67 http://azure.archive.ubuntu.com/ubuntu jammy/universe amd64 libboost-graph-parallel-dev amd64 1.74.0.3ubuntu7 [3384 B]
replay	Install build dependencies	2026-07-30T20:22:09.8416640Z Get:68 http://azure.archive.ubuntu.com/ubuntu jammy/main amd64 libboost-iostreams1.74.0 amd64 1.74.0-14ubuntu3 [245 kB]
replay	Install build dependencies	2026-07-30T20:22:09.8458048Z Get:69 http://azure.archive.ubuntu.com/ubuntu jammy/universe amd64 libboost-iostreams1.74-dev amd64 1.74.0-14ubuntu3 [252 kB]
replay	Install build dependencies	2026-07-30T20:22:09.8501405Z Get:70 http://azure.archive.ubuntu.com/ubuntu jammy/universe amd64 libboost-iostreams-dev amd64 1.74.0.3ubuntu7 [3238 B]
replay	Install build dependencies	2026-07-30T20:22:09.8522768Z Get:71 http://azure.archive.ubuntu.com/ubuntu jammy/main amd64 libboost-locale1.74.0 amd64 1.74.0-14ubuntu3 [413 kB]
replay	Install build dependencies	2026-07-30T20:22:09.8577805Z Get:72 http://azure.archive.ubuntu.com/ubuntu jammy/universe amd64 libboost-locale1.74-dev amd64 1.74.0-14ubuntu3 [594 kB]
replay	Install build dependencies	2026-07-30T20:22:09.9069228Z Get:73 http://azure.archive.ubuntu.com/ubuntu jammy/universe amd64 libboost-locale-dev amd64 1.74.0.3ubuntu7 [3572 B]
replay	Install build dependencies	2026-07-30T20:22:09.9091981Z Get:74 http://azure.archive.ubuntu.com/ubuntu jammy/universe amd64 libboost-log1.74.0 amd64 1.74.0-14ubuntu3 [592 kB]
replay	Install build dependencies	2026-07-30T20:22:09.9167982Z Get:75 http://azure.archive.ubuntu.com/ubuntu jammy/universe amd64 libboost-log1.74-dev amd64 1.74.0-14ubuntu3 [853 kB]
replay	Install build dependencies	2026-07-30T20:22:09.9288208Z Get:76 http://azure.archive.ubuntu.com/ubuntu jammy/universe amd64 libboost-log-dev amd64 1.74.0.3ubuntu7 [3446 B]
replay	Install build dependencies	2026-07-30T20:22:09.9324114Z Get:77 http://azure.archive.ubuntu.com/ubuntu jammy/universe amd64 libboost-math1.74.0 amd64 1.74.0-14ubuntu3 [423 kB]
replay	Install build dependencies	2026-07-30T20:22:09.9395229Z Get:78 http://azure.archive.ubuntu.com/ubuntu jammy/universe amd64 libboost-math1.74-dev amd64 1.74.0-14ubuntu3 [620 kB]
replay	Install build dependencies	2026-07-30T20:22:09.9469766Z Get:79 http://azure.archive.ubuntu.com/ubuntu jammy/universe amd64 libboost-math-dev amd64 1.74.0.3ubuntu7 [3454 B]
replay	Install build dependencies	2026-07-30T20:22:09.9490873Z Get:80 http://azure.archive.ubuntu.com/ubuntu jammy/universe amd64 openmpi-common all 4.1.2-2ubuntu1 [162 kB]
replay	Install build dependencies	2026-07-30T20:22:09.9534083Z Get:81 http://azure.archive.ubuntu.com/ubuntu jammy/main amd64 libnl-3-dev amd64 3.5.0-0.1 [101 kB]
replay	Install build dependencies	2026-07-30T20:22:09.9577243Z Get:82 http://azure.archive.ubuntu.com/ubuntu jammy/main amd64 libnl-route-3-dev amd64 3.5.0-0.1 [202 kB]
replay	Install build dependencies	2026-07-30T20:22:09.9634664Z Get:83 http://azure.archive.ubuntu.com/ubuntu jammy/main amd64 libibverbs-dev amd64 39.0-1 [628 kB]
replay	Install build dependencies	2026-07-30T20:22:09.9731008Z Get:84 http://azure.archive.ubuntu.com/ubuntu jammy/main amd64 libnuma-dev amd64 2.0.14-3ubuntu2 [35.9 kB]
replay	Install build dependencies	2026-07-30T20:22:09.9757935Z Get:85 http://azure.archive.ubuntu.com/ubuntu jammy-updates/universe amd64 libhwloc-dev amd64 2.7.0-2ubuntu1 [256 kB]
replay	Install build dependencies	2026-07-30T20:22:09.9820024Z Get:86 http://azure.archive.ubuntu.com/ubuntu jammy/main amd64 libevent-2.1-7 amd64 2.1.12-stable-1build3 [148 kB]
replay	Install build dependencies	2026-07-30T20:22:09.9871281Z Get:87 http://azure.archive.ubuntu.com/ubuntu jammy/main amd64 libevent-extra-2.1-7 amd64 2.1.12-stable-1build3 [65.4 kB]
replay	Install build dependencies	2026-07-30T20:22:09.9906485Z Get:88 http://azure.archive.ubuntu.com/ubuntu jammy/main amd64 libevent-openssl-2.1-7 amd64 2.1.12-stable-1build3 [15.8 kB]
replay	Install build dependencies	2026-07-30T20:22:09.9941486Z Get:89 http://azure.archive.ubuntu.com/ubuntu jammy/main amd64 libevent-dev amd64 2.1.12-stable-1build3 [278 kB]
replay	Install build dependencies	2026-07-30T20:22:09.9993816Z Get:90 http://azure.archive.ubuntu.com/ubuntu jammy/universe amd64 libpmix-dev amd64 4.1.2-2ubuntu1 [805 kB]
replay	Install build dependencies	2026-07-30T20:22:10.0507729Z Get:91 http://azure.archive.ubuntu.com/ubuntu jammy/universe amd64 libjs-jquery-ui all 1.13.1+dfsg-1 [253 kB]
replay	Install build dependencies	2026-07-30T20:22:10.0553165Z Get:92 http://azure.archive.ubuntu.com/ubuntu jammy/universe amd64 openmpi-bin amd64 4.1.2-2ubuntu1 [116 kB]
replay	Install build dependencies	2026-07-30T20:22:10.0583989Z Get:93 http://azure.archive.ubuntu.com/ubuntu jammy/universe amd64 libopenmpi-dev amd64 4.1.2-2ubuntu1 [867 kB]
replay	Install build dependencies	2026-07-30T20:22:10.0684094Z Get:94 http://azure.archive.ubuntu.com/ubuntu jammy/universe amd64 mpi-default-dev amd64 1.14 [3698 B]
replay	Install build dependencies	2026-07-30T20:22:10.0710490Z Get:95 http://azure.archive.ubuntu.com/ubuntu jammy/universe amd64 libboost-mpi1.74-dev amd64 1.74.0-14ubuntu3 [285 kB]
replay	Install build dependencies	2026-07-30T20:22:10.0760706Z Get:96 http://azure.archive.ubuntu.com/ubuntu jammy/universe amd64 libboost-mpi-dev amd64 1.74.0.3ubuntu7 [3328 B]
replay	Install build dependencies	2026-07-30T20:22:10.0792973Z Get:97 http://azure.archive.ubuntu.com/ubuntu jammy/main amd64 libboost-python1.74.0 amd64 1.74.0-14ubuntu3 [299 kB]
replay	Install build dependencies	2026-07-30T20:22:10.0842879Z Get:98 http://azure.archive.ubuntu.com/ubuntu jammy/universe amd64 mpi-default-bin amd64 1.14 [2898 B]
replay	Install build dependencies	2026-07-30T20:22:10.0867847Z Get:99 http://azure.archive.ubuntu.com/ubuntu jammy/universe amd64 libboost-mpi-python1.74.0 amd64 1.74.0-14ubuntu3 [351 kB]
replay	Install build dependencies	2026-07-30T20:22:10.0917598Z Get:100 http://azure.archive.ubuntu.com/ubuntu jammy/universe amd64 libboost-mpi-python1.74-dev amd64 1.74.0-14ubuntu3 [225 kB]
replay	Install build dependencies	2026-07-30T20:22:10.0955624Z Get:101 http://azure.archive.ubuntu.com/ubuntu jammy/universe amd64 libboost-mpi-python-dev amd64 1.74.0.3ubuntu7 [3382 B]
replay	Install build dependencies	2026-07-30T20:22:10.0978715Z Get:102 http://azure.archive.ubuntu.com/ubuntu jammy/universe amd64 libboost-numpy1.74.0 amd64 1.74.0-14ubuntu3 [229 kB]
replay	Install build dependencies	2026-07-30T20:22:10.1048600Z Get:103 http://azure.archive.ubuntu.com/ubuntu jammy/universe amd64 libboost-numpy1.74-dev amd64 1.74.0-14ubuntu3 [233 kB]
replay	Install build dependencies	2026-07-30T20:22:10.1129493Z Get:104 http://azure.archive.ubuntu.com/ubuntu jammy/universe amd64 libboost-numpy-dev amd64 1.74.0.3ubuntu7 [3286 B]
replay	Install build dependencies	2026-07-30T20:22:10.1156717Z Get:105 http://azure.archive.ubuntu.com/ubuntu jammy/main amd64 libboost-program-options1.74.0 amd64 1.74.0-14ubuntu3 [311 kB]
replay	Install build dependencies	2026-07-30T20:22:10.1249023Z Get:106 http://azure.archive.ubuntu.com/ubuntu jammy/main amd64 libboost-program-options1.74-dev amd64 1.74.0-14ubuntu3 [380 kB]
replay	Install build dependencies	2026-07-30T20:22:10.1306940Z Get:107 http://azure.archive.ubuntu.com/ubuntu jammy/main amd64 libboost-program-options-dev amd64 1.74.0.3ubuntu7 [3266 B]
replay	Install build dependencies	2026-07-30T20:22:10.1331070Z Get:108 http://azure.archive.ubuntu.com/ubuntu jammy/universe amd64 libboost-python1.74-dev amd64 1.74.0-14ubuntu3 [323 kB]
replay	Install build dependencies	2026-07-30T20:22:10.1392201Z Get:109 http://azure.archive.ubuntu.com/ubuntu jammy/universe amd64 libboost-python-dev amd64 1.74.0.3ubuntu7 [3538 B]
replay	Install build dependencies	2026-07-30T20:22:10.1415065Z Get:110 http://azure.archive.ubuntu.com/ubuntu jammy/universe amd64 libboost-random1.74.0 amd64 1.74.0-14ubuntu3 [231 kB]
replay	Install build dependencies	2026-07-30T20:22:10.1469352Z Get:111 http://azure.archive.ubuntu.com/ubuntu jammy/universe amd64 libboost-random1.74-dev amd64 1.74.0-14ubuntu3 [231 kB]
replay	Install build dependencies	2026-07-30T20:22:10.1519412Z Get:112 http://azure.archive.ubuntu.com/ubuntu jammy/universe amd64 libboost-random-dev amd64 1.74.0.3ubuntu7 [3258 B]
replay	Install build dependencies	2026-07-30T20:22:10.1541563Z Get:113 http://azure.archive.ubuntu.com/ubuntu jammy/main amd64 libboost-regex-dev amd64 1.74.0.3ubuntu7 [3510 B]
replay	Install build dependencies	2026-07-30T20:22:10.1562351Z Get:114 http://azure.archive.ubuntu.com/ubuntu jammy/universe amd64 libboost-serialization-dev amd64 1.74.0.3ubuntu7 [3468 B]
replay	Install build dependencies	2026-07-30T20:22:10.1589251Z Get:115 http://azure.archive.ubuntu.com/ubuntu jammy/universe amd64 libboost-stacktrace1.74.0 amd64 1.74.0-14ubuntu3 [267 kB]
replay	Install build dependencies	2026-07-30T20:22:10.1645194Z Get:116 http://azure.archive.ubuntu.com/ubuntu jammy/universe amd64 libboost-stacktrace1.74-dev amd64 1.74.0-14ubuntu3 [232 kB]
replay	Install build dependencies	2026-07-30T20:22:10.1687554Z Get:117 http://azure.archive.ubuntu.com/ubuntu jammy/universe amd64 libboost-stacktrace-dev amd64 1.74.0.3ubuntu7 [3260 B]
replay	Install build dependencies	2026-07-30T20:22:10.1709832Z Get:118 http://azure.archive.ubuntu.com/ubuntu jammy/main amd64 libboost-system-dev amd64 1.74.0.3ubuntu7 [3390 B]
replay	Install build dependencies	2026-07-30T20:22:10.1732671Z Get:119 http://azure.archive.ubuntu.com/ubuntu jammy/universe amd64 libboost-test-dev amd64 1.74.0.3ubuntu7 [3274 B]
replay	Install build dependencies	2026-07-30T20:22:10.2179998Z Get:120 http://azure.archive.ubuntu.com/ubuntu jammy/main amd64 libboost-thread-dev amd64 1.74.0.3ubuntu7 [3266 B]
replay	Install build dependencies	2026-07-30T20:22:10.2209626Z Get:121 http://azure.archive.ubuntu.com/ubuntu jammy/universe amd64 libboost-timer1.74.0 amd64 1.74.0-14ubuntu3 [228 kB]
replay	Install build dependencies	2026-07-30T20:22:10.2301827Z Get:122 http://azure.archive.ubuntu.com/ubuntu jammy/universe amd64 libboost-timer1.74-dev amd64 1.74.0-14ubuntu3 [231 kB]
replay	Install build dependencies	2026-07-30T20:22:10.2350627Z Get:123 http://azure.archive.ubuntu.com/ubuntu jammy/universe amd64 libboost-timer-dev amd64 1.74.0.3ubuntu7 [3380 B]
replay	Install build dependencies	2026-07-30T20:22:10.2374849Z Get:124 http://azure.archive.ubuntu.com/ubuntu jammy/universe amd64 libboost-type-erasure1.74.0 amd64 1.74.0-14ubuntu3 [234 kB]
replay	Install build dependencies	2026-07-30T20:22:10.2425384Z Get:125 http://azure.archive.ubuntu.com/ubuntu jammy/universe amd64 libboost-type-erasure1.74-dev amd64 1.74.0-14ubuntu3 [239 kB]
replay	Install build dependencies	2026-07-30T20:22:10.2471099Z Get:126 http://azure.archive.ubuntu.com/ubuntu jammy/universe amd64 libboost-type-erasure-dev amd64 1.74.0.3ubuntu7 [3344 B]
replay	Install build dependencies	2026-07-30T20:22:10.2495748Z Get:127 http://azure.archive.ubuntu.com/ubuntu jammy/universe amd64 libboost-wave1.74.0 amd64 1.74.0-14ubuntu3 [449 kB]
replay	Install build dependencies	2026-07-30T20:22:10.2563413Z Get:128 http://azure.archive.ubuntu.com/ubuntu jammy/universe amd64 libboost-wave1.74-dev amd64 1.74.0-14ubuntu3 [496 kB]
replay	Install build dependencies	2026-07-30T20:22:10.2630831Z Get:129 http://azure.archive.ubuntu.com/ubuntu jammy/universe amd64 libboost-wave-dev amd64 1.74.0.3ubuntu7 [3292 B]
replay	Install build dependencies	2026-07-30T20:22:10.2658757Z Get:130 http://azure.archive.ubuntu.com/ubuntu jammy/universe amd64 libboost-nowide1.74.0 amd64 1.74.0-14ubuntu3 [223 kB]
replay	Install build dependencies	2026-07-30T20:22:10.2708925Z Get:131 http://azure.archive.ubuntu.com/ubuntu jammy/universe amd64 libboost-nowide1.74-dev amd64 1.74.0-14ubuntu3 [220 kB]
replay	Install build dependencies	2026-07-30T20:22:10.2750033Z Get:132 http://azure.archive.ubuntu.com/ubuntu jammy/universe amd64 libboost-nowide-dev amd64 1.74.0.3ubuntu7 [3322 B]
replay	Install build dependencies	2026-07-30T20:22:10.2771985Z Get:133 http://azure.archive.ubuntu.com/ubuntu jammy/universe amd64 libboost-all-dev amd64 1.74.0.3ubuntu7 [2268 B]
replay	Install build dependencies	2026-07-30T20:22:10.2795000Z Get:134 http://azure.archive.ubuntu.com/ubuntu jammy-updates/main amd64 libprotobuf23 amd64 3.12.4-1ubuntu7.22.04.6 [877 kB]
replay	Install build dependencies	2026-07-30T20:22:10.2898734Z Get:135 http://azure.archive.ubuntu.com/ubuntu jammy-updates/main amd64 libprotoc23 amd64 3.12.4-1ubuntu7.22.04.6 [662 kB]
replay	Install build dependencies	2026-07-30T20:22:10.2995289Z Get:136 http://azure.archive.ubuntu.com/ubuntu jammy/universe amd64 ninja-build amd64 1.10.1-1 [111 kB]
replay	Install build dependencies	2026-07-30T20:22:10.3024864Z Get:137 http://azure.archive.ubuntu.com/ubuntu jammy-updates/main amd64 libprotobuf-dev amd64 3.12.4-1ubuntu7.22.04.6 [1347 kB]
replay	Install build dependencies	2026-07-30T20:22:10.3664699Z Get:138 http://azure.archive.ubuntu.com/ubuntu jammy-updates/universe amd64 protobuf-compiler amd64 3.12.4-1ubuntu7.22.04.6 [29.2 kB]
replay	Install build dependencies	2026-07-30T20:22:10.9543467Z Fetched 50.3 MB in 1s (37.8 MB/s)
replay	Install build dependencies	2026-07-30T20:22:11.0768433Z Selecting previously unselected package libjsoncpp25:amd64.
replay	Install build dependencies	2026-07-30T20:22:11.2932463Z (Reading database ...
replay	Install build dependencies	2026-07-30T20:22:11.2933047Z (Reading database ... 5%
replay	Install build dependencies	2026-07-30T20:22:11.2933350Z (Reading database ... 10%
replay	Install build dependencies	2026-07-30T20:22:11.2933646Z (Reading database ... 15%
replay	Install build dependencies	2026-07-30T20:22:11.2933931Z (Reading database ... 20%
replay	Install build dependencies	2026-07-30T20:22:11.2934219Z (Reading database ... 25%
replay	Install build dependencies	2026-07-30T20:22:11.2934521Z (Reading database ... 30%
replay	Install build dependencies	2026-07-30T20:22:11.2934832Z (Reading database ... 35%
replay	Install build dependencies	2026-07-30T20:22:11.2935135Z (Reading database ... 40%
replay	Install build dependencies	2026-07-30T20:22:11.2936356Z (Reading database ... 45%
replay	Install build dependencies	2026-07-30T20:22:11.2936679Z (Reading database ... 50%
replay	Install build dependencies	2026-07-30T20:22:11.5989757Z (Reading database ... 55%
replay	Install build dependencies	2026-07-30T20:22:12.0402294Z (Reading database ... 60%
replay	Install build dependencies	2026-07-30T20:22:12.2695716Z (Reading database ... 65%
replay	Install build dependencies	2026-07-30T20:22:12.5732260Z (Reading database ... 70%
replay	Install build dependencies	2026-07-30T20:22:13.3459692Z (Reading database ... 75%
replay	Install build dependencies	2026-07-30T20:22:13.7623904Z (Reading database ... 80%
replay	Install build dependencies	2026-07-30T20:22:14.4929026Z (Reading database ... 85%
replay	Install build dependencies	2026-07-30T20:22:15.2238751Z (Reading database ... 90%
replay	Install build dependencies	2026-07-30T20:22:15.8448552Z (Reading database ... 95%
replay	Install build dependencies	2026-07-30T20:22:15.8449025Z (Reading database ... 100%
replay	Install build dependencies	2026-07-30T20:22:15.8449511Z (Reading database ... 259812 files and directories currently installed.)
replay	Install build dependencies	2026-07-30T20:22:15.8505404Z Preparing to unpack .../000-libjsoncpp25_1.9.5-3_amd64.deb ...
replay	Install build dependencies	2026-07-30T20:22:15.8611473Z Unpacking libjsoncpp25:amd64 (1.9.5-3) ...
replay	Install build dependencies	2026-07-30T20:22:15.8856587Z Selecting previously unselected package librhash0:amd64.
replay	Install build dependencies	2026-07-30T20:22:15.9049925Z Preparing to unpack .../001-librhash0_1.4.2-1ubuntu1_amd64.deb ...
replay	Install build dependencies	2026-07-30T20:22:15.9059326Z Unpacking librhash0:amd64 (1.4.2-1ubuntu1) ...
replay	Install build dependencies	2026-07-30T20:22:15.9286578Z Selecting previously unselected package dh-elpa-helper.
replay	Install build dependencies	2026-07-30T20:22:15.9483683Z Preparing to unpack .../002-dh-elpa-helper_2.0.9ubuntu1_all.deb ...
replay	Install build dependencies	2026-07-30T20:22:15.9498844Z Unpacking dh-elpa-helper (2.0.9ubuntu1) ...
replay	Install build dependencies	2026-07-30T20:22:15.9748330Z Selecting previously unselected package cmake-data.
replay	Install build dependencies	2026-07-30T20:22:15.9947161Z Preparing to unpack .../003-cmake-data_3.22.1-1ubuntu1.22.04.2_all.deb ...
replay	Install build dependencies	2026-07-30T20:22:16.0129138Z Unpacking cmake-data (3.22.1-1ubuntu1.22.04.2) ...
replay	Install build dependencies	2026-07-30T20:22:16.5929800Z Selecting previously unselected package cmake.
replay	Install build dependencies	2026-07-30T20:22:16.6137107Z Preparing to unpack .../004-cmake_3.22.1-1ubuntu1.22.04.2_amd64.deb ...
replay	Install build dependencies	2026-07-30T20:22:16.6145405Z Unpacking cmake (3.22.1-1ubuntu1.22.04.2) ...
replay	Install build dependencies	2026-07-30T20:22:16.7522249Z Selecting previously unselected package libnl-route-3-200:amd64.
replay	Install build dependencies	2026-07-30T20:22:16.7719228Z Preparing to unpack .../005-libnl-route-3-200_3.5.0-0.1_amd64.deb ...
replay	Install build dependencies	2026-07-30T20:22:16.7728171Z Unpacking libnl-route-3-200:amd64 (3.5.0-0.1) ...
replay	Install build dependencies	2026-07-30T20:22:16.7985142Z Selecting previously unselected package libibverbs1:amd64.
replay	Install build dependencies	2026-07-30T20:22:16.8184037Z Preparing to unpack .../006-libibverbs1_39.0-1_amd64.deb ...
replay	Install build dependencies	2026-07-30T20:22:16.8193548Z Unpacking libibverbs1:amd64 (39.0-1) ...
replay	Install build dependencies	2026-07-30T20:22:16.8448144Z Selecting previously unselected package ibverbs-providers:amd64.
replay	Install build dependencies	2026-07-30T20:22:16.8647610Z Preparing to unpack .../007-ibverbs-providers_39.0-1_amd64.deb ...
replay	Install build dependencies	2026-07-30T20:22:16.8782287Z Unpacking ibverbs-providers:amd64 (39.0-1) ...
replay	Install build dependencies	2026-07-30T20:22:16.9114031Z Selecting previously unselected package libboost1.74-dev:amd64.
replay	Install build dependencies	2026-07-30T20:22:16.9312691Z Preparing to unpack .../008-libboost1.74-dev_1.74.0-14ubuntu3_amd64.deb ...
replay	Install build dependencies	2026-07-30T20:22:16.9321786Z Unpacking libboost1.74-dev:amd64 (1.74.0-14ubuntu3) ...
replay	Install build dependencies	2026-07-30T20:22:19.7399566Z Selecting previously unselected package libboost-dev:amd64.
replay	Install build dependencies	2026-07-30T20:22:19.7663677Z Preparing to unpack .../009-libboost-dev_1.74.0.3ubuntu7_amd64.deb ...
replay	Install build dependencies	2026-07-30T20:22:19.7676404Z Unpacking libboost-dev:amd64 (1.74.0.3ubuntu7) ...
replay	Install build dependencies	2026-07-30T20:22:19.7902681Z Selecting previously unselected package libboost1.74-tools-dev.
replay	Install build dependencies	2026-07-30T20:22:19.8117247Z Preparing to unpack .../010-libboost1.74-tools-dev_1.74.0-14ubuntu3_amd64.deb ...
replay	Install build dependencies	2026-07-30T20:22:19.8126383Z Unpacking libboost1.74-tools-dev (1.74.0-14ubuntu3) ...
replay	Install build dependencies	2026-07-30T20:22:19.9231887Z Selecting previously unselected package libboost-tools-dev.
replay	Install build dependencies	2026-07-30T20:22:19.9446726Z Preparing to unpack .../011-libboost-tools-dev_1.74.0.3ubuntu7_amd64.deb ...
replay	Install build dependencies	2026-07-30T20:22:19.9455519Z Unpacking libboost-tools-dev (1.74.0.3ubuntu7) ...
replay	Install build dependencies	2026-07-30T20:22:19.9678688Z Selecting previously unselected package libboost-atomic1.74.0:amd64.
replay	Install build dependencies	2026-07-30T20:22:19.9896664Z Preparing to unpack .../012-libboost-atomic1.74.0_1.74.0-14ubuntu3_amd64.deb ...
replay	Install build dependencies	2026-07-30T20:22:19.9906192Z Unpacking libboost-atomic1.74.0:amd64 (1.74.0-14ubuntu3) ...
replay	Install build dependencies	2026-07-30T20:22:20.0212546Z Selecting previously unselected package libboost-atomic1.74-dev:amd64.
replay	Install build dependencies	2026-07-30T20:22:20.0426862Z Preparing to unpack .../013-libboost-atomic1.74-dev_1.74.0-14ubuntu3_amd64.deb ...
replay	Install build dependencies	2026-07-30T20:22:20.0436109Z Unpacking libboost-atomic1.74-dev:amd64 (1.74.0-14ubuntu3) ...
replay	Install build dependencies	2026-07-30T20:22:20.0772475Z Selecting previously unselected package libboost-atomic-dev:amd64.
replay	Install build dependencies	2026-07-30T20:22:20.0988912Z Preparing to unpack .../014-libboost-atomic-dev_1.74.0.3ubuntu7_amd64.deb ...
replay	Install build dependencies	2026-07-30T20:22:20.0998163Z Unpacking libboost-atomic-dev:amd64 (1.74.0.3ubuntu7) ...
replay	Install build dependencies	2026-07-30T20:22:20.1239644Z Selecting previously unselected package libboost-chrono1.74.0:amd64.
replay	Install build dependencies	2026-07-30T20:22:20.1454738Z Preparing to unpack .../015-libboost-chrono1.74.0_1.74.0-14ubuntu3_amd64.deb ...
replay	Install build dependencies	2026-07-30T20:22:20.1463678Z Unpacking libboost-chrono1.74.0:amd64 (1.74.0-14ubuntu3) ...
replay	Install build dependencies	2026-07-30T20:22:20.1772762Z Selecting previously unselected package libboost-chrono1.74-dev:amd64.
replay	Install build dependencies	2026-07-30T20:22:20.1988484Z Preparing to unpack .../016-libboost-chrono1.74-dev_1.74.0-14ubuntu3_amd64.deb ...
replay	Install build dependencies	2026-07-30T20:22:20.1997467Z Unpacking libboost-chrono1.74-dev:amd64 (1.74.0-14ubuntu3) ...
replay	Install build dependencies	2026-07-30T20:22:20.2312249Z Selecting previously unselected package libboost-chrono-dev:amd64.
replay	Install build dependencies	2026-07-30T20:22:20.2526570Z Preparing to unpack .../017-libboost-chrono-dev_1.74.0.3ubuntu7_amd64.deb ...
replay	Install build dependencies	2026-07-30T20:22:20.2536182Z Unpacking libboost-chrono-dev:amd64 (1.74.0.3ubuntu7) ...
replay	Install build dependencies	2026-07-30T20:22:20.2758095Z Selecting previously unselected package libboost-container1.74.0:amd64.
replay	Install build dependencies	2026-07-30T20:22:20.2975119Z Preparing to unpack .../018-libboost-container1.74.0_1.74.0-14ubuntu3_amd64.deb ...
replay	Install build dependencies	2026-07-30T20:22:20.2985591Z Unpacking libboost-container1.74.0:amd64 (1.74.0-14ubuntu3) ...
replay	Install build dependencies	2026-07-30T20:22:20.3295223Z Selecting previously unselected package libboost-container1.74-dev:amd64.
replay	Install build dependencies	2026-07-30T20:22:20.3516298Z Preparing to unpack .../019-libboost-container1.74-dev_1.74.0-14ubuntu3_amd64.deb ...
replay	Install build dependencies	2026-07-30T20:22:20.3524439Z Unpacking libboost-container1.74-dev:amd64 (1.74.0-14ubuntu3) ...
replay	Install build dependencies	2026-07-30T20:22:20.3841446Z Selecting previously unselected package libboost-container-dev:amd64.
replay	Install build dependencies	2026-07-30T20:22:20.4058887Z Preparing to unpack .../020-libboost-container-dev_1.74.0.3ubuntu7_amd64.deb ...
replay	Install build dependencies	2026-07-30T20:22:20.4070532Z Unpacking libboost-container-dev:amd64 (1.74.0.3ubuntu7) ...
replay	Install build dependencies	2026-07-30T20:22:20.4298044Z Selecting previously unselected package libboost-date-time1.74.0:amd64.
replay	Install build dependencies	2026-07-30T20:22:20.4510588Z Preparing to unpack .../021-libboost-date-time1.74.0_1.74.0-14ubuntu3_amd64.deb ...
replay	Install build dependencies	2026-07-30T20:22:20.4519409Z Unpacking libboost-date-time1.74.0:amd64 (1.74.0-14ubuntu3) ...
replay	Install build dependencies	2026-07-30T20:22:20.4826157Z Selecting previously unselected package libboost-serialization1.74.0:amd64.
replay	Install build dependencies	2026-07-30T20:22:20.5036765Z Preparing to unpack .../022-libboost-serialization1.74.0_1.74.0-14ubuntu3_amd64.deb ...
replay	Install build dependencies	2026-07-30T20:22:20.5045261Z Unpacking libboost-serialization1.74.0:amd64 (1.74.0-14ubuntu3) ...
replay	Install build dependencies	2026-07-30T20:22:20.5358691Z Selecting previously unselected package libboost-serialization1.74-dev:amd64.
replay	Install build dependencies	2026-07-30T20:22:20.5584499Z Preparing to unpack .../023-libboost-serialization1.74-dev_1.74.0-14ubuntu3_amd64.deb ...
replay	Install build dependencies	2026-07-30T20:22:20.5585583Z Unpacking libboost-serialization1.74-dev:amd64 (1.74.0-14ubuntu3) ...
replay	Install build dependencies	2026-07-30T20:22:20.5983015Z Selecting previously unselected package libboost-date-time1.74-dev:amd64.
replay	Install build dependencies	2026-07-30T20:22:20.6197770Z Preparing to unpack .../024-libboost-date-time1.74-dev_1.74.0-14ubuntu3_amd64.deb ...
replay	Install build dependencies	2026-07-30T20:22:20.6206208Z Unpacking libboost-date-time1.74-dev:amd64 (1.74.0-14ubuntu3) ...
replay	Install build dependencies	2026-07-30T20:22:20.6501489Z Selecting previously unselected package libboost-system1.74.0:amd64.
replay	Install build dependencies	2026-07-30T20:22:20.6713179Z Preparing to unpack .../025-libboost-system1.74.0_1.74.0-14ubuntu3_amd64.deb ...
replay	Install build dependencies	2026-07-30T20:22:20.6720554Z Unpacking libboost-system1.74.0:amd64 (1.74.0-14ubuntu3) ...
replay	Install build dependencies	2026-07-30T20:22:20.7015076Z Selecting previously unselected package libboost-system1.74-dev:amd64.
replay	Install build dependencies	2026-07-30T20:22:20.7229837Z Preparing to unpack .../026-libboost-system1.74-dev_1.74.0-14ubuntu3_amd64.deb ...
replay	Install build dependencies	2026-07-30T20:22:20.7238339Z Unpacking libboost-system1.74-dev:amd64 (1.74.0-14ubuntu3) ...
replay	Install build dependencies	2026-07-30T20:22:20.7544783Z Selecting previously unselected package libboost-thread1.74.0:amd64.
replay	Install build dependencies	2026-07-30T20:22:20.7760609Z Preparing to unpack .../027-libboost-thread1.74.0_1.74.0-14ubuntu3_amd64.deb ...
replay	Install build dependencies	2026-07-30T20:22:20.7768955Z Unpacking libboost-thread1.74.0:amd64 (1.74.0-14ubuntu3) ...
replay	Install build dependencies	2026-07-30T20:22:20.8070381Z Selecting previously unselected package libboost-thread1.74-dev:amd64.
replay	Install build dependencies	2026-07-30T20:22:20.8284379Z Preparing to unpack .../028-libboost-thread1.74-dev_1.74.0-14ubuntu3_amd64.deb ...
replay	Install build dependencies	2026-07-30T20:22:20.8292592Z Unpacking libboost-thread1.74-dev:amd64 (1.74.0-14ubuntu3) ...
replay	Install build dependencies	2026-07-30T20:22:20.8617995Z Selecting previously unselected package libboost-context1.74.0:amd64.
replay	Install build dependencies	2026-07-30T20:22:20.8832903Z Preparing to unpack .../029-libboost-context1.74.0_1.74.0-14ubuntu3_amd64.deb ...
replay	Install build dependencies	2026-07-30T20:22:20.8841599Z Unpacking libboost-context1.74.0:amd64 (1.74.0-14ubuntu3) ...
replay	Install build dependencies	2026-07-30T20:22:20.9133004Z Selecting previously unselected package libboost-context1.74-dev:amd64.
replay	Install build dependencies	2026-07-30T20:22:20.9348562Z Preparing to unpack .../030-libboost-context1.74-dev_1.74.0-14ubuntu3_amd64.deb ...
replay	Install build dependencies	2026-07-30T20:22:20.9356534Z Unpacking libboost-context1.74-dev:amd64 (1.74.0-14ubuntu3) ...
replay	Install build dependencies	2026-07-30T20:22:20.9651937Z Selecting previously unselected package libboost-context-dev:amd64.
replay	Install build dependencies	2026-07-30T20:22:20.9866782Z Preparing to unpack .../031-libboost-context-dev_1.74.0.3ubuntu7_amd64.deb ...
replay	Install build dependencies	2026-07-30T20:22:20.9875298Z Unpacking libboost-context-dev:amd64 (1.74.0.3ubuntu7) ...
replay	Install build dependencies	2026-07-30T20:22:21.0110316Z Selecting previously unselected package libboost-coroutine1.74.0:amd64.
replay	Install build dependencies	2026-07-30T20:22:21.0335775Z Preparing to unpack .../032-libboost-coroutine1.74.0_1.74.0-14ubuntu3_amd64.deb ...
replay	Install build dependencies	2026-07-30T20:22:21.0344093Z Unpacking libboost-coroutine1.74.0:amd64 (1.74.0-14ubuntu3) ...
replay	Install build dependencies	2026-07-30T20:22:21.0675141Z Selecting previously unselected package libboost-coroutine1.74-dev:amd64.
replay	Install build dependencies	2026-07-30T20:22:21.0895686Z Preparing to unpack .../033-libboost-coroutine1.74-dev_1.74.0-14ubuntu3_amd64.deb ...
replay	Install build dependencies	2026-07-30T20:22:21.0905394Z Unpacking libboost-coroutine1.74-dev:amd64 (1.74.0-14ubuntu3) ...
replay	Install build dependencies	2026-07-30T20:22:21.1222350Z Selecting previously unselected package libboost-coroutine-dev:amd64.
replay	Install build dependencies	2026-07-30T20:22:21.1438931Z Preparing to unpack .../034-libboost-coroutine-dev_1.74.0.3ubuntu7_amd64.deb ...
replay	Install build dependencies	2026-07-30T20:22:21.1446551Z Unpacking libboost-coroutine-dev:amd64 (1.74.0.3ubuntu7) ...
replay	Install build dependencies	2026-07-30T20:22:21.1675031Z Selecting previously unselected package libboost-date-time-dev:amd64.
replay	Install build dependencies	2026-07-30T20:22:21.1894339Z Preparing to unpack .../035-libboost-date-time-dev_1.74.0.3ubuntu7_amd64.deb ...
replay	Install build dependencies	2026-07-30T20:22:21.1903152Z Unpacking libboost-date-time-dev:amd64 (1.74.0.3ubuntu7) ...
replay	Install build dependencies	2026-07-30T20:22:21.2128503Z Selecting previously unselected package libboost-exception1.74-dev:amd64.
replay	Install build dependencies	2026-07-30T20:22:21.2341739Z Preparing to unpack .../036-libboost-exception1.74-dev_1.74.0-14ubuntu3_amd64.deb ...
replay	Install build dependencies	2026-07-30T20:22:21.2351073Z Unpacking libboost-exception1.74-dev:amd64 (1.74.0-14ubuntu3) ...
replay	Install build dependencies	2026-07-30T20:22:21.2642180Z Selecting previously unselected package libboost-exception-dev:amd64.
replay	Install build dependencies	2026-07-30T20:22:21.2858594Z Preparing to unpack .../037-libboost-exception-dev_1.74.0.3ubuntu7_amd64.deb ...
replay	Install build dependencies	2026-07-30T20:22:21.2866624Z Unpacking libboost-exception-dev:amd64 (1.74.0.3ubuntu7) ...
replay	Install build dependencies	2026-07-30T20:22:21.3090822Z Selecting previously unselected package libboost-filesystem1.74.0:amd64.
replay	Install build dependencies	2026-07-30T20:22:21.3304394Z Preparing to unpack .../038-libboost-filesystem1.74.0_1.74.0-14ubuntu3_amd64.deb ...
replay	Install build dependencies	2026-07-30T20:22:21.3314075Z Unpacking libboost-filesystem1.74.0:amd64 (1.74.0-14ubuntu3) ...
replay	Install build dependencies	2026-07-30T20:22:21.3622045Z Selecting previously unselected package libboost-filesystem1.74-dev:amd64.
replay	Install build dependencies	2026-07-30T20:22:21.3835791Z Preparing to unpack .../039-libboost-filesystem1.74-dev_1.74.0-14ubuntu3_amd64.deb ...
replay	Install build dependencies	2026-07-30T20:22:21.3844621Z Unpacking libboost-filesystem1.74-dev:amd64 (1.74.0-14ubuntu3) ...
replay	Install build dependencies	2026-07-30T20:22:21.4174537Z Selecting previously unselected package libboost-fiber1.74.0:amd64.
replay	Install build dependencies	2026-07-30T20:22:21.4390293Z Preparing to unpack .../040-libboost-fiber1.74.0_1.74.0-14ubuntu3_amd64.deb ...
replay	Install build dependencies	2026-07-30T20:22:21.4399895Z Unpacking libboost-fiber1.74.0:amd64 (1.74.0-14ubuntu3) ...
replay	Install build dependencies	2026-07-30T20:22:21.4713691Z Selecting previously unselected package libboost-fiber1.74-dev:amd64.
replay	Install build dependencies	2026-07-30T20:22:21.4930456Z Preparing to unpack .../041-libboost-fiber1.74-dev_1.74.0-14ubuntu3_amd64.deb ...
replay	Install build dependencies	2026-07-30T20:22:21.4943501Z Unpacking libboost-fiber1.74-dev:amd64 (1.74.0-14ubuntu3) ...
replay	Install build dependencies	2026-07-30T20:22:21.5282929Z Selecting previously unselected package libboost-fiber-dev:amd64.
replay	Install build dependencies	2026-07-30T20:22:21.5495136Z Preparing to unpack .../042-libboost-fiber-dev_1.74.0.3ubuntu7_amd64.deb ...
replay	Install build dependencies	2026-07-30T20:22:21.5504011Z Unpacking libboost-fiber-dev:amd64 (1.74.0.3ubuntu7) ...
replay	Install build dependencies	2026-07-30T20:22:21.5727151Z Selecting previously unselected package libboost-filesystem-dev:amd64.
replay	Install build dependencies	2026-07-30T20:22:21.5946437Z Preparing to unpack .../043-libboost-filesystem-dev_1.74.0.3ubuntu7_amd64.deb ...
replay	Install build dependencies	2026-07-30T20:22:21.5953816Z Unpacking libboost-filesystem-dev:amd64 (1.74.0.3ubuntu7) ...
replay	Install build dependencies	2026-07-30T20:22:21.6179721Z Selecting previously unselected package libboost-regex1.74.0:amd64.
replay	Install build dependencies	2026-07-30T20:22:21.6391876Z Preparing to unpack .../044-libboost-regex1.74.0_1.74.0-14ubuntu3_amd64.deb ...
replay	Install build dependencies	2026-07-30T20:22:21.6400548Z Unpacking libboost-regex1.74.0:amd64 (1.74.0-14ubuntu3) ...
replay	Install build dependencies	2026-07-30T20:22:21.6729935Z Selecting previously unselected package libboost-graph1.74.0:amd64.
replay	Install build dependencies	2026-07-30T20:22:21.6943920Z Preparing to unpack .../045-libboost-graph1.74.0_1.74.0-14ubuntu3_amd64.deb ...
replay	Install build dependencies	2026-07-30T20:22:21.6952742Z Unpacking libboost-graph1.74.0:amd64 (1.74.0-14ubuntu3) ...
replay	Install build dependencies	2026-07-30T20:22:21.7259890Z Selecting previously unselected package libboost-regex1.74-dev:amd64.
replay	Install build dependencies	2026-07-30T20:22:21.7475209Z Preparing to unpack .../046-libboost-regex1.74-dev_1.74.0-14ubuntu3_amd64.deb ...
replay	Install build dependencies	2026-07-30T20:22:21.7482224Z Unpacking libboost-regex1.74-dev:amd64 (1.74.0-14ubuntu3) ...
replay	Install build dependencies	2026-07-30T20:22:21.7871383Z Selecting previously unselected package libboost-test1.74.0:amd64.
replay	Install build dependencies	2026-07-30T20:22:21.8088167Z Preparing to unpack .../047-libboost-test1.74.0_1.74.0-14ubuntu3_amd64.deb ...
replay	Install build dependencies	2026-07-30T20:22:21.8096873Z Unpacking libboost-test1.74.0:amd64 (1.74.0-14ubuntu3) ...
replay	Install build dependencies	2026-07-30T20:22:21.8413152Z Selecting previously unselected package libboost-test1.74-dev:amd64.
replay	Install build dependencies	2026-07-30T20:22:21.8626957Z Preparing to unpack .../048-libboost-test1.74-dev_1.74.0-14ubuntu3_amd64.deb ...
replay	Install build dependencies	2026-07-30T20:22:21.8635811Z Unpacking libboost-test1.74-dev:amd64 (1.74.0-14ubuntu3) ...
replay	Install build dependencies	2026-07-30T20:22:21.9115617Z Selecting previously unselected package libboost-graph1.74-dev:amd64.
replay	Install build dependencies	2026-07-30T20:22:21.9331248Z Preparing to unpack .../049-libboost-graph1.74-dev_1.74.0-14ubuntu3_amd64.deb ...
replay	Install build dependencies	2026-07-30T20:22:21.9338818Z Unpacking libboost-graph1.74-dev:amd64 (1.74.0-14ubuntu3) ...
replay	Install build dependencies	2026-07-30T20:22:21.9658731Z Selecting previously unselected package libboost-graph-dev:amd64.
replay	Install build dependencies	2026-07-30T20:22:21.9873297Z Preparing to unpack .../050-libboost-graph-dev_1.74.0.3ubuntu7_amd64.deb ...
replay	Install build dependencies	2026-07-30T20:22:21.9881161Z Unpacking libboost-graph-dev:amd64 (1.74.0.3ubuntu7) ...
replay	Install build dependencies	2026-07-30T20:22:22.0150612Z Selecting previously unselected package libpsm-infinipath1.
replay	Install build dependencies	2026-07-30T20:22:22.0363784Z Preparing to unpack .../051-libpsm-infinipath1_3.3+20.604758e7-6.1_amd64.deb ...
replay	Install build dependencies	2026-07-30T20:22:22.0371865Z Unpacking libpsm-infinipath1 (3.3+20.604758e7-6.1) ...
replay	Install build dependencies	2026-07-30T20:22:22.0721381Z Selecting previously unselected package libpsm2-2.
replay	Install build dependencies	2026-07-30T20:22:22.0937334Z Preparing to unpack .../052-libpsm2-2_11.2.185-1_amd64.deb ...
replay	Install build dependencies	2026-07-30T20:22:22.0945936Z Unpacking libpsm2-2 (11.2.185-1) ...
replay	Install build dependencies	2026-07-30T20:22:22.1341888Z Selecting previously unselected package librdmacm1:amd64.
replay	Install build dependencies	2026-07-30T20:22:22.1558317Z Preparing to unpack .../053-librdmacm1_39.0-1_amd64.deb ...
replay	Install build dependencies	2026-07-30T20:22:22.1567031Z Unpacking librdmacm1:amd64 (39.0-1) ...
replay	Install build dependencies	2026-07-30T20:22:22.1812083Z Selecting previously unselected package libfabric1:amd64.
replay	Install build dependencies	2026-07-30T20:22:22.2022648Z Preparing to unpack .../054-libfabric1_1.11.0-3_amd64.deb ...
replay	Install build dependencies	2026-07-30T20:22:22.2031260Z Unpacking libfabric1:amd64 (1.11.0-3) ...
replay	Install build dependencies	2026-07-30T20:22:22.2326228Z Selecting previously unselected package libhwloc15:amd64.
replay	Install build dependencies	2026-07-30T20:22:22.2539203Z Preparing to unpack .../055-libhwloc15_2.7.0-2ubuntu1_amd64.deb ...
replay	Install build dependencies	2026-07-30T20:22:22.2556055Z Unpacking libhwloc15:amd64 (2.7.0-2ubuntu1) ...
replay	Install build dependencies	2026-07-30T20:22:22.2809111Z Selecting previously unselected package libxnvctrl0:amd64.
replay	Install build dependencies	2026-07-30T20:22:22.3021209Z Preparing to unpack .../056-libxnvctrl0_510.47.03-0ubuntu1.22.04.1_amd64.deb ...
replay	Install build dependencies	2026-07-30T20:22:22.3030227Z Unpacking libxnvctrl0:amd64 (510.47.03-0ubuntu1.22.04.1) ...
replay	Install build dependencies	2026-07-30T20:22:22.3262290Z Selecting previously unselected package ocl-icd-libopencl1:amd64.
replay	Install build dependencies	2026-07-30T20:22:22.3477151Z Preparing to unpack .../057-ocl-icd-libopencl1_2.2.14-3_amd64.deb ...
replay	Install build dependencies	2026-07-30T20:22:22.3487990Z Unpacking ocl-icd-libopencl1:amd64 (2.2.14-3) ...
replay	Install build dependencies	2026-07-30T20:22:22.3821282Z Selecting previously unselected package libhwloc-plugins:amd64.
replay	Install build dependencies	2026-07-30T20:22:22.4040301Z Preparing to unpack .../058-libhwloc-plugins_2.7.0-2ubuntu1_amd64.deb ...
replay	Install build dependencies	2026-07-30T20:22:22.4049503Z Unpacking libhwloc-plugins:amd64 (2.7.0-2ubuntu1) ...
replay	Install build dependencies	2026-07-30T20:22:22.4297929Z Selecting previously unselected package libpmix2:amd64.
replay	Install build dependencies	2026-07-30T20:22:22.4511301Z Preparing to unpack .../059-libpmix2_4.1.2-2ubuntu1_amd64.deb ...
replay	Install build dependencies	2026-07-30T20:22:22.4520221Z Unpacking libpmix2:amd64 (4.1.2-2ubuntu1) ...
replay	Install build dependencies	2026-07-30T20:22:22.4908258Z Selecting previously unselected package libucx0:amd64.
replay	Install build dependencies	2026-07-30T20:22:22.5124999Z Preparing to unpack .../060-libucx0_1.12.1~rc2-1_amd64.deb ...
replay	Install build dependencies	2026-07-30T20:22:22.5133358Z Unpacking libucx0:amd64 (1.12.1~rc2-1) ...
replay	Install build dependencies	2026-07-30T20:22:22.5505333Z Selecting previously unselected package libopenmpi3:amd64.
replay	Install build dependencies	2026-07-30T20:22:22.5722887Z Preparing to unpack .../061-libopenmpi3_4.1.2-2ubuntu1_amd64.deb ...
replay	Install build dependencies	2026-07-30T20:22:22.5731527Z Unpacking libopenmpi3:amd64 (4.1.2-2ubuntu1) ...
replay	Install build dependencies	2026-07-30T20:22:22.6565578Z Selecting previously unselected package libboost-mpi1.74.0.
replay	Install build dependencies	2026-07-30T20:22:22.6786900Z Preparing to unpack .../062-libboost-mpi1.74.0_1.74.0-14ubuntu3_amd64.deb ...
replay	Install build dependencies	2026-07-30T20:22:22.6802925Z Unpacking libboost-mpi1.74.0 (1.74.0-14ubuntu3) ...
replay	Install build dependencies	2026-07-30T20:22:22.7124844Z Selecting previously unselected package libboost-graph-parallel1.74.0.
replay	Install build dependencies	2026-07-30T20:22:22.7337549Z Preparing to unpack .../063-libboost-graph-parallel1.74.0_1.74.0-14ubuntu3_amd64.deb ...
replay	Install build dependencies	2026-07-30T20:22:22.7349142Z Unpacking libboost-graph-parallel1.74.0 (1.74.0-14ubuntu3) ...
replay	Install build dependencies	2026-07-30T20:22:22.7658491Z Selecting previously unselected package libboost-graph-parallel1.74-dev.
replay	Install build dependencies	2026-07-30T20:22:22.7873643Z Preparing to unpack .../064-libboost-graph-parallel1.74-dev_1.74.0-14ubuntu3_amd64.deb ...
replay	Install build dependencies	2026-07-30T20:22:22.7883033Z Unpacking libboost-graph-parallel1.74-dev (1.74.0-14ubuntu3) ...
replay	Install build dependencies	2026-07-30T20:22:22.8213881Z Selecting previously unselected package libboost-graph-parallel-dev.
replay	Install build dependencies	2026-07-30T20:22:22.8430619Z Preparing to unpack .../065-libboost-graph-parallel-dev_1.74.0.3ubuntu7_amd64.deb ...
replay	Install build dependencies	2026-07-30T20:22:22.8441350Z Unpacking libboost-graph-parallel-dev (1.74.0.3ubuntu7) ...
replay	Install build dependencies	2026-07-30T20:22:22.8678769Z Selecting previously unselected package libboost-iostreams1.74.0:amd64.
replay	Install build dependencies	2026-07-30T20:22:22.8896111Z Preparing to unpack .../066-libboost-iostreams1.74.0_1.74.0-14ubuntu3_amd64.deb ...
replay	Install build dependencies	2026-07-30T20:22:22.8905152Z Unpacking libboost-iostreams1.74.0:amd64 (1.74.0-14ubuntu3) ...
replay	Install build dependencies	2026-07-30T20:22:22.9214402Z Selecting previously unselected package libboost-iostreams1.74-dev:amd64.
replay	Install build dependencies	2026-07-30T20:22:22.9431335Z Preparing to unpack .../067-libboost-iostreams1.74-dev_1.74.0-14ubuntu3_amd64.deb ...
replay	Install build dependencies	2026-07-30T20:22:22.9440147Z Unpacking libboost-iostreams1.74-dev:amd64 (1.74.0-14ubuntu3) ...
replay	Install build dependencies	2026-07-30T20:22:22.9765800Z Selecting previously unselected package libboost-iostreams-dev:amd64.
replay	Install build dependencies	2026-07-30T20:22:22.9991413Z Preparing to unpack .../068-libboost-iostreams-dev_1.74.0.3ubuntu7_amd64.deb ...
replay	Install build dependencies	2026-07-30T20:22:23.0001217Z Unpacking libboost-iostreams-dev:amd64 (1.74.0.3ubuntu7) ...
replay	Install build dependencies	2026-07-30T20:22:23.0299378Z Selecting previously unselected package libboost-locale1.74.0:amd64.
replay	Install build dependencies	2026-07-30T20:22:23.0522599Z Preparing to unpack .../069-libboost-locale1.74.0_1.74.0-14ubuntu3_amd64.deb ...
replay	Install build dependencies	2026-07-30T20:22:23.0532097Z Unpacking libboost-locale1.74.0:amd64 (1.74.0-14ubuntu3) ...
replay	Install build dependencies	2026-07-30T20:22:23.0883323Z Selecting previously unselected package libboost-locale1.74-dev:amd64.
replay	Install build dependencies	2026-07-30T20:22:23.1112466Z Preparing to unpack .../070-libboost-locale1.74-dev_1.74.0-14ubuntu3_amd64.deb ...
replay	Install build dependencies	2026-07-30T20:22:23.1122547Z Unpacking libboost-locale1.74-dev:amd64 (1.74.0-14ubuntu3) ...
replay	Install build dependencies	2026-07-30T20:22:23.1548502Z Selecting previously unselected package libboost-locale-dev:amd64.
replay	Install build dependencies	2026-07-30T20:22:23.1770171Z Preparing to unpack .../071-libboost-locale-dev_1.74.0.3ubuntu7_amd64.deb ...
replay	Install build dependencies	2026-07-30T20:22:23.1778720Z Unpacking libboost-locale-dev:amd64 (1.74.0.3ubuntu7) ...
replay	Install build dependencies	2026-07-30T20:22:23.2020178Z Selecting previously unselected package libboost-log1.74.0.
replay	Install build dependencies	2026-07-30T20:22:23.2239871Z Preparing to unpack .../072-libboost-log1.74.0_1.74.0-14ubuntu3_amd64.deb ...
replay	Install build dependencies	2026-07-30T20:22:23.2249056Z Unpacking libboost-log1.74.0 (1.74.0-14ubuntu3) ...
replay	Install build dependencies	2026-07-30T20:22:23.2593193Z Selecting previously unselected package libboost-log1.74-dev.
replay	Install build dependencies	2026-07-30T20:22:23.2809219Z Preparing to unpack .../073-libboost-log1.74-dev_1.74.0-14ubuntu3_amd64.deb ...
replay	Install build dependencies	2026-07-30T20:22:23.2819037Z Unpacking libboost-log1.74-dev (1.74.0-14ubuntu3) ...
replay	Install build dependencies	2026-07-30T20:22:23.3314730Z Selecting previously unselected package libboost-log-dev.
replay	Install build dependencies	2026-07-30T20:22:23.3536453Z Preparing to unpack .../074-libboost-log-dev_1.74.0.3ubuntu7_amd64.deb ...
replay	Install build dependencies	2026-07-30T20:22:23.3543814Z Unpacking libboost-log-dev (1.74.0.3ubuntu7) ...
replay	Install build dependencies	2026-07-30T20:22:23.3776647Z Selecting previously unselected package libboost-math1.74.0:amd64.
replay	Install build dependencies	2026-07-30T20:22:23.3991847Z Preparing to unpack .../075-libboost-math1.74.0_1.74.0-14ubuntu3_amd64.deb ...
replay	Install build dependencies	2026-07-30T20:22:23.4002100Z Unpacking libboost-math1.74.0:amd64 (1.74.0-14ubuntu3) ...
replay	Install build dependencies	2026-07-30T20:22:23.4341732Z Selecting previously unselected package libboost-math1.74-dev:amd64.
replay	Install build dependencies	2026-07-30T20:22:23.4560512Z Preparing to unpack .../076-libboost-math1.74-dev_1.74.0-14ubuntu3_amd64.deb ...
replay	Install build dependencies	2026-07-30T20:22:23.4569496Z Unpacking libboost-math1.74-dev:amd64 (1.74.0-14ubuntu3) ...
replay	Install build dependencies	2026-07-30T20:22:23.5070941Z Selecting previously unselected package libboost-math-dev:amd64.
replay	Install build dependencies	2026-07-30T20:22:23.5292142Z Preparing to unpack .../077-libboost-math-dev_1.74.0.3ubuntu7_amd64.deb ...
replay	Install build dependencies	2026-07-30T20:22:23.5301595Z Unpacking libboost-math-dev:amd64 (1.74.0.3ubuntu7) ...
replay	Install build dependencies	2026-07-30T20:22:23.5523211Z Selecting previously unselected package openmpi-common.
replay	Install build dependencies	2026-07-30T20:22:23.5739763Z Preparing to unpack .../078-openmpi-common_4.1.2-2ubuntu1_all.deb ...
replay	Install build dependencies	2026-07-30T20:22:23.5748034Z Unpacking openmpi-common (4.1.2-2ubuntu1) ...
replay	Install build dependencies	2026-07-30T20:22:23.6175772Z Selecting previously unselected package libnl-3-dev:amd64.
replay	Install build dependencies	2026-07-30T20:22:23.6392989Z Preparing to unpack .../079-libnl-3-dev_3.5.0-0.1_amd64.deb ...
replay	Install build dependencies	2026-07-30T20:22:23.6400407Z Unpacking libnl-3-dev:amd64 (3.5.0-0.1) ...
replay	Install build dependencies	2026-07-30T20:22:23.6873645Z Selecting previously unselected package libnl-route-3-dev:amd64.
replay	Install build dependencies	2026-07-30T20:22:23.7099957Z Preparing to unpack .../080-libnl-route-3-dev_3.5.0-0.1_amd64.deb ...
replay	Install build dependencies	2026-07-30T20:22:23.7108666Z Unpacking libnl-route-3-dev:amd64 (3.5.0-0.1) ...
replay	Install build dependencies	2026-07-30T20:22:23.7380658Z Selecting previously unselected package libibverbs-dev:amd64.
replay	Install build dependencies	2026-07-30T20:22:23.7597465Z Preparing to unpack .../081-libibverbs-dev_39.0-1_amd64.deb ...
replay	Install build dependencies	2026-07-30T20:22:23.7606539Z Unpacking libibverbs-dev:amd64 (39.0-1) ...
replay	Install build dependencies	2026-07-30T20:22:23.8502357Z Selecting previously unselected package libnuma-dev:amd64.
replay	Install build dependencies	2026-07-30T20:22:23.8718990Z Preparing to unpack .../082-libnuma-dev_2.0.14-3ubuntu2_amd64.deb ...
replay	Install build dependencies	2026-07-30T20:22:23.8728265Z Unpacking libnuma-dev:amd64 (2.0.14-3ubuntu2) ...
replay	Install build dependencies	2026-07-30T20:22:23.9129550Z Selecting previously unselected package libhwloc-dev:amd64.
replay	Install build dependencies	2026-07-30T20:22:23.9349203Z Preparing to unpack .../083-libhwloc-dev_2.7.0-2ubuntu1_amd64.deb ...
replay	Install build dependencies	2026-07-30T20:22:23.9357551Z Unpacking libhwloc-dev:amd64 (2.7.0-2ubuntu1) ...
replay	Install build dependencies	2026-07-30T20:22:24.0571958Z Selecting previously unselected package libevent-2.1-7:amd64.
replay	Install build dependencies	2026-07-30T20:22:24.0799487Z Preparing to unpack .../084-libevent-2.1-7_2.1.12-stable-1build3_amd64.deb ...
replay	Install build dependencies	2026-07-30T20:22:24.0809175Z Unpacking libevent-2.1-7:amd64 (2.1.12-stable-1build3) ...
replay	Install build dependencies	2026-07-30T20:22:24.1070920Z Selecting previously unselected package libevent-extra-2.1-7:amd64.
replay	Install build dependencies	2026-07-30T20:22:24.1288406Z Preparing to unpack .../085-libevent-extra-2.1-7_2.1.12-stable-1build3_amd64.deb ...
replay	Install build dependencies	2026-07-30T20:22:24.1297968Z Unpacking libevent-extra-2.1-7:amd64 (2.1.12-stable-1build3) ...
replay	Install build dependencies	2026-07-30T20:22:24.1539605Z Selecting previously unselected package libevent-openssl-2.1-7:amd64.
replay	Install build dependencies	2026-07-30T20:22:24.1759574Z Preparing to unpack .../086-libevent-openssl-2.1-7_2.1.12-stable-1build3_amd64.deb ...
replay	Install build dependencies	2026-07-30T20:22:24.1769407Z Unpacking libevent-openssl-2.1-7:amd64 (2.1.12-stable-1build3) ...
replay	Install build dependencies	2026-07-30T20:22:24.2000511Z Selecting previously unselected package libevent-dev.
replay	Install build dependencies	2026-07-30T20:22:24.2220048Z Preparing to unpack .../087-libevent-dev_2.1.12-stable-1build3_amd64.deb ...
replay	Install build dependencies	2026-07-30T20:22:24.2249941Z Unpacking libevent-dev (2.1.12-stable-1build3) ...
replay	Install build dependencies	2026-07-30T20:22:24.2632895Z Selecting previously unselected package libpmix-dev:amd64.
replay	Install build dependencies	2026-07-30T20:22:24.2853653Z Preparing to unpack .../088-libpmix-dev_4.1.2-2ubuntu1_amd64.deb ...
replay	Install build dependencies	2026-07-30T20:22:24.2863101Z Unpacking libpmix-dev:amd64 (4.1.2-2ubuntu1) ...
replay	Install build dependencies	2026-07-30T20:22:24.3301450Z Selecting previously unselected package libjs-jquery-ui.
replay	Install build dependencies	2026-07-30T20:22:24.3521874Z Preparing to unpack .../089-libjs-jquery-ui_1.13.1+dfsg-1_all.deb ...
replay	Install build dependencies	2026-07-30T20:22:24.3530055Z Unpacking libjs-jquery-ui (1.13.1+dfsg-1) ...
replay	Install build dependencies	2026-07-30T20:22:24.4411537Z Selecting previously unselected package openmpi-bin.
replay	Install build dependencies	2026-07-30T20:22:24.4635438Z Preparing to unpack .../090-openmpi-bin_4.1.2-2ubuntu1_amd64.deb ...
replay	Install build dependencies	2026-07-30T20:22:24.4664758Z Unpacking openmpi-bin (4.1.2-2ubuntu1) ...
replay	Install build dependencies	2026-07-30T20:22:24.5048818Z Selecting previously unselected package libopenmpi-dev:amd64.
replay	Install build dependencies	2026-07-30T20:22:24.5265692Z Preparing to unpack .../091-libopenmpi-dev_4.1.2-2ubuntu1_amd64.deb ...
replay	Install build dependencies	2026-07-30T20:22:24.5378515Z Unpacking libopenmpi-dev:amd64 (4.1.2-2ubuntu1) ...
replay	Install build dependencies	2026-07-30T20:22:24.8212661Z Selecting previously unselected package mpi-default-dev.
replay	Install build dependencies	2026-07-30T20:22:24.8434759Z Preparing to unpack .../092-mpi-default-dev_1.14_amd64.deb ...
replay	Install build dependencies	2026-07-30T20:22:24.8442459Z Unpacking mpi-default-dev (1.14) ...
replay	Install build dependencies	2026-07-30T20:22:24.8671914Z Selecting previously unselected package libboost-mpi1.74-dev.
replay	Install build dependencies	2026-07-30T20:22:24.8889681Z Preparing to unpack .../093-libboost-mpi1.74-dev_1.74.0-14ubuntu3_amd64.deb ...
replay	Install build dependencies	2026-07-30T20:22:24.8899803Z Unpacking libboost-mpi1.74-dev (1.74.0-14ubuntu3) ...
replay	Install build dependencies	2026-07-30T20:22:24.9278368Z Selecting previously unselected package libboost-mpi-dev.
replay	Install build dependencies	2026-07-30T20:22:24.9498370Z Preparing to unpack .../094-libboost-mpi-dev_1.74.0.3ubuntu7_amd64.deb ...
replay	Install build dependencies	2026-07-30T20:22:24.9507242Z Unpacking libboost-mpi-dev (1.74.0.3ubuntu7) ...
replay	Install build dependencies	2026-07-30T20:22:24.9729967Z Selecting previously unselected package libboost-python1.74.0.
replay	Install build dependencies	2026-07-30T20:22:24.9952493Z Preparing to unpack .../095-libboost-python1.74.0_1.74.0-14ubuntu3_amd64.deb ...
replay	Install build dependencies	2026-07-30T20:22:24.9959749Z Unpacking libboost-python1.74.0 (1.74.0-14ubuntu3) ...
replay	Install build dependencies	2026-07-30T20:22:25.0312216Z Selecting previously unselected package mpi-default-bin.
replay	Install build dependencies	2026-07-30T20:22:25.0537959Z Preparing to unpack .../096-mpi-default-bin_1.14_amd64.deb ...
replay	Install build dependencies	2026-07-30T20:22:25.0546859Z Unpacking mpi-default-bin (1.14) ...
replay	Install build dependencies	2026-07-30T20:22:25.0801132Z Selecting previously unselected package libboost-mpi-python1.74.0.
replay	Install build dependencies	2026-07-30T20:22:25.1022782Z Preparing to unpack .../097-libboost-mpi-python1.74.0_1.74.0-14ubuntu3_amd64.deb ...
replay	Install build dependencies	2026-07-30T20:22:25.1031569Z Unpacking libboost-mpi-python1.74.0 (1.74.0-14ubuntu3) ...
replay	Install build dependencies	2026-07-30T20:22:25.1363413Z Selecting previously unselected package libboost-mpi-python1.74-dev.
replay	Install build dependencies	2026-07-30T20:22:25.1582098Z Preparing to unpack .../098-libboost-mpi-python1.74-dev_1.74.0-14ubuntu3_amd64.deb ...
replay	Install build dependencies	2026-07-30T20:22:25.1590306Z Unpacking libboost-mpi-python1.74-dev (1.74.0-14ubuntu3) ...
replay	Install build dependencies	2026-07-30T20:22:25.1906956Z Selecting previously unselected package libboost-mpi-python-dev.
replay	Install build dependencies	2026-07-30T20:22:25.2129152Z Preparing to unpack .../099-libboost-mpi-python-dev_1.74.0.3ubuntu7_amd64.deb ...
replay	Install build dependencies	2026-07-30T20:22:25.2136504Z Unpacking libboost-mpi-python-dev (1.74.0.3ubuntu7) ...
replay	Install build dependencies	2026-07-30T20:22:25.2365768Z Selecting previously unselected package libboost-numpy1.74.0.
replay	Install build dependencies	2026-07-30T20:22:25.2586480Z Preparing to unpack .../100-libboost-numpy1.74.0_1.74.0-14ubuntu3_amd64.deb ...
replay	Install build dependencies	2026-07-30T20:22:25.2595570Z Unpacking libboost-numpy1.74.0 (1.74.0-14ubuntu3) ...
replay	Install build dependencies	2026-07-30T20:22:25.2905054Z Selecting previously unselected package libboost-numpy1.74-dev.
replay	Install build dependencies	2026-07-30T20:22:25.3130880Z Preparing to unpack .../101-libboost-numpy1.74-dev_1.74.0-14ubuntu3_amd64.deb ...
replay	Install build dependencies	2026-07-30T20:22:25.3147938Z Unpacking libboost-numpy1.74-dev (1.74.0-14ubuntu3) ...
replay	Install build dependencies	2026-07-30T20:22:25.3458135Z Selecting previously unselected package libboost-numpy-dev.
replay	Install build dependencies	2026-07-30T20:22:25.3683918Z Preparing to unpack .../102-libboost-numpy-dev_1.74.0.3ubuntu7_amd64.deb ...
replay	Install build dependencies	2026-07-30T20:22:25.3692347Z Unpacking libboost-numpy-dev (1.74.0.3ubuntu7) ...
replay	Install build dependencies	2026-07-30T20:22:25.3930774Z Selecting previously unselected package libboost-program-options1.74.0:amd64.
replay	Install build dependencies	2026-07-30T20:22:25.4154859Z Preparing to unpack .../103-libboost-program-options1.74.0_1.74.0-14ubuntu3_amd64.deb ...
replay	Install build dependencies	2026-07-30T20:22:25.4163315Z Unpacking libboost-program-options1.74.0:amd64 (1.74.0-14ubuntu3) ...
replay	Install build dependencies	2026-07-30T20:22:25.4480208Z Selecting previously unselected package libboost-program-options1.74-dev:amd64.
replay	Install build dependencies	2026-07-30T20:22:25.4702256Z Preparing to unpack .../104-libboost-program-options1.74-dev_1.74.0-14ubuntu3_amd64.deb ...
replay	Install build dependencies	2026-07-30T20:22:25.4711334Z Unpacking libboost-program-options1.74-dev:amd64 (1.74.0-14ubuntu3) ...
replay	Install build dependencies	2026-07-30T20:22:25.5070020Z Selecting previously unselected package libboost-program-options-dev:amd64.
replay	Install build dependencies	2026-07-30T20:22:25.5301412Z Preparing to unpack .../105-libboost-program-options-dev_1.74.0.3ubuntu7_amd64.deb ...
replay	Install build dependencies	2026-07-30T20:22:25.5311327Z Unpacking libboost-program-options-dev:amd64 (1.74.0.3ubuntu7) ...
replay	Install build dependencies	2026-07-30T20:22:25.5552423Z Selecting previously unselected package libboost-python1.74-dev.
replay	Install build dependencies	2026-07-30T20:22:25.5785060Z Preparing to unpack .../106-libboost-python1.74-dev_1.74.0-14ubuntu3_amd64.deb ...
replay	Install build dependencies	2026-07-30T20:22:25.5793449Z Unpacking libboost-python1.74-dev (1.74.0-14ubuntu3) ...
replay	Install build dependencies	2026-07-30T20:22:25.6143199Z Selecting previously unselected package libboost-python-dev.
replay	Install build dependencies	2026-07-30T20:22:25.6361774Z Preparing to unpack .../107-libboost-python-dev_1.74.0.3ubuntu7_amd64.deb ...
replay	Install build dependencies	2026-07-30T20:22:25.6369680Z Unpacking libboost-python-dev (1.74.0.3ubuntu7) ...
replay	Install build dependencies	2026-07-30T20:22:25.6595229Z Selecting previously unselected package libboost-random1.74.0:amd64.
replay	Install build dependencies	2026-07-30T20:22:25.6820891Z Preparing to unpack .../108-libboost-random1.74.0_1.74.0-14ubuntu3_amd64.deb ...
replay	Install build dependencies	2026-07-30T20:22:25.6831468Z Unpacking libboost-random1.74.0:amd64 (1.74.0-14ubuntu3) ...
replay	Install build dependencies	2026-07-30T20:22:25.7153260Z Selecting previously unselected package libboost-random1.74-dev:amd64.
replay	Install build dependencies	2026-07-30T20:22:25.7371303Z Preparing to unpack .../109-libboost-random1.74-dev_1.74.0-14ubuntu3_amd64.deb ...
replay	Install build dependencies	2026-07-30T20:22:25.7382093Z Unpacking libboost-random1.74-dev:amd64 (1.74.0-14ubuntu3) ...
replay	Install build dependencies	2026-07-30T20:22:25.7688339Z Selecting previously unselected package libboost-random-dev:amd64.
replay	Install build dependencies	2026-07-30T20:22:25.7912429Z Preparing to unpack .../110-libboost-random-dev_1.74.0.3ubuntu7_amd64.deb ...
replay	Install build dependencies	2026-07-30T20:22:25.7922187Z Unpacking libboost-random-dev:amd64 (1.74.0.3ubuntu7) ...
replay	Install build dependencies	2026-07-30T20:22:25.8155110Z Selecting previously unselected package libboost-regex-dev:amd64.
replay	Install build dependencies	2026-07-30T20:22:25.8374461Z Preparing to unpack .../111-libboost-regex-dev_1.74.0.3ubuntu7_amd64.deb ...
replay	Install build dependencies	2026-07-30T20:22:25.8382250Z Unpacking libboost-regex-dev:amd64 (1.74.0.3ubuntu7) ...
replay	Install build dependencies	2026-07-30T20:22:25.8602179Z Selecting previously unselected package libboost-serialization-dev:amd64.
replay	Install build dependencies	2026-07-30T20:22:25.8823642Z Preparing to unpack .../112-libboost-serialization-dev_1.74.0.3ubuntu7_amd64.deb ...
replay	Install build dependencies	2026-07-30T20:22:25.8832457Z Unpacking libboost-serialization-dev:amd64 (1.74.0.3ubuntu7) ...
replay	Install build dependencies	2026-07-30T20:22:25.9065986Z Selecting previously unselected package libboost-stacktrace1.74.0:amd64.
replay	Install build dependencies	2026-07-30T20:22:25.9291165Z Preparing to unpack .../113-libboost-stacktrace1.74.0_1.74.0-14ubuntu3_amd64.deb ...
replay	Install build dependencies	2026-07-30T20:22:25.9299496Z Unpacking libboost-stacktrace1.74.0:amd64 (1.74.0-14ubuntu3) ...
replay	Install build dependencies	2026-07-30T20:22:25.9629589Z Selecting previously unselected package libboost-stacktrace1.74-dev:amd64.
replay	Install build dependencies	2026-07-30T20:22:25.9855195Z Preparing to unpack .../114-libboost-stacktrace1.74-dev_1.74.0-14ubuntu3_amd64.deb ...
replay	Install build dependencies	2026-07-30T20:22:25.9863006Z Unpacking libboost-stacktrace1.74-dev:amd64 (1.74.0-14ubuntu3) ...
replay	Install build dependencies	2026-07-30T20:22:26.0239347Z Selecting previously unselected package libboost-stacktrace-dev:amd64.
replay	Install build dependencies	2026-07-30T20:22:26.0465806Z Preparing to unpack .../115-libboost-stacktrace-dev_1.74.0.3ubuntu7_amd64.deb ...
replay	Install build dependencies	2026-07-30T20:22:26.0476853Z Unpacking libboost-stacktrace-dev:amd64 (1.74.0.3ubuntu7) ...
replay	Install build dependencies	2026-07-30T20:22:26.0725473Z Selecting previously unselected package libboost-system-dev:amd64.
replay	Install build dependencies	2026-07-30T20:22:26.0949977Z Preparing to unpack .../116-libboost-system-dev_1.74.0.3ubuntu7_amd64.deb ...
replay	Install build dependencies	2026-07-30T20:22:26.0959697Z Unpacking libboost-system-dev:amd64 (1.74.0.3ubuntu7) ...
replay	Install build dependencies	2026-07-30T20:22:26.1188106Z Selecting previously unselected package libboost-test-dev:amd64.
replay	Install build dependencies	2026-07-30T20:22:26.1407654Z Preparing to unpack .../117-libboost-test-dev_1.74.0.3ubuntu7_amd64.deb ...
replay	Install build dependencies	2026-07-30T20:22:26.1416745Z Unpacking libboost-test-dev:amd64 (1.74.0.3ubuntu7) ...
replay	Install build dependencies	2026-07-30T20:22:26.1652655Z Selecting previously unselected package libboost-thread-dev:amd64.
replay	Install build dependencies	2026-07-30T20:22:26.1875193Z Preparing to unpack .../118-libboost-thread-dev_1.74.0.3ubuntu7_amd64.deb ...
replay	Install build dependencies	2026-07-30T20:22:26.1883592Z Unpacking libboost-thread-dev:amd64 (1.74.0.3ubuntu7) ...
replay	Install build dependencies	2026-07-30T20:22:26.2125804Z Selecting previously unselected package libboost-timer1.74.0:amd64.
replay	Install build dependencies	2026-07-30T20:22:26.2347678Z Preparing to unpack .../119-libboost-timer1.74.0_1.74.0-14ubuntu3_amd64.deb ...
replay	Install build dependencies	2026-07-30T20:22:26.2359218Z Unpacking libboost-timer1.74.0:amd64 (1.74.0-14ubuntu3) ...
replay	Install build dependencies	2026-07-30T20:22:26.2660799Z Selecting previously unselected package libboost-timer1.74-dev:amd64.
replay	Install build dependencies	2026-07-30T20:22:26.2877608Z Preparing to unpack .../120-libboost-timer1.74-dev_1.74.0-14ubuntu3_amd64.deb ...
replay	Install build dependencies	2026-07-30T20:22:26.2887169Z Unpacking libboost-timer1.74-dev:amd64 (1.74.0-14ubuntu3) ...
replay	Install build dependencies	2026-07-30T20:22:26.3203158Z Selecting previously unselected package libboost-timer-dev:amd64.
replay	Install build dependencies	2026-07-30T20:22:26.3435523Z Preparing to unpack .../121-libboost-timer-dev_1.74.0.3ubuntu7_amd64.deb ...
replay	Install build dependencies	2026-07-30T20:22:26.3448338Z Unpacking libboost-timer-dev:amd64 (1.74.0.3ubuntu7) ...
replay	Install build dependencies	2026-07-30T20:22:26.3693590Z Selecting previously unselected package libboost-type-erasure1.74.0:amd64.
replay	Install build dependencies	2026-07-30T20:22:26.3918111Z Preparing to unpack .../122-libboost-type-erasure1.74.0_1.74.0-14ubuntu3_amd64.deb ...
replay	Install build dependencies	2026-07-30T20:22:26.3929627Z Unpacking libboost-type-erasure1.74.0:amd64 (1.74.0-14ubuntu3) ...
replay	Install build dependencies	2026-07-30T20:22:26.4230327Z Selecting previously unselected package libboost-type-erasure1.74-dev:amd64.
replay	Install build dependencies	2026-07-30T20:22:26.4449030Z Preparing to unpack .../123-libboost-type-erasure1.74-dev_1.74.0-14ubuntu3_amd64.deb ...
replay	Install build dependencies	2026-07-30T20:22:26.4458192Z Unpacking libboost-type-erasure1.74-dev:amd64 (1.74.0-14ubuntu3) ...
replay	Install build dependencies	2026-07-30T20:22:26.4759227Z Selecting previously unselected package libboost-type-erasure-dev:amd64.
replay	Install build dependencies	2026-07-30T20:22:26.4984341Z Preparing to unpack .../124-libboost-type-erasure-dev_1.74.0.3ubuntu7_amd64.deb ...
replay	Install build dependencies	2026-07-30T20:22:26.4996693Z Unpacking libboost-type-erasure-dev:amd64 (1.74.0.3ubuntu7) ...
replay	Install build dependencies	2026-07-30T20:22:26.5246418Z Selecting previously unselected package libboost-wave1.74.0:amd64.
replay	Install build dependencies	2026-07-30T20:22:26.5481563Z Preparing to unpack .../125-libboost-wave1.74.0_1.74.0-14ubuntu3_amd64.deb ...
replay	Install build dependencies	2026-07-30T20:22:26.5495362Z Unpacking libboost-wave1.74.0:amd64 (1.74.0-14ubuntu3) ...
replay	Install build dependencies	2026-07-30T20:22:26.5893779Z Selecting previously unselected package libboost-wave1.74-dev:amd64.
replay	Install build dependencies	2026-07-30T20:22:26.6130731Z Preparing to unpack .../126-libboost-wave1.74-dev_1.74.0-14ubuntu3_amd64.deb ...
replay	Install build dependencies	2026-07-30T20:22:26.6140424Z Unpacking libboost-wave1.74-dev:amd64 (1.74.0-14ubuntu3) ...
replay	Install build dependencies	2026-07-30T20:22:26.6588357Z Selecting previously unselected package libboost-wave-dev:amd64.
replay	Install build dependencies	2026-07-30T20:22:26.6815738Z Preparing to unpack .../127-libboost-wave-dev_1.74.0.3ubuntu7_amd64.deb ...
replay	Install build dependencies	2026-07-30T20:22:26.6824022Z Unpacking libboost-wave-dev:amd64 (1.74.0.3ubuntu7) ...
replay	Install build dependencies	2026-07-30T20:22:26.7070709Z Selecting previously unselected package libboost-nowide1.74.0.
replay	Install build dependencies	2026-07-30T20:22:26.7294343Z Preparing to unpack .../128-libboost-nowide1.74.0_1.74.0-14ubuntu3_amd64.deb ...
replay	Install build dependencies	2026-07-30T20:22:26.7306141Z Unpacking libboost-nowide1.74.0 (1.74.0-14ubuntu3) ...
replay	Install build dependencies	2026-07-30T20:22:26.7623388Z Selecting previously unselected package libboost-nowide1.74-dev.
replay	Install build dependencies	2026-07-30T20:22:26.7850593Z Preparing to unpack .../129-libboost-nowide1.74-dev_1.74.0-14ubuntu3_amd64.deb ...
replay	Install build dependencies	2026-07-30T20:22:26.7859945Z Unpacking libboost-nowide1.74-dev (1.74.0-14ubuntu3) ...
replay	Install build dependencies	2026-07-30T20:22:26.8180016Z Selecting previously unselected package libboost-nowide-dev.
replay	Install build dependencies	2026-07-30T20:22:26.8400741Z Preparing to unpack .../130-libboost-nowide-dev_1.74.0.3ubuntu7_amd64.deb ...
replay	Install build dependencies	2026-07-30T20:22:26.8409782Z Unpacking libboost-nowide-dev (1.74.0.3ubuntu7) ...
replay	Install build dependencies	2026-07-30T20:22:26.8633396Z Selecting previously unselected package libboost-all-dev.
replay	Install build dependencies	2026-07-30T20:22:26.8857554Z Preparing to unpack .../131-libboost-all-dev_1.74.0.3ubuntu7_amd64.deb ...
replay	Install build dependencies	2026-07-30T20:22:26.8866367Z Unpacking libboost-all-dev (1.74.0.3ubuntu7) ...
replay	Install build dependencies	2026-07-30T20:22:26.9126150Z Selecting previously unselected package libprotobuf23:amd64.
replay	Install build dependencies	2026-07-30T20:22:26.9350353Z Preparing to unpack .../132-libprotobuf23_3.12.4-1ubuntu7.22.04.6_amd64.deb ...
replay	Install build dependencies	2026-07-30T20:22:26.9359743Z Unpacking libprotobuf23:amd64 (3.12.4-1ubuntu7.22.04.6) ...
replay	Install build dependencies	2026-07-30T20:22:26.9724326Z Selecting previously unselected package libprotoc23:amd64.
replay	Install build dependencies	2026-07-30T20:22:26.9954198Z Preparing to unpack .../133-libprotoc23_3.12.4-1ubuntu7.22.04.6_amd64.deb ...
replay	Install build dependencies	2026-07-30T20:22:26.9963850Z Unpacking libprotoc23:amd64 (3.12.4-1ubuntu7.22.04.6) ...
replay	Install build dependencies	2026-07-30T20:22:27.0284744Z Selecting previously unselected package ninja-build.
replay	Install build dependencies	2026-07-30T20:22:27.0510561Z Preparing to unpack .../134-ninja-build_1.10.1-1_amd64.deb ...
replay	Install build dependencies	2026-07-30T20:22:27.0520379Z Unpacking ninja-build (1.10.1-1) ...
replay	Install build dependencies	2026-07-30T20:22:27.1004104Z Selecting previously unselected package libprotobuf-dev:amd64.
replay	Install build dependencies	2026-07-30T20:22:27.1227293Z Preparing to unpack .../135-libprotobuf-dev_3.12.4-1ubuntu7.22.04.6_amd64.deb ...
replay	Install build dependencies	2026-07-30T20:22:27.1236558Z Unpacking libprotobuf-dev:amd64 (3.12.4-1ubuntu7.22.04.6) ...
replay	Install build dependencies	2026-07-30T20:22:27.1962566Z Selecting previously unselected package protobuf-compiler.
replay	Install build dependencies	2026-07-30T20:22:27.2184943Z Preparing to unpack .../136-protobuf-compiler_3.12.4-1ubuntu7.22.04.6_amd64.deb ...
replay	Install build dependencies	2026-07-30T20:22:27.2193169Z Unpacking protobuf-compiler (3.12.4-1ubuntu7.22.04.6) ...
replay	Install build dependencies	2026-07-30T20:22:27.2831114Z Setting up libboost-chrono1.74.0:amd64 (1.74.0-14ubuntu3) ...
replay	Install build dependencies	2026-07-30T20:22:27.2859233Z Setting up libboost-system1.74.0:amd64 (1.74.0-14ubuntu3) ...
replay	Install build dependencies	2026-07-30T20:22:27.2881436Z Setting up libevent-extra-2.1-7:amd64 (2.1.12-stable-1build3) ...
replay	Install build dependencies	2026-07-30T20:22:27.2906638Z Setting up libboost1.74-dev:amd64 (1.74.0-14ubuntu3) ...
replay	Install build dependencies	2026-07-30T20:22:27.2927896Z Setting up libboost-atomic1.74.0:amd64 (1.74.0-14ubuntu3) ...
replay	Install build dependencies	2026-07-30T20:22:27.2949384Z Setting up libboost-iostreams1.74.0:amd64 (1.74.0-14ubuntu3) ...
replay	Install build dependencies	2026-07-30T20:22:27.2974769Z Setting up libboost-program-options1.74.0:amd64 (1.74.0-14ubuntu3) ...
replay	Install build dependencies	2026-07-30T20:22:27.2996078Z Setting up libboost-chrono1.74-dev:amd64 (1.74.0-14ubuntu3) ...
replay	Install build dependencies	2026-07-30T20:22:27.3022056Z Setting up libboost-stacktrace1.74.0:amd64 (1.74.0-14ubuntu3) ...
replay	Install build dependencies	2026-07-30T20:22:27.3048838Z Setting up libevent-openssl-2.1-7:amd64 (2.1.12-stable-1build3) ...
replay	Install build dependencies	2026-07-30T20:22:27.3072779Z Setting up libboost-nowide1.74.0 (1.74.0-14ubuntu3) ...
replay	Install build dependencies	2026-07-30T20:22:27.3095293Z Setting up libboost-filesystem1.74.0:amd64 (1.74.0-14ubuntu3) ...
replay	Install build dependencies	2026-07-30T20:22:27.3120465Z Setting up libprotobuf23:amd64 (3.12.4-1ubuntu7.22.04.6) ...
replay	Install build dependencies	2026-07-30T20:22:27.3142404Z Setting up libboost-exception1.74-dev:amd64 (1.74.0-14ubuntu3) ...
replay	Install build dependencies	2026-07-30T20:22:27.3172370Z Setting up libboost-exception-dev:amd64 (1.74.0.3ubuntu7) ...
replay	Install build dependencies	2026-07-30T20:22:27.3198748Z Setting up ninja-build (1.10.1-1) ...
replay	Install build dependencies	2026-07-30T20:22:27.3221225Z Setting up libboost-program-options1.74-dev:amd64 (1.74.0-14ubuntu3) ...
replay	Install build dependencies	2026-07-30T20:22:27.3244640Z Setting up libnuma-dev:amd64 (2.0.14-3ubuntu2) ...
replay	Install build dependencies	2026-07-30T20:22:27.3270137Z Setting up libnl-route-3-200:amd64 (3.5.0-0.1) ...
replay	Install build dependencies	2026-07-30T20:22:27.3291888Z Setting up libxnvctrl0:amd64 (510.47.03-0ubuntu1.22.04.1) ...
replay	Install build dependencies	2026-07-30T20:22:27.3316883Z Setting up libprotobuf-dev:amd64 (3.12.4-1ubuntu7.22.04.6) ...
replay	Install build dependencies	2026-07-30T20:22:27.3363727Z Setting up libjs-jquery-ui (1.13.1+dfsg-1) ...
replay	Install build dependencies	2026-07-30T20:22:27.3387482Z Setting up libboost-test1.74.0:amd64 (1.74.0-14ubuntu3) ...
replay	Install build dependencies	2026-07-30T20:22:27.3409477Z Setting up libboost-program-options-dev:amd64 (1.74.0.3ubuntu7) ...
replay	Install build dependencies	2026-07-30T20:22:27.3433404Z Setting up dh-elpa-helper (2.0.9ubuntu1) ...
replay	Install build dependencies	2026-07-30T20:22:27.3457980Z Setting up libprotoc23:amd64 (3.12.4-1ubuntu7.22.04.6) ...
replay	Install build dependencies	2026-07-30T20:22:27.3478956Z Setting up libboost-system1.74-dev:amd64 (1.74.0-14ubuntu3) ...
replay	Install build dependencies	2026-07-30T20:22:27.3509073Z Setting up libboost-nowide1.74-dev (1.74.0-14ubuntu3) ...
replay	Install build dependencies	2026-07-30T20:22:27.3533142Z Setting up libboost-regex1.74.0:amd64 (1.74.0-14ubuntu3) ...
replay	Install build dependencies	2026-07-30T20:22:27.3555609Z Setting up libhwloc15:amd64 (2.7.0-2ubuntu1) ...
replay	Install build dependencies	2026-07-30T20:22:27.3582491Z Setting up libboost-context1.74.0:amd64 (1.74.0-14ubuntu3) ...
replay	Install build dependencies	2026-07-30T20:22:27.3604180Z Setting up libevent-2.1-7:amd64 (2.1.12-stable-1build3) ...
replay	Install build dependencies	2026-07-30T20:22:27.3626952Z Setting up libboost-graph1.74.0:amd64 (1.74.0-14ubuntu3) ...
replay	Install build dependencies	2026-07-30T20:22:27.3652193Z Setting up libboost-random1.74.0:amd64 (1.74.0-14ubuntu3) ...
replay	Install build dependencies	2026-07-30T20:22:27.3674719Z Setting up libjsoncpp25:amd64 (1.9.5-3) ...
replay	Install build dependencies	2026-07-30T20:22:27.3699125Z Setting up libboost1.74-tools-dev (1.74.0-14ubuntu3) ...
replay	Install build dependencies	2026-07-30T20:22:27.3721241Z Setting up libboost-atomic1.74-dev:amd64 (1.74.0-14ubuntu3) ...
replay	Install build dependencies	2026-07-30T20:22:27.3744691Z Setting up libboost-math1.74.0:amd64 (1.74.0-14ubuntu3) ...
replay	Install build dependencies	2026-07-30T20:22:27.3767140Z Setting up libboost-serialization1.74.0:amd64 (1.74.0-14ubuntu3) ...
replay	Install build dependencies	2026-07-30T20:22:27.3789740Z Setting up libboost-atomic-dev:amd64 (1.74.0.3ubuntu7) ...
replay	Install build dependencies	2026-07-30T20:22:27.3817295Z Setting up libboost-container1.74.0:amd64 (1.74.0-14ubuntu3) ...
replay	Install build dependencies	2026-07-30T20:22:27.3838904Z Setting up libboost-regex1.74-dev:amd64 (1.74.0-14ubuntu3) ...
replay	Install build dependencies	2026-07-30T20:22:27.3862221Z Setting up libnl-3-dev:amd64 (3.5.0-0.1) ...
replay	Install build dependencies	2026-07-30T20:22:27.3883848Z Setting up ocl-icd-libopencl1:amd64 (2.2.14-3) ...
replay	Install build dependencies	2026-07-30T20:22:27.3906669Z Setting up librhash0:amd64 (1.4.2-1ubuntu1) ...
replay	Install build dependencies	2026-07-30T20:22:27.3931579Z Setting up libpsm2-2 (11.2.185-1) ...
replay	Install build dependencies	2026-07-30T20:22:27.3953099Z Setting up openmpi-common (4.1.2-2ubuntu1) ...
replay	Install build dependencies	2026-07-30T20:22:27.3980771Z Setting up libhwloc-dev:amd64 (2.7.0-2ubuntu1) ...
replay	Install build dependencies	2026-07-30T20:22:27.4003537Z Setting up cmake-data (3.22.1-1ubuntu1.22.04.2) ...
replay	Install build dependencies	2026-07-30T20:22:27.4699842Z Setting up libboost-dev:amd64 (1.74.0.3ubuntu7) ...
replay	Install build dependencies	2026-07-30T20:22:27.4722616Z Setting up libboost-math1.74-dev:amd64 (1.74.0-14ubuntu3) ...
replay	Install build dependencies	2026-07-30T20:22:27.4744300Z Setting up libpsm-infinipath1 (3.3+20.604758e7-6.1) ...
replay	Install build dependencies	2026-07-30T20:22:27.4828716Z update-alternatives: using /usr/lib/libpsm1/libpsm_infinipath.so.1.16 to provide /usr/lib/x86_64-linux-gnu/libpsm_infinipath.so.1 (libpsm_infinipath.so.1) in auto mode
replay	Install build dependencies	2026-07-30T20:22:27.4846184Z Setting up libboost-filesystem1.74-dev:amd64 (1.74.0-14ubuntu3) ...
replay	Install build dependencies	2026-07-30T20:22:27.4868086Z Setting up libboost-date-time1.74.0:amd64 (1.74.0-14ubuntu3) ...
replay	Install build dependencies	2026-07-30T20:22:27.4892264Z Setting up libboost-python1.74.0 (1.74.0-14ubuntu3) ...
replay	Install build dependencies	2026-07-30T20:22:27.4914653Z Setting up libboost-fiber1.74.0:amd64 (1.74.0-14ubuntu3) ...
replay	Install build dependencies	2026-07-30T20:22:27.4938521Z Setting up libboost-stacktrace1.74-dev:amd64 (1.74.0-14ubuntu3) ...
replay	Install build dependencies	2026-07-30T20:22:27.4963286Z Setting up libboost-test1.74-dev:amd64 (1.74.0-14ubuntu3) ...
replay	Install build dependencies	2026-07-30T20:22:27.4985728Z Setting up libboost-regex-dev:amd64 (1.74.0.3ubuntu7) ...
replay	Install build dependencies	2026-07-30T20:22:27.5010158Z Setting up libboost-timer1.74.0:amd64 (1.74.0-14ubuntu3) ...
replay	Install build dependencies	2026-07-30T20:22:27.5031839Z Setting up libboost-filesystem-dev:amd64 (1.74.0.3ubuntu7) ...
replay	Install build dependencies	2026-07-30T20:22:27.5053091Z Setting up libboost-thread1.74.0:amd64 (1.74.0-14ubuntu3) ...
replay	Install build dependencies	2026-07-30T20:22:27.5082232Z Setting up libboost-numpy1.74.0 (1.74.0-14ubuntu3) ...
replay	Install build dependencies	2026-07-30T20:22:27.5105763Z Setting up libboost-log1.74.0 (1.74.0-14ubuntu3) ...
replay	Install build dependencies	2026-07-30T20:22:27.5131485Z Setting up libibverbs1:amd64 (39.0-1) ...
replay	Install build dependencies	2026-07-30T20:22:27.6768690Z Setting up protobuf-compiler (3.12.4-1ubuntu7.22.04.6) ...
replay	Install build dependencies	2026-07-30T20:22:27.6793149Z Setting up ibverbs-providers:amd64 (39.0-1) ...
replay	Install build dependencies	2026-07-30T20:22:27.7069674Z Setting up libboost-container1.74-dev:amd64 (1.74.0-14ubuntu3) ...
replay	Install build dependencies	2026-07-30T20:22:27.7091563Z Setting up libboost-chrono-dev:amd64 (1.74.0.3ubuntu7) ...
replay	Install build dependencies	2026-07-30T20:22:27.7115668Z Setting up libboost-math-dev:amd64 (1.74.0.3ubuntu7) ...
replay	Install build dependencies	2026-07-30T20:22:27.7143076Z Setting up libboost-coroutine1.74.0:amd64 (1.74.0-14ubuntu3) ...
replay	Install build dependencies	2026-07-30T20:22:27.7172627Z Setting up libboost-system-dev:amd64 (1.74.0.3ubuntu7) ...
replay	Install build dependencies	2026-07-30T20:22:27.7203013Z Setting up libboost-tools-dev (1.74.0.3ubuntu7) ...
replay	Install build dependencies	2026-07-30T20:22:27.7227252Z Setting up libhwloc-plugins:amd64 (2.7.0-2ubuntu1) ...
replay	Install build dependencies	2026-07-30T20:22:27.7251691Z Setting up libboost-nowide-dev (1.74.0.3ubuntu7) ...
replay	Install build dependencies	2026-07-30T20:22:27.7272867Z Setting up libboost-container-dev:amd64 (1.74.0.3ubuntu7) ...
replay	Install build dependencies	2026-07-30T20:22:27.7298231Z Setting up libboost-python1.74-dev (1.74.0-14ubuntu3) ...
replay	Install build dependencies	2026-07-30T20:22:27.7325176Z Setting up libboost-python-dev (1.74.0.3ubuntu7) ...
replay	Install build dependencies	2026-07-30T20:22:27.7346802Z Setting up libboost-test-dev:amd64 (1.74.0.3ubuntu7) ...
replay	Install build dependencies	2026-07-30T20:22:27.7500851Z Setting up libboost-iostreams1.74-dev:amd64 (1.74.0-14ubuntu3) ...
replay	Install build dependencies	2026-07-30T20:22:27.7520251Z Setting up libnl-route-3-dev:amd64 (3.5.0-0.1) ...
replay	Install build dependencies	2026-07-30T20:22:27.7541164Z Setting up libevent-dev (2.1.12-stable-1build3) ...
replay	Install build dependencies	2026-07-30T20:22:27.7560638Z Setting up libboost-random1.74-dev:amd64 (1.74.0-14ubuntu3) ...
replay	Install build dependencies	2026-07-30T20:22:27.7580381Z Setting up libboost-timer1.74-dev:amd64 (1.74.0-14ubuntu3) ...
replay	Install build dependencies	2026-07-30T20:22:27.7602007Z Setting up libboost-numpy1.74-dev (1.74.0-14ubuntu3) ...
replay	Install build dependencies	2026-07-30T20:22:27.7631055Z Setting up libboost-serialization1.74-dev:amd64 (1.74.0-14ubuntu3) ...
replay	Install build dependencies	2026-07-30T20:22:27.7652100Z Setting up libboost-wave1.74.0:amd64 (1.74.0-14ubuntu3) ...
replay	Install build dependencies	2026-07-30T20:22:27.7681637Z Setting up libboost-stacktrace-dev:amd64 (1.74.0.3ubuntu7) ...
replay	Install build dependencies	2026-07-30T20:22:27.7705471Z Setting up cmake (3.22.1-1ubuntu1.22.04.2) ...
replay	Install build dependencies	2026-07-30T20:22:27.7734083Z Setting up libboost-locale1.74.0:amd64 (1.74.0-14ubuntu3) ...
replay	Install build dependencies	2026-07-30T20:22:27.7796362Z Setting up libboost-timer-dev:amd64 (1.74.0.3ubuntu7) ...
replay	Install build dependencies	2026-07-30T20:22:27.7825785Z Setting up libboost-type-erasure1.74.0:amd64 (1.74.0-14ubuntu3) ...
replay	Install build dependencies	2026-07-30T20:22:27.7852076Z Setting up librdmacm1:amd64 (39.0-1) ...
replay	Install build dependencies	2026-07-30T20:22:27.7881871Z Setting up libucx0:amd64 (1.12.1~rc2-1) ...
replay	Install build dependencies	2026-07-30T20:22:27.7904787Z Setting up libboost-wave1.74-dev:amd64 (1.74.0-14ubuntu3) ...
replay	Install build dependencies	2026-07-30T20:22:27.7926814Z Setting up libpmix2:amd64 (4.1.2-2ubuntu1) ...
replay	Install build dependencies	2026-07-30T20:22:27.7951657Z Setting up libboost-random-dev:amd64 (1.74.0.3ubuntu7) ...
replay	Install build dependencies	2026-07-30T20:22:27.7975113Z Setting up libboost-wave-dev:amd64 (1.74.0.3ubuntu7) ...
replay	Install build dependencies	2026-07-30T20:22:27.8006699Z Setting up libboost-iostreams-dev:amd64 (1.74.0.3ubuntu7) ...
replay	Install build dependencies	2026-07-30T20:22:27.8027220Z Setting up libibverbs-dev:amd64 (39.0-1) ...
replay	Install build dependencies	2026-07-30T20:22:27.8048017Z Setting up libboost-date-time1.74-dev:amd64 (1.74.0-14ubuntu3) ...
replay	Install build dependencies	2026-07-30T20:22:27.8081954Z Setting up libboost-graph1.74-dev:amd64 (1.74.0-14ubuntu3) ...
replay	Install build dependencies	2026-07-30T20:22:27.8112202Z Setting up libboost-numpy-dev (1.74.0.3ubuntu7) ...
replay	Install build dependencies	2026-07-30T20:22:27.8135063Z Setting up libboost-serialization-dev:amd64 (1.74.0.3ubuntu7) ...
replay	Install build dependencies	2026-07-30T20:22:27.8155872Z Setting up libboost-date-time-dev:amd64 (1.74.0.3ubuntu7) ...
replay	Install build dependencies	2026-07-30T20:22:27.8178243Z Setting up libboost-thread1.74-dev:amd64 (1.74.0-14ubuntu3) ...
replay	Install build dependencies	2026-07-30T20:22:27.8198760Z Setting up libpmix-dev:amd64 (4.1.2-2ubuntu1) ...
replay	Install build dependencies	2026-07-30T20:22:27.8218850Z Setting up libboost-thread-dev:amd64 (1.74.0.3ubuntu7) ...
replay	Install build dependencies	2026-07-30T20:22:27.8241035Z Setting up libfabric1:amd64 (1.11.0-3) ...
replay	Install build dependencies	2026-07-30T20:22:27.8261908Z Setting up libboost-graph-dev:amd64 (1.74.0.3ubuntu7) ...
replay	Install build dependencies	2026-07-30T20:22:27.8282387Z Setting up libboost-log1.74-dev (1.74.0-14ubuntu3) ...
replay	Install build dependencies	2026-07-30T20:22:27.8302860Z Setting up libopenmpi3:amd64 (4.1.2-2ubuntu1) ...
replay	Install build dependencies	2026-07-30T20:22:27.8326597Z Setting up libboost-mpi1.74.0 (1.74.0-14ubuntu3) ...
replay	Install build dependencies	2026-07-30T20:22:27.8400268Z Setting up libboost-context1.74-dev:amd64 (1.74.0-14ubuntu3) ...
replay	Install build dependencies	2026-07-30T20:22:27.8420641Z Setting up libboost-fiber1.74-dev:amd64 (1.74.0-14ubuntu3) ...
replay	Install build dependencies	2026-07-30T20:22:27.8441353Z Setting up libboost-type-erasure1.74-dev:amd64 (1.74.0-14ubuntu3) ...
replay	Install build dependencies	2026-07-30T20:22:27.8461165Z Setting up libboost-locale1.74-dev:amd64 (1.74.0-14ubuntu3) ...
replay	Install build dependencies	2026-07-30T20:22:27.8482035Z Setting up libboost-coroutine1.74-dev:amd64 (1.74.0-14ubuntu3) ...
replay	Install build dependencies	2026-07-30T20:22:27.8502180Z Setting up libboost-coroutine-dev:amd64 (1.74.0.3ubuntu7) ...
replay	Install build dependencies	2026-07-30T20:22:27.8522874Z Setting up libboost-graph-parallel1.74.0 (1.74.0-14ubuntu3) ...
replay	Install build dependencies	2026-07-30T20:22:27.8543951Z Setting up libboost-log-dev (1.74.0.3ubuntu7) ...
replay	Install build dependencies	2026-07-30T20:22:27.8575616Z Setting up openmpi-bin (4.1.2-2ubuntu1) ...
replay	Install build dependencies	2026-07-30T20:22:27.8679230Z update-alternatives: using /usr/bin/mpirun.openmpi to provide /usr/bin/mpirun (mpirun) in auto mode
replay	Install build dependencies	2026-07-30T20:22:27.8745231Z update-alternatives: using /usr/bin/mpicc.openmpi to provide /usr/bin/mpicc (mpi) in auto mode
replay	Install build dependencies	2026-07-30T20:22:27.8780032Z Setting up libboost-fiber-dev:amd64 (1.74.0.3ubuntu7) ...
replay	Install build dependencies	2026-07-30T20:22:27.8805643Z Setting up mpi-default-bin (1.14) ...
replay	Install build dependencies	2026-07-30T20:22:27.8827889Z Setting up libboost-locale-dev:amd64 (1.74.0.3ubuntu7) ...
replay	Install build dependencies	2026-07-30T20:22:27.8851176Z Setting up libboost-context-dev:amd64 (1.74.0.3ubuntu7) ...
replay	Install build dependencies	2026-07-30T20:22:27.8894289Z Setting up libboost-type-erasure-dev:amd64 (1.74.0.3ubuntu7) ...
replay	Install build dependencies	2026-07-30T20:22:27.8917112Z Setting up libboost-graph-parallel1.74-dev (1.74.0-14ubuntu3) ...
replay	Install build dependencies	2026-07-30T20:22:27.8942026Z Setting up libopenmpi-dev:amd64 (4.1.2-2ubuntu1) ...
replay	Install build dependencies	2026-07-30T20:22:27.9020442Z update-alternatives: using /usr/lib/x86_64-linux-gnu/openmpi/include to provide /usr/include/x86_64-linux-gnu/mpi (mpi-x86_64-linux-gnu) in auto mode
replay	Install build dependencies	2026-07-30T20:22:27.9052725Z Setting up libboost-mpi-python1.74.0 (1.74.0-14ubuntu3) ...
replay	Install build dependencies	2026-07-30T20:22:28.0449002Z Setting up libboost-graph-parallel-dev (1.74.0.3ubuntu7) ...
replay	Install build dependencies	2026-07-30T20:22:28.0472132Z Setting up mpi-default-dev (1.14) ...
replay	Install build dependencies	2026-07-30T20:22:28.0492622Z Setting up libboost-mpi1.74-dev (1.74.0-14ubuntu3) ...
replay	Install build dependencies	2026-07-30T20:22:28.0518252Z Setting up libboost-mpi-python1.74-dev (1.74.0-14ubuntu3) ...
replay	Install build dependencies	2026-07-30T20:22:28.0545021Z Setting up libboost-mpi-python-dev (1.74.0.3ubuntu7) ...
replay	Install build dependencies	2026-07-30T20:22:28.0570193Z Setting up libboost-mpi-dev (1.74.0.3ubuntu7) ...
replay	Install build dependencies	2026-07-30T20:22:28.0590971Z Setting up libboost-all-dev (1.74.0.3ubuntu7) ...
replay	Install build dependencies	2026-07-30T20:22:28.0621845Z Processing triggers for man-db (2.10.2-1) ...
replay	Install build dependencies	2026-07-30T20:22:28.0717807Z Not building database; man-db/auto-update is not 'true'.
replay	Install build dependencies	2026-07-30T20:22:28.0734705Z Processing triggers for libc-bin (2.35-0ubuntu3.13) ...
replay	Install build dependencies	2026-07-30T20:22:29.4479637Z
replay	Install build dependencies	2026-07-30T20:22:29.4480273Z Running kernel seems to be up-to-date.
replay	Install build dependencies	2026-07-30T20:22:29.4480674Z
replay	Install build dependencies	2026-07-30T20:22:29.4481134Z No services need to be restarted.
replay	Install build dependencies	2026-07-30T20:22:29.4481453Z
replay	Install build dependencies	2026-07-30T20:22:29.4481629Z No containers need to be restarted.
replay	Install build dependencies	2026-07-30T20:22:29.4481930Z
replay	Install build dependencies	2026-07-30T20:22:29.4482117Z No user sessions are running outdated binaries.
replay	Install build dependencies	2026-07-30T20:22:29.4482467Z
replay	Install build dependencies	2026-07-30T20:22:29.4482779Z No VM guests are running outdated hypervisor (qemu) binaries on this host.
replay	Build pinned Microsoft SEAL	﻿2026-07-30T20:22:30.8744353Z ##[group]Run set -euo pipefail
replay	Build pinned Microsoft SEAL	2026-07-30T20:22:30.8744713Z [36;1mset -euo pipefail[0m
replay	Build pinned Microsoft SEAL	2026-07-30T20:22:30.8744964Z [36;1mexport CXXFLAGS="-include mutex"[0m
replay	Build pinned Microsoft SEAL	2026-07-30T20:22:30.8745252Z [36;1mgit clone --filter=blob:none \[0m
replay	Build pinned Microsoft SEAL	2026-07-30T20:22:30.8745590Z [36;1m  https://github.com/microsoft/SEAL.git /tmp/SEAL[0m
replay	Build pinned Microsoft SEAL	2026-07-30T20:22:30.8746236Z [36;1mgit -C /tmp/SEAL checkout \[0m
replay	Build pinned Microsoft SEAL	2026-07-30T20:22:30.8746584Z [36;1m  0b058d99b7f18a00e5ebb2b80caee593804b0500[0m
replay	Build pinned Microsoft SEAL	2026-07-30T20:22:30.8746945Z [36;1mtest "$(git -C /tmp/SEAL rev-parse HEAD)" = \[0m
replay	Build pinned Microsoft SEAL	2026-07-30T20:22:30.8747273Z [36;1m  0b058d99b7f18a00e5ebb2b80caee593804b0500[0m
replay	Build pinned Microsoft SEAL	2026-07-30T20:22:30.8747608Z [36;1mcmake -S /tmp/SEAL -B /tmp/SEAL/build -G Ninja \[0m
replay	Build pinned Microsoft SEAL	2026-07-30T20:22:30.8747932Z [36;1m  -DCMAKE_BUILD_TYPE=Release \[0m
replay	Build pinned Microsoft SEAL	2026-07-30T20:22:30.8748240Z [36;1m  -DCMAKE_INSTALL_PREFIX=/tmp/seal-install \[0m
replay	Build pinned Microsoft SEAL	2026-07-30T20:22:30.8748575Z [36;1m  -DSEAL_THROW_ON_TRANSPARENT_CIPHERTEXT=OFF \[0m
replay	Build pinned Microsoft SEAL	2026-07-30T20:22:30.8748887Z [36;1m  -DSEAL_USE_GAUSSIAN_NOISE=OFF \[0m
replay	Build pinned Microsoft SEAL	2026-07-30T20:22:30.8749197Z [36;1m  -DSEAL_USE_MSGSL=OFF \[0m
replay	Build pinned Microsoft SEAL	2026-07-30T20:22:30.8749440Z [36;1m  -DSEAL_USE_ZLIB=OFF \[0m
replay	Build pinned Microsoft SEAL	2026-07-30T20:22:30.8749674Z [36;1m  -DSEAL_USE_ZSTD=OFF \[0m
replay	Build pinned Microsoft SEAL	2026-07-30T20:22:30.8749910Z [36;1m  -DSEAL_BUILD_TESTS=OFF \[0m
replay	Build pinned Microsoft SEAL	2026-07-30T20:22:30.8750158Z [36;1m  -DSEAL_BUILD_EXAMPLES=OFF[0m
replay	Build pinned Microsoft SEAL	2026-07-30T20:22:30.8750452Z [36;1mcmake --build /tmp/SEAL/build --parallel 2[0m
replay	Build pinned Microsoft SEAL	2026-07-30T20:22:30.8750754Z [36;1mcmake --install /tmp/SEAL/build[0m
replay	Build pinned Microsoft SEAL	2026-07-30T20:22:30.8811460Z shell: /usr/bin/bash --noprofile --norc -e -o pipefail {0}
replay	Build pinned Microsoft SEAL	2026-07-30T20:22:30.8811814Z ##[endgroup]
replay	Build pinned Microsoft SEAL	2026-07-30T20:22:30.8902383Z Cloning into '/tmp/SEAL'...
replay	Build pinned Microsoft SEAL	2026-07-30T20:22:31.9052991Z Note: switching to '0b058d99b7f18a00e5ebb2b80caee593804b0500'.
replay	Build pinned Microsoft SEAL	2026-07-30T20:22:31.9053725Z
replay	Build pinned Microsoft SEAL	2026-07-30T20:22:31.9054068Z You are in 'detached HEAD' state. You can look around, make experimental
replay	Build pinned Microsoft SEAL	2026-07-30T20:22:31.9054775Z changes and commit them, and you can discard any commits you make in this
replay	Build pinned Microsoft SEAL	2026-07-30T20:22:31.9055476Z state without impacting any branches by switching back to a branch.
replay	Build pinned Microsoft SEAL	2026-07-30T20:22:31.9056161Z
replay	Build pinned Microsoft SEAL	2026-07-30T20:22:31.9056480Z If you want to create a new branch to retain commits you create, you may
replay	Build pinned Microsoft SEAL	2026-07-30T20:22:31.9057321Z do so (now or later) by using -c with the switch command. Example:
replay	Build pinned Microsoft SEAL	2026-07-30T20:22:31.9057685Z
replay	Build pinned Microsoft SEAL	2026-07-30T20:22:31.9057836Z   git switch -c <new-branch-name>
replay	Build pinned Microsoft SEAL	2026-07-30T20:22:31.9058075Z
replay	Build pinned Microsoft SEAL	2026-07-30T20:22:31.9058199Z Or undo this operation with:
replay	Build pinned Microsoft SEAL	2026-07-30T20:22:31.9058425Z
replay	Build pinned Microsoft SEAL	2026-07-30T20:22:31.9058533Z   git switch -
replay	Build pinned Microsoft SEAL	2026-07-30T20:22:31.9058698Z
replay	Build pinned Microsoft SEAL	2026-07-30T20:22:31.9058995Z Turn off this advice by setting config variable advice.detachedHead to false
replay	Build pinned Microsoft SEAL	2026-07-30T20:22:31.9059452Z
replay	Build pinned Microsoft SEAL	2026-07-30T20:22:31.9059737Z HEAD is now at 0b058d9 Merge pull request #322 from g2flyer/hexl-install-fix
replay	Build pinned Microsoft SEAL	2026-07-30T20:22:32.4068168Z -- Build type (CMAKE_BUILD_TYPE): Release
replay	Build pinned Microsoft SEAL	2026-07-30T20:22:34.3421176Z -- The CXX compiler identification is GNU 11.4.0
replay	Build pinned Microsoft SEAL	2026-07-30T20:22:34.4480184Z -- The C compiler identification is GNU 11.4.0
replay	Build pinned Microsoft SEAL	2026-07-30T20:22:34.5909620Z -- Detecting CXX compiler ABI info
replay	Build pinned Microsoft SEAL	2026-07-30T20:22:34.9322752Z -- Detecting CXX compiler ABI info - done
replay	Build pinned Microsoft SEAL	2026-07-30T20:22:34.9501393Z -- Check for working CXX compiler: /usr/bin/c++ - skipped
replay	Build pinned Microsoft SEAL	2026-07-30T20:22:34.9555619Z -- Detecting CXX compile features
replay	Build pinned Microsoft SEAL	2026-07-30T20:22:34.9620310Z -- Detecting CXX compile features - done
replay	Build pinned Microsoft SEAL	2026-07-30T20:22:34.9987905Z -- Detecting C compiler ABI info
replay	Build pinned Microsoft SEAL	2026-07-30T20:22:35.0747293Z -- Detecting C compiler ABI info - done
replay	Build pinned Microsoft SEAL	2026-07-30T20:22:35.0918753Z -- Check for working C compiler: /usr/bin/cc - skipped
replay	Build pinned Microsoft SEAL	2026-07-30T20:22:35.0923233Z -- Detecting C compile features
replay	Build pinned Microsoft SEAL	2026-07-30T20:22:35.0928720Z -- Detecting C compile features - done
replay	Build pinned Microsoft SEAL	2026-07-30T20:22:35.1335228Z -- Microsoft SEAL debug mode: OFF
replay	Build pinned Microsoft SEAL	2026-07-30T20:22:35.1336166Z -- SEAL_USE_CXX17: ON
replay	Build pinned Microsoft SEAL	2026-07-30T20:22:35.5831755Z -- SEAL_BUILD_DEPS: ON
replay	Build pinned Microsoft SEAL	2026-07-30T20:22:35.6157779Z -- SEAL_USE_MSGSL: OFF
replay	Build pinned Microsoft SEAL	2026-07-30T20:22:35.6158329Z -- SEAL_USE_ZLIB: OFF
replay	Build pinned Microsoft SEAL	2026-07-30T20:22:35.6159206Z -- SEAL_USE_ZSTD: OFF
replay	Build pinned Microsoft SEAL	2026-07-30T20:22:35.6159673Z -- SEAL_USE_INTEL_HEXL: OFF
replay	Build pinned Microsoft SEAL	2026-07-30T20:22:35.6160197Z -- BUILD_SHARED_LIBS: OFF
replay	Build pinned Microsoft SEAL	2026-07-30T20:22:35.6166941Z -- SEAL_THROW_ON_TRANSPARENT_CIPHERTEXT: OFF
replay	Build pinned Microsoft SEAL	2026-07-30T20:22:35.6167600Z -- SEAL_USE_GAUSSIAN_NOISE: OFF
replay	Build pinned Microsoft SEAL	2026-07-30T20:22:35.6168170Z -- SEAL_DEFAULT_PRNG: Blake2xb
replay	Build pinned Microsoft SEAL	2026-07-30T20:22:35.6168743Z -- Performing Test SEAL_ARM64
replay	Build pinned Microsoft SEAL	2026-07-30T20:22:35.8115547Z -- Performing Test SEAL_ARM64 - Failed
replay	Build pinned Microsoft SEAL	2026-07-30T20:22:35.8162099Z -- Looking for C++ include x86intrin.h
replay	Build pinned Microsoft SEAL	2026-07-30T20:22:36.4817714Z -- Looking for C++ include x86intrin.h - found
replay	Build pinned Microsoft SEAL	2026-07-30T20:22:36.4818635Z -- SEAL_USE_INTRIN: ON
replay	Build pinned Microsoft SEAL	2026-07-30T20:22:38.8238846Z -- Performing Test SEAL_MEMSET_S_FOUND
replay	Build pinned Microsoft SEAL	2026-07-30T20:22:39.0267320Z -- Performing Test SEAL_MEMSET_S_FOUND - Failed
replay	Build pinned Microsoft SEAL	2026-07-30T20:22:39.0271654Z -- Looking for explicit_bzero
replay	Build pinned Microsoft SEAL	2026-07-30T20:22:39.0824600Z -- Looking for explicit_bzero - found
replay	Build pinned Microsoft SEAL	2026-07-30T20:22:39.0827624Z -- Looking for explicit_memset
replay	Build pinned Microsoft SEAL	2026-07-30T20:22:39.1142582Z -- Looking for explicit_memset - not found
replay	Build pinned Microsoft SEAL	2026-07-30T20:22:39.1143416Z -- SEAL_USE_MEMSET_S: OFF
replay	Build pinned Microsoft SEAL	2026-07-30T20:22:39.1143853Z -- SEAL_USE_EXPLICIT_BZERO: ON
replay	Build pinned Microsoft SEAL	2026-07-30T20:22:39.1144262Z -- SEAL_USE_EXPLICIT_MEMSET: OFF
replay	Build pinned Microsoft SEAL	2026-07-30T20:22:39.1408340Z -- Performing Test CMAKE_HAVE_LIBC_PTHREAD
replay	Build pinned Microsoft SEAL	2026-07-30T20:22:39.1994127Z -- Performing Test CMAKE_HAVE_LIBC_PTHREAD - Success
replay	Build pinned Microsoft SEAL	2026-07-30T20:22:39.2113450Z -- Found Threads: TRUE
replay	Build pinned Microsoft SEAL	2026-07-30T20:22:39.2116932Z -- SEAL_BUILD_SEAL_C: OFF
replay	Build pinned Microsoft SEAL	2026-07-30T20:22:39.2685693Z -- SEAL_BUILD_EXAMPLES: OFF
replay	Build pinned Microsoft SEAL	2026-07-30T20:22:39.2686525Z -- SEAL_BUILD_TESTS: OFF
replay	Build pinned Microsoft SEAL	2026-07-30T20:22:39.2687010Z -- SEAL_BUILD_BENCH: OFF
replay	Build pinned Microsoft SEAL	2026-07-30T20:22:39.2696200Z -- Configuring done (6.9s)
replay	Build pinned Microsoft SEAL	2026-07-30T20:22:39.2785910Z -- Generating done (0.0s)
replay	Build pinned Microsoft SEAL	2026-07-30T20:22:39.2790918Z -- Build files have been written to: /tmp/SEAL/build
replay	Build pinned Microsoft SEAL	2026-07-30T20:22:41.2683618Z [1/40] Building CXX object CMakeFiles/seal.dir/native/src/seal/batchencoder.cpp.o
replay	Build pinned Microsoft SEAL	2026-07-30T20:22:41.3129509Z [2/40] Building CXX object CMakeFiles/seal.dir/native/src/seal/ciphertext.cpp.o
replay	Build pinned Microsoft SEAL	2026-07-30T20:22:42.9346459Z [3/40] Building CXX object CMakeFiles/seal.dir/native/src/seal/ckks.cpp.o
replay	Build pinned Microsoft SEAL	2026-07-30T20:22:43.4178388Z [4/40] Building CXX object CMakeFiles/seal.dir/native/src/seal/context.cpp.o
replay	Build pinned Microsoft SEAL	2026-07-30T20:22:44.6694464Z [5/40] Building CXX object CMakeFiles/seal.dir/native/src/seal/encryptionparams.cpp.o
replay	Build pinned Microsoft SEAL	2026-07-30T20:22:44.9227270Z [6/40] Building CXX object CMakeFiles/seal.dir/native/src/seal/decryptor.cpp.o
replay	Build pinned Microsoft SEAL	2026-07-30T20:22:46.5671315Z [7/40] Building CXX object CMakeFiles/seal.dir/native/src/seal/encryptor.cpp.o
replay	Build pinned Microsoft SEAL	2026-07-30T20:22:48.7649737Z [8/40] Building CXX object CMakeFiles/seal.dir/native/src/seal/keygenerator.cpp.o
replay	Build pinned Microsoft SEAL	2026-07-30T20:22:48.8980226Z [9/40] Building CXX object CMakeFiles/seal.dir/native/src/seal/evaluator.cpp.o
replay	Build pinned Microsoft SEAL	2026-07-30T20:22:49.6621677Z [10/40] Building CXX object CMakeFiles/seal.dir/native/src/seal/memorymanager.cpp.o
replay	Build pinned Microsoft SEAL	2026-07-30T20:22:50.4657218Z [11/40] Building CXX object CMakeFiles/seal.dir/native/src/seal/kswitchkeys.cpp.o
replay	Build pinned Microsoft SEAL	2026-07-30T20:22:50.8444098Z [12/40] Building CXX object CMakeFiles/seal.dir/native/src/seal/modulus.cpp.o
replay	Build pinned Microsoft SEAL	2026-07-30T20:22:51.9801199Z [13/40] Building CXX object CMakeFiles/seal.dir/native/src/seal/plaintext.cpp.o
replay	Build pinned Microsoft SEAL	2026-07-30T20:22:52.0790401Z [14/40] Building CXX object CMakeFiles/seal.dir/native/src/seal/randomgen.cpp.o
replay	Build pinned Microsoft SEAL	2026-07-30T20:22:52.9456405Z [15/40] Building CXX object CMakeFiles/seal.dir/native/src/seal/serialization.cpp.o
replay	Build pinned Microsoft SEAL	2026-07-30T20:22:53.3703355Z [16/40] Building C object CMakeFiles/seal.dir/native/src/seal/util/blake2b.c.o
replay	Build pinned Microsoft SEAL	2026-07-30T20:22:53.4321443Z [17/40] Building C object CMakeFiles/seal.dir/native/src/seal/util/blake2xb.c.o
replay	Build pinned Microsoft SEAL	2026-07-30T20:22:53.6459425Z [18/40] Building CXX object CMakeFiles/seal.dir/native/src/seal/valcheck.cpp.o
replay	Build pinned Microsoft SEAL	2026-07-30T20:22:54.0887979Z [19/40] Building CXX object CMakeFiles/seal.dir/native/src/seal/util/clipnormal.cpp.o
replay	Build pinned Microsoft SEAL	2026-07-30T20:22:54.3235443Z [20/40] Building CXX object CMakeFiles/seal.dir/native/src/seal/util/common.cpp.o
replay	Build pinned Microsoft SEAL	2026-07-30T20:22:54.6635242Z [21/40] Building C object CMakeFiles/seal.dir/native/src/seal/util/fips202.c.o
replay	Build pinned Microsoft SEAL	2026-07-30T20:22:55.0272646Z [22/40] Building CXX object CMakeFiles/seal.dir/native/src/seal/util/croots.cpp.o
replay	Build pinned Microsoft SEAL	2026-07-30T20:22:55.8800590Z [23/40] Building CXX object CMakeFiles/seal.dir/native/src/seal/util/globals.cpp.o
replay	Build pinned Microsoft SEAL	2026-07-30T20:22:56.1543613Z [24/40] Building CXX object CMakeFiles/seal.dir/native/src/seal/util/galois.cpp.o
replay	Build pinned Microsoft SEAL	2026-07-30T20:22:56.5417452Z [25/40] Building CXX object CMakeFiles/seal.dir/native/src/seal/util/hash.cpp.o
replay	Build pinned Microsoft SEAL	2026-07-30T20:22:57.3489738Z [26/40] Building CXX object CMakeFiles/seal.dir/native/src/seal/util/iterator.cpp.o
replay	Build pinned Microsoft SEAL	2026-07-30T20:22:57.5256992Z [27/40] Building CXX object CMakeFiles/seal.dir/native/src/seal/util/mempool.cpp.o
replay	Build pinned Microsoft SEAL	2026-07-30T20:22:58.5518535Z [28/40] Building CXX object CMakeFiles/seal.dir/native/src/seal/util/numth.cpp.o
replay	Build pinned Microsoft SEAL	2026-07-30T20:22:58.6150399Z [29/40] Building CXX object CMakeFiles/seal.dir/native/src/seal/util/polyarithsmallmod.cpp.o
replay	Build pinned Microsoft SEAL	2026-07-30T20:23:00.5285564Z [30/40] Building CXX object CMakeFiles/seal.dir/native/src/seal/util/rlwe.cpp.o
replay	Build pinned Microsoft SEAL	2026-07-30T20:23:01.7709602Z [31/40] Building CXX object CMakeFiles/seal.dir/native/src/seal/util/rns.cpp.o
replay	Build pinned Microsoft SEAL	2026-07-30T20:23:02.0624546Z [32/40] Building CXX object CMakeFiles/seal.dir/native/src/seal/util/scalingvariant.cpp.o
replay	Build pinned Microsoft SEAL	2026-07-30T20:23:03.2206546Z [33/40] Building CXX object CMakeFiles/seal.dir/native/src/seal/util/ntt.cpp.o
replay	Build pinned Microsoft SEAL	2026-07-30T20:23:03.3055182Z [34/40] Building CXX object CMakeFiles/seal.dir/native/src/seal/util/streambuf.cpp.o
replay	Build pinned Microsoft SEAL	2026-07-30T20:23:04.2367680Z [35/40] Building CXX object CMakeFiles/seal.dir/native/src/seal/util/uintarith.cpp.o
replay	Build pinned Microsoft SEAL	2026-07-30T20:23:04.2967897Z [36/40] Building CXX object CMakeFiles/seal.dir/native/src/seal/util/uintarithmod.cpp.o
replay	Build pinned Microsoft SEAL	2026-07-30T20:23:05.1766929Z [37/40] Building CXX object CMakeFiles/seal.dir/native/src/seal/util/uintcore.cpp.o
replay	Build pinned Microsoft SEAL	2026-07-30T20:23:05.3874015Z [38/40] Building CXX object CMakeFiles/seal.dir/native/src/seal/util/uintarithsmallmod.cpp.o
replay	Build pinned Microsoft SEAL	2026-07-30T20:23:05.6596097Z [39/40] Building CXX object CMakeFiles/seal.dir/native/src/seal/util/ztools.cpp.o
replay	Build pinned Microsoft SEAL	2026-07-30T20:23:12.0468449Z [40/40] Linking CXX static library lib/libseal-3.6.a
replay	Build pinned Microsoft SEAL	2026-07-30T20:23:12.0504944Z -- Install configuration: "Release"
replay	Build pinned Microsoft SEAL	2026-07-30T20:23:12.0508135Z -- Installing: /tmp/seal-install/include/SEAL-3.6/seal/util/config.h
replay	Build pinned Microsoft SEAL	2026-07-30T20:23:12.0510652Z -- Installing: /tmp/seal-install/lib/libseal-3.6.a
replay	Build pinned Microsoft SEAL	2026-07-30T20:23:12.0530684Z -- Installing: /tmp/seal-install/lib/cmake/SEAL-3.6/SEALTargets.cmake
replay	Build pinned Microsoft SEAL	2026-07-30T20:23:12.0532787Z -- Installing: /tmp/seal-install/lib/cmake/SEAL-3.6/SEALTargets-release.cmake
replay	Build pinned Microsoft SEAL	2026-07-30T20:23:12.0534564Z -- Installing: /tmp/seal-install/lib/cmake/SEAL-3.6/SEALConfig.cmake
replay	Build pinned Microsoft SEAL	2026-07-30T20:23:12.0536462Z -- Installing: /tmp/seal-install/lib/cmake/SEAL-3.6/SEALConfigVersion.cmake
replay	Build pinned Microsoft SEAL	2026-07-30T20:23:12.0538628Z -- Installing: /tmp/seal-install/lib/pkgconfig/seal.pc
replay	Build pinned Microsoft SEAL	2026-07-30T20:23:12.0542217Z -- Installing: /tmp/seal-install/include/SEAL-3.6/seal/batchencoder.h
replay	Build pinned Microsoft SEAL	2026-07-30T20:23:12.0543875Z -- Installing: /tmp/seal-install/include/SEAL-3.6/seal/ciphertext.h
replay	Build pinned Microsoft SEAL	2026-07-30T20:23:12.0545864Z -- Installing: /tmp/seal-install/include/SEAL-3.6/seal/ckks.h
replay	Build pinned Microsoft SEAL	2026-07-30T20:23:12.0548193Z -- Installing: /tmp/seal-install/include/SEAL-3.6/seal/modulus.h
replay	Build pinned Microsoft SEAL	2026-07-30T20:23:12.0549781Z -- Installing: /tmp/seal-install/include/SEAL-3.6/seal/context.h
replay	Build pinned Microsoft SEAL	2026-07-30T20:23:12.0551677Z -- Installing: /tmp/seal-install/include/SEAL-3.6/seal/decryptor.h
replay	Build pinned Microsoft SEAL	2026-07-30T20:23:12.0553237Z -- Installing: /tmp/seal-install/include/SEAL-3.6/seal/dynarray.h
replay	Build pinned Microsoft SEAL	2026-07-30T20:23:12.0555324Z -- Installing: /tmp/seal-install/include/SEAL-3.6/seal/encryptionparams.h
replay	Build pinned Microsoft SEAL	2026-07-30T20:23:12.0557165Z -- Installing: /tmp/seal-install/include/SEAL-3.6/seal/encryptor.h
replay	Build pinned Microsoft SEAL	2026-07-30T20:23:12.0559039Z -- Installing: /tmp/seal-install/include/SEAL-3.6/seal/evaluator.h
replay	Build pinned Microsoft SEAL	2026-07-30T20:23:12.0561461Z -- Installing: /tmp/seal-install/include/SEAL-3.6/seal/galoiskeys.h
replay	Build pinned Microsoft SEAL	2026-07-30T20:23:12.0562952Z -- Installing: /tmp/seal-install/include/SEAL-3.6/seal/keygenerator.h
replay	Build pinned Microsoft SEAL	2026-07-30T20:23:12.0564701Z -- Installing: /tmp/seal-install/include/SEAL-3.6/seal/kswitchkeys.h
replay	Build pinned Microsoft SEAL	2026-07-30T20:23:12.0566453Z -- Installing: /tmp/seal-install/include/SEAL-3.6/seal/memorymanager.h
replay	Build pinned Microsoft SEAL	2026-07-30T20:23:12.0568535Z -- Installing: /tmp/seal-install/include/SEAL-3.6/seal/plaintext.h
replay	Build pinned Microsoft SEAL	2026-07-30T20:23:12.0570460Z -- Installing: /tmp/seal-install/include/SEAL-3.6/seal/publickey.h
replay	Build pinned Microsoft SEAL	2026-07-30T20:23:12.0572011Z -- Installing: /tmp/seal-install/include/SEAL-3.6/seal/randomgen.h
replay	Build pinned Microsoft SEAL	2026-07-30T20:23:12.0574045Z -- Installing: /tmp/seal-install/include/SEAL-3.6/seal/randomtostd.h
replay	Build pinned Microsoft SEAL	2026-07-30T20:23:12.0575472Z -- Installing: /tmp/seal-install/include/SEAL-3.6/seal/relinkeys.h
replay	Build pinned Microsoft SEAL	2026-07-30T20:23:12.0577164Z -- Installing: /tmp/seal-install/include/SEAL-3.6/seal/seal.h
replay	Build pinned Microsoft SEAL	2026-07-30T20:23:12.0578633Z -- Installing: /tmp/seal-install/include/SEAL-3.6/seal/secretkey.h
replay	Build pinned Microsoft SEAL	2026-07-30T20:23:12.0580275Z -- Installing: /tmp/seal-install/include/SEAL-3.6/seal/serializable.h
replay	Build pinned Microsoft SEAL	2026-07-30T20:23:12.0581784Z -- Installing: /tmp/seal-install/include/SEAL-3.6/seal/serialization.h
replay	Build pinned Microsoft SEAL	2026-07-30T20:23:12.0583378Z -- Installing: /tmp/seal-install/include/SEAL-3.6/seal/valcheck.h
replay	Build pinned Microsoft SEAL	2026-07-30T20:23:12.0585008Z -- Installing: /tmp/seal-install/include/SEAL-3.6/seal/version.h
replay	Build pinned Microsoft SEAL	2026-07-30T20:23:12.0588935Z -- Installing: /tmp/seal-install/include/SEAL-3.6/seal/util/blake2.h
replay	Build pinned Microsoft SEAL	2026-07-30T20:23:12.0590524Z -- Installing: /tmp/seal-install/include/SEAL-3.6/seal/util/blake2-impl.h
replay	Build pinned Microsoft SEAL	2026-07-30T20:23:12.0591949Z -- Installing: /tmp/seal-install/include/SEAL-3.6/seal/util/clang.h
replay	Build pinned Microsoft SEAL	2026-07-30T20:23:12.0593491Z -- Installing: /tmp/seal-install/include/SEAL-3.6/seal/util/clipnormal.h
replay	Build pinned Microsoft SEAL	2026-07-30T20:23:12.0594926Z -- Installing: /tmp/seal-install/include/SEAL-3.6/seal/util/common.h
replay	Build pinned Microsoft SEAL	2026-07-30T20:23:12.0597154Z -- Installing: /tmp/seal-install/include/SEAL-3.6/seal/util/croots.h
replay	Build pinned Microsoft SEAL	2026-07-30T20:23:12.0598677Z -- Installing: /tmp/seal-install/include/SEAL-3.6/seal/util/defines.h
replay	Build pinned Microsoft SEAL	2026-07-30T20:23:12.0600399Z -- Installing: /tmp/seal-install/include/SEAL-3.6/seal/util/dwthandler.h
replay	Build pinned Microsoft SEAL	2026-07-30T20:23:12.0602287Z -- Installing: /tmp/seal-install/include/SEAL-3.6/seal/util/fips202.h
replay	Build pinned Microsoft SEAL	2026-07-30T20:23:12.0603791Z -- Installing: /tmp/seal-install/include/SEAL-3.6/seal/util/galois.h
replay	Build pinned Microsoft SEAL	2026-07-30T20:23:12.0605383Z -- Installing: /tmp/seal-install/include/SEAL-3.6/seal/util/gcc.h
replay	Build pinned Microsoft SEAL	2026-07-30T20:23:12.0607201Z -- Installing: /tmp/seal-install/include/SEAL-3.6/seal/util/globals.h
replay	Build pinned Microsoft SEAL	2026-07-30T20:23:12.0608756Z -- Installing: /tmp/seal-install/include/SEAL-3.6/seal/util/hash.h
replay	Build pinned Microsoft SEAL	2026-07-30T20:23:12.0610360Z -- Installing: /tmp/seal-install/include/SEAL-3.6/seal/util/hestdparms.h
replay	Build pinned Microsoft SEAL	2026-07-30T20:23:12.0612009Z -- Installing: /tmp/seal-install/include/SEAL-3.6/seal/util/intel_seal_ext.h
replay	Build pinned Microsoft SEAL	2026-07-30T20:23:12.0613572Z -- Installing: /tmp/seal-install/include/SEAL-3.6/seal/util/iterator.h
replay	Build pinned Microsoft SEAL	2026-07-30T20:23:12.0616755Z -- Installing: /tmp/seal-install/include/SEAL-3.6/seal/util/locks.h
replay	Build pinned Microsoft SEAL	2026-07-30T20:23:12.0618016Z -- Installing: /tmp/seal-install/include/SEAL-3.6/seal/util/mempool.h
replay	Build pinned Microsoft SEAL	2026-07-30T20:23:12.0627192Z -- Installing: /tmp/seal-install/include/SEAL-3.6/seal/util/msvc.h
replay	Build pinned Microsoft SEAL	2026-07-30T20:23:12.0628046Z -- Installing: /tmp/seal-install/include/SEAL-3.6/seal/util/numth.h
replay	Build pinned Microsoft SEAL	2026-07-30T20:23:12.0628835Z -- Installing: /tmp/seal-install/include/SEAL-3.6/seal/util/pointer.h
replay	Build pinned Microsoft SEAL	2026-07-30T20:23:12.0629697Z -- Installing: /tmp/seal-install/include/SEAL-3.6/seal/util/polyarithsmallmod.h
replay	Build pinned Microsoft SEAL	2026-07-30T20:23:12.0630833Z -- Installing: /tmp/seal-install/include/SEAL-3.6/seal/util/polycore.h
replay	Build pinned Microsoft SEAL	2026-07-30T20:23:12.0631616Z -- Installing: /tmp/seal-install/include/SEAL-3.6/seal/util/rlwe.h
replay	Build pinned Microsoft SEAL	2026-07-30T20:23:12.0632356Z -- Installing: /tmp/seal-install/include/SEAL-3.6/seal/util/rns.h
replay	Build pinned Microsoft SEAL	2026-07-30T20:23:12.0633161Z -- Installing: /tmp/seal-install/include/SEAL-3.6/seal/util/scalingvariant.h
replay	Build pinned Microsoft SEAL	2026-07-30T20:23:12.0633978Z -- Installing: /tmp/seal-install/include/SEAL-3.6/seal/util/ntt.h
replay	Build pinned Microsoft SEAL	2026-07-30T20:23:12.0636192Z -- Installing: /tmp/seal-install/include/SEAL-3.6/seal/util/streambuf.h
replay	Build pinned Microsoft SEAL	2026-07-30T20:23:12.0638161Z -- Installing: /tmp/seal-install/include/SEAL-3.6/seal/util/uintarith.h
replay	Build pinned Microsoft SEAL	2026-07-30T20:23:12.0640416Z -- Installing: /tmp/seal-install/include/SEAL-3.6/seal/util/uintarithmod.h
replay	Build pinned Microsoft SEAL	2026-07-30T20:23:12.0642334Z -- Installing: /tmp/seal-install/include/SEAL-3.6/seal/util/uintarithsmallmod.h
replay	Build pinned Microsoft SEAL	2026-07-30T20:23:12.0644336Z -- Installing: /tmp/seal-install/include/SEAL-3.6/seal/util/uintcore.h
replay	Build pinned Microsoft SEAL	2026-07-30T20:23:12.0647283Z -- Installing: /tmp/seal-install/include/SEAL-3.6/seal/util/ztools.h
replay	Build pinned Microsoft EVA	﻿2026-07-30T20:23:12.0699021Z ##[group]Run set -euo pipefail
replay	Build pinned Microsoft EVA	2026-07-30T20:23:12.0699364Z [36;1mset -euo pipefail[0m
replay	Build pinned Microsoft EVA	2026-07-30T20:23:12.0699629Z [36;1mgit clone --filter=blob:none \[0m
replay	Build pinned Microsoft EVA	2026-07-30T20:23:12.0699975Z [36;1m  https://github.com/microsoft/EVA.git /tmp/EVA[0m
replay	Build pinned Microsoft EVA	2026-07-30T20:23:12.0700312Z [36;1mgit -C /tmp/EVA checkout \[0m
replay	Build pinned Microsoft EVA	2026-07-30T20:23:12.0700609Z [36;1m  4cd3254c9c51340ae30c451495ce5378135758c0[0m
replay	Build pinned Microsoft EVA	2026-07-30T20:23:12.0700954Z [36;1mtest "$(git -C /tmp/EVA rev-parse HEAD)" = \[0m
replay	Build pinned Microsoft EVA	2026-07-30T20:23:12.0701284Z [36;1m  4cd3254c9c51340ae30c451495ce5378135758c0[0m
replay	Build pinned Microsoft EVA	2026-07-30T20:23:12.0701672Z [36;1mgit -C /tmp/EVA submodule update --init third_party/pybind11[0m
replay	Build pinned Microsoft EVA	2026-07-30T20:23:12.0702087Z [36;1mcmake -S /tmp/EVA -B /tmp/EVA/build -G Ninja \[0m
replay	Build pinned Microsoft EVA	2026-07-30T20:23:12.0702407Z [36;1m  -DCMAKE_BUILD_TYPE=Release \[0m
replay	Build pinned Microsoft EVA	2026-07-30T20:23:12.0702709Z [36;1m  -DCMAKE_PREFIX_PATH=/tmp/seal-install \[0m
replay	Build pinned Microsoft EVA	2026-07-30T20:23:12.0703010Z [36;1m  -DUSE_GALOIS=OFF[0m
replay	Build pinned Microsoft EVA	2026-07-30T20:23:12.0703280Z [36;1mcmake --build /tmp/EVA/build --parallel 2[0m
replay	Build pinned Microsoft EVA	2026-07-30T20:23:12.0762138Z shell: /usr/bin/bash --noprofile --norc -e -o pipefail {0}
replay	Build pinned Microsoft EVA	2026-07-30T20:23:12.0762501Z ##[endgroup]
replay	Build pinned Microsoft EVA	2026-07-30T20:23:12.0854713Z Cloning into '/tmp/EVA'...
replay	Build pinned Microsoft EVA	2026-07-30T20:23:12.4934694Z Note: switching to '4cd3254c9c51340ae30c451495ce5378135758c0'.
replay	Build pinned Microsoft EVA	2026-07-30T20:23:12.4935092Z
replay	Build pinned Microsoft EVA	2026-07-30T20:23:12.4935326Z You are in 'detached HEAD' state. You can look around, make experimental
replay	Build pinned Microsoft EVA	2026-07-30T20:23:12.4935892Z changes and commit them, and you can discard any commits you make in this
replay	Build pinned Microsoft EVA	2026-07-30T20:23:12.4936876Z state without impacting any branches by switching back to a branch.
replay	Build pinned Microsoft EVA	2026-07-30T20:23:12.4937219Z
replay	Build pinned Microsoft EVA	2026-07-30T20:23:12.4937436Z If you want to create a new branch to retain commits you create, you may
replay	Build pinned Microsoft EVA	2026-07-30T20:23:12.4937950Z do so (now or later) by using -c with the switch command. Example:
replay	Build pinned Microsoft EVA	2026-07-30T20:23:12.4938248Z
replay	Build pinned Microsoft EVA	2026-07-30T20:23:12.4938391Z   git switch -c <new-branch-name>
replay	Build pinned Microsoft EVA	2026-07-30T20:23:12.4938585Z
replay	Build pinned Microsoft EVA	2026-07-30T20:23:12.4938694Z Or undo this operation with:
replay	Build pinned Microsoft EVA	2026-07-30T20:23:12.4938889Z
replay	Build pinned Microsoft EVA	2026-07-30T20:23:12.4938987Z   git switch -
replay	Build pinned Microsoft EVA	2026-07-30T20:23:12.4939118Z
replay	Build pinned Microsoft EVA	2026-07-30T20:23:12.4939364Z Turn off this advice by setting config variable advice.detachedHead to false
replay	Build pinned Microsoft EVA	2026-07-30T20:23:12.4939862Z
replay	Build pinned Microsoft EVA	2026-07-30T20:23:12.4940033Z HEAD is now at 4cd3254 Bump version to 1.0.1
replay	Build pinned Microsoft EVA	2026-07-30T20:23:12.5182765Z Submodule 'third_party/pybind11' (https://github.com/pybind/pybind11) registered for path 'third_party/pybind11'
replay	Build pinned Microsoft EVA	2026-07-30T20:23:12.5210341Z Cloning into '/tmp/EVA/third_party/pybind11'...
replay	Build pinned Microsoft EVA	2026-07-30T20:23:13.6598844Z Submodule path 'third_party/pybind11': checked out 'f1abf5d9159b805674197f6bc443592e631c9130'
replay	Build pinned Microsoft EVA	2026-07-30T20:23:13.7205597Z -- The CXX compiler identification is GNU 11.4.0
replay	Build pinned Microsoft EVA	2026-07-30T20:23:13.7294678Z -- Detecting CXX compiler ABI info
replay	Build pinned Microsoft EVA	2026-07-30T20:23:13.7908971Z -- Detecting CXX compiler ABI info - done
replay	Build pinned Microsoft EVA	2026-07-30T20:23:13.8084366Z -- Check for working CXX compiler: /usr/bin/c++ - skipped
replay	Build pinned Microsoft EVA	2026-07-30T20:23:13.8087814Z -- Detecting CXX compile features
replay	Build pinned Microsoft EVA	2026-07-30T20:23:13.8094266Z -- Detecting CXX compile features - done
replay	Build pinned Microsoft EVA	2026-07-30T20:23:13.8213865Z -- Performing Test CMAKE_HAVE_LIBC_PTHREAD
replay	Build pinned Microsoft EVA	2026-07-30T20:23:13.8930181Z -- Performing Test CMAKE_HAVE_LIBC_PTHREAD - Success
replay	Build pinned Microsoft EVA	2026-07-30T20:23:13.8939589Z -- Found Threads: TRUE
replay	Build pinned Microsoft EVA	2026-07-30T20:23:13.8945635Z -- Microsoft SEAL -> Version 3.6.4 detected
replay	Build pinned Microsoft EVA	2026-07-30T20:23:13.8951185Z -- Microsoft SEAL -> Targets available: SEAL::seal
replay	Build pinned Microsoft EVA	2026-07-30T20:23:13.9225781Z -- Found Protobuf: /usr/lib/x86_64-linux-gnu/libprotobuf.so (found suitable version "3.12.4", minimum required is "3.6")
replay	Build pinned Microsoft EVA	2026-07-30T20:23:14.8714446Z -- Found Python: /usr/bin/python3.10 (found version "3.10.12") found components: Interpreter Development Development.Module Development.Embed
replay	Build pinned Microsoft EVA	2026-07-30T20:23:14.8723875Z CMake Deprecation Warning at third_party/pybind11/CMakeLists.txt:8 (cmake_minimum_required):
replay	Build pinned Microsoft EVA	2026-07-30T20:23:14.8725099Z   Compatibility with CMake < 3.10 will be removed from a future version of
replay	Build pinned Microsoft EVA	2026-07-30T20:23:14.8725607Z   CMake.
replay	Build pinned Microsoft EVA	2026-07-30T20:23:14.8726285Z
replay	Build pinned Microsoft EVA	2026-07-30T20:23:14.8726557Z   Update the VERSION argument <min> value.  Or, use the <min>...<max> syntax
replay	Build pinned Microsoft EVA	2026-07-30T20:23:14.8727206Z   to tell CMake that the project requires at least <min> but has been updated
replay	Build pinned Microsoft EVA	2026-07-30T20:23:14.8727766Z   to work with policies introduced by <max> or earlier.
replay	Build pinned Microsoft EVA	2026-07-30T20:23:14.8728067Z
replay	Build pinned Microsoft EVA	2026-07-30T20:23:14.8728071Z
replay	Build pinned Microsoft EVA	2026-07-30T20:23:14.8767333Z -- pybind11 v2.6.1
replay	Build pinned Microsoft EVA	2026-07-30T20:23:14.9237035Z -- Performing Test HAS_FLTO
replay	Build pinned Microsoft EVA	2026-07-30T20:23:15.6123040Z -- Performing Test HAS_FLTO - Success
replay	Build pinned Microsoft EVA	2026-07-30T20:23:15.6180804Z -- Configuring done (2.0s)
replay	Build pinned Microsoft EVA	2026-07-30T20:23:15.6287714Z -- Generating done (0.0s)
replay	Build pinned Microsoft EVA	2026-07-30T20:23:15.6291579Z -- Build files have been written to: /tmp/EVA/build
replay	Build pinned Microsoft EVA	2026-07-30T20:23:15.6431645Z [1/27] Running cpp protocol buffer compiler on known_type.proto
replay	Build pinned Microsoft EVA	2026-07-30T20:23:15.6457020Z [2/27] Running cpp protocol buffer compiler on eva.proto
replay	Build pinned Microsoft EVA	2026-07-30T20:23:15.6486449Z [3/27] Running cpp protocol buffer compiler on ckks.proto
replay	Build pinned Microsoft EVA	2026-07-30T20:23:15.6518882Z [4/27] Running cpp protocol buffer compiler on seal.proto
replay	Build pinned Microsoft EVA	2026-07-30T20:23:15.8084698Z [5/27] Building CXX object eva/CMakeFiles/eva.dir/version.cpp.o
replay	Build pinned Microsoft EVA	2026-07-30T20:23:16.1607702Z [6/27] Building CXX object eva/CMakeFiles/eva.dir/util/logging.cpp.o
replay	Build pinned Microsoft EVA	2026-07-30T20:23:18.8254301Z [7/27] Building CXX object eva/CMakeFiles/eva.dir/eva.cpp.o
replay	Build pinned Microsoft EVA	2026-07-30T20:23:18.9348817Z [8/27] Building CXX object eva/CMakeFiles/eva.dir/serialization/known_type.cpp.o
replay	Build pinned Microsoft EVA	2026-07-30T20:23:20.6728829Z [9/27] Building CXX object eva/CMakeFiles/eva.dir/serialization/eva_serialization.cpp.o
replay	Build pinned Microsoft EVA	2026-07-30T20:23:21.0827939Z [10/27] Building CXX object eva/CMakeFiles/eva.dir/serialization/save_load.cpp.o
replay	Build pinned Microsoft EVA	2026-07-30T20:23:21.8989375Z [11/27] Building CXX object eva/CMakeFiles/eva.dir/serialization/ckks_serialization.cpp.o
replay	Build pinned Microsoft EVA	2026-07-30T20:23:23.2123972Z [12/27] Building CXX object eva/CMakeFiles/eva.dir/ir/term.cpp.o
replay	Build pinned Microsoft EVA	2026-07-30T20:23:24.9407411Z [13/27] Building CXX object eva/CMakeFiles/eva.dir/serialization/seal_serialization.cpp.o
replay	Build pinned Microsoft EVA	2026-07-30T20:23:25.3316427Z [14/27] Building CXX object eva/CMakeFiles/eva.dir/ir/program.cpp.o
replay	Build pinned Microsoft EVA	2026-07-30T20:23:25.8963982Z [15/27] Building CXX object eva/CMakeFiles/eva.dir/ir/attribute_list.cpp.o
replay	Build pinned Microsoft EVA	2026-07-30T20:23:26.1147041Z [16/27] Building CXX object eva/CMakeFiles/eva.dir/ir/attributes.cpp.o
replay	Build pinned Microsoft EVA	2026-07-30T20:23:26.6151300Z [17/27] Building CXX object eva/CMakeFiles/eva.dir/ckks/ckks_config.cpp.o
replay	Build pinned Microsoft EVA	2026-07-30T20:23:27.0946208Z [18/27] Building CXX object eva/CMakeFiles/eva.dir/common/reference_executor.cpp.o
replay	Build pinned Microsoft EVA	2026-07-30T20:23:27.8954917Z [19/27] Building CXX object eva/serialization/CMakeFiles/protobuf.dir/known_type.pb.cc.o
replay	Build pinned Microsoft EVA	2026-07-30T20:23:29.2724648Z [20/27] Building CXX object eva/serialization/CMakeFiles/protobuf.dir/eva.pb.cc.o
replay	Build pinned Microsoft EVA	2026-07-30T20:23:31.3805714Z [21/27] Building CXX object eva/CMakeFiles/eva.dir/seal/seal.cpp.o
replay	Build pinned Microsoft EVA	2026-07-30T20:23:31.5779647Z [22/27] Building CXX object eva/serialization/CMakeFiles/protobuf.dir/ckks.pb.cc.o
replay	Build pinned Microsoft EVA	2026-07-30T20:23:34.0289857Z [23/27] Building CXX object eva/serialization/CMakeFiles/protobuf.dir/seal.pb.cc.o
replay	Build pinned Microsoft EVA	2026-07-30T20:23:34.1535059Z [24/27] Linking CXX static library eva/libeva.a
replay	Build pinned Microsoft EVA	2026-07-30T20:23:38.6372154Z [25/27] Building CXX object python/eva/CMakeFiles/eva_py.dir/wrapper.cpp.o
replay	Build pinned Microsoft EVA	2026-07-30T20:23:46.1160752Z [26/27] Linking CXX shared module python/eva/_eva.cpython-310-x86_64-linux-gnu.so
replay	Build pinned Microsoft EVA	2026-07-30T20:23:46.1161663Z lto-wrapper: warning: using serial compilation of 8 LTRANS jobs
replay	Build pinned Microsoft EVA	2026-07-30T20:23:46.1197881Z [27/27] Running utility command for python
replay	Execute all scale-sensitivity validation arms	﻿2026-07-30T20:23:46.1298484Z ##[group]Run set -euo pipefail
replay	Execute all scale-sensitivity validation arms	2026-07-30T20:23:46.1298820Z [36;1mset -euo pipefail[0m
replay	Execute all scale-sensitivity validation arms	2026-07-30T20:23:46.1299136Z [36;1mpython3 scripts/run_eva_native_scale_sensitivity.py \[0m
replay	Execute all scale-sensitivity validation arms	2026-07-30T20:23:46.1299489Z [36;1m  --eva-root /tmp/EVA \[0m
replay	Execute all scale-sensitivity validation arms	2026-07-30T20:23:46.1299734Z [36;1m  --seal-root /tmp/SEAL \[0m
replay	Execute all scale-sensitivity validation arms	2026-07-30T20:23:46.1300037Z [36;1m  --output-root eva-native-scale-sensitivity \[0m
replay	Execute all scale-sensitivity validation arms	2026-07-30T20:23:46.1300461Z [36;1m  --source-commit "7c766677eeef7d0cfdf6d74e7b49b3e2b7b1f90f" \[0m
replay	Execute all scale-sensitivity validation arms	2026-07-30T20:23:46.1300840Z [36;1m  --action-run-id "30578837843"[0m
replay	Execute all scale-sensitivity validation arms	2026-07-30T20:23:46.1356907Z shell: /usr/bin/bash --noprofile --norc -e -o pipefail {0}
replay	Execute all scale-sensitivity validation arms	2026-07-30T20:23:46.1357256Z env:
replay	Execute all scale-sensitivity validation arms	2026-07-30T20:23:46.1357452Z   PYTHONPATH: /tmp/EVA/build/python
replay	Execute all scale-sensitivity validation arms	2026-07-30T20:23:46.1357702Z ##[endgroup]
replay	Execute all scale-sensitivity validation arms	2026-07-30T20:23:46.5260471Z WARNING: Program specifies vector size 1 while at least 8192 slots are required for security. This does not affect correctness, as the smaller vector size will be transparently emulated. However, using a vector size up to 8192 would come at no additional cost.
replay	Execute all scale-sensitivity validation arms	2026-07-30T20:23:48.8460431Z WARNING: Program specifies vector size 1 while at least 8192 slots are required for security. This does not affect correctness, as the smaller vector size will be transparently emulated. However, using a vector size up to 8192 would come at no additional cost.
replay	Execute all scale-sensitivity validation arms	2026-07-30T20:23:51.1491254Z WARNING: Program specifies vector size 1 while at least 8192 slots are required for security. This does not affect correctness, as the smaller vector size will be transparently emulated. However, using a vector size up to 8192 would come at no additional cost.
replay	Execute all scale-sensitivity validation arms	2026-07-30T20:23:57.4313600Z {
replay	Execute all scale-sensitivity validation arms	2026-07-30T20:23:57.4314038Z   "accounting": {
replay	Execute all scale-sensitivity validation arms	2026-07-30T20:23:57.4314429Z     "candidate_trials": 3,
replay	Execute all scale-sensitivity validation arms	2026-07-30T20:23:57.4314842Z     "locked_audit_encrypted_sample_evaluations": 48,
replay	Execute all scale-sensitivity validation arms	2026-07-30T20:23:57.4315392Z     "locked_audit_key_runs": 3,
replay	Execute all scale-sensitivity validation arms	2026-07-30T20:23:57.4315846Z     "repair_calls": 0,
replay	Execute all scale-sensitivity validation arms	2026-07-30T20:23:57.4316525Z     "retuning": 0,
replay	Execute all scale-sensitivity validation arms	2026-07-30T20:23:57.4316935Z     "synthesis_calls": 0,
replay	Execute all scale-sensitivity validation arms	2026-07-30T20:23:57.4317438Z     "validation_encrypted_sample_evaluations": 126,
replay	Execute all scale-sensitivity validation arms	2026-07-30T20:23:57.4318042Z     "validation_key_runs": 9
replay	Execute all scale-sensitivity validation arms	2026-07-30T20:23:57.4318466Z   },
replay	Execute all scale-sensitivity validation arms	2026-07-30T20:23:57.4318814Z   "action_run_id": "30578837843",
replay	Execute all scale-sensitivity validation arms	2026-07-30T20:23:57.4319266Z   "arms": [
replay	Execute all scale-sensitivity validation arms	2026-07-30T20:23:57.4319590Z     {
replay	Execute all scale-sensitivity validation arms	2026-07-30T20:23:57.4320149Z       "candidate_id": "eva_native_scale20_N14_QP240_403b0d9e5ee9",
replay	Execute all scale-sensitivity validation arms	2026-07-30T20:23:57.4320797Z       "compilation_status": "OK",
replay	Execute all scale-sensitivity validation arms	2026-07-30T20:23:57.4321419Z       "compiled_program_path": "compiled_scale_20.dot",
replay	Execute all scale-sensitivity validation arms	2026-07-30T20:23:57.4322701Z       "compiled_program_semantic_sha256": "sha256:403b0d9e5ee96ff9484c0ad598ac73355c03e907d23996b8a882e2d28fd12513",
replay	Execute all scale-sensitivity validation arms	2026-07-30T20:23:57.4324131Z       "compiled_program_sha256": "sha256:565eda32d24d5fe61434b6757c269fbe62ea2e4728f5b6208aa6910610db5a23",
replay	Execute all scale-sensitivity validation arms	2026-07-30T20:23:57.4324770Z       "input_scale_bits": 20,
replay	Execute all scale-sensitivity validation arms	2026-07-30T20:23:57.4325131Z       "poly_modulus_degree": 16384,
replay	Execute all scale-sensitivity validation arms	2026-07-30T20:23:57.4325428Z       "prime_bits": [
replay	Execute all scale-sensitivity validation arms	2026-07-30T20:23:57.4325653Z         60,
replay	Execute all scale-sensitivity validation arms	2026-07-30T20:23:57.4325845Z         60,
replay	Execute all scale-sensitivity validation arms	2026-07-30T20:23:57.4326321Z         60,
replay	Execute all scale-sensitivity validation arms	2026-07-30T20:23:57.4326536Z         60
replay	Execute all scale-sensitivity validation arms	2026-07-30T20:23:57.4326727Z       ],
replay	Execute all scale-sensitivity validation arms	2026-07-30T20:23:57.4326933Z       "security_reference": {
replay	Execute all scale-sensitivity validation arms	2026-07-30T20:23:57.4327189Z         "cap": 430,
replay	Execute all scale-sensitivity validation arms	2026-07-30T20:23:57.4327730Z         "ciphertext_q_admission": "PASS",
replay	Execute all scale-sensitivity validation arms	2026-07-30T20:23:57.4328072Z         "evaluation_key_qp_admission": "PASS",
replay	Execute all scale-sensitivity validation arms	2026-07-30T20:23:57.4328405Z         "final_admission": "PASS",
replay	Execute all scale-sensitivity validation arms	2026-07-30T20:23:57.4328691Z         "headroom_bits": 190,
replay	Execute all scale-sensitivity validation arms	2026-07-30T20:23:57.4328947Z         "log_n": 14,
replay	Execute all scale-sensitivity validation arms	2026-07-30T20:23:57.4329168Z         "log_p": 60,
replay	Execute all scale-sensitivity validation arms	2026-07-30T20:23:57.4329389Z         "log_q": 180,
replay	Execute all scale-sensitivity validation arms	2026-07-30T20:23:57.4329614Z         "log_qp": 240,
replay	Execute all scale-sensitivity validation arms	2026-07-30T20:23:57.4329851Z         "p_prime_bits": [
replay	Execute all scale-sensitivity validation arms	2026-07-30T20:23:57.4330097Z           60
replay	Execute all scale-sensitivity validation arms	2026-07-30T20:23:57.4330295Z         ],
replay	Execute all scale-sensitivity validation arms	2026-07-30T20:23:57.4330498Z         "q_prime_bits": [
replay	Execute all scale-sensitivity validation arms	2026-07-30T20:23:57.4330945Z           60,
replay	Execute all scale-sensitivity validation arms	2026-07-30T20:23:57.4331144Z           60,
replay	Execute all scale-sensitivity validation arms	2026-07-30T20:23:57.4331338Z           60
replay	Execute all scale-sensitivity validation arms	2026-07-30T20:23:57.4331530Z         ]
replay	Execute all scale-sensitivity validation arms	2026-07-30T20:23:57.4331718Z       },
replay	Execute all scale-sensitivity validation arms	2026-07-30T20:23:57.4331916Z       "validation": {
replay	Execute all scale-sensitivity validation arms	2026-07-30T20:23:57.4332146Z         "counts": {
replay	Execute all scale-sensitivity validation arms	2026-07-30T20:23:57.4332375Z           "decision_flips": 21,
replay	Execute all scale-sensitivity validation arms	2026-07-30T20:23:57.4332657Z           "error_violations": 42,
replay	Execute all scale-sensitivity validation arms	2026-07-30T20:23:57.4332943Z           "execution_failures": 0,
replay	Execute all scale-sensitivity validation arms	2026-07-30T20:23:57.4333223Z           "key_repeats": 3,
replay	Execute all scale-sensitivity validation arms	2026-07-30T20:23:57.4333503Z           "max_absolute_error": 3.922299876704275,
replay	Execute all scale-sensitivity validation arms	2026-07-30T20:23:57.4333875Z           "max_normalized_budget_usage": 121.32274686191482,
replay	Execute all scale-sensitivity validation arms	2026-07-30T20:23:57.4334228Z           "observations": 42,
replay	Execute all scale-sensitivity validation arms	2026-07-30T20:23:57.4334494Z           "sample_count": 14
replay	Execute all scale-sensitivity validation arms	2026-07-30T20:23:57.4334740Z         },
replay	Execute all scale-sensitivity validation arms	2026-07-30T20:23:57.4334976Z         "ledger_path": "validation_scale_20.csv",
replay	Execute all scale-sensitivity validation arms	2026-07-30T20:23:57.4335304Z         "status": "REJECTED"
replay	Execute all scale-sensitivity validation arms	2026-07-30T20:23:57.4335552Z       }
replay	Execute all scale-sensitivity validation arms	2026-07-30T20:23:57.4335740Z     },
replay	Execute all scale-sensitivity validation arms	2026-07-30T20:23:57.4336171Z     {
replay	Execute all scale-sensitivity validation arms	2026-07-30T20:23:57.4336425Z       "candidate_id": "eva_native_scale30_N14_QP240_ef28317b2a3d",
replay	Execute all scale-sensitivity validation arms	2026-07-30T20:23:57.4336758Z       "compilation_status": "OK",
replay	Execute all scale-sensitivity validation arms	2026-07-30T20:23:57.4337038Z       "compiled_program_path": "compiled_scale_30.dot",
replay	Execute all scale-sensitivity validation arms	2026-07-30T20:23:57.4337582Z       "compiled_program_semantic_sha256": "sha256:ef28317b2a3db3141e6d2ce3036709aacbcb8738f3047c2b2ff4126968997088",
replay	Execute all scale-sensitivity validation arms	2026-07-30T20:23:57.4338299Z       "compiled_program_sha256": "sha256:0a3ee52b1fa73107143c6739eddc05803b26ea9cf3fef0d1f447ab6f6d3346a3",
replay	Execute all scale-sensitivity validation arms	2026-07-30T20:23:57.4338769Z       "input_scale_bits": 30,
replay	Execute all scale-sensitivity validation arms	2026-07-30T20:23:57.4338997Z       "poly_modulus_degree": 16384,
replay	Execute all scale-sensitivity validation arms	2026-07-30T20:23:57.4339230Z       "prime_bits": [
replay	Execute all scale-sensitivity validation arms	2026-07-30T20:23:57.4339411Z         60,
replay	Execute all scale-sensitivity validation arms	2026-07-30T20:23:57.4339568Z         60,
replay	Execute all scale-sensitivity validation arms	2026-07-30T20:23:57.4339722Z         60,
replay	Execute all scale-sensitivity validation arms	2026-07-30T20:23:57.4339876Z         60
replay	Execute all scale-sensitivity validation arms	2026-07-30T20:23:57.4340030Z       ],
replay	Execute all scale-sensitivity validation arms	2026-07-30T20:23:57.4340201Z       "security_reference": {
replay	Execute all scale-sensitivity validation arms	2026-07-30T20:23:57.4340413Z         "cap": 430,
replay	Execute all scale-sensitivity validation arms	2026-07-30T20:23:57.4340614Z         "ciphertext_q_admission": "PASS",
replay	Execute all scale-sensitivity validation arms	2026-07-30T20:23:57.4340886Z         "evaluation_key_qp_admission": "PASS",
replay	Execute all scale-sensitivity validation arms	2026-07-30T20:23:57.4341151Z         "final_admission": "PASS",
replay	Execute all scale-sensitivity validation arms	2026-07-30T20:23:57.4341380Z         "headroom_bits": 190,
replay	Execute all scale-sensitivity validation arms	2026-07-30T20:23:57.4341591Z         "log_n": 14,
replay	Execute all scale-sensitivity validation arms	2026-07-30T20:23:57.4341777Z         "log_p": 60,
replay	Execute all scale-sensitivity validation arms	2026-07-30T20:23:57.4341958Z         "log_q": 180,
replay	Execute all scale-sensitivity validation arms	2026-07-30T20:23:57.4342142Z         "log_qp": 240,
replay	Execute all scale-sensitivity validation arms	2026-07-30T20:23:57.4342334Z         "p_prime_bits": [
replay	Execute all scale-sensitivity validation arms	2026-07-30T20:23:57.4342528Z           60
replay	Execute all scale-sensitivity validation arms	2026-07-30T20:23:57.4342691Z         ],
replay	Execute all scale-sensitivity validation arms	2026-07-30T20:23:57.4342856Z         "q_prime_bits": [
replay	Execute all scale-sensitivity validation arms	2026-07-30T20:23:57.4343044Z           60,
replay	Execute all scale-sensitivity validation arms	2026-07-30T20:23:57.4343207Z           60,
replay	Execute all scale-sensitivity validation arms	2026-07-30T20:23:57.4343369Z           60
replay	Execute all scale-sensitivity validation arms	2026-07-30T20:23:57.4343527Z         ]
replay	Execute all scale-sensitivity validation arms	2026-07-30T20:23:57.4343682Z       },
replay	Execute all scale-sensitivity validation arms	2026-07-30T20:23:57.4343844Z       "validation": {
replay	Execute all scale-sensitivity validation arms	2026-07-30T20:23:57.4344033Z         "counts": {
replay	Execute all scale-sensitivity validation arms	2026-07-30T20:23:57.4344223Z           "decision_flips": 0,
replay	Execute all scale-sensitivity validation arms	2026-07-30T20:23:57.4344447Z           "error_violations": 0,
replay	Execute all scale-sensitivity validation arms	2026-07-30T20:23:57.4344674Z           "execution_failures": 0,
replay	Execute all scale-sensitivity validation arms	2026-07-30T20:23:57.4344900Z           "key_repeats": 3,
replay	Execute all scale-sensitivity validation arms	2026-07-30T20:23:57.4345133Z           "max_absolute_error": 0.0027799956613847043,
replay	Execute all scale-sensitivity validation arms	2026-07-30T20:23:57.4345592Z           "max_normalized_budget_usage": 0.09092431774023368,
replay	Execute all scale-sensitivity validation arms	2026-07-30T20:23:57.4346084Z           "observations": 42,
replay	Execute all scale-sensitivity validation arms	2026-07-30T20:23:57.4346322Z           "sample_count": 14
replay	Execute all scale-sensitivity validation arms	2026-07-30T20:23:57.4346524Z         },
replay	Execute all scale-sensitivity validation arms	2026-07-30T20:23:57.4346714Z         "ledger_path": "validation_scale_30.csv",
replay	Execute all scale-sensitivity validation arms	2026-07-30T20:23:57.4346978Z         "status": "SAFE"
replay	Execute all scale-sensitivity validation arms	2026-07-30T20:23:57.4347168Z       }
replay	Execute all scale-sensitivity validation arms	2026-07-30T20:23:57.4347321Z     },
replay	Execute all scale-sensitivity validation arms	2026-07-30T20:23:57.4347473Z     {
replay	Execute all scale-sensitivity validation arms	2026-07-30T20:23:57.4347707Z       "candidate_id": "eva_native_scale40_N14_QP320_eeed1dcd1ccb",
replay	Execute all scale-sensitivity validation arms	2026-07-30T20:23:57.4348028Z       "compilation_status": "OK",
replay	Execute all scale-sensitivity validation arms	2026-07-30T20:23:57.4348449Z       "compiled_program_path": "compiled_scale_40.dot",
replay	Execute all scale-sensitivity validation arms	2026-07-30T20:23:57.4348983Z       "compiled_program_semantic_sha256": "sha256:eeed1dcd1ccba56b1b1a5885336644550e7da1c9df36404d96e0bcca99f76275",
replay	Execute all scale-sensitivity validation arms	2026-07-30T20:23:57.4349700Z       "compiled_program_sha256": "sha256:53589456e10cba29474cc10f6b94e4cfbf9cf3f6007f371b64f64d22873bd005",
replay	Execute all scale-sensitivity validation arms	2026-07-30T20:23:57.4350176Z       "input_scale_bits": 40,
replay	Execute all scale-sensitivity validation arms	2026-07-30T20:23:57.4350403Z       "poly_modulus_degree": 16384,
replay	Execute all scale-sensitivity validation arms	2026-07-30T20:23:57.4350635Z       "prime_bits": [
replay	Execute all scale-sensitivity validation arms	2026-07-30T20:23:57.4350818Z         60,
replay	Execute all scale-sensitivity validation arms	2026-07-30T20:23:57.4350980Z         20,
replay	Execute all scale-sensitivity validation arms	2026-07-30T20:23:57.4351137Z         60,
replay	Execute all scale-sensitivity validation arms	2026-07-30T20:23:57.4351291Z         60,
replay	Execute all scale-sensitivity validation arms	2026-07-30T20:23:57.4351443Z         60,
replay	Execute all scale-sensitivity validation arms	2026-07-30T20:23:57.4351605Z         60
replay	Execute all scale-sensitivity validation arms	2026-07-30T20:23:57.4351760Z       ],
replay	Execute all scale-sensitivity validation arms	2026-07-30T20:23:57.4351928Z       "security_reference": {
replay	Execute all scale-sensitivity validation arms	2026-07-30T20:23:57.4352138Z         "cap": 430,
replay	Execute all scale-sensitivity validation arms	2026-07-30T20:23:57.4352337Z         "ciphertext_q_admission": "PASS",
replay	Execute all scale-sensitivity validation arms	2026-07-30T20:23:57.4352610Z         "evaluation_key_qp_admission": "PASS",
replay	Execute all scale-sensitivity validation arms	2026-07-30T20:23:57.4352977Z         "final_admission": "PASS",
replay	Execute all scale-sensitivity validation arms	2026-07-30T20:23:57.4353208Z         "headroom_bits": 110,
replay	Execute all scale-sensitivity validation arms	2026-07-30T20:23:57.4353418Z         "log_n": 14,
replay	Execute all scale-sensitivity validation arms	2026-07-30T20:23:57.4353599Z         "log_p": 60,
replay	Execute all scale-sensitivity validation arms	2026-07-30T20:23:57.4353780Z         "log_q": 260,
replay	Execute all scale-sensitivity validation arms	2026-07-30T20:23:57.4353965Z         "log_qp": 320,
replay	Execute all scale-sensitivity validation arms	2026-07-30T20:23:57.4354165Z         "p_prime_bits": [
replay	Execute all scale-sensitivity validation arms	2026-07-30T20:23:57.4354357Z           60
replay	Execute all scale-sensitivity validation arms	2026-07-30T20:23:57.4354520Z         ],
replay	Execute all scale-sensitivity validation arms	2026-07-30T20:23:57.4354686Z         "q_prime_bits": [
replay	Execute all scale-sensitivity validation arms	2026-07-30T20:23:57.4354875Z           60,
replay	Execute all scale-sensitivity validation arms	2026-07-30T20:23:57.4355033Z           20,
replay	Execute all scale-sensitivity validation arms	2026-07-30T20:23:57.4355192Z           60,
replay	Execute all scale-sensitivity validation arms	2026-07-30T20:23:57.4355348Z           60,
replay	Execute all scale-sensitivity validation arms	2026-07-30T20:23:57.4355502Z           60
replay	Execute all scale-sensitivity validation arms	2026-07-30T20:23:57.4355659Z         ]
replay	Execute all scale-sensitivity validation arms	2026-07-30T20:23:57.4355814Z       },
replay	Execute all scale-sensitivity validation arms	2026-07-30T20:23:57.4356311Z       "validation": {
replay	Execute all scale-sensitivity validation arms	2026-07-30T20:23:57.4356510Z         "counts": {
replay	Execute all scale-sensitivity validation arms	2026-07-30T20:23:57.4356695Z           "decision_flips": 0,
replay	Execute all scale-sensitivity validation arms	2026-07-30T20:23:57.4356922Z           "error_violations": 0,
replay	Execute all scale-sensitivity validation arms	2026-07-30T20:23:57.4357148Z           "execution_failures": 0,
replay	Execute all scale-sensitivity validation arms	2026-07-30T20:23:57.4357375Z           "key_repeats": 3,
replay	Execute all scale-sensitivity validation arms	2026-07-30T20:23:57.4357608Z           "max_absolute_error": 1.044706465780365e-08,
replay	Execute all scale-sensitivity validation arms	2026-07-30T20:23:57.4357920Z           "max_normalized_budget_usage": 1.1073997885185843e-07,
replay	Execute all scale-sensitivity validation arms	2026-07-30T20:23:57.4358222Z           "observations": 42,
replay	Execute all scale-sensitivity validation arms	2026-07-30T20:23:57.4358436Z           "sample_count": 14
replay	Execute all scale-sensitivity validation arms	2026-07-30T20:23:57.4358632Z         },
replay	Execute all scale-sensitivity validation arms	2026-07-30T20:23:57.4358823Z         "ledger_path": "validation_scale_40.csv",
replay	Execute all scale-sensitivity validation arms	2026-07-30T20:23:57.4359085Z         "status": "SAFE"
replay	Execute all scale-sensitivity validation arms	2026-07-30T20:23:57.4359275Z       }
replay	Execute all scale-sensitivity validation arms	2026-07-30T20:23:57.4359433Z     }
replay	Execute all scale-sensitivity validation arms	2026-07-30T20:23:57.4359588Z   ],
replay	Execute all scale-sensitivity validation arms	2026-07-30T20:23:57.4359750Z   "claim_states": {
replay	Execute all scale-sensitivity validation arms	2026-07-30T20:23:57.4360002Z     "cross_runtime_numerical_equivalence": "NOT_EVALUATED",
replay	Execute all scale-sensitivity validation arms	2026-07-30T20:23:57.4360375Z     "external_precision_sensitivity": "PARTIALLY_SUPPORTED",
replay	Execute all scale-sensitivity validation arms	2026-07-30T20:23:57.4360793Z     "general_external_compiler_interoperability": "PARTIALLY_SUPPORTED",
replay	Execute all scale-sensitivity validation arms	2026-07-30T20:23:57.4361211Z     "native_eva_safe_candidate_locked_audit": "SUPPORTED",
replay	Execute all scale-sensitivity validation arms	2026-07-30T20:23:57.4361585Z     "original_scale20_candidate_decision_certification": "BLOCKED"
replay	Execute all scale-sensitivity validation arms	2026-07-30T20:23:57.4361897Z   },
replay	Execute all scale-sensitivity validation arms	2026-07-30T20:23:57.4362201Z   "classification": "POST_REJECTION_PROSPECTIVE_NATIVE_EVA_PRECISION_SENSITIVITY",
replay	Execute all scale-sensitivity validation arms	2026-07-30T20:23:57.4362943Z   "contract_sha256": "sha256:7b35a83e4cfcb2c87b40d45ee8e66e9a4a7b89e58ad78b89d40d6e59df9c2a97",
replay	Execute all scale-sensitivity validation arms	2026-07-30T20:23:57.4363580Z   "direct_policy_digest": "sha256:503240fbf1f0bb1c43c8ed216ae6360771cc3b23ff4224efa84926f470646603",
replay	Execute all scale-sensitivity validation arms	2026-07-30T20:23:57.4364164Z   "evaluation_role": "seed0_development_external_compiler_precision_sensitivity",
replay	Execute all scale-sensitivity validation arms	2026-07-30T20:23:57.4364541Z   "locked_audit": {
replay	Execute all scale-sensitivity validation arms	2026-07-30T20:23:57.4364726Z     "counts": {
replay	Execute all scale-sensitivity validation arms	2026-07-30T20:23:57.4364910Z       "decision_flips": 0,
replay	Execute all scale-sensitivity validation arms	2026-07-30T20:23:57.4365122Z       "error_violations": 0,
replay	Execute all scale-sensitivity validation arms	2026-07-30T20:23:57.4365349Z       "execution_failures": 0,
replay	Execute all scale-sensitivity validation arms	2026-07-30T20:23:57.4365773Z       "key_repeats": 3,
replay	Execute all scale-sensitivity validation arms	2026-07-30T20:23:57.4366266Z       "max_absolute_error": 0.002509519832983864,
replay	Execute all scale-sensitivity validation arms	2026-07-30T20:23:57.4366599Z       "max_normalized_budget_usage": 0.05504598114997791,
replay	Execute all scale-sensitivity validation arms	2026-07-30T20:23:57.4366889Z       "observations": 48,
replay	Execute all scale-sensitivity validation arms	2026-07-30T20:23:57.4367096Z       "sample_count": 16
replay	Execute all scale-sensitivity validation arms	2026-07-30T20:23:57.4367288Z     },
replay	Execute all scale-sensitivity validation arms	2026-07-30T20:23:57.4367494Z     "ledger_path": "locked_audit_selected.csv",
replay	Execute all scale-sensitivity validation arms	2026-07-30T20:23:57.4367760Z     "retuning": 0,
replay	Execute all scale-sensitivity validation arms	2026-07-30T20:23:57.4367941Z     "status": "SAFE"
replay	Execute all scale-sensitivity validation arms	2026-07-30T20:23:57.4368117Z   },
replay	Execute all scale-sensitivity validation arms	2026-07-30T20:23:57.4368556Z   "original_native_evidence_manifest_sha256": "sha256:a8a0ad63c50c6f806fa50adce43686d59c67f5817c8f01fab63aa8f41c1f4581",
replay	Execute all scale-sensitivity validation arms	2026-07-30T20:23:57.4369092Z   "outcome": "SELECTED_AUDIT_PASS",
replay	Execute all scale-sensitivity validation arms	2026-07-30T20:23:57.4369337Z   "paper_claim_allowed": false,
replay	Execute all scale-sensitivity validation arms	2026-07-30T20:23:57.4369570Z   "policy_modifications": 0,
replay	Execute all scale-sensitivity validation arms	2026-07-30T20:23:57.4369784Z   "retuning": 0,
replay	Execute all scale-sensitivity validation arms	2026-07-30T20:23:57.4369959Z   "runtime": {
replay	Execute all scale-sensitivity validation arms	2026-07-30T20:23:57.4370144Z     "backend": "native_eva_seal",
replay	Execute all scale-sensitivity validation arms	2026-07-30T20:23:57.4370432Z     "eva_commit": "4cd3254c9c51340ae30c451495ce5378135758c0",
replay	Execute all scale-sensitivity validation arms	2026-07-30T20:23:57.4370773Z     "native_seal_error": "centered_binomial_stddev_3.2",
replay	Execute all scale-sensitivity validation arms	2026-07-30T20:23:57.4371096Z     "native_seal_secret": "uniform_ternary_-1_0_1",
replay	Execute all scale-sensitivity validation arms	2026-07-30T20:23:57.4371444Z     "platform": "Linux-6.8.0-1062-azure-x86_64-with-glibc2.35",
replay	Execute all scale-sensitivity validation arms	2026-07-30T20:23:57.4371769Z     "python": "3.10.12",
replay	Execute all scale-sensitivity validation arms	2026-07-30T20:23:57.4372032Z     "seal_commit": "0b058d99b7f18a00e5ebb2b80caee593804b0500"
replay	Execute all scale-sensitivity validation arms	2026-07-30T20:23:57.4372316Z   },
replay	Execute all scale-sensitivity validation arms	2026-07-30T20:23:57.4372594Z   "runtime_security_claim": "NOT_EVALUATED_DIFFERENT_RUNTIME_DISTRIBUTION",
replay	Execute all scale-sensitivity validation arms	2026-07-30T20:23:57.4373053Z   "schema_version": "flipguard_eva_native_scale_sensitivity_result_v1",
replay	Execute all scale-sensitivity validation arms	2026-07-30T20:23:57.4373599Z   "security_policy_digest": "sha256:855d44820387879ea5cce97b945bbb7e14d869f1a1672cf4d4842713b743a055",
replay	Execute all scale-sensitivity validation arms	2026-07-30T20:23:57.4374048Z   "selected": {
replay	Execute all scale-sensitivity validation arms	2026-07-30T20:23:57.4374295Z     "candidate_id": "eva_native_scale30_N14_QP240_ef28317b2a3d",
replay	Execute all scale-sensitivity validation arms	2026-07-30T20:23:57.4374848Z     "compiled_program_semantic_sha256": "sha256:ef28317b2a3db3141e6d2ce3036709aacbcb8738f3047c2b2ff4126968997088",
replay	Execute all scale-sensitivity validation arms	2026-07-30T20:23:57.4375566Z     "compiled_program_sha256": "sha256:0a3ee52b1fa73107143c6739eddc05803b26ea9cf3fef0d1f447ab6f6d3346a3",
replay	Execute all scale-sensitivity validation arms	2026-07-30T20:23:57.4376286Z     "input_scale_bits": 30,
replay	Execute all scale-sensitivity validation arms	2026-07-30T20:23:57.4376522Z     "poly_modulus_degree": 16384,
replay	Execute all scale-sensitivity validation arms	2026-07-30T20:23:57.4376749Z     "prime_bits": [
replay	Execute all scale-sensitivity validation arms	2026-07-30T20:23:57.4376924Z       60,
replay	Execute all scale-sensitivity validation arms	2026-07-30T20:23:57.4377080Z       60,
replay	Execute all scale-sensitivity validation arms	2026-07-30T20:23:57.4377226Z       60,
replay	Execute all scale-sensitivity validation arms	2026-07-30T20:23:57.4377379Z       60
replay	Execute all scale-sensitivity validation arms	2026-07-30T20:23:57.4377535Z     ]
replay	Execute all scale-sensitivity validation arms	2026-07-30T20:23:57.4377686Z   },
replay	Execute all scale-sensitivity validation arms	2026-07-30T20:23:57.4377916Z   "source_commit": "7c766677eeef7d0cfdf6d74e7b49b3e2b7b1f90f",
replay	Execute all scale-sensitivity validation arms	2026-07-30T20:23:57.4378226Z   "status": "PASS"
replay	Execute all scale-sensitivity validation arms	2026-07-30T20:23:57.4378407Z }
replay	Verify scale-sensitivity result	﻿2026-07-30T20:23:57.4492265Z ##[group]Run set -euo pipefail
replay	Verify scale-sensitivity result	2026-07-30T20:23:57.4492581Z [36;1mset -euo pipefail[0m
replay	Verify scale-sensitivity result	2026-07-30T20:23:57.4492901Z [36;1mpython3 scripts/verify_eva_native_scale_sensitivity.py \[0m
replay	Verify scale-sensitivity result	2026-07-30T20:23:57.4493303Z [36;1m  --result-root eva-native-scale-sensitivity[0m
replay	Verify scale-sensitivity result	2026-07-30T20:23:57.4549776Z shell: /usr/bin/bash --noprofile --norc -e -o pipefail {0}
replay	Verify scale-sensitivity result	2026-07-30T20:23:57.4550115Z ##[endgroup]
replay	Verify scale-sensitivity result	2026-07-30T20:23:57.5033204Z {
replay	Verify scale-sensitivity result	2026-07-30T20:23:57.5033702Z   "audit_status": "SAFE",
replay	Verify scale-sensitivity result	2026-07-30T20:23:57.5034619Z   "candidate_trials": 3,
replay	Verify scale-sensitivity result	2026-07-30T20:23:57.5035083Z   "outcome": "SELECTED_AUDIT_PASS",
replay	Verify scale-sensitivity result	2026-07-30T20:23:57.5035454Z   "paper_claim_allowed": false,
replay	Verify scale-sensitivity result	2026-07-30T20:23:57.5035783Z   "selected_scale": 30,
replay	Verify scale-sensitivity result	2026-07-30T20:23:57.5036399Z   "status": "PASS",
replay	Verify scale-sensitivity result	2026-07-30T20:23:57.5036704Z   "validation_key_runs": 9
replay	Verify scale-sensitivity result	2026-07-30T20:23:57.5036965Z }
replay	Upload scale-sensitivity artifact	﻿2026-07-30T20:23:57.5140646Z Node 20 is being deprecated. This workflow is running with Node 24 by default. If you need to temporarily use Node 20, you can set the ACTIONS_ALLOW_USE_UNSECURE_NODE_VERSION=true environment variable. For more information see: https://github.blog/changelog/2025-09-19-deprecation-of-node-20-on-github-actions-runners/
replay	Upload scale-sensitivity artifact	2026-07-30T20:23:57.5143051Z ##[group]Run actions/upload-artifact@ea165f8d65b6e75b540449e92b4886f43607fa02
replay	Upload scale-sensitivity artifact	2026-07-30T20:23:57.5143560Z with:
replay	Upload scale-sensitivity artifact	2026-07-30T20:23:57.5154360Z   name: eva-native-scale-sensitivity
replay	Upload scale-sensitivity artifact	2026-07-30T20:23:57.5154875Z   path: eva-native-scale-sensitivity
replay	Upload scale-sensitivity artifact	2026-07-30T20:23:57.5155325Z   if-no-files-found: error
replay	Upload scale-sensitivity artifact	2026-07-30T20:23:57.5155709Z   retention-days: 30
replay	Upload scale-sensitivity artifact	2026-07-30T20:23:57.5156283Z   compression-level: 6
replay	Upload scale-sensitivity artifact	2026-07-30T20:23:57.5156619Z   overwrite: false
replay	Upload scale-sensitivity artifact	2026-07-30T20:23:57.5156843Z   include-hidden-files: false
replay	Upload scale-sensitivity artifact	2026-07-30T20:23:57.5157086Z ##[endgroup]
replay	Upload scale-sensitivity artifact	2026-07-30T20:23:57.6892358Z (node:4876) [DEP0040] DeprecationWarning: The `punycode` module is deprecated. Please use a userland alternative instead.
replay	Upload scale-sensitivity artifact	2026-07-30T20:23:57.6893844Z (Use `node --trace-deprecation ...` to show where the warning was created)
replay	Upload scale-sensitivity artifact	2026-07-30T20:23:57.6997976Z With the provided path, there will be 10 files uploaded
replay	Upload scale-sensitivity artifact	2026-07-30T20:23:57.6998793Z Artifact name is valid!
replay	Upload scale-sensitivity artifact	2026-07-30T20:23:57.6999181Z Root directory input is valid!
replay	Upload scale-sensitivity artifact	2026-07-30T20:23:57.8495494Z Beginning upload of artifact content to blob storage
replay	Upload scale-sensitivity artifact	2026-07-30T20:23:57.8833280Z (node:4876) [DEP0169] DeprecationWarning: `url.parse()` behavior is not standardized and prone to errors that have security implications. Use the WHATWG URL API instead. CVEs are not issued for `url.parse()` vulnerabilities.
replay	Upload scale-sensitivity artifact	2026-07-30T20:23:57.9099245Z Uploaded bytes 18840
replay	Upload scale-sensitivity artifact	2026-07-30T20:23:57.9221030Z Finished uploading artifact content to blob storage!
replay	Upload scale-sensitivity artifact	2026-07-30T20:23:57.9221903Z SHA256 digest of uploaded artifact zip is cc1f1620cafac931cb14d5e6df58d0f432305823c4e53c8ad9a0147a20e9c5e8
replay	Upload scale-sensitivity artifact	2026-07-30T20:23:57.9224604Z Finalizing artifact upload
replay	Upload scale-sensitivity artifact	2026-07-30T20:23:58.0789797Z Artifact eva-native-scale-sensitivity.zip successfully finalized. Artifact ID 8773834426
replay	Upload scale-sensitivity artifact	2026-07-30T20:23:58.0791324Z Artifact eva-native-scale-sensitivity has been successfully uploaded! Final size is 18840 bytes. Artifact ID is 8773834426
replay	Upload scale-sensitivity artifact	2026-07-30T20:23:58.0797930Z Artifact download URL: https://github.com/hasslelee/flipguard/actions/runs/30578837843/artifacts/8773834426
replay	Post Check out exact FlipGuard source	﻿2026-07-30T20:23:58.1008077Z Post job cleanup.
replay	Post Check out exact FlipGuard source	2026-07-30T20:23:58.1887316Z [command]/usr/bin/git version
replay	Post Check out exact FlipGuard source	2026-07-30T20:23:58.1931214Z git version 2.54.0
replay	Post Check out exact FlipGuard source	2026-07-30T20:23:58.2003871Z Temporarily overriding HOME='/home/runner/work/_temp/e025e1bc-760a-4345-9b91-13fafd0da8c1' before making global git config changes
replay	Post Check out exact FlipGuard source	2026-07-30T20:23:58.2005217Z Adding repository directory to the temporary git global config as a safe directory
replay	Post Check out exact FlipGuard source	2026-07-30T20:23:58.2010924Z [command]/usr/bin/git config --global --add safe.directory /home/runner/work/flipguard/flipguard
replay	Post Check out exact FlipGuard source	2026-07-30T20:23:58.2053679Z [command]/usr/bin/git config --local --name-only --get-regexp core\.sshCommand
replay	Post Check out exact FlipGuard source	2026-07-30T20:23:58.2093300Z [command]/usr/bin/git submodule foreach --recursive sh -c "git config --local --name-only --get-regexp 'core\.sshCommand' && git config --local --unset-all 'core.sshCommand' || :"
replay	Post Check out exact FlipGuard source	2026-07-30T20:23:58.2374839Z [command]/usr/bin/git config --local --name-only --get-regexp http\.https\:\/\/github\.com\/\.extraheader
replay	Post Check out exact FlipGuard source	2026-07-30T20:23:58.2417677Z [command]/usr/bin/git submodule foreach --recursive sh -c "git config --local --name-only --get-regexp 'http\.https\:\/\/github\.com\/\.extraheader' && git config --local --unset-all 'http.https://github.com/.extraheader' || :"
replay	Post Check out exact FlipGuard source	2026-07-30T20:23:58.2702981Z [command]/usr/bin/git config --local --name-only --get-regexp ^includeIf\.gitdir:
replay	Post Check out exact FlipGuard source	2026-07-30T20:23:58.2739988Z [command]/usr/bin/git submodule foreach --recursive git config --local --show-origin --name-only --get-regexp remote.origin.url
replay	Complete job	﻿2026-07-30T20:23:58.3174211Z Cleaning up orphan processes
replay	Complete job	2026-07-30T20:23:58.3529423Z ##[warning]Node.js 20 is deprecated. The following actions target Node.js 20 but are being forced to run on Node.js 24: actions/upload-artifact@ea165f8d65b6e75b540449e92b4886f43607fa02. For more information see: https://github.blog/changelog/2025-09-19-deprecation-of-node-20-on-github-actions-runners/
