metric,value
polynomial_decision_match_rate,1.000000000000
raw_accuracy,0.840000000000
raw_auc,0.921614745836
raw_f1,0.833333333333
test_samples,500.000000000000
test_scaled_logit_max,0.778026698755
test_scaled_logit_max_abs,0.778026698755
test_scaled_logit_min,-0.456641581747
train_samples,2000.000000000000
