metric,value
polynomial_decision_match_rate,1.000000000000
raw_accuracy,0.978155339806
raw_auc,0.999856825829
raw_f1,0.976000000000
test_samples,412.000000000000
test_scaled_logit_max,0.610784670268
test_scaled_logit_max_abs,0.899637596963
test_scaled_logit_min,-0.899637596963
train_samples,960.000000000000
