metric,value
polynomial_decision_match_rate,1.000000000000
raw_accuracy,0.868518518519
raw_auc,0.937376536435
raw_f1,0.864761904762
test_samples,540.000000000000
test_scaled_logit_max,0.592966950805
test_scaled_logit_max_abs,0.592966950805
test_scaled_logit_min,-0.355358461792
train_samples,1257.000000000000
